paragraph_index,original_iast,aksharamukha_output,sanscript_output
2,"tasmai sva-lokaṁ [bhā.pu. 2.9.9] ity ādi | atra śuddha-sattva-vicāre, sattvaṁ rajas tamaḥ [bhā.pu. 12.8.45] ity ādi-mārkaṇḍeya-vākya-dvaye kecid anyathā vyācakṣata ity atra prāha—arthāntare iti | tad yathā—","तस्मै स्वलोकं [भा.पु. २.९.९] इत्य् आदि । अत्र शुद्धसत्त्वविचारे, सत्त्वं रजस् तमः [भा.पु. १२.८.४५] इत्य् आदिमार्कण्डेयवाक्यद्वये केचिद् अन्यथा व्याचक्षत इत्य् अत्र प्राह—अर्थान्तरे इति । तद् यथा—","तस्मै स्वलोकꣳ [भा.पु. २.९.९] इत्य् आदि । अत्र शुद्धसत्त्वविचारे, सत्त्वꣳ रजस् तमः [भा.पु. १२.८.४५] इत्य् आदिमार्कण्डेयवाक्यद्वये केचिद् अन्यथा व्याचक्षत इत्य् अत्र प्राह—अर्थान्तरे इति । तद् यथा—"
4,"tad eva sad-ācāreṇa draḍhayati—tasmād iti | he bhagavan ! tava śuklāṁ tanuṁ śrī-nārāyaṇākhyām | atha tāvakānāṁ ca śuklāṁ tanuṁ narākhyām | yad yasmāt sātvatāḥ sattvam eva puruṣasyeśvarasya rūpam uśanti manyante, na tv anyad rajas tamaś ceti | atra hetuḥ, yataḥ sattvāl loko vaikuṇṭḥākhyo lokatve saty apy abhayaṁ ca bhoge saty apy ātma-sukhaṁ ca | [bhā.dī. 12.8.45-46] ity eṣā ||","तद् एव सदाचारेण द्रढयति—तस्माद् इति । हे भगवन् ! तव शुक्लां तनुं श्रीनारायणाख्याम् । अथ तावकानां च शुक्लां तनुं नराख्याम् । यद् यस्मात् सात्वताः सत्त्वम् एव पुरुषस्येश्वरस्य रूपम् उशन्ति मन्यन्ते, न त्व् अन्यद् रजस् तमश् चेति । अत्र हेतुः, यतः सत्त्वाल् लोको वैकुण्ट्ःआख्यो लोकत्वे सत्य् अप्य् अभयं च भोगे सत्य् अप्य् आत्मसुखं च । [भा.दी. १२.८.४५-४६] इत्य् एषा ॥","तद् एव सदाचारेण द्रढयति—तस्माद् इति । हे भगवन् ! तव शुक्लाꣳ तनुꣳ श्रीनारायणाख्याम् । अथ तावकानाꣳ च शुक्लाꣳ तनुꣳ नराख्याम् । यद् यस्मात् सात्वताः सत्त्वम् एव पुरुषस्येश्वरस्य रूपम् उशन्ति मन्यन्ते, न त्व् अन्यद् रजस् तमश् चेति । अत्र हेतुः, यतः सत्त्वाल् लोको वैकुण्ट्ःआख्यो लोकत्वे सत्य् अप्य् अभयꣳ च भोगे सत्य् अप्य् आत्मसुखꣳ च । [भा.दी. १२.८.४५-४६] इत्य् एषा ॥"
6,"atha śrī-bhagavad-āvirbhāve dvitīya-skandha-prakaraṇa-samāptāv asya vākyasya cūrṇikātaḥ prāg idaṁ vicāryam | tatrādvaita-vādina evaṁ vadanti—sajātīya-vijātīya-svagata-bheda-rahitaṁ jñānam eva paraṁ tattvam iti | vadanti [bhā.pu. 1.2.11] ity ādāv advaya-padena labhyate, tac ca bhāva-sādhanam | tarhy eva tasyādvaya-viśeṣa-labdhena sajātīyādi-bheda-rāhityenānantatvaṁ satyam upapadyate | anyathā kāraka-sādhane jñeya-jñāna-tat-sādhanaiḥ pravibhāge sāntatvam eva syāt | tathā kartṛ-sādhane jñānasya kartṛtayā vikriyamāṇasya karaṇādi-sādhane ca vāsyādivad jaḍatayā pratipannasyāsatyatvam eva ca syāt | tasmāj jñapty-avabodha-paryāyaṁ taj jñānaṁ nāma tattvaṁ śaktimad iti na yujyate | ","अथ श्रीभगवदाविर्भावे द्वितीयस्कन्धप्रकरणसमाप्ताव् अस्य वाक्यस्य चूर्णिकातः प्राग् इदं विचार्यम् । तत्राद्वैतवादिन एवं वदन्ति—सजातीयविजातीयस्वगतभेदरहितं ज्ञानम् एव परं तत्त्वम् इति । वदन्ति [भा.पु. १.२.११] इत्य् आदाव् अद्वयपदेन लभ्यते, तच् च भावसाधनम् । तर्ह्य् एव तस्याद्वयविशेषलब्धेन सजातीयादिभेदराहित्येनानन्तत्वं सत्यम् उपपद्यते । अन्यथा कारकसाधने ज्ञेयज्ञानतत्साधनैः प्रविभागे सान्तत्वम् एव स्यात् । तथा कर्तृसाधने ज्ञानस्य कर्तृतया विक्रियमाणस्य करणादिसाधने च वास्यादिवद् जडतया प्रतिपन्नस्यासत्यत्वम् एव च स्यात् । तस्माज् ज्ञप्त्यवबोधपर्यायं तज् ज्ञानं नाम तत्त्वं शक्तिमद् इति न युज्यते । ","अथ श्रीभगवदाविर्भावे द्वितीयस्कन्धप्रकरणसमाप्ताव् अस्य वाक्यस्य चूर्णिकातः प्राग् इदꣳ विचार्यम् । तत्राद्वैतवादिन एवꣳ वदन्ति—सजातीयविजातीयस्वगतभेदरहितꣳ ज्ञानम् एव परꣳ तत्त्वम् इति । वदन्ति [भा.पु. १.२.११] इत्य् आदाव् अद्वयपदेन लभ्यते, तच् च भावसाधनम् । तर्ह्य् एव तस्याद्वयविशेषलब्धेन सजातीयादिभेदराहित्येनानन्तत्वꣳ सत्यम् उपपद्यते । अन्यथा कारकसाधने ज्ञेयज्ञानतत्साधनैः प्रविभागे सान्तत्वम् एव स्यात् । तथा कर्तृसाधने ज्ञानस्य कर्तृतया विक्रियमाणस्य करणादिसाधने च वास्यादिवद् जडतया प्रतिपन्नस्यासत्यत्वम् एव च स्यात् । तस्माज् ज्ञप्त्यवबोधपर्यायꣳ तज् ज्ञानꣳ नाम तत्त्वꣳ शक्तिमद् इति न युज्यते । "
7,svarūpa-bhūtayaiva śaktyā yujyate iti cet ka svit svarūpa-śaktiḥ ? sā ca kiṁ tad-atiriktānatirktā vā ? ādye kathaṁ svarūpatvaṁ ? antye ca kathaṁ śaktitvaṁ ? ,स्वरूपभूतयैव शक्त्या युज्यते इति चेत् क स्वित् स्वरूपशक्तिः ? सा च किं तदतिरिक्तानतिर्क्ता वा ? आद्ये कथं स्वरूपत्वं ? अन्त्ये च कथं शक्तित्वं ? ,स्वरूपभूतयैव शक्त्या युज्यते इति चेत् क स्वित् स्वरूपशक्तिः ? सा च किꣳ तदतिरिक्तानतिर्क्ता वा ? आद्ये कथꣳ स्वरूपत्वꣳ ? अन्त्ये च कथꣳ शक्तित्वꣳ ? 
8,"atha sādhitāyāṁ ca bhedena svarūpa-śaktyāṁ tasyāḥ kathaṁ ṣaḍguṇātmaka-bhaga-mayatvaṁ, yena tad bhagavān iti śabdyate ? tasya tattvasya jñāna-mātra-svarūpatvāt sāpi jñānaika-svarūpaiva bhavitum arhati | tataś ca tad-vilāsasya nānātvaṁ na sambhavati | katham api nānātve ca īśitādi-lakṣaṇa-kriyā-guṇatvaṁ tasyā na yujyata eva |","अथ साधितायां च भेदेन स्वरूपशक्त्यां तस्याः कथं षड्गुणात्मकभगमयत्वं, येन तद् भगवान् इति शब्द्यते ? तस्य तत्त्वस्य ज्ञानमात्रस्वरूपत्वात् सापि ज्ञानैकस्वरूपैव भवितुम् अर्हति । ततश् च तद्विलासस्य नानात्वं न सम्भवति । कथम् अपि नानात्वे च ईशितादिलक्षणक्रियागुणत्वं तस्या न युज्यत एव ।","अथ साधितायाꣳ च भेदेन स्वरूपशक्त्याꣳ तस्याः कथꣳ षड्गुणात्मकभगमयत्वꣳ, येन तद् भगवान् इति शब्द्यते ? तस्य तत्त्वस्य ज्ञानमात्रस्वरूपत्वात् सापि ज्ञानैकस्वरूपैव भवितुम् अर्हति । ततश् च तद्विलासस्य नानात्वꣳ न सम्भवति । कथम् अपि नानात्वे च ईशितादिलक्षणक्रियागुणत्वꣳ तस्या न युज्यत एव ।"
9,"kiṁ ca nīla-pītādy-ākāratvaṁ paricchinnatvaṁ ca tasya niṣiddham | samprati tu tat-tad-varṇa-tāpa-vicchinna-caturbhujādy-ākāratā ca katham asyāṅgīkṛtā ? api ca tat-paricchadānāṁ dravya-viśeṣaṇatvāt, vaikuṇṭhasya loka-viśeṣatvāt, tatratya-janānāṁ ca jīva-viśeṣatvāt kathaṁ tad-ādīnāṁ tādṛśatvaṁ ? tad evaṁ tasya tattvasya punar api tat-tad-avasthā svīkāre hasti-snānam iva sarvaṁ jātam | tasmād yā śaktiḥ kāryānyathānupapattyā pratīyate, sā tattvātattvābhyām anirvacanīyatvena mithyaiva, na tu svarūpa-bhūtā | tan-mayaṁ ca bhagādikam atropalakṣaṇam eveti | jahad-ajahal-lakṣaṇaiva tenādvaya-jñānena bhagavataḥ sāmānādhikaraṇyaṁ yuktam iti |","किं च नीलपीताद्याकारत्वं परिच्छिन्नत्वं च तस्य निषिद्धम् । सम्प्रति तु तत्तद्वर्णतापविच्छिन्नचतुर्भुजाद्याकारता च कथम् अस्याङ्गीकृता ? अपि च तत्परिच्छदानां द्रव्यविशेषणत्वात्, वैकुण्ठस्य लोकविशेषत्वात्, तत्रत्यजनानां च जीवविशेषत्वात् कथं तदादीनां तादृशत्वं ? तद् एवं तस्य तत्त्वस्य पुनर् अपि तत्तदवस्था स्वीकारे हस्तिस्नानम् इव सर्वं जातम् । तस्माद् या शक्तिः कार्यान्यथानुपपत्त्या प्रतीयते, सा तत्त्वातत्त्वाभ्याम् अनिर्वचनीयत्वेन मिथ्यैव, न तु स्वरूपभूता । तन्मयं च भगादिकम् अत्रोपलक्षणम् एवेति । जहदजहल्लक्षणैव तेनाद्वयज्ञानेन भगवतः सामानाधिकरण्यं युक्तम् इति ।","किꣳ च नीलपीताद्याकारत्वꣳ परिच्छिन्नत्वꣳ च तस्य निषिद्धम् । सम्प्रति तु तत्तद्वर्णतापविच्छिन्नचतुर्भुजाद्याकारता च कथम् अस्याङ्गीकृता ? अपि च तत्परिच्छदानाꣳ द्रव्यविशेषणत्वात्, वैकुण्ठस्य लोकविशेषत्वात्, तत्रत्यजनानाꣳ च जीवविशेषत्वात् कथꣳ तदादीनाꣳ तादृशत्वꣳ ? तद् एवꣳ तस्य तत्त्वस्य पुनर् अपि तत्तदवस्था स्वीकारे हस्तिस्नानम् इव सर्वꣳ जातम् । तस्माद् या शक्तिः कार्यान्यथानुपपत्त्या प्रतीयते, सा तत्त्वातत्त्वाभ्याम् अनिर्वचनीयत्वेन मिथ्यैव, न तु स्वरूपभूता । तन्मयꣳ च भगादिकम् अत्रोपलक्षणम् एवेति । जहदजहल्लक्षणैव तेनाद्वयज्ञानेन भगवतः सामानाधिकरण्यꣳ युक्तम् इति ।"
10,"śrī-vaiṣṇavās tv evaṁ vadanti—bhāva-svarūpasyaiva tasya tattvasya gale-gṛhīta-nyāyena svarūpa-śaktis tāvad avaśyam eva tair apy aṅgīkāryā, jagad-ādi-kārya-darśanena tasyā avaśyambhāvāt kaivalye ca doṣāpatter iti | ","श्रीवैष्णवास् त्व् एवं वदन्ति—भावस्वरूपस्यैव तस्य तत्त्वस्य गलेगृहीतन्यायेन स्वरूपशक्तिस् तावद् अवश्यम् एव तैर् अप्य् अङ्गीकार्या, जगदादिकार्यदर्शनेन तस्या अवश्यम्भावात् कैवल्ये च दोषापत्तेर् इति । ","श्रीवैष्णवास् त्व् एवꣳ वदन्ति—भावस्वरूपस्यैव तस्य तत्त्वस्य गलेगृहीतन्यायेन स्वरूपशक्तिस् तावद् अवश्यम् एव तैर् अप्य् अङ्गीकार्या, जगदादिकार्यदर्शनेन तस्या अवश्यम्भावात् कैवल्ये च दोषापत्तेर् इति । "
11,"tathā hi, śaktir nāma kāryānyathānupapatti-siddhau vastuno dharma-viśeṣaḥ | sā tu sarvān upādāne nimitte ca kāraṇe svarūpa-bhūtaiva mantavyā, kārya-viśeṣotpattau tat-kāraṇatvena vastu-viśeṣa-svīkārānarthakya-prasaṅgāt | vivarte’pi rajatādi-sphūrtāv adhiṣṭhānaṁ śukty-ādikam evāṅgīkriyate, na cāṅārādi | prastute’pi brahmaṇa eva jagad-adhiṣṭhānatvaṁ, na tv anyasyeti, tathaiva svarūpa-śaktitvaṁ viditam |","तथा हि, शक्तिर् नाम कार्यान्यथानुपपत्तिसिद्धौ वस्तुनो धर्मविशेषः । सा तु सर्वान् उपादाने निमित्ते च कारणे स्वरूपभूतैव मन्तव्या, कार्यविशेषोत्पत्तौ तत्कारणत्वेन वस्तुविशेषस्वीकारानर्थक्यप्रसङ्गात् । विवर्तेऽपि रजतादिस्फूर्ताव् अधिष्ठानं शुक्त्यादिकम् एवाङ्गीक्रियते, न चाङारादि । प्रस्तुतेऽपि ब्रह्मण एव जगदधिष्ठानत्वं, न त्व् अन्यस्येति, तथैव स्वरूपशक्तित्वं विदितम् ।","तथा हि, शक्तिर् नाम कार्यान्यथानुपपत्तिसिद्धौ वस्तुनो धर्मविशेषः । सा तु सर्वान् उपादाने निमित्ते च कारणे स्वरूपभूतैव मन्तव्या, कार्यविशेषोत्पत्तौ तत्कारणत्वेन वस्तुविशेषस्वीकारानर्थक्यप्रसङ्गात् । विवर्तेऽपि रजतादिस्फूर्ताव् अधिष्ठानꣳ शुक्त्यादिकम् एवाङ्गीक्रियते, न चाङारादि । प्रस्तुतेऽपि ब्रह्मण एव जगदधिष्ठानत्वꣳ, न त्व् अन्यस्येति, तथैव स्वरूपशक्तित्वꣳ विदितम् ।"
12,"kiṁ ca, tad-rūpe vivarte brahmaṇaḥ kiñcit-karatvam asti nāsti vā ? nāsti cet, ajñānenaiva vivartatāṁ, kiṁ tad atirikta-tad-aṅgīkāreṇa ? asti cet, āyātā tasya jñānāśrayasya śuddhasyaiva śaktiḥ | evaṁ cādvaita-śārīraka-kṛtāpy uktaṁ—","किं च, तद्रूपे विवर्ते ब्रह्मणः किञ्चित्करत्वम् अस्ति नास्ति वा ? नास्ति चेत्, अज्ञानेनैव विवर्ततां, किं तद् अतिरिक्ततदङ्गीकारेण ? अस्ति चेत्, आयाता तस्य ज्ञानाश्रयस्य शुद्धस्यैव शक्तिः । एवं चाद्वैतशारीरककृताप्य् उक्तं—","किꣳ च, तद्रूपे विवर्ते ब्रह्मणः किञ्चित्करत्वम् अस्ति नास्ति वा ? नास्ति चेत्, अज्ञानेनैव विवर्तताꣳ, किꣳ तद् अतिरिक्ततदङ्गीकारेण ? अस्ति चेत्, आयाता तस्य ज्ञानाश्रयस्य शुद्धस्यैव शक्तिः । एवꣳ चाद्वैतशारीरककृताप्य् उक्तꣳ—"
13,"śaktiś ca kāraṇasya kārya-niyamārthā kalpyamānā nānyā asatī vā kāryaṁ niyacchet, asattvāviśeṣād anyatvāviśeṣāc ca | tasmāt kāraṇasyātma-bhūtā śaktiḥ, śakteś cātma-bhūtaṁ kāryam | [śaṅkara-bhāṣya 2.3.18] iti | ","शक्तिश् च कारणस्य कार्यनियमार्था कल्प्यमाना नान्या असती वा कार्यं नियच्छेत्, असत्त्वाविशेषाद् अन्यत्वाविशेषाच् च । तस्मात् कारणस्यात्मभूता शक्तिः, शक्तेश् चात्मभूतं कार्यम् । [शङ्करभाष्य २.३.१८] इति । ","शक्तिश् च कारणस्य कार्यनियमार्था कल्प्यमाना नान्या असती वा कार्यꣳ नियच्छेत्, असत्त्वाविशेषाद् अन्यत्वाविशेषाच् च । तस्मात् कारणस्यात्मभूता शक्तिः, शक्तेश् चात्मभूतꣳ कार्यम् । [शङ्करभाष्य २.३.१८] इति । "
14,"kiṁ ca, yatra caitanyaṁ tatraivājñānam iti niyama-darśanena tat-sattāpi tata eveti paryavasānāt tasyāḥ sphorakatā-liṅgena svarūpa-śakti-rūpo labhyate ||","किं च, यत्र चैतन्यं तत्रैवाज्ञानम् इति नियमदर्शनेन तत्सत्तापि तत एवेति पर्यवसानात् तस्याः स्फोरकतालिङ्गेन स्वरूपशक्तिरूपो लभ्यते ॥","किꣳ च, यत्र चैतन्यꣳ तत्रैवाज्ञानम् इति नियमदर्शनेन तत्सत्तापि तत एवेति पर्यवसानात् तस्याः स्फोरकतालिङ्गेन स्वरूपशक्तिरूपो लभ्यते ॥"
15,ata eva kasmād ucyate brahma “bṛṁhati bṛṁhayati ca” iti | bṛhattvād bṛṁhaṇatvāc ca yad brahma paramaṁ viduḥ iti viṣṇu-purāṇaṁ ca bṛṁhaṇatvena śaktimattvaṁ darśayati | tat-sannidhāna-balenaiva tathātathā-bhāve’nyeṣām aṅgīkṛte’pi śaktir eva paryavasyatīti |,अत एव कस्माद् उच्यते ब्रह्म “बृंहति बृंहयति च” इति । बृहत्त्वाद् बृंहणत्वाच् च यद् ब्रह्म परमं विदुः इति विष्णुपुराणं च बृंहणत्वेन शक्तिमत्त्वं दर्शयति । तत्सन्निधानबलेनैव तथातथाभावेऽन्येषाम् अङ्गीकृतेऽपि शक्तिर् एव पर्यवस्यतीति ।,अत एव कस्माद् उच्यते ब्रह्म “बृꣳहति बृꣳहयति च” इति । बृहत्त्वाद् बृꣳहणत्वाच् च यद् ब्रह्म परमꣳ विदुः इति विष्णुपुराणꣳ च बृꣳहणत्वेन शक्तिमत्त्वꣳ दर्शयति । तत्सन्निधानबलेनैव तथातथाभावेऽन्येषाम् अङ्गीकृतेऽपि शक्तिर् एव पर्यवस्यतीति ।
16,pravṛtteś ca [ve.sū. 2.2.2] ity atrādvaita-śārīraka-kṛtāpi—,प्रवृत्तेश् च [वे।सू। २।२।२] इत्य् अत्राद्वैतशारीरककृतापि—,प्रवृत्तेश् च [वे.सू. २.२.२] इत्य् अत्राद्वैतशारीरककृतापि—
17,"nanu tava dehādi-saṁyuktasyāpy ātmano vijñāna-svarūpa-mātravyatirekeṇa pravṛtty-anupapatter anupapannaṁ pravartakatvam iti cet, na | ayaskāntavad rūpādivac ca pravṛtti-rahitasyāpi pravartakatvopapatteḥ || iti |","ननु तव देहादिसंयुक्तस्याप्य् आत्मनो विज्ञानस्वरूपमात्रव्यतिरेकेण प्रवृत्त्यनुपपत्तेर् अनुपपन्नं प्रवर्तकत्वम् इति चेत्, न । अयस्कान्तवद् रूपादिवच् च प्रवृत्तिरहितस्यापि प्रवर्तकत्वोपपत्तेः ॥ इति ।","ननु तव देहादिसꣳयुक्तस्याप्य् आत्मनो विज्ञानस्वरूपमात्रव्यतिरेकेण प्रवृत्त्यनुपपत्तेर् अनुपपन्नꣳ प्रवर्तकत्वम् इति चेत्, न । अयस्कान्तवद् रूपादिवच् च प्रवृत्तिरहितस्यापि प्रवर्तकत्वोपपत्तेः ॥ इति ।"
18,"nanu yena jagad-rūpeṇa kāryeṇa yad ajñānam aṅgīkriyate, vastutas tayor dvayor apy asattvāt tat-pravartakādi-lakṣitā śaktir api brahmaṇo nāsty eveti cet ? na, tathā ca sati jagaj-janmādi-lakṣitasya tasyāpy asattva-prasaṅgaḥ | sati ca tasminn ajñāna-tat-kāryātiriktatvena svarūpa-bhūtāyās tathā sthiti-durnivāraiva virodhino’sattvāt | sa hi savitṛ-prakāśaḥ prakāśya-nāśe naśyati | savitaiva tiṣṭhatīti yuktaṁ, tathārdha-kukkuṭīvad upahāsyaṁ cedaṁ syād iti |","ननु येन जगद्रूपेण कार्येण यद् अज्ञानम् अङ्गीक्रियते, वस्तुतस् तयोर् द्वयोर् अप्य् असत्त्वात् तत्प्रवर्तकादिलक्षिता शक्तिर् अपि ब्रह्मणो नास्त्य् एवेति चेत् ? न, तथा च सति जगज्जन्मादिलक्षितस्य तस्याप्य् असत्त्वप्रसङ्गः । सति च तस्मिन्न् अज्ञानतत्कार्यातिरिक्तत्वेन स्वरूपभूतायास् तथा स्थितिदुर्निवारैव विरोधिनोऽसत्त्वात् । स हि सवितृप्रकाशः प्रकाश्यनाशे नश्यति । सवितैव तिष्ठतीति युक्तं, तथार्धकुक्कुटीवद् उपहास्यं चेदं स्याद् इति ।","ननु येन जगद्रूपेण कार्येण यद् अज्ञानम् अङ्गीक्रियते, वस्तुतस् तयोर् द्वयोर् अप्य् असत्त्वात् तत्प्रवर्तकादिलक्षिता शक्तिर् अपि ब्रह्मणो नास्त्य् एवेति चेत् ? न, तथा च सति जगज्जन्मादिलक्षितस्य तस्याप्य् असत्त्वप्रसङ्गः । सति च तस्मिन्न् अज्ञानतत्कार्यातिरिक्तत्वेन स्वरूपभूतायास् तथा स्थितिदुर्निवारैव विरोधिनोऽसत्त्वात् । स हि सवितृप्रकाशः प्रकाश्यनाशे नश्यति । सवितैव तिष्ठतीति युक्तꣳ, तथार्धकुक्कुटीवद् उपहास्यꣳ चेदꣳ स्याद् इति ।"
21,tathā tadīya-sahasra-nāma-bhāṣye—svarūpa-sāmarthyena na cyuto na cyavate na cyaviṣyata ity acyutaḥ | śāśvataṁ śivam acyutam iti śruter iti |,तथा तदीयसहस्रनामभाष्ये—स्वरूपसामर्थ्येन न च्युतो न च्यवते न च्यविष्यत इत्य् अच्युतः । शाश्वतं शिवम् अच्युतम् इति श्रुतेर् इति ।,तथा तदीयसहस्रनामभाष्ये—स्वरूपसामर्थ्येन न च्युतो न च्यवते न च्यविष्यत इत्य् अच्युतः । शाश्वतꣳ शिवम् अच्युतम् इति श्रुतेर् इति ।
22,"tasmād vastunaḥ śaktiḥ kārya-pūrvottara-kāle’pi mantrāder ivāsty eva, kārya-kālaṁ prāpya tu vyaktībhavatīty eva viśeṣaḥ | tad brahmaṇo’pi bhaviṣyati | evam advaita-śārīrake’py uktam— viṣayābhāvād iyam acetayamānatā, na caitanyābhāvād iti [śāṅkara-bhāṣya 2.3.18] iti |","तस्माद् वस्तुनः शक्तिः कार्यपूर्वोत्तरकालेऽपि मन्त्रादेर् इवास्त्य् एव, कार्यकालं प्राप्य तु व्यक्तीभवतीत्य् एव विशेषः । तद् ब्रह्मणोऽपि भविष्यति । एवम् अद्वैतशारीरकेऽप्य् उक्तम्— विषयाभावाद् इयम् अचेतयमानता, न चैतन्याभावाद् इति [शाङ्करभाष्य २.३.१८] इति ।","तस्माद् वस्तुनः शक्तिः कार्यपूर्वोत्तरकालेऽपि मन्त्रादेर् इवास्त्य् एव, कार्यकालꣳ प्राप्य तु व्यक्तीभवतीत्य् एव विशेषः । तद् ब्रह्मणोऽपि भविष्यति । एवम् अद्वैतशारीरकेऽप्य् उक्तम्— विषयाभावाद् इयम् अचेतयमानता, न चैतन्याभावाद् इति [शाङ्करभाष्य २.३.१८] इति ।"
23,"kiṁ ca, śakter apy utpatti-nāśābhyupagame kāryatvam eva syāt, na tu kāraṇatvam | tatas tasyāḥ svarūpa-hāniś ca | kiṁ ca, jñānavad āśrayam ajñānaṁ sambhavati, na jñāna-mātrāśrayam iti | tenaivājñānena tad-vilakṣaṇa-jñānam api tatrāvaśyaṁ bhavet ity ato’pi tatra bhavec chaktiḥ |","किं च, शक्तेर् अप्य् उत्पत्तिनाशाभ्युपगमे कार्यत्वम् एव स्यात्, न तु कारणत्वम् । ततस् तस्याः स्वरूपहानिश् च । किं च, ज्ञानवद् आश्रयम् अज्ञानं सम्भवति, न ज्ञानमात्राश्रयम् इति । तेनैवाज्ञानेन तद्विलक्षणज्ञानम् अपि तत्रावश्यं भवेत् इत्य् अतोऽपि तत्र भवेच् छक्तिः ।","किꣳ च, शक्तेर् अप्य् उत्पत्तिनाशाभ्युपगमे कार्यत्वम् एव स्यात्, न तु कारणत्वम् । ततस् तस्याः स्वरूपहानिश् च । किꣳ च, ज्ञानवद् आश्रयम् अज्ञानꣳ सम्भवति, न ज्ञानमात्राश्रयम् इति । तेनैवाज्ञानेन तद्विलक्षणज्ञानम् अपि तत्रावश्यꣳ भवेत् इत्य् अतोऽपि तत्र भवेच् छक्तिः ।"
24,"api ca, cin-mātra-brahma-vyatirikta-kṛtsna-niṣedha-viṣaya-jñānasya ko’yaṁ jñānī ? adhyāsa-svarūpa eveti cet, na, tasya niṣedhyatayā nivartaka-jñāna-karmatvāt kartṛtvānupapatteḥ | brahma-svarūpam eveti cet, brahmaṇo nivartaka-jñānaṁ prati jñātṛtvaṁ kiṁ svarūpam utādhyāstaṁ ? adhyastaṁ cet, ayam adhyāsas tan-mūlāvidyāntaraṁ ca nivartaka-jñānāpekṣayā tiṣṭhaty eva, nivartaka-jñānāntarābhyupagame tasyāpi nirūpatvāt jñātr-apekṣayānavasthā syāt, jñātṛtvasya brahma-svarūpatve asmadīya eva pakṣaḥ parigṛhītaḥ syāt |","अपि च, चिन्मात्रब्रह्मव्यतिरिक्तकृत्स्ननिषेधविषयज्ञानस्य कोऽयं ज्ञानी ? अध्यासस्वरूप एवेति चेत्, न, तस्य निषेध्यतया निवर्तकज्ञानकर्मत्वात् कर्तृत्वानुपपत्तेः । ब्रह्मस्वरूपम् एवेति चेत्, ब्रह्मणो निवर्तकज्ञानं प्रति ज्ञातृत्वं किं स्वरूपम् उताध्यास्तं ? अध्यस्तं चेत्, अयम् अध्यासस् तन्मूलाविद्यान्तरं च निवर्तकज्ञानापेक्षया तिष्ठत्य् एव, निवर्तकज्ञानान्तराभ्युपगमे तस्यापि निरूपत्वात् ज्ञात्रपेक्षयानवस्था स्यात्, ज्ञातृत्वस्य ब्रह्मस्वरूपत्वे अस्मदीय एव पक्षः परिगृहीतः स्यात् ।","अपि च, चिन्मात्रब्रह्मव्यतिरिक्तकृत्स्ननिषेधविषयज्ञानस्य कोऽयꣳ ज्ञानी ? अध्यासस्वरूप एवेति चेत्, न, तस्य निषेध्यतया निवर्तकज्ञानकर्मत्वात् कर्तृत्वानुपपत्तेः । ब्रह्मस्वरूपम् एवेति चेत्, ब्रह्मणो निवर्तकज्ञानꣳ प्रति ज्ञातृत्वꣳ किꣳ स्वरूपम् उताध्यास्तꣳ ? अध्यस्तꣳ चेत्, अयम् अध्यासस् तन्मूलाविद्यान्तरꣳ च निवर्तकज्ञानापेक्षया तिष्ठत्य् एव, निवर्तकज्ञानान्तराभ्युपगमे तस्यापि निरूपत्वात् ज्ञात्रपेक्षयानवस्था स्यात्, ज्ञातृत्वस्य ब्रह्मस्वरूपत्वे अस्मदीय एव पक्षः परिगृहीतः स्यात् ।"
25,"kiṁ ca, nityaṁ jñānam eva sarva-sphūrtau kāraṇam iti—tathā-bhūtasya jñānasya kenāpy aprameyatvāt, pramāṇair anyāpohatve’pi nikṛṣṭa-vastv-asparśena śūnya-pratīti-mātrasyānarhatvāt vivekāvasthāyāṁ yat tasyāstitvena pratyayanaṁ tat pāriśeṣya-pramāṇena svayam eva bhaved iti cāsty eva tādṛśī śaktiḥ | kaivalye tu sā nirāvaraṇā bhaviṣyatīti yuktyā labhyate | ","किं च, नित्यं ज्ञानम् एव सर्वस्फूर्तौ कारणम् इति—तथाभूतस्य ज्ञानस्य केनाप्य् अप्रमेयत्वात्, प्रमाणैर् अन्यापोहत्वेऽपि निकृष्टवस्त्वस्पर्शेन शून्यप्रतीतिमात्रस्यानर्हत्वात् विवेकावस्थायां यत् तस्यास्तित्वेन प्रत्ययनं तत् पारिशेष्यप्रमाणेन स्वयम् एव भवेद् इति चास्त्य् एव तादृशी शक्तिः । कैवल्ये तु सा निरावरणा भविष्यतीति युक्त्या लभ्यते । ","किꣳ च, नित्यꣳ ज्ञानम् एव सर्वस्फूर्तौ कारणम् इति—तथाभूतस्य ज्ञानस्य केनाप्य् अप्रमेयत्वात्, प्रमाणैर् अन्यापोहत्वेऽपि निकृष्टवस्त्वस्पर्शेन शून्यप्रतीतिमात्रस्यानर्हत्वात् विवेकावस्थायाꣳ यत् तस्यास्तित्वेन प्रत्ययनꣳ तत् पारिशेष्यप्रमाणेन स्वयम् एव भवेद् इति चास्त्य् एव तादृशी शक्तिः । कैवल्ये तु सा निरावरणा भविष्यतीति युक्त्या लभ्यते । "
27,atha kaivalye’pi doṣo yathā—tatrānanda-sattaiva kevalānantānanda-sphūrtiḥ | tataś ca tadā tasya svasminn asphūrter viṣayendriyavaj jaḍatvam eva tatra paryavasati | tathā tadāparābhāvāt svasmin parasmiṁś cāsphūrteḥ śūnyatvaṁ vā | ataḥ kasyacit tathā puruṣārtha-sādhane pravṛttir api na syāt | tasmāt yuṣmābhir api svarūpāvasthāna-lakṣaṇasya puruṣārthatvaṁ śrūyate | iti śrutārthanyathānupapattyā ca svarūpa-śaktir mantavyaiva | ,अथ कैवल्येऽपि दोषो यथा—तत्रानन्दसत्तैव केवलानन्तानन्दस्फूर्तिः । ततश् च तदा तस्य स्वस्मिन्न् अस्फूर्तेर् विषयेन्द्रियवज् जडत्वम् एव तत्र पर्यवसति । तथा तदापराभावात् स्वस्मिन् परस्मिंश् चास्फूर्तेः शून्यत्वं वा । अतः कस्यचित् तथा पुरुषार्थसाधने प्रवृत्तिर् अपि न स्यात् । तस्मात् युष्माभिर् अपि स्वरूपावस्थानलक्षणस्य पुरुषार्थत्वं श्रूयते । इति श्रुतार्थन्यथानुपपत्त्या च स्वरूपशक्तिर् मन्तव्यैव । ,अथ कैवल्येऽपि दोषो यथा—तत्रानन्दसत्तैव केवलानन्तानन्दस्फूर्तिः । ततश् च तदा तस्य स्वस्मिन्न् अस्फूर्तेर् विषयेन्द्रियवज् जडत्वम् एव तत्र पर्यवसति । तथा तदापराभावात् स्वस्मिन् परस्मिꣳश् चास्फूर्तेः शून्यत्वꣳ वा । अतः कस्यचित् तथा पुरुषार्थसाधने प्रवृत्तिर् अपि न स्यात् । तस्मात् युष्माभिर् अपि स्वरूपावस्थानलक्षणस्य पुरुषार्थत्वꣳ श्रूयते । इति श्रुतार्थन्यथानुपपत्त्या च स्वरूपशक्तिर् मन्तव्यैव । 
28,"nanu sva-prakāśatvād eva tad bhāsiṣyate kutaḥ śaktyeti cet, evam api nigṛhīto’si vāg-vāgurayā | yasmāt sva-prakāśakatvāt sa bhāsiṣyate tad evāsmākaṁ svarūpa-śaktir iti svayam ev kaṇṭhe pratibaddhatvāt | na ca sva-prakāśatvaṁ vinā sva-prakāśaṁ nāma vastv asti | ","ननु स्वप्रकाशत्वाद् एव तद् भासिष्यते कुतः शक्त्येति चेत्, एवम् अपि निगृहीतोऽसि वाग्वागुरया । यस्मात् स्वप्रकाशकत्वात् स भासिष्यते तद् एवास्माकं स्वरूपशक्तिर् इति स्वयम् एव् कण्ठे प्रतिबद्धत्वात् । न च स्वप्रकाशत्वं विना स्वप्रकाशं नाम वस्त्व् अस्ति । ","ननु स्वप्रकाशत्वाद् एव तद् भासिष्यते कुतः शक्त्येति चेत्, एवम् अपि निगृहीतोऽसि वाग्वागुरया । यस्मात् स्वप्रकाशकत्वात् स भासिष्यते तद् एवास्माकꣳ स्वरूपशक्तिर् इति स्वयम् एव् कण्ठे प्रतिबद्धत्वात् । न च स्वप्रकाशत्वꣳ विना स्वप्रकाशꣳ नाम वस्त्व् अस्ति । "
29,"atha sva-prakāśatvaṁ nāma parān apekṣā-siddhir eva, na tu vastv-antaram ity ādi-pakṣe’pi siddhi-prabhūtayo’pi saiveti |","अथ स्वप्रकाशत्वं नाम परान् अपेक्षासिद्धिर् एव, न तु वस्त्वन्तरम् इत्य् आदिपक्षेऽपि सिद्धिप्रभूतयोऽपि सैवेति ।","अथ स्वप्रकाशत्वꣳ नाम परान् अपेक्षासिद्धिर् एव, न तु वस्त्वन्तरम् इत्य् आदिपक्षेऽपि सिद्धिप्रभूतयोऽपि सैवेति ।"
30,"kiṁ ca, nirviśeṣa-prakāśa-mātra-brahma-vāde asya prakāśatvam api durupapādam | prakāśo’pi nāma, svasya parasya ca vyavahāra-yogyatām āpādayan—vastu-viśeṣaḥ | nirviśeṣa-vastunas tad-ubhaya-rūpatvābhāvāt ghaṭādivad acittvam eva | tad-ubhaya-rūpatvābhāve’pi tat-kṣamatvam api cet ? tan na, tat-kṣamatvaṁ hi tat-sāmarthyam eva | sāmarthya-guṇa-yoge hi nirviśeṣa-vādaḥ parityaktaḥ syād iti | tathā nirviśeṣa-vāde svābhyupagamānityatvādayaś ca niṣiddhāḥ syur iti |","किं च, निर्विशेषप्रकाशमात्रब्रह्मवादे अस्य प्रकाशत्वम् अपि दुरुपपादम् । प्रकाशोऽपि नाम, स्वस्य परस्य च व्यवहारयोग्यताम् आपादयन्—वस्तुविशेषः । निर्विशेषवस्तुनस् तदुभयरूपत्वाभावात् घटादिवद् अचित्त्वम् एव । तदुभयरूपत्वाभावेऽपि तत्क्षमत्वम् अपि चेत् ? तन् न, तत्क्षमत्वं हि तत्सामर्थ्यम् एव । सामर्थ्यगुणयोगे हि निर्विशेषवादः परित्यक्तः स्याद् इति । तथा निर्विशेषवादे स्वाभ्युपगमानित्यत्वादयश् च निषिद्धाः स्युर् इति ।","किꣳ च, निर्विशेषप्रकाशमात्रब्रह्मवादे अस्य प्रकाशत्वम् अपि दुरुपपादम् । प्रकाशोऽपि नाम, स्वस्य परस्य च व्यवहारयोग्यताम् आपादयन्—वस्तुविशेषः । निर्विशेषवस्तुनस् तदुभयरूपत्वाभावात् घटादिवद् अचित्त्वम् एव । तदुभयरूपत्वाभावेऽपि तत्क्षमत्वम् अपि चेत् ? तन् न, तत्क्षमत्वꣳ हि तत्सामर्थ्यम् एव । सामर्थ्यगुणयोगे हि निर्विशेषवादः परित्यक्तः स्याद् इति । तथा निर्विशेषवादे स्वाभ्युपगमानित्यत्वादयश् च निषिद्धाः स्युर् इति ।"
32,nirviśeṣa-vastu-vādibhir nirviśeṣa-vastunīdaṁ pramāṇam iti na śakyate vaktum | sa-viśeṣa-vastu-viṣayatvāt sarva-pramāṇānāṁ [śrī-bhāṣyaḥ] ,निर्विशेषवस्तुवादिभिर् निर्विशेषवस्तुनीदं प्रमाणम् इति न शक्यते वक्तुम् । सविशेषवस्तुविषयत्वात् सर्वप्रमाणानां [श्रीभाष्यः] ,निर्विशेषवस्तुवादिभिर् निर्विशेषवस्तुनीदꣳ प्रमाणम् इति न शक्यते वक्तुम् । सविशेषवस्तुविषयत्वात् सर्वप्रमाणानाꣳ [श्रीभाष्यः] 
33,teṣāṁ nirviśeṣa-viṣayatve ca prameyatvāpātena naśvaratvam eva bhavan-mataṁ brahmaṇy api syāt |,तेषां निर्विशेषविषयत्वे च प्रमेयत्वापातेन नश्वरत्वम् एव भवन्मतं ब्रह्मण्य् अपि स्यात् ।,तेषाꣳ निर्विशेषविषयत्वे च प्रमेयत्वापातेन नश्वरत्वम् एव भवन्मतꣳ ब्रह्मण्य् अपि स्यात् ।
34,"yas tu svānubhava-siddhaṁ nirviśeṣatvam iti sva-goṣṭhī-niṣṭha-samayaḥ, so’py ātma-sākṣika-sa-viśeṣānubhavād eva nirastaḥ || [śrī-bhāṣyaḥ]","यस् तु स्वानुभवसिद्धं निर्विशेषत्वम् इति स्वगोष्ठीनिष्ठसमयः, सोऽप्य् आत्मसाक्षिकसविशेषानुभवाद् एव निरस्तः ॥ [श्रीभाष्यः]","यस् तु स्वानुभवसिद्धꣳ निर्विशेषत्वम् इति स्वगोष्ठीनिष्ठसमयः, सोऽप्य् आत्मसाक्षिकसविशेषानुभवाद् एव निरस्तः ॥ [श्रीभाष्यः]"
35,"kiṁ ca, vivādādhyāsitaṁ brahma saviśeṣaṁ vastutvāt ghaṭādivat, aviśeṣaṁ yat tad asat pramāṇāsiddhatvāt śaśa-viṣāṇādivat |","किं च, विवादाध्यासितं ब्रह्म सविशेषं वस्तुत्वात् घटादिवत्, अविशेषं यत् तद् असत् प्रमाणासिद्धत्वात् शशविषाणादिवत् ।","किꣳ च, विवादाध्यासितꣳ ब्रह्म सविशेषꣳ वस्तुत्वात् घटादिवत्, अविशेषꣳ यत् तद् असत् प्रमाणासिद्धत्वात् शशविषाणादिवत् ।"
36,"śabdasya tu viśeṣeṇa sa-viśeṣa eva vastuny abhidhāna-sāmarthyaṁ, pada-vākya-rūpeṇa pravṛtteḥ | prakṛti-pratyaya-yogena hi padatvam | prakṛti-pratyayayor artha-bhedena padasyaiva viśiṣṭārtha-pratipādanam avarjanīyam | pada-bhedaś cārtha-bheda-nibandhanaḥ | pada-saṅghāta-rūpasya vākyasyāneka-padārtha-saṁsarga-viśeṣābhidhāyitvena nirviśeṣa-vastu-pratipādanāsāmarthyāt na nirviśeṣa-vastuni śabdaḥ pramāṇam || [śrī-bhāṣyaḥ] iti ||
","शब्दस्य तु विशेषेण सविशेष एव वस्तुन्य् अभिधानसामर्थ्यं, पदवाक्यरूपेण प्रवृत्तेः । प्रकृतिप्रत्यययोगेन हि पदत्वम् । प्रकृतिप्रत्यययोर् अर्थभेदेन पदस्यैव विशिष्टार्थप्रतिपादनम् अवर्जनीयम् । पदभेदश् चार्थभेदनिबन्धनः । पदसङ्घातरूपस्य वाक्यस्यानेकपदार्थसंसर्गविशेषाभिधायित्वेन निर्विशेषवस्तुप्रतिपादनासामर्थ्यात् न निर्विशेषवस्तुनि शब्दः प्रमाणम् ॥ [श्रीभाष्यः] इति ॥
","शब्दस्य तु विशेषेण सविशेष एव वस्तुन्य् अभिधानसामर्थ्यꣳ, पदवाक्यरूपेण प्रवृत्तेः । प्रकृतिप्रत्यययोगेन हि पदत्वम् । प्रकृतिप्रत्यययोर् अर्थभेदेन पदस्यैव विशिष्टार्थप्रतिपादनम् अवर्जनीयम् । पदभेदश् चार्थभेदनिबन्धनः । पदसङ्घातरूपस्य वाक्यस्यानेकपदार्थसꣳसर्गविशेषाभिधायित्वेन निर्विशेषवस्तुप्रतिपादनासामर्थ्यात् न निर्विशेषवस्तुनि शब्दः प्रमाणम् ॥ [श्रीभाष्यः] इति ॥
"
37,"tasmāt sa-viśeṣatvam eva siddham, sa ca viśeṣaḥ śaktir eva | tataś ca śakti-leśaṁ vinā na kvacid avagamyate vastu-tattvam iti sarvānubhava-siddham | śrutiś ca kevalasyaiva tasya svānubhavam abhidadhāti—brahma vā idam agra āsīt tad ātmānam avaidahaṁ brahmāsmi [bṛ.ā.u. 1.4.10] iti | ","तस्मात् सविशेषत्वम् एव सिद्धम्, स च विशेषः शक्तिर् एव । ततश् च शक्तिलेशं विना न क्वचिद् अवगम्यते वस्तुतत्त्वम् इति सर्वानुभवसिद्धम् । श्रुतिश् च केवलस्यैव तस्य स्वानुभवम् अभिदधाति—ब्रह्म वा इदम् अग्र आसीत् तद् आत्मानम् अवैदहं ब्रह्मास्मि [बृ.आ.उ. १.४.१०] इति । ","तस्मात् सविशेषत्वम् एव सिद्धम्, स च विशेषः शक्तिर् एव । ततश् च शक्तिलेशꣳ विना न क्वचिद् अवगम्यते वस्तुतत्त्वम् इति सर्वानुभवसिद्धम् । श्रुतिश् च केवलस्यैव तस्य स्वानुभवम् अभिदधाति—ब्रह्म वा इदम् अग्र आसीत् तद् आत्मानम् अवैदहꣳ ब्रह्मास्मि [बृ.आ.उ. १.४.१०] इति । "
38,"na hi draṣṭur dṛṣṭer viparilopo vidyate’vināśitvān, na tu tad dvitīyam asti | tato’nyad vibhaktaṁ yat paśyet || [bṛ.ā.u. 4.3.23] iti | ","न हि द्रष्टुर् दृष्टेर् विपरिलोपो विद्यतेऽविनाशित्वान्, न तु तद् द्वितीयम् अस्ति । ततोऽन्यद् विभक्तं यत् पश्येत् ॥ [बृ.आ.उ. ४.३.२३] इति । ","न हि द्रष्टुर् दृष्टेर् विपरिलोपो विद्यतेऽविनाशित्वान्, न तु तद् द्वितीयम् अस्ति । ततोऽन्यद् विभक्तꣳ यत् पश्येत् ॥ [बृ.आ.उ. ४.३.२३] इति । "
39,"atra śrī-madhvācāryānusṛtaṁ vyākhyānam—ubhaya-vyapadeśāt tv ahi-kuṇḍalavat [ve.sū. 3.2.27] iti, satyaṁ jñānam anantaṁ brahma [tai.u. 2.1.2], yaḥ sarvajñaḥ [mu.u. 1.1.9], eṣa evātmā paramānandaḥ [bṛ.chā.maitreyaḥ], ānandaṁ brahmaṇo vidvān [tai.u. 2.4] ity-ādāv ubhaya-vyapadeśāt yujyate brahmaṇo jñānāditvaṁ jñānādimattvaṁ ca | tu-śabdaḥ śrutir evātra pramāṇam iti nirdhārayati | ataḥ svasminn evābheda-bheda-nirdeśa-lakṣaṇobhaya-vyapadeśād ahi-kuṇḍalavat tvaṁ bhavitum arhati, yathā ahir ity abhedaḥ, kuṇḍalābhoga-prāṁśutvādibhir bheda evam ihāpi |","अत्र श्रीमध्वाचार्यानुसृतं व्याख्यानम्—उभयव्यपदेशात् त्व् अहिकुण्डलवत् [वे.सू. ३.२.२७] इति, सत्यं ज्ञानम् अनन्तं ब्रह्म [तै.उ. २.१.२], यः सर्वज्ञः [मु.उ. १.१.९], एष एवात्मा परमानन्दः [बृ.छा.मैत्रेयः], आनन्दं ब्रह्मणो विद्वान् [तै.उ. २.४] इत्यादाव् उभयव्यपदेशात् युज्यते ब्रह्मणो ज्ञानादित्वं ज्ञानादिमत्त्वं च । तुशब्दः श्रुतिर् एवात्र प्रमाणम् इति निर्धारयति । अतः स्वस्मिन्न् एवाभेदभेदनिर्देशलक्षणोभयव्यपदेशाद् अहिकुण्डलवत् त्वं भवितुम् अर्हति, यथा अहिर् इत्य् अभेदः, कुण्डलाभोगप्रांशुत्वादिभिर् भेद एवम् इहापि ।","अत्र श्रीमध्वाचार्यानुसृतꣳ व्याख्यानम्—उभयव्यपदेशात् त्व् अहिकुण्डलवत् [वे.सू. ३.२.२७] इति, सत्यꣳ ज्ञानम् अनन्तꣳ ब्रह्म [तै.उ. २.१.२], यः सर्वज्ञः [मु.उ. १.१.९], एष एवात्मा परमानन्दः [बृ.छा.मैत्रेयः], आनन्दꣳ ब्रह्मणो विद्वान् [तै.उ. २.४] इत्यादाव् उभयव्यपदेशात् युज्यते ब्रह्मणो ज्ञानादित्वꣳ ज्ञानादिमत्त्वꣳ च । तुशब्दः श्रुतिर् एवात्र प्रमाणम् इति निर्धारयति । अतः स्वस्मिन्न् एवाभेदभेदनिर्देशलक्षणोभयव्यपदेशाद् अहिकुण्डलवत् त्वꣳ भवितुम् अर्हति, यथा अहिर् इत्य् अभेदः, कुण्डलाभोगप्राꣳशुत्वादिभिर् भेद एवम् इहापि ।"
40,"prakāśāśravad vā tejastvāt [ve.sū. 3.2.28] ity atra, ","प्रकाशाश्रवद् वा तेजस्त्वात् [वे।सू। ३।२।२८] इत्य् अत्र, ","प्रकाशाश्रवद् वा तेजस्त्वात् [वे.सू. ३.२.२८] इत्य् अत्र, "
42,"pūrvavad vā [ve.sū. 3.2.29] iti, athavā svātmanā cottarayoḥ [ve.sū. 2.3.20] ity atrottara-śabdavad anantaram evottarayoḥ prakāśāśrayayoḥ, pūrvo yaḥ prakāśaḥ tadvad va mantavyam | tataś ca tasya yathā prakāśaika-rūpatve’pi sva-para-prakāśana-śaktitvam upalabhyate evaṁ jñānānanda-svarūpasya brahmaṇo’pi sva-para-jñānānanda-hetu-rūpa-śaktitvam |","पूर्ववद् वा [वे.सू. ३.२.२९] इति, अथवा स्वात्मना चोत्तरयोः [वे.सू. २.३.२०] इत्य् अत्रोत्तरशब्दवद् अनन्तरम् एवोत्तरयोः प्रकाशाश्रययोः, पूर्वो यः प्रकाशः तद्वद् व मन्तव्यम् । ततश् च तस्य यथा प्रकाशैकरूपत्वेऽपि स्वपरप्रकाशनशक्तित्वम् उपलभ्यते एवं ज्ञानानन्दस्वरूपस्य ब्रह्मणोऽपि स्वपरज्ञानानन्दहेतुरूपशक्तित्वम् ।","पूर्ववद् वा [वे.सू. ३.२.२९] इति, अथवा स्वात्मना चोत्तरयोः [वे.सू. २.३.२०] इत्य् अत्रोत्तरशब्दवद् अनन्तरम् एवोत्तरयोः प्रकाशाश्रययोः, पूर्वो यः प्रकाशः तद्वद् व मन्तव्यम् । ततश् च तस्य यथा प्रकाशैकरूपत्वेऽपि स्वपरप्रकाशनशक्तित्वम् उपलभ्यते एवꣳ ज्ञानानन्दस्वरूपस्य ब्रह्मणोऽपि स्वपरज्ञानानन्दहेतुरूपशक्तित्वम् ।"
43,atra svayaṁ svaṁ jānātīti svārthā ca sphūrtir iti na prakāśavat pārārthya-mātram iti vivektavyam | tad evam ubhaya-vyapadeśāt sādhayitvā śruty-antarataś ca sādhayati—pratiṣedhāc ca [ve.sū. 3.2.30] iti |,अत्र स्वयं स्वं जानातीति स्वार्था च स्फूर्तिर् इति न प्रकाशवत् पारार्थ्यमात्रम् इति विवेक्तव्यम् । तद् एवम् उभयव्यपदेशात् साधयित्वा श्रुत्यन्तरतश् च साधयति—प्रतिषेधाच् च [वे.सू. ३.२.३०] इति ।,अत्र स्वयꣳ स्वꣳ जानातीति स्वार्था च स्फूर्तिर् इति न प्रकाशवत् पारार्थ्यमात्रम् इति विवेक्तव्यम् । तद् एवम् उभयव्यपदेशात् साधयित्वा श्रुत्यन्तरतश् च साधयति—प्रतिषेधाच् च [वे.सू. ३.२.३०] इति ।
44,"na ca vaktavyaṁ tatra sarvajñatvādi-vastv-antaram, yato neha nānāsti kiñcana [bṛ.ā.u. 4.4.19] iti, tathā—","न च वक्तव्यं तत्र सर्वज्ञत्वादिवस्त्वन्तरम्, यतो नेह नानास्ति किञ्चन [बृ।आ।उ। ४।४।१९] इति, तथा—","न च वक्तव्यꣳ तत्र सर्वज्ञत्वादिवस्त्वन्तरम्, यतो नेह नानास्ति किञ्चन [बृ.आ.उ. ४.४.१९] इति, तथा—"
45,na tasya kāryaṁ karaṇaṁ ca vidyate,न तस्य कार्यं करणं च विद्यते,न तस्य कार्यꣳ करणꣳ च विद्यते
49,"ca-kāreṇa tv ajñānādikaṁ pratiṣidhya svarūpa-jñānādi-śaktitvam eva sthāpyate | itthaṁ śrī-svāmi-caraṇair api, tvam arka-dṛk sarva-dṛśāṁ samīkṣaṇaḥ [bhā.pu. 8.24.50] ity atra śrī-matsya-deva-stutau vyākhyātam—","चकारेण त्व् अज्ञानादिकं प्रतिषिध्य स्वरूपज्ञानादिशक्तित्वम् एव स्थाप्यते । इत्थं श्रीस्वामिचरणैर् अपि, त्वम् अर्कदृक् सर्वदृशां समीक्षणः [भा.पु. ८.२४.५०] इत्य् अत्र श्रीमत्स्यदेवस्तुतौ व्याख्यातम्—","चकारेण त्व् अज्ञानादिकꣳ प्रतिषिध्य स्वरूपज्ञानादिशक्तित्वम् एव स्थाप्यते । इत्थꣳ श्रीस्वामिचरणैर् अपि, त्वम् अर्कदृक् सर्वदृशाꣳ समीक्षणः [भा.पु. ८.२४.५०] इत्य् अत्र श्रीमत्स्यदेवस्तुतौ व्याख्यातम्—"
50,arka-prakāśavat svata eva dṛg jñānaṁ yasya so’rka-dṛk | ataḥ sarva-dṛśāṁ sarvendriyāṇāṁ samīkṣaṇaḥ prakāśakaḥ || iti |,अर्कप्रकाशवत् स्वत एव दृग् ज्ञानं यस्य सोऽर्कदृक् । अतः सर्वदृशां सर्वेन्द्रियाणां समीक्षणः प्रकाशकः ॥ इति ।,अर्कप्रकाशवत् स्वत एव दृग् ज्ञानꣳ यस्य सोऽर्कदृक् । अतः सर्वदृशाꣳ सर्वेन्द्रियाणाꣳ समीक्षणः प्रकाशकः ॥ इति ।
51,evaṁ ca śrī-rāmānuja-caraṇair uktam—jñāna-svarūpasya ca tasya jñātṛ-svarūpatvaṁ maṇi-dyumaṇi-dīpādivad yuktam evety uktam || [śrī-bhāṣya],एवं च श्रीरामानुजचरणैर् उक्तम्—ज्ञानस्वरूपस्य च तस्य ज्ञातृस्वरूपत्वं मणिद्युमणिदीपादिवद् युक्तम् एवेत्य् उक्तम् ॥ [श्रीभाष्य],एवꣳ च श्रीरामानुजचरणैर् उक्तम्—ज्ञानस्वरूपस्य च तस्य ज्ञातृस्वरूपत्वꣳ मणिद्युमणिदीपादिवद् युक्तम् एवेत्य् उक्तम् ॥ [श्रीभाष्य]
52,"advaita-guruṇāpi, īkṣater āśabdaṁ [ve.sū. 1.1.5] ity atra sāṅkhya-pūrva-pakṣam ākṣipataivaṁ vyākhyam, yathā—","अद्वैतगुरुणापि, ईक्षतेर् आशब्दं [वे।सू। १।१।५] इत्य् अत्र साङ्ख्यपूर्वपक्षम् आक्षिपतैवं व्याख्यम्, यथा—","अद्वैतगुरुणापि, ईक्षतेर् आशब्दꣳ [वे.सू. १.१.५] इत्य् अत्र साङ्ख्यपूर्वपक्षम् आक्षिपतैवꣳ व्याख्यम्, यथा—"
53,"yad apy uktaṁ prāg-utpatter brahmaṇaḥ śarīrādi-sambandham antareṇekṣitṛtvam anupapannam iti | na tac-codyam avatarati savitṛ-prakāśavad brahmaṇo jñāna-svarūpa-nityatve jñāna-sādhanāpekṣānupapatteḥ | api ca, avidyādimataḥ saṁsāriṇaḥ śarīrādy-apekṣā-jñānotpattiḥ syāt, na jñāna-pratibandha-kāraṇa-śūnyasyeśvarasya | mantrau cemau īśvarasya śarīrādy-anapekṣatām anāvaraṇa-jñānatāṁ ca darśayataḥ—na tasya kāryaṁ [śve.u. 6.8] ity ādi, apāṇi-pādaḥ [śve.u. 3.19] ity-ādīni || iti |","यद् अप्य् उक्तं प्रागुत्पत्तेर् ब्रह्मणः शरीरादिसम्बन्धम् अन्तरेणेक्षितृत्वम् अनुपपन्नम् इति । न तच्चोद्यम् अवतरति सवितृप्रकाशवद् ब्रह्मणो ज्ञानस्वरूपनित्यत्वे ज्ञानसाधनापेक्षानुपपत्तेः । अपि च, अविद्यादिमतः संसारिणः शरीराद्यपेक्षाज्ञानोत्पत्तिः स्यात्, न ज्ञानप्रतिबन्धकारणशून्यस्येश्वरस्य । मन्त्रौ चेमौ ईश्वरस्य शरीराद्यनपेक्षताम् अनावरणज्ञानतां च दर्शयतः—न तस्य कार्यं [श्वे.उ. ६.८] इत्य् आदि, अपाणिपादः [श्वे.उ. ३.१९] इत्यादीनि ॥ इति ।","यद् अप्य् उक्तꣳ प्रागुत्पत्तेर् ब्रह्मणः शरीरादिसम्बन्धम् अन्तरेणेक्षितृत्वम् अनुपपन्नम् इति । न तच्चोद्यम् अवतरति सवितृप्रकाशवद् ब्रह्मणो ज्ञानस्वरूपनित्यत्वे ज्ञानसाधनापेक्षानुपपत्तेः । अपि च, अविद्यादिमतः सꣳसारिणः शरीराद्यपेक्षाज्ञानोत्पत्तिः स्यात्, न ज्ञानप्रतिबन्धकारणशून्यस्येश्वरस्य । मन्त्रौ चेमौ ईश्वरस्य शरीराद्यनपेक्षताम् अनावरणज्ञानताꣳ च दर्शयतः—न तस्य कार्यꣳ [श्वे.उ. ६.८] इत्य् आदि, अपाणिपादः [श्वे.उ. ३.१९] इत्यादीनि ॥ इति ।"
54,"jñāna-nityatve jñāna-viṣaya-svātantrya-vyapadeśo nopapadyata iti cet ? na, pratatoṣṇa-prakāśo’pi savitari dahati, prakāśayatīti—svātantrya-vyapadeśa-darśanād iti ca | ittham evādvaita-śārīraka eka-vijñāna-vāda-nirākaraṇe, nābhāva upalabdheḥ [ve.sū. 2.1.18] ity asya vyākhyāne sākṣitvaṁ caitanyasya dṛśyate | tasmād ekasyaiva tattvasya svarūpatvaṁ, svarūpatvāparityāgenaiva śaktitvaṁ ca siddham |","ज्ञाननित्यत्वे ज्ञानविषयस्वातन्त्र्यव्यपदेशो नोपपद्यत इति चेत् ? न, प्रततोष्णप्रकाशोऽपि सवितरि दहति, प्रकाशयतीति—स्वातन्त्र्यव्यपदेशदर्शनाद् इति च । इत्थम् एवाद्वैतशारीरक एकविज्ञानवादनिराकरणे, नाभाव उपलब्धेः [वे.सू. २.१.१८] इत्य् अस्य व्याख्याने साक्षित्वं चैतन्यस्य दृश्यते । तस्माद् एकस्यैव तत्त्वस्य स्वरूपत्वं, स्वरूपत्वापरित्यागेनैव शक्तित्वं च सिद्धम् ।","ज्ञाननित्यत्वे ज्ञानविषयस्वातन्त्र्यव्यपदेशो नोपपद्यत इति चेत् ? न, प्रततोष्णप्रकाशोऽपि सवितरि दहति, प्रकाशयतीति—स्वातन्त्र्यव्यपदेशदर्शनाद् इति च । इत्थम् एवाद्वैतशारीरक एकविज्ञानवादनिराकरणे, नाभाव उपलब्धेः [वे.सू. २.१.१८] इत्य् अस्य व्याख्याने साक्षित्वꣳ चैतन्यस्य दृश्यते । तस्माद् एकस्यैव तत्त्वस्य स्वरूपत्वꣳ, स्वरूपत्वापरित्यागेनैव शक्तित्वꣳ च सिद्धम् ।"
56,"tac chaktiḥ parameśvarasya vimalā caitanyam evocyate, sā satyaiva parā jaḍā bhagavataḥ śaktis tv avidyocyate | saṁsargāc ca mithas tayor bhagavataḥ śaktyor jagaj jāyate tac-chaktyā sa-vikārayā bhagavataś cic-chaktir udricyate || iti |","तच् छक्तिः परमेश्वरस्य विमला चैतन्यम् एवोच्यते, सा सत्यैव परा जडा भगवतः शक्तिस् त्व् अविद्योच्यते । संसर्गाच् च मिथस् तयोर् भगवतः शक्त्योर् जगज् जायते तच्छक्त्या सविकारया भगवतश् चिच्छक्तिर् उद्रिच्यते ॥ इति ।","तच् छक्तिः परमेश्वरस्य विमला चैतन्यम् एवोच्यते, सा सत्यैव परा जडा भगवतः शक्तिस् त्व् अविद्योच्यते । सꣳसर्गाच् च मिथस् तयोर् भगवतः शक्त्योर् जगज् जायते तच्छक्त्या सविकारया भगवतश् चिच्छक्तिर् उद्रिच्यते ॥ इति ।"
57,ittham eva vyākhyātaṁ śrī-viṣṇu-purāṇe’pi svāmi-pādaiḥ—,इत्थम् एव व्याख्यातं श्रीविष्णुपुराणेऽपि स्वामिपादैः—,इत्थम् एव व्याख्यातꣳ श्रीविष्णुपुराणेऽपि स्वामिपादैः—
59,avidyā karma-saṁjñānyā tṛtīyā śaktir iṣyate || [vi.pu. 6.7.61] iti |,अविद्या कर्मसंज्ञान्या तृतीया शक्तिर् इष्यते ॥ [वि.पु. ६.७.६१] इति ।,अविद्या कर्मसꣳज्ञान्या तृतीया शक्तिर् इष्यते ॥ [वि.पु. ६.७.६१] इति ।
60,atra viṣṇu-śaktiḥ viṣṇoḥ svarūpa-bhūtā parā cit-svarūpā śaktiḥ parama-pada-para-brahma-para-tattvādy-ākhyā proktā | pratyastamita-bhedaṁ yat tat sattā-mātraṁ [vi.pu. 6.7.53] ity atra prāg-uktaṁ svarūpam eva kāryonmukhaṁ śakti-śabdenoktam iti ||,अत्र विष्णुशक्तिः विष्णोः स्वरूपभूता परा चित्स्वरूपा शक्तिः परमपदपरब्रह्मपरतत्त्वाद्याख्या प्रोक्ता । प्रत्यस्तमितभेदं यत् तत् सत्तामात्रं [वि.पु. ६.७.५३] इत्य् अत्र प्रागुक्तं स्वरूपम् एव कार्योन्मुखं शक्तिशब्देनोक्तम् इति ॥,अत्र विष्णुशक्तिः विष्णोः स्वरूपभूता परा चित्स्वरूपा शक्तिः परमपदपरब्रह्मपरतत्त्वाद्याख्या प्रोक्ता । प्रत्यस्तमितभेदꣳ यत् तत् सत्तामात्रꣳ [वि.पु. ६.७.५३] इत्य् अत्र प्रागुक्तꣳ स्वरूपम् एव कार्योन्मुखꣳ शक्तिशब्देनोक्तम् इति ॥
61,"ataḥ svarūpasya kāryonmukhatvenaiva śaktitvaṁ, na svata ity āyātam |","अतः स्वरूपस्य कार्योन्मुखत्वेनैव शक्तित्वं, न स्वत इत्य् आयातम् ।","अतः स्वरूपस्य कार्योन्मुखत्वेनैव शक्तित्वꣳ, न स्वत इत्य् आयातम् ।"
62,"tataś ca viśeṣya-rūpaṁ tad eva svayaṁ śaktimad-viśeṣaṇa-rūpaṁ, kāryonmukhatvaṁ tu śaktiḥ, jagac ca kārya-kṣamatva-mūlam iti | tat-kṣamatvādi-rūpā nityaiva sā śaktir ity avagamyate |","ततश् च विशेष्यरूपं तद् एव स्वयं शक्तिमद्विशेषणरूपं, कार्योन्मुखत्वं तु शक्तिः, जगच् च कार्यक्षमत्वमूलम् इति । तत्क्षमत्वादिरूपा नित्यैव सा शक्तिर् इत्य् अवगम्यते ।","ततश् च विशेष्यरूपꣳ तद् एव स्वयꣳ शक्तिमद्विशेषणरूपꣳ, कार्योन्मुखत्वꣳ तु शक्तिः, जगच् च कार्यक्षमत्वमूलम् इति । तत्क्षमत्वादिरूपा नित्यैव सा शक्तिर् इत्य् अवगम्यते ।"
63,tathāpi vastuto’tyanta-vyatirekeṇa tasyā nirūpyatvābhāvān na tataḥ pṛthaktvam astīty abhiprāyeṇaiva tathoktam iti jñeyam | vastv evāstu kā tatra śaktir nāma iti mataṁ tu na vedāntināṁ matam | saty api vastuni mantrādinā śakti-stambhādi-darśanāt yukti-viruddhaṁ caitat |,तथापि वस्तुतोऽत्यन्तव्यतिरेकेण तस्या निरूप्यत्वाभावान् न ततः पृथक्त्वम् अस्तीत्य् अभिप्रायेणैव तथोक्तम् इति ज्ञेयम् । वस्त्व् एवास्तु का तत्र शक्तिर् नाम इति मतं तु न वेदान्तिनां मतम् । सत्य् अपि वस्तुनि मन्त्रादिना शक्तिस्तम्भादिदर्शनात् युक्तिविरुद्धं चैतत् ।,तथापि वस्तुतोऽत्यन्तव्यतिरेकेण तस्या निरूप्यत्वाभावान् न ततः पृथक्त्वम् अस्तीत्य् अभिप्रायेणैव तथोक्तम् इति ज्ञेयम् । वस्त्व् एवास्तु का तत्र शक्तिर् नाम इति मतꣳ तु न वेदान्तिनाꣳ मतम् । सत्य् अपि वस्तुनि मन्त्रादिना शक्तिस्तम्भादिदर्शनात् युक्तिविरुद्धꣳ चैतत् ।
69,"nāga-patnī-stutau caivaṁ tair vyākhyātam, jñāna-vijñāna-nidhaye [bhā.pu. 10.16.40] ity ādau—","नागपत्नीस्तुतौ चैवं तैर् व्याख्यातम्, ज्ञानविज्ञाननिधये [भा।पु। १०।१६।४०] इत्य् आदौ—","नागपत्नीस्तुतौ चैवꣳ तैर् व्याख्यातम्, ज्ञानविज्ञाननिधये [भा.पु. १०.१६.४०] इत्य् आदौ—"
70,"jñānaṁ jñaptiḥ, vijñānaṁ cic-chaktiḥ, ubhayor nidhaye tābhyāṁ pūrṇāya | kathaṁ tathātvaṁ ? ata uktaṁ brahmaṇe’nanta-śaktaye | kathaṁ-bhūtāya brahmaṇe ? aguṇāyāvikārāya | kathaṁ-bhūtāya ? ananta-śaktaye | prākṛtāya prakṛti-pravartakāya, aprākṛtāyeti vā, aprākṛtānanta-śakti-yuktāya | ","ज्ञानं ज्ञप्तिः, विज्ञानं चिच्छक्तिः, उभयोर् निधये ताभ्यां पूर्णाय । कथं तथात्वं ? अत उक्तं ब्रह्मणेऽनन्तशक्तये । कथंभूताय ब्रह्मणे ? अगुणायाविकाराय । कथंभूताय ? अनन्तशक्तये । प्राकृताय प्रकृतिप्रवर्तकाय, अप्राकृतायेति वा, अप्राकृतानन्तशक्तियुक्ताय । ","ज्ञानꣳ ज्ञप्तिः, विज्ञानꣳ चिच्छक्तिः, उभयोर् निधये ताभ्याꣳ पूर्णाय । कथꣳ तथात्वꣳ ? अत उक्तꣳ ब्रह्मणेऽनन्तशक्तये । कथꣳभूताय ब्रह्मणे ? अगुणायाविकाराय । कथꣳभूताय ? अनन्तशक्तये । प्राकृताय प्रकृतिप्रवर्तकाय, अप्राकृतायेति वा, अप्राकृतानन्तशक्तियुक्ताय । "
71,ayam arthaḥ—aguṇatvād avikāraṁ brahma-jñapti-mātratvāt kāraṇātītaṁ prakṛti-pravartako’nanta-śaktir vijñāna-nidhitvād īśvaraḥ kāraṇaṁ tad ubhayātmane nama iti || [bhāvārtha-dīpikā],अयम् अर्थः—अगुणत्वाद् अविकारं ब्रह्मज्ञप्तिमात्रत्वात् कारणातीतं प्रकृतिप्रवर्तकोऽनन्तशक्तिर् विज्ञाननिधित्वाद् ईश्वरः कारणं तद् उभयात्मने नम इति ॥ [भावार्थदीपिका],अयम् अर्थः—अगुणत्वाद् अविकारꣳ ब्रह्मज्ञप्तिमात्रत्वात् कारणातीतꣳ प्रकृतिप्रवर्तकोऽनन्तशक्तिर् विज्ञाननिधित्वाद् ईश्वरः कारणꣳ तद् उभयात्मने नम इति ॥ [भावार्थदीपिका]
73,viśiṣṭasyaiva cāvyabhicāra-rūpatvena svarūpatvaṁ—na kevalaṁ viśeṣyam evāvyabhicāritayā sampratipādyante iti tasmād asty eva svarūpa-śaktiḥ | ,विशिष्टस्यैव चाव्यभिचाररूपत्वेन स्वरूपत्वं—न केवलं विशेष्यम् एवाव्यभिचारितया सम्प्रतिपाद्यन्ते इति तस्माद् अस्त्य् एव स्वरूपशक्तिः । ,विशिष्टस्यैव चाव्यभिचाररूपत्वेन स्वरूपत्वꣳ—न केवलꣳ विशेष्यम् एवाव्यभिचारितया सम्प्रतिपाद्यन्ते इति तस्माद् अस्त्य् एव स्वरूपशक्तिः । 
74,"na cetthaṁ svagatena bhedenādvayatā-pratijñā virodhādi-doṣaḥ | ṣaḍ-bhāva-vikāra-niṣedhe’py astitvavat sarvathaivāparihāryatvāt | dṛśyate cānyatrāpi kvacit tan-mātratve’pi svagata-bheda-yāthārthyaṁ, yathā gandhātmani pṛthivī-guṇe—tatra hi gandha-lakṣaṇa-guṇa-mātrātmasyāpi aṅguli-nikṣepākṣamas tad anubhavitur anubhavaika-gamyo yo yo viśeṣo, yo yo vā bhedaḥ, sa sa na gandhād vyatiriktaṁ, ghrāṇaikānubhavanīyatvāt ||","न चेत्थं स्वगतेन भेदेनाद्वयताप्रतिज्ञा विरोधादिदोषः । षड्भावविकारनिषेधेऽप्य् अस्तित्ववत् सर्वथैवापरिहार्यत्वात् । दृश्यते चान्यत्रापि क्वचित् तन्मात्रत्वेऽपि स्वगतभेदयाथार्थ्यं, यथा गन्धात्मनि पृथिवीगुणे—तत्र हि गन्धलक्षणगुणमात्रात्मस्यापि अङ्गुलिनिक्षेपाक्षमस् तद् अनुभवितुर् अनुभवैकगम्यो यो यो विशेषो, यो यो वा भेदः, स स न गन्धाद् व्यतिरिक्तं, घ्राणैकानुभवनीयत्वात् ॥","न चेत्थꣳ स्वगतेन भेदेनाद्वयताप्रतिज्ञा विरोधादिदोषः । षड्भावविकारनिषेधेऽप्य् अस्तित्ववत् सर्वथैवापरिहार्यत्वात् । दृश्यते चान्यत्रापि क्वचित् तन्मात्रत्वेऽपि स्वगतभेदयाथार्थ्यꣳ, यथा गन्धात्मनि पृथिवीगुणे—तत्र हि गन्धलक्षणगुणमात्रात्मस्यापि अङ्गुलिनिक्षेपाक्षमस् तद् अनुभवितुर् अनुभवैकगम्यो यो यो विशेषो, यो यो वा भेदः, स स न गन्धाद् व्यतिरिक्तꣳ, घ्राणैकानुभवनीयत्वात् ॥"
75,"kiṁ ca, brahmaṇo lakṣaṇa-vicāre’py abheda-vādibhir api tādṛśa-svagata-bheda-vṛttir aparihāryā dṛśyate | tathā hi—vijñānam ānandaṁ brahma [bṛ.ā.u. 3.9.28] iti | kim iha vijñānānanda-śabdāv ekārthau bhinnārthau vā ? nādyaḥ, paunaruktyāt | antyaś cet, vijñānatvam ānandatvaṁ ca tatraikasminn eveti tādṛśa-svagata-bhedāpattiḥ | atha tau jāḍya-duḥkha-pratiyogi-parau tau vyāvartya tvat-pratiyogi yad ekaṁ vastu tad eva brahmeti pratipādayataḥ tad apy ayuktam | tad-dvaya-vyāvṛttir yathā-svaṁ [atra pakṣe svarūpa-viśeṣaṇa-mātraṁ] dvayam evopasthāpayituṁ yuktā | anupasthāpane vā śūnya-vāda-prasaṅga iti | ","किं च, ब्रह्मणो लक्षणविचारेऽप्य् अभेदवादिभिर् अपि तादृशस्वगतभेदवृत्तिर् अपरिहार्या दृश्यते । तथा हि—विज्ञानम् आनन्दं ब्रह्म [बृ.आ.उ. ३.९.२८] इति । किम् इह विज्ञानानन्दशब्दाव् एकार्थौ भिन्नार्थौ वा ? नाद्यः, पौनरुक्त्यात् । अन्त्यश् चेत्, विज्ञानत्वम् आनन्दत्वं च तत्रैकस्मिन्न् एवेति तादृशस्वगतभेदापत्तिः । अथ तौ जाड्यदुःखप्रतियोगिपरौ तौ व्यावर्त्य त्वत्प्रतियोगि यद् एकं वस्तु तद् एव ब्रह्मेति प्रतिपादयतः तद् अप्य् अयुक्तम् । तद्द्वयव्यावृत्तिर् यथास्वं [अत्र पक्षे स्वरूपविशेषणमात्रं] द्वयम् एवोपस्थापयितुं युक्ता । अनुपस्थापने वा शून्यवादप्रसङ्ग इति । ","किꣳ च, ब्रह्मणो लक्षणविचारेऽप्य् अभेदवादिभिर् अपि तादृशस्वगतभेदवृत्तिर् अपरिहार्या दृश्यते । तथा हि—विज्ञानम् आनन्दꣳ ब्रह्म [बृ.आ.उ. ३.९.२८] इति । किम् इह विज्ञानानन्दशब्दाव् एकार्थौ भिन्नार्थौ वा ? नाद्यः, पौनरुक्त्यात् । अन्त्यश् चेत्, विज्ञानत्वम् आनन्दत्वꣳ च तत्रैकस्मिन्न् एवेति तादृशस्वगतभेदापत्तिः । अथ तौ जाड्यदुःखप्रतियोगिपरौ तौ व्यावर्त्य त्वत्प्रतियोगि यद् एकꣳ वस्तु तद् एव ब्रह्मेति प्रतिपादयतः तद् अप्य् अयुक्तम् । तद्द्वयव्यावृत्तिर् यथास्वꣳ [अत्र पक्षे स्वरूपविशेषणमात्रꣳ] द्वयम् एवोपस्थापयितुꣳ युक्ता । अनुपस्थापने वा शून्यवादप्रसङ्ग इति । "
76,"kiṁ ca, yad ekam upasthāpyate, tat kiṁ tayor ekataraṁ tābhyām anyad eva vā ? ekatarad iti cet anyatara-parityāge ko hetuḥ ? ekatarasya vā kathaṁ dvi-pratiyogitā ? athānanda-mātre dvayor api pratiyogitopalabhyate iti | tad eva lāghavenāvaśiṣṭam iti cet ? ānande vijñānatvam apy astīty āyātam | tat-pratiyogitvena tat-pratīteḥ | tato vijñānaṁ punar-uktam eveti doṣāntaraṁ ca tenaiva tat-tad-vyāvṛtti-siddheḥ | kiṁ vā, vijñānasya vijñāne’smiṁś cānugatatvenāvyabhicārāt tad evāvaśiṣṭam astu tataś cānandatāhānyā puruṣārthatvābhāvaś ca |","किं च, यद् एकम् उपस्थाप्यते, तत् किं तयोर् एकतरं ताभ्याम् अन्यद् एव वा ? एकतरद् इति चेत् अन्यतरपरित्यागे को हेतुः ? एकतरस्य वा कथं द्विप्रतियोगिता ? अथानन्दमात्रे द्वयोर् अपि प्रतियोगितोपलभ्यते इति । तद् एव लाघवेनावशिष्टम् इति चेत् ? आनन्दे विज्ञानत्वम् अप्य् अस्तीत्य् आयातम् । तत्प्रतियोगित्वेन तत्प्रतीतेः । ततो विज्ञानं पुनरुक्तम् एवेति दोषान्तरं च तेनैव तत्तद्व्यावृत्तिसिद्धेः । किं वा, विज्ञानस्य विज्ञानेऽस्मिंश् चानुगतत्वेनाव्यभिचारात् तद् एवावशिष्टम् अस्तु ततश् चानन्दताहान्या पुरुषार्थत्वाभावश् च ।","किꣳ च, यद् एकम् उपस्थाप्यते, तत् किꣳ तयोर् एकतरꣳ ताभ्याम् अन्यद् एव वा ? एकतरद् इति चेत् अन्यतरपरित्यागे को हेतुः ? एकतरस्य वा कथꣳ द्विप्रतियोगिता ? अथानन्दमात्रे द्वयोर् अपि प्रतियोगितोपलभ्यते इति । तद् एव लाघवेनावशिष्टम् इति चेत् ? आनन्दे विज्ञानत्वम् अप्य् अस्तीत्य् आयातम् । तत्प्रतियोगित्वेन तत्प्रतीतेः । ततो विज्ञानꣳ पुनरुक्तम् एवेति दोषान्तरꣳ च तेनैव तत्तद्व्यावृत्तिसिद्धेः । किꣳ वा, विज्ञानस्य विज्ञानेऽस्मिꣳश् चानुगतत्वेनाव्यभिचारात् तद् एवावशिष्टम् अस्तु ततश् चानन्दताहान्या पुरुषार्थत्वाभावश् च ।"
77,"yady evam ucyate—anukūlaṁ vijñānam eva hy ānandaḥ, tataś cānandākāraṁ yad vijñānaṁ tad brahmeti, tathāpy ānukūla-lakṣaṇo dharmas tatra duṣpariharaḥ | tābhyām anyad iti cet ? na, pratiyogitvāsiddheḥ |","यद्य् एवम् उच्यते—अनुकूलं विज्ञानम् एव ह्य् आनन्दः, ततश् चानन्दाकारं यद् विज्ञानं तद् ब्रह्मेति, तथाप्य् आनुकूललक्षणो धर्मस् तत्र दुष्परिहरः । ताभ्याम् अन्यद् इति चेत् ? न, प्रतियोगित्वासिद्धेः ।","यद्य् एवम् उच्यते—अनुकूलꣳ विज्ञानम् एव ह्य् आनन्दः, ततश् चानन्दाकारꣳ यद् विज्ञानꣳ तद् ब्रह्मेति, तथाप्य् आनुकूललक्षणो धर्मस् तत्र दुष्परिहरः । ताभ्याम् अन्यद् इति चेत् ? न, प्रतियोगित्वासिद्धेः ।"
78,"athaika evam ācakṣīta yat tayoḥ pratiyogi brahmeti | kintu jaḍa-pratiyogi vidyopahitaṁ ced brahma jñānam ity ācakṣmahe | duḥkha-pratiyogi tad upahitaṁ ced ānanda iti | tasmād vidyā-dvārobhaya-vyāvṛttau satyāṁ yad avasīyate, tad ekam eka-rūpaṁ brahmeti ||","अथैक एवम् आचक्षीत यत् तयोः प्रतियोगि ब्रह्मेति । किन्तु जडप्रतियोगि विद्योपहितं चेद् ब्रह्म ज्ञानम् इत्य् आचक्ष्महे । दुःखप्रतियोगि तद् उपहितं चेद् आनन्द इति । तस्माद् विद्याद्वारोभयव्यावृत्तौ सत्यां यद् अवसीयते, तद् एकम् एकरूपं ब्रह्मेति ॥","अथैक एवम् आचक्षीत यत् तयोः प्रतियोगि ब्रह्मेति । किन्तु जडप्रतियोगि विद्योपहितꣳ चेद् ब्रह्म ज्ञानम् इत्य् आचक्ष्महे । दुःखप्रतियोगि तद् उपहितꣳ चेद् आनन्द इति । तस्माद् विद्याद्वारोभयव्यावृत्तौ सत्याꣳ यद् अवसीयते, तद् एकम् एकरूपꣳ ब्रह्मेति ॥"
79,atrocyate—vidyā nāma bhavatāṁ tad-anubhavi-buddhi-vṛttiḥ | tataś ca tasyaiva pratiyogitve sati tad anubhavi-buddhi-vṛtter api pratiyogitvaṁ siddhyati | ,अत्रोच्यते—विद्या नाम भवतां तदनुभविबुद्धिवृत्तिः । ततश् च तस्यैव प्रतियोगित्वे सति तद् अनुभविबुद्धिवृत्तेर् अपि प्रतियोगित्वं सिद्ध्यति । ,अत्रोच्यते—विद्या नाम भवताꣳ तदनुभविबुद्धिवृत्तिः । ततश् च तस्यैव प्रतियोगित्वे सति तद् अनुभविबुद्धिवृत्तेर् अपि प्रतियोगित्वꣳ सिद्ध्यति । 
80,nahi sūryasya ghaṭāder iva tamasaḥ pratiyogitvaṁ vinā tad-anubhavi-cakṣur-vṛtti-mātrasya sūrya-cchaṭoddīpita-mukura-cchātāyā vā tamaḥ-pratiyogitvaṁ ghaṭate | tasmān nūnaṁ tasyaiva tat-pratiyogitvaṁ yogyopādhi-viśeṣe tūpalabhyate |,नहि सूर्यस्य घटादेर् इव तमसः प्रतियोगित्वं विना तदनुभविचक्षुर्वृत्तिमात्रस्य सूर्यच्छटोद्दीपितमुकुरच्छाताया वा तमःप्रतियोगित्वं घटते । तस्मान् नूनं तस्यैव तत्प्रतियोगित्वं योग्योपाधिविशेषे तूपलभ्यते ।,नहि सूर्यस्य घटादेर् इव तमसः प्रतियोगित्वꣳ विना तदनुभविचक्षुर्वृत्तिमात्रस्य सूर्यच्छटोद्दीपितमुकुरच्छाताया वा तमःप्रतियोगित्वꣳ घटते । तस्मान् नूनꣳ तस्यैव तत्प्रतियोगित्वꣳ योग्योपाधिविशेषे तूपलभ्यते ।
82,vibhramaṁ tudati vākyajā matiḥ |,विभ्रमं तुदति वाक्यजा मतिः ।,विभ्रमꣳ तुदति वाक्यजा मतिः ।
83,vāsudeva-nihataṁ dhanañjayo,वासुदेवनिहतं धनञ्जयो,वासुदेवनिहतꣳ धनञ्जयो
84,hanti kaurava-kulaṁ yathā punaḥ || ,हन्ति कौरवकुलं यथा पुनः ॥ ,हन्ति कौरवकुलꣳ यथा पुनः ॥ 
85,iti ca dṛṣṭāntitaṁ bhavadbhir eva | tataḥ pūrvavad eva tasminn ubhaya-dharmāpātaḥ |,इति च दृष्टान्तितं भवद्भिर् एव । ततः पूर्ववद् एव तस्मिन्न् उभयधर्मापातः ।,इति च दृष्टान्तितꣳ भवद्भिर् एव । ततः पूर्ववद् एव तस्मिन्न् उभयधर्मापातः ।
87,"tathā ca tābhyāṁ śabdābhyāṁ svatas tatra praveśāsāmarthye sati, brahma-śabdasya bṛhattva-nirukti-balāt, satyaṁ jñānam anantaṁ brahma ity ādāv anantatvena ca śrutatvāj jahal-lakṣaṇayā te atitucche parityājye tayos tirguṇa-mayatvena ca jaḍa-duḥkhaika-rūpayor api sva-sānnidhyena tattāsphorakam anirdeśaym eka-rūpam eva vastūpasthāpyate | yena cetayate viśvam, eṣa hy evānandayati [tai.u. 2.7.1] śabdaś ca tathā tasmāt tat-tad-upādhi-parityāgāyaiva śabda-dvayopanyāso, na tu dvi-dharmatā-vivakṣayā | tathā tat-tad-upādhāv eva tat-tad-bheda-vyavahāro na tūpahite tatrety etad api parihṛtaṁ bhavati |","तथा च ताभ्यां शब्दाभ्यां स्वतस् तत्र प्रवेशासामर्थ्ये सति, ब्रह्मशब्दस्य बृहत्त्वनिरुक्तिबलात्, सत्यं ज्ञानम् अनन्तं ब्रह्म इत्य् आदाव् अनन्तत्वेन च श्रुतत्वाज् जहल्लक्षणया ते अतितुच्छे परित्याज्ये तयोस् तिर्गुणमयत्वेन च जडदुःखैकरूपयोर् अपि स्वसान्निध्येन तत्तास्फोरकम् अनिर्देशय्म् एकरूपम् एव वस्तूपस्थाप्यते । येन चेतयते विश्वम्, एष ह्य् एवानन्दयति [तै.उ. २.७.१] शब्दश् च तथा तस्मात् तत्तदुपाधिपरित्यागायैव शब्दद्वयोपन्यासो, न तु द्विधर्मताविवक्षया । तथा तत्तदुपाधाव् एव तत्तद्भेदव्यवहारो न तूपहिते तत्रेत्य् एतद् अपि परिहृतं भवति ।","तथा च ताभ्याꣳ शब्दाभ्याꣳ स्वतस् तत्र प्रवेशासामर्थ्ये सति, ब्रह्मशब्दस्य बृहत्त्वनिरुक्तिबलात्, सत्यꣳ ज्ञानम् अनन्तꣳ ब्रह्म इत्य् आदाव् अनन्तत्वेन च श्रुतत्वाज् जहल्लक्षणया ते अतितुच्छे परित्याज्ये तयोस् तिर्गुणमयत्वेन च जडदुःखैकरूपयोर् अपि स्वसान्निध्येन तत्तास्फोरकम् अनिर्देशय्म् एकरूपम् एव वस्तूपस्थाप्यते । येन चेतयते विश्वम्, एष ह्य् एवानन्दयति [तै.उ. २.७.१] शब्दश् च तथा तस्मात् तत्तदुपाधिपरित्यागायैव शब्दद्वयोपन्यासो, न तु द्विधर्मताविवक्षया । तथा तत्तदुपाधाव् एव तत्तद्भेदव्यवहारो न तूपहिते तत्रेत्य् एतद् अपि परिहृतꣳ भवति ।"
88,"yadi ca tatra tatrāsambhūtāpi tattā tat-sānnidhye sphuratīti matam, tarhi tasminn api tat-tad-dharmāstitā eva svīkṛtā | darpaṇa-prāṅganādiṣu sañcārita-sva-dīptatā-śubhratādi-candrikā-sandohavat tatra dīptiḥ śubhratvam apy astīty eva sañcāritaṁ tat-tad-dharmatvam upalabhyate, anyatra dīpa-prabhādau na tu śubhratvam iti |","यदि च तत्र तत्रासम्भूतापि तत्ता तत्सान्निध्ये स्फुरतीति मतम्, तर्हि तस्मिन्न् अपि तत्तद्धर्मास्तिता एव स्वीकृता । दर्पणप्राङ्गनादिषु सञ्चारितस्वदीप्तताशुभ्रतादिचन्द्रिकासन्दोहवत् तत्र दीप्तिः शुभ्रत्वम् अप्य् अस्तीत्य् एव सञ्चारितं तत्तद्धर्मत्वम् उपलभ्यते, अन्यत्र दीपप्रभादौ न तु शुभ्रत्वम् इति ।","यदि च तत्र तत्रासम्भूतापि तत्ता तत्सान्निध्ये स्फुरतीति मतम्, तर्हि तस्मिन्न् अपि तत्तद्धर्मास्तिता एव स्वीकृता । दर्पणप्राङ्गनादिषु सञ्चारितस्वदीप्तताशुभ्रतादिचन्द्रिकासन्दोहवत् तत्र दीप्तिः शुभ्रत्वम् अप्य् अस्तीत्य् एव सञ्चारितꣳ तत्तद्धर्मत्वम् उपलभ्यते, अन्यत्र दीपप्रभादौ न तु शुभ्रत्वम् इति ।"
89,"dārṣṭāntike’pi nīlādy-ākārāyām ullāsa-rūpāyāṁ cāntar-vṛttau jaḍa-pratiyoga-gamyatayā duḥkha-pratiyoga-gamyatayā cānyonyaṁ bheda-vṛttiṁ janayan yo yo bhāva-viśeṣa upalabhyate, sa sa upādhi-bhūtayos tayos triguṇa-mayatvenātad-dharmatvād atad-apohe tasya tasyāvaśiṣyamānatvena sva-prakāśatvena ca śuddhatvād upahita-rūpam evety avasīyate |","दार्ष्टान्तिकेऽपि नीलाद्याकारायाम् उल्लासरूपायां चान्तर्वृत्तौ जडप्रतियोगगम्यतया दुःखप्रतियोगगम्यतया चान्योन्यं भेदवृत्तिं जनयन् यो यो भावविशेष उपलभ्यते, स स उपाधिभूतयोस् तयोस् त्रिगुणमयत्वेनातद्धर्मत्वाद् अतदपोहे तस्य तस्यावशिष्यमानत्वेन स्वप्रकाशत्वेन च शुद्धत्वाद् उपहितरूपम् एवेत्य् अवसीयते ।","दार्ष्टान्तिकेऽपि नीलाद्याकारायाम् उल्लासरूपायाꣳ चान्तर्वृत्तौ जडप्रतियोगगम्यतया दुःखप्रतियोगगम्यतया चान्योन्यꣳ भेदवृत्तिꣳ जनयन् यो यो भावविशेष उपलभ्यते, स स उपाधिभूतयोस् तयोस् त्रिगुणमयत्वेनातद्धर्मत्वाद् अतदपोहे तस्य तस्यावशिष्यमानत्वेन स्वप्रकाशत्वेन च शुद्धत्वाद् उपहितरूपम् एवेत्य् अवसीयते ।"
91,"yadi caivam ucyate, na taj-jñānānanda-rūpaṁ na ca jaḍa-duḥkha-pratiyogi yathā ca jaḍa-duḥkha-vilakṣaṇaṁ tad iti, tadā na kiñcid api syād iti śūnya-vāda-prasaktiḥ |","यदि चैवम् उच्यते, न तज्ज्ञानानन्दरूपं न च जडदुःखप्रतियोगि यथा च जडदुःखविलक्षणं तद् इति, तदा न किञ्चिद् अपि स्याद् इति शून्यवादप्रसक्तिः ।","यदि चैवम् उच्यते, न तज्ज्ञानानन्दरूपꣳ न च जडदुःखप्रतियोगि यथा च जडदुःखविलक्षणꣳ तद् इति, तदा न किञ्चिद् अपि स्याद् इति शून्यवादप्रसक्तिः ।"
92,"kiṁ bahunā parama-pramāṇa-bhūtasya vedasya svārasyam eva kevalaikye nāsti, sarvasyaiva vākyasya lakṣaṇayānyarthī-kriyamāṇatvāt | tataś ca paramāptatā-virahāt, atra tu tatrāpi svarūpa-lakṣaṇatvam eva | tato vijñānam itīdaṁ vākyaṁ na kiñcid api vyavadhānaṁ sahata iti sākṣād eva tat-tad-abhidhāne paryavasite katham ivānyā gati-kriyopapadyatāṁ ?","किं बहुना परमप्रमाणभूतस्य वेदस्य स्वारस्यम् एव केवलैक्ये नास्ति, सर्वस्यैव वाक्यस्य लक्षणयान्यर्थीक्रियमाणत्वात् । ततश् च परमाप्तताविरहात्, अत्र तु तत्रापि स्वरूपलक्षणत्वम् एव । ततो विज्ञानम् इतीदं वाक्यं न किञ्चिद् अपि व्यवधानं सहत इति साक्षाद् एव तत्तदभिधाने पर्यवसिते कथम् इवान्या गतिक्रियोपपद्यतां ?","किꣳ बहुना परमप्रमाणभूतस्य वेदस्य स्वारस्यम् एव केवलैक्ये नास्ति, सर्वस्यैव वाक्यस्य लक्षणयान्यर्थीक्रियमाणत्वात् । ततश् च परमाप्तताविरहात्, अत्र तु तत्रापि स्वरूपलक्षणत्वम् एव । ततो विज्ञानम् इतीदꣳ वाक्यꣳ न किञ्चिद् अपि व्यवधानꣳ सहत इति साक्षाद् एव तत्तदभिधाने पर्यवसिते कथम् इवान्या गतिक्रियोपपद्यताꣳ ?"
93,"na ca jāti-guṇādi-hīnatayā tatra śabdaḥ sākṣān na pravarteta iti yad-vākyaṁ svarūpa-śabdavat tasya svarūpālambana-saṅketena ca pravartayituṁ śakyatvāt | yat tu yato vāco nivartante [tai.u. 2.4.1] ity ādikaṁ śrūyate, tad idam īdṛśam iyaṁ parimāṇaṁ veti nirdeśāsāmarthya-param eva alaukikatvād anantatvāt |","न च जातिगुणादिहीनतया तत्र शब्दः साक्षान् न प्रवर्तेत इति यद्वाक्यं स्वरूपशब्दवत् तस्य स्वरूपालम्बनसङ्केतेन च प्रवर्तयितुं शक्यत्वात् । यत् तु यतो वाचो निवर्तन्ते [तै.उ. २.४.१] इत्य् आदिकं श्रूयते, तद् इदम् ईदृशम् इयं परिमाणं वेति निर्देशासामर्थ्यपरम् एव अलौकिकत्वाद् अनन्तत्वात् ।","न च जातिगुणादिहीनतया तत्र शब्दः साक्षान् न प्रवर्तेत इति यद्वाक्यꣳ स्वरूपशब्दवत् तस्य स्वरूपालम्बनसङ्केतेन च प्रवर्तयितुꣳ शक्यत्वात् । यत् तु यतो वाचो निवर्तन्ते [तै.उ. २.४.१] इत्य् आदिकꣳ श्रूयते, तद् इदम् ईदृशम् इयꣳ परिमाणꣳ वेति निर्देशासामर्थ्यपरम् एव अलौकिकत्वाद् अनन्तत्वात् ।"
94,agre’pi sayuktika-vicāraṇaṁ svayam eva bhavatā tattā-śabdena parāmṛṣṭāyāḥ sukhatāyāḥ sphorakam anirdeśyam avyavahāryaṁ vastv ekam ity uktvā tat-tac-chabda-pravartanāt | etasyaivānandasyānyāni bhūtāni mātrām upajīvanti [bṛ.ā.u. 4.3.32] ity ādiṣu śrutiṣv api tatraiva mukhya-vṛtty-ānanda-śabda-pravṛtti-darśanāt | adṛṣṭam avyavahāryam avyapadeśyaṁ sukham ity ādiṣv api tathā-bhūtatve’pi sukha-śabda-prayogāt | ānanda-mayo’bhyāsāt [ve.sū. 1.1.12] ity ādi-nyāya-prasiddhāc ca |,अग्रेऽपि सयुक्तिकविचारणं स्वयम् एव भवता तत्ताशब्देन परामृष्टायाः सुखतायाः स्फोरकम् अनिर्देश्यम् अव्यवहार्यं वस्त्व् एकम् इत्य् उक्त्वा तत्तच्छब्दप्रवर्तनात् । एतस्यैवानन्दस्यान्यानि भूतानि मात्राम् उपजीवन्ति [बृ.आ.उ. ४.३.३२] इत्य् आदिषु श्रुतिष्व् अपि तत्रैव मुख्यवृत्त्यानन्दशब्दप्रवृत्तिदर्शनात् । अदृष्टम् अव्यवहार्यम् अव्यपदेश्यं सुखम् इत्य् आदिष्व् अपि तथाभूतत्वेऽपि सुखशब्दप्रयोगात् । आनन्दमयोऽभ्यासात् [वे.सू. १.१.१२] इत्य् आदिन्यायप्रसिद्धाच् च ।,अग्रेऽपि सयुक्तिकविचारणꣳ स्वयम् एव भवता तत्ताशब्देन परामृष्टायाः सुखतायाः स्फोरकम् अनिर्देश्यम् अव्यवहार्यꣳ वस्त्व् एकम् इत्य् उक्त्वा तत्तच्छब्दप्रवर्तनात् । एतस्यैवानन्दस्यान्यानि भूतानि मात्राम् उपजीवन्ति [बृ.आ.उ. ४.३.३२] इत्य् आदिषु श्रुतिष्व् अपि तत्रैव मुख्यवृत्त्यानन्दशब्दप्रवृत्तिदर्शनात् । अदृष्टम् अव्यवहार्यम् अव्यपदेश्यꣳ सुखम् इत्य् आदिष्व् अपि तथाभूतत्वेऽपि सुखशब्दप्रयोगात् । आनन्दमयोऽभ्यासात् [वे.सू. १.१.१२] इत्य् आदिन्यायप्रसिद्धाच् च ।
95,"kiṁ cedaṁ pṛcchāmaḥ, tad ānanda-rūpaṁ bhavati na vā ? bhavati cet, āyātā asya tat-saṁjñā duḥkha-pratiyogitvaṁ ca, neti cet apuruṣārthatvam | tasmātd ānanda-rūpaṁ bhavati | kintu na loka-prasiddhānanda-rūpaṁ tad ity eva vācyam iti sthite tv asmākam eva samīcīnaḥ panthāḥ | evaṁ satyaṁ jñānam anantaṁ [tai.u. 2.1.1] ity atrāpi satyatvādi-dharma-bhedas tatra vivecanīyaḥ | atrāpy asatya-jaḍa-paricchinna-vyāvartam api dharma-viśeṣa eva ||","किं चेदं पृच्छामः, तद् आनन्दरूपं भवति न वा ? भवति चेत्, आयाता अस्य तत्संज्ञा दुःखप्रतियोगित्वं च, नेति चेत् अपुरुषार्थत्वम् । तस्मात्द् आनन्दरूपं भवति । किन्तु न लोकप्रसिद्धानन्दरूपं तद् इत्य् एव वाच्यम् इति स्थिते त्व् अस्माकम् एव समीचीनः पन्थाः । एवं सत्यं ज्ञानम् अनन्तं [तै.उ. २.१.१] इत्य् अत्रापि सत्यत्वादिधर्मभेदस् तत्र विवेचनीयः । अत्राप्य् असत्यजडपरिच्छिन्नव्यावर्तम् अपि धर्मविशेष एव ॥","किꣳ चेदꣳ पृच्छामः, तद् आनन्दरूपꣳ भवति न वा ? भवति चेत्, आयाता अस्य तत्सꣳज्ञा दुःखप्रतियोगित्वꣳ च, नेति चेत् अपुरुषार्थत्वम् । तस्मात्द् आनन्दरूपꣳ भवति । किन्तु न लोकप्रसिद्धानन्दरूपꣳ तद् इत्य् एव वाच्यम् इति स्थिते त्व् अस्माकम् एव समीचीनः पन्थाः । एवꣳ सत्यꣳ ज्ञानम् अनन्तꣳ [तै.उ. २.१.१] इत्य् अत्रापि सत्यत्वादिधर्मभेदस् तत्र विवेचनीयः । अत्राप्य् असत्यजडपरिच्छिन्नव्यावर्तम् अपि धर्मविशेष एव ॥"
96,"yady evam ucyate, yathā—śauklyādikasya kārṣṇādi-vyāvartanam api tat-padārtha-svarūpam eva na dharmāntaraṁ tatheti, tadā tad-vyāvṛtti-yogyatāstīty avaśyaṁ mantavyam | yogyatā ca—śaktir eveti “ghaṭṭa-kuṭyām eva prabhātam” | ghaṭṭa-kuṭī-prabhāta-nyāyaḥ, ghaṭṭo nadī-tīrādi-sthānaṁ, ghāṭa iti bhāṣāyāṁ prasiddhas tatra kuṭī vaṇig-ādibhyo rāja-grāhya-bhāga-grāhaka-rāja-bhṛtya-nivāsārtha-sthāna-viśeṣaḥ | yathā ghaṭṭa-kuṭī-sthebhyaḥ kara-grāhibhyo bhītyā rātrau palāyitānāṁ pathityatāṁ vaṇijāṁ dūre gatvāpi yathā bhrānti-vaśāt tatra ghaṭṭa-kuṭyām eva prabhātodayas tathā prakṛte’pi | ","यद्य् एवम् उच्यते, यथा—शौक्ल्यादिकस्य कार्ष्णादिव्यावर्तनम् अपि तत्पदार्थस्वरूपम् एव न धर्मान्तरं तथेति, तदा तद्व्यावृत्तियोग्यतास्तीत्य् अवश्यं मन्तव्यम् । योग्यता च—शक्तिर् एवेति “घट्टकुट्याम् एव प्रभातम्” । घट्टकुटीप्रभातन्यायः, घट्टो नदीतीरादिस्थानं, घाट इति भाषायां प्रसिद्धस् तत्र कुटी वणिगादिभ्यो राजग्राह्यभागग्राहकराजभृत्यनिवासार्थस्थानविशेषः । यथा घट्टकुटीस्थेभ्यः करग्राहिभ्यो भीत्या रात्रौ पलायितानां पथित्यतां वणिजां दूरे गत्वापि यथा भ्रान्तिवशात् तत्र घट्टकुट्याम् एव प्रभातोदयस् तथा प्रकृतेऽपि । ","यद्य् एवम् उच्यते, यथा—शौक्ल्यादिकस्य कार्ष्णादिव्यावर्तनम् अपि तत्पदार्थस्वरूपम् एव न धर्मान्तरꣳ तथेति, तदा तद्व्यावृत्तियोग्यतास्तीत्य् अवश्यꣳ मन्तव्यम् । योग्यता च—शक्तिर् एवेति “घट्टकुट्याम् एव प्रभातम्” । घट्टकुटीप्रभातन्यायः, घट्टो नदीतीरादिस्थानꣳ, घाट इति भाषायाꣳ प्रसिद्धस् तत्र कुटी वणिगादिभ्यो राजग्राह्यभागग्राहकराजभृत्यनिवासार्थस्थानविशेषः । यथा घट्टकुटीस्थेभ्यः करग्राहिभ्यो भीत्या रात्रौ पलायितानाꣳ पथित्यताꣳ वणिजाꣳ दूरे गत्वापि यथा भ्रान्तिवशात् तत्र घट्टकुट्याम् एव प्रभातोदयस् तथा प्रकृतेऽपि । "
97,evam evoktaṁ śrī-rāmānuja-śārīraka-bhāṣye (1.1.1)—,एवम् एवोक्तं श्रीरामानुजशारीरकभाष्ये (१।१।१)—,एवम् एवोक्तꣳ श्रीरामानुजशारीरकभाष्ये (१.१.१)—
99,"tatraivānyatroktaṁ—satyaṁ jñānam anantaṁ brahma [tai.u. 2.1.1] ity atrāpi sāmānādhikaraṇyasyāneka-viśeṣaṇa-viśiṣṭaikārthbhidhāna-vyutpattyā na nirviśeṣa-vastu-siddhiḥ | pravṛtti-nimitta-bhedenaikārtha-vṛttitvaṁ hi sāmānādhikaraṇyam | tatra satya-jñānādi-pada-mukhyārthair guṇais tat-tad-guṇa-virodhy-ākāra-pratyanīkākārair vā ekasminn evārthe padānāṁ pravṛttau nimitta-bhedo’vaśyāśrayaṇīyaḥ | iyāṁś ca viśeṣaḥ—ekasmin pakṣe padānāṁ mukhyārthatā, aparasmiṁś ca teṣāṁ lakṣaṇā | na cājñānādīnāṁ pratyanīkatā vastu-svarūpam eva | ekenaiva padena svarūpaṁ pratipannam iti padāntara-prayoga-vaiyarthyāt | tathā sati sāmānādhikaraṇyāsiddhiś ca, ekasmin vastuni vartamānānāṁ padānāṁ nimitta-bhedānāśrayaṇāt | na caikasyaivārthasya viśeṣaṇa-bhedena viśiṣṭatā-bhedād anekārthatvaṁ padānāṁ sāmānādhikaraṇya-virodhi | ekasyaiva vastuna aneka-viśeṣaṇa-viśiṣṭatā-pratipādana-paratvāt sāmānādhikaraṇasya | bhinna-pravṛtti-nimittānāṁ śabdānām ekasminn arthe vṛttiḥ sāmānādhikaraṇyam iti hi śābdikāḥ |","तत्रैवान्यत्रोक्तं—सत्यं ज्ञानम् अनन्तं ब्रह्म [तै.उ. २.१.१] इत्य् अत्रापि सामानाधिकरण्यस्यानेकविशेषणविशिष्टैकार्थ्भिधानव्युत्पत्त्या न निर्विशेषवस्तुसिद्धिः । प्रवृत्तिनिमित्तभेदेनैकार्थवृत्तित्वं हि सामानाधिकरण्यम् । तत्र सत्यज्ञानादिपदमुख्यार्थैर् गुणैस् तत्तद्गुणविरोध्याकारप्रत्यनीकाकारैर् वा एकस्मिन्न् एवार्थे पदानां प्रवृत्तौ निमित्तभेदोऽवश्याश्रयणीयः । इयांश् च विशेषः—एकस्मिन् पक्षे पदानां मुख्यार्थता, अपरस्मिंश् च तेषां लक्षणा । न चाज्ञानादीनां प्रत्यनीकता वस्तुस्वरूपम् एव । एकेनैव पदेन स्वरूपं प्रतिपन्नम् इति पदान्तरप्रयोगवैयर्थ्यात् । तथा सति सामानाधिकरण्यासिद्धिश् च, एकस्मिन् वस्तुनि वर्तमानानां पदानां निमित्तभेदानाश्रयणात् । न चैकस्यैवार्थस्य विशेषणभेदेन विशिष्टताभेदाद् अनेकार्थत्वं पदानां सामानाधिकरण्यविरोधि । एकस्यैव वस्तुन अनेकविशेषणविशिष्टताप्रतिपादनपरत्वात् सामानाधिकरणस्य । भिन्नप्रवृत्तिनिमित्तानां शब्दानाम् एकस्मिन्न् अर्थे वृत्तिः सामानाधिकरण्यम् इति हि शाब्दिकाः ।","तत्रैवान्यत्रोक्तꣳ—सत्यꣳ ज्ञानम् अनन्तꣳ ब्रह्म [तै.उ. २.१.१] इत्य् अत्रापि सामानाधिकरण्यस्यानेकविशेषणविशिष्टैकार्थ्भिधानव्युत्पत्त्या न निर्विशेषवस्तुसिद्धिः । प्रवृत्तिनिमित्तभेदेनैकार्थवृत्तित्वꣳ हि सामानाधिकरण्यम् । तत्र सत्यज्ञानादिपदमुख्यार्थैर् गुणैस् तत्तद्गुणविरोध्याकारप्रत्यनीकाकारैर् वा एकस्मिन्न् एवार्थे पदानाꣳ प्रवृत्तौ निमित्तभेदोऽवश्याश्रयणीयः । इयाꣳश् च विशेषः—एकस्मिन् पक्षे पदानाꣳ मुख्यार्थता, अपरस्मिꣳश् च तेषाꣳ लक्षणा । न चाज्ञानादीनाꣳ प्रत्यनीकता वस्तुस्वरूपम् एव । एकेनैव पदेन स्वरूपꣳ प्रतिपन्नम् इति पदान्तरप्रयोगवैयर्थ्यात् । तथा सति सामानाधिकरण्यासिद्धिश् च, एकस्मिन् वस्तुनि वर्तमानानाꣳ पदानाꣳ निमित्तभेदानाश्रयणात् । न चैकस्यैवार्थस्य विशेषणभेदेन विशिष्टताभेदाद् अनेकार्थत्वꣳ पदानाꣳ सामानाधिकरण्यविरोधि । एकस्यैव वस्तुन अनेकविशेषणविशिष्टताप्रतिपादनपरत्वात् सामानाधिकरणस्य । भिन्नप्रवृत्तिनिमित्तानाꣳ शब्दानाम् एकस्मिन्न् अर्थे वृत्तिः सामानाधिकरण्यम् इति हि शाब्दिकाः ।"
100,"tasmād evam evātra vaktavyam | bhinnatvenopalabhyamānābhyām api vijñānānanda-śabdābhyāṁ na tasya dvy-ātmakatā, kintv ekam eva vastu svarūpa-prakāśa-vaiśiṣṭyena bhinnatayā nirūpyate | kenāpi jñānam iti kenāpi tv ānandam iti, yathā candra-candrikā-sandoha-śuklo’yam iti jyotir idam iti ca | ","तस्माद् एवम् एवात्र वक्तव्यम् । भिन्नत्वेनोपलभ्यमानाभ्याम् अपि विज्ञानानन्दशब्दाभ्यां न तस्य द्व्यात्मकता, किन्त्व् एकम् एव वस्तु स्वरूपप्रकाशवैशिष्ट्येन भिन्नतया निरूप्यते । केनापि ज्ञानम् इति केनापि त्व् आनन्दम् इति, यथा चन्द्रचन्द्रिकासन्दोहशुक्लोऽयम् इति ज्योतिर् इदम् इति च । ","तस्माद् एवम् एवात्र वक्तव्यम् । भिन्नत्वेनोपलभ्यमानाभ्याम् अपि विज्ञानानन्दशब्दाभ्याꣳ न तस्य द्व्यात्मकता, किन्त्व् एकम् एव वस्तु स्वरूपप्रकाशवैशिष्ट्येन भिन्नतया निरूप्यते । केनापि ज्ञानम् इति केनापि त्व् आनन्दम् इति, यथा चन्द्रचन्द्रिकासन्दोहशुक्लोऽयम् इति ज्योतिर् इदम् इति च । "
101,"na ca satyatvānandatvābhyāṁ tad-bhedaṁ bhajate tayos tad-dharma-rūpatvāt, yathā pracuro’yaṁ prakāśaś candra ity atra pracuratvena candramā iti | tathā sa-viśeṣa-brahma-jñānam avidyā-nivṛttaye upadiśyate | yathā—","न च सत्यत्वानन्दत्वाभ्यां तद्भेदं भजते तयोस् तद्धर्मरूपत्वात्, यथा प्रचुरोऽयं प्रकाशश् चन्द्र इत्य् अत्र प्रचुरत्वेन चन्द्रमा इति । तथा सविशेषब्रह्मज्ञानम् अविद्यानिवृत्तये उपदिश्यते । यथा—","न च सत्यत्वानन्दत्वाभ्याꣳ तद्भेदꣳ भजते तयोस् तद्धर्मरूपत्वात्, यथा प्रचुरोऽयꣳ प्रकाशश् चन्द्र इत्य् अत्र प्रचुरत्वेन चन्द्रमा इति । तथा सविशेषब्रह्मज्ञानम् अविद्यानिवृत्तये उपदिश्यते । यथा—"
102,vedāham etaṁ puruṣaṁ mahāntam,वेदाहम् एतं पुरुषं महान्तम्,वेदाहम् एतꣳ पुरुषꣳ महान्तम्
103,āditya-varṇaṁ tamasaḥ parastāt |,आदित्यवर्णं तमसः परस्तात् ।,आदित्यवर्णꣳ तमसः परस्तात् ।
108,ya enaṁ vidur amṛtās te bhavanti || [ma.nā.u. 1.8],य एनं विदुर् अमृतास् ते भवन्ति ॥ [म.ना.उ. १.८],य एनꣳ विदुर् अमृतास् ते भवन्ति ॥ [म.ना.उ. १.८]
109,"evaṁ sūtra-kāram ata eva tasyānandaika-rūpatayā prakāśe’py udaya-bhedā ānanda-mayo’bhyāsād iti dṛśyate, yathā hi ānanda-mayo’bhyāsāt [ve.sū. 1.1.12] ity ādi-prakaraṇam | taittirīyake—anna-mayaṁ prāṇa-mayaṁ mano-mayaṁ vijñāna-mayaṁ ca śiraḥ-pakṣādi-rūpakeṇānukramyāmnāyate | tasmād vā etasmād vijñāna-mayād anyo’ntarāntā ānanda-mayaḥ—tasya priyam eva, śiro modo dakṣiṇaḥ pakṣa, modo dakṣiṇaḥ pakṣaḥ, pramoda uttaraḥ pakṣaḥ | ānanda ātmā | brahma pucchaṁ pratiṣṭhā || iti | ","एवं सूत्रकारम् अत एव तस्यानन्दैकरूपतया प्रकाशेऽप्य् उदयभेदा आनन्दमयोऽभ्यासाद् इति दृश्यते, यथा हि आनन्दमयोऽभ्यासात् [वे.सू. १.१.१२] इत्य् आदिप्रकरणम् । तैत्तिरीयके—अन्नमयं प्राणमयं मनोमयं विज्ञानमयं च शिरःपक्षादिरूपकेणानुक्रम्याम्नायते । तस्माद् वा एतस्माद् विज्ञानमयाद् अन्योऽन्तरान्ता आनन्दमयः—तस्य प्रियम् एव, शिरो मोदो दक्षिणः पक्ष, मोदो दक्षिणः पक्षः, प्रमोद उत्तरः पक्षः । आनन्द आत्मा । ब्रह्म पुच्छं प्रतिष्ठा ॥ इति । ","एवꣳ सूत्रकारम् अत एव तस्यानन्दैकरूपतया प्रकाशेऽप्य् उदयभेदा आनन्दमयोऽभ्यासाद् इति दृश्यते, यथा हि आनन्दमयोऽभ्यासात् [वे.सू. १.१.१२] इत्य् आदिप्रकरणम् । तैत्तिरीयके—अन्नमयꣳ प्राणमयꣳ मनोमयꣳ विज्ञानमयꣳ च शिरःपक्षादिरूपकेणानुक्रम्याम्नायते । तस्माद् वा एतस्माद् विज्ञानमयाद् अन्योऽन्तरान्ता आनन्दमयः—तस्य प्रियम् एव, शिरो मोदो दक्षिणः पक्ष, मोदो दक्षिणः पक्षः, प्रमोद उत्तरः पक्षः । आनन्द आत्मा । ब्रह्म पुच्छꣳ प्रतिष्ठा ॥ इति । "
110,"tatra saṁśayaḥ—kim idam ānanda-maya-śabdena param eva brahmocyate ? kiṁ vānna-mayādivad brahmaṇo’rthāntaram iti ? tatra brahma pucchaṁ pratiṣṭheti, brahma-śabda-yoga-balena puccha-śabda-vyapadiṣṭasyaiva brahmatve labdha ity ucyate—ānanda-mayo’bhyāsāt [ve.sū. 1.1.12] brahma-śabdo’trādhikāra-labdhaḥ | sa cānanda-maya iti prathamānta-pāṭhāt prathamānta eva anusmaryate | ākāśas tal-liṅgāt [ve.sū. 1.1.23] ity ādivat |","तत्र संशयः—किम् इदम् आनन्दमयशब्देन परम् एव ब्रह्मोच्यते ? किं वान्नमयादिवद् ब्रह्मणोऽर्थान्तरम् इति ? तत्र ब्रह्म पुच्छं प्रतिष्ठेति, ब्रह्मशब्दयोगबलेन पुच्छशब्दव्यपदिष्टस्यैव ब्रह्मत्वे लब्ध इत्य् उच्यते—आनन्दमयोऽभ्यासात् [वे.सू. १.१.१२] ब्रह्मशब्दोऽत्राधिकारलब्धः । स चानन्दमय इति प्रथमान्तपाठात् प्रथमान्त एव अनुस्मर्यते । आकाशस् तल्लिङ्गात् [वे.सू. १.१.२३] इत्य् आदिवत् ।","तत्र सꣳशयः—किम् इदम् आनन्दमयशब्देन परम् एव ब्रह्मोच्यते ? किꣳ वान्नमयादिवद् ब्रह्मणोऽर्थान्तरम् इति ? तत्र ब्रह्म पुच्छꣳ प्रतिष्ठेति, ब्रह्मशब्दयोगबलेन पुच्छशब्दव्यपदिष्टस्यैव ब्रह्मत्वे लब्ध इत्य् उच्यते—आनन्दमयोऽभ्यासात् [वे.सू. १.१.१२] ब्रह्मशब्दोऽत्राधिकारलब्धः । स चानन्दमय इति प्रथमान्तपाठात् प्रथमान्त एव अनुस्मर्यते । आकाशस् तल्लिङ्गात् [वे.सू. १.१.२३] इत्य् आदिवत् ।"
111,"tataś cāyam arthaḥ—ānandamaya-sannidhāne—so’kāmayata bahu syāṁ prajāyeya [tai.u. 2.6.2] iti | tat-prabhṛtyante caitam ānanda-mayam upasaṅkrāmatīti | tathā caturveda-śikhāyām api—sa śiraḥ sa dakṣiṇaḥ pakṣaḥ, sa utaṁraḥ pakṣaḥ, sa ātmā, sa pucchaḥ iti cābhyāsa śravaṇād ānanda-maya ātmaiva para-brahma | asann eva sa bhavati [tai.u. 2.6.1] ity ādikaṁ tv artha-vādaḥ praśaṁsā-vākyam eva, nābhyāsa-vākyaṁ śloka-śabdenoktatvāt praśaṁsā-garbhatvāc ca |","ततश् चायम् अर्थः—आनन्दमयसन्निधाने—सोऽकामयत बहु स्यां प्रजायेय [तै.उ. २.६.२] इति । तत्प्रभृत्यन्ते चैतम् आनन्दमयम् उपसङ्क्रामतीति । तथा चतुर्वेदशिखायाम् अपि—स शिरः स दक्षिणः पक्षः, स उतंरः पक्षः, स आत्मा, स पुच्छः इति चाभ्यास श्रवणाद् आनन्दमय आत्मैव परब्रह्म । असन्न् एव स भवति [तै.उ. २.६.१] इत्य् आदिकं त्व् अर्थवादः प्रशंसावाक्यम् एव, नाभ्यासवाक्यं श्लोकशब्देनोक्तत्वात् प्रशंसागर्भत्वाच् च ।","ततश् चायम् अर्थः—आनन्दमयसन्निधाने—सोऽकामयत बहु स्याꣳ प्रजायेय [तै.उ. २.६.२] इति । तत्प्रभृत्यन्ते चैतम् आनन्दमयम् उपसङ्क्रामतीति । तथा चतुर्वेदशिखायाम् अपि—स शिरः स दक्षिणः पक्षः, स उतꣳरः पक्षः, स आत्मा, स पुच्छः इति चाभ्यास श्रवणाद् आनन्दमय आत्मैव परब्रह्म । असन्न् एव स भवति [तै.उ. २.६.१] इत्य् आदिकꣳ त्व् अर्थवादः प्रशꣳसावाक्यम् एव, नाभ्यासवाक्यꣳ श्लोकशब्देनोक्तत्वात् प्रशꣳसागर्भत्वाच् च ।"
112,"puccha eva brahma-śabda-yogas tu tatrānandasya samyag-udayotkarṣa-vyañjakaḥ | ataḥ pratiṣṭhātvaṁ ca, ataḥ pucchatvopari sarvottarodayitvād eva rūpyate | tataś ca tad eva pucchaṁ sa eva priyādīnāṁ nijodaya-viśeṣāṇām avayavī sann ānanda-maya ity āyātam | kintu puccha-saṁjñe tasmin nirviśeṣatayā āvirbhāvād avayavatva-nirūpaṇam |","पुच्छ एव ब्रह्मशब्दयोगस् तु तत्रानन्दस्य सम्यगुदयोत्कर्षव्यञ्जकः । अतः प्रतिष्ठात्वं च, अतः पुच्छत्वोपरि सर्वोत्तरोदयित्वाद् एव रूप्यते । ततश् च तद् एव पुच्छं स एव प्रियादीनां निजोदयविशेषाणाम् अवयवी सन्न् आनन्दमय इत्य् आयातम् । किन्तु पुच्छसंज्ञे तस्मिन् निर्विशेषतया आविर्भावाद् अवयवत्वनिरूपणम् ।","पुच्छ एव ब्रह्मशब्दयोगस् तु तत्रानन्दस्य सम्यगुदयोत्कर्षव्यञ्जकः । अतः प्रतिष्ठात्वꣳ च, अतः पुच्छत्वोपरि सर्वोत्तरोदयित्वाद् एव रूप्यते । ततश् च तद् एव पुच्छꣳ स एव प्रियादीनाꣳ निजोदयविशेषाणाम् अवयवी सन्न् आनन्दमय इत्य् आयातम् । किन्तु पुच्छसꣳज्ञे तस्मिन् निर्विशेषतया आविर्भावाद् अवयवत्वनिरूपणम् ।"
113,"ānanda-maye tu priyādibhiḥ sa-viśeṣatayaiva prakaṭopalambhād avayavtiva-nirūpaṇam ity eva viśeṣaḥ | tasmād anenānanda-mayādhikaraṇena para-brahmaṇa eva śuddhodaya-viśeṣatvaṁ sādhyaṁ priyādiṣu, tad-vyatiriktatvaṁ tu anna-mayādiṣu |","आनन्दमये तु प्रियादिभिः सविशेषतयैव प्रकटोपलम्भाद् अवयव्तिवनिरूपणम् इत्य् एव विशेषः । तस्माद् अनेनानन्दमयाधिकरणेन परब्रह्मण एव शुद्धोदयविशेषत्वं साध्यं प्रियादिषु, तद्व्यतिरिक्तत्वं तु अन्नमयादिषु ।","आनन्दमये तु प्रियादिभिः सविशेषतयैव प्रकटोपलम्भाद् अवयव्तिवनिरूपणम् इत्य् एव विशेषः । तस्माद् अनेनानन्दमयाधिकरणेन परब्रह्मण एव शुद्धोदयविशेषत्वꣳ साध्यꣳ प्रियादिषु, तद्व्यतिरिक्तत्वꣳ तु अन्नमयादिषु ।"
116,"ata eva tṛtīye adhyāye tṛtīya-pāde sūtra-kārair api, ānandādayaḥ pradhānasya [ve.sū. 3.3.11] ity anenānandādīnām ekatroktānām api sarvatropāsanāyāṁ samāhṛtiś cintitā | priyādīnāṁ tu sā parihṛtā | priya-śiras tv ādya-prāptir upacayāpacayau hi bhede [ve.sū. 3.3.12] ity anena tatraikasyaivānnamayādi-kramopāsakasya upāsanā bhūmikāroha-sthāna-bhede hi priyādi-śabdas tasyaiva ānanda-mayasya brahmaṇaḥ udayopacayāpacayau vivakṣitau | tato nānyatropāsanāyāṁ teṣām ānandāmayaḥ pradhānasya iti nyāyena prāptir ity arthaḥ | ","अत एव तृतीये अध्याये तृतीयपादे सूत्रकारैर् अपि, आनन्दादयः प्रधानस्य [वे.सू. ३.३.११] इत्य् अनेनानन्दादीनाम् एकत्रोक्तानाम् अपि सर्वत्रोपासनायां समाहृतिश् चिन्तिता । प्रियादीनां तु सा परिहृता । प्रियशिरस् त्व् आद्यप्राप्तिर् उपचयापचयौ हि भेदे [वे.सू. ३.३.१२] इत्य् अनेन तत्रैकस्यैवान्नमयादिक्रमोपासकस्य उपासना भूमिकारोहस्थानभेदे हि प्रियादिशब्दस् तस्यैव आनन्दमयस्य ब्रह्मणः उदयोपचयापचयौ विवक्षितौ । ततो नान्यत्रोपासनायां तेषाम् आनन्दामयः प्रधानस्य इति न्यायेन प्राप्तिर् इत्य् अर्थः । ","अत एव तृतीये अध्याये तृतीयपादे सूत्रकारैर् अपि, आनन्दादयः प्रधानस्य [वे.सू. ३.३.११] इत्य् अनेनानन्दादीनाम् एकत्रोक्तानाम् अपि सर्वत्रोपासनायाꣳ समाहृतिश् चिन्तिता । प्रियादीनाꣳ तु सा परिहृता । प्रियशिरस् त्व् आद्यप्राप्तिर् उपचयापचयौ हि भेदे [वे.सू. ३.३.१२] इत्य् अनेन तत्रैकस्यैवान्नमयादिक्रमोपासकस्य उपासना भूमिकारोहस्थानभेदे हि प्रियादिशब्दस् तस्यैव आनन्दमयस्य ब्रह्मणः उदयोपचयापचयौ विवक्षितौ । ततो नान्यत्रोपासनायाꣳ तेषाम् आनन्दामयः प्रधानस्य इति न्यायेन प्राप्तिर् इत्य् अर्थः । "
117,"nanu etam ānanda-mayam upasaṅkrāmati ity asyāḥ śruteḥ para-brahma-viṣayatvaṁ nāsti, anna-mayādīnām upasaṅkramitavyānāṁ pravāha-patitatvāt ? naivaṁ, tat-pravāha-patitatve’pi sarvāntaratvāt arundhatī-darśanavat pratipādya-rūpatvam eva prasajyeta | na copasaṅkramārthatvena tasya paratvaṁ pratihanyate, tad-āvirbhāva-mātrārthatvāt, yathā brahma-vid āpnoti paraṁ [tai.u. 2.1.2] iti |","ननु एतम् आनन्दमयम् उपसङ्क्रामति इत्य् अस्याः श्रुतेः परब्रह्मविषयत्वं नास्ति, अन्नमयादीनाम् उपसङ्क्रमितव्यानां प्रवाहपतितत्वात् ? नैवं, तत्प्रवाहपतितत्वेऽपि सर्वान्तरत्वात् अरुन्धतीदर्शनवत् प्रतिपाद्यरूपत्वम् एव प्रसज्येत । न चोपसङ्क्रमार्थत्वेन तस्य परत्वं प्रतिहन्यते, तदाविर्भावमात्रार्थत्वात्, यथा ब्रह्मविद् आप्नोति परं [तै.उ. २.१.२] इति ।","ननु एतम् आनन्दमयम् उपसङ्क्रामति इत्य् अस्याः श्रुतेः परब्रह्मविषयत्वꣳ नास्ति, अन्नमयादीनाम् उपसङ्क्रमितव्यानाꣳ प्रवाहपतितत्वात् ? नैवꣳ, तत्प्रवाहपतितत्वेऽपि सर्वान्तरत्वात् अरुन्धतीदर्शनवत् प्रतिपाद्यरूपत्वम् एव प्रसज्येत । न चोपसङ्क्रमार्थत्वेन तस्य परत्वꣳ प्रतिहन्यते, तदाविर्भावमात्रार्थत्वात्, यथा ब्रह्मविद् आप्नोति परꣳ [तै.उ. २.१.२] इति ।"
118,"kiṁ ca, upasaṅkrama-vacana eva viduṣā brahmatva-prāpti-phala-nirdeśāt tasyānyathātvaṁ na yujyate | ānanda-mayopasaṅkrama-nirdeśenaiva puccha-pratiṣṭhā-bhūta-brahma-prāptir nirdiṣṭeti cet, śrutiḥ kadarthitā syāt |","किं च, उपसङ्क्रमवचन एव विदुषा ब्रह्मत्वप्राप्तिफलनिर्देशात् तस्यान्यथात्वं न युज्यते । आनन्दमयोपसङ्क्रमनिर्देशेनैव पुच्छप्रतिष्ठाभूतब्रह्मप्राप्तिर् निर्दिष्टेति चेत्, श्रुतिः कदर्थिता स्यात् ।","किꣳ च, उपसङ्क्रमवचन एव विदुषा ब्रह्मत्वप्राप्तिफलनिर्देशात् तस्यान्यथात्वꣳ न युज्यते । आनन्दमयोपसङ्क्रमनिर्देशेनैव पुच्छप्रतिष्ठाभूतब्रह्मप्राप्तिर् निर्दिष्टेति चेत्, श्रुतिः कदर्थिता स्यात् ।"
119,"puccha-vādinām api puccha-pravāha-patitatvena brahmaṇo’pi pūrvavat pucchatvam evāpateta | tatra yadi vacanāntara-svārasyenāvayavatā syāt, tarhi ihāpi pūrva-darśitatvena bhaviṣyati | tathā, tasyaiṣa eva śārīra ātmā yaḥ pūrvasya tasmād vā etasmāt ity aneātmatvenopakrāntasyānanda-mayasyaiva sarvatra śārīratvaṁ pratipadyate | śruti-nirdiṣṭa-pṛthivy-ādi-lakṣaṇa-śarīrāntaryāmitvāpekṣayeti śarīratva-śravaṇam api na doṣāya | ","पुच्छवादिनाम् अपि पुच्छप्रवाहपतितत्वेन ब्रह्मणोऽपि पूर्ववत् पुच्छत्वम् एवापतेत । तत्र यदि वचनान्तरस्वारस्येनावयवता स्यात्, तर्हि इहापि पूर्वदर्शितत्वेन भविष्यति । तथा, तस्यैष एव शारीर आत्मा यः पूर्वस्य तस्माद् वा एतस्मात् इत्य् अनेआत्मत्वेनोपक्रान्तस्यानन्दमयस्यैव सर्वत्र शारीरत्वं प्रतिपद्यते । श्रुतिनिर्दिष्टपृथिव्यादिलक्षणशरीरान्तर्यामित्वापेक्षयेति शरीरत्वश्रवणम् अपि न दोषाय । ","पुच्छवादिनाम् अपि पुच्छप्रवाहपतितत्वेन ब्रह्मणोऽपि पूर्ववत् पुच्छत्वम् एवापतेत । तत्र यदि वचनान्तरस्वारस्येनावयवता स्यात्, तर्हि इहापि पूर्वदर्शितत्वेन भविष्यति । तथा, तस्यैष एव शारीर आत्मा यः पूर्वस्य तस्माद् वा एतस्मात् इत्य् अनेआत्मत्वेनोपक्रान्तस्यानन्दमयस्यैव सर्वत्र शारीरत्वꣳ प्रतिपद्यते । श्रुतिनिर्दिष्टपृथिव्यादिलक्षणशरीरान्तर्यामित्वापेक्षयेति शरीरत्वश्रवणम् अपि न दोषाय । "
120,"yad vānanda-mayatve’pi tasyaiva eva śārīra ātmā ity anena tasyāpy ātmānyaḥ śrūyate, tat tu tasyātmāntaraṁ nāstīti vivakṣayā, śilā-putrasya tu śilā-putra eva śarīram itivat | yathānyeṣām anna-mayasya prasiddha-śārīratva-niṣedhas tu—netaro’nupapatteḥ [ve.sū. 1.1.17] ity-ādau svayam eva sūtra-kāraiḥ kariṣyate |","यद् वानन्दमयत्वेऽपि तस्यैव एव शारीर आत्मा इत्य् अनेन तस्याप्य् आत्मान्यः श्रूयते, तत् तु तस्यात्मान्तरं नास्तीति विवक्षया, शिलापुत्रस्य तु शिलापुत्र एव शरीरम् इतिवत् । यथान्येषाम् अन्नमयस्य प्रसिद्धशारीरत्वनिषेधस् तु—नेतरोऽनुपपत्तेः [वे.सू. १.१.१७] इत्यादौ स्वयम् एव सूत्रकारैः करिष्यते ।","यद् वानन्दमयत्वेऽपि तस्यैव एव शारीर आत्मा इत्य् अनेन तस्याप्य् आत्मान्यः श्रूयते, तत् तु तस्यात्मान्तरꣳ नास्तीति विवक्षया, शिलापुत्रस्य तु शिलापुत्र एव शरीरम् इतिवत् । यथान्येषाम् अन्नमयस्य प्रसिद्धशारीरत्वनिषेधस् तु—नेतरोऽनुपपत्तेः [वे.सू. १.१.१७] इत्यादौ स्वयम् एव सूत्रकारैः करिष्यते ।"
121,"tasmād ānanda-maya-śabdena para-brahmevocyate | tathā so’kāmayata [tai.u.] iti, raso vai saḥ [tai.u. 2.6.1] iti puṁ-liṅgenaiva nirdeśād api sa eva, na tu puccham | tata etam ānanda-mayam ity atrāntima-vākye ca tan-nirdeśaḥ saṁvadate | tasmād vā etasmād ātmanaḥ śabdākarṣeṇa tan-nirdeśa-gatiś ca viprakarṣātiśaya eva parāhataḥ |","तस्माद् आनन्दमयशब्देन परब्रह्मेवोच्यते । तथा सोऽकामयत [तै.उ.] इति, रसो वै सः [तै.उ. २.६.१] इति पुंलिङ्गेनैव निर्देशाद् अपि स एव, न तु पुच्छम् । तत एतम् आनन्दमयम् इत्य् अत्रान्तिमवाक्ये च तन्निर्देशः संवदते । तस्माद् वा एतस्माद् आत्मनः शब्दाकर्षेण तन्निर्देशगतिश् च विप्रकर्षातिशय एव पराहतः ।","तस्माद् आनन्दमयशब्देन परब्रह्मेवोच्यते । तथा सोऽकामयत [तै.उ.] इति, रसो वै सः [तै.उ. २.६.१] इति पुꣳलिङ्गेनैव निर्देशाद् अपि स एव, न तु पुच्छम् । तत एतम् आनन्दमयम् इत्य् अत्रान्तिमवाक्ये च तन्निर्देशः सꣳवदते । तस्माद् वा एतस्माद् आत्मनः शब्दाकर्षेण तन्निर्देशगतिश् च विप्रकर्षातिशय एव पराहतः ।"
122,"kiṁ ca, satyaṁ jñānam anantaṁ brahma iti yal lakṣitaṁ tad eva tasmād vā etasmād ātmanaḥ ity anena nirdiśyate | tasya ca sarvāntaratvenātmatvaṁ vyañjayad vākyaṁ taṁ tam atikramya, anyo’ntara ātmānanda-mayaḥ [tai.ā. 5.2] ity ānanda-maya evātmatvaṁ samāpayati | tata ātmā śabda-karṣaṇenāpi sa evādyataḥ syāt | na cātmatvenānirdiṣṭaṁ puccham iti |","किं च, सत्यं ज्ञानम् अनन्तं ब्रह्म इति यल् लक्षितं तद् एव तस्माद् वा एतस्माद् आत्मनः इत्य् अनेन निर्दिश्यते । तस्य च सर्वान्तरत्वेनात्मत्वं व्यञ्जयद् वाक्यं तं तम् अतिक्रम्य, अन्योऽन्तर आत्मानन्दमयः [तै.आ. ५.२] इत्य् आनन्दमय एवात्मत्वं समापयति । तत आत्मा शब्दकर्षणेनापि स एवाद्यतः स्यात् । न चात्मत्वेनानिर्दिष्टं पुच्छम् इति ।","किꣳ च, सत्यꣳ ज्ञानम् अनन्तꣳ ब्रह्म इति यल् लक्षितꣳ तद् एव तस्माद् वा एतस्माद् आत्मनः इत्य् अनेन निर्दिश्यते । तस्य च सर्वान्तरत्वेनात्मत्वꣳ व्यञ्जयद् वाक्यꣳ तꣳ तम् अतिक्रम्य, अन्योऽन्तर आत्मानन्दमयः [तै.आ. ५.२] इत्य् आनन्दमय एवात्मत्वꣳ समापयति । तत आत्मा शब्दकर्षणेनापि स एवाद्यतः स्यात् । न चात्मत्वेनानिर्दिष्टꣳ पुच्छम् इति ।"
123,"evaṁ śrutibhir api puruṣa-vidho’nvayo’tra caramo’nna-mayādiṣu yaḥ, sad-asataḥ paraṁ tvam atha yad eṣv avaśeṣam ṛtaṁ [bhā.pu. 10.87.17] ity atrānna-mayādi-sāhacaryāt caramo’yam iti puṁliṅga-nirdeśāc cānanda-maya eva paraṁ brahmety aṅgīkriyate |","एवं श्रुतिभिर् अपि पुरुषविधोऽन्वयोऽत्र चरमोऽन्नमयादिषु यः, सदसतः परं त्वम् अथ यद् एष्व् अवशेषम् ऋतं [भा.पु. १०.८७.१७] इत्य् अत्रान्नमयादिसाहचर्यात् चरमोऽयम् इति पुंलिङ्गनिर्देशाच् चानन्दमय एव परं ब्रह्मेत्य् अङ्गीक्रियते ।","एवꣳ श्रुतिभिर् अपि पुरुषविधोऽन्वयोऽत्र चरमोऽन्नमयादिषु यः, सदसतः परꣳ त्वम् अथ यद् एष्व् अवशेषम् ऋतꣳ [भा.पु. १०.८७.१७] इत्य् अत्रान्नमयादिसाहचर्यात् चरमोऽयम् इति पुꣳलिङ्गनिर्देशाच् चानन्दमय एव परꣳ ब्रह्मेत्य् अङ्गीक्रियते ।"
125,"atha tatrāpy āśaṅkā sūtrayati—vikāra-śabdān neti cen na prācuryāt [ve.sū. 1.1.13] | atra prācurya eva mayaḍ-vihitaḥ, na vikāra ity arthaḥ | tad eka-vastuny api prācuryaṁ yujyate | pracura-prakāśo raviḥ itivat prācuryaṁ hy atra prakāśasya candrādy-apekṣayā | tataś ca prakāśaḥ prācuryeṇa prastuto’treti vivaruyā prakāśamayo raviḥ ity api syāt |","अथ तत्राप्य् आशङ्का सूत्रयति—विकारशब्दान् नेति चेन् न प्राचुर्यात् [वे.सू. १.१.१३] । अत्र प्राचुर्य एव मयड्विहितः, न विकार इत्य् अर्थः । तद् एकवस्तुन्य् अपि प्राचुर्यं युज्यते । प्रचुरप्रकाशो रविः इतिवत् प्राचुर्यं ह्य् अत्र प्रकाशस्य चन्द्राद्यपेक्षया । ततश् च प्रकाशः प्राचुर्येण प्रस्तुतोऽत्रेति विवरुया प्रकाशमयो रविः इत्य् अपि स्यात् ।","अथ तत्राप्य् आशङ्का सूत्रयति—विकारशब्दान् नेति चेन् न प्राचुर्यात् [वे.सू. १.१.१३] । अत्र प्राचुर्य एव मयड्विहितः, न विकार इत्य् अर्थः । तद् एकवस्तुन्य् अपि प्राचुर्यꣳ युज्यते । प्रचुरप्रकाशो रविः इतिवत् प्राचुर्यꣳ ह्य् अत्र प्रकाशस्य चन्द्राद्यपेक्षया । ततश् च प्रकाशः प्राचुर्येण प्रस्तुतोऽत्रेति विवरुया प्रकाशमयो रविः इत्य् अपि स्यात् ।"
126,"tat prakṛta-vacane mayaṭ [pā. 5.4.27] iti smṛter viṣayatvaṁ dṛśyate iti | atreti bheda-vivakṣā ca pratimāyāḥ śarīram itivat, prayujyate ca—brahma-tejo-mayaṁ divyam iti śrī-hari-vaṁśe | ātmā jñāna-mayaḥ śuddhaḥ iti |","तत् प्रकृतवचने मयट् [पा. ५.४.२७] इति स्मृतेर् विषयत्वं दृश्यते इति । अत्रेति भेदविवक्षा च प्रतिमायाः शरीरम् इतिवत्, प्रयुज्यते च—ब्रह्मतेजोमयं दिव्यम् इति श्रीहरिवंशे । आत्मा ज्ञानमयः शुद्धः इति ।","तत् प्रकृतवचने मयट् [पा. ५.४.२७] इति स्मृतेर् विषयत्वꣳ दृश्यते इति । अत्रेति भेदविवक्षा च प्रतिमायाः शरीरम् इतिवत्, प्रयुज्यते च—ब्रह्मतेजोमयꣳ दिव्यम् इति श्रीहरिवꣳशे । आत्मा ज्ञानमयः शुद्धः इति ।"
127,tad etat vivṛtaṁ śrī-rāmānuja-śrī-pādaiḥ—,तद् एतत् विवृतं श्रीरामानुजश्रीपादैः—,तद् एतत् विवृतꣳ श्रीरामानुजश्रीपादैः—
128,"tat-pracuratvaṁ hi tat-prabhūtatvaṁ tac cetarasya sattāṁ nāvagamayati, api tu tasyālpatvaṁ nivarayati | itara-sad-bhāvāsad-bhāvau tu pramāṇāntarāvaseyau | iha ca pramāṇāntareṇa tad-abhāvo’vagamyate | apahata-pāpmā [chā.u. 8.1.5] ity ādinā tāvad eva vaktavyam |","तत्प्रचुरत्वं हि तत्प्रभूतत्वं तच् चेतरस्य सत्तां नावगमयति, अपि तु तस्याल्पत्वं निवरयति । इतरसद्भावासद्भावौ तु प्रमाणान्तरावसेयौ । इह च प्रमाणान्तरेण तदभावोऽवगम्यते । अपहतपाप्मा [छा.उ. ८.१.५] इत्य् आदिना तावद् एव वक्तव्यम् ।","तत्प्रचुरत्वꣳ हि तत्प्रभूतत्वꣳ तच् चेतरस्य सत्ताꣳ नावगमयति, अपि तु तस्याल्पत्वꣳ निवरयति । इतरसद्भावासद्भावौ तु प्रमाणान्तरावसेयौ । इह च प्रमाणान्तरेण तदभावोऽवगम्यते । अपहतपाप्मा [छा.उ. ८.१.५] इत्य् आदिना तावद् एव वक्तव्यम् ।"
130,"ata evānanda-mayaṁ prastutya—raso vai saḥ, rasaṁ hy evāyaṁ labdhvānandī bhavati | ko hy evānyāt, kaḥ prāṇyāt yad eṣa ākāśa ānando na syāt | eṣa hy evānandayati [tai.u. 2.7], saiṣānandasya mīmāṁsā bhavati [tai.u. 2.8] etam ānandamayam upasaṅkrāmayati, ānandaṁ brahmaṇo vidvān na bibheti kutaścana [tai.u. 2.9] ity ānandānanda-mayayor ekārthatā-vinyāsenābhyāso dṛśyate | ","अत एवानन्दमयं प्रस्तुत्य—रसो वै सः, रसं ह्य् एवायं लब्ध्वानन्दी भवति । को ह्य् एवान्यात्, कः प्राण्यात् यद् एष आकाश आनन्दो न स्यात् । एष ह्य् एवानन्दयति [तै.उ. २.७], सैषानन्दस्य मीमांसा भवति [तै.उ. २.८] एतम् आनन्दमयम् उपसङ्क्रामयति, आनन्दं ब्रह्मणो विद्वान् न बिभेति कुतश्चन [तै.उ. २.९] इत्य् आनन्दानन्दमययोर् एकार्थताविन्यासेनाभ्यासो दृश्यते । ","अत एवानन्दमयꣳ प्रस्तुत्य—रसो वै सः, रसꣳ ह्य् एवायꣳ लब्ध्वानन्दी भवति । को ह्य् एवान्यात्, कः प्राण्यात् यद् एष आकाश आनन्दो न स्यात् । एष ह्य् एवानन्दयति [तै.उ. २.७], सैषानन्दस्य मीमाꣳसा भवति [तै.उ. २.८] एतम् आनन्दमयम् उपसङ्क्रामयति, आनन्दꣳ ब्रह्मणो विद्वान् न बिभेति कुतश्चन [तै.उ. २.९] इत्य् आनन्दानन्दमययोर् एकार्थताविन्यासेनाभ्यासो दृश्यते । "
132,"ata evaitasminn ānanda-maye vastv antarābhāva-vvakṣayaivoktam—yadā hy evaiṣa etasminn udaram antaraṁ kurute | atha tasya bhayaṁ bhavati [tai.u. 2.6] iti | kiṁ vā, yadā hy evaiṣa etasminn adṛśye’nātmye’nirukte’nilayane’bhayaṁ pratiṣṭhāṁ vindate | atha so’bhayaṁ gato bhavati [tai.u. 2.6] iti pūrvokteḥ sarvathā tan-niṣṭhaiva kartavyā | tatra vyavadhāna-kartur bhayaṁ bhavatīty arthaḥ | tad uktaṁ śrī-parāśareṇa—","अत एवैतस्मिन्न् आनन्दमये वस्त्व् अन्तराभावव्वक्षयैवोक्तम्—यदा ह्य् एवैष एतस्मिन्न् उदरम् अन्तरं कुरुते । अथ तस्य भयं भवति [तै.उ. २.६] इति । किं वा, यदा ह्य् एवैष एतस्मिन्न् अदृश्येऽनात्म्येऽनिरुक्तेऽनिलयनेऽभयं प्रतिष्ठां विन्दते । अथ सोऽभयं गतो भवति [तै.उ. २.६] इति पूर्वोक्तेः सर्वथा तन्निष्ठैव कर्तव्या । तत्र व्यवधानकर्तुर् भयं भवतीत्य् अर्थः । तद् उक्तं श्रीपराशरेण—","अत एवैतस्मिन्न् आनन्दमये वस्त्व् अन्तराभावव्वक्षयैवोक्तम्—यदा ह्य् एवैष एतस्मिन्न् उदरम् अन्तरꣳ कुरुते । अथ तस्य भयꣳ भवति [तै.उ. २.६] इति । किꣳ वा, यदा ह्य् एवैष एतस्मिन्न् अदृश्येऽनात्म्येऽनिरुक्तेऽनिलयनेऽभयꣳ प्रतिष्ठाꣳ विन्दते । अथ सोऽभयꣳ गतो भवति [तै.उ. २.६] इति पूर्वोक्तेः सर्वथा तन्निष्ठैव कर्तव्या । तत्र व्यवधानकर्तुर् भयꣳ भवतीत्य् अर्थः । तद् उक्तꣳ श्रीपराशरेण—"
133,sā hānis tan mahac chidraṁ sa mohaḥ sa ca vibhramaḥ |,सा हानिस् तन् महच् छिद्रं स मोहः स च विभ्रमः ।,सा हानिस् तन् महच् छिद्रꣳ स मोहः स च विभ्रमः ।
134,yan-muhūrtaṁ kṣaṇaṁ vāpi vāsudevo na cintyate || iti |,यन्मुहूर्तं क्षणं वापि वासुदेवो न चिन्त्यते ॥ इति ।,यन्मुहूर्तꣳ क्षणꣳ वापि वासुदेवो न चिन्त्यते ॥ इति ।
136,"nanu vikārārtha-mayaṭ pravāhāntaḥ-patitatvād akasmād ardha-jaratīvat prācūryārtho na yujyate ? naivaṁ, pūrvodāhṛtābhyāsa-balāt yujyata eva | ","ननु विकारार्थमयट् प्रवाहान्तःपतितत्वाद् अकस्माद् अर्धजरतीवत् प्राचूर्यार्थो न युज्यते ? नैवं, पूर्वोदाहृताभ्यासबलात् युज्यत एव । ","ननु विकारार्थमयट् प्रवाहान्तःपतितत्वाद् अकस्माद् अर्धजरतीवत् प्राचूर्यार्थो न युज्यते ? नैवꣳ, पूर्वोदाहृताभ्यासबलात् युज्यत एव । "
137,pravāha-praveśe tu brahma-puccham ity atra puccha-śabdo’pi duṣyed ity avocāmaḥ—kiṁ vānnamayādiṣv api na sarvatra vikārārthatādhigamyate | tan-mate’pi prāṇa-maya eva tyaktatvāt | tatra hi prāṇāpānādiṣu prāṇa-vṛtteḥ prācuryād eva mayaṭ | pṛthivī pucchaṁ pratiṣṭhā [tai.u. 2.2.1] ity atra ca pṛthivy-abhimāni-devatāyāṁ prāṇa-vikāratvābhāvaḥ |,प्रवाहप्रवेशे तु ब्रह्मपुच्छम् इत्य् अत्र पुच्छशब्दोऽपि दुष्येद् इत्य् अवोचामः—किं वान्नमयादिष्व् अपि न सर्वत्र विकारार्थताधिगम्यते । तन्मतेऽपि प्राणमय एव त्यक्तत्वात् । तत्र हि प्राणापानादिषु प्राणवृत्तेः प्राचुर्याद् एव मयट् । पृथिवी पुच्छं प्रतिष्ठा [तै.उ. २.२.१] इत्य् अत्र च पृथिव्यभिमानिदेवतायां प्राणविकारत्वाभावः ।,प्रवाहप्रवेशे तु ब्रह्मपुच्छम् इत्य् अत्र पुच्छशब्दोऽपि दुष्येद् इत्य् अवोचामः—किꣳ वान्नमयादिष्व् अपि न सर्वत्र विकारार्थताधिगम्यते । तन्मतेऽपि प्राणमय एव त्यक्तत्वात् । तत्र हि प्राणापानादिषु प्राणवृत्तेः प्राचुर्याद् एव मयट् । पृथिवी पुच्छꣳ प्रतिष्ठा [तै.उ. २.२.१] इत्य् अत्र च पृथिव्यभिमानिदेवतायाꣳ प्राणविकारत्वाभावः ।
139,"kiṁ ca, ānanda-śabdena tatra śuddha-brahmaiva mataṁ tasya ca vikāro na sambhavati | tasmān na vikārārthatā-prāptiḥ | hetv-antareṇa sūtrayati—tad-dhetu-vyapadeśāc ca [ve.sū. 1.1.15] iti | itaś ca prācuryārthe mayaṭ, na tu vikārārthe | yasmād ānanda-hetutvaṁ tasyaivopadiśati śrutiḥ—eṣa hy evānandayati [tai.u. 2.7] iti ānandayatīty arthaḥ | yathā, loke pracura-prakāśa-lakṣaṇaḥ sūryādir eva sarvaṁ prakāśayati, na tuccha-prakāśa-lakṣaṇa-kṣudra-tārakādiḥ |","किं च, आनन्दशब्देन तत्र शुद्धब्रह्मैव मतं तस्य च विकारो न सम्भवति । तस्मान् न विकारार्थताप्राप्तिः । हेत्वन्तरेण सूत्रयति—तद्धेतुव्यपदेशाच् च [वे.सू. १.१.१५] इति । इतश् च प्राचुर्यार्थे मयट्, न तु विकारार्थे । यस्माद् आनन्दहेतुत्वं तस्यैवोपदिशति श्रुतिः—एष ह्य् एवानन्दयति [तै.उ. २.७] इति आनन्दयतीत्य् अर्थः । यथा, लोके प्रचुरप्रकाशलक्षणः सूर्यादिर् एव सर्वं प्रकाशयति, न तुच्छप्रकाशलक्षणक्षुद्रतारकादिः ।","किꣳ च, आनन्दशब्देन तत्र शुद्धब्रह्मैव मतꣳ तस्य च विकारो न सम्भवति । तस्मान् न विकारार्थताप्राप्तिः । हेत्वन्तरेण सूत्रयति—तद्धेतुव्यपदेशाच् च [वे.सू. १.१.१५] इति । इतश् च प्राचुर्यार्थे मयट्, न तु विकारार्थे । यस्माद् आनन्दहेतुत्वꣳ तस्यैवोपदिशति श्रुतिः—एष ह्य् एवानन्दयति [तै.उ. २.७] इति आनन्दयतीत्य् अर्थः । यथा, लोके प्रचुरप्रकाशलक्षणः सूर्यादिर् एव सर्वꣳ प्रकाशयति, न तुच्छप्रकाशलक्षणक्षुद्रतारकादिः ।"
140,"na ca prakāśa-vikāra-pracuro’pi jalādiḥ | tathā sarvato’pi pracurānanda-lakṣaṇaṁ brahmaiva sarvam ānandayet | anena hetu-vyapadeśena prācuryasya svarūpātiśaya-paratvena vyajyate | prakāśa-yuktena ca ratnādinā yat-prakāśanam, tad api tatra-sthitena prakāśenaiva bhavati, na tu pārthivāṁśena | tasmād ānanda evānandayati, tad etat vyañjitam eva-kāreṇa | śrutyā—eṣa hy eva [tai.u. 2.6] iti |","न च प्रकाशविकारप्रचुरोऽपि जलादिः । तथा सर्वतोऽपि प्रचुरानन्दलक्षणं ब्रह्मैव सर्वम् आनन्दयेत् । अनेन हेतुव्यपदेशेन प्राचुर्यस्य स्वरूपातिशयपरत्वेन व्यज्यते । प्रकाशयुक्तेन च रत्नादिना यत्प्रकाशनम्, तद् अपि तत्रस्थितेन प्रकाशेनैव भवति, न तु पार्थिवांशेन । तस्माद् आनन्द एवानन्दयति, तद् एतत् व्यञ्जितम् एवकारेण । श्रुत्या—एष ह्य् एव [तै.उ. २.६] इति ।","न च प्रकाशविकारप्रचुरोऽपि जलादिः । तथा सर्वतोऽपि प्रचुरानन्दलक्षणꣳ ब्रह्मैव सर्वम् आनन्दयेत् । अनेन हेतुव्यपदेशेन प्राचुर्यस्य स्वरूपातिशयपरत्वेन व्यज्यते । प्रकाशयुक्तेन च रत्नादिना यत्प्रकाशनम्, तद् अपि तत्रस्थितेन प्रकाशेनैव भवति, न तु पार्थिवाꣳशेन । तस्माद् आनन्द एवानन्दयति, तद् एतत् व्यञ्जितम् एवकारेण । श्रुत्या—एष ह्य् एव [तै.उ. २.६] इति ।"
141,nanu pucche brahma-śabda-saṁyogāt tasya brahmeti saṁjñā yuktā | kathaṁ nāmānanda-mayasya tat-saṁjñā ? tatrāpi sūtrayati—māntra-varṇikam eva ca gīyate [ve.sū. 1.1.15] iti | satyaṁ jñānam anantaṁ brahma [tai.u. 2.1] iti mantra-varṇoditaṁ brahmaivānna-mayāditvena gīyate tad-adhikāra-patitatvāt |,ननु पुच्छे ब्रह्मशब्दसंयोगात् तस्य ब्रह्मेति संज्ञा युक्ता । कथं नामानन्दमयस्य तत्संज्ञा ? तत्रापि सूत्रयति—मान्त्रवर्णिकम् एव च गीयते [वे.सू. १.१.१५] इति । सत्यं ज्ञानम् अनन्तं ब्रह्म [तै.उ. २.१] इति मन्त्रवर्णोदितं ब्रह्मैवान्नमयादित्वेन गीयते तदधिकारपतितत्वात् ।,ननु पुच्छे ब्रह्मशब्दसꣳयोगात् तस्य ब्रह्मेति सꣳज्ञा युक्ता । कथꣳ नामानन्दमयस्य तत्सꣳज्ञा ? तत्रापि सूत्रयति—मान्त्रवर्णिकम् एव च गीयते [वे.सू. १.१.१५] इति । सत्यꣳ ज्ञानम् अनन्तꣳ ब्रह्म [तै.उ. २.१] इति मन्त्रवर्णोदितꣳ ब्रह्मैवान्नमयादित्वेन गीयते तदधिकारपतितत्वात् ।
142,"tathā hi, brahma-vid āpnoti param iti jīvasya prāpyatayā brahma nirdiṣṭam | tad eṣābhyuktā iti tad brahmābhimukhīkṛtya pratipādyatayā parigṛhya ṛg eṣā adhotṛbhir uktety arthaḥ | tasya ca tasmād vā etasmād ātmanaḥ [tai.ā. 5] ity atrātma-śabdenāpi nirdiṣṭasya brahmaṇa ātma-tātparyāvasānam ānanda-maya eva darśitam | tatraivāntaratamatva-samāpteḥ | tasmāt tatraiva tātparya-vasānāt tad-ānanda-viśeṣopalabdhi-yutodayasyānanda-mayasya para-brahmatvaṁ tena mantreṇa sidhyati |","तथा हि, ब्रह्मविद् आप्नोति परम् इति जीवस्य प्राप्यतया ब्रह्म निर्दिष्टम् । तद् एषाभ्युक्ता इति तद् ब्रह्माभिमुखीकृत्य प्रतिपाद्यतया परिगृह्य ऋग् एषा अधोतृभिर् उक्तेत्य् अर्थः । तस्य च तस्माद् वा एतस्माद् आत्मनः [तै.आ. ५] इत्य् अत्रात्मशब्देनापि निर्दिष्टस्य ब्रह्मण आत्मतात्पर्यावसानम् आनन्दमय एव दर्शितम् । तत्रैवान्तरतमत्वसमाप्तेः । तस्मात् तत्रैव तात्पर्यवसानात् तदानन्दविशेषोपलब्धियुतोदयस्यानन्दमयस्य परब्रह्मत्वं तेन मन्त्रेण सिध्यति ।","तथा हि, ब्रह्मविद् आप्नोति परम् इति जीवस्य प्राप्यतया ब्रह्म निर्दिष्टम् । तद् एषाभ्युक्ता इति तद् ब्रह्माभिमुखीकृत्य प्रतिपाद्यतया परिगृह्य ऋग् एषा अधोतृभिर् उक्तेत्य् अर्थः । तस्य च तस्माद् वा एतस्माद् आत्मनः [तै.आ. ५] इत्य् अत्रात्मशब्देनापि निर्दिष्टस्य ब्रह्मण आत्मतात्पर्यावसानम् आनन्दमय एव दर्शितम् । तत्रैवान्तरतमत्वसमाप्तेः । तस्मात् तत्रैव तात्पर्यवसानात् तदानन्दविशेषोपलब्धियुतोदयस्यानन्दमयस्य परब्रह्मत्वꣳ तेन मन्त्रेण सिध्यति ।"
143,"ānandasyāpi jñānākāratvāt tasya cānantatvādibhir miśratve’pi tad-rūpatvān nārtha-bhedaś ca | śrutiś ca—prajñāna-ghana evānanda-mayaḥ [ma.u. 5] iti | tad eva ca brahmatvaṁ tat-tad-viśeṣopalabdhi-rahitodaye pucche’pi priyādibhyo’dhikatva-vivakṣayā brahma-pucchaṁ pratiṣṭhety anena punar vyapadiśyate, na tu tasyaiva pradhānatvena | ata eva—","आनन्दस्यापि ज्ञानाकारत्वात् तस्य चानन्तत्वादिभिर् मिश्रत्वेऽपि तद्रूपत्वान् नार्थभेदश् च । श्रुतिश् च—प्रज्ञानघन एवानन्दमयः [म.उ. ५] इति । तद् एव च ब्रह्मत्वं तत्तद्विशेषोपलब्धिरहितोदये पुच्छेऽपि प्रियादिभ्योऽधिकत्वविवक्षया ब्रह्मपुच्छं प्रतिष्ठेत्य् अनेन पुनर् व्यपदिश्यते, न तु तस्यैव प्रधानत्वेन । अत एव—","आनन्दस्यापि ज्ञानाकारत्वात् तस्य चानन्तत्वादिभिर् मिश्रत्वेऽपि तद्रूपत्वान् नार्थभेदश् च । श्रुतिश् च—प्रज्ञानघन एवानन्दमयः [म.उ. ५] इति । तद् एव च ब्रह्मत्वꣳ तत्तद्विशेषोपलब्धिरहितोदये पुच्छेऽपि प्रियादिभ्योऽधिकत्वविवक्षया ब्रह्मपुच्छꣳ प्रतिष्ठेत्य् अनेन पुनर् व्यपदिश्यते, न तु तस्यैव प्रधानत्वेन । अत एव—"
145,asti brahmeti ced veda santam enaṁ tato viduḥ || iti | ,अस्ति ब्रह्मेति चेद् वेद सन्तम् एनं ततो विदुः ॥ इति । ,अस्ति ब्रह्मेति चेद् वेद सन्तम् एनꣳ ततो विदुः ॥ इति । 
146,ity eṣa śloko’py ānanda-maya-para eva sa-viśeṣasyaiva mukhyatvāt mukhya eva sampratyayāc ca | na cāsmin vākye’pi nirviśeṣaṁ pratipādyate—astīti sattā samavāyitayā nirdeśāt | ,इत्य् एष श्लोकोऽप्य् आनन्दमयपर एव सविशेषस्यैव मुख्यत्वात् मुख्य एव सम्प्रत्ययाच् च । न चास्मिन् वाक्येऽपि निर्विशेषं प्रतिपाद्यते—अस्तीति सत्ता समवायितया निर्देशात् । ,इत्य् एष श्लोकोऽप्य् आनन्दमयपर एव सविशेषस्यैव मुख्यत्वात् मुख्य एव सम्प्रत्ययाच् च । न चास्मिन् वाक्येऽपि निर्विशेषꣳ प्रतिपाद्यते—अस्तीति सत्ता समवायितया निर्देशात् । 
147,"yady evaṁ manyate—prakāśa-mātratvam eva hi cid-ātmanaḥ sattā, nānyeti | tathāpi sa-viśeṣatva eva paryavasyati | kiṁ cedaṁ pucchaṁ pratiṣṭhā ity ādikam uktvā tatra tatrodāhṛtāḥ, annād vai prajāḥ prajāyante ity ādayaḥ ślokāḥ, yathā na puccha-mātra-parā api tv anna-mayādi-parāḥ | evam annam apy ānanda-maya-paratvenaiva śliṣyate |","यद्य् एवं मन्यते—प्रकाशमात्रत्वम् एव हि चिदात्मनः सत्ता, नान्येति । तथापि सविशेषत्व एव पर्यवस्यति । किं चेदं पुच्छं प्रतिष्ठा इत्य् आदिकम् उक्त्वा तत्र तत्रोदाहृताः, अन्नाद् वै प्रजाः प्रजायन्ते इत्य् आदयः श्लोकाः, यथा न पुच्छमात्रपरा अपि त्व् अन्नमयादिपराः । एवम् अन्नम् अप्य् आनन्दमयपरत्वेनैव श्लिष्यते ।","यद्य् एवꣳ मन्यते—प्रकाशमात्रत्वम् एव हि चिदात्मनः सत्ता, नान्येति । तथापि सविशेषत्व एव पर्यवस्यति । किꣳ चेदꣳ पुच्छꣳ प्रतिष्ठा इत्य् आदिकम् उक्त्वा तत्र तत्रोदाहृताः, अन्नाद् वै प्रजाः प्रजायन्ते इत्य् आदयः श्लोकाः, यथा न पुच्छमात्रपरा अपि त्व् अन्नमयादिपराः । एवम् अन्नम् अप्य् आनन्दमयपरत्वेनैव श्लिष्यते ।"
148,evaṁ netaro’nupapatteḥ [ve.sū. 1.1.16] ity ādi-sūtrāṇy api ānanda-mayasya jīvatva-niṣedha-parāṇīti | tasya para-brahmatvam eva taiḥ sādhyate ity alam ativistareṇa ||,एवं नेतरोऽनुपपत्तेः [वे.सू. १.१.१६] इत्य् आदिसूत्राण्य् अपि आनन्दमयस्य जीवत्वनिषेधपराणीति । तस्य परब्रह्मत्वम् एव तैः साध्यते इत्य् अलम् अतिविस्तरेण ॥,एवꣳ नेतरोऽनुपपत्तेः [वे.सू. १.१.१६] इत्य् आदिसूत्राण्य् अपि आनन्दमयस्य जीवत्वनिषेधपराणीति । तस्य परब्रह्मत्वम् एव तैः साध्यते इत्य् अलम् अतिविस्तरेण ॥
149,"yadi ca sūtra-kārasya vedāntārthānabhijñatāṁ nigūḍham abhiprāyatā tat-pramāda-mārjana-sva-cāturī-vyaṅga-bhaṅgyā tad-ānanda-maya-sūtram evaṁ vyākhyeyam—ānanda-maya ity atra brahma pucchaṁ pratiṣṭhā iti sva-pradhānam eva brahmopadiśyata iti | tathā vikāra-sūtre ca vikāra-śabdenāvayavaḥ, prācurya-śabdena, sādṛśyaṁ vyākhyeyam | tadā sūtra-kārasyāśābdikataiva ca prasajyeta, tat-tac-chabdādibhis tat-tad-arthānabhidhānāt | mayaṭ-pratyaya-vikāra-prācurya-śabdānām anantara-nirdiṣṭānām anyārthatvaṁ na vā bālakasyāpi hṛdayam ārohati |","यदि च सूत्रकारस्य वेदान्तार्थानभिज्ञतां निगूढम् अभिप्रायता तत्प्रमादमार्जनस्वचातुरीव्यङ्गभङ्ग्या तदानन्दमयसूत्रम् एवं व्याख्येयम्—आनन्दमय इत्य् अत्र ब्रह्म पुच्छं प्रतिष्ठा इति स्वप्रधानम् एव ब्रह्मोपदिश्यत इति । तथा विकारसूत्रे च विकारशब्देनावयवः, प्राचुर्यशब्देन, सादृश्यं व्याख्येयम् । तदा सूत्रकारस्याशाब्दिकतैव च प्रसज्येत, तत्तच्छब्दादिभिस् तत्तदर्थानभिधानात् । मयट्प्रत्ययविकारप्राचुर्यशब्दानाम् अनन्तरनिर्दिष्टानाम् अन्यार्थत्वं न वा बालकस्यापि हृदयम् आरोहति ।","यदि च सूत्रकारस्य वेदान्तार्थानभिज्ञताꣳ निगूढम् अभिप्रायता तत्प्रमादमार्जनस्वचातुरीव्यङ्गभङ्ग्या तदानन्दमयसूत्रम् एवꣳ व्याख्येयम्—आनन्दमय इत्य् अत्र ब्रह्म पुच्छꣳ प्रतिष्ठा इति स्वप्रधानम् एव ब्रह्मोपदिश्यत इति । तथा विकारसूत्रे च विकारशब्देनावयवः, प्राचुर्यशब्देन, सादृश्यꣳ व्याख्येयम् । तदा सूत्रकारस्याशाब्दिकतैव च प्रसज्येत, तत्तच्छब्दादिभिस् तत्तदर्थानभिधानात् । मयट्प्रत्ययविकारप्राचुर्यशब्दानाम् अनन्तरनिर्दिष्टानाम् अन्यार्थत्वꣳ न वा बालकस्यापि हृदयम् आरोहति ।"
150,uktaṁ tu skānde vāyavye ca—,उक्तं तु स्कान्दे वायव्ये च—,उक्तꣳ तु स्कान्दे वायव्ये च—
151,alpākṣaram asandigdhaṁ sāravad viśvatomukham |,अल्पाक्षरम् असन्दिग्धं सारवद् विश्वतोमुखम् ।,अल्पाक्षरम् असन्दिग्धꣳ सारवद् विश्वतोमुखम् ।
152,astobham anavadyaṁ ca sūtraṁ sūtra-vido viduḥ || iti |,अस्तोभम् अनवद्यं च सूत्रं सूत्रविदो विदुः ॥ इति ।,अस्तोभम् अनवद्यꣳ च सूत्रꣳ सूत्रविदो विदुः ॥ इति ।
153,"kiṁ ca, prathama-sūtrārthe priya-śiras tv ādya prāptir iti ca vyartham eva syāt | puraivaiṣāṁ laukikatvenaiva nirdhāraṇāt, na tu vijñānādivad brahmatvena | tasmād ānanda-mayasyaiva para-brahmatve sati priyādayas tad-viśeṣā ity asyaiva svarūpa-prakāśa-vaiśiṣṭyam |","किं च, प्रथमसूत्रार्थे प्रियशिरस् त्व् आद्य प्राप्तिर् इति च व्यर्थम् एव स्यात् । पुरैवैषां लौकिकत्वेनैव निर्धारणात्, न तु विज्ञानादिवद् ब्रह्मत्वेन । तस्माद् आनन्दमयस्यैव परब्रह्मत्वे सति प्रियादयस् तद्विशेषा इत्य् अस्यैव स्वरूपप्रकाशवैशिष्ट्यम् ।","किꣳ च, प्रथमसूत्रार्थे प्रियशिरस् त्व् आद्य प्राप्तिर् इति च व्यर्थम् एव स्यात् । पुरैवैषाꣳ लौकिकत्वेनैव निर्धारणात्, न तु विज्ञानादिवद् ब्रह्मत्वेन । तस्माद् आनन्दमयस्यैव परब्रह्मत्वे सति प्रियादयस् तद्विशेषा इत्य् अस्यैव स्वरूपप्रकाशवैशिष्ट्यम् ।"
154,tataś ca pūrvavat sva-gataika-deśānaṅgīkṛter eka-deśodaya-virodhād asty eva—svāṁśa-vaiśiṣṭyam |,ततश् च पूर्ववत् स्वगतैकदेशानङ्गीकृतेर् एकदेशोदयविरोधाद् अस्त्य् एव—स्वांशवैशिष्ट्यम् ।,ततश् च पूर्ववत् स्वगतैकदेशानङ्गीकृतेर् एकदेशोदयविरोधाद् अस्त्य् एव—स्वाꣳशवैशिष्ट्यम् ।
155,etasyaivānandasyānyāni bhūtāni mātrām upajīvanti [tai.ā. 3.3.32] iti śrutiś ca tathaivāha—niravayava-śabda-vyākpaś ca prākṛtāvayva-rāhityādinā parihṛtaḥ | ittham eva tasya nirupādher eva svata ānanda-prakāśānantyaṁ vyañjayan sandoha-śabdam āhaikādaśe śrī-dattātreyaḥ—kevalānubhavānanda-sandoho nirupādhikaḥ [bhā.pu. 11.9.18] iti | ata evāprākṛtāvayavatvena tasyānaśvaratvaṁ ca yuktam |,एतस्यैवानन्दस्यान्यानि भूतानि मात्राम् उपजीवन्ति [तै.आ. ३.३.३२] इति श्रुतिश् च तथैवाह—निरवयवशब्दव्याक्पश् च प्राकृतावय्वराहित्यादिना परिहृतः । इत्थम् एव तस्य निरुपाधेर् एव स्वत आनन्दप्रकाशानन्त्यं व्यञ्जयन् सन्दोहशब्दम् आहैकादशे श्रीदत्तात्रेयः—केवलानुभवानन्दसन्दोहो निरुपाधिकः [भा.पु. ११.९.१८] इति । अत एवाप्राकृतावयवत्वेन तस्यानश्वरत्वं च युक्तम् ।,एतस्यैवानन्दस्यान्यानि भूतानि मात्राम् उपजीवन्ति [तै.आ. ३.३.३२] इति श्रुतिश् च तथैवाह—निरवयवशब्दव्याक्पश् च प्राकृतावय्वराहित्यादिना परिहृतः । इत्थम् एव तस्य निरुपाधेर् एव स्वत आनन्दप्रकाशानन्त्यꣳ व्यञ्जयन् सन्दोहशब्दम् आहैकादशे श्रीदत्तात्रेयः—केवलानुभवानन्दसन्दोहो निरुपाधिकः [भा.पु. ११.९.१८] इति । अत एवाप्राकृतावयवत्वेन तस्यानश्वरत्वꣳ च युक्तम् ।
156,"tathā janmādy asya [ve.sū. 1.1.2] ity-ādeḥ, śrutatvāc ca [ve.sū. 1.1.12] ity-antasya granthasya tātparyaṁ tathaivaṁ vyākhyam |","तथा जन्माद्य् अस्य [वे.सू. १.१.२] इत्यादेः, श्रुतत्वाच् च [वे.सू. १.१.१२] इत्यन्तस्य ग्रन्थस्य तात्पर्यं तथैवं व्याख्यम् ।","तथा जन्माद्य् अस्य [वे.सू. १.१.२] इत्यादेः, श्रुतत्वाच् च [वे.सू. १.१.१२] इत्यन्तस्य ग्रन्थस्य तात्पर्यꣳ तथैवꣳ व्याख्यम् ।"
158,"ata eva nirviśeṣa-cin-mātra-brahma-vādo’pi sūtra-kāreṇābhiḥ śrutibhir nirasto veditavyaḥ | pāramārthika-mukhyekṣaṇādi-guṇa-yogi-jijñāsyaṁ brahmeti, gauṇaś cen nātma-śabdāt [ve.sū. 1.1.6] ity ādau sthāpanāt nirviśeṣa-vāde hi sākṣitvam apy apāramārthikam | vedānta-vedyaṁ brahma ca jijñāsyatayā pratijñātam | tac ca cetanam iti, īkṣater nāśabdaṁ [ve.sū. 1.1.5] ity ādibhiḥ sūtraiḥ pratipādyate | cetanatvaṁ nāma caitanya-guṇa-yogaḥ | ata īkṣaṇa-guṇa-virahiṇaḥ, pradhāna-tulyatvam eva || [śrī-bhāṣyaṁ 1.1.2] iti |","अत एव निर्विशेषचिन्मात्रब्रह्मवादोऽपि सूत्रकारेणाभिः श्रुतिभिर् निरस्तो वेदितव्यः । पारमार्थिकमुख्येक्षणादिगुणयोगिजिज्ञास्यं ब्रह्मेति, गौणश् चेन् नात्मशब्दात् [वे.सू. १.१.६] इत्य् आदौ स्थापनात् निर्विशेषवादे हि साक्षित्वम् अप्य् अपारमार्थिकम् । वेदान्तवेद्यं ब्रह्म च जिज्ञास्यतया प्रतिज्ञातम् । तच् च चेतनम् इति, ईक्षतेर् नाशब्दं [वे.सू. १.१.५] इत्य् आदिभिः सूत्रैः प्रतिपाद्यते । चेतनत्वं नाम चैतन्यगुणयोगः । अत ईक्षणगुणविरहिणः, प्रधानतुल्यत्वम् एव ॥ [श्रीभाष्यं १.१.२] इति ।","अत एव निर्विशेषचिन्मात्रब्रह्मवादोऽपि सूत्रकारेणाभिः श्रुतिभिर् निरस्तो वेदितव्यः । पारमार्थिकमुख्येक्षणादिगुणयोगिजिज्ञास्यꣳ ब्रह्मेति, गौणश् चेन् नात्मशब्दात् [वे.सू. १.१.६] इत्य् आदौ स्थापनात् निर्विशेषवादे हि साक्षित्वम् अप्य् अपारमार्थिकम् । वेदान्तवेद्यꣳ ब्रह्म च जिज्ञास्यतया प्रतिज्ञातम् । तच् च चेतनम् इति, ईक्षतेर् नाशब्दꣳ [वे.सू. १.१.५] इत्य् आदिभिः सूत्रैः प्रतिपाद्यते । चेतनत्वꣳ नाम चैतन्यगुणयोगः । अत ईक्षणगुणविरहिणः, प्रधानतुल्यत्वम् एव ॥ [श्रीभाष्यꣳ १.१.२] इति ।"
159,"tad-vāde doṣa eva pratyāvartata iti kiṁ bahunā, na sthānato’pi parasyobhaya-liṅgaṁ sarvatra hi [ve.sū. 3.2.11] ity adhikaraṇe sarveṣām eva vākyānāṁ sa-viśeṣa-paratvam eva darśitam asti | tathā hi tad-arthaḥ—sarva-karmā sarva-kāmaḥ sarva-gandhaḥ sarva-rasaḥ [chā.u. 3.14.3] ity-evam-ādikaṁ parasya brahmaṇaḥ sa-viśeṣatva-cihnam | asthūlam anaṇv-ahrasam adīrghaṁ [bṛ.ā.u. 3.8.8] ity-evam-ādikaṁ nirviśeṣatva-cihnam | tad etad ubhayaṁ cihnaṁ paramasya na sambhavati, virodhāt |","तद्वादे दोष एव प्रत्यावर्तत इति किं बहुना, न स्थानतोऽपि परस्योभयलिङ्गं सर्वत्र हि [वे.सू. ३.२.११] इत्य् अधिकरणे सर्वेषाम् एव वाक्यानां सविशेषपरत्वम् एव दर्शितम् अस्ति । तथा हि तदर्थः—सर्वकर्मा सर्वकामः सर्वगन्धः सर्वरसः [छा.उ. ३.१४.३] इत्येवमादिकं परस्य ब्रह्मणः सविशेषत्वचिह्नम् । अस्थूलम् अनण्वह्रसम् अदीर्घं [बृ.आ.उ. ३.८.८] इत्येवमादिकं निर्विशेषत्वचिह्नम् । तद् एतद् उभयं चिह्नं परमस्य न सम्भवति, विरोधात् ।","तद्वादे दोष एव प्रत्यावर्तत इति किꣳ बहुना, न स्थानतोऽपि परस्योभयलिङ्गꣳ सर्वत्र हि [वे.सू. ३.२.११] इत्य् अधिकरणे सर्वेषाम् एव वाक्यानाꣳ सविशेषपरत्वम् एव दर्शितम् अस्ति । तथा हि तदर्थः—सर्वकर्मा सर्वकामः सर्वगन्धः सर्वरसः [छा.उ. ३.१४.३] इत्येवमादिकꣳ परस्य ब्रह्मणः सविशेषत्वचिह्नम् । अस्थूलम् अनण्वह्रसम् अदीर्घꣳ [बृ.आ.उ. ३.८.८] इत्येवमादिकꣳ निर्विशेषत्वचिह्नम् । तद् एतद् उभयꣳ चिह्नꣳ परमस्य न सम्भवति, विरोधात् ।"
160,"nāpi sthānam upādhim aṅgīkṛtya tat-sambhāvanīyam | upādhi-yogena sa-viśeṣatvaṁ svato nirviśeṣatvam eveti, hi yasmāt, sarvatraivopādhi-sambandhe ca tasya sa-viśeṣatvam evopalabhyate | tatropādhi-sambandhe tāvad ubhayathāpi sa-viśeṣatvam | tenopādhinā tatraiva svarūpa-śakti-prakāśanena ca yadi tatra svarūpa-śaktir na syāt, tadā jaḍasya tayopādheḥ pravṛtty-ādikam api na syāt | na ca sa upādhir āgantukaḥ |","नापि स्थानम् उपाधिम् अङ्गीकृत्य तत्सम्भावनीयम् । उपाधियोगेन सविशेषत्वं स्वतो निर्विशेषत्वम् एवेति, हि यस्मात्, सर्वत्रैवोपाधिसम्बन्धे च तस्य सविशेषत्वम् एवोपलभ्यते । तत्रोपाधिसम्बन्धे तावद् उभयथापि सविशेषत्वम् । तेनोपाधिना तत्रैव स्वरूपशक्तिप्रकाशनेन च यदि तत्र स्वरूपशक्तिर् न स्यात्, तदा जडस्य तयोपाधेः प्रवृत्त्यादिकम् अपि न स्यात् । न च स उपाधिर् आगन्तुकः ।","नापि स्थानम् उपाधिम् अङ्गीकृत्य तत्सम्भावनीयम् । उपाधियोगेन सविशेषत्वꣳ स्वतो निर्विशेषत्वम् एवेति, हि यस्मात्, सर्वत्रैवोपाधिसम्बन्धे च तस्य सविशेषत्वम् एवोपलभ्यते । तत्रोपाधिसम्बन्धे तावद् उभयथापि सविशेषत्वम् । तेनोपाधिना तत्रैव स्वरूपशक्तिप्रकाशनेन च यदि तत्र स्वरूपशक्तिर् न स्यात्, तदा जडस्य तयोपाधेः प्रवृत्त्यादिकम् अपि न स्यात् । न च स उपाधिर् आगन्तुकः ।"
161,"sad eva saumyedam agra āsīt [chā.u. 6.2.1] ity atredaṁ-śabdena tasyāpi sattā tādātmyenāgre sthiter āmnātatvāt, na ca tad-upādhi-doṣeṇa tal-liptam | tasmin satāpi tena tad-asparśāt | apahata-pāpmā [chā.u. 8.1.5] ity-ādi-śruteḥ | tad-anantaram eka-vijñānena sarva-vijñāna-pratijñā ca sa-viśeṣatvam eva bodhayati |","सद् एव सौम्येदम् अग्र आसीत् [छा.उ. ६.२.१] इत्य् अत्रेदंशब्देन तस्यापि सत्ता तादात्म्येनाग्रे स्थितेर् आम्नातत्वात्, न च तदुपाधिदोषेण तल्लिप्तम् । तस्मिन् सतापि तेन तदस्पर्शात् । अपहतपाप्मा [छा.उ. ८.१.५] इत्यादिश्रुतेः । तदनन्तरम् एकविज्ञानेन सर्वविज्ञानप्रतिज्ञा च सविशेषत्वम् एव बोधयति ।","सद् एव सौम्येदम् अग्र आसीत् [छा.उ. ६.२.१] इत्य् अत्रेदꣳशब्देन तस्यापि सत्ता तादात्म्येनाग्रे स्थितेर् आम्नातत्वात्, न च तदुपाधिदोषेण तल्लिप्तम् । तस्मिन् सतापि तेन तदस्पर्शात् । अपहतपाप्मा [छा.उ. ८.१.५] इत्यादिश्रुतेः । तदनन्तरम् एकविज्ञानेन सर्वविज्ञानप्रतिज्ञा च सविशेषत्वम् एव बोधयति ।"
162,"evaṁ jagad-upādānatvādi-vākyaṁ jagaj-jīva-tādātmya-vākyaṁ ca | atra nirviśeṣatve—sad eva somyedaṁ [chā.u. 6.2.1] ity upakrama-virodhaḥ | tad-avirodhas tu sad-idamor iva tayos tādātmyenaiva sāmānādhikaraṇād bhavati | tathā ca, sa-viśeṣatve eva sāmānādhikaraṇam | tathāgre paramātma-sandarbhākhye tṛtīya-sandarbhe vakṣyāmaḥ |","एवं जगदुपादानत्वादिवाक्यं जगज्जीवतादात्म्यवाक्यं च । अत्र निर्विशेषत्वे—सद् एव सोम्येदं [छा.उ. ६.२.१] इत्य् उपक्रमविरोधः । तदविरोधस् तु सदिदमोर् इव तयोस् तादात्म्येनैव सामानाधिकरणाद् भवति । तथा च, सविशेषत्वे एव सामानाधिकरणम् । तथाग्रे परमात्मसन्दर्भाख्ये तृतीयसन्दर्भे वक्ष्यामः ।","एवꣳ जगदुपादानत्वादिवाक्यꣳ जगज्जीवतादात्म्यवाक्यꣳ च । अत्र निर्विशेषत्वे—सद् एव सोम्येदꣳ [छा.उ. ६.२.१] इत्य् उपक्रमविरोधः । तदविरोधस् तु सदिदमोर् इव तयोस् तादात्म्येनैव सामानाधिकरणाद् भवति । तथा च, सविशेषत्वे एव सामानाधिकरणम् । तथाग्रे परमात्मसन्दर्भाख्ये तृतीयसन्दर्भे वक्ष्यामः ।"
163,"sad evedam ity upakrama-virodhād eva ca nirupādhivat pratīyamāne, ekam evādvitīyaṁ brahma [chā.u. 6.2.2] ity atrāpi nedaṁ-śabda-vācyasyābhāvaṁ bodhayati | kiṁ tarhi idaṁ-śabda-vācyasyāpi tac-chaktitvam eva bodhayati | tatraikam ity anena jagad-upādānasya brahmaṇaḥ ekatvam eva, na tu paramāṇuvad bāhulyam | ","सद् एवेदम् इत्य् उपक्रमविरोधाद् एव च निरुपाधिवत् प्रतीयमाने, एकम् एवाद्वितीयं ब्रह्म [छा.उ. ६.२.२] इत्य् अत्रापि नेदंशब्दवाच्यस्याभावं बोधयति । किं तर्हि इदंशब्दवाच्यस्यापि तच्छक्तित्वम् एव बोधयति । तत्रैकम् इत्य् अनेन जगदुपादानस्य ब्रह्मणः एकत्वम् एव, न तु परमाणुवद् बाहुल्यम् । ","सद् एवेदम् इत्य् उपक्रमविरोधाद् एव च निरुपाधिवत् प्रतीयमाने, एकम् एवाद्वितीयꣳ ब्रह्म [छा.उ. ६.२.२] इत्य् अत्रापि नेदꣳशब्दवाच्यस्याभावꣳ बोधयति । किꣳ तर्हि इदꣳशब्दवाच्यस्यापि तच्छक्तित्वम् एव बोधयति । तत्रैकम् इत्य् अनेन जगदुपादानस्य ब्रह्मणः एकत्वम् एव, न तु परमाणुवद् बाहुल्यम् । "
164,"advitīyam ity anena tasya sva-śakty-eka-sahāyatvaṁ, na tu kulālavan mṛttikādi-lakṣaṇa-vastv-antara-sāhāyyam iti gamyate | eva-kāro’trāsambhāvanā-nivṛtty-arthaḥ | tasyāvyaktasya tac-chaktitve’py upādhitva-pratyayo bahiraṅgatvād eveti jñeyam | tathopādhi-pratiṣedha-vākye—atha parā yayā tad-akṣaram adhigamyate, yat tad dṛśyam agrāhyaṁ [mu.u. 1.1.5] ity ādau, prākṛta-heya-guṇān pratiṣidhya nityatva-vibhutvādi-kalyāṇa-guṇa-yogo brahmaṇaḥ pratipādyate—nityaṁ vibhuṁ sarva-gataṁ [mu.u. 1.1.6] ity ādinā | evaṁ nirguṇaṁ nirañjanam ity-ādīnām api prākṛta-heya-guṇa-viṣaya-niṣedha-paratvam eva | sarvato-niṣedhe svābhyupagatāḥ sisādhayiṣitā nityatādayaś ca niṣiddhāḥ syuḥ | jñāna-mātra-svarūpa-vādinyo’pi brahmaṇo jñāna-svarūpatām abhidadhati | tathāpi tat-svarūpatva eva tasya jñātṛtvam astīti na nirviśeṣatvaṁ tat-tat-pratipāditam | evam ānando brahmety atrāpi jñeyam |","अद्वितीयम् इत्य् अनेन तस्य स्वशक्त्येकसहायत्वं, न तु कुलालवन् मृत्तिकादिलक्षणवस्त्वन्तरसाहाय्यम् इति गम्यते । एवकारोऽत्रासम्भावनानिवृत्त्यर्थः । तस्याव्यक्तस्य तच्छक्तित्वेऽप्य् उपाधित्वप्रत्ययो बहिरङ्गत्वाद् एवेति ज्ञेयम् । तथोपाधिप्रतिषेधवाक्ये—अथ परा यया तदक्षरम् अधिगम्यते, यत् तद् दृश्यम् अग्राह्यं [मु.उ. १.१.५] इत्य् आदौ, प्राकृतहेयगुणान् प्रतिषिध्य नित्यत्वविभुत्वादिकल्याणगुणयोगो ब्रह्मणः प्रतिपाद्यते—नित्यं विभुं सर्वगतं [मु.उ. १.१.६] इत्य् आदिना । एवं निर्गुणं निरञ्जनम् इत्यादीनाम् अपि प्राकृतहेयगुणविषयनिषेधपरत्वम् एव । सर्वतोनिषेधे स्वाभ्युपगताः सिसाधयिषिता नित्यतादयश् च निषिद्धाः स्युः । ज्ञानमात्रस्वरूपवादिन्योऽपि ब्रह्मणो ज्ञानस्वरूपताम् अभिदधति । तथापि तत्स्वरूपत्व एव तस्य ज्ञातृत्वम् अस्तीति न निर्विशेषत्वं तत्तत्प्रतिपादितम् । एवम् आनन्दो ब्रह्मेत्य् अत्रापि ज्ञेयम् ।","अद्वितीयम् इत्य् अनेन तस्य स्वशक्त्येकसहायत्वꣳ, न तु कुलालवन् मृत्तिकादिलक्षणवस्त्वन्तरसाहाय्यम् इति गम्यते । एवकारोऽत्रासम्भावनानिवृत्त्यर्थः । तस्याव्यक्तस्य तच्छक्तित्वेऽप्य् उपाधित्वप्रत्ययो बहिरङ्गत्वाद् एवेति ज्ञेयम् । तथोपाधिप्रतिषेधवाक्ये—अथ परा यया तदक्षरम् अधिगम्यते, यत् तद् दृश्यम् अग्राह्यꣳ [मु.उ. १.१.५] इत्य् आदौ, प्राकृतहेयगुणान् प्रतिषिध्य नित्यत्वविभुत्वादिकल्याणगुणयोगो ब्रह्मणः प्रतिपाद्यते—नित्यꣳ विभुꣳ सर्वगतꣳ [मु.उ. १.१.६] इत्य् आदिना । एवꣳ निर्गुणꣳ निरञ्जनम् इत्यादीनाम् अपि प्राकृतहेयगुणविषयनिषेधपरत्वम् एव । सर्वतोनिषेधे स्वाभ्युपगताः सिसाधयिषिता नित्यतादयश् च निषिद्धाः स्युः । ज्ञानमात्रस्वरूपवादिन्योऽपि ब्रह्मणो ज्ञानस्वरूपताम् अभिदधति । तथापि तत्स्वरूपत्व एव तस्य ज्ञातृत्वम् अस्तीति न निर्विशेषत्वꣳ तत्तत्प्रतिपादितम् । एवम् आनन्दो ब्रह्मेत्य् अत्रापि ज्ञेयम् ।"
165,"kiṁ ca, tatra tatra brahma-śabdenaiva sa-viśeṣatvaṁ spaṣṭī-kṛtaṁ, bṛṁhaṇārthatvāt | ata eva ḥaṁ brahmaṇo vidvān [tai.u. 2.4.1] ity ādau bheda-nirdeśaś ca | yato vāco nivartante [tai.u. 2.6] ity ādi-vākyaṁ cālaukikatvād ānantyāc ca saṅgacchate | ata eva brahma te bruvāṇi, brahma-vid āpnoti param iti na virudhyate | ","किं च, तत्र तत्र ब्रह्मशब्देनैव सविशेषत्वं स्पष्टीकृतं, बृंहणार्थत्वात् । अत एव ःअं ब्रह्मणो विद्वान् [तै.उ. २.४.१] इत्य् आदौ भेदनिर्देशश् च । यतो वाचो निवर्तन्ते [तै.उ. २.६] इत्य् आदिवाक्यं चालौकिकत्वाद् आनन्त्याच् च सङ्गच्छते । अत एव ब्रह्म ते ब्रुवाणि, ब्रह्मविद् आप्नोति परम् इति न विरुध्यते । ","किꣳ च, तत्र तत्र ब्रह्मशब्देनैव सविशेषत्वꣳ स्पष्टीकृतꣳ, बृꣳहणार्थत्वात् । अत एव ःअꣳ ब्रह्मणो विद्वान् [तै.उ. २.४.१] इत्य् आदौ भेदनिर्देशश् च । यतो वाचो निवर्तन्ते [तै.उ. २.६] इत्य् आदिवाक्यꣳ चालौकिकत्वाद् आनन्त्याच् च सङ्गच्छते । अत एव ब्रह्म ते ब्रुवाणि, ब्रह्मविद् आप्नोति परम् इति न विरुध्यते । "
166,"yatra hi dvaitam iva bhavati, tad-itara itaraṁ paśyati, yatra tv asya sarvam ātmaivābhūt, tat kena kaṁ paśyet ity ādau, neha nānāsti kiñcana, mṛtyoḥ sa mṛtyum āpnoti ya iha nāneva paśyati ity ādau ca jīva-māyayos tac-chaktitayā kṛtsnasya jagato brahma-kāryatayā sarveṣāṁ tad-antaryāmikatayā ca tad-ātmakatvenaikyāt | tat-pratyānīka-nānātvaṁ pratiṣidhyate | na tat sarvathā asya sarvam iti svarūpa-bhedāṅgīkārāt | bahu syāṁ prajāyeya [tai.u. 2.6.1] iti nirvikārasyaiva sato’cintyāśaktyā kārya-bhāva-bhedāṅgīkārāc ca | pratyakṣādi-sakala-pramāṇān avagataṁ brahmaṇo nānātvaṁ pratipādya tad eva pratiṣedha-vākyena bādhyata ity upahāsyam idam | [śrī-bhāṣya 1.1.1] ","यत्र हि द्वैतम् इव भवति, तदितर इतरं पश्यति, यत्र त्व् अस्य सर्वम् आत्मैवाभूत्, तत् केन कं पश्येत् इत्य् आदौ, नेह नानास्ति किञ्चन, मृत्योः स मृत्युम् आप्नोति य इह नानेव पश्यति इत्य् आदौ च जीवमाययोस् तच्छक्तितया कृत्स्नस्य जगतो ब्रह्मकार्यतया सर्वेषां तदन्तर्यामिकतया च तदात्मकत्वेनैक्यात् । तत्प्रत्यानीकनानात्वं प्रतिषिध्यते । न तत् सर्वथा अस्य सर्वम् इति स्वरूपभेदाङ्गीकारात् । बहु स्यां प्रजायेय [तै.उ. २.६.१] इति निर्विकारस्यैव सतोऽचिन्त्याशक्त्या कार्यभावभेदाङ्गीकाराच् च । प्रत्यक्षादिसकलप्रमाणान् अवगतं ब्रह्मणो नानात्वं प्रतिपाद्य तद् एव प्रतिषेधवाक्येन बाध्यत इत्य् उपहास्यम् इदम् । [श्रीभाष्य १.१.१] ","यत्र हि द्वैतम् इव भवति, तदितर इतरꣳ पश्यति, यत्र त्व् अस्य सर्वम् आत्मैवाभूत्, तत् केन कꣳ पश्येत् इत्य् आदौ, नेह नानास्ति किञ्चन, मृत्योः स मृत्युम् आप्नोति य इह नानेव पश्यति इत्य् आदौ च जीवमाययोस् तच्छक्तितया कृत्स्नस्य जगतो ब्रह्मकार्यतया सर्वेषाꣳ तदन्तर्यामिकतया च तदात्मकत्वेनैक्यात् । तत्प्रत्यानीकनानात्वꣳ प्रतिषिध्यते । न तत् सर्वथा अस्य सर्वम् इति स्वरूपभेदाङ्गीकारात् । बहु स्याꣳ प्रजायेय [तै.उ. २.६.१] इति निर्विकारस्यैव सतोऽचिन्त्याशक्त्या कार्यभावभेदाङ्गीकाराच् च । प्रत्यक्षादिसकलप्रमाणान् अवगतꣳ ब्रह्मणो नानात्वꣳ प्रतिपाद्य तद् एव प्रतिषेधवाक्येन बाध्यत इत्य् उपहास्यम् इदम् । [श्रीभाष्य १.१.१] "
168,"yatra nānyat paśyati, nānyac chṛṇoti, nānyad vijānāti sa bhūmā | atha yatrānyat paśyati, anyac chṛṇoti, anyad vijānāti, tad alpam | yo vai bhūmā, tad amṛtaṁ [chā.u. 7.24.1], atha yad alpaṁ tan martyam ity ādau ca | ayam arthaḥ—nānyaṁ paśytīti tan-mātra-darśanād avagamyate rūpavattvam, tathā nānyac chṛṇotīti śabdavattvaṁ ca tasya darśitam | etad apy upalakṣaṇaṁ, sparśādimattvaṁ ca jñeyam | sarva-gandhaḥ sarva-rasaḥ [chā.u. 3.14.4] ity-ādi-śruteḥ | evaṁ bahir-indriyeṣu sphūrtir darśitā | nānyad vijānātīti tathaivāntaḥkaraṇeṣu sphuratīty āha—tatrānya-darśanādi-niṣedhas tasyānanta-vivakṣayā, kṛtsnasya jagato’pi tad-vibhūty-antargatatva-vivakṣayā ca, śuddhe citte jagato’pi tad-vibhūti-rūpatvena yathārthāyāṁ sphūrtau na duḥkhadatvam | tad uktaṁ—mayā santuṣṭa-manasaḥ sarvāḥ sukha-mayā diśaḥ iti | ","यत्र नान्यत् पश्यति, नान्यच् छृणोति, नान्यद् विजानाति स भूमा । अथ यत्रान्यत् पश्यति, अन्यच् छृणोति, अन्यद् विजानाति, तद् अल्पम् । यो वै भूमा, तद् अमृतं [छा.उ. ७.२४.१], अथ यद् अल्पं तन् मर्त्यम् इत्य् आदौ च । अयम् अर्थः—नान्यं पश्य्तीति तन्मात्रदर्शनाद् अवगम्यते रूपवत्त्वम्, तथा नान्यच् छृणोतीति शब्दवत्त्वं च तस्य दर्शितम् । एतद् अप्य् उपलक्षणं, स्पर्शादिमत्त्वं च ज्ञेयम् । सर्वगन्धः सर्वरसः [छा.उ. ३.१४.४] इत्यादिश्रुतेः । एवं बहिरिन्द्रियेषु स्फूर्तिर् दर्शिता । नान्यद् विजानातीति तथैवान्तःकरणेषु स्फुरतीत्य् आह—तत्रान्यदर्शनादिनिषेधस् तस्यानन्तविवक्षया, कृत्स्नस्य जगतोऽपि तद्विभूत्यन्तर्गतत्वविवक्षया च, शुद्धे चित्ते जगतोऽपि तद्विभूतिरूपत्वेन यथार्थायां स्फूर्तौ न दुःखदत्वम् । तद् उक्तं—मया सन्तुष्टमनसः सर्वाः सुखमया दिशः इति । ","यत्र नान्यत् पश्यति, नान्यच् छृणोति, नान्यद् विजानाति स भूमा । अथ यत्रान्यत् पश्यति, अन्यच् छृणोति, अन्यद् विजानाति, तद् अल्पम् । यो वै भूमा, तद् अमृतꣳ [छा.उ. ७.२४.१], अथ यद् अल्पꣳ तन् मर्त्यम् इत्य् आदौ च । अयम् अर्थः—नान्यꣳ पश्य्तीति तन्मात्रदर्शनाद् अवगम्यते रूपवत्त्वम्, तथा नान्यच् छृणोतीति शब्दवत्त्वꣳ च तस्य दर्शितम् । एतद् अप्य् उपलक्षणꣳ, स्पर्शादिमत्त्वꣳ च ज्ञेयम् । सर्वगन्धः सर्वरसः [छा.उ. ३.१४.४] इत्यादिश्रुतेः । एवꣳ बहिरिन्द्रियेषु स्फूर्तिर् दर्शिता । नान्यद् विजानातीति तथैवान्तःकरणेषु स्फुरतीत्य् आह—तत्रान्यदर्शनादिनिषेधस् तस्यानन्तविवक्षया, कृत्स्नस्य जगतोऽपि तद्विभूत्यन्तर्गतत्वविवक्षया च, शुद्धे चित्ते जगतोऽपि तद्विभूतिरूपत्वेन यथार्थायाꣳ स्फूर्तौ न दुःखदत्वम् । तद् उक्तꣳ—मया सन्तुष्टमनसः सर्वाः सुखमया दिशः इति । "
169,"tathaiva vākya-śeṣaḥ— sa vā eṣa evaṁ paśyann evaṁ manvāna evaṁ vijānann ātma-ratir ātma-krīḍa ātma-mithuna ātmānandaḥ, sa svarāḍ bhavati tasya sarveṣu lokeṣu kāma-cāro bhavati | atha ye’nyathāto vidur anya-rājānas te kṣayya-lokā bhavanti teṣāṁ sarveṣu lokeṣv akāma-cāro bhavati [chā.u. 7.25.2] iti | tasmād atrāpi sa-viśeṣam eva pratipādyate | evam anyatrāpy unneyam | tasmāt sādhv eva vyākhyam—na sthānato’pi [ve.sū. 3.2.11] iti | na ca sa-viśeṣaṁ brahma nirviśeṣa-brahmaṇo bhinnam iti vaktavyaṁ pratiśākham ekam eva brahma sarvatra gīyata iti | ","तथैव वाक्यशेषः— स वा एष एवं पश्यन्न् एवं मन्वान एवं विजानन्न् आत्मरतिर् आत्मक्रीड आत्ममिथुन आत्मानन्दः, स स्वराड् भवति तस्य सर्वेषु लोकेषु कामचारो भवति । अथ येऽन्यथातो विदुर् अन्यराजानस् ते क्षय्यलोका भवन्ति तेषां सर्वेषु लोकेष्व् अकामचारो भवति [छा.उ. ७.२५.२] इति । तस्माद् अत्रापि सविशेषम् एव प्रतिपाद्यते । एवम् अन्यत्राप्य् उन्नेयम् । तस्मात् साध्व् एव व्याख्यम्—न स्थानतोऽपि [वे.सू. ३.२.११] इति । न च सविशेषं ब्रह्म निर्विशेषब्रह्मणो भिन्नम् इति वक्तव्यं प्रतिशाखम् एकम् एव ब्रह्म सर्वत्र गीयत इति । ","तथैव वाक्यशेषः— स वा एष एवꣳ पश्यन्न् एवꣳ मन्वान एवꣳ विजानन्न् आत्मरतिर् आत्मक्रीड आत्ममिथुन आत्मानन्दः, स स्वराड् भवति तस्य सर्वेषु लोकेषु कामचारो भवति । अथ येऽन्यथातो विदुर् अन्यराजानस् ते क्षय्यलोका भवन्ति तेषाꣳ सर्वेषु लोकेष्व् अकामचारो भवति [छा.उ. ७.२५.२] इति । तस्माद् अत्रापि सविशेषम् एव प्रतिपाद्यते । एवम् अन्यत्राप्य् उन्नेयम् । तस्मात् साध्व् एव व्याख्यम्—न स्थानतोऽपि [वे.सू. ३.२.११] इति । न च सविशेषꣳ ब्रह्म निर्विशेषब्रह्मणो भिन्नम् इति वक्तव्यꣳ प्रतिशाखम् एकम् एव ब्रह्म सर्वत्र गीयत इति । "
170,"sarve vedā yat-padam āmananti [ka.u. 1.2.15] iti śruteḥ | tad etad apy āha—na bhedād iti cen, na, pratyekam atad-vacanāt [ve.sū. 3.2.12] | ata eva, ekam evādvitīyaṁ brahma ity eke paṭhanti | tad etad apy āha—api caivam eke [ve.sū. 3.2.13] iti | ","सर्वे वेदा यत्पदम् आमनन्ति [क.उ. १.२.१५] इति श्रुतेः । तद् एतद् अप्य् आह—न भेदाद् इति चेन्, न, प्रत्येकम् अतद्वचनात् [वे.सू. ३.२.१२] । अत एव, एकम् एवाद्वितीयं ब्रह्म इत्य् एके पठन्ति । तद् एतद् अप्य् आह—अपि चैवम् एके [वे.सू. ३.२.१३] इति । ","सर्वे वेदा यत्पदम् आमनन्ति [क.उ. १.२.१५] इति श्रुतेः । तद् एतद् अप्य् आह—न भेदाद् इति चेन्, न, प्रत्येकम् अतद्वचनात् [वे.सू. ३.२.१२] । अत एव, एकम् एवाद्वितीयꣳ ब्रह्म इत्य् एके पठन्ति । तद् एतद् अप्य् आह—अपि चैवम् एके [वे.सू. ३.२.१३] इति । "
172,śrutiḥ pratyakṣam aitihyam anumānaṁ catuṣṭayam |,श्रुतिः प्रत्यक्षम् ऐतिह्यम् अनुमानं चतुष्टयम् ।,श्रुतिः प्रत्यक्षम् ऐतिह्यम् अनुमानꣳ चतुष्टयम् ।
174,ity atra śrī-bhāgavata eva bheda-mātraṁ śruty-asammatam ity ucyata iti vācyam | vikalpa-śabdasya saṁśayārthatvāt tatra virāgaś ca vastu-niṣṭhāpekṣayeti mūla eva vakṣyate | tad evaṁ svagata-bhede tv aparihārye svarṇa-ratnādi-ghaṭitaika-kuṇḍalavad vastv-antara-praveśenaiva sa pratiṣedhyata iti sthitam |,इत्य् अत्र श्रीभागवत एव भेदमात्रं श्रुत्यसम्मतम् इत्य् उच्यत इति वाच्यम् । विकल्पशब्दस्य संशयार्थत्वात् तत्र विरागश् च वस्तुनिष्ठापेक्षयेति मूल एव वक्ष्यते । तद् एवं स्वगतभेदे त्व् अपरिहार्ये स्वर्णरत्नादिघटितैककुण्डलवद् वस्त्वन्तरप्रवेशेनैव स प्रतिषेध्यत इति स्थितम् ।,इत्य् अत्र श्रीभागवत एव भेदमात्रꣳ श्रुत्यसम्मतम् इत्य् उच्यत इति वाच्यम् । विकल्पशब्दस्य सꣳशयार्थत्वात् तत्र विरागश् च वस्तुनिष्ठापेक्षयेति मूल एव वक्ष्यते । तद् एवꣳ स्वगतभेदे त्व् अपरिहार्ये स्वर्णरत्नादिघटितैककुण्डलवद् वस्त्वन्तरप्रवेशेनैव स प्रतिषेध्यत इति स्थितम् ।
175,"tvat-svarūpa-vastv-antarāṇāṁ ca tac-chakti-rūpatvān na taiḥ sajātīyo’pi bhedaḥ | na cāvyakta-gata-jāḍya-duḥkhādibhir vijātīyo bhedaḥ, avyaktasyāpi tac-chakti-rūpatvāt | ","त्वत्स्वरूपवस्त्वन्तराणां च तच्छक्तिरूपत्वान् न तैः सजातीयोऽपि भेदः । न चाव्यक्तगतजाड्यदुःखादिभिर् विजातीयो भेदः, अव्यक्तस्यापि तच्छक्तिरूपत्वात् । ","त्वत्स्वरूपवस्त्वन्तराणाꣳ च तच्छक्तिरूपत्वान् न तैः सजातीयोऽपि भेदः । न चाव्यक्तगतजाड्यदुःखादिभिर् विजातीयो भेदः, अव्यक्तस्यापि तच्छक्तिरूपत्वात् । "
176,"athavā naiyāyikānāṁ jyotir abhāva eva yathā tamaḥ, tathāṅgīkṛtya tādṛśa-cintānubhāva-māyā-kṛta-cid-ānanda-śakti-tirobhāva-lakṣaṇābhāva-mātra-śarīratvena nirṇetavyatvād iti | na cābhāvenaiva | tarhi vijātīyo’sau bheda āpatita iti vaktavyam | kevalādvaita-vādinām api tad-aparihāryatvāt | ","अथवा नैयायिकानां ज्योतिर् अभाव एव यथा तमः, तथाङ्गीकृत्य तादृशचिन्तानुभावमायाकृतचिदानन्दशक्तितिरोभावलक्षणाभावमात्रशरीरत्वेन निर्णेतव्यत्वाद् इति । न चाभावेनैव । तर्हि विजातीयोऽसौ भेद आपतित इति वक्तव्यम् । केवलाद्वैतवादिनाम् अपि तदपरिहार्यत्वात् । ","अथवा नैयायिकानाꣳ ज्योतिर् अभाव एव यथा तमः, तथाङ्गीकृत्य तादृशचिन्तानुभावमायाकृतचिदानन्दशक्तितिरोभावलक्षणाभावमात्रशरीरत्वेन निर्णेतव्यत्वाद् इति । न चाभावेनैव । तर्हि विजातीयोऽसौ भेद आपतित इति वक्तव्यम् । केवलाद्वैतवादिनाम् अपि तदपरिहार्यत्वात् । "
177,"evaṁ ca niṣedha-śrutibhir yuktibhiś ca brahmaṇi yo dvaitābhāvaḥ sādhyate sa cāvṛttyāpy aparihārya iti | punas tad-āpāta-bhiyā bhāvenaivādvaitaṁ manyāmahe iti vadatāṁ bhāva-dvaitam apy avasīyate | tenābhāvena bhāva-rūpa-brahmaṇo yad dvaitam asti, tasya bhāva-rūpasyaiva sākṣād avaśiṣṭatvāt, mithyā-prapañcasyābhāvo’pi mithyety atrāpi tadvat tatrāpi mithyaivāvaśiṣyate | abhāvas tu na vastv-atirikta iti pakṣo’pi na samyag avagamyate |","एवं च निषेधश्रुतिभिर् युक्तिभिश् च ब्रह्मणि यो द्वैताभावः साध्यते स चावृत्त्याप्य् अपरिहार्य इति । पुनस् तदापातभिया भावेनैवाद्वैतं मन्यामहे इति वदतां भावद्वैतम् अप्य् अवसीयते । तेनाभावेन भावरूपब्रह्मणो यद् द्वैतम् अस्ति, तस्य भावरूपस्यैव साक्षाद् अवशिष्टत्वात्, मिथ्याप्रपञ्चस्याभावोऽपि मिथ्येत्य् अत्रापि तद्वत् तत्रापि मिथ्यैवावशिष्यते । अभावस् तु न वस्त्वतिरिक्त इति पक्षोऽपि न सम्यग् अवगम्यते ।","एवꣳ च निषेधश्रुतिभिर् युक्तिभिश् च ब्रह्मणि यो द्वैताभावः साध्यते स चावृत्त्याप्य् अपरिहार्य इति । पुनस् तदापातभिया भावेनैवाद्वैतꣳ मन्यामहे इति वदताꣳ भावद्वैतम् अप्य् अवसीयते । तेनाभावेन भावरूपब्रह्मणो यद् द्वैतम् अस्ति, तस्य भावरूपस्यैव साक्षाद् अवशिष्टत्वात्, मिथ्याप्रपञ्चस्याभावोऽपि मिथ्येत्य् अत्रापि तद्वत् तत्रापि मिथ्यैवावशिष्यते । अभावस् तु न वस्त्वतिरिक्त इति पक्षोऽपि न सम्यग् अवगम्यते ।"
178,"yadi ca bhūtale eva ghaṭābhāvaṁ syāt, tadā tatra punar ghaṭasya saṁsargo na syād eva | tad evaṁ pūrva-yuktibhir itthaṁ cāparihāryāyāṁ bheda-vṛttau svagata-bheda-vṛttis tasminn asty eva |","यदि च भूतले एव घटाभावं स्यात्, तदा तत्र पुनर् घटस्य संसर्गो न स्याद् एव । तद् एवं पूर्वयुक्तिभिर् इत्थं चापरिहार्यायां भेदवृत्तौ स्वगतभेदवृत्तिस् तस्मिन्न् अस्त्य् एव ।","यदि च भूतले एव घटाभावꣳ स्यात्, तदा तत्र पुनर् घटस्य सꣳसर्गो न स्याद् एव । तद् एवꣳ पूर्वयुक्तिभिर् इत्थꣳ चापरिहार्यायाꣳ भेदवृत्तौ स्वगतभेदवृत्तिस् तस्मिन्न् अस्त्य् एव ।"
179,"nanu nirbhede’pi tasmin nityaṁ sva-gata-bheda-pratītir api nithyaivāstu, śukti-rajatavad anirvacanīyatvāt, avidyā-tat-kāryāpohāvaśiṣṭa-tādṛśa-svarūpe’py anirvacanīyatve sarva-mūla-nāśāpatteḥ | na ca yatra yatra nirvaktum aśakyatvaṁ, tatra tatra mithyātvam iti vyāptir asti, brahmaṇy avyāpteḥ | anirukte’nilayane [tai.u. 2.7.1] ity ādi-śruteḥ | loke’pi mitho-virodha-guṇa-dhāritvenaiva yukty-asiddhatvād anirvacanīya-tridoṣa-ghnaika-vyaktauṣadhi-dravyādi-darśanena vyabhicāraḥ | ata eva acintyo hi maṇi-mantra-mahauṣadhīnāṁ prabhāva iti acintyāḥ khalu ye bhāvā na tāṁs tarkeṇa yojayet [ma.bhā.] ity uktam | tasmāt tadvad acintya-svabhāvatayā mitho-virodhi-dharmavad eva tat tattvam ity ucyatām | tatra tasya tādṛśatvājñāne vaidyaka-vidyānugata-tan-niṣedhakānubhavaḥ pramāṇam | prastutasyāpi vedaikānugata-vidvad-anubhava eva pramāṇam | tathā ca paiṅgī śrutiḥ—yo viruddho’viruddho manur amanur vāg avāg indro’nindraḥ pravṛttir apravṛttiḥ sa paramātmā iti | ata eva śruty-antaram—naiṣā tarkeṇa matir apaneyā [ka.u. 1.2.9] iti | evaṁ śrī-viṣṇu-purāṇe, yasmin brahmaṇi sarva-śakti-nilaye mānāni no mānināṁ niṣṭhāyai prabhavanti [vi.pu. 6.8.5] iti | nārada-pañcarātre ca, ","ननु निर्भेदेऽपि तस्मिन् नित्यं स्वगतभेदप्रतीतिर् अपि निथ्यैवास्तु, शुक्तिरजतवद् अनिर्वचनीयत्वात्, अविद्यातत्कार्यापोहावशिष्टतादृशस्वरूपेऽप्य् अनिर्वचनीयत्वे सर्वमूलनाशापत्तेः । न च यत्र यत्र निर्वक्तुम् अशक्यत्वं, तत्र तत्र मिथ्यात्वम् इति व्याप्तिर् अस्ति, ब्रह्मण्य् अव्याप्तेः । अनिरुक्तेऽनिलयने [तै.उ. २.७.१] इत्य् आदिश्रुतेः । लोकेऽपि मिथोविरोधगुणधारित्वेनैव युक्त्यसिद्धत्वाद् अनिर्वचनीयत्रिदोषघ्नैकव्यक्तौषधिद्रव्यादिदर्शनेन व्यभिचारः । अत एव अचिन्त्यो हि मणिमन्त्रमहौषधीनां प्रभाव इति अचिन्त्याः खलु ये भावा न तांस् तर्केण योजयेत् [म.भा.] इत्य् उक्तम् । तस्मात् तद्वद् अचिन्त्यस्वभावतया मिथोविरोधिधर्मवद् एव तत् तत्त्वम् इत्य् उच्यताम् । तत्र तस्य तादृशत्वाज्ञाने वैद्यकविद्यानुगततन्निषेधकानुभवः प्रमाणम् । प्रस्तुतस्यापि वेदैकानुगतविद्वदनुभव एव प्रमाणम् । तथा च पैङ्गी श्रुतिः—यो विरुद्धोऽविरुद्धो मनुर् अमनुर् वाग् अवाग् इन्द्रोऽनिन्द्रः प्रवृत्तिर् अप्रवृत्तिः स परमात्मा इति । अत एव श्रुत्यन्तरम्—नैषा तर्केण मतिर् अपनेया [क.उ. १.२.९] इति । एवं श्रीविष्णुपुराणे, यस्मिन् ब्रह्मणि सर्वशक्तिनिलये मानानि नो मानिनां निष्ठायै प्रभवन्ति [वि.पु. ६.८.५] इति । नारदपञ्चरात्रे च, ","ननु निर्भेदेऽपि तस्मिन् नित्यꣳ स्वगतभेदप्रतीतिर् अपि निथ्यैवास्तु, शुक्तिरजतवद् अनिर्वचनीयत्वात्, अविद्यातत्कार्यापोहावशिष्टतादृशस्वरूपेऽप्य् अनिर्वचनीयत्वे सर्वमूलनाशापत्तेः । न च यत्र यत्र निर्वक्तुम् अशक्यत्वꣳ, तत्र तत्र मिथ्यात्वम् इति व्याप्तिर् अस्ति, ब्रह्मण्य् अव्याप्तेः । अनिरुक्तेऽनिलयने [तै.उ. २.७.१] इत्य् आदिश्रुतेः । लोकेऽपि मिथोविरोधगुणधारित्वेनैव युक्त्यसिद्धत्वाद् अनिर्वचनीयत्रिदोषघ्नैकव्यक्तौषधिद्रव्यादिदर्शनेन व्यभिचारः । अत एव अचिन्त्यो हि मणिमन्त्रमहौषधीनाꣳ प्रभाव इति अचिन्त्याः खलु ये भावा न ताꣳस् तर्केण योजयेत् [म.भा.] इत्य् उक्तम् । तस्मात् तद्वद् अचिन्त्यस्वभावतया मिथोविरोधिधर्मवद् एव तत् तत्त्वम् इत्य् उच्यताम् । तत्र तस्य तादृशत्वाज्ञाने वैद्यकविद्यानुगततन्निषेधकानुभवः प्रमाणम् । प्रस्तुतस्यापि वेदैकानुगतविद्वदनुभव एव प्रमाणम् । तथा च पैङ्गी श्रुतिः—यो विरुद्धोऽविरुद्धो मनुर् अमनुर् वाग् अवाग् इन्द्रोऽनिन्द्रः प्रवृत्तिर् अप्रवृत्तिः स परमात्मा इति । अत एव श्रुत्यन्तरम्—नैषा तर्केण मतिर् अपनेया [क.उ. १.२.९] इति । एवꣳ श्रीविष्णुपुराणे, यस्मिन् ब्रह्मणि सर्वशक्तिनिलये मानानि नो मानिनाꣳ निष्ठायै प्रभवन्ति [वि.पु. ६.८.५] इति । नारदपञ्चरात्रे च, "
180,viṣṇu-tattvaṁ parijñāya ekaṁ cāneka-bhedagam |,विष्णुतत्त्वं परिज्ञाय एकं चानेकभेदगम् ।,विष्णुतत्त्वꣳ परिज्ञाय एकꣳ चानेकभेदगम् ।
181,dīkṣayen medinīṁ sarvāṁ kiṁ punaś copasannatān || iti |,दीक्षयेन् मेदिनीं सर्वां किं पुनश् चोपसन्नतान् ॥ इति ।,दीक्षयेन् मेदिनीꣳ सर्वाꣳ किꣳ पुनश् चोपसन्नतान् ॥ इति ।
182,tad evam atarkyatvāt tarka-mūlā khaṇḍana-vidyā nāsmin prayoktavyety abhihitam | ata evoktaṁ haṁsa-guhya-stave—,तद् एवम् अतर्क्यत्वात् तर्कमूला खण्डनविद्या नास्मिन् प्रयोक्तव्येत्य् अभिहितम् । अत एवोक्तं हंसगुह्यस्तवे—,तद् एवम् अतर्क्यत्वात् तर्कमूला खण्डनविद्या नास्मिन् प्रयोक्तव्येत्य् अभिहितम् । अत एवोक्तꣳ हꣳसगुह्यस्तवे—
183,yac-chaktayo vadatāṁ vādināṁ vai,यच्छक्तयो वदतां वादिनां वै,यच्छक्तयो वदताꣳ वादिनाꣳ वै
184,vivāda-saṁvāda-bhuvo bhavanti |,विवादसंवादभुवो भवन्ति ।,विवादसꣳवादभुवो भवन्ति ।
185,kurvanti caiṣāṁ muhur ātma-mohaṁ,कुर्वन्ति चैषां मुहुर् आत्ममोहं,कुर्वन्ति चैषाꣳ मुहुर् आत्ममोहꣳ
187,"yuktaṁ ca paraspara-virodhi-śakti-gaṇāśrayatvaṁ, jagati dṛṣṭa-śrīānāṁ paraspara-virodhināṁ sarveṣām eva dharmāṇāṁ yugapad ekāśrayatvāt | vidvad-anubhavaś cāgre bahuśo darśanīyaḥ | atas tasmin tādṛśa-śaktayaḥ santy eva, kintu tasmiṁs tāsām abhivyakty-upalabdhau prācuryeṇa bhagavat-saṁjñā | tad-anupalabdhau prācuryeṇa brahma-saṁjñeti viśeṣaḥ | ata eva śrī-viṣṇu-purāṇe—","युक्तं च परस्परविरोधिशक्तिगणाश्रयत्वं, जगति दृष्टश्रीआनां परस्परविरोधिनां सर्वेषाम् एव धर्माणां युगपद् एकाश्रयत्वात् । विद्वदनुभवश् चाग्रे बहुशो दर्शनीयः । अतस् तस्मिन् तादृशशक्तयः सन्त्य् एव, किन्तु तस्मिंस् तासाम् अभिव्यक्त्युपलब्धौ प्राचुर्येण भगवत्संज्ञा । तदनुपलब्धौ प्राचुर्येण ब्रह्मसंज्ञेति विशेषः । अत एव श्रीविष्णुपुराणे—","युक्तꣳ च परस्परविरोधिशक्तिगणाश्रयत्वꣳ, जगति दृष्टश्रीआनाꣳ परस्परविरोधिनाꣳ सर्वेषाम् एव धर्माणाꣳ युगपद् एकाश्रयत्वात् । विद्वदनुभवश् चाग्रे बहुशो दर्शनीयः । अतस् तस्मिन् तादृशशक्तयः सन्त्य् एव, किन्तु तस्मिꣳस् तासाम् अभिव्यक्त्युपलब्धौ प्राचुर्येण भगवत्सꣳज्ञा । तदनुपलब्धौ प्राचुर्येण ब्रह्मसꣳज्ञेति विशेषः । अत एव श्रीविष्णुपुराणे—"
188,pratyastamita-bhedaṁ yat sattā-mātram agocaram |,प्रत्यस्तमितभेदं यत् सत्तामात्रम् अगोचरम् ।,प्रत्यस्तमितभेदꣳ यत् सत्तामात्रम् अगोचरम् ।
189,vacasām ātma-saṁvedyaṁ taj jñānaṁ brahma-saṁjñitam || [vi.pu. 6.7.53] ||,वचसाम् आत्मसंवेद्यं तज् ज्ञानं ब्रह्मसंज्ञितम् ॥ [वि.पु. ६.७.५३] ॥,वचसाम् आत्मसꣳवेद्यꣳ तज् ज्ञानꣳ ब्रह्मसꣳज्ञितम् ॥ [वि.पु. ६.७.५३] ॥
191,"tasmād dvaitādvaitādi-śrīīnāṁ tasmiṁs tat-tat-prādhānyena pravṛttir iti | tathā sa ca śakti-rūpo dharmādharmātirikte tasmin vartata ity anena kiṁ nirdharme dharmo vartate ? kiṁ vā, sa-dharme vartate ? iti vikalpa-kalpanā-prakārā api nirasanīyāḥ | tathā bhavan-mate’pi kiṁ sāvidye brahmaṇy avidye ? niravidye vā ? ity ādikaṁ praṣṭavyaṁ ceti kṛtam ativistareṇa | ","तस्माद् द्वैताद्वैतादिश्रीईनां तस्मिंस् तत्तत्प्राधान्येन प्रवृत्तिर् इति । तथा स च शक्तिरूपो धर्माधर्मातिरिक्ते तस्मिन् वर्तत इत्य् अनेन किं निर्धर्मे धर्मो वर्तते ? किं वा, सधर्मे वर्तते ? इति विकल्पकल्पनाप्रकारा अपि निरसनीयाः । तथा भवन्मतेऽपि किं साविद्ये ब्रह्मण्य् अविद्ये ? निरविद्ये वा ? इत्य् आदिकं प्रष्टव्यं चेति कृतम् अतिविस्तरेण । ","तस्माद् द्वैताद्वैतादिश्रीईनाꣳ तस्मिꣳस् तत्तत्प्राधान्येन प्रवृत्तिर् इति । तथा स च शक्तिरूपो धर्माधर्मातिरिक्ते तस्मिन् वर्तत इत्य् अनेन किꣳ निर्धर्मे धर्मो वर्तते ? किꣳ वा, सधर्मे वर्तते ? इति विकल्पकल्पनाप्रकारा अपि निरसनीयाः । तथा भवन्मतेऽपि किꣳ साविद्ये ब्रह्मण्य् अविद्ये ? निरविद्ये वा ? इत्य् आदिकꣳ प्रष्टव्यꣳ चेति कृतम् अतिविस्तरेण । "
192,tad evaṁ ghaṭṭa-pāleṣv iva nirasteṣu nirdharma-vādeṣu sa-dharma-vādānāṁ śrī-vaiṣṇavānāṁ śrī-śrī-puruṣottama-pāda-pītha-parisaraṁ prati rāja-pathenaiva gatiḥ | tathā hi śrī-viṣṇu-purāṇe—śrī-maitreya uvāca—,तद् एवं घट्टपालेष्व् इव निरस्तेषु निर्धर्मवादेषु सधर्मवादानां श्रीवैष्णवानां श्रीश्रीपुरुषोत्तमपादपीथपरिसरं प्रति राजपथेनैव गतिः । तथा हि श्रीविष्णुपुराणे—श्रीमैत्रेय उवाच—,तद् एवꣳ घट्टपालेष्व् इव निरस्तेषु निर्धर्मवादेषु सधर्मवादानाꣳ श्रीवैष्णवानाꣳ श्रीश्रीपुरुषोत्तमपादपीथपरिसरꣳ प्रति राजपथेनैव गतिः । तथा हि श्रीविष्णुपुराणे—श्रीमैत्रेय उवाच—
194,kathaṁ sargādi-kartṛtvaṁ brahmaṇo’bhyupagamyate || [vi.pu. 1.3.1] ||,कथं सर्गादिकर्तृत्वं ब्रह्मणोऽभ्युपगम्यते ॥ [वि.पु. १.३.१] ॥,कथꣳ सर्गादिकर्तृत्वꣳ ब्रह्मणोऽभ्युपगम्यते ॥ [वि.पु. १.३.१] ॥
195,"ity anantaraṁ, śrī-parāśara uvāca—","इत्य् अनन्तरं, श्रीपराशर उवाच—","इत्य् अनन्तरꣳ, श्रीपराशर उवाच—"
198,bhavanti tapasāṁ śreṣṭha pāvakasya yathoṣṇatā || [vi.pu. 1.3.2] ||16|| iti |,भवन्ति तपसां श्रेष्ठ पावकस्य यथोष्णता ॥ [वि.पु. १.३.२] ॥१६॥ इति ।,भवन्ति तपसाꣳ श्रेष्ठ पावकस्य यथोष्णता ॥ [वि.पु. १.३.२] ॥१६॥ इति ।
199,"vyākhyaṁ ca śrīdhar-svāmibhiḥ—loke hi sarveṣāṁ bhāvānāṁ maṇi-mantrādīnāṁ śaktayo’cintyaṁ tarkāsahaṁ kāryānyathānupapatti-pramāṇakaṁ yaj jñānaṁ tasya gocarāḥ santi | yad vā, acintyāḥ bhinnābhinnatvādi-vikalpaiś cintayitum aśakyāḥ kevalam arthāpatti-jñāna-gocarāḥ santi | yata evam ato brahmaṇo’pi tās tathāvidhāḥ sargādyāḥ sargādi-hetu-bhūtā bhāva-śaktayaḥ svabhāva-siddhā śaktayaḥ santy eva, pāvakasya dāhakatvādi-śaktivat | ato guṇādi-hīnasyāpy acintya-śaktimattvāt brahmaṇaḥ sargādi-kartṛtvaṁ ghaṭata ity arthaḥ | śrutiś ca—na tasya kāryaṁ karaṇaṁ ca vidyate [śve.u. 6.8] ity ādiḥ, māyāṁ tu prakṛtiṁ vidyān māyinaṁ ca maheśvaraṁ [śve.u. 4.10] ity ādiś ca |","व्याख्यं च श्रीधर्स्वामिभिः—लोके हि सर्वेषां भावानां मणिमन्त्रादीनां शक्तयोऽचिन्त्यं तर्कासहं कार्यान्यथानुपपत्तिप्रमाणकं यज् ज्ञानं तस्य गोचराः सन्ति । यद् वा, अचिन्त्याः भिन्नाभिन्नत्वादिविकल्पैश् चिन्तयितुम् अशक्याः केवलम् अर्थापत्तिज्ञानगोचराः सन्ति । यत एवम् अतो ब्रह्मणोऽपि तास् तथाविधाः सर्गाद्याः सर्गादिहेतुभूता भावशक्तयः स्वभावसिद्धा शक्तयः सन्त्य् एव, पावकस्य दाहकत्वादिशक्तिवत् । अतो गुणादिहीनस्याप्य् अचिन्त्यशक्तिमत्त्वात् ब्रह्मणः सर्गादिकर्तृत्वं घटत इत्य् अर्थः । श्रुतिश् च—न तस्य कार्यं करणं च विद्यते [श्वे.उ. ६.८] इत्य् आदिः, मायां तु प्रकृतिं विद्यान् मायिनं च महेश्वरं [श्वे.उ. ४.१०] इत्य् आदिश् च ।","व्याख्यꣳ च श्रीधर्स्वामिभिः—लोके हि सर्वेषाꣳ भावानाꣳ मणिमन्त्रादीनाꣳ शक्तयोऽचिन्त्यꣳ तर्कासहꣳ कार्यान्यथानुपपत्तिप्रमाणकꣳ यज् ज्ञानꣳ तस्य गोचराः सन्ति । यद् वा, अचिन्त्याः भिन्नाभिन्नत्वादिविकल्पैश् चिन्तयितुम् अशक्याः केवलम् अर्थापत्तिज्ञानगोचराः सन्ति । यत एवम् अतो ब्रह्मणोऽपि तास् तथाविधाः सर्गाद्याः सर्गादिहेतुभूता भावशक्तयः स्वभावसिद्धा शक्तयः सन्त्य् एव, पावकस्य दाहकत्वादिशक्तिवत् । अतो गुणादिहीनस्याप्य् अचिन्त्यशक्तिमत्त्वात् ब्रह्मणः सर्गादिकर्तृत्वꣳ घटत इत्य् अर्थः । श्रुतिश् च—न तस्य कार्यꣳ करणꣳ च विद्यते [श्वे.उ. ६.८] इत्य् आदिः, मायाꣳ तु प्रकृतिꣳ विद्यान् मायिनꣳ च महेश्वरꣳ [श्वे.उ. ४.१०] इत्य् आदिश् च ।"
200,"yad vā, evaṁ yojanā—sarveṣāṁ bhāvānāṁ (maṇi-mantrādīnāṁ) pāvakasyoṣṇatā-śaktivad acintya-jñāna-gocarāḥ śaktayaḥ santy eva | brahmaṇaḥ punas tāḥ svabhāva-bhūtāḥ svarūpād abhinnā śaktayaḥ—parāsya śaktir vividhaiva śrūyate svābhāvikī jñāna-bala-kriyā ca [śve.u. 6.8] ity ādi śruteḥ | ato maṇi-mantrādibhir agny-auṣṇyavan na kenacid vihantuṁ śakyante | ata eva tasya niraṅkuśam aiśvaryaṁ—sa vā ayam asya sarvasya vaśī sarvasyeśānaḥ sarvasyādhipatiḥ [bṛ.ā.u. 4.4.22] ity ādi śruteḥ | ","यद् वा, एवं योजना—सर्वेषां भावानां (मणिमन्त्रादीनां) पावकस्योष्णताशक्तिवद् अचिन्त्यज्ञानगोचराः शक्तयः सन्त्य् एव । ब्रह्मणः पुनस् ताः स्वभावभूताः स्वरूपाद् अभिन्ना शक्तयः—परास्य शक्तिर् विविधैव श्रूयते स्वाभाविकी ज्ञानबलक्रिया च [श्वे.उ. ६.८] इत्य् आदि श्रुतेः । अतो मणिमन्त्रादिभिर् अग्न्यौष्ण्यवन् न केनचिद् विहन्तुं शक्यन्ते । अत एव तस्य निरङ्कुशम् ऐश्वर्यं—स वा अयम् अस्य सर्वस्य वशी सर्वस्येशानः सर्वस्याधिपतिः [बृ.आ.उ. ४.४.२२] इत्य् आदि श्रुतेः । ","यद् वा, एवꣳ योजना—सर्वेषाꣳ भावानाꣳ (मणिमन्त्रादीनाꣳ) पावकस्योष्णताशक्तिवद् अचिन्त्यज्ञानगोचराः शक्तयः सन्त्य् एव । ब्रह्मणः पुनस् ताः स्वभावभूताः स्वरूपाद् अभिन्ना शक्तयः—परास्य शक्तिर् विविधैव श्रूयते स्वाभाविकी ज्ञानबलक्रिया च [श्वे.उ. ६.८] इत्य् आदि श्रुतेः । अतो मणिमन्त्रादिभिर् अग्न्यौष्ण्यवन् न केनचिद् विहन्तुꣳ शक्यन्ते । अत एव तस्य निरङ्कुशम् ऐश्वर्यꣳ—स वा अयम् अस्य सर्वस्य वशी सर्वस्येशानः सर्वस्याधिपतिः [बृ.आ.उ. ४.४.२२] इत्य् आदि श्रुतेः । "
201,"“tapasā śreṣṭha” iti sambodhanaṁ yā kācid api tapaḥ-śaktiḥ sā tasyaiveti sūcayati | yata evam ato brahmaṇo hetoḥ sargādyā bhavanti, nātra kācid anupapattir ity arthaḥ iti |","“तपसा श्रेष्ठ” इति सम्बोधनं या काचिद् अपि तपःशक्तिः सा तस्यैवेति सूचयति । यत एवम् अतो ब्रह्मणो हेतोः सर्गाद्या भवन्ति, नात्र काचिद् अनुपपत्तिर् इत्य् अर्थः इति ।","“तपसा श्रेष्ठ” इति सम्बोधनꣳ या काचिद् अपि तपःशक्तिः सा तस्यैवेति सूचयति । यत एवम् अतो ब्रह्मणो हेतोः सर्गाद्या भवन्ति, नात्र काचिद् अनुपपत्तिर् इत्य् अर्थः इति ।"
202,"atra māyāṁ tu prakṛtiṁ vidyāt [śve.u. 4.10] ity atra māyāyā api svabhāvatvam utkam, prakṛtes tat-paryāyatvāt | ata eva “māyinaṁ” iti nitya-yoga eva matv-arthīyaḥ | maheśvare māyāstīti maheśvaratvaṁ tu tasya māyātaḥ param iti vyaktam | uttarasyāṁ yojanāyāṁ māyāyāḥ svarūpād abhinnatvaṁ, bahiraṅgatve’pi tad-ekāśrayatvāt | tataḥ sutarām eva sā maheśvaratva-vyañjikānyā śaktiḥ svarūpa-bhūteti | tathā prathamāyāṁ yojanāyāṁ “sargādyāḥ” ity atra “ādyāḥ”-grahaṇena sthiti-pralaya-mayyo jagat-kāryāḥ śaktayo gṛhyante | svarūpaiśvaryādi-prakāśa-vṛttika-śaktayo’pi śaktitvenaikye’pi bahutva-nirdeśas tat-tad-vṛtti-bheda-vivakṣayā |","अत्र मायां तु प्रकृतिं विद्यात् [श्वे.उ. ४.१०] इत्य् अत्र मायाया अपि स्वभावत्वम् उत्कम्, प्रकृतेस् तत्पर्यायत्वात् । अत एव “मायिनं” इति नित्ययोग एव मत्वर्थीयः । महेश्वरे मायास्तीति महेश्वरत्वं तु तस्य मायातः परम् इति व्यक्तम् । उत्तरस्यां योजनायां मायायाः स्वरूपाद् अभिन्नत्वं, बहिरङ्गत्वेऽपि तदेकाश्रयत्वात् । ततः सुतराम् एव सा महेश्वरत्वव्यञ्जिकान्या शक्तिः स्वरूपभूतेति । तथा प्रथमायां योजनायां “सर्गाद्याः” इत्य् अत्र “आद्याः”-ग्रहणेन स्थितिप्रलयमय्यो जगत्कार्याः शक्तयो गृह्यन्ते । स्वरूपैश्वर्यादिप्रकाशवृत्तिकशक्तयोऽपि शक्तित्वेनैक्येऽपि बहुत्वनिर्देशस् तत्तद्वृत्तिभेदविवक्षया ।","अत्र मायाꣳ तु प्रकृतिꣳ विद्यात् [श्वे.उ. ४.१०] इत्य् अत्र मायाया अपि स्वभावत्वम् उत्कम्, प्रकृतेस् तत्पर्यायत्वात् । अत एव “मायिनꣳ” इति नित्ययोग एव मत्वर्थीयः । महेश्वरे मायास्तीति महेश्वरत्वꣳ तु तस्य मायातः परम् इति व्यक्तम् । उत्तरस्याꣳ योजनायाꣳ मायायाः स्वरूपाद् अभिन्नत्वꣳ, बहिरङ्गत्वेऽपि तदेकाश्रयत्वात् । ततः सुतराम् एव सा महेश्वरत्वव्यञ्जिकान्या शक्तिः स्वरूपभूतेति । तथा प्रथमायाꣳ योजनायाꣳ “सर्गाद्याः” इत्य् अत्र “आद्याः”-ग्रहणेन स्थितिप्रलयमय्यो जगत्कार्याः शक्तयो गृह्यन्ते । स्वरूपैश्वर्यादिप्रकाशवृत्तिकशक्तयोऽपि शक्तित्वेनैक्येऽपि बहुत्वनिर्देशस् तत्तद्वृत्तिभेदविवक्षया ।"
203,atra śrī-rāmānuja-śārīrake’pītthaṁ likhitaṁ—,अत्र श्रीरामानुजशारीरकेऽपीत्थं लिखितं—,अत्र श्रीरामानुजशारीरकेऽपीत्थꣳ लिखितꣳ—
204,"yadi nirviśeṣa-jñāna-rūpa-brahmādhiṣṭhāna-bhrama-pratipādana-paraṁ śāstraṁ, tarhi nirguṇasya ity ādi codyam, śaktayaḥ ity ādi-parihāraś ca na ghaṭate | tathā hi sati nirguṇasya brahmaṇaḥ pāramārthikaḥ sargaḥ, api tu bhrama-kalpita iti codya-parihārau syātām | utpatty-ādi-kāryaṁ sattvādi-guṇa-yuktāparipūrṇaṁ karma-vaśyeṣu dṛṣṭam iti tat-tad-bhāva-rahitasya kathaṁ sambhavatīti codyam | dṛṣṭa-sakala-visajātīyasya brahmaṇo yathodita-svabhāvasyaiva jalādi-vijātīyasyāgny-āder auṣṇyādi-śakti-yogavat sarva-śakti-yogo na virudhyata iti parihāraḥ || [ve.sū. 1.1.1 śrī-bhāṣye, 88 anucchede] iti ||","यदि निर्विशेषज्ञानरूपब्रह्माधिष्ठानभ्रमप्रतिपादनपरं शास्त्रं, तर्हि निर्गुणस्य इत्य् आदि चोद्यम्, शक्तयः इत्य् आदिपरिहारश् च न घटते । तथा हि सति निर्गुणस्य ब्रह्मणः पारमार्थिकः सर्गः, अपि तु भ्रमकल्पित इति चोद्यपरिहारौ स्याताम् । उत्पत्त्यादिकार्यं सत्त्वादिगुणयुक्तापरिपूर्णं कर्मवश्येषु दृष्टम् इति तत्तद्भावरहितस्य कथं सम्भवतीति चोद्यम् । दृष्टसकलविसजातीयस्य ब्रह्मणो यथोदितस्वभावस्यैव जलादिविजातीयस्याग्न्यादेर् औष्ण्यादिशक्तियोगवत् सर्वशक्तियोगो न विरुध्यत इति परिहारः ॥ [वे.सू. १.१.१ श्रीभाष्ये, ८८ अनुच्छेदे] इति ॥","यदि निर्विशेषज्ञानरूपब्रह्माधिष्ठानभ्रमप्रतिपादनपरꣳ शास्त्रꣳ, तर्हि निर्गुणस्य इत्य् आदि चोद्यम्, शक्तयः इत्य् आदिपरिहारश् च न घटते । तथा हि सति निर्गुणस्य ब्रह्मणः पारमार्थिकः सर्गः, अपि तु भ्रमकल्पित इति चोद्यपरिहारौ स्याताम् । उत्पत्त्यादिकार्यꣳ सत्त्वादिगुणयुक्तापरिपूर्णꣳ कर्मवश्येषु दृष्टम् इति तत्तद्भावरहितस्य कथꣳ सम्भवतीति चोद्यम् । दृष्टसकलविसजातीयस्य ब्रह्मणो यथोदितस्वभावस्यैव जलादिविजातीयस्याग्न्यादेर् औष्ण्यादिशक्तियोगवत् सर्वशक्तियोगो न विरुध्यत इति परिहारः ॥ [वे.सू. १.१.१ श्रीभाष्ये, ८८ अनुच्छेदे] इति ॥"
205,"śrī-bhagavad-upaniṣatsu, na svabhāva-śakti-mattvenaivopadiṣṭaṁ—","श्रीभगवदुपनिषत्सु, न स्वभावशक्तिमत्त्वेनैवोपदिष्टं—","श्रीभगवदुपनिषत्सु, न स्वभावशक्तिमत्त्वेनैवोपदिष्टꣳ—"
206,jñeyaṁ yat tat pravakṣyāmi yaj jñātvāmṛtam aśnute |,ज्ञेयं यत् तत् प्रवक्ष्यामि यज् ज्ञात्वामृतम् अश्नुते ।,ज्ञेयꣳ यत् तत् प्रवक्ष्यामि यज् ज्ञात्वामृतम् अश्नुते ।
207,anādimat paraṁ brahma na sat tan nāsad ucyate ||,अनादिमत् परं ब्रह्म न सत् तन् नासद् उच्यते ॥,अनादिमत् परꣳ ब्रह्म न सत् तन् नासद् उच्यते ॥
208,sarvataḥ pāṇi-pādaṁ tat sarvato’kṣi-śiro-mukham |,सर्वतः पाणिपादं तत् सर्वतोऽक्षिशिरोमुखम् ।,सर्वतः पाणिपादꣳ तत् सर्वतोऽक्षिशिरोमुखम् ।
210,sarvendriya-guṇābhāsaṁ sarvendriya-vivarjitam |,सर्वेन्द्रियगुणाभासं सर्वेन्द्रियविवर्जितम् ।,सर्वेन्द्रियगुणाभासꣳ सर्वेन्द्रियविवर्जितम् ।
211,asaktaṁ sarva-bhṛc caiva nirguṇaṁ guṇa-bhoktṛ ca ||,असक्तं सर्वभृच् चैव निर्गुणं गुणभोक्तृ च ॥,असक्तꣳ सर्वभृच् चैव निर्गुणꣳ गुणभोक्तृ च ॥
212,bahir antaś ca bhūtānām acaraṁ caram eva ca |,बहिर् अन्तश् च भूतानाम् अचरं चरम् एव च ।,बहिर् अन्तश् च भूतानाम् अचरꣳ चरम् एव च ।
213,sūkṣmatvāt tad avijñeyaṁ dūra-sthaṁ cāntike ca tat || ,सूक्ष्मत्वात् तद् अविज्ञेयं दूरस्थं चान्तिके च तत् ॥ ,सूक्ष्मत्वात् तद् अविज्ञेयꣳ दूरस्थꣳ चान्तिके च तत् ॥ 
214,avibhaktaṁ ca bhūteṣu vibhaktam iva ca sthitam |,अविभक्तं च भूतेषु विभक्तम् इव च स्थितम् ।,अविभक्तꣳ च भूतेषु विभक्तम् इव च स्थितम् ।
215,bhūta-bhartṛ ca taj jñeyaṁ grasiṣṇu prabhaviṣṇu ca ||,भूतभर्तृ च तज् ज्ञेयं ग्रसिष्णु प्रभविष्णु च ॥,भूतभर्तृ च तज् ज्ञेयꣳ ग्रसिष्णु प्रभविष्णु च ॥
217,jñānaṁ jñeyaṁ jñāna-gamyaṁ hṛdi sarvasya viṣṭhitam || [gītā 13.12-17] iti |,ज्ञानं ज्ञेयं ज्ञानगम्यं हृदि सर्वस्य विष्ठितम् ॥ [गीता १३.१२-१७] इति ।,ज्ञानꣳ ज्ञेयꣳ ज्ञानगम्यꣳ हृदि सर्वस्य विष्ठितम् ॥ [गीता १३.१२-१७] इति ।
218,"evaṁ brahma-sūtre ca—śrutes tu śabda-mūlatvāt [ve.sū. 2.1.27] iti | ataḥ śakteḥ svābhāvikācintyatve sati tasya śaktitvam apy ajñāna-kalpitam iti nāṅgīkurvanti | yatrāsambhava-sambhāvayitrī dustarkā svābhāvikī śaktir nāsti, tatraiva tad-aṅgīkāropapatteḥ, gauravāpatteś ca |","एवं ब्रह्मसूत्रे च—श्रुतेस् तु शब्दमूलत्वात् [वे.सू. २.१.२७] इति । अतः शक्तेः स्वाभाविकाचिन्त्यत्वे सति तस्य शक्तित्वम् अप्य् अज्ञानकल्पितम् इति नाङ्गीकुर्वन्ति । यत्रासम्भवसम्भावयित्री दुस्तर्का स्वाभाविकी शक्तिर् नास्ति, तत्रैव तदङ्गीकारोपपत्तेः, गौरवापत्तेश् च ।","एवꣳ ब्रह्मसूत्रे च—श्रुतेस् तु शब्दमूलत्वात् [वे.सू. २.१.२७] इति । अतः शक्तेः स्वाभाविकाचिन्त्यत्वे सति तस्य शक्तित्वम् अप्य् अज्ञानकल्पितम् इति नाङ्गीकुर्वन्ति । यत्रासम्भवसम्भावयित्री दुस्तर्का स्वाभाविकी शक्तिर् नास्ति, तत्रैव तदङ्गीकारोपपत्तेः, गौरवापत्तेश् च ।"
219,"atra cedaṁ vicāryate—dvaita-mātrānyatranupapattyā kevale brahmaṇi maṇi-mantra-mahauṣadhādi yat-tarkāgocarāḥ śaktayaḥ santīty eke, tad-anyathānuapapttyā tathā-bhūta eva tasminn ajñānenaiva tad upapadyata ity anye | tatra brahmaṇi jñāna-mātre tv ajñānaṁ na sambhavatīti, ajñānaṁ ca sāśrayam eva, na tu svatantram iti | jīvatvaṁ cājñāna-kṛtam eveti śukti-rajatādi-dṛṣṭānta-mūlam, tad upekṣaṇīyam | atra jīvaḥ svājñānenaiva jīvatvaṁ kalpayatīti svāśrayaḥ parasparāśrayaś ca prasajyeta | yo jīvo yenājñānena yaj jīvatvaṁ kalpayati, sa tayor ajñāna-tat-kāryayor atirikta eva bhaved iti | tasya śuddhatve tad eva jñāna-mātratvam āgatam | tataś ca kathaṁ nāma tasyājñānaṁ syād yena sva-jīvatvaṁ kalpayed ity asambhavaś ca kalpyate |","अत्र चेदं विचार्यते—द्वैतमात्रान्यत्रनुपपत्त्या केवले ब्रह्मणि मणिमन्त्रमहौषधादि यत्तर्कागोचराः शक्तयः सन्तीत्य् एके, तदन्यथानुअपप्त्त्या तथाभूत एव तस्मिन्न् अज्ञानेनैव तद् उपपद्यत इत्य् अन्ये । तत्र ब्रह्मणि ज्ञानमात्रे त्व् अज्ञानं न सम्भवतीति, अज्ञानं च साश्रयम् एव, न तु स्वतन्त्रम् इति । जीवत्वं चाज्ञानकृतम् एवेति शुक्तिरजतादिदृष्टान्तमूलम्, तद् उपेक्षणीयम् । अत्र जीवः स्वाज्ञानेनैव जीवत्वं कल्पयतीति स्वाश्रयः परस्पराश्रयश् च प्रसज्येत । यो जीवो येनाज्ञानेन यज् जीवत्वं कल्पयति, स तयोर् अज्ञानतत्कार्ययोर् अतिरिक्त एव भवेद् इति । तस्य शुद्धत्वे तद् एव ज्ञानमात्रत्वम् आगतम् । ततश् च कथं नाम तस्याज्ञानं स्याद् येन स्वजीवत्वं कल्पयेद् इत्य् असम्भवश् च कल्प्यते ।","अत्र चेदꣳ विचार्यते—द्वैतमात्रान्यत्रनुपपत्त्या केवले ब्रह्मणि मणिमन्त्रमहौषधादि यत्तर्कागोचराः शक्तयः सन्तीत्य् एके, तदन्यथानुअपप्त्त्या तथाभूत एव तस्मिन्न् अज्ञानेनैव तद् उपपद्यत इत्य् अन्ये । तत्र ब्रह्मणि ज्ञानमात्रे त्व् अज्ञानꣳ न सम्भवतीति, अज्ञानꣳ च साश्रयम् एव, न तु स्वतन्त्रम् इति । जीवत्वꣳ चाज्ञानकृतम् एवेति शुक्तिरजतादिदृष्टान्तमूलम्, तद् उपेक्षणीयम् । अत्र जीवः स्वाज्ञानेनैव जीवत्वꣳ कल्पयतीति स्वाश्रयः परस्पराश्रयश् च प्रसज्येत । यो जीवो येनाज्ञानेन यज् जीवत्वꣳ कल्पयति, स तयोर् अज्ञानतत्कार्ययोर् अतिरिक्त एव भवेद् इति । तस्य शुद्धत्वे तद् एव ज्ञानमात्रत्वम् आगतम् । ततश् च कथꣳ नाम तस्याज्ञानꣳ स्याद् येन स्वजीवत्वꣳ कल्पयेद् इत्य् असम्भवश् च कल्प्यते ।"
221,"vivādādhyāsitram ajñānaṁ na jñāna-mātra-brahmāśrayam | ajñānatvāc chuktikādy-ajñānavat, jñātr-āśrayaṁ hi tat iti || brahma nājñānāśrayaḥ, jñātṛtva-virahād ghaṭādivat [ve.sū. 1.1.1 śrī-bhāṣye, 102 anucchede] ||","विवादाध्यासित्रम् अज्ञानं न ज्ञानमात्रब्रह्माश्रयम् । अज्ञानत्वाच् छुक्तिकाद्यज्ञानवत्, ज्ञात्राश्रयं हि तत् इति ॥ ब्रह्म नाज्ञानाश्रयः, ज्ञातृत्वविरहाद् घटादिवत् [वे.सू. १.१.१ श्रीभाष्ये, १०२ अनुच्छेदे] ॥","विवादाध्यासित्रम् अज्ञानꣳ न ज्ञानमात्रब्रह्माश्रयम् । अज्ञानत्वाच् छुक्तिकाद्यज्ञानवत्, ज्ञात्राश्रयꣳ हि तत् इति ॥ ब्रह्म नाज्ञानाश्रयः, ज्ञातृत्वविरहाद् घटादिवत् [वे.सू. १.१.१ श्रीभाष्ये, १०२ अनुच्छेदे] ॥"
222,tataś ca pariśeṣya-pramāṇena tarkāgocarāḥ śaktaya eva brahmaṇi paryavasyantīty eva sādhu-sammatam | sambhavati cālaukika-vastutvāt tasya tādṛśa-śaktitvam | prasiddhaṁ ca śruti-purāṇādau tat | tato’tarkya-śakti-vilāse’dvaita-khaṇḍana-vidyāpi nātrāvatāryety uktam iti |,ततश् च परिशेष्यप्रमाणेन तर्कागोचराः शक्तय एव ब्रह्मणि पर्यवस्यन्तीत्य् एव साधुसम्मतम् । सम्भवति चालौकिकवस्तुत्वात् तस्य तादृशशक्तित्वम् । प्रसिद्धं च श्रुतिपुराणादौ तत् । ततोऽतर्क्यशक्तिविलासेऽद्वैतखण्डनविद्यापि नात्रावतार्येत्य् उक्तम् इति ।,ततश् च परिशेष्यप्रमाणेन तर्कागोचराः शक्तय एव ब्रह्मणि पर्यवस्यन्तीत्य् एव साधुसम्मतम् । सम्भवति चालौकिकवस्तुत्वात् तस्य तादृशशक्तित्वम् । प्रसिद्धꣳ च श्रुतिपुराणादौ तत् । ततोऽतर्क्यशक्तिविलासेऽद्वैतखण्डनविद्यापि नात्रावतार्येत्य् उक्तम् इति ।
223,"tad evaṁ siddhāyāṁ bhāva-śaktau sā ca trividhā—antaraṅgā, taṭasthā, bahiraṅgā ceti mūla eva darśayiṣyate | atrottaror anantaraṅgatvaṁ, tābhyāṁ parameśvarasyāliptatayā śaktitvaṁ ca nitya-tad-āśritatayā tad-vyatirekeṇa svato’siddhatayā tat-kāryopayogitayā ca | tatra taṭasthākhyā śaktiḥ śrī-paramātma-sandarbhākhye tṛtīya-sandarbhe [mūle 19-47 anucchede anuvyākhyāyāṁ] eva darśayiṣyate | ","तद् एवं सिद्धायां भावशक्तौ सा च त्रिविधा—अन्तरङ्गा, तटस्था, बहिरङ्गा चेति मूल एव दर्शयिष्यते । अत्रोत्तरोर् अनन्तरङ्गत्वं, ताभ्यां परमेश्वरस्यालिप्ततया शक्तित्वं च नित्यतदाश्रिततया तद्व्यतिरेकेण स्वतोऽसिद्धतया तत्कार्योपयोगितया च । तत्र तटस्थाख्या शक्तिः श्रीपरमात्मसन्दर्भाख्ये तृतीयसन्दर्भे [मूले १९-४७ अनुच्छेदे अनुव्याख्यायां] एव दर्शयिष्यते । ","तद् एवꣳ सिद्धायाꣳ भावशक्तौ सा च त्रिविधा—अन्तरङ्गा, तटस्था, बहिरङ्गा चेति मूल एव दर्शयिष्यते । अत्रोत्तरोर् अनन्तरङ्गत्वꣳ, ताभ्याꣳ परमेश्वरस्यालिप्ततया शक्तित्वꣳ च नित्यतदाश्रिततया तद्व्यतिरेकेण स्वतोऽसिद्धतया तत्कार्योपयोगितया च । तत्र तटस्थाख्या शक्तिः श्रीपरमात्मसन्दर्भाख्ये तृतीयसन्दर्भे [मूले १९-४७ अनुच्छेदे अनुव्याख्यायाꣳ] एव दर्शयिष्यते । "
224,"anye tu vivriyete, ye parāparā-śabdābhyāṁ bhaṇyete, yathā śrī-viṣṇu-purāṇe eva—","अन्ये तु विव्रियेते, ये परापराशब्दाभ्यां भण्येते, यथा श्रीविष्णुपुराणे एव—","अन्ये तु विव्रियेते, ये परापराशब्दाभ्याꣳ भण्येते, यथा श्रीविष्णुपुराणे एव—"
227,yātīta-gocarā vācāṁ manasāṁ cāviśeṣaṇā |,यातीतगोचरा वाचां मनसां चाविशेषणा ।,यातीतगोचरा वाचाꣳ मनसाꣳ चाविशेषणा ।
228,jñāni-jñāna-paricchedyā vande tām īśvarīṁ parām || [vi.pu. 1.19.76-7] iti |,ज्ञानिज्ञानपरिच्छेद्या वन्दे ताम् ईश्वरीं पराम् ॥ [वि.पु. १.१९.७६-७] इति ।,ज्ञानिज्ञानपरिच्छेद्या वन्दे ताम् ईश्वरीꣳ पराम् ॥ [वि.पु. १.१९.७६-७] इति ।
229,"anayor arthaḥ—he sureśvara ! surādi-pālana-śakti-prakāśaka ! he sarvātman ! sarvādi-kāraṇatvena sajjananādi-śakti-nidhāna ! tavāparā para-svarūpāyāś cic-chakter itarā bahiraṅgā jīva-māyā guṇa-māyety-ākhyā yā śaktiḥ sarva-bhūteṣu sarveṣu jīveṣv adhikṛtya vartate, tasyai namaḥ | tasyāḥ sakāśād ātmānaṁ vidāyaṁ kartum iti bhāvaḥ | kathaṁ-bhūtā ? guṇāśrayā—guṇāḥ svayaṁ guṇa-sāmya-rūpāyā jaḍāyāḥ prakṛter vṛtti-viśeṣāḥ sattvādayas ta evāśrayo yasyā sā | māyā-śaktis tūrṇa-nābhir iva hi guṇāsāmyāvasthāt svaikadeśastha-kośa-viśeṣād guṇa-jālaṁ prakāśya tad āśritya ca tac cākacikya-mukha-baddhān kīṭān iva jīvān adhikaroti | śāśvatāyā iti svābhāvikatvaṁ vyaktam | asyāḥ prāk-kathanam etad-dvāraiva prathamata sānumeyety abhiprāyeṇa | ","अनयोर् अर्थः—हे सुरेश्वर ! सुरादिपालनशक्तिप्रकाशक ! हे सर्वात्मन् ! सर्वादिकारणत्वेन सज्जननादिशक्तिनिधान ! तवापरा परस्वरूपायाश् चिच्छक्तेर् इतरा बहिरङ्गा जीवमाया गुणमायेत्याख्या या शक्तिः सर्वभूतेषु सर्वेषु जीवेष्व् अधिकृत्य वर्तते, तस्यै नमः । तस्याः सकाशाद् आत्मानं विदायं कर्तुम् इति भावः । कथंभूता ? गुणाश्रया—गुणाः स्वयं गुणसाम्यरूपाया जडायाः प्रकृतेर् वृत्तिविशेषाः सत्त्वादयस् त एवाश्रयो यस्या सा । मायाशक्तिस् तूर्णनाभिर् इव हि गुणासाम्यावस्थात् स्वैकदेशस्थकोशविशेषाद् गुणजालं प्रकाश्य तद् आश्रित्य च तच् चाकचिक्यमुखबद्धान् कीटान् इव जीवान् अधिकरोति । शाश्वताया इति स्वाभाविकत्वं व्यक्तम् । अस्याः प्राक्कथनम् एतद्द्वारैव प्रथमत सानुमेयेत्य् अभिप्रायेण । ","अनयोर् अर्थः—हे सुरेश्वर ! सुरादिपालनशक्तिप्रकाशक ! हे सर्वात्मन् ! सर्वादिकारणत्वेन सज्जननादिशक्तिनिधान ! तवापरा परस्वरूपायाश् चिच्छक्तेर् इतरा बहिरङ्गा जीवमाया गुणमायेत्याख्या या शक्तिः सर्वभूतेषु सर्वेषु जीवेष्व् अधिकृत्य वर्तते, तस्यै नमः । तस्याः सकाशाद् आत्मानꣳ विदायꣳ कर्तुम् इति भावः । कथꣳभूता ? गुणाश्रया—गुणाः स्वयꣳ गुणसाम्यरूपाया जडायाः प्रकृतेर् वृत्तिविशेषाः सत्त्वादयस् त एवाश्रयो यस्या सा । मायाशक्तिस् तूर्णनाभिर् इव हि गुणासाम्यावस्थात् स्वैकदेशस्थकोशविशेषाद् गुणजालꣳ प्रकाश्य तद् आश्रित्य च तच् चाकचिक्यमुखबद्धान् कीटान् इव जीवान् अधिकरोति । शाश्वताया इति स्वाभाविकत्वꣳ व्यक्तम् । अस्याः प्राक्कथनम् एतद्द्वारैव प्रथमत सानुमेयेत्य् अभिप्रायेण । "
230,"atha vācāṁ manasāṁ cātīto’tikrānto gocaro viṣayo yayā, sā yasmād aviśeṣaṇā dṛṣṭa-jāti-guṇādibhir viśeṣayitum aśakyā | evaṁ-bhūtā yā śaktis tām īśvarīm īśvarasya tavāntaraṅgatvād ardhāṅga-bhūtāṁ cic-chaktir ātma-māyeti nāmnīm | parāṁ parasyā bahiraṅgāyā āśraya-bhūtāṁ vande staumi | tām anusartum iti bhāvaḥ | ","अथ वाचां मनसां चातीतोऽतिक्रान्तो गोचरो विषयो यया, सा यस्माद् अविशेषणा दृष्टजातिगुणादिभिर् विशेषयितुम् अशक्या । एवंभूता या शक्तिस् ताम् ईश्वरीम् ईश्वरस्य तवान्तरङ्गत्वाद् अर्धाङ्गभूतां चिच्छक्तिर् आत्ममायेति नाम्नीम् । परां परस्या बहिरङ्गाया आश्रयभूतां वन्दे स्तौमि । ताम् अनुसर्तुम् इति भावः । ","अथ वाचाꣳ मनसाꣳ चातीतोऽतिक्रान्तो गोचरो विषयो यया, सा यस्माद् अविशेषणा दृष्टजातिगुणादिभिर् विशेषयितुम् अशक्या । एवꣳभूता या शक्तिस् ताम् ईश्वरीम् ईश्वरस्य तवान्तरङ्गत्वाद् अर्धाङ्गभूताꣳ चिच्छक्तिर् आत्ममायेति नाम्नीम् । पराꣳ परस्या बहिरङ्गाया आश्रयभूताꣳ वन्दे स्तौमि । ताम् अनुसर्तुम् इति भावः । "
231,"nanv evaṁ-bhūtā katham astīti jñāyate ? tatrāha—jñāti-jñāna-paricchedyeti, jñāninām aśuddha-jīvānāṁ jāti-śabdādi-viṣayāṇi prādeśikāni jñānāni, taiḥ paricchedyā, sarvataḥ prasaradbhir nirjharodakair mahā-sarovat sarva-gatatvenāvagamyā | vastutas tasyā eva sarva-pravartakatvād idam uktam—prāṇasya prāṇam uta cakṣuṣaś cakṣur uta śrotrasya śrotram annasyānnaṁ manaso manaḥ [bṛ.ā.u. 4.4.17] iti śruteḥ | ","नन्व् एवंभूता कथम् अस्तीति ज्ञायते ? तत्राह—ज्ञातिज्ञानपरिच्छेद्येति, ज्ञानिनाम् अशुद्धजीवानां जातिशब्दादिविषयाणि प्रादेशिकानि ज्ञानानि, तैः परिच्छेद्या, सर्वतः प्रसरद्भिर् निर्झरोदकैर् महासरोवत् सर्वगतत्वेनावगम्या । वस्तुतस् तस्या एव सर्वप्रवर्तकत्वाद् इदम् उक्तम्—प्राणस्य प्राणम् उत चक्षुषश् चक्षुर् उत श्रोत्रस्य श्रोत्रम् अन्नस्यान्नं मनसो मनः [बृ.आ.उ. ४.४.१७] इति श्रुतेः । ","नन्व् एवꣳभूता कथम् अस्तीति ज्ञायते ? तत्राह—ज्ञातिज्ञानपरिच्छेद्येति, ज्ञानिनाम् अशुद्धजीवानाꣳ जातिशब्दादिविषयाणि प्रादेशिकानि ज्ञानानि, तैः परिच्छेद्या, सर्वतः प्रसरद्भिर् निर्झरोदकैर् महासरोवत् सर्वगतत्वेनावगम्या । वस्तुतस् तस्या एव सर्वप्रवर्तकत्वाद् इदम् उक्तम्—प्राणस्य प्राणम् उत चक्षुषश् चक्षुर् उत श्रोत्रस्य श्रोत्रम् अन्नस्यान्नꣳ मनसो मनः [बृ.आ.उ. ४.४.१७] इति श्रुतेः । "
232,"yad vā, jñānī jīvaḥ, jñānaṁ ca, tad ubhayam api paricchedyaṁ bāhyaṁ ghaṭādivat prakāśyaṁ yasyā sā | tam eva bhāntam anubhāti sarvaṁ [śve.u. 6.14] ity ādi-śruteḥ | ","यद् वा, ज्ञानी जीवः, ज्ञानं च, तद् उभयम् अपि परिच्छेद्यं बाह्यं घटादिवत् प्रकाश्यं यस्या सा । तम् एव भान्तम् अनुभाति सर्वं [श्वे.उ. ६.१४] इत्य् आदिश्रुतेः । ","यद् वा, ज्ञानी जीवः, ज्ञानꣳ च, तद् उभयम् अपि परिच्छेद्यꣳ बाह्यꣳ घटादिवत् प्रकाश्यꣳ यस्या सा । तम् एव भान्तम् अनुभाति सर्वꣳ [श्वे.उ. ६.१४] इत्य् आदिश्रुतेः । "
233,"kiṁ vā, jñānina ā-brahma-stamba-paryantā ye jīvās teṣāṁ yaj jñānaṁ, jñānopalakṣitā sarvāpi bāhyābhyantara-ceṣṭā tat paricchedyaṁ pravartanīyaṁ yayā sā, ko hy evānyāt kaḥ prāṇyāt, yad eṣa ākāśa ānando na syāt [tai.u. 2.7.1] iti śruteḥ | ","किं वा, ज्ञानिन आब्रह्मस्तम्बपर्यन्ता ये जीवास् तेषां यज् ज्ञानं, ज्ञानोपलक्षिता सर्वापि बाह्याभ्यन्तरचेष्टा तत् परिच्छेद्यं प्रवर्तनीयं यया सा, को ह्य् एवान्यात् कः प्राण्यात्, यद् एष आकाश आनन्दो न स्यात् [तै.उ. २.७.१] इति श्रुतेः । ","किꣳ वा, ज्ञानिन आब्रह्मस्तम्बपर्यन्ता ये जीवास् तेषाꣳ यज् ज्ञानꣳ, ज्ञानोपलक्षिता सर्वापि बाह्याभ्यन्तरचेष्टा तत् परिच्छेद्यꣳ प्रवर्तनीयꣳ यया सा, को ह्य् एवान्यात् कः प्राण्यात्, यद् एष आकाश आनन्दो न स्यात् [तै.उ. २.७.१] इति श्रुतेः । "
234,"athavā, jñānī śuddho jīvas tasya yan nijaṁ jñānaṁ pramātrādīnāṁ sākṣitvādhyāsyatā mātra-pratītya ca māyā-mohitatva-liṅgāvagatācchanna-sva-jñānatvena ca kaivalye tad-abhāve svarūpa-sukhāsphūrti-doṣa-prasaṅgena ca, na hi draṣṭur dṛṣṭer viparilopo vidyate [bṛ.ā.u. 4.2.32] ity-ādi-śrutyā ca svarūpa-bhūtaṁ lakṣyate | tena jñānena paricchedya yasmāt tathā-bhūta-jñānopalakṣitā svarūpa-śaktiḥ śuddha-jīva-brahmaṇi dṛśyate | tasmāt parasmin brahmaṇi tu sānantātmikaiva vartata iti sambhāvanīyety arthaḥ | yathā gabhasti-leśe dṛṣṭā śaktir gabhasti-mālinīti, ya ātmānam antaro yamayati [śata.brā. 14.6.7.30] iti śruter iti | ","अथवा, ज्ञानी शुद्धो जीवस् तस्य यन् निजं ज्ञानं प्रमात्रादीनां साक्षित्वाध्यास्यता मात्रप्रतीत्य च मायामोहितत्वलिङ्गावगताच्छन्नस्वज्ञानत्वेन च कैवल्ये तदभावे स्वरूपसुखास्फूर्तिदोषप्रसङ्गेन च, न हि द्रष्टुर् दृष्टेर् विपरिलोपो विद्यते [बृ.आ.उ. ४.२.३२] इत्यादिश्रुत्या च स्वरूपभूतं लक्ष्यते । तेन ज्ञानेन परिच्छेद्य यस्मात् तथाभूतज्ञानोपलक्षिता स्वरूपशक्तिः शुद्धजीवब्रह्मणि दृश्यते । तस्मात् परस्मिन् ब्रह्मणि तु सानन्तात्मिकैव वर्तत इति सम्भावनीयेत्य् अर्थः । यथा गभस्तिलेशे दृष्टा शक्तिर् गभस्तिमालिनीति, य आत्मानम् अन्तरो यमयति [शत.ब्रा. १४.६.७.३०] इति श्रुतेर् इति । ","अथवा, ज्ञानी शुद्धो जीवस् तस्य यन् निजꣳ ज्ञानꣳ प्रमात्रादीनाꣳ साक्षित्वाध्यास्यता मात्रप्रतीत्य च मायामोहितत्वलिङ्गावगताच्छन्नस्वज्ञानत्वेन च कैवल्ये तदभावे स्वरूपसुखास्फूर्तिदोषप्रसङ्गेन च, न हि द्रष्टुर् दृष्टेर् विपरिलोपो विद्यते [बृ.आ.उ. ४.२.३२] इत्यादिश्रुत्या च स्वरूपभूतꣳ लक्ष्यते । तेन ज्ञानेन परिच्छेद्य यस्मात् तथाभूतज्ञानोपलक्षिता स्वरूपशक्तिः शुद्धजीवब्रह्मणि दृश्यते । तस्मात् परस्मिन् ब्रह्मणि तु सानन्तात्मिकैव वर्तत इति सम्भावनीयेत्य् अर्थः । यथा गभस्तिलेशे दृष्टा शक्तिर् गभस्तिमालिनीति, य आत्मानम् अन्तरो यमयति [शत.ब्रा. १४.६.७.३०] इति श्रुतेर् इति । "
235,"yad vā, jñānī sṛṣṭy-ādi-vidyā-nidhiḥ parameśvaras tasya yan nijaṁ jñānaṁ, tena paricchedyā—avagamyā sṛṣṭi-sthiti-saṁhārādi-darśanāt tasmin yā śaktir lakṣyate, yaiva ca māyeti gīyate, sā tasya mantrādi-vidām iva vidyā-viśeṣa eva | tat-sādṛśyāt svābhāvikatvaṁ tv atra viśeṣaḥ | tatas tasyā vidyā-viśeṣatve, vidyāyāś ca puruṣasya nija-jñāna-dhāryatve, tan-nija-jñānasya tāvan-mātra-dhārakatāyām evāsamāptatve ca vaśīkṛta-māyasya parameśvarasya yan nijaṁ jñānaṁ, tan māyā māyikaṁ vā na bhavati | tasmāt tenaiva svarūpa-bhūta-jñānena tad-ātmikā śaktir lakṣyate—māyāṁ tu prakṛtiṁ vidyān māyinaṁ ca maheśvaraṁ [śve.u. 4.10] iti śruteḥ | idaṁ vā ekasminn eva svarūpe jñānīti jñānam iti ca paricchedyaṁ yayā sā | pūrvavad vā [ve.sū. 3.2.30] iti nyāyāt | sa bhagavaḥ kasmin pratiṣṭhita iti ? sve mahimni [chā.u. 7.24.1] iti śruteḥ | itthaṁ vā, jñānī vidvān, tasya jñānenānubhavena paricchedyā avagamyā | vaikuṇṭhādiṣu śrī-bhagavatas tat-tan-nija-vaibhavānāṁ śuddhānanda-vilāsa-mātratāṁ prati pramāṇena vidvad-anubhavenaiva prameyety arthaḥ, te dhyāna-yogānugatā apaśyan, devātma-śaktiṁ sva-guṇair nigūḍhāṁ [śve.u. 1.3] iti śruteḥ | tad evam antaraṅgāpara-paryāyā svarūpa-śaktir darśitā |","यद् वा, ज्ञानी सृष्ट्यादिविद्यानिधिः परमेश्वरस् तस्य यन् निजं ज्ञानं, तेन परिच्छेद्या—अवगम्या सृष्टिस्थितिसंहारादिदर्शनात् तस्मिन् या शक्तिर् लक्ष्यते, यैव च मायेति गीयते, सा तस्य मन्त्रादिविदाम् इव विद्याविशेष एव । तत्सादृश्यात् स्वाभाविकत्वं त्व् अत्र विशेषः । ततस् तस्या विद्याविशेषत्वे, विद्यायाश् च पुरुषस्य निजज्ञानधार्यत्वे, तन्निजज्ञानस्य तावन्मात्रधारकतायाम् एवासमाप्तत्वे च वशीकृतमायस्य परमेश्वरस्य यन् निजं ज्ञानं, तन् माया मायिकं वा न भवति । तस्मात् तेनैव स्वरूपभूतज्ञानेन तदात्मिका शक्तिर् लक्ष्यते—मायां तु प्रकृतिं विद्यान् मायिनं च महेश्वरं [श्वे.उ. ४.१०] इति श्रुतेः । इदं वा एकस्मिन्न् एव स्वरूपे ज्ञानीति ज्ञानम् इति च परिच्छेद्यं यया सा । पूर्ववद् वा [वे.सू. ३.२.३०] इति न्यायात् । स भगवः कस्मिन् प्रतिष्ठित इति ? स्वे महिम्नि [छा.उ. ७.२४.१] इति श्रुतेः । इत्थं वा, ज्ञानी विद्वान्, तस्य ज्ञानेनानुभवेन परिच्छेद्या अवगम्या । वैकुण्ठादिषु श्रीभगवतस् तत्तन्निजवैभवानां शुद्धानन्दविलासमात्रतां प्रति प्रमाणेन विद्वदनुभवेनैव प्रमेयेत्य् अर्थः, ते ध्यानयोगानुगता अपश्यन्, देवात्मशक्तिं स्वगुणैर् निगूढां [श्वे.उ. १.३] इति श्रुतेः । तद् एवम् अन्तरङ्गापरपर्याया स्वरूपशक्तिर् दर्शिता ।","यद् वा, ज्ञानी सृष्ट्यादिविद्यानिधिः परमेश्वरस् तस्य यन् निजꣳ ज्ञानꣳ, तेन परिच्छेद्या—अवगम्या सृष्टिस्थितिसꣳहारादिदर्शनात् तस्मिन् या शक्तिर् लक्ष्यते, यैव च मायेति गीयते, सा तस्य मन्त्रादिविदाम् इव विद्याविशेष एव । तत्सादृश्यात् स्वाभाविकत्वꣳ त्व् अत्र विशेषः । ततस् तस्या विद्याविशेषत्वे, विद्यायाश् च पुरुषस्य निजज्ञानधार्यत्वे, तन्निजज्ञानस्य तावन्मात्रधारकतायाम् एवासमाप्तत्वे च वशीकृतमायस्य परमेश्वरस्य यन् निजꣳ ज्ञानꣳ, तन् माया मायिकꣳ वा न भवति । तस्मात् तेनैव स्वरूपभूतज्ञानेन तदात्मिका शक्तिर् लक्ष्यते—मायाꣳ तु प्रकृतिꣳ विद्यान् मायिनꣳ च महेश्वरꣳ [श्वे.उ. ४.१०] इति श्रुतेः । इदꣳ वा एकस्मिन्न् एव स्वरूपे ज्ञानीति ज्ञानम् इति च परिच्छेद्यꣳ यया सा । पूर्ववद् वा [वे.सू. ३.२.३०] इति न्यायात् । स भगवः कस्मिन् प्रतिष्ठित इति ? स्वे महिम्नि [छा.उ. ७.२४.१] इति श्रुतेः । इत्थꣳ वा, ज्ञानी विद्वान्, तस्य ज्ञानेनानुभवेन परिच्छेद्या अवगम्या । वैकुण्ठादिषु श्रीभगवतस् तत्तन्निजवैभवानाꣳ शुद्धानन्दविलासमात्रताꣳ प्रति प्रमाणेन विद्वदनुभवेनैव प्रमेयेत्य् अर्थः, ते ध्यानयोगानुगता अपश्यन्, देवात्मशक्तिꣳ स्वगुणैर् निगूढाꣳ [श्वे.उ. १.३] इति श्रुतेः । तद् एवम् अन्तरङ्गापरपर्याया स्वरूपशक्तिर् दर्शिता ।"
238,ato māyā-mayaṁ viṣṇuṁ pravadanti sanātanam || ,अतो मायामयं विष्णुं प्रवदन्ति सनातनम् ॥ ,अतो मायामयꣳ विष्णुꣳ प्रवदन्ति सनातनम् ॥ 
239,"iti caturveda-śikhāyāṁ [ve.sū. 3.2.38 mādhva-bhāṣya-dhṛtāyām] māyā-śabdasya dvidhā vṛttir ināṁuttam | tasyā ekasyā eva svarūpa-śakter vṛtti-bhedena bhedā api svīkṛtāḥ—parāsya śaktir vividhaiva śrūyate [śve.u. 6.8] iti śruteḥ | tathā ca, ","इति चतुर्वेदशिखायां [वे.सू. ३.२.३८ माध्वभाष्यधृतायाम्] मायाशब्दस्य द्विधा वृत्तिर् इनांउत्तम् । तस्या एकस्या एव स्वरूपशक्तेर् वृत्तिभेदेन भेदा अपि स्वीकृताः—परास्य शक्तिर् विविधैव श्रूयते [श्वे.उ. ६.८] इति श्रुतेः । तथा च, ","इति चतुर्वेदशिखायाꣳ [वे.सू. ३.२.३८ माध्वभाष्यधृतायाम्] मायाशब्दस्य द्विधा वृत्तिर् इनाꣳउत्तम् । तस्या एकस्या एव स्वरूपशक्तेर् वृत्तिभेदेन भेदा अपि स्वीकृताः—परास्य शक्तिर् विविधैव श्रूयते [श्वे.उ. ६.८] इति श्रुतेः । तथा च, "
240,sarvair yuktā śaktibhir devatā sā pareti yāṁ prāhur ajasra-śaktim |,सर्वैर् युक्ता शक्तिभिर् देवता सा परेति यां प्राहुर् अजस्रशक्तिम् ।,सर्वैर् युक्ता शक्तिभिर् देवता सा परेति याꣳ प्राहुर् अजस्रशक्तिम् ।
241,"nityānandā nitya-rūpā jaḍā ca yā, śāśvatātmeti ca yāṁ vadanti ||","नित्यानन्दा नित्यरूपा जडा च या, शाश्वतात्मेति च यां वदन्ति ॥","नित्यानन्दा नित्यरूपा जडा च या, शाश्वतात्मेति च याꣳ वदन्ति ॥"
242,"iti caturveda-śikhāyāṁ [ve.sū. 2.1.30 mādhva-bhāṣya-dhṛtāyām], aśrutaṁ śrotṛ adṛṣṭaṁ draṣṭṛ ity ādir anyatra [bṛ.ā.u. 3.7.27, 3.8.11, ve.sū. 1.3.10 dhṛta-mādhva-bhāṣya-dhṛtāyām] | ata eva brahma-sāyujya-pratipādikā mādhyandina-śrutir api tasya sarva-śaktimattvaṁ svarūpa-siddham evety aṅgīkaroti, sa vā eṣa brahma-niṣṭha idaṁ śarīraṁ martyam atisṛtya brahmābhisampadya brahmaṇā paśyati, brahmaṇā śṛṇoti, brahmaṇaivedaṁ sarvam anubhavati [ve.sū. 4.4.5 mādhva-bhāṣya-dhṛtā śrutiḥ] iti | eka-vijñānena sarva-vijñāna-pratijñā ca tathaiva kalpyate, yenāśrutaṁ śrutaṁ bhavaty amataṁ matam avijñātaṁ vijñātaṁ [chā.u. 6.1.3] iti vākyāntaraṁ ca | sarvasya tādṛśa-tan-nija-śakti-vṛndānugatatvān nirviśeṣa-vastu-jñāne sarva-jñānāsambhavāc ca | ata eva sa brahma-vidyāṁ sarva-vidyā-pratiṣṭhām atharvāya jyeṣṭha-putrāya prāha [mu.u. 1.1.1] iti cānyatra, yathā, somyaikena mṛt-piṇḍena sarvaṁ mṛṇ-mayaṁ vijñātaṁ [chā.u. 6.1.4] iti dṛṣṭānto’pi | ekasmin mṛt-piṇḍe ghaṭa-śarāvādi-vikārān āvirbhāvya, darśanayā tat-tad-vijñāna-sambhavāt sat-kārya-vādāṅgīkārāc ca | mṛd-vikārasya rajju-sarpādivad asatyatvaṁ śuśrūṣor asiddham iti vivarta-vādaś ca na tac-chruti-svāramya-siddhaḥ | tasmāt sādhūktaṁ śrī-parāśareṇa—sarva-śakti-nilaye [vi.pu. 6.8.57] iti |","इति चतुर्वेदशिखायां [वे.सू. २.१.३० माध्वभाष्यधृतायाम्], अश्रुतं श्रोतृ अदृष्टं द्रष्टृ इत्य् आदिर् अन्यत्र [बृ.आ.उ. ३.७.२७, ३.८.११, वे.सू. १.३.१० धृतमाध्वभाष्यधृतायाम्] । अत एव ब्रह्मसायुज्यप्रतिपादिका माध्यन्दिनश्रुतिर् अपि तस्य सर्वशक्तिमत्त्वं स्वरूपसिद्धम् एवेत्य् अङ्गीकरोति, स वा एष ब्रह्मनिष्ठ इदं शरीरं मर्त्यम् अतिसृत्य ब्रह्माभिसम्पद्य ब्रह्मणा पश्यति, ब्रह्मणा शृणोति, ब्रह्मणैवेदं सर्वम् अनुभवति [वे.सू. ४.४.५ माध्वभाष्यधृता श्रुतिः] इति । एकविज्ञानेन सर्वविज्ञानप्रतिज्ञा च तथैव कल्प्यते, येनाश्रुतं श्रुतं भवत्य् अमतं मतम् अविज्ञातं विज्ञातं [छा.उ. ६.१.३] इति वाक्यान्तरं च । सर्वस्य तादृशतन्निजशक्तिवृन्दानुगतत्वान् निर्विशेषवस्तुज्ञाने सर्वज्ञानासम्भवाच् च । अत एव स ब्रह्मविद्यां सर्वविद्याप्रतिष्ठाम् अथर्वाय ज्येष्ठपुत्राय प्राह [मु.उ. १.१.१] इति चान्यत्र, यथा, सोम्यैकेन मृत्पिण्डेन सर्वं मृण्मयं विज्ञातं [छा.उ. ६.१.४] इति दृष्टान्तोऽपि । एकस्मिन् मृत्पिण्डे घटशरावादिविकारान् आविर्भाव्य, दर्शनया तत्तद्विज्ञानसम्भवात् सत्कार्यवादाङ्गीकाराच् च । मृद्विकारस्य रज्जुसर्पादिवद् असत्यत्वं शुश्रूषोर् असिद्धम् इति विवर्तवादश् च न तच्छ्रुतिस्वारम्यसिद्धः । तस्मात् साधूक्तं श्रीपराशरेण—सर्वशक्तिनिलये [वि.पु. ६.८.५७] इति ।","इति चतुर्वेदशिखायाꣳ [वे.सू. २.१.३० माध्वभाष्यधृतायाम्], अश्रुतꣳ श्रोतृ अदृष्टꣳ द्रष्टृ इत्य् आदिर् अन्यत्र [बृ.आ.उ. ३.७.२७, ३.८.११, वे.सू. १.३.१० धृतमाध्वभाष्यधृतायाम्] । अत एव ब्रह्मसायुज्यप्रतिपादिका माध्यन्दिनश्रुतिर् अपि तस्य सर्वशक्तिमत्त्वꣳ स्वरूपसिद्धम् एवेत्य् अङ्गीकरोति, स वा एष ब्रह्मनिष्ठ इदꣳ शरीरꣳ मर्त्यम् अतिसृत्य ब्रह्माभिसम्पद्य ब्रह्मणा पश्यति, ब्रह्मणा शृणोति, ब्रह्मणैवेदꣳ सर्वम् अनुभवति [वे.सू. ४.४.५ माध्वभाष्यधृता श्रुतिः] इति । एकविज्ञानेन सर्वविज्ञानप्रतिज्ञा च तथैव कल्प्यते, येनाश्रुतꣳ श्रुतꣳ भवत्य् अमतꣳ मतम् अविज्ञातꣳ विज्ञातꣳ [छा.उ. ६.१.३] इति वाक्यान्तरꣳ च । सर्वस्य तादृशतन्निजशक्तिवृन्दानुगतत्वान् निर्विशेषवस्तुज्ञाने सर्वज्ञानासम्भवाच् च । अत एव स ब्रह्मविद्याꣳ सर्वविद्याप्रतिष्ठाम् अथर्वाय ज्येष्ठपुत्राय प्राह [मु.उ. १.१.१] इति चान्यत्र, यथा, सोम्यैकेन मृत्पिण्डेन सर्वꣳ मृण्मयꣳ विज्ञातꣳ [छा.उ. ६.१.४] इति दृष्टान्तोऽपि । एकस्मिन् मृत्पिण्डे घटशरावादिविकारान् आविर्भाव्य, दर्शनया तत्तद्विज्ञानसम्भवात् सत्कार्यवादाङ्गीकाराच् च । मृद्विकारस्य रज्जुसर्पादिवद् असत्यत्वꣳ शुश्रूषोर् असिद्धम् इति विवर्तवादश् च न तच्छ्रुतिस्वारम्यसिद्धः । तस्मात् साधूक्तꣳ श्रीपराशरेण—सर्वशक्तिनिलये [वि.पु. ६.८.५७] इति ।"
243,"tad evam ekasyaiva vastuno’cintya-jñāna-gocaratayā śruty-eka-nirdhāritatayā ca nānā-śaktitve sati tad-ātmikā eva bhaga-saṁjñitā aiśvaryādayo ṣaḍ bhaveyuḥ, yenādvayam eva tat tattvaṁ bhagavān api tad advayaṁ jñānaṁ śabdyata iti teṣāṁ para-brahma-dharmāṇāṁ para-brahmaṇaḥ pratyag-rūpatvāt sva-prakāśatvam eva, na tu jaḍatvam | na hi jyotir-dharmasya ślaukyādikasya tamo-rūpatvam | tac ca sva-prakāśatvam indriya-karaṇaka-grahaṇābhāve sati svarūpeṇa tāni prakāśya teṣu prakāśamānatvaṁ nāma kvacid anidriyeṣv apy acetaneṣv api tasya prakāśaḥ śrūyate, yathā vaṁśī-vādyasya, vana-latās tarava ātmani viṣṇuṁ [bhā.pu. 10.35.9] ity ādau, tarhi bhagna-gatayaḥ sarito vai [bhā.pu. 10.35.7] ity ādau ca | ","तद् एवम् एकस्यैव वस्तुनोऽचिन्त्यज्ञानगोचरतया श्रुत्येकनिर्धारिततया च नानाशक्तित्वे सति तदात्मिका एव भगसंज्ञिता ऐश्वर्यादयो षड् भवेयुः, येनाद्वयम् एव तत् तत्त्वं भगवान् अपि तद् अद्वयं ज्ञानं शब्द्यत इति तेषां परब्रह्मधर्माणां परब्रह्मणः प्रत्यग्रूपत्वात् स्वप्रकाशत्वम् एव, न तु जडत्वम् । न हि ज्योतिर्धर्मस्य श्लौक्यादिकस्य तमोरूपत्वम् । तच् च स्वप्रकाशत्वम् इन्द्रियकरणकग्रहणाभावे सति स्वरूपेण तानि प्रकाश्य तेषु प्रकाशमानत्वं नाम क्वचिद् अनिद्रियेष्व् अप्य् अचेतनेष्व् अपि तस्य प्रकाशः श्रूयते, यथा वंशीवाद्यस्य, वनलतास् तरव आत्मनि विष्णुं [भा.पु. १०.३५.९] इत्य् आदौ, तर्हि भग्नगतयः सरितो वै [भा.पु. १०.३५.७] इत्य् आदौ च । ","तद् एवम् एकस्यैव वस्तुनोऽचिन्त्यज्ञानगोचरतया श्रुत्येकनिर्धारिततया च नानाशक्तित्वे सति तदात्मिका एव भगसꣳज्ञिता ऐश्वर्यादयो षड् भवेयुः, येनाद्वयम् एव तत् तत्त्वꣳ भगवान् अपि तद् अद्वयꣳ ज्ञानꣳ शब्द्यत इति तेषाꣳ परब्रह्मधर्माणाꣳ परब्रह्मणः प्रत्यग्रूपत्वात् स्वप्रकाशत्वम् एव, न तु जडत्वम् । न हि ज्योतिर्धर्मस्य श्लौक्यादिकस्य तमोरूपत्वम् । तच् च स्वप्रकाशत्वम् इन्द्रियकरणकग्रहणाभावे सति स्वरूपेण तानि प्रकाश्य तेषु प्रकाशमानत्वꣳ नाम क्वचिद् अनिद्रियेष्व् अप्य् अचेतनेष्व् अपि तस्य प्रकाशः श्रूयते, यथा वꣳशीवाद्यस्य, वनलतास् तरव आत्मनि विष्णुꣳ [भा.पु. १०.३५.९] इत्य् आदौ, तर्हि भग्नगतयः सरितो वै [भा.पु. १०.३५.७] इत्य् आदौ च । "
244,tatra bhagānāṁ sva-prakāśatvaṁ bhaga-viśiṣṭasyaiva bhagavataḥ para-vidyā-mātrābhivyaṅgyatayā śrī-viṣṇu-purāṇe spaṣṭam | prāyaḥ śrīdhara-svāmi-pādānāṁ krameṇa tad-vyākhyāne ca yathā—,तत्र भगानां स्वप्रकाशत्वं भगविशिष्टस्यैव भगवतः परविद्यामात्राभिव्यङ्ग्यतया श्रीविष्णुपुराणे स्पष्टम् । प्रायः श्रीधरस्वामिपादानां क्रमेण तद्व्याख्याने च यथा—,तत्र भगानाꣳ स्वप्रकाशत्वꣳ भगविशिष्टस्यैव भगवतः परविद्यामात्राभिव्यङ्ग्यतया श्रीविष्णुपुराणे स्पष्टम् । प्रायः श्रीधरस्वामिपादानाꣳ क्रमेण तद्व्याख्याने च यथा—
246,bheṣajaṁ bhagavat-prāptir ekāntātyantikī matā || [vi.pu. 6.5.59] iti |,भेषजं भगवत्प्राप्तिर् एकान्तात्यन्तिकी मता ॥ [वि.पु. ६.५.५९] इति ।,भेषजꣳ भगवत्प्राप्तिर् एकान्तात्यन्तिकी मता ॥ [वि.पु. ६.५.५९] इति ।
247,"atra nirasto’tiśayāhlādo nirvṛtir yasmin sukhe tad-bhāvas tad-ātmatvam evaika-lakṣaṇaṁ yasyā sā tathā | kiṁ ca, ekāntā bhagavan-niṣṭhā-mātreṇāvaśyambhāvinī, na tu ṛtvig-ādi-vaiguṇyena karma-phalādivad anityā | ātyantikī ca nityā | ","अत्र निरस्तोऽतिशयाह्लादो निर्वृतिर् यस्मिन् सुखे तद्भावस् तदात्मत्वम् एवैकलक्षणं यस्या सा तथा । किं च, एकान्ता भगवन्निष्ठामात्रेणावश्यम्भाविनी, न तु ऋत्विगादिवैगुण्येन कर्मफलादिवद् अनित्या । आत्यन्तिकी च नित्या । ","अत्र निरस्तोऽतिशयाह्लादो निर्वृतिर् यस्मिन् सुखे तद्भावस् तदात्मत्वम् एवैकलक्षणꣳ यस्या सा तथा । किꣳ च, एकान्ता भगवन्निष्ठामात्रेणावश्यम्भाविनी, न तु ऋत्विगादिवैगुण्येन कर्मफलादिवद् अनित्या । आत्यन्तिकी च नित्या । "
249,tat-prāpti-hetur jñānaṁ ca karma coktaṁ mahāmune || [vi.pu. 6.5.60] iti |,तत्प्राप्तिहेतुर् ज्ञानं च कर्म चोक्तं महामुने ॥ [वि.पु. ६.५.६०] इति ।,तत्प्राप्तिहेतुर् ज्ञानꣳ च कर्म चोक्तꣳ महामुने ॥ [वि.पु. ६.५.६०] इति ।
250,"atra yatnasya sādhana-viṣayatvāt sādhanam āha—tat-prāptīti | karma ca sattva-śuddhi-dvārā, jñānaṁ sākṣāt | tac ca jñānaṁ dvividham ity āhārdhena, āgamotthaṁ vivekāc ca dvidhā jñānaṁ tathocyate [vi.pu. 6.5.61] | tad vivṛṇoty aparārdhena, śabda-brahmāgama-mayaṁ paraṁ brahma vivekajaṁ [vi.pu. 6.5.61] iti | atra āgama-mayam āgamotthaṁ jñānam | śabda-brahma—śabdāt satyaṁ jñānam anantaṁ brahma [tai.u. 2.1.2] ity ādi-vākyāj jāyamānaṁ brahma śravaṇajaṁ jñānam āgamottham ity arthaḥ | dehādi-viviktātmākāra-citta-vṛttau nididhyāsanāyāṁ prakāśamānaṁ paraṁ brahma vivekajaṁ jñānam ity arthaḥ | vṛtti-vyaṅgyasya brahmaṇa eva jñānābhidheyatvād brahmaiva jñānam ināṁuttam | ","अत्र यत्नस्य साधनविषयत्वात् साधनम् आह—तत्प्राप्तीति । कर्म च सत्त्वशुद्धिद्वारा, ज्ञानं साक्षात् । तच् च ज्ञानं द्विविधम् इत्य् आहार्धेन, आगमोत्थं विवेकाच् च द्विधा ज्ञानं तथोच्यते [वि.पु. ६.५.६१] । तद् विवृणोत्य् अपरार्धेन, शब्दब्रह्मागममयं परं ब्रह्म विवेकजं [वि.पु. ६.५.६१] इति । अत्र आगममयम् आगमोत्थं ज्ञानम् । शब्दब्रह्म—शब्दात् सत्यं ज्ञानम् अनन्तं ब्रह्म [तै.उ. २.१.२] इत्य् आदिवाक्याज् जायमानं ब्रह्म श्रवणजं ज्ञानम् आगमोत्थम् इत्य् अर्थः । देहादिविविक्तात्माकारचित्तवृत्तौ निदिध्यासनायां प्रकाशमानं परं ब्रह्म विवेकजं ज्ञानम् इत्य् अर्थः । वृत्तिव्यङ्ग्यस्य ब्रह्मण एव ज्ञानाभिधेयत्वाद् ब्रह्मैव ज्ञानम् इनांउत्तम् । ","अत्र यत्नस्य साधनविषयत्वात् साधनम् आह—तत्प्राप्तीति । कर्म च सत्त्वशुद्धिद्वारा, ज्ञानꣳ साक्षात् । तच् च ज्ञानꣳ द्विविधम् इत्य् आहार्धेन, आगमोत्थꣳ विवेकाच् च द्विधा ज्ञानꣳ तथोच्यते [वि.पु. ६.५.६१] । तद् विवृणोत्य् अपरार्धेन, शब्दब्रह्मागममयꣳ परꣳ ब्रह्म विवेकजꣳ [वि.पु. ६.५.६१] इति । अत्र आगममयम् आगमोत्थꣳ ज्ञानम् । शब्दब्रह्म—शब्दात् सत्यꣳ ज्ञानम् अनन्तꣳ ब्रह्म [तै.उ. २.१.२] इत्य् आदिवाक्याज् जायमानꣳ ब्रह्म श्रवणजꣳ ज्ञानम् आगमोत्थम् इत्य् अर्थः । देहादिविविक्तात्माकारचित्तवृत्तौ निदिध्यासनायाꣳ प्रकाशमानꣳ परꣳ ब्रह्म विवेकजꣳ ज्ञानम् इत्य् अर्थः । वृत्तिव्यङ्ग्यस्य ब्रह्मण एव ज्ञानाभिधेयत्वाद् ब्रह्मैव ज्ञानम् इनाꣳउत्तम् । "
251,nanu śabda-śravaṇād api brahma-jñānam evotpadyate | tenaivājñānaṁ nivartya bhagavat-prāpti-siddheḥ | kiṁ vivekaja-jñānenety āśaṅkyāha—,ननु शब्दश्रवणाद् अपि ब्रह्मज्ञानम् एवोत्पद्यते । तेनैवाज्ञानं निवर्त्य भगवत्प्राप्तिसिद्धेः । किं विवेकजज्ञानेनेत्य् आशङ्क्याह—,ननु शब्दश्रवणाद् अपि ब्रह्मज्ञानम् एवोत्पद्यते । तेनैवाज्ञानꣳ निवर्त्य भगवत्प्राप्तिसिद्धेः । किꣳ विवेकजज्ञानेनेत्य् आशङ्क्याह—
252,andhaṁ tama ivājñānaṁ dīpavac cendriyodbhavam |,अन्धं तम इवाज्ञानं दीपवच् चेन्द्रियोद्भवम् ।,अन्धꣳ तम इवाज्ञानꣳ दीपवच् चेन्द्रियोद्भवम् ।
253,yathā sūryas tathā jñānaṁ yad viprarṣe vivekajam || [vi.pu. 6.5.62] iti |,यथा सूर्यस् तथा ज्ञानं यद् विप्रर्षे विवेकजम् ॥ [वि.पु. ६.५.६२] इति ।,यथा सूर्यस् तथा ज्ञानꣳ यद् विप्रर्षे विवेकजम् ॥ [वि.पु. ६.५.६२] इति ।
254,"atra niviḍaṁ tama ivājñānaṁ vyāpakam āvaraṇam | indriyaiḥ śabdādi-dvārā jātaṁ jñānaṁ dīpavad asambhāvanādy-abhibhūtam, na sarvātmanājñāna-nivartakam | vivekajaṁ tu jñānaṁ sūryavat sarvājñāna-nivartakam ity arthaḥ |","अत्र निविडं तम इवाज्ञानं व्यापकम् आवरणम् । इन्द्रियैः शब्दादिद्वारा जातं ज्ञानं दीपवद् असम्भावनाद्यभिभूतम्, न सर्वात्मनाज्ञाननिवर्तकम् । विवेकजं तु ज्ञानं सूर्यवत् सर्वाज्ञाननिवर्तकम् इत्य् अर्थः ।","अत्र निविडꣳ तम इवाज्ञानꣳ व्यापकम् आवरणम् । इन्द्रियैः शब्दादिद्वारा जातꣳ ज्ञानꣳ दीपवद् असम्भावनाद्यभिभूतम्, न सर्वात्मनाज्ञाननिवर्तकम् । विवेकजꣳ तु ज्ञानꣳ सूर्यवत् सर्वाज्ञाननिवर्तकम् इत्य् अर्थः ।"
256,manur apy āha vedārthaṁ smṛtvā ca muni-sattama |,मनुर् अप्य् आह वेदार्थं स्मृत्वा च मुनिसत्तम ।,मनुर् अप्य् आह वेदार्थꣳ स्मृत्वा च मुनिसत्तम ।
259,dve brahmaṇī veditavye śabda-brahma paraṁ ca yat |,द्वे ब्रह्मणी वेदितव्ये शब्दब्रह्म परं च यत् ।,द्वे ब्रह्मणी वेदितव्ये शब्दब्रह्म परꣳ च यत् ।
260,śabda-brahmaṇi niṣṇātaḥ paraṁ brahmādhigacchati || [vi.pu. 6.5.64] iti |,शब्दब्रह्मणि निष्णातः परं ब्रह्माधिगच्छति ॥ [वि.पु. ६.५.६४] इति ।,शब्दब्रह्मणि निष्णातः परꣳ ब्रह्माधिगच्छति ॥ [वि.पु. ६.५.६४] इति ।
261,atra śabda-brahmaṇi śravaṇena niṣṇāto vivekaja-jñātena paraṁ brahma prāpnoti | tat-prāpti-hetu-jñānaṁ ca karma coktam ity atra śruti-sammatim āha—,अत्र शब्दब्रह्मणि श्रवणेन निष्णातो विवेकजज्ञातेन परं ब्रह्म प्राप्नोति । तत्प्राप्तिहेतुज्ञानं च कर्म चोक्तम् इत्य् अत्र श्रुतिसम्मतिम् आह—,अत्र शब्दब्रह्मणि श्रवणेन निष्णातो विवेकजज्ञातेन परꣳ ब्रह्म प्राप्नोति । तत्प्राप्तिहेतुज्ञानꣳ च कर्म चोक्तम् इत्य् अत्र श्रुतिसम्मतिम् आह—
265,"atha parā yayā tad akṣaram adhigamyate, yat tad adṛśyam agrāhyaṁ [mu.u. 1.1.5-6] ity-ādy atharva-śruty-uktaṁ para-vidyā-viṣayam akṣarākhyaṁ paraṁ tattvam āha tribhiḥ—","अथ परा यया तद् अक्षरम् अधिगम्यते, यत् तद् अदृश्यम् अग्राह्यं [मु।उ। १।१।५-६] इत्याद्य् अथर्वश्रुत्युक्तं परविद्याविषयम् अक्षराख्यं परं तत्त्वम् आह त्रिभिः—","अथ परा यया तद् अक्षरम् अधिगम्यते, यत् तद् अदृश्यम् अग्राह्यꣳ [मु.उ. १.१.५-६] इत्याद्य् अथर्वश्रुत्युक्तꣳ परविद्याविषयम् अक्षराख्यꣳ परꣳ तत्त्वम् आह त्रिभिः—"
267,anirdeśyam arūpaṁ ca pāṇi-pādādy-asaṁyutam ||,अनिर्देश्यम् अरूपं च पाणिपादाद्यसंयुतम् ॥,अनिर्देश्यम् अरूपꣳ च पाणिपादाद्यसꣳयुतम् ॥
268,vibhuṁ sarva-gataṁ nityaṁ bhūta-yonim akāraṇam |,विभुं सर्वगतं नित्यं भूतयोनिम् अकारणम् ।,विभुꣳ सर्वगतꣳ नित्यꣳ भूतयोनिम् अकारणम् ।
269,vyāpy-avyāptaṁ yataḥ sarvaṁ tad vai paśyanti sūrayaḥ ||,व्याप्यव्याप्तं यतः सर्वं तद् वै पश्यन्ति सूरयः ॥,व्याप्यव्याप्तꣳ यतः सर्वꣳ तद् वै पश्यन्ति सूरयः ॥
270,tad brahma paramaṁ dhāma tad dhyeyaṁ mokṣa-kāṅkṣiṇām |,तद् ब्रह्म परमं धाम तद् ध्येयं मोक्षकाङ्क्षिणाम् ।,तद् ब्रह्म परमꣳ धाम तद् ध्येयꣳ मोक्षकाङ्क्षिणाम् ।
271,śruti-vākyoditaṁ sūkṣmaṁ tad viṣṇoḥ paramaṁ padam || [vi.pu. 6.5.66-68] iti |,श्रुतिवाक्योदितं सूक्ष्मं तद् विष्णोः परमं पदम् ॥ [वि.पु. ६.५.६६-६८] इति ।,श्रुतिवाक्योदितꣳ सूक्ष्मꣳ तद् विष्णोः परमꣳ पदम् ॥ [वि.पु. ६.५.६६-६८] इति ।
272,"atra vibhuṁ prabhuṁ sarva-gatam aparicchinnaṁ, vyāpi sarva-kāryānugataṁ, svayaṁ tv anyenāvyāptam | yataḥ sarvaṁ bhavati | tat paraṁ brahmaiva svecchayāviṣkṛta-ṣāḍguṇyaṁ parameśvarākhyaṁ bhagavac-chabda-vācyaṁ dvādaśākṣarādi-parāvidyopāsanayā bhaktaiḥ sulabha-darśanam ity āha—","अत्र विभुं प्रभुं सर्वगतम् अपरिच्छिन्नं, व्यापि सर्वकार्यानुगतं, स्वयं त्व् अन्येनाव्याप्तम् । यतः सर्वं भवति । तत् परं ब्रह्मैव स्वेच्छयाविष्कृतषाड्गुण्यं परमेश्वराख्यं भगवच्छब्दवाच्यं द्वादशाक्षरादिपराविद्योपासनया भक्तैः सुलभदर्शनम् इत्य् आह—","अत्र विभुꣳ प्रभुꣳ सर्वगतम् अपरिच्छिन्नꣳ, व्यापि सर्वकार्यानुगतꣳ, स्वयꣳ त्व् अन्येनाव्याप्तम् । यतः सर्वꣳ भवति । तत् परꣳ ब्रह्मैव स्वेच्छयाविष्कृतषाड्गुण्यꣳ परमेश्वराख्यꣳ भगवच्छब्दवाच्यꣳ द्वादशाक्षरादिपराविद्योपासनया भक्तैः सुलभदर्शनम् इत्य् आह—"
273,tad etad bhagavad-vācyaṁ svarūpaṁ paramātmanaḥ |,तद् एतद् भगवद्वाच्यं स्वरूपं परमात्मनः ।,तद् एतद् भगवद्वाच्यꣳ स्वरूपꣳ परमात्मनः ।
275,īdṛg-viṣayaṁ ca jñānaṁ para-vidyety āha—,ईदृग्विषयं च ज्ञानं परविद्येत्य् आह—,ईदृग्विषयꣳ च ज्ञानꣳ परविद्येत्य् आह—
276,evaṁ nigaditārthasya sa-tattvaṁ tasya tattvataḥ |,एवं निगदितार्थस्य सतत्त्वं तस्य तत्त्वतः ।,एवꣳ निगदितार्थस्य सतत्त्वꣳ तस्य तत्त्वतः ।
277,jñāyate yena tat jñānaṁ param anyat trayī-mayam || [vi.pu. 6.5.70] iti |,ज्ञायते येन तत् ज्ञानं परम् अन्यत् त्रयीमयम् ॥ [वि.पु. ६.५.७०] इति ।,ज्ञायते येन तत् ज्ञानꣳ परम् अन्यत् त्रयीमयम् ॥ [वि.पु. ६.५.७०] इति ।
278,"atra nigaditārthasya dvādaśākṣarādibhir uktārthasyeśvarasya sa-tattvaṁ svarūpaṁ tattvato’pracyuta-brahma-svarūpeṇa yena dvādaśākṣarādinā jñāyate, tat paraṁ jñānaṁ parā vidyā, trayī-mayaṁ tv anyad aparā vidyā karmākhyā |","अत्र निगदितार्थस्य द्वादशाक्षरादिभिर् उक्तार्थस्येश्वरस्य सतत्त्वं स्वरूपं तत्त्वतोऽप्रच्युतब्रह्मस्वरूपेण येन द्वादशाक्षरादिना ज्ञायते, तत् परं ज्ञानं परा विद्या, त्रयीमयं त्व् अन्यद् अपरा विद्या कर्माख्या ।","अत्र निगदितार्थस्य द्वादशाक्षरादिभिर् उक्तार्थस्येश्वरस्य सतत्त्वꣳ स्वरूपꣳ तत्त्वतोऽप्रच्युतब्रह्मस्वरूपेण येन द्वादशाक्षरादिना ज्ञायते, तत् परꣳ ज्ञानꣳ परा विद्या, त्रयीमयꣳ त्व् अन्यद् अपरा विद्या कर्माख्या ।"
279,"nanu yad īśvaro brahmaiva, kathaṁ tarhi tasya nirdeśyasya bhagavac-chabda-vācyatvam ity āśaṅkyāha | athavā svarūpam eva bhagavac-chabdena vācyam, na tu lakṣyam ināṁuttam | tad eva pratipādayati—","ननु यद् ईश्वरो ब्रह्मैव, कथं तर्हि तस्य निर्देश्यस्य भगवच्छब्दवाच्यत्वम् इत्य् आशङ्क्याह । अथवा स्वरूपम् एव भगवच्छब्देन वाच्यम्, न तु लक्ष्यम् इनांउत्तम् । तद् एव प्रतिपादयति—","ननु यद् ईश्वरो ब्रह्मैव, कथꣳ तर्हि तस्य निर्देश्यस्य भगवच्छब्दवाच्यत्वम् इत्य् आशङ्क्याह । अथवा स्वरूपम् एव भगवच्छब्देन वाच्यम्, न तु लक्ष्यम् इनाꣳउत्तम् । तद् एव प्रतिपादयति—"
281,pūjāyāṁ bhagavac-chabdaḥ kriyate hy aupacārikaḥ ||,पूजायां भगवच्छब्दः क्रियते ह्य् औपचारिकः ॥,पूजायाꣳ भगवच्छब्दः क्रियते ह्य् औपचारिकः ॥
284,"aśabdeti pūjāyāṁ nimitta-bhūtāyām āviṣkṛta-ṣāḍguṇyena bhagavac-chabdaḥ prayujyate, tatrāpi guṇānāṁ svarūpābhinnatvād upacārāt matv-arthīyaḥ prayujyate, tad-bheda-vivakṣāyām | itthaṁ-bhūte mukhya eva bhagavac-chabdo vartata ity āha—śuddha iti | śuddhe’saṅge mahā-vibhūty-ākhye’cintyaiśvarye | evam eṣa mahā-śabdo bhagavān iti sattama iti vakṣyamāṇānusāreṇa prākṛta-ghaṭa-paṭādi-śabdānām agocarasya tad-atītasya parasyāpi brahmaṇas tasyaiva bhagavac-chabdaḥ, nānyasya | anyasya tu pūjāyāṁ pūjyatva-pratipādane nimitte aupacārika eva kriyate, yataḥ śuddha ity ādi | śuddha eva sati mahā-vibhūty-ākhyā khyātir yasya tasmin | tathaiva vakṣyate hi—evam eṣa mahā-śabdaḥ [vi.pu. 6.5.76] ity ādi-sārdha-pāda-dvayena tv anyatra hy upacārataḥ [vi.pu. 6.5.77] ity antena |","अशब्देति पूजायां निमित्तभूतायाम् आविष्कृतषाड्गुण्येन भगवच्छब्दः प्रयुज्यते, तत्रापि गुणानां स्वरूपाभिन्नत्वाद् उपचारात् मत्वर्थीयः प्रयुज्यते, तद्भेदविवक्षायाम् । इत्थंभूते मुख्य एव भगवच्छब्दो वर्तत इत्य् आह—शुद्ध इति । शुद्धेऽसङ्गे महाविभूत्याख्येऽचिन्त्यैश्वर्ये । एवम् एष महाशब्दो भगवान् इति सत्तम इति वक्ष्यमाणानुसारेण प्राकृतघटपटादिशब्दानाम् अगोचरस्य तदतीतस्य परस्यापि ब्रह्मणस् तस्यैव भगवच्छब्दः, नान्यस्य । अन्यस्य तु पूजायां पूज्यत्वप्रतिपादने निमित्ते औपचारिक एव क्रियते, यतः शुद्ध इत्य् आदि । शुद्ध एव सति महाविभूत्याख्या ख्यातिर् यस्य तस्मिन् । तथैव वक्ष्यते हि—एवम् एष महाशब्दः [वि.पु. ६.५.७६] इत्य् आदिसार्धपादद्वयेन त्व् अन्यत्र ह्य् उपचारतः [वि.पु. ६.५.७७] इत्य् अन्तेन ।","अशब्देति पूजायाꣳ निमित्तभूतायाम् आविष्कृतषाड्गुण्येन भगवच्छब्दः प्रयुज्यते, तत्रापि गुणानाꣳ स्वरूपाभिन्नत्वाद् उपचारात् मत्वर्थीयः प्रयुज्यते, तद्भेदविवक्षायाम् । इत्थꣳभूते मुख्य एव भगवच्छब्दो वर्तत इत्य् आह—शुद्ध इति । शुद्धेऽसङ्गे महाविभूत्याख्येऽचिन्त्यैश्वर्ये । एवम् एष महाशब्दो भगवान् इति सत्तम इति वक्ष्यमाणानुसारेण प्राकृतघटपटादिशब्दानाम् अगोचरस्य तदतीतस्य परस्यापि ब्रह्मणस् तस्यैव भगवच्छब्दः, नान्यस्य । अन्यस्य तु पूजायाꣳ पूज्यत्वप्रतिपादने निमित्ते औपचारिक एव क्रियते, यतः शुद्ध इत्य् आदि । शुद्ध एव सति महाविभूत्याख्या ख्यातिर् यस्य तस्मिन् । तथैव वक्ष्यते हि—एवम् एष महाशब्दः [वि.पु. ६.५.७६] इत्य् आदिसार्धपादद्वयेन त्व् अन्यत्र ह्य् उपचारतः [वि.पु. ६.५.७७] इत्य् अन्तेन ।"
287,"atra akṣarārtha-niruktyā bhagavac-chabdasya parameśvara-vācakatvam āha—sambhartety ādinā | sambhartā poṣakaḥ, bhartā ādhāraḥ ity artha-dvayenānvitaḥ | netā karma-jñāna-phala-prāpakaḥ | netṛtvaṁ prayojya-gamana-garbham iti ga-kārārthaḥ | gamayitā pralaye kāryāṇāṁ kāraṇaṁ prati | sraṣṭā punar api teṣām udgamayitā sarga-karteti vā ga-kārārthaḥ |","अत्र अक्षरार्थनिरुक्त्या भगवच्छब्दस्य परमेश्वरवाचकत्वम् आह—सम्भर्तेत्य् आदिना । सम्भर्ता पोषकः, भर्ता आधारः इत्य् अर्थद्वयेनान्वितः । नेता कर्मज्ञानफलप्रापकः । नेतृत्वं प्रयोज्यगमनगर्भम् इति गकारार्थः । गमयिता प्रलये कार्याणां कारणं प्रति । स्रष्टा पुनर् अपि तेषाम् उद्गमयिता सर्गकर्तेति वा गकारार्थः ।","अत्र अक्षरार्थनिरुक्त्या भगवच्छब्दस्य परमेश्वरवाचकत्वम् आह—सम्भर्तेत्य् आदिना । सम्भर्ता पोषकः, भर्ता आधारः इत्य् अर्थद्वयेनान्वितः । नेता कर्मज्ञानफलप्रापकः । नेतृत्वꣳ प्रयोज्यगमनगर्भम् इति गकारार्थः । गमयिता प्रलये कार्याणाꣳ कारणꣳ प्रति । स्रष्टा पुनर् अपि तेषाम् उद्गमयिता सर्गकर्तेति वा गकारार्थः ।"
288,atra śrī-svāmibhir bahiraṅgāntaraṅgayoḥ śaktitvenābheda-vivakṣayā vyākhyātam | śuddha-svarūpa-śakti-vivakṣāyāṁ tu taj-jñāna-bhakti-phala-prāpakatvādy-abhiprāyeṇārthāntaraṁ yojyam iti |,अत्र श्रीस्वामिभिर् बहिरङ्गान्तरङ्गयोः शक्तित्वेनाभेदविवक्षया व्याख्यातम् । शुद्धस्वरूपशक्तिविवक्षायां तु तज्ज्ञानभक्तिफलप्रापकत्वाद्यभिप्रायेणार्थान्तरं योज्यम् इति ।,अत्र श्रीस्वामिभिर् बहिरङ्गान्तरङ्गयोः शक्तित्वेनाभेदविवक्षया व्याख्यातम् । शुद्धस्वरूपशक्तिविवक्षायाꣳ तु तज्ज्ञानभक्तिफलप्रापकत्वाद्यभिप्रायेणार्थान्तरꣳ योज्यम् इति ।
291,jñāna-vairāgyayoś caiva ṣaṇṇāṁ bhaga itīṅganā || [vi.pu. 6.5.74],ज्ञानवैराग्ययोश् चैव षण्णां भग इतीङ्गना ॥ [वि.पु. ६.५.७४],ज्ञानवैराग्ययोश् चैव षण्णाꣳ भग इतीङ्गना ॥ [वि.पु. ६.५.७४]
292,"ity atra iṅganeraṇaṁ saṁjñety arthaḥ | atra tair vyākhyātam apy evaṁ jñeyam | aiśvaryasya vīryasya maṇi-mantrādīnām iva prabhāvasya, yaśaso vikhyāta-mad-guṇasya, śriyaḥ sarva-prakāra-sampatteḥ, jñānasya sarvajñatvasya, vairāgyasya yāvat-prāpañcika-vastv-anāsaṅgasya ca | samagrasyeti sarvatrānvitam iti |","इत्य् अत्र इङ्गनेरणं संज्ञेत्य् अर्थः । अत्र तैर् व्याख्यातम् अप्य् एवं ज्ञेयम् । ऐश्वर्यस्य वीर्यस्य मणिमन्त्रादीनाम् इव प्रभावस्य, यशसो विख्यातमद्गुणस्य, श्रियः सर्वप्रकारसम्पत्तेः, ज्ञानस्य सर्वज्ञत्वस्य, वैराग्यस्य यावत्प्रापञ्चिकवस्त्वनासङ्गस्य च । समग्रस्येति सर्वत्रान्वितम् इति ।","इत्य् अत्र इङ्गनेरणꣳ सꣳज्ञेत्य् अर्थः । अत्र तैर् व्याख्यातम् अप्य् एवꣳ ज्ञेयम् । ऐश्वर्यस्य वीर्यस्य मणिमन्त्रादीनाम् इव प्रभावस्य, यशसो विख्यातमद्गुणस्य, श्रियः सर्वप्रकारसम्पत्तेः, ज्ञानस्य सर्वज्ञत्वस्य, वैराग्यस्य यावत्प्रापञ्चिकवस्त्वनासङ्गस्य च । समग्रस्येति सर्वत्रान्वितम् इति ।"
301,tad evaṁ parameśvare niratiśayaiśvaryādi-yukte mukhyo’yaṁ śabdaḥ | anyatra tu gauṇa ity āha—,तद् एवं परमेश्वरे निरतिशयैश्वर्यादियुक्ते मुख्योऽयं शब्दः । अन्यत्र तु गौण इत्य् आह—,तद् एवꣳ परमेश्वरे निरतिशयैश्वर्यादियुक्ते मुख्योऽयꣳ शब्दः । अन्यत्र तु गौण इत्य् आह—
303,śabdo’yaṁ nopacāreṇa hy anyatra hy upacārataḥ || [vi.pu. 6.5.77] iti |,शब्दोऽयं नोपचारेण ह्य् अन्यत्र ह्य् उपचारतः ॥ [वि.पु. ६.५.७७] इति ।,शब्दोऽयꣳ नोपचारेण ह्य् अन्यत्र ह्य् उपचारतः ॥ [वि.पु. ६.५.७७] इति ।
304,"atra pūjyasya śreṣṭha-padārthasyoktau yā paribhāṣā, saṅketa-rūpa-graho yadā tat-samanvito’yaṁ śabdas tadā bhagavati nopacāreṇa vartate, anyatra devādāv upacāreṇa vartate |","अत्र पूज्यस्य श्रेष्ठपदार्थस्योक्तौ या परिभाषा, सङ्केतरूपग्रहो यदा तत्समन्वितोऽयं शब्दस् तदा भगवति नोपचारेण वर्तते, अन्यत्र देवादाव् उपचारेण वर्तते ।","अत्र पूज्यस्य श्रेष्ठपदार्थस्योक्तौ या परिभाषा, सङ्केतरूपग्रहो यदा तत्समन्वितोऽयꣳ शब्दस् तदा भगवति नोपचारेण वर्तते, अन्यत्र देवादाव् उपचारेण वर्तते ।"
306,utpattiṁ pralayaṁ caiva bhūtānām āgatiṁ gatim |,उत्पत्तिं प्रलयं चैव भूतानाम् आगतिं गतिम् ।,उत्पत्तिꣳ प्रलयꣳ चैव भूतानाम् आगतिꣳ गतिम् ।
307,vetti vidyām avidyāṁ ca sa vācyo bhagavān iti || [vi.pu. 6.5.78] iti |,वेत्ति विद्याम् अविद्यां च स वाच्यो भगवान् इति ॥ [वि.पु. ६.५.७८] इति ।,वेत्ति विद्याम् अविद्याꣳ च स वाच्यो भगवान् इति ॥ [वि.पु. ६.५.७८] इति ।
308,bhagavac-chabda-vācyaṁ ṣāḍguṇyaṁ prakārāntareṇāha—,भगवच्छब्दवाच्यं षाड्गुण्यं प्रकारान्तरेणाह—,भगवच्छब्दवाच्यꣳ षाड्गुण्यꣳ प्रकारान्तरेणाह—
309,jñāna-śakti-balaiśvarya-vīrya-tejāṁsy aśeṣataḥ |,ज्ञानशक्तिबलैश्वर्यवीर्यतेजांस्य् अशेषतः ।,ज्ञानशक्तिबलैश्वर्यवीर्यतेजाꣳस्य् अशेषतः ।
311,"atra heyaiḥ prakṛti-guṇais tat-kāryaiḥ karmabhis tat-phalaiś ca vinā iti | atra jñānam antaḥ-karaṇajaṁ balaṁ, śaktir indriyajam, balaṁ śarīrajaṁ, tejaḥ kāntiḥ, aśeṣataḥ sāmagryeṇety arthaḥ iti jñeyam |","अत्र हेयैः प्रकृतिगुणैस् तत्कार्यैः कर्मभिस् तत्फलैश् च विना इति । अत्र ज्ञानम् अन्तःकरणजं बलं, शक्तिर् इन्द्रियजम्, बलं शरीरजं, तेजः कान्तिः, अशेषतः सामग्र्येणेत्य् अर्थः इति ज्ञेयम् ।","अत्र हेयैः प्रकृतिगुणैस् तत्कार्यैः कर्मभिस् तत्फलैश् च विना इति । अत्र ज्ञानम् अन्तःकरणजꣳ बलꣳ, शक्तिर् इन्द्रियजम्, बलꣳ शरीरजꣳ, तेजः कान्तिः, अशेषतः सामग्र्येणेत्य् अर्थः इति ज्ञेयम् ।"
315,atra vasanād vāsanāc ca vāsuḥ | sādhanāt sādhur itivat | dyotanād devaḥ | vāsuś cāsau devaś ceti vāsudevaḥ | tad uktaṁ mokṣa-dharme—vasanād dyotanāc caiva vāsudevaṁ tato viduḥ iti | janakādayo bhagavan-nāmālocana-niṣṭhayaiva brahma-jñānaṁ prāptā iti darśayann āha ṣaḍbhiḥ—,अत्र वसनाद् वासनाच् च वासुः । साधनात् साधुर् इतिवत् । द्योतनाद् देवः । वासुश् चासौ देवश् चेति वासुदेवः । तद् उक्तं मोक्षधर्मे—वसनाद् द्योतनाच् चैव वासुदेवं ततो विदुः इति । जनकादयो भगवन्नामालोचननिष्ठयैव ब्रह्मज्ञानं प्राप्ता इति दर्शयन्न् आह षड्भिः—,अत्र वसनाद् वासनाच् च वासुः । साधनात् साधुर् इतिवत् । द्योतनाद् देवः । वासुश् चासौ देवश् चेति वासुदेवः । तद् उक्तꣳ मोक्षधर्मे—वसनाद् द्योतनाच् चैव वासुदेवꣳ ततो विदुः इति । जनकादयो भगवन्नामालोचननिष्ठयैव ब्रह्मज्ञानꣳ प्राप्ता इति दर्शयन्न् आह षड्भिः—
319,dhātā vidhātā jagatāṁ vāsudevas tataḥ prabhuḥ || [vi.pu. 6.5.82] iti |,धाता विधाता जगतां वासुदेवस् ततः प्रभुः ॥ [वि.पु. ६.५.८२] इति ।,धाता विधाता जगताꣳ वासुदेवस् ततः प्रभुः ॥ [वि.पु. ६.५.८२] इति ।
321,sa sarva-bhūta-prakṛtiṁ vikārān ,स सर्वभूतप्रकृतिं विकारान् ,स सर्वभूतप्रकृतिꣳ विकारान् 
322,guṇādi-doṣāṁś ca mune vyatītaḥ |,गुणादिदोषांश् च मुने व्यतीतः ।,गुणादिदोषाꣳश् च मुने व्यतीतः ।
324,tenāstṛtaṁ yad-bhuvanāntarāle || [vi.pu. 6.5.83] iti |,तेनास्तृतं यद्भुवनान्तराले ॥ [वि.पु. ६.५.८३] इति ।,तेनास्तृतꣳ यद्भुवनान्तराले ॥ [वि.पु. ६.५.८३] इति ।
325,"atra bhuvanāntarāle yad asti, tat sarvaṁ tenāstṛtaṁ cchannaṁ vyāptam iti yāvat |","अत्र भुवनान्तराले यद् अस्ति, तत् सर्वं तेनास्तृतं च्छन्नं व्याप्तम् इति यावत् ।","अत्र भुवनान्तराले यद् अस्ति, तत् सर्वꣳ तेनास्तृतꣳ च्छन्नꣳ व्याप्तम् इति यावत् ।"
329,saṁsādhitāśeṣa-jagad-dhito yaḥ || [vi.pu. 6.5.84] iti |,संसाधिताशेषजगद्धितो यः ॥ [वि.पु. ६.५.८४] इति ।,सꣳसाधिताशेषजगद्धितो यः ॥ [वि.पु. ६.५.८४] इति ।
333,paraḥ parāṇāṁ sakalā na yatra ,परः पराणां सकला न यत्र ,परः पराणाꣳ सकला न यत्र 
339,"atra vyaṣṭiḥ saṅkarṣaṇādi-rūpaḥ, samaṣṭir vāsudevātmā | atra prakaṭa-svarūpaḥ śrī-vigraha-prākaṭyeneti jñeyam | prakṛtam upasaṁharati—","अत्र व्यष्टिः सङ्कर्षणादिरूपः, समष्टिर् वासुदेवात्मा । अत्र प्रकटस्वरूपः श्रीविग्रहप्राकट्येनेति ज्ञेयम् । प्रकृतम् उपसंहरति—","अत्र व्यष्टिः सङ्कर्षणादिरूपः, समष्टिर् वासुदेवात्मा । अत्र प्रकटस्वरूपः श्रीविग्रहप्राकट्येनेति ज्ञेयम् । प्रकृतम् उपसꣳहरति—"
340,sa jñāyate yena tad-asta-doṣaṁ ,स ज्ञायते येन तदस्तदोषं ,स ज्ञायते येन तदस्तदोषꣳ 
341,śuddhaṁ paraṁ nirmalam eka-rūpam |,शुद्धं परं निर्मलम् एकरूपम् ।,शुद्धꣳ परꣳ निर्मलम् एकरूपम् ।
342,saṁdṛśyante vāpy avagamyate vā ,संदृश्यन्ते वाप्य् अवगम्यते वा ,सꣳदृश्यन्ते वाप्य् अवगम्यते वा 
344,"atra yena jñāyate parokṣa-vṛttyā, saṁdṛśyate sākṣāt-kriyate, adhigamyate, niḥśeṣāvidyā-nivṛttyā prāpyate, taj jñānaṁ parā vidyā, ajñānam avidyāntarvartiny aparā vidyety arthaḥ iti |","अत्र येन ज्ञायते परोक्षवृत्त्या, संदृश्यते साक्षात्क्रियते, अधिगम्यते, निःशेषाविद्यानिवृत्त्या प्राप्यते, तज् ज्ञानं परा विद्या, अज्ञानम् अविद्यान्तर्वर्तिन्य् अपरा विद्येत्य् अर्थः इति ।","अत्र येन ज्ञायते परोक्षवृत्त्या, सꣳदृश्यते साक्षात्क्रियते, अधिगम्यते, निःशेषाविद्यानिवृत्त्या प्राप्यते, तज् ज्ञानꣳ परा विद्या, अज्ञानम् अविद्यान्तर्वर्तिन्य् अपरा विद्येत्य् अर्थः इति ।"
345,"atraitad uktaṁ bhavati | sa evaṁ-bhūta aiśvaryādi-guṇa-yukto yena jñānena tad-eka-rūpam eva tattvam ity eva jñāyate | tad eva jñānam ity asya kiṁ vivakṣitaṁ ? kim atad-aṁśānāṁ tat-tad-guṇānāṁ parityāgena bheda-gandha-rahitaṁ taj jñāyate | kiṁ vācintya-jñāna-gocaratayaikam eva tattvaṁ guṇa-guṇi-rūpam itīttham evābhedaṁ taj jñāyate iti | ucyate—jñāna-śakti-balaiśvarya ity atra heya-guṇa-miśratā-niṣedhāt tathā, guṇāṁś doṣāṁś ca mune vyatītaḥ iti, samasta-kalyāṇa-guṇātmako hi iti guṇāntara-niṣedha-pūrvaka-tadātma-bhūta-guṇāntara-sthāpanena teṣāṁ svarūpa-rūpatā-pratipādāc ca te parityaktuṁ na śakyante | ata eva asta-doṣam ity evoktam, na tu asta-tad-guṇa-doṣam iti | tasmāt teṣām api yena yathāvasthitānām eva svarūpatvaṁ jñāyate, taj-jñānam ity eva tātparyam | ata eva bhagopalakṣaṇatvena kevalādvaya-svarūpam evocyate | iti ca pratyākhyātam, bhagavac-chabdena bhagavataś ca bhagasya ca vācyatva-svīkārāt, tad etad bhagavad-vācyaṁ svarūpaṁ paramātmanaḥ ity anena jñāna-śakti-balaiśvarya-vīrya-tejāṁsy aśeṣataḥ, bhagavac-chabda-vācyāni ity anena ca |","अत्रैतद् उक्तं भवति । स एवंभूत ऐश्वर्यादिगुणयुक्तो येन ज्ञानेन तदेकरूपम् एव तत्त्वम् इत्य् एव ज्ञायते । तद् एव ज्ञानम् इत्य् अस्य किं विवक्षितं ? किम् अतदंशानां तत्तद्गुणानां परित्यागेन भेदगन्धरहितं तज् ज्ञायते । किं वाचिन्त्यज्ञानगोचरतयैकम् एव तत्त्वं गुणगुणिरूपम् इतीत्थम् एवाभेदं तज् ज्ञायते इति । उच्यते—ज्ञानशक्तिबलैश्वर्य इत्य् अत्र हेयगुणमिश्रतानिषेधात् तथा, गुणांश् दोषांश् च मुने व्यतीतः इति, समस्तकल्याणगुणात्मको हि इति गुणान्तरनिषेधपूर्वकतदात्मभूतगुणान्तरस्थापनेन तेषां स्वरूपरूपताप्रतिपादाच् च ते परित्यक्तुं न शक्यन्ते । अत एव अस्तदोषम् इत्य् एवोक्तम्, न तु अस्ततद्गुणदोषम् इति । तस्मात् तेषाम् अपि येन यथावस्थितानाम् एव स्वरूपत्वं ज्ञायते, तज्ज्ञानम् इत्य् एव तात्पर्यम् । अत एव भगोपलक्षणत्वेन केवलाद्वयस्वरूपम् एवोच्यते । इति च प्रत्याख्यातम्, भगवच्छब्देन भगवतश् च भगस्य च वाच्यत्वस्वीकारात्, तद् एतद् भगवद्वाच्यं स्वरूपं परमात्मनः इत्य् अनेन ज्ञानशक्तिबलैश्वर्यवीर्यतेजांस्य् अशेषतः, भगवच्छब्दवाच्यानि इत्य् अनेन च ।","अत्रैतद् उक्तꣳ भवति । स एवꣳभूत ऐश्वर्यादिगुणयुक्तो येन ज्ञानेन तदेकरूपम् एव तत्त्वम् इत्य् एव ज्ञायते । तद् एव ज्ञानम् इत्य् अस्य किꣳ विवक्षितꣳ ? किम् अतदꣳशानाꣳ तत्तद्गुणानाꣳ परित्यागेन भेदगन्धरहितꣳ तज् ज्ञायते । किꣳ वाचिन्त्यज्ञानगोचरतयैकम् एव तत्त्वꣳ गुणगुणिरूपम् इतीत्थम् एवाभेदꣳ तज् ज्ञायते इति । उच्यते—ज्ञानशक्तिबलैश्वर्य इत्य् अत्र हेयगुणमिश्रतानिषेधात् तथा, गुणाꣳश् दोषाꣳश् च मुने व्यतीतः इति, समस्तकल्याणगुणात्मको हि इति गुणान्तरनिषेधपूर्वकतदात्मभूतगुणान्तरस्थापनेन तेषाꣳ स्वरूपरूपताप्रतिपादाच् च ते परित्यक्तुꣳ न शक्यन्ते । अत एव अस्तदोषम् इत्य् एवोक्तम्, न तु अस्ततद्गुणदोषम् इति । तस्मात् तेषाम् अपि येन यथावस्थितानाम् एव स्वरूपत्वꣳ ज्ञायते, तज्ज्ञानम् इत्य् एव तात्पर्यम् । अत एव भगोपलक्षणत्वेन केवलाद्वयस्वरूपम् एवोच्यते । इति च प्रत्याख्यातम्, भगवच्छब्देन भगवतश् च भगस्य च वाच्यत्वस्वीकारात्, तद् एतद् भगवद्वाच्यꣳ स्वरूपꣳ परमात्मनः इत्य् अनेन ज्ञानशक्तिबलैश्वर्यवीर्यतेजाꣳस्य् अशेषतः, भगवच्छब्दवाच्यानि इत्य् अनेन च ।"
346,"evaṁ ca bhagasyāpi svarūpa-bhūtatvam eva vyaktam | tad-vyaktaye eva ca śuddha-svarūpa-nirūpaṇa eva, vibhuṁ sarva-gatam ity atra prabhutā-vācaka-viśeṣaṇaṁ dattam |","एवं च भगस्यापि स्वरूपभूतत्वम् एव व्यक्तम् । तद्व्यक्तये एव च शुद्धस्वरूपनिरूपण एव, विभुं सर्वगतम् इत्य् अत्र प्रभुतावाचकविशेषणं दत्तम् ।","एवꣳ च भगस्यापि स्वरूपभूतत्वम् एव व्यक्तम् । तद्व्यक्तये एव च शुद्धस्वरूपनिरूपण एव, विभुꣳ सर्वगतम् इत्य् अत्र प्रभुतावाचकविशेषणꣳ दत्तम् ।"
347,evam advaita-śārīraka-kṛtāpi—jñānaiśvarya-śakti-bala-tejāṁsi guṇā ātmānam evaite bhagavanto vāsudevāḥ iti pāñcarātrikaṁ matam utthāpitam | śruti-purāṇādibhiḥ ślāghite tasminn api sākṣāc-chrī-bhagavan-mate svarūpa-śakti-vṛtti-viśeṣāṇāṁ teṣāṁ guṇānāṁ guṇitaikya-vṛttau dūṣaṇaṁ tv advaita-vāda-sthāpanāgraheṇaiva kḷptam | tad-āgraheṇa—kāraṇasyātma-bhūtā śaktiḥ ity ātma-vacanaṁ nānusaṁhitam iti | śrī-bhagavad-upaniṣatsu ca—paraṁ bhāvam ajānanto mama bhūta-maheśvaram ity anena bhūtaṁ paramārtha-satyaṁ maheśvara-lakṣaṇam eva svasya paraṁ tattvam ināṁuttam | ata eva śrī-svāmibhir api tatra tatra tathā vyākhyātam | tathā ca pādmottara-khaṇḍe—,एवम् अद्वैतशारीरककृतापि—ज्ञानैश्वर्यशक्तिबलतेजांसि गुणा आत्मानम् एवैते भगवन्तो वासुदेवाः इति पाञ्चरात्रिकं मतम् उत्थापितम् । श्रुतिपुराणादिभिः श्लाघिते तस्मिन्न् अपि साक्षाच्छ्रीभगवन्मते स्वरूपशक्तिवृत्तिविशेषाणां तेषां गुणानां गुणितैक्यवृत्तौ दूषणं त्व् अद्वैतवादस्थापनाग्रहेणैव कॢप्तम् । तदाग्रहेण—कारणस्यात्मभूता शक्तिः इत्य् आत्मवचनं नानुसंहितम् इति । श्रीभगवदुपनिषत्सु च—परं भावम् अजानन्तो मम भूतमहेश्वरम् इत्य् अनेन भूतं परमार्थसत्यं महेश्वरलक्षणम् एव स्वस्य परं तत्त्वम् इनांउत्तम् । अत एव श्रीस्वामिभिर् अपि तत्र तत्र तथा व्याख्यातम् । तथा च पाद्मोत्तरखण्डे—,एवम् अद्वैतशारीरककृतापि—ज्ञानैश्वर्यशक्तिबलतेजाꣳसि गुणा आत्मानम् एवैते भगवन्तो वासुदेवाः इति पाञ्चरात्रिकꣳ मतम् उत्थापितम् । श्रुतिपुराणादिभिः श्लाघिते तस्मिन्न् अपि साक्षाच्छ्रीभगवन्मते स्वरूपशक्तिवृत्तिविशेषाणाꣳ तेषाꣳ गुणानाꣳ गुणितैक्यवृत्तौ दूषणꣳ त्व् अद्वैतवादस्थापनाग्रहेणैव कॢप्तम् । तदाग्रहेण—कारणस्यात्मभूता शक्तिः इत्य् आत्मवचनꣳ नानुसꣳहितम् इति । श्रीभगवदुपनिषत्सु च—परꣳ भावम् अजानन्तो मम भूतमहेश्वरम् इत्य् अनेन भूतꣳ परमार्थसत्यꣳ महेश्वरलक्षणम् एव स्वस्य परꣳ तत्त्वम् इनाꣳउत्तम् । अत एव श्रीस्वामिभिर् अपि तत्र तत्र तथा व्याख्यातम् । तथा च पाद्मोत्तरखण्डे—
348,bhagavān iti śabdo’yaṁ tathā puruṣa ity api |,भगवान् इति शब्दोऽयं तथा पुरुष इत्य् अपि ।,भगवान् इति शब्दोऽयꣳ तथा पुरुष इत्य् अपि ।
350,"tasmād bhaga-viśiṣṭasyaiva bhagavato brahmavat para-vidyā-mātra-vyaṅgatvena sva-prakāśatvaṁ spaṣṭam eva | atra śruty-antaraṁ ca śrī-mādhva-bhāṣya-pramāṇitam atha dve vāva veditavye—parā aparā ca | tatra ye vedādyā yāny aṅgāni yānu upāṅgāni sāparā | atha parā—yayā sa harir veditavyo yo’sāv adṛśyo nirguṇaḥ paraḥ paramātma [ve.sū. 1.2.21 mādhva-bhāṣya-dhṛtam] iti | koṭaravya-śrutāv api teṣāṁ guṇānāṁ para-vidyā-mātra-vyaṅgyatvaṁ vyañjitam—adṛśyam avyavahāryam avyapadeśyaṁ sukhaṁ jñānam ojo balam iti, brahmaṇas tasmād brahmety ācakṣate [ve.sū. 3.2.33 mādhva-bhāṣya-dhṛtam] iti | anyatra ca—","तस्माद् भगविशिष्टस्यैव भगवतो ब्रह्मवत् परविद्यामात्रव्यङ्गत्वेन स्वप्रकाशत्वं स्पष्टम् एव । अत्र श्रुत्यन्तरं च श्रीमाध्वभाष्यप्रमाणितम् अथ द्वे वाव वेदितव्ये—परा अपरा च । तत्र ये वेदाद्या यान्य् अङ्गानि यानु उपाङ्गानि सापरा । अथ परा—यया स हरिर् वेदितव्यो योऽसाव् अदृश्यो निर्गुणः परः परमात्म [वे.सू. १.२.२१ माध्वभाष्यधृतम्] इति । कोटरव्यश्रुताव् अपि तेषां गुणानां परविद्यामात्रव्यङ्ग्यत्वं व्यञ्जितम्—अदृश्यम् अव्यवहार्यम् अव्यपदेश्यं सुखं ज्ञानम् ओजो बलम् इति, ब्रह्मणस् तस्माद् ब्रह्मेत्य् आचक्षते [वे.सू. ३.२.३३ माध्वभाष्यधृतम्] इति । अन्यत्र च—","तस्माद् भगविशिष्टस्यैव भगवतो ब्रह्मवत् परविद्यामात्रव्यङ्गत्वेन स्वप्रकाशत्वꣳ स्पष्टम् एव । अत्र श्रुत्यन्तरꣳ च श्रीमाध्वभाष्यप्रमाणितम् अथ द्वे वाव वेदितव्ये—परा अपरा च । तत्र ये वेदाद्या यान्य् अङ्गानि यानु उपाङ्गानि सापरा । अथ परा—यया स हरिर् वेदितव्यो योऽसाव् अदृश्यो निर्गुणः परः परमात्म [वे.सू. १.२.२१ माध्वभाष्यधृतम्] इति । कोटरव्यश्रुताव् अपि तेषाꣳ गुणानाꣳ परविद्यामात्रव्यङ्ग्यत्वꣳ व्यञ्जितम्—अदृश्यम् अव्यवहार्यम् अव्यपदेश्यꣳ सुखꣳ ज्ञानम् ओजो बलम् इति, ब्रह्मणस् तस्माद् ब्रह्मेत्य् आचक्षते [वे.सू. ३.२.३३ माध्वभाष्यधृतम्] इति । अन्यत्र च—"
351,anyaj jñānaṁ tu jīvānām anyaj jñānaṁ parasya ca |,अन्यज् ज्ञानं तु जीवानाम् अन्यज् ज्ञानं परस्य च ।,अन्यज् ज्ञानꣳ तु जीवानाम् अन्यज् ज्ञानꣳ परस्य च ।
352,nityānandāvyayaṁ pūrṇaṁ paraṁ jñānaṁ vidhīyate || iti |,नित्यानन्दाव्ययं पूर्णं परं ज्ञानं विधीयते ॥ इति ।,नित्यानन्दाव्ययꣳ पूर्णꣳ परꣳ ज्ञानꣳ विधीयते ॥ इति ।
353,ato mādhva-bhāṣya eva pramāṇitaṁ—yad-ātmako bhagavāṁs tad-ātmik vyaktiḥ kim-ātmako bhagavān ? jñānātmaka aiśvaryātmikaḥ śakty-ātmakaś ca | iti śruty-antaram api tena guṇinā teṣāṁ guṇānāṁ tad-vyañjaka-śakteś caikātmakatvam eva pratipādayati—yasya jñāna-mayaṁ tapaḥ iti ca śruty-antare’pi yasya cit-svarūpam evaiśvaryam ity abhidhīyate | caturveda-śikhāyāṁ ca—viṣṇur eva jyotir viṣṇur eva brahma viṣṇur evātmā viṣṇur eva balaṁ viṣṇur evity amaraḥaḥ ity ādi | bhāgavata-tantre ca—,अतो माध्वभाष्य एव प्रमाणितं—यदात्मको भगवांस् तदात्मिक् व्यक्तिः किमात्मको भगवान् ? ज्ञानात्मक ऐश्वर्यात्मिकः शक्त्यात्मकश् च । इति श्रुत्यन्तरम् अपि तेन गुणिना तेषां गुणानां तद्व्यञ्जकशक्तेश् चैकात्मकत्वम् एव प्रतिपादयति—यस्य ज्ञानमयं तपः इति च श्रुत्यन्तरेऽपि यस्य चित्स्वरूपम् एवैश्वर्यम् इत्य् अभिधीयते । चतुर्वेदशिखायां च—विष्णुर् एव ज्योतिर् विष्णुर् एव ब्रह्म विष्णुर् एवात्मा विष्णुर् एव बलं विष्णुर् एवित्य् अमरःअः इत्य् आदि । भागवततन्त्रे च—,अतो माध्वभाष्य एव प्रमाणितꣳ—यदात्मको भगवाꣳस् तदात्मिक् व्यक्तिः किमात्मको भगवान् ? ज्ञानात्मक ऐश्वर्यात्मिकः शक्त्यात्मकश् च । इति श्रुत्यन्तरम् अपि तेन गुणिना तेषाꣳ गुणानाꣳ तद्व्यञ्जकशक्तेश् चैकात्मकत्वम् एव प्रतिपादयति—यस्य ज्ञानमयꣳ तपः इति च श्रुत्यन्तरेऽपि यस्य चित्स्वरूपम् एवैश्वर्यम् इत्य् अभिधीयते । चतुर्वेदशिखायाꣳ च—विष्णुर् एव ज्योतिर् विष्णुर् एव ब्रह्म विष्णुर् एवात्मा विष्णुर् एव बलꣳ विष्णुर् एवित्य् अमरःअः इत्य् आदि । भागवततन्त्रे च—
356,viṣṇu-saṁhitāyāṁ ca—,विष्णुसंहितायां च—,विष्णुसꣳहितायाꣳ च—
361,ato māyika-sarva-niṣedhāvadhi-svarūpam uktvā paścāt tasyaivaiśvaryādikam ucyate—eṣa sarveśvaraḥ [bṛ.ā.u. 4.4.22] ity ādi | ato guṇa-guṇinor nābheda-pakṣe’pi tad-eka-rūpam iti vacanaṁ guṇānām antaraṅgatvena guṇinā saha tulyatvāt tādātmyāpatteś ca saṅgacchata eva |,अतो मायिकसर्वनिषेधावधिस्वरूपम् उक्त्वा पश्चात् तस्यैवैश्वर्यादिकम् उच्यते—एष सर्वेश्वरः [बृ.आ.उ. ४.४.२२] इत्य् आदि । अतो गुणगुणिनोर् नाभेदपक्षेऽपि तदेकरूपम् इति वचनं गुणानाम् अन्तरङ्गत्वेन गुणिना सह तुल्यत्वात् तादात्म्यापत्तेश् च सङ्गच्छत एव ।,अतो मायिकसर्वनिषेधावधिस्वरूपम् उक्त्वा पश्चात् तस्यैवैश्वर्यादिकम् उच्यते—एष सर्वेश्वरः [बृ.आ.उ. ४.४.२२] इत्य् आदि । अतो गुणगुणिनोर् नाभेदपक्षेऽपि तदेकरूपम् इति वचनꣳ गुणानाम् अन्तरङ्गत्वेन गुणिना सह तुल्यत्वात् तादात्म्यापत्तेश् च सङ्गच्छत एव ।
362,"atha sā bhagavattā ca nāropitā, kintu svarūpa-bhūtaivety etam arthaṁ punar viśeṣataḥ sthāpayituṁ prakaraṇāntaram ārabhyate | tatra vastunas tasya sa-śaktitvam āha—","अथ सा भगवत्ता च नारोपिता, किन्तु स्वरूपभूतैवेत्य् एतम् अर्थं पुनर् विशेषतः स्थापयितुं प्रकरणान्तरम् आरभ्यते । तत्र वस्तुनस् तस्य सशक्तित्वम् आह—","अथ सा भगवत्ता च नारोपिता, किन्तु स्वरूपभूतैवेत्य् एतम् अर्थꣳ पुनर् विशेषतः स्थापयितुꣳ प्रकरणान्तरम् आरभ्यते । तत्र वस्तुनस् तस्य सशक्तित्वम् आह—"
363,vedyaṁ vāstavam atra vastv ity asya viśeṣaṇābhyām eva ,वेद्यं वास्तवम् अत्र वस्त्व् इत्य् अस्य विशेषणाभ्याम् एव ,वेद्यꣳ वास्तवम् अत्र वस्त्व् इत्य् अस्य विशेषणाभ्याम् एव 
364,śivadaṁ tāpa-trayonmūlanam [bhā.pu. 1.1.2] iti |,शिवदं तापत्रयोन्मूलनम् [भा.पु. १.१.२] इति ।,शिवदꣳ तापत्रयोन्मूलनम् [भा.पु. १.१.२] इति ।
365,"śivaṁ paramānandaḥ, tad-dānaṁ svarūpa-śaktyā | tāpa-trayaṁ māyā-śakti-kāryaṁ tad-unmūlanaṁ ca tayaiveti ||","शिवं परमानन्दः, तद्दानं स्वरूपशक्त्या । तापत्रयं मायाशक्तिकार्यं तदुन्मूलनं च तयैवेति ॥","शिवꣳ परमानन्दः, तद्दानꣳ स्वरूपशक्त्या । तापत्रयꣳ मायाशक्तिकार्यꣳ तदुन्मूलनꣳ च तयैवेति ॥"
367,tad etat sarva-saṁvādena prakaraṇam ārabhyate—[mūle 9-anuccheda] atha sā bhagavattā ca nāropitā ity ādinā | atha śrī-vigrahasya pūrṇa-svarūpa-bhūtatva-sthāpaka-prakaraṇārambhe pañcaviṁśa-vākyasyānantarāvatārikāyāṁ,तद् एतत् सर्वसंवादेन प्रकरणम् आरभ्यते—[मूले ९-अनुच्छेद] अथ सा भगवत्ता च नारोपिता इत्य् आदिना । अथ श्रीविग्रहस्य पूर्णस्वरूपभूतत्वस्थापकप्रकरणारम्भे पञ्चविंशवाक्यस्यानन्तरावतारिकायां,तद् एतत् सर्वसꣳवादेन प्रकरणम् आरभ्यते—[मूले ९-अनुच्छेद] अथ सा भगवत्ता च नारोपिता इत्य् आदिना । अथ श्रीविग्रहस्य पूर्णस्वरूपभूतत्वस्थापकप्रकरणारम्भे पञ्चविꣳशवाक्यस्यानन्तरावतारिकायाꣳ
368,"te ca māyā-śakti-svarūpa-śaktī paraspara-viruddhe, tathā tayor vṛttayaś ca sva-sva-gaṇa eva paraspara-viruddhā api bahvyaḥ | tathāpi tāsām ekaṁ nidhānaṁ, tad evety āha—","ते च मायाशक्तिस्वरूपशक्ती परस्परविरुद्धे, तथा तयोर् वृत्तयश् च स्वस्वगण एव परस्परविरुद्धा अपि बह्व्यः । तथापि तासाम् एकं निधानं, तद् एवेत्य् आह—","ते च मायाशक्तिस्वरूपशक्ती परस्परविरुद्धे, तथा तयोर् वृत्तयश् च स्वस्वगण एव परस्परविरुद्धा अपि बह्व्यः । तथापि तासाम् एकꣳ निधानꣳ, तद् एवेत्य् आह—"
369,yac-chaktayo vadatāṁ vādināṁ vai,यच्छक्तयो वदतां वादिनां वै,यच्छक्तयो वदताꣳ वादिनाꣳ वै
370,vivāda-saṁvāda-bhuvo bhavanti |,विवादसंवादभुवो भवन्ति ।,विवादसꣳवादभुवो भवन्ति ।
371,kurvanti caiṣāṁ muhur ātma-mohaṁ,कुर्वन्ति चैषां मुहुर् आत्ममोहं,कुर्वन्ति चैषाꣳ मुहुर् आत्ममोहꣳ
375,yasmin viruddha-gatayo hy aniśaṁ patanti,यस्मिन् विरुद्धगतयो ह्य् अनिशं पतन्ति,यस्मिन् विरुद्धगतयो ह्य् अनिशꣳ पतन्ति
378,ānanda-mātram avikāram ahaṁ prapadye || [bhā.pu. 4.9.16],आनन्दमात्रम् अविकारम् अहं प्रपद्ये ॥ [भा.पु. ४.९.१६],आनन्दमात्रम् अविकारम् अहꣳ प्रपद्ये ॥ [भा.पु. ४.९.१६]
379,"ānupūrvyāt sva-sva-varge uttama-madhyama-kaniṣṭha-bhāvena vartamānā vividha-śaktayaḥ prāyaḥ parasparaṁ viruddha-gatayo’pi yasmin yad āśritya aniśaṁ patanti, sva-sva-vyāpāraṁ kurvanti ||","आनुपूर्व्यात् स्वस्ववर्गे उत्तममध्यमकनिष्ठभावेन वर्तमाना विविधशक्तयः प्रायः परस्परं विरुद्धगतयोऽपि यस्मिन् यद् आश्रित्य अनिशं पतन्ति, स्वस्वव्यापारं कुर्वन्ति ॥","आनुपूर्व्यात् स्वस्ववर्गे उत्तममध्यमकनिष्ठभावेन वर्तमाना विविधशक्तयः प्रायः परस्परꣳ विरुद्धगतयोऽपि यस्मिन् यद् आश्रित्य अनिशꣳ पतन्ति, स्वस्वव्यापारꣳ कुर्वन्ति ॥"
389,spaṣṭam | uktaṁ cācintyatvaṁ śrutes tu śabda-mūlatvād [ve.sū. 2.1.27] ity ādau | ātmani caivaṁ vicitrāś ca hi [ve.sū. 2.1.28] ity-ādau ca || ,स्पष्टम् । उक्तं चाचिन्त्यत्वं श्रुतेस् तु शब्दमूलत्वाद् [वे.सू. २.१.२७] इत्य् आदौ । आत्मनि चैवं विचित्राश् च हि [वे.सू. २.१.२८] इत्यादौ च ॥ ,स्पष्टम् । उक्तꣳ चाचिन्त्यत्वꣳ श्रुतेस् तु शब्दमूलत्वाद् [वे.सू. २.१.२७] इत्य् आदौ । आत्मनि चैवꣳ विचित्राश् च हि [वे.सू. २.१.२८] इत्यादौ च ॥ 
392,sattvaṁ rajas tama iti trivṛd ekam ādau,सत्त्वं रजस् तम इति त्रिवृद् एकम् आदौ,सत्त्वꣳ रजस् तम इति त्रिवृद् एकम् आदौ
393,sūtraṁ mahān aham iti pravadanti jīvam |,सूत्रं महान् अहम् इति प्रवदन्ति जीवम् ।,सूत्रꣳ महान् अहम् इति प्रवदन्ति जीवम् ।
395,brahmaiva bhāti sad asac ca tayoḥ paraṁ yat || [bhā.pu. 11.3.37],ब्रह्मैव भाति सद् असच् च तयोः परं यत् ॥ [भा.पु. ११.३.३७],ब्रह्मैव भाति सद् असच् च तयोः परꣳ यत् ॥ [भा.पु. ११.३.३७]
396,"brahmaivoru-śaktir anekātmaka-śaktimad bhāti | eva-kāreṇa brahmaṇa eva sā śaktiḥ, na tu kalpiteti svābhāvika-rūpatvaṁ śakter bodhayati | tatra hetuḥ—yad brahma sat sthūlaṁ kāryaṁ pṛthivy-ādi-rūpaṁ, asat sūkṣmaṁ kāraṇaṁ prakṛty-ādi-rūpaṁ, tayor bahiraṅga-vaibhavayoḥ paraṁ svarūpa-vaibhavaṁ śrī-vaikuṇṭhādi-rūpaṁ, taṭastha-vaibhavaṁ śuddha-jīva-rūpaṁ ca | anyathā tat-tad-bhāvāsiddhiḥ | ","ब्रह्मैवोरुशक्तिर् अनेकात्मकशक्तिमद् भाति । एवकारेण ब्रह्मण एव सा शक्तिः, न तु कल्पितेति स्वाभाविकरूपत्वं शक्तेर् बोधयति । तत्र हेतुः—यद् ब्रह्म सत् स्थूलं कार्यं पृथिव्यादिरूपं, असत् सूक्ष्मं कारणं प्रकृत्यादिरूपं, तयोर् बहिरङ्गवैभवयोः परं स्वरूपवैभवं श्रीवैकुण्ठादिरूपं, तटस्थवैभवं शुद्धजीवरूपं च । अन्यथा तत्तद्भावासिद्धिः । ","ब्रह्मैवोरुशक्तिर् अनेकात्मकशक्तिमद् भाति । एवकारेण ब्रह्मण एव सा शक्तिः, न तु कल्पितेति स्वाभाविकरूपत्वꣳ शक्तेर् बोधयति । तत्र हेतुः—यद् ब्रह्म सत् स्थूलꣳ कार्यꣳ पृथिव्यादिरूपꣳ, असत् सूक्ष्मꣳ कारणꣳ प्रकृत्यादिरूपꣳ, तयोर् बहिरङ्गवैभवयोः परꣳ स्वरूपवैभवꣳ श्रीवैकुण्ठादिरूपꣳ, तटस्थवैभवꣳ शुद्धजीवरूपꣳ च । अन्यथा तत्तद्भावासिद्धिः । "
397,"kiṁ-rūpatayā tat-tad-rūpam ? tatrāha—jñāna-kriyārtha-phala-rūpatayā, mahad-ādi-lakṣaṇa-jñāna-śakti-rūpatvena, sūtrādi-lakṣaṇa-kriyā-śakti-rūpatvena, tan-mātrādi-lakṣaṇārtha-rūpatvena, prakṛti-lakṣaṇa-tat-tat-sarvaikya-rūpatvena sad-asad-rūpam, phala-rūpatvena tayoḥ param | tatra phalaṁ puruṣārtha-svarūpaṁ sa-vaibhavaṁ bhagavad-ākhyaṁ cid-vastu, tad-anugatatvāt śuddha-jīvākhyaṁ cid-vastu ca | etena jñāna-kriyādi-rūpeṇorū-śaktitvaṁ vyañjitam | ","किंरूपतया तत्तद्रूपम् ? तत्राह—ज्ञानक्रियार्थफलरूपतया, महदादिलक्षणज्ञानशक्तिरूपत्वेन, सूत्रादिलक्षणक्रियाशक्तिरूपत्वेन, तन्मात्रादिलक्षणार्थरूपत्वेन, प्रकृतिलक्षणतत्तत्सर्वैक्यरूपत्वेन सदसद्रूपम्, फलरूपत्वेन तयोः परम् । तत्र फलं पुरुषार्थस्वरूपं सवैभवं भगवदाख्यं चिद्वस्तु, तदनुगतत्वात् शुद्धजीवाख्यं चिद्वस्तु च । एतेन ज्ञानक्रियादिरूपेणोरूशक्तित्वं व्यञ्जितम् । ","किꣳरूपतया तत्तद्रूपम् ? तत्राह—ज्ञानक्रियार्थफलरूपतया, महदादिलक्षणज्ञानशक्तिरूपत्वेन, सूत्रादिलक्षणक्रियाशक्तिरूपत्वेन, तन्मात्रादिलक्षणार्थरूपत्वेन, प्रकृतिलक्षणतत्तत्सर्वैक्यरूपत्वेन सदसद्रूपम्, फलरूपत्वेन तयोः परम् । तत्र फलꣳ पुरुषार्थस्वरूपꣳ सवैभवꣳ भगवदाख्यꣳ चिद्वस्तु, तदनुगतत्वात् शुद्धजीवाख्यꣳ चिद्वस्तु च । एतेन ज्ञानक्रियादिरूपेणोरूशक्तित्वꣳ व्यञ्जितम् । "
398,"śakteḥ svābhāvika-rūpatvaṁ sa-pramāṇaṁ spaṣṭayati—ādau yad ekaṁ brahma tad eva sattvaṁ rajas tama iti tri-vṛt pradhānam | tataḥ kriyā-śaktyā sūtraṁ, jñāna-śaktyā mahān iti | tato’ham ahaṅkāra iti | tad eva ca jīvaṁ śuddha-svarūpaṁ jīvātmānaṁ tad-upalakṣaṇakaṁ vaikuṇṭhādi-vaibhavaṁ ca pravadanti vedāḥ | te ca—sad eva saumyedam agra āsīd [chā.u. 6.2.1] ity ādyāḥ |","शक्तेः स्वाभाविकरूपत्वं सप्रमाणं स्पष्टयति—आदौ यद् एकं ब्रह्म तद् एव सत्त्वं रजस् तम इति त्रिवृत् प्रधानम् । ततः क्रियाशक्त्या सूत्रं, ज्ञानशक्त्या महान् इति । ततोऽहम् अहङ्कार इति । तद् एव च जीवं शुद्धस्वरूपं जीवात्मानं तदुपलक्षणकं वैकुण्ठादिवैभवं च प्रवदन्ति वेदाः । ते च—सद् एव सौम्येदम् अग्र आसीद् [छा.उ. ६.२.१] इत्य् आद्याः ।","शक्तेः स्वाभाविकरूपत्वꣳ सप्रमाणꣳ स्पष्टयति—आदौ यद् एकꣳ ब्रह्म तद् एव सत्त्वꣳ रजस् तम इति त्रिवृत् प्रधानम् । ततः क्रियाशक्त्या सूत्रꣳ, ज्ञानशक्त्या महान् इति । ततोऽहम् अहङ्कार इति । तद् एव च जीवꣳ शुद्धस्वरूपꣳ जीवात्मानꣳ तदुपलक्षणकꣳ वैकुण्ठादिवैभवꣳ च प्रवदन्ति वेदाः । ते च—सद् एव सौम्येदम् अग्र आसीद् [छा.उ. ६.२.१] इत्य् आद्याः ।"
399,"ādāv ekaṁ, tatas tat-tad-rūpam iti śakteḥ svābhāvikatvam āyātam, anyasyāsad-bhāvenaupādhikatvāyogāt | svarūpa-vaibhavasyāṅga-pratyaṅgavan nitya-siddhatve’pi, sūrya-sattayā tad-raśmi-paramāṇu-vṛndasyeva, tat-sattayā labdha-sattākatvāt tad-upādānakatvaṁ tad-ādikatvaṁ ca syāt, tasya bhāsā sarvam idaṁ vibhāti [ka.u. 2.2.15] iti śruteḥ |","आदाव् एकं, ततस् तत्तद्रूपम् इति शक्तेः स्वाभाविकत्वम् आयातम्, अन्यस्यासद्भावेनौपाधिकत्वायोगात् । स्वरूपवैभवस्याङ्गप्रत्यङ्गवन् नित्यसिद्धत्वेऽपि, सूर्यसत्तया तद्रश्मिपरमाणुवृन्दस्येव, तत्सत्तया लब्धसत्ताकत्वात् तदुपादानकत्वं तदादिकत्वं च स्यात्, तस्य भासा सर्वम् इदं विभाति [क.उ. २.२.१५] इति श्रुतेः ।","आदाव् एकꣳ, ततस् तत्तद्रूपम् इति शक्तेः स्वाभाविकत्वम् आयातम्, अन्यस्यासद्भावेनौपाधिकत्वायोगात् । स्वरूपवैभवस्याङ्गप्रत्यङ्गवन् नित्यसिद्धत्वेऽपि, सूर्यसत्तया तद्रश्मिपरमाणुवृन्दस्येव, तत्सत्तया लब्धसत्ताकत्वात् तदुपादानकत्वꣳ तदादिकत्वꣳ च स्यात्, तस्य भासा सर्वम् इदꣳ विभाति [क.उ. २.२.१५] इति श्रुतेः ।"
400,śakter acintyatvaṁ svābhāvikatvaṁ śrī-viṣṇu-purāṇe coktam—,शक्तेर् अचिन्त्यत्वं स्वाभाविकत्वं श्रीविष्णुपुराणे चोक्तम्—,शक्तेर् अचिन्त्यत्वꣳ स्वाभाविकत्वꣳ श्रीविष्णुपुराणे चोक्तम्—
402,kathaṁ sargādi-kartṛtvaṁ brahmaṇo’bhyupagamyate || [vi.pu. 1.3.1],कथं सर्गादिकर्तृत्वं ब्रह्मणोऽभ्युपगम्यते ॥ [वि.पु. १.३.१],कथꣳ सर्गादिकर्तृत्वꣳ ब्रह्मणोऽभ्युपगम्यते ॥ [वि.पु. १.३.१]
403,iti maitreya-praśnānantaraṁ śrī-parāśara uvāca—-,इति मैत्रेयप्रश्नानन्तरं श्रीपराशर उवाच—-,इति मैत्रेयप्रश्नानन्तरꣳ श्रीपराशर उवाच—-
406,bhavanti tapasāṁ śreṣṭha pāvakasya yathoṣṇatā || [vi.pu. 1.3.2],भवन्ति तपसां श्रेष्ठ पावकस्य यथोष्णता ॥ [वि.पु. १.३.२],भवन्ति तपसाꣳ श्रेष्ठ पावकस्य यथोष्णता ॥ [वि.पु. १.३.२]
408,"tad evaṁ brahmaṇaḥ sṛṣṭy-ādi-kartṛtvam uktam | tatra śaṅkate—nirguṇasyeti | sattvādi-guṇa-rahitasya, aprameyasya deśa-kālādy-aparicchinnasya, śuddhasya adehasya sahakāri-śūnyasyeti vā, amalātmanaḥ puṇya-pāpa-saṁskāra-śūnyasya, rāgādi-śūnyasyeti vā | evam-bhūtasya brahmaṇaḥ kathaṁ sargādi-kartṛtvam iṣyate ? etad-vilakṣaṇasyaiva loke ghaṭādiṣu kartṛtvādi-darśanād ity arthaḥ | ","तद् एवं ब्रह्मणः सृष्ट्यादिकर्तृत्वम् उक्तम् । तत्र शङ्कते—निर्गुणस्येति । सत्त्वादिगुणरहितस्य, अप्रमेयस्य देशकालाद्यपरिच्छिन्नस्य, शुद्धस्य अदेहस्य सहकारिशून्यस्येति वा, अमलात्मनः पुण्यपापसंस्कारशून्यस्य, रागादिशून्यस्येति वा । एवम्भूतस्य ब्रह्मणः कथं सर्गादिकर्तृत्वम् इष्यते ? एतद्विलक्षणस्यैव लोके घटादिषु कर्तृत्वादिदर्शनाद् इत्य् अर्थः । ","तद् एवꣳ ब्रह्मणः सृष्ट्यादिकर्तृत्वम् उक्तम् । तत्र शङ्कते—निर्गुणस्येति । सत्त्वादिगुणरहितस्य, अप्रमेयस्य देशकालाद्यपरिच्छिन्नस्य, शुद्धस्य अदेहस्य सहकारिशून्यस्येति वा, अमलात्मनः पुण्यपापसꣳस्कारशून्यस्य, रागादिशून्यस्येति वा । एवम्भूतस्य ब्रह्मणः कथꣳ सर्गादिकर्तृत्वम् इष्यते ? एतद्विलक्षणस्यैव लोके घटादिषु कर्तृत्वादिदर्शनाद् इत्य् अर्थः । "
409,"pariharati—śaktaya iti sārdhena | loke hi sarveṣāṁ bhāvānāṁ maṇi-mantrādīnāṁ śaktayo'cintya-jñāna-gocarāḥ, acintyaṁ tarkāsahaṁ yaj jñānaṁ kāryānyathānupapatti-pramāṇakaṁ, tasya gocarāḥ santi | yad vā, acintyā bhinnābhinnatvādi-vikalpaiś cintayitum aśakyāḥ, kevalam arthāpatti-jñāna-gocarāḥ santi | yata evam, ato brahmaṇo’pi tās tathā-vidhāḥ śaktayaḥ sargādi-hetu-bhūtāḥ bhāva-śaktayaḥ svabhāva-siddhāḥ śaktayaḥ santy eva, pāvakasya dāhakatvādi-śaktivat | ato guṇādi-hīnasyāpy acintya-śaktimattvād brahmaṇaḥ sargādi-kartṛtvaṁ ghaṭata ity arthaḥ | śrutayaś ca—","परिहरति—शक्तय इति सार्धेन । लोके हि सर्वेषां भावानां मणिमन्त्रादीनां शक्तयोऽचिन्त्यज्ञानगोचराः, अचिन्त्यं तर्कासहं यज् ज्ञानं कार्यान्यथानुपपत्तिप्रमाणकं, तस्य गोचराः सन्ति । यद् वा, अचिन्त्या भिन्नाभिन्नत्वादिविकल्पैश् चिन्तयितुम् अशक्याः, केवलम् अर्थापत्तिज्ञानगोचराः सन्ति । यत एवम्, अतो ब्रह्मणोऽपि तास् तथाविधाः शक्तयः सर्गादिहेतुभूताः भावशक्तयः स्वभावसिद्धाः शक्तयः सन्त्य् एव, पावकस्य दाहकत्वादिशक्तिवत् । अतो गुणादिहीनस्याप्य् अचिन्त्यशक्तिमत्त्वाद् ब्रह्मणः सर्गादिकर्तृत्वं घटत इत्य् अर्थः । श्रुतयश् च—","परिहरति—शक्तय इति सार्धेन । लोके हि सर्वेषाꣳ भावानाꣳ मणिमन्त्रादीनाꣳ शक्तयोऽचिन्त्यज्ञानगोचराः, अचिन्त्यꣳ तर्कासहꣳ यज् ज्ञानꣳ कार्यान्यथानुपपत्तिप्रमाणकꣳ, तस्य गोचराः सन्ति । यद् वा, अचिन्त्या भिन्नाभिन्नत्वादिविकल्पैश् चिन्तयितुम् अशक्याः, केवलम् अर्थापत्तिज्ञानगोचराः सन्ति । यत एवम्, अतो ब्रह्मणोऽपि तास् तथाविधाः शक्तयः सर्गादिहेतुभूताः भावशक्तयः स्वभावसिद्धाः शक्तयः सन्त्य् एव, पावकस्य दाहकत्वादिशक्तिवत् । अतो गुणादिहीनस्याप्य् अचिन्त्यशक्तिमत्त्वाद् ब्रह्मणः सर्गादिकर्तृत्वꣳ घटत इत्य् अर्थः । श्रुतयश् च—"
410,na tasya kāryaṁ karaṇaṁ ca vidyate,न तस्य कार्यं करणं च विद्यते,न तस्य कार्यꣳ करणꣳ च विद्यते
414,māyāṁ tu prakṛtiṁ vidyān,मायां तु प्रकृतिं विद्यान्,मायाꣳ तु प्रकृतिꣳ विद्यान्
415,māyinaṁ tu maheśvaram || [śve.u. 4.10] ity ādayaś ca |,मायिनं तु महेश्वरम् ॥ [श्वे.उ. ४.१०] इत्य् आदयश् च ।,मायिनꣳ तु महेश्वरम् ॥ [श्वे.उ. ४.१०] इत्य् आदयश् च ।
416,"yady evaṁ yojanā—sarveṣāṁ bhāvānāṁ pāvakasyoṣṇatā-śaktivad acintya-jñāna-gocarāḥ śaktayaḥ santy eva | brahmaṇaḥ punas tāḥ svabhāva-bhūtāḥ svarūpād abhinnāḥ śaktayaḥ, parāsya śaktir vividhaiva śrūyate [śve.u. 6.8] iti śruteḥ |","यद्य् एवं योजना—सर्वेषां भावानां पावकस्योष्णताशक्तिवद् अचिन्त्यज्ञानगोचराः शक्तयः सन्त्य् एव । ब्रह्मणः पुनस् ताः स्वभावभूताः स्वरूपाद् अभिन्नाः शक्तयः, परास्य शक्तिर् विविधैव श्रूयते [श्वे.उ. ६.८] इति श्रुतेः ।","यद्य् एवꣳ योजना—सर्वेषाꣳ भावानाꣳ पावकस्योष्णताशक्तिवद् अचिन्त्यज्ञानगोचराः शक्तयः सन्त्य् एव । ब्रह्मणः पुनस् ताः स्वभावभूताः स्वरूपाद् अभिन्नाः शक्तयः, परास्य शक्तिर् विविधैव श्रूयते [श्वे.उ. ६.८] इति श्रुतेः ।"
417,"ato maṇi-mantrādibhir agny-auṣṇyavan na kenacid vihantuṁ śakyante | ata eva tasya niraṅkuśam aiśvaryam | tathā ca śrutiḥ—sa vā ayam asya sarvasya vaśī sarvasyeśānaḥ sarvasyādhipatiḥ [bṛ.ā.u. 4.4.22] ity ādiḥ | yata evaṁ ato brahmaṇo hetoḥ sargādyā bhavanti, nātra kācid anupapattiḥ ity eṣā | ","अतो मणिमन्त्रादिभिर् अग्न्यौष्ण्यवन् न केनचिद् विहन्तुं शक्यन्ते । अत एव तस्य निरङ्कुशम् ऐश्वर्यम् । तथा च श्रुतिः—स वा अयम् अस्य सर्वस्य वशी सर्वस्येशानः सर्वस्याधिपतिः [बृ.आ.उ. ४.४.२२] इत्य् आदिः । यत एवं अतो ब्रह्मणो हेतोः सर्गाद्या भवन्ति, नात्र काचिद् अनुपपत्तिः इत्य् एषा । ","अतो मणिमन्त्रादिभिर् अग्न्यौष्ण्यवन् न केनचिद् विहन्तुꣳ शक्यन्ते । अत एव तस्य निरङ्कुशम् ऐश्वर्यम् । तथा च श्रुतिः—स वा अयम् अस्य सर्वस्य वशी सर्वस्येशानः सर्वस्याधिपतिः [बृ.आ.उ. ४.४.२२] इत्य् आदिः । यत एवꣳ अतो ब्रह्मणो हेतोः सर्गाद्या भवन्ति, नात्र काचिद् अनुपपत्तिः इत्य् एषा । "
418,"atra praśnaḥ so’yaṁ brahma khalu nirviśeṣam eveti pakṣam āśritya, parihāras tu sa-viśeṣam eveti pakṣam āśritya kṛta iti jñeyam | ata eva praśne śuddhasyety atrādehasyety api vyākhyātam | śuddhatvaṁ hy atra kevalatvaṁ matam, tac ca yuktaṁ, parihāre brahmaṇi śakti-sthāpanāt | pūrva-pakṣa-mate brahmaṇi śaktir api nāstīti gamyate | tataḥ praśna-vākye’py evam arthāntaraṁ jñeyam—nirguṇasya prākṛtāprākṛta-guṇa-rahitasya, ata eva pramāṇāgocarasya, tata evāmalātmano’pi śuddhasya, na tu sphaṭikāder iva para-cchāyayānyathā-dṛṣṭasya | ","अत्र प्रश्नः सोऽयं ब्रह्म खलु निर्विशेषम् एवेति पक्षम् आश्रित्य, परिहारस् तु सविशेषम् एवेति पक्षम् आश्रित्य कृत इति ज्ञेयम् । अत एव प्रश्ने शुद्धस्येत्य् अत्रादेहस्येत्य् अपि व्याख्यातम् । शुद्धत्वं ह्य् अत्र केवलत्वं मतम्, तच् च युक्तं, परिहारे ब्रह्मणि शक्तिस्थापनात् । पूर्वपक्षमते ब्रह्मणि शक्तिर् अपि नास्तीति गम्यते । ततः प्रश्नवाक्येऽप्य् एवम् अर्थान्तरं ज्ञेयम्—निर्गुणस्य प्राकृताप्राकृतगुणरहितस्य, अत एव प्रमाणागोचरस्य, तत एवामलात्मनोऽपि शुद्धस्य, न तु स्फटिकादेर् इव परच्छाययान्यथादृष्टस्य । ","अत्र प्रश्नः सोऽयꣳ ब्रह्म खलु निर्विशेषम् एवेति पक्षम् आश्रित्य, परिहारस् तु सविशेषम् एवेति पक्षम् आश्रित्य कृत इति ज्ञेयम् । अत एव प्रश्ने शुद्धस्येत्य् अत्रादेहस्येत्य् अपि व्याख्यातम् । शुद्धत्वꣳ ह्य् अत्र केवलत्वꣳ मतम्, तच् च युक्तꣳ, परिहारे ब्रह्मणि शक्तिस्थापनात् । पूर्वपक्षमते ब्रह्मणि शक्तिर् अपि नास्तीति गम्यते । ततः प्रश्नवाक्येऽप्य् एवम् अर्थान्तरꣳ ज्ञेयम्—निर्गुणस्य प्राकृताप्राकृतगुणरहितस्य, अत एव प्रमाणागोचरस्य, तत एवामलात्मनोऽपि शुद्धस्य, न तु स्फटिकादेर् इव परच्छाययान्यथादृष्टस्य । "
419,"tad evaṁ nirviśeṣatām avalambya praśne siddhe, parihāre tu prathama-yojanāyāṁ nirviśeṣa-pakṣam anādṛtya brahmaṇi kartṛtva-pratipatty-arthaṁ śaktayaḥ sādhitāḥ | dvitīya-yojanāyāṁ tatra ca viśeṣa-pratipatty-arthaṁ, yathā jalādiṣu kadācid uṣṇatādikam āgantukaṁ syāt, tathā brahmaṇi na syād iti nirdhāritam, na tat samaś cābhyadhikaś ca dṛśyate [śve.u. 6.8] iti śruteḥ | tathā maṇi-mantrādibhir iti vyatireka eva dṛṣṭānta ity ato brahma-śaktayas tu nānyena parābhūtā ity etac ca darśitam | ubhayatra ca svarūpa-śakti-prabhāva-mātreṇa  prākṛta-sattvādi-guṇa-pariṇāma-rūpa-sargādi-sādhakatvād āveśābhāvena tad-doṣasyālepaś ca darśitaḥ |","तद् एवं निर्विशेषताम् अवलम्ब्य प्रश्ने सिद्धे, परिहारे तु प्रथमयोजनायां निर्विशेषपक्षम् अनादृत्य ब्रह्मणि कर्तृत्वप्रतिपत्त्यर्थं शक्तयः साधिताः । द्वितीययोजनायां तत्र च विशेषप्रतिपत्त्यर्थं, यथा जलादिषु कदाचिद् उष्णतादिकम् आगन्तुकं स्यात्, तथा ब्रह्मणि न स्याद् इति निर्धारितम्, न तत् समश् चाभ्यधिकश् च दृश्यते [श्वे.उ. ६.८] इति श्रुतेः । तथा मणिमन्त्रादिभिर् इति व्यतिरेक एव दृष्टान्त इत्य् अतो ब्रह्मशक्तयस् तु नान्येन पराभूता इत्य् एतच् च दर्शितम् । उभयत्र च स्वरूपशक्तिप्रभावमात्रेण  प्राकृतसत्त्वादिगुणपरिणामरूपसर्गादिसाधकत्वाद् आवेशाभावेन तद्दोषस्यालेपश् च दर्शितः ।","तद् एवꣳ निर्विशेषताम् अवलम्ब्य प्रश्ने सिद्धे, परिहारे तु प्रथमयोजनायाꣳ निर्विशेषपक्षम् अनादृत्य ब्रह्मणि कर्तृत्वप्रतिपत्त्यर्थꣳ शक्तयः साधिताः । द्वितीययोजनायाꣳ तत्र च विशेषप्रतिपत्त्यर्थꣳ, यथा जलादिषु कदाचिद् उष्णतादिकम् आगन्तुकꣳ स्यात्, तथा ब्रह्मणि न स्याद् इति निर्धारितम्, न तत् समश् चाभ्यधिकश् च दृश्यते [श्वे.उ. ६.८] इति श्रुतेः । तथा मणिमन्त्रादिभिर् इति व्यतिरेक एव दृष्टान्त इत्य् अतो ब्रह्मशक्तयस् तु नान्येन पराभूता इत्य् एतच् च दर्शितम् । उभयत्र च स्वरूपशक्तिप्रभावमात्रेण  प्राकृतसत्त्वादिगुणपरिणामरूपसर्गादिसाधकत्वाद् आवेशाभावेन तद्दोषस्यालेपश् च दर्शितः ।"
420,"kiṁ ca, brahma-padena sarvaṁ khalv idaṁ brahma [chā.u. 3.14.1] iti prasiddhiṁ vyajya, sattvādi-guṇamaya-māyāyās tad-ananyatve’pi, nirguṇasyeti prākṛta-guṇair aspṛṣṭatvam aṅgīkṛtya teṣāṁ bahiraṅgatvaṁ svīkṛtam | tad etad eva māyāṁ ca prakṛtiṁ vidyāt [śve.u. 4.10] ity eṣā śrutiḥ svīcakāra | māyāṁ ca tad-apāśrayām [bhā.pu. 1.7.4] itivan maheśvaratvān māyāyā bahiraṅgāyā āśraya iti tāṁ parābhūya sthitam iti ca labhyate | tasmāt pūrvavad atrāpi śakti-mātrasya svābhāvikatvaṁ māyā-doṣāspṛṣṭatvaṁ ca sādhitam | ","किं च, ब्रह्मपदेन सर्वं खल्व् इदं ब्रह्म [छा.उ. ३.१४.१] इति प्रसिद्धिं व्यज्य, सत्त्वादिगुणमयमायायास् तदनन्यत्वेऽपि, निर्गुणस्येति प्राकृतगुणैर् अस्पृष्टत्वम् अङ्गीकृत्य तेषां बहिरङ्गत्वं स्वीकृतम् । तद् एतद् एव मायां च प्रकृतिं विद्यात् [श्वे.उ. ४.१०] इत्य् एषा श्रुतिः स्वीचकार । मायां च तदपाश्रयाम् [भा.पु. १.७.४] इतिवन् महेश्वरत्वान् मायाया बहिरङ्गाया आश्रय इति तां पराभूय स्थितम् इति च लभ्यते । तस्मात् पूर्ववद् अत्रापि शक्तिमात्रस्य स्वाभाविकत्वं मायादोषास्पृष्टत्वं च साधितम् । ","किꣳ च, ब्रह्मपदेन सर्वꣳ खल्व् इदꣳ ब्रह्म [छा.उ. ३.१४.१] इति प्रसिद्धिꣳ व्यज्य, सत्त्वादिगुणमयमायायास् तदनन्यत्वेऽपि, निर्गुणस्येति प्राकृतगुणैर् अस्पृष्टत्वम् अङ्गीकृत्य तेषाꣳ बहिरङ्गत्वꣳ स्वीकृतम् । तद् एतद् एव मायाꣳ च प्रकृतिꣳ विद्यात् [श्वे.उ. ४.१०] इत्य् एषा श्रुतिः स्वीचकार । मायाꣳ च तदपाश्रयाम् [भा.पु. १.७.४] इतिवन् महेश्वरत्वान् मायाया बहिरङ्गाया आश्रय इति ताꣳ पराभूय स्थितम् इति च लभ्यते । तस्मात् पूर्ववद् अत्रापि शक्तिमात्रस्य स्वाभाविकत्वꣳ मायादोषास्पृष्टत्वꣳ च साधितम् । "
421,"ata eva nyāya-prayogaś cāyaṁ—brahma svābhāvika-śaktimad vastutvād agnivat, vyatireke śaśa-viṣāṇādivad iti | śrutau ca—","अत एव न्यायप्रयोगश् चायं—ब्रह्म स्वाभाविकशक्तिमद् वस्तुत्वाद् अग्निवत्, व्यतिरेके शशविषाणादिवद् इति । श्रुतौ च—","अत एव न्यायप्रयोगश् चायꣳ—ब्रह्म स्वाभाविकशक्तिमद् वस्तुत्वाद् अग्निवत्, व्यतिरेके शशविषाणादिवद् इति । श्रुतौ च—"
422,māyāṁ tu prakṛtiṁ vidyān ,मायां तु प्रकृतिं विद्यान् ,मायाꣳ तु प्रकृतिꣳ विद्यान् 
423,māyinaṁ tu maheśvaraṁ [śve.u. 4.10] iti |,मायिनं तु महेश्वरं [श्वे.उ. ४.१०] इति ।,मायिनꣳ तु महेश्वरꣳ [श्वे.उ. ४.१०] इति ।
424,na tasya kāryaṁ karaṇaṁ ca vidyate,न तस्य कार्यं करणं च विद्यते,न तस्य कार्यꣳ करणꣳ च विद्यते
429,jñeyaṁ yat tat pravakṣyāmi yaj jñātvā’mṛtam aśnute |,ज्ञेयं यत् तत् प्रवक्ष्यामि यज् ज्ञात्वाऽमृतम् अश्नुते ।,ज्ञेयꣳ यत् तत् प्रवक्ष्यामि यज् ज्ञात्वाऽमृतम् अश्नुते ।
430,anādimat paraṁ brahma na sat tan nāsad ucyate || ,अनादिमत् परं ब्रह्म न सत् तन् नासद् उच्यते ॥ ,अनादिमत् परꣳ ब्रह्म न सत् तन् नासद् उच्यते ॥ 
431,sarvataḥ pāṇi-pādaṁ tad [gītā 13.12-13] ity ādi |,सर्वतः पाणिपादं तद् [गीता १३.१२-१३] इत्य् आदि ।,सर्वतः पाणिपादꣳ तद् [गीता १३.१२-१३] इत्य् आदि ।
432,atreyaṁ prakriyā—ekam eva tat parama-tattvaṁ svābhāvikācintya-śaktyā sarvadaiva svarūpa-tad-rūpa-vaibhava-jīva-pradhāna-rūpeṇa caturdhāvatiṣṭhate | sūryāntar-maṇḍala-stha-teja iva maṇḍala-tad-bahirgata-raśmi-tat-praticchavi-rūpeṇa | evam eva śrī-viṣṇu-purāṇe—,अत्रेयं प्रक्रिया—एकम् एव तत् परमतत्त्वं स्वाभाविकाचिन्त्यशक्त्या सर्वदैव स्वरूपतद्रूपवैभवजीवप्रधानरूपेण चतुर्धावतिष्ठते । सूर्यान्तर्मण्डलस्थतेज इव मण्डलतद्बहिर्गतरश्मितत्प्रतिच्छविरूपेण । एवम् एव श्रीविष्णुपुराणे—,अत्रेयꣳ प्रक्रिया—एकम् एव तत् परमतत्त्वꣳ स्वाभाविकाचिन्त्यशक्त्या सर्वदैव स्वरूपतद्रूपवैभवजीवप्रधानरूपेण चतुर्धावतिष्ठते । सूर्यान्तर्मण्डलस्थतेज इव मण्डलतद्बहिर्गतरश्मितत्प्रतिच्छविरूपेण । एवम् एव श्रीविष्णुपुराणे—
434,parasya brahmaṇaḥ śaktis tathedam akhilaṁ jagat || [vi.pu. 1.22.56] iti ||,परस्य ब्रह्मणः शक्तिस् तथेदम् अखिलं जगत् ॥ [वि.पु. १.२२.५६] इति ॥,परस्य ब्रह्मणः शक्तिस् तथेदम् अखिलꣳ जगत् ॥ [वि.पु. १.२२.५६] इति ॥
435,"yasya bhāsā sarvam idaṁ vibhāti [ka.u. 2.2.15] iti śruteḥ | atra vyāpakatvādinā tat-tat-samāveśādy-anupapattiś ca śakter acintyatvenaiva parāhatā | durghaṭatvaṁ hy acintyatvam | śaktiś ca tridhā—antaraṅgā, taṭasthā, bahiraṅgā ca | tatrāntaraṅgayā svarūpa-śakty-ākhyayā sūrya-tan-maṇḍala-sthānīya-pūrṇenaiva svarūpeṇa vaikuṇṭhādi-svarūpa-vaibhava-rūpeṇa ca tad avatiṣṭhate | taṭasthayā raśmi-sthānīya-cid-ekātma-śuddha-jīva-rūpeṇa, bahiraṅgayā māyākhyayā praticchavi-gata-varṇa-śāvalya-sthānīya-tadīya-bahiraṅga-vaibhava-jaḍātma-pradhāna-rūpeṇa ceti caturdhātvam | ata eva tad-ātmakatvena jīvasyaiva taṭastha-śaktitvam, pradhānasya ca māyāntarbhūtatvam abhipretya śakti-trayaṁ śrī-viṣṇu-purāṇe gaṇitam—","यस्य भासा सर्वम् इदं विभाति [क.उ. २.२.१५] इति श्रुतेः । अत्र व्यापकत्वादिना तत्तत्समावेशाद्यनुपपत्तिश् च शक्तेर् अचिन्त्यत्वेनैव पराहता । दुर्घटत्वं ह्य् अचिन्त्यत्वम् । शक्तिश् च त्रिधा—अन्तरङ्गा, तटस्था, बहिरङ्गा च । तत्रान्तरङ्गया स्वरूपशक्त्याख्यया सूर्यतन्मण्डलस्थानीयपूर्णेनैव स्वरूपेण वैकुण्ठादिस्वरूपवैभवरूपेण च तद् अवतिष्ठते । तटस्थया रश्मिस्थानीयचिदेकात्मशुद्धजीवरूपेण, बहिरङ्गया मायाख्यया प्रतिच्छविगतवर्णशावल्यस्थानीयतदीयबहिरङ्गवैभवजडात्मप्रधानरूपेण चेति चतुर्धात्वम् । अत एव तदात्मकत्वेन जीवस्यैव तटस्थशक्तित्वम्, प्रधानस्य च मायान्तर्भूतत्वम् अभिप्रेत्य शक्तित्रयं श्रीविष्णुपुराणे गणितम्—","यस्य भासा सर्वम् इदꣳ विभाति [क.उ. २.२.१५] इति श्रुतेः । अत्र व्यापकत्वादिना तत्तत्समावेशाद्यनुपपत्तिश् च शक्तेर् अचिन्त्यत्वेनैव पराहता । दुर्घटत्वꣳ ह्य् अचिन्त्यत्वम् । शक्तिश् च त्रिधा—अन्तरङ्गा, तटस्था, बहिरङ्गा च । तत्रान्तरङ्गया स्वरूपशक्त्याख्यया सूर्यतन्मण्डलस्थानीयपूर्णेनैव स्वरूपेण वैकुण्ठादिस्वरूपवैभवरूपेण च तद् अवतिष्ठते । तटस्थया रश्मिस्थानीयचिदेकात्मशुद्धजीवरूपेण, बहिरङ्गया मायाख्यया प्रतिच्छविगतवर्णशावल्यस्थानीयतदीयबहिरङ्गवैभवजडात्मप्रधानरूपेण चेति चतुर्धात्वम् । अत एव तदात्मकत्वेन जीवस्यैव तटस्थशक्तित्वम्, प्रधानस्य च मायान्तर्भूतत्वम् अभिप्रेत्य शक्तित्रयꣳ श्रीविष्णुपुराणे गणितम्—"
437,avidyā-karma-saṁjñānyā tṛtīyā śaktir iṣyate || [vi.pu. 6.7.61],अविद्याकर्मसंज्ञान्या तृतीया शक्तिर् इष्यते ॥ [वि.पु. ६.७.६१],अविद्याकर्मसꣳज्ञान्या तृतीया शक्तिर् इष्यते ॥ [वि.पु. ६.७.६१]
438,tayā tirohitatvāc ca śaktiḥ kṣetra-jña-saṁjñitā |,तया तिरोहितत्वाच् च शक्तिः क्षेत्रज्ञसंज्ञिता ।,तया तिरोहितत्वाच् च शक्तिः क्षेत्रज्ञसꣳज्ञिता ।
440,"avidyā-karma kāryaṁ yasyāḥ sā, tat-saṁjñā māyety arthaḥ | yadyapīyaṁ bahiraṅgā, tathāpy asyās taṭastha-śaktimayam api jīvam āvarituṁ sāmarthyam astīty āha—tayeti | tāratamyena tat-kṛtāvaraṇasya brahmādi-sthāvarānteṣu deheṣu laghu-guru-bhāvena vartate ity arthaḥ | tad uktam—yayā sammohito jīva [bhā.pu. 1.7.5] iti |*ata eva jīvasya raśmi-sthānīyatvān maṇḍala-vilakṣaṇatvaṁ māyā-vyavadhāna-tirodhāpanīya-vaibhavatvaṁ yuktam | tad-anantaraṁ coktaṁ tayā [māyayā] kṣetrajña-śaktiḥ sā tāratamyena vartata iti | yayaivācintya-māyayā cid-rūpatā-nirvikāratādi-guṇa-rahitasya pradhānasya jaḍatvam vikāritvaṁ ceti jñeyam |* pradhānasya māyā-vyaṅgatvaṁ cāgre darśayiṣyate | ","अविद्याकर्म कार्यं यस्याः सा, तत्संज्ञा मायेत्य् अर्थः । यद्यपीयं बहिरङ्गा, तथाप्य् अस्यास् तटस्थशक्तिमयम् अपि जीवम् आवरितुं सामर्थ्यम् अस्तीत्य् आह—तयेति । तारतम्येन तत्कृतावरणस्य ब्रह्मादिस्थावरान्तेषु देहेषु लघुगुरुभावेन वर्तते इत्य् अर्थः । तद् उक्तम्—यया सम्मोहितो जीव [भा.पु. १.७.५] इति ।*अत एव जीवस्य रश्मिस्थानीयत्वान् मण्डलविलक्षणत्वं मायाव्यवधानतिरोधापनीयवैभवत्वं युक्तम् । तदनन्तरं चोक्तं तया [मायया] क्षेत्रज्ञशक्तिः सा तारतम्येन वर्तत इति । ययैवाचिन्त्यमायया चिद्रूपतानिर्विकारतादिगुणरहितस्य प्रधानस्य जडत्वम् विकारित्वं चेति ज्ञेयम् ।* प्रधानस्य मायाव्यङ्गत्वं चाग्रे दर्शयिष्यते । ","अविद्याकर्म कार्यꣳ यस्याः सा, तत्सꣳज्ञा मायेत्य् अर्थः । यद्यपीयꣳ बहिरङ्गा, तथाप्य् अस्यास् तटस्थशक्तिमयम् अपि जीवम् आवरितुꣳ सामर्थ्यम् अस्तीत्य् आह—तयेति । तारतम्येन तत्कृतावरणस्य ब्रह्मादिस्थावरान्तेषु देहेषु लघुगुरुभावेन वर्तते इत्य् अर्थः । तद् उक्तम्—यया सम्मोहितो जीव [भा.पु. १.७.५] इति ।*अत एव जीवस्य रश्मिस्थानीयत्वान् मण्डलविलक्षणत्वꣳ मायाव्यवधानतिरोधापनीयवैभवत्वꣳ युक्तम् । तदनन्तरꣳ चोक्तꣳ तया [मायया] क्षेत्रज्ञशक्तिः सा तारतम्येन वर्तत इति । ययैवाचिन्त्यमायया चिद्रूपतानिर्विकारतादिगुणरहितस्य प्रधानस्य जडत्वम् विकारित्वꣳ चेति ज्ञेयम् ।* प्रधानस्य मायाव्यङ्गत्वꣳ चाग्रे दर्शयिष्यते । "
441,"atrāntaraṅgatva-taṭasthatva-bahiraṅgatvādinaiva teṣām ekātmakānāṁ tat-tat-sāmyam, na tu sarvātmaneti tat-tat-sthānīyatvam evoktam, na tu tat-tad-rūpatvam | tatas tat-tad-doṣā api nāvakāśaṁ labhanta iti ||","अत्रान्तरङ्गत्वतटस्थत्वबहिरङ्गत्वादिनैव तेषाम् एकात्मकानां तत्तत्साम्यम्, न तु सर्वात्मनेति तत्तत्स्थानीयत्वम् एवोक्तम्, न तु तत्तद्रूपत्वम् । ततस् तत्तद्दोषा अपि नावकाशं लभन्त इति ॥","अत्रान्तरङ्गत्वतटस्थत्वबहिरङ्गत्वादिनैव तेषाम् एकात्मकानाꣳ तत्तत्साम्यम्, न तु सर्वात्मनेति तत्तत्स्थानीयत्वम् एवोक्तम्, न तु तत्तद्रूपत्वम् । ततस् तत्तद्दोषा अपि नावकाशꣳ लभन्त इति ॥"
443,"tad evaṁ sarvābhir militvā cid-acic-chaktir bhagavān | evam eva parameśvaratvena stūyamānaṁ brahmāṇaṁ prati hiraṇyakaśipunāpy uktam—cid-acic-chakti-yuktāya [bhā.pu. 7.3.34] iti | cid-vastunaś cid-vastv-antarāśrayatvaṁ, raśmy-ābhāsādi-jyotiṣo jyotir-maṇḍalāśrayatvam iva | tatra taṭasthākhyā jīva-śaktir yathāvasaraṁ paramātma-sandarbhe vivaraṇīyā | ","तद् एवं सर्वाभिर् मिलित्वा चिदचिच्छक्तिर् भगवान् । एवम् एव परमेश्वरत्वेन स्तूयमानं ब्रह्माणं प्रति हिरण्यकशिपुनाप्य् उक्तम्—चिदचिच्छक्तियुक्ताय [भा.पु. ७.३.३४] इति । चिद्वस्तुनश् चिद्वस्त्वन्तराश्रयत्वं, रश्म्याभासादिज्योतिषो ज्योतिर्मण्डलाश्रयत्वम् इव । तत्र तटस्थाख्या जीवशक्तिर् यथावसरं परमात्मसन्दर्भे विवरणीया । ","तद् एवꣳ सर्वाभिर् मिलित्वा चिदचिच्छक्तिर् भगवान् । एवम् एव परमेश्वरत्वेन स्तूयमानꣳ ब्रह्माणꣳ प्रति हिरण्यकशिपुनाप्य् उक्तम्—चिदचिच्छक्तियुक्ताय [भा.पु. ७.३.३४] इति । चिद्वस्तुनश् चिद्वस्त्वन्तराश्रयत्वꣳ, रश्म्याभासादिज्योतिषो ज्योतिर्मण्डलाश्रयत्वम् इव । तत्र तटस्थाख्या जीवशक्तिर् यथावसरꣳ परमात्मसन्दर्भे विवरणीया । "
447,yātīta-gocarā vācāṁ manasāṁ cāviśeṣaṇā |,यातीतगोचरा वाचां मनसां चाविशेषणा ।,यातीतगोचरा वाचाꣳ मनसाꣳ चाविशेषणा ।
448,jñāni-jñāna-paricchedyā vande tām īśvarīṁ parām || [vi.pu. 1.19.76-7] iti |,ज्ञानिज्ञानपरिच्छेद्या वन्दे ताम् ईश्वरीं पराम् ॥ [वि.पु. १.१९.७६-७] इति ।,ज्ञानिज्ञानपरिच्छेद्या वन्दे ताम् ईश्वरीꣳ पराम् ॥ [वि.पु. १.१९.७६-७] इति ।
451,ṛte’rthaṁ yat pratīyeta ,ऋतेऽर्थं यत् प्रतीयेत ,ऋतेऽर्थꣳ यत् प्रतीयेत 
453,tad vidyād ātmano māyāṁ ,तद् विद्याद् आत्मनो मायां ,तद् विद्याद् आत्मनो मायाꣳ 
455,"arthaṁ paramārtha-bhūtaṁ māṁ vinā yat pratīyeta, mat-pratītau tat-pratīty-abhāvāt, matto bahir eva yasya pratītir ity arthaḥ | yac cātmani na pratīyeta, yasya ca mad-āśrayatvaṁ vinā svataḥ pratītir nāstīty arthaḥ | tathā-lakṣaṇaṁ vastu ātmano mama parameśvarasya māyāṁ, jīva-māyā guṇa-māyeti dvy-ātmikāṁ māyākhya-śaktiṁ vidyāt | atra śuddha-jīvasyāpi cid-rūpatvāviśeṣeṇa tadīya-raśmi-sthānīyatvena ca svāntaḥ-pāta eva vivakṣitaḥ | tatrāsyā dvy-ātmikatvenābhidhānaṁ dṛṣṭānta-dvaividhyena labhyate | ","अर्थं परमार्थभूतं मां विना यत् प्रतीयेत, मत्प्रतीतौ तत्प्रतीत्यभावात्, मत्तो बहिर् एव यस्य प्रतीतिर् इत्य् अर्थः । यच् चात्मनि न प्रतीयेत, यस्य च मदाश्रयत्वं विना स्वतः प्रतीतिर् नास्तीत्य् अर्थः । तथालक्षणं वस्तु आत्मनो मम परमेश्वरस्य मायां, जीवमाया गुणमायेति द्व्यात्मिकां मायाख्यशक्तिं विद्यात् । अत्र शुद्धजीवस्यापि चिद्रूपत्वाविशेषेण तदीयरश्मिस्थानीयत्वेन च स्वान्तःपात एव विवक्षितः । तत्रास्या द्व्यात्मिकत्वेनाभिधानं दृष्टान्तद्वैविध्येन लभ्यते । ","अर्थꣳ परमार्थभूतꣳ माꣳ विना यत् प्रतीयेत, मत्प्रतीतौ तत्प्रतीत्यभावात्, मत्तो बहिर् एव यस्य प्रतीतिर् इत्य् अर्थः । यच् चात्मनि न प्रतीयेत, यस्य च मदाश्रयत्वꣳ विना स्वतः प्रतीतिर् नास्तीत्य् अर्थः । तथालक्षणꣳ वस्तु आत्मनो मम परमेश्वरस्य मायाꣳ, जीवमाया गुणमायेति द्व्यात्मिकाꣳ मायाख्यशक्तिꣳ विद्यात् । अत्र शुद्धजीवस्यापि चिद्रूपत्वाविशेषेण तदीयरश्मिस्थानीयत्वेन च स्वान्तःपात एव विवक्षितः । तत्रास्या द्व्यात्मिकत्वेनाभिधानꣳ दृष्टान्तद्वैविध्येन लभ्यते । "
456,"tatra jīva-māyākhyasya prathamāṁśasya tādṛśatvaṁ dṛṣṭāntena spaṣṭayann asambhāvanāṁ nirasyati—yathābhāsa iti | ābhāso jyotir-bimbasya svīya-prakāśād vyavahita-pradeśe kathañcid ucchalita-praticchavi-viśeṣaḥ | sa yathā tasmād bahir eva pratīyate, na ca taṁ vinā tasya pratītiḥ, tathā sāpīty arthaḥ | anena praticchavi-paryāyābhāsa-dharmatvena tasyām ābhāsākhyatvam api dhvanitam | atas tat-kāryasyābhāsākhyatvaṁ kvacit ābhāsaś ca nirodhaś ca [bhā.pu. 2.10.7] ity ādau | ","तत्र जीवमायाख्यस्य प्रथमांशस्य तादृशत्वं दृष्टान्तेन स्पष्टयन्न् असम्भावनां निरस्यति—यथाभास इति । आभासो ज्योतिर्बिम्बस्य स्वीयप्रकाशाद् व्यवहितप्रदेशे कथञ्चिद् उच्छलितप्रतिच्छविविशेषः । स यथा तस्माद् बहिर् एव प्रतीयते, न च तं विना तस्य प्रतीतिः, तथा सापीत्य् अर्थः । अनेन प्रतिच्छविपर्यायाभासधर्मत्वेन तस्याम् आभासाख्यत्वम् अपि ध्वनितम् । अतस् तत्कार्यस्याभासाख्यत्वं क्वचित् आभासश् च निरोधश् च [भा.पु. २.१०.७] इत्य् आदौ । ","तत्र जीवमायाख्यस्य प्रथमाꣳशस्य तादृशत्वꣳ दृष्टान्तेन स्पष्टयन्न् असम्भावनाꣳ निरस्यति—यथाभास इति । आभासो ज्योतिर्बिम्बस्य स्वीयप्रकाशाद् व्यवहितप्रदेशे कथञ्चिद् उच्छलितप्रतिच्छविविशेषः । स यथा तस्माद् बहिर् एव प्रतीयते, न च तꣳ विना तस्य प्रतीतिः, तथा सापीत्य् अर्थः । अनेन प्रतिच्छविपर्यायाभासधर्मत्वेन तस्याम् आभासाख्यत्वम् अपि ध्वनितम् । अतस् तत्कार्यस्याभासाख्यत्वꣳ क्वचित् आभासश् च निरोधश् च [भा.पु. २.१०.७] इत्य् आदौ । "
457,"atra sa yathā kvacid atyantodbhaṭātmā sva-cākcikya-cchaṭāpatita-netrāṇāṁ netra-prakāśam āvṛṇoti | tam āvṛtya ca svenātyantodbhaṭa-tejastvenaiva draṣṭṛ-netraṁ vyākulayan, svopakaṇṭhe varṇa-śāvalyam udgirati | kadācit tad eva pṛthag-bhāvena nānākāratayā pariṇamayati | tatheyam api jīva-jñānam āvṛṇoti | sattvādi-guṇa-sāmya-rūpāṁ guṇa-māyākhyāṁ jaḍāṁ prakṛtim udgirati | kadācit pṛthag-bhūtān sattvādi-guṇān nānākāratayā pariṇamayati ceti jñeyam | tad uktam—eka-deśa-sthitasyāgneḥ [vi.pu. 1.22.56] ity ādi | ","अत्र स यथा क्वचिद् अत्यन्तोद्भटात्मा स्वचाक्चिक्यच्छटापतितनेत्राणां नेत्रप्रकाशम् आवृणोति । तम् आवृत्य च स्वेनात्यन्तोद्भटतेजस्त्वेनैव द्रष्टृनेत्रं व्याकुलयन्, स्वोपकण्ठे वर्णशावल्यम् उद्गिरति । कदाचित् तद् एव पृथग्भावेन नानाकारतया परिणमयति । तथेयम् अपि जीवज्ञानम् आवृणोति । सत्त्वादिगुणसाम्यरूपां गुणमायाख्यां जडां प्रकृतिम् उद्गिरति । कदाचित् पृथग्भूतान् सत्त्वादिगुणान् नानाकारतया परिणमयति चेति ज्ञेयम् । तद् उक्तम्—एकदेशस्थितस्याग्नेः [वि.पु. १.२२.५६] इत्य् आदि । ","अत्र स यथा क्वचिद् अत्यन्तोद्भटात्मा स्वचाक्चिक्यच्छटापतितनेत्राणाꣳ नेत्रप्रकाशम् आवृणोति । तम् आवृत्य च स्वेनात्यन्तोद्भटतेजस्त्वेनैव द्रष्टृनेत्रꣳ व्याकुलयन्, स्वोपकण्ठे वर्णशावल्यम् उद्गिरति । कदाचित् तद् एव पृथग्भावेन नानाकारतया परिणमयति । तथेयम् अपि जीवज्ञानम् आवृणोति । सत्त्वादिगुणसाम्यरूपाꣳ गुणमायाख्याꣳ जडाꣳ प्रकृतिम् उद्गिरति । कदाचित् पृथग्भूतान् सत्त्वादिगुणान् नानाकारतया परिणमयति चेति ज्ञेयम् । तद् उक्तम्—एकदेशस्थितस्याग्नेः [वि.पु. १.२२.५६] इत्य् आदि । "
460,puṁso’sti prakṛtir nityā praticchāyeva bhāsvataḥ ||,पुंसोऽस्ति प्रकृतिर् नित्या प्रतिच्छायेव भास्वतः ॥,पुꣳसोऽस्ति प्रकृतिर् नित्या प्रतिच्छायेव भास्वतः ॥
462,akarod viśvam akhilam anityaṁ nāṭakākṛtiḥ || [śā.saṁ. 5.48-49] iti ||,अकरोद् विश्वम् अखिलम् अनित्यं नाटकाकृतिः ॥ [शा.सं. ५.४८-४९] इति ॥,अकरोद् विश्वम् अखिलम् अनित्यꣳ नाटकाकृतिः ॥ [शा.सꣳ. ५.४८-४९] इति ॥
463,tad evaṁ nimittāṁśo jīva-māyā | upādānāṁśo guṇa-māyety agre’pi vivecanīyam | ,तद् एवं निमित्तांशो जीवमाया । उपादानांशो गुणमायेत्य् अग्रेऽपि विवेचनीयम् । ,तद् एवꣳ निमित्ताꣳशो जीवमाया । उपादानाꣳशो गुणमायेत्य् अग्रेऽपि विवेचनीयम् । 
464,"athaivaṁ siddhaṁ jīva-māyākhyam, guṇa-māyākhyaṁ dvitīyam apy aṁśaṁ dṛṣṭāntena spaṣṭayati—yathā tama iti | tamaḥ-śabdenātra pūrvoktaṁ tamaḥ-prāyaṁ varṇa-śāvalyam ucyate | tad yathā tan-mūla-jyotiṣy asad api tad-āśrayatvaṁ vinā na sambhavati, tadvad iyam apīti | ","अथैवं सिद्धं जीवमायाख्यम्, गुणमायाख्यं द्वितीयम् अप्य् अंशं दृष्टान्तेन स्पष्टयति—यथा तम इति । तमःशब्देनात्र पूर्वोक्तं तमःप्रायं वर्णशावल्यम् उच्यते । तद् यथा तन्मूलज्योतिष्य् असद् अपि तदाश्रयत्वं विना न सम्भवति, तद्वद् इयम् अपीति । ","अथैवꣳ सिद्धꣳ जीवमायाख्यम्, गुणमायाख्यꣳ द्वितीयम् अप्य् अꣳशꣳ दृष्टान्तेन स्पष्टयति—यथा तम इति । तमःशब्देनात्र पूर्वोक्तꣳ तमःप्रायꣳ वर्णशावल्यम् उच्यते । तद् यथा तन्मूलज्योतिष्य् असद् अपि तदाश्रयत्वꣳ विना न सम्भवति, तद्वद् इयम् अपीति । "
465,"athavā, māyā-mātra-nirūpaṇa eva pṛthak dṛṣṭānta-dvayam | tatrābhāsa-dṛṣṭānto vyākhyātaḥ | tamo-dṛṣṭāntaś ca | yathāndhakāre jyotiṣo’nyatraiva pratīyate, jyotir vinā ca na pratīyate, jyotir-ātmanā cakṣuṣaiva tat-pratīteḥ, na pṛṣṭhādineti, tatheyam apīty evaṁ jñeyam | ","अथवा, मायामात्रनिरूपण एव पृथक् दृष्टान्तद्वयम् । तत्राभासदृष्टान्तो व्याख्यातः । तमोदृष्टान्तश् च । यथान्धकारे ज्योतिषोऽन्यत्रैव प्रतीयते, ज्योतिर् विना च न प्रतीयते, ज्योतिरात्मना चक्षुषैव तत्प्रतीतेः, न पृष्ठादिनेति, तथेयम् अपीत्य् एवं ज्ञेयम् । ","अथवा, मायामात्रनिरूपण एव पृथक् दृष्टान्तद्वयम् । तत्राभासदृष्टान्तो व्याख्यातः । तमोदृष्टान्तश् च । यथान्धकारे ज्योतिषोऽन्यत्रैव प्रतीयते, ज्योतिर् विना च न प्रतीयते, ज्योतिरात्मना चक्षुषैव तत्प्रतीतेः, न पृष्ठादिनेति, तथेयम् अपीत्य् एवꣳ ज्ञेयम् । "
466,"tataś cāṁśa-dvayaṁ tu pravṛtti-bhedenaivohyaṁ, na tu dṛṣṭānta-bhedena | prāktana-dṛṣṭānta-dvedhābhiprāyeṇa tu pūrvasyā ābhāsa-paryāya-cchāyā-śabdena kvacit prayogaḥ, uttarasyās tamaḥ-śabdenaiva ceti | yathā, ","ततश् चांशद्वयं तु प्रवृत्तिभेदेनैवोह्यं, न तु दृष्टान्तभेदेन । प्राक्तनदृष्टान्तद्वेधाभिप्रायेण तु पूर्वस्या आभासपर्यायच्छायाशब्देन क्वचित् प्रयोगः, उत्तरस्यास् तमःशब्देनैव चेति । यथा, ","ततश् चाꣳशद्वयꣳ तु प्रवृत्तिभेदेनैवोह्यꣳ, न तु दृष्टान्तभेदेन । प्राक्तनदृष्टान्तद्वेधाभिप्रायेण तु पूर्वस्या आभासपर्यायच्छायाशब्देन क्वचित् प्रयोगः, उत्तरस्यास् तमःशब्देनैव चेति । यथा, "
467,sasarja chāyayāvidyāṁ pañca-parvāṇam agrataḥ |,ससर्ज छाययाविद्यां पञ्चपर्वाणम् अग्रतः ।,ससर्ज छाययाविद्याꣳ पञ्चपर्वाणम् अग्रतः ।
468,tamo moho mahā-mohas tāmisro hy andha-saṁjñitaḥ || [bhā.pu. 3.20.18] ity atra |,तमो मोहो महामोहस् तामिस्रो ह्य् अन्धसंज्ञितः ॥ [भा.पु. ३.२०.१८] इत्य् अत्र ।,तमो मोहो महामोहस् तामिस्रो ह्य् अन्धसꣳज्ञितः ॥ [भा.पु. ३.२०.१८] इत्य् अत्र ।
469,"yathā ca, kvāhaṁ tamo-mahad-aham [bhā.pu. 10.14.11] ity ādau | pūrvatrāvidyā-vidyākhya-nimitta-śakti-vṛttikatvāj jīva-viṣayakatvena jīva-māyātvam | uttaratra svīya-tat-tad-guṇa-maya-mahad-ādy-upādāna-śakti-vṛttikatvād guṇa-māyātvam |","यथा च, क्वाहं तमोमहदहम् [भा.पु. १०.१४.११] इत्य् आदौ । पूर्वत्राविद्याविद्याख्यनिमित्तशक्तिवृत्तिकत्वाज् जीवविषयकत्वेन जीवमायात्वम् । उत्तरत्र स्वीयतत्तद्गुणमयमहदाद्युपादानशक्तिवृत्तिकत्वाद् गुणमायात्वम् ।","यथा च, क्वाहꣳ तमोमहदहम् [भा.पु. १०.१४.११] इत्य् आदौ । पूर्वत्राविद्याविद्याख्यनिमित्तशक्तिवृत्तिकत्वाज् जीवविषयकत्वेन जीवमायात्वम् । उत्तरत्र स्वीयतत्तद्गुणमयमहदाद्युपादानशक्तिवृत्तिकत्वाद् गुणमायात्वम् ।"
470,tathā sasarja [bhā.pu. 3.20.18] ity-ādau chāyā-śaktiṁ māyām avalambya sṛṣṭy-ārambhe brahmā svayam avidyām āvirbhāvitavān ity arthaḥ | ,तथा ससर्ज [भा.पु. ३.२०.१८] इत्यादौ छायाशक्तिं मायाम् अवलम्ब्य सृष्ट्यारम्भे ब्रह्मा स्वयम् अविद्याम् आविर्भावितवान् इत्य् अर्थः । ,तथा ससर्ज [भा.पु. ३.२०.१८] इत्यादौ छायाशक्तिꣳ मायाम् अवलम्ब्य सृष्ट्यारम्भे ब्रह्मा स्वयम् अविद्याम् आविर्भावितवान् इत्य् अर्थः । 
473,anayor āvirbhāva-bhedaś ca śrūyate | tatra pūrvasyāḥ pādme śrī-kṛṣṇa-satyabhāmā-saṁvādīya-kārttika-māhātmye deva-gaṇa-kṛta-māyā-stutau—,अनयोर् आविर्भावभेदश् च श्रूयते । तत्र पूर्वस्याः पाद्मे श्रीकृष्णसत्यभामासंवादीयकार्त्तिकमाहात्म्ये देवगणकृतमायास्तुतौ—,अनयोर् आविर्भावभेदश् च श्रूयते । तत्र पूर्वस्याः पाद्मे श्रीकृष्णसत्यभामासꣳवादीयकार्त्तिकमाहात्म्ये देवगणकृतमायास्तुतौ—
474,iti stutavantas te devās tejo-maṇḍala-saṁsthitam |,इति स्तुतवन्तस् ते देवास् तेजोमण्डलसंस्थितम् ।,इति स्तुतवन्तस् ते देवास् तेजोमण्डलसꣳस्थितम् ।
476,tan-madhyād bhāratīṁ sarve śuśruvur vyoma-cāriṇīm |,तन्मध्याद् भारतीं सर्वे शुश्रुवुर् व्योमचारिणीम् ।,तन्मध्याद् भारतीꣳ सर्वे शुश्रुवुर् व्योमचारिणीम् ।
478,uttarasyāḥ pādmottara-khaṇḍe asaṅkhyaṁ prakṛti-sthānaṁ niviḍa-dhvāntam avayayam iti || ,उत्तरस्याः पाद्मोत्तरखण्डे असङ्ख्यं प्रकृतिस्थानं निविडध्वान्तम् अवययम् इति ॥ ,उत्तरस्याः पाद्मोत्तरखण्डे असङ्ख्यꣳ प्रकृतिस्थानꣳ निविडध्वान्तम् अवययम् इति ॥ 
480,atha svarūpa-bhūtākhyām antaraṅgāṁ śaktiṁ sarvasyāpi pravṛtty-anyathānupapattyā tāvad āha dvābhyām—,अथ स्वरूपभूताख्याम् अन्तरङ्गां शक्तिं सर्वस्यापि प्रवृत्त्यन्यथानुपपत्त्या तावद् आह द्वाभ्याम्—,अथ स्वरूपभूताख्याम् अन्तरङ्गाꣳ शक्तिꣳ सर्वस्यापि प्रवृत्त्यन्यथानुपपत्त्या तावद् आह द्वाभ्याम्—
482,antar bahiś ca vitataṁ vyomavat tan nato’smy aham || [bhā.pu. 6.16.23],अन्तर् बहिश् च विततं व्योमवत् तन् नतोऽस्म्य् अहम् ॥ [भा.पु. ६.१६.२३],अन्तर् बहिश् च विततꣳ व्योमवत् तन् नतोऽस्म्य् अहम् ॥ [भा.पु. ६.१६.२३]
484,yad-aṁśa-viddhāḥ pracaranti karmasu |,यदंशविद्धाः प्रचरन्ति कर्मसु ।,यदꣳशविद्धाः प्रचरन्ति कर्मसु ।
485,naivānyadā loham ivāprataptaṁ,नैवान्यदा लोहम् इवाप्रतप्तं,नैवान्यदा लोहम् इवाप्रतप्तꣳ
487,"ṭīkā ca—yad brahma vyomavad vitatam api asavaḥ prāṇāḥ kriyā-śaktya na spṛśanti, mana-ādīni ca jñāna-śaktyā na viduḥ, tad brahma nato’smi | teṣaṁ tad-ajñāne hetum āha—dehendriyādayo’mī yad-aṁśa-viddhā yac-caitanyāṁśenāviṣṭāḥ santaḥ karmasu sva-sva-viṣayeṣu pracaranti jāgrat-svapnayoḥ | anyadā suṣupti-mūrcchādau naiva pracaranti, yathā aprataptaṁ lohaṁ na dahati | ato yathā loham agni-śaktyaiva dāhakaṁ sad agniṁ vinā na dahati, evaṁ brahma-gata-jñāna-kriyā-śaktibhyāṁ pravartamānā dehādayas tan na spṛśanti na viduś ceti bhāvaḥ | ity eṣā |","टीका च—यद् ब्रह्म व्योमवद् विततम् अपि असवः प्राणाः क्रियाशक्त्य न स्पृशन्ति, मनआदीनि च ज्ञानशक्त्या न विदुः, तद् ब्रह्म नतोऽस्मि । तेषं तदज्ञाने हेतुम् आह—देहेन्द्रियादयोऽमी यदंशविद्धा यच्चैतन्यांशेनाविष्टाः सन्तः कर्मसु स्वस्वविषयेषु प्रचरन्ति जाग्रत्स्वप्नयोः । अन्यदा सुषुप्तिमूर्च्छादौ नैव प्रचरन्ति, यथा अप्रतप्तं लोहं न दहति । अतो यथा लोहम् अग्निशक्त्यैव दाहकं सद् अग्निं विना न दहति, एवं ब्रह्मगतज्ञानक्रियाशक्तिभ्यां प्रवर्तमाना देहादयस् तन् न स्पृशन्ति न विदुश् चेति भावः । इत्य् एषा ।","टीका च—यद् ब्रह्म व्योमवद् विततम् अपि असवः प्राणाः क्रियाशक्त्य न स्पृशन्ति, मनआदीनि च ज्ञानशक्त्या न विदुः, तद् ब्रह्म नतोऽस्मि । तेषꣳ तदज्ञाने हेतुम् आह—देहेन्द्रियादयोऽमी यदꣳशविद्धा यच्चैतन्याꣳशेनाविष्टाः सन्तः कर्मसु स्वस्वविषयेषु प्रचरन्ति जाग्रत्स्वप्नयोः । अन्यदा सुषुप्तिमूर्च्छादौ नैव प्रचरन्ति, यथा अप्रतप्तꣳ लोहꣳ न दहति । अतो यथा लोहम् अग्निशक्त्यैव दाहकꣳ सद् अग्निꣳ विना न दहति, एवꣳ ब्रह्मगतज्ञानक्रियाशक्तिभ्याꣳ प्रवर्तमाना देहादयस् तन् न स्पृशन्ति न विदुश् चेति भावः । इत्य् एषा ।"
488,"atrādvaita-śārīrake’pi sāṅkhyam ākṣipyoktam, yathā—atha punaḥ sākṣi-nimittam īkṣitṛtvaṁ pradhānasya kalpyeta yathāgni-nimittam ayaḥ-piṇḍāder dagdhṛtvaṁ, tathā sati yan nimittam īkṣitatṛtvaṁ pradhānasya, tad eva sarvajñaṁ mukhyaṁ jagataḥ kāraṇam [śaṅkara-bhāṣya, 1.1.5] iti |","अत्राद्वैतशारीरकेऽपि साङ्ख्यम् आक्षिप्योक्तम्, यथा—अथ पुनः साक्षिनिमित्तम् ईक्षितृत्वं प्रधानस्य कल्प्येत यथाग्निनिमित्तम् अयःपिण्डादेर् दग्धृत्वं, तथा सति यन् निमित्तम् ईक्षिततृत्वं प्रधानस्य, तद् एव सर्वज्ञं मुख्यं जगतः कारणम् [शङ्करभाष्य, १.१.५] इति ।","अत्राद्वैतशारीरकेऽपि साङ्ख्यम् आक्षिप्योक्तम्, यथा—अथ पुनः साक्षिनिमित्तम् ईक्षितृत्वꣳ प्रधानस्य कल्प्येत यथाग्निनिमित्तम् अयःपिण्डादेर् दग्धृत्वꣳ, तथा सति यन् निमित्तम् ईक्षिततृत्वꣳ प्रधानस्य, तद् एव सर्वज्ञꣳ मुख्यꣳ जगतः कारणम् [शङ्करभाष्य, १.१.५] इति ।"
490,"atha prakṛtasyāvaśiṣṭatā ṭīkā—jīvas tarhi draṣṭṛtvāj jānātu ? nety āha—sthāneṣu jāgrad-ādiṣu draṣṭr-apadeśaṁ draṣṭṛ-saṁjñāṁ tad evaiti prāpnoti, nānyo jīvo nāmāsti, nānyo’to’sti draṣṭā [bṛ.ā.u. 3.7.23] ity-ādi śruteḥ | yad vā, draṣṭr-apadeśaṁ draṣṭṛ-saṁjñaṁ jīvam api tad evaiti jānāti, na tu jīvas taj jānātīty arthaḥ ity eṣā | ","अथ प्रकृतस्यावशिष्टता टीका—जीवस् तर्हि द्रष्टृत्वाज् जानातु ? नेत्य् आह—स्थानेषु जाग्रदादिषु द्रष्ट्रपदेशं द्रष्टृसंज्ञां तद् एवैति प्राप्नोति, नान्यो जीवो नामास्ति, नान्योऽतोऽस्ति द्रष्टा [बृ.आ.उ. ३.७.२३] इत्यादि श्रुतेः । यद् वा, द्रष्ट्रपदेशं द्रष्टृसंज्ञं जीवम् अपि तद् एवैति जानाति, न तु जीवस् तज् जानातीत्य् अर्थः इत्य् एषा । ","अथ प्रकृतस्यावशिष्टता टीका—जीवस् तर्हि द्रष्टृत्वाज् जानातु ? नेत्य् आह—स्थानेषु जाग्रदादिषु द्रष्ट्रपदेशꣳ द्रष्टृसꣳज्ञाꣳ तद् एवैति प्राप्नोति, नान्यो जीवो नामास्ति, नान्योऽतोऽस्ति द्रष्टा [बृ.आ.उ. ३.७.२३] इत्यादि श्रुतेः । यद् वा, द्रष्ट्रपदेशꣳ द्रष्टृसꣳज्ञꣳ जीवम् अपि तद् एवैति जानाति, न तु जीवस् तज् जानातीत्य् अर्थः इत्य् एषा । "
491,"tad uktam—tritayaṁ tatra yo veda sa ātmā svāśrayāśrayaḥ [bhā.pu. 2.10.9] iti | śrutau ca jīvo nāmāto’nyaḥ svayaṁ siddho nāsti, parantu tad-ātmaka evety arthaḥ | tathāto’nyo draṣṭā nāsti, sarva-draṣṭus tasyāparo draṣṭā nāstīty artha iti vyākhyeyam || ","तद् उक्तम्—त्रितयं तत्र यो वेद स आत्मा स्वाश्रयाश्रयः [भा.पु. २.१०.९] इति । श्रुतौ च जीवो नामातोऽन्यः स्वयं सिद्धो नास्ति, परन्तु तदात्मक एवेत्य् अर्थः । तथातोऽन्यो द्रष्टा नास्ति, सर्वद्रष्टुस् तस्यापरो द्रष्टा नास्तीत्य् अर्थ इति व्याख्येयम् ॥ ","तद् उक्तम्—त्रितयꣳ तत्र यो वेद स आत्मा स्वाश्रयाश्रयः [भा.पु. २.१०.९] इति । श्रुतौ च जीवो नामातोऽन्यः स्वयꣳ सिद्धो नास्ति, परन्तु तदात्मक एवेत्य् अर्थः । तथातोऽन्यो द्रष्टा नास्ति, सर्वद्रष्टुस् तस्यापरो द्रष्टा नास्तीत्य् अर्थ इति व्याख्येयम् ॥ "
493,kiṁ ca—,किं च—,किꣳ च—
495,nātmānam anyaṁ ca viduḥ paraṁ yat |,नात्मानम् अन्यं च विदुः परं यत् ।,नात्मानम् अन्यꣳ च विदुः परꣳ यत् ।
496,sarvaṁ pumān veda guṇāṁś ca taj-jño,सर्वं पुमान् वेद गुणांश् च तज्ज्ञो,सर्वꣳ पुमान् वेद गुणाꣳश् च तज्ज्ञो
498,"dehaś cāsavaś ca prāṇā akṣāṇīndriyāṇi ca, manavo’ntaḥ-karaṇāni, bhūtāni ca, mātrāś ca tan-mātrāṇi, ātmānaṁ sva-svarūpam, anyaṁ sva-sva-viṣaya-vargaṁ, tayoḥ paraṁ devatā-vargaṁ ca na viduḥ | pumān jīvas tu sarvam ātmānaṁ sva-svarūpaṁ, tad anyaṁ pramātāraṁ, tayoḥ padaṁ dehādy-artha-jātaṁ tad-adhiṣṭhātṛ-devatā-vargaṁ ca veda, tathā dehādi-mūla-bhūtān guṇāṁś ca sattvādīn veda | tat-taj-jño’py asau yaṁ sarvajñaṁ dehādi-jīvāntāśeṣa-jñātāraṁ na veda tam anantaṁ, mahad-guṇatvād yam anantam āhuḥ [bhā.pu. 1.18.19] iti | ","देहश् चासवश् च प्राणा अक्षाणीन्द्रियाणि च, मनवोऽन्तःकरणानि, भूतानि च, मात्राश् च तन्मात्राणि, आत्मानं स्वस्वरूपम्, अन्यं स्वस्वविषयवर्गं, तयोः परं देवतावर्गं च न विदुः । पुमान् जीवस् तु सर्वम् आत्मानं स्वस्वरूपं, तद् अन्यं प्रमातारं, तयोः पदं देहाद्यर्थजातं तदधिष्ठातृदेवतावर्गं च वेद, तथा देहादिमूलभूतान् गुणांश् च सत्त्वादीन् वेद । तत्तज्ज्ञोऽप्य् असौ यं सर्वज्ञं देहादिजीवान्ताशेषज्ञातारं न वेद तम् अनन्तं, महद्गुणत्वाद् यम् अनन्तम् आहुः [भा.पु. १.१८.१९] इति । ","देहश् चासवश् च प्राणा अक्षाणीन्द्रियाणि च, मनवोऽन्तःकरणानि, भूतानि च, मात्राश् च तन्मात्राणि, आत्मानꣳ स्वस्वरूपम्, अन्यꣳ स्वस्वविषयवर्गꣳ, तयोः परꣳ देवतावर्गꣳ च न विदुः । पुमान् जीवस् तु सर्वम् आत्मानꣳ स्वस्वरूपꣳ, तद् अन्यꣳ प्रमातारꣳ, तयोः पदꣳ देहाद्यर्थजातꣳ तदधिष्ठातृदेवतावर्गꣳ च वेद, तथा देहादिमूलभूतान् गुणाꣳश् च सत्त्वादीन् वेद । तत्तज्ज्ञोऽप्य् असौ यꣳ सर्वज्ञꣳ देहादिजीवान्ताशेषज्ञातारꣳ न वेद तम् अनन्तꣳ, महद्गुणत्वाद् यम् अनन्तम् आहुः [भा.पु. १.१८.१९] इति । "
499,"ata eva hi yatra hi dvaitam iva bhavati tad itara itaraṁ paśyati [bṛ.ā.u. 2.4.4] ity ārabhya jīvasyetara-dṛṣṭatvam uktvā, yatra svasya sarvam ātmaivābhūt, tat kena kaḥ paśyet? ity-ādinā tasya paramātma-draṣṭṛtvaṁ niṣiddhya paramātmanas tu tat-tat-sarva-draṣṭṛtvaṁ sva-draṣṭṛtvam apy astīti, vijñātāram are kena vijānīyāt [bṛ.ā.u. 2.4.14] ity anenāha | asya jīvasya tad-adhiṣṭhana-bhūtasya ya ātmā paramātmā sa eva yatra svasmin svarūpe tac-chakyādikaṁ sarvam abhūt na tu vastv-antara-praveśenety arthaḥ |","अत एव हि यत्र हि द्वैतम् इव भवति तद् इतर इतरं पश्यति [बृ.आ.उ. २.४.४] इत्य् आरभ्य जीवस्येतरदृष्टत्वम् उक्त्वा, यत्र स्वस्य सर्वम् आत्मैवाभूत्, तत् केन कः पश्येत्? इत्यादिना तस्य परमात्मद्रष्टृत्वं निषिद्ध्य परमात्मनस् तु तत्तत्सर्वद्रष्टृत्वं स्वद्रष्टृत्वम् अप्य् अस्तीति, विज्ञातारम् अरे केन विजानीयात् [बृ.आ.उ. २.४.१४] इत्य् अनेनाह । अस्य जीवस्य तदधिष्ठनभूतस्य य आत्मा परमात्मा स एव यत्र स्वस्मिन् स्वरूपे तच्छक्यादिकं सर्वम् अभूत् न तु वस्त्वन्तरप्रवेशेनेत्य् अर्थः ।","अत एव हि यत्र हि द्वैतम् इव भवति तद् इतर इतरꣳ पश्यति [बृ.आ.उ. २.४.४] इत्य् आरभ्य जीवस्येतरदृष्टत्वम् उक्त्वा, यत्र स्वस्य सर्वम् आत्मैवाभूत्, तत् केन कः पश्येत्? इत्यादिना तस्य परमात्मद्रष्टृत्वꣳ निषिद्ध्य परमात्मनस् तु तत्तत्सर्वद्रष्टृत्वꣳ स्वद्रष्टृत्वम् अप्य् अस्तीति, विज्ञातारम् अरे केन विजानीयात् [बृ.आ.उ. २.४.१४] इत्य् अनेनाह । अस्य जीवस्य तदधिष्ठनभूतस्य य आत्मा परमात्मा स एव यत्र स्वस्मिन् स्वरूपे तच्छक्यादिकꣳ सर्वम् अभूत् न तु वस्त्वन्तरप्रवेशेनेत्य् अर्थः ।"
500,"ayam arthaḥ—yatra māyā-vaibhave dvaitam iva bhavati, tan-mūlakatvāt tad-ananyad api māyākhyācintya-śakti-hetukatayā jaḍa-malina-naśvaratvena tad-vilakṣaṇatayā sampāditam | tataḥ svatantra-sattākam iva muhur jāyate ity arthaḥ | tat tu tatra itaro jīva itaraṁ padārthaṁ paśyati, tasya karaṇa-dṛśyayor mitho yogyatvād iti bhāvaḥ | yatra tu svarūpa-vaibhave tasya jīvasya raśmi-sthānīyasya maṇḍala-sthānīyo ya ātmā paramātmā, sa eva svarūpa-śaktyā sarvam abhūt, anādita eva bhavann āste, na tu tat-praveśena, tat tatra itaraḥ sa jīvaḥ kenetareṇa karaṇa-bhūtena kaṁ padārthaṁ paśyet, na kenāpi kam api paśyed ity arthaḥ | na hi raśmayaḥ sva-śaktyā sūrya-maṇḍalāntargata-vaibhavaṁ prakāśayeyuḥ, na cārciṣo vahniṁ nirdaheyur iti bhāvaḥ | tad evaṁ sati, yasya khalv evam anantaṁ svarūpa-vaibhavaṁ taṁ vijñātāraṁ sarvajñaṁ paramātmānaṁ kenetareṇa karaṇena vijānīyāt ? na kenāpīty arthaḥ | tad evaṁ jñāna-śaktau tatra siddhāyāṁ kriyecchā-śaktī ca lakṣyete || ","अयम् अर्थः—यत्र मायावैभवे द्वैतम् इव भवति, तन्मूलकत्वात् तदनन्यद् अपि मायाख्याचिन्त्यशक्तिहेतुकतया जडमलिननश्वरत्वेन तद्विलक्षणतया सम्पादितम् । ततः स्वतन्त्रसत्ताकम् इव मुहुर् जायते इत्य् अर्थः । तत् तु तत्र इतरो जीव इतरं पदार्थं पश्यति, तस्य करणदृश्ययोर् मिथो योग्यत्वाद् इति भावः । यत्र तु स्वरूपवैभवे तस्य जीवस्य रश्मिस्थानीयस्य मण्डलस्थानीयो य आत्मा परमात्मा, स एव स्वरूपशक्त्या सर्वम् अभूत्, अनादित एव भवन्न् आस्ते, न तु तत्प्रवेशेन, तत् तत्र इतरः स जीवः केनेतरेण करणभूतेन कं पदार्थं पश्येत्, न केनापि कम् अपि पश्येद् इत्य् अर्थः । न हि रश्मयः स्वशक्त्या सूर्यमण्डलान्तर्गतवैभवं प्रकाशयेयुः, न चार्चिषो वह्निं निर्दहेयुर् इति भावः । तद् एवं सति, यस्य खल्व् एवम् अनन्तं स्वरूपवैभवं तं विज्ञातारं सर्वज्ञं परमात्मानं केनेतरेण करणेन विजानीयात् ? न केनापीत्य् अर्थः । तद् एवं ज्ञानशक्तौ तत्र सिद्धायां क्रियेच्छाशक्ती च लक्ष्येते ॥ ","अयम् अर्थः—यत्र मायावैभवे द्वैतम् इव भवति, तन्मूलकत्वात् तदनन्यद् अपि मायाख्याचिन्त्यशक्तिहेतुकतया जडमलिननश्वरत्वेन तद्विलक्षणतया सम्पादितम् । ततः स्वतन्त्रसत्ताकम् इव मुहुर् जायते इत्य् अर्थः । तत् तु तत्र इतरो जीव इतरꣳ पदार्थꣳ पश्यति, तस्य करणदृश्ययोर् मिथो योग्यत्वाद् इति भावः । यत्र तु स्वरूपवैभवे तस्य जीवस्य रश्मिस्थानीयस्य मण्डलस्थानीयो य आत्मा परमात्मा, स एव स्वरूपशक्त्या सर्वम् अभूत्, अनादित एव भवन्न् आस्ते, न तु तत्प्रवेशेन, तत् तत्र इतरः स जीवः केनेतरेण करणभूतेन कꣳ पदार्थꣳ पश्येत्, न केनापि कम् अपि पश्येद् इत्य् अर्थः । न हि रश्मयः स्वशक्त्या सूर्यमण्डलान्तर्गतवैभवꣳ प्रकाशयेयुः, न चार्चिषो वह्निꣳ निर्दहेयुर् इति भावः । तद् एवꣳ सति, यस्य खल्व् एवम् अनन्तꣳ स्वरूपवैभवꣳ तꣳ विज्ञातारꣳ सर्वज्ञꣳ परमात्मानꣳ केनेतरेण करणेन विजानीयात् ? न केनापीत्य् अर्थः । तद् एवꣳ ज्ञानशक्तौ तत्र सिद्धायाꣳ क्रियेच्छाशक्ती च लक्ष्येते ॥ "
503,sa tvaṁ hi nitya-vijitātma-guṇaḥ sva-dhāmnā,स त्वं हि नित्यविजितात्मगुणः स्वधाम्ना,स त्वꣳ हि नित्यविजितात्मगुणः स्वधाम्ना
505,"sva-dhāmnā cic-chaktyā, yataḥ kālo māyā-prerakaḥ iti ṭīkā ca | ātmā tv atra jīvaḥ, tasya guṇāḥ sattvādayaḥ, sattvaṁ rajas tama iti guṇā jīvasya naiva me [bhā.pu. 11.25.12] ity uktatvāt || ","स्वधाम्ना चिच्छक्त्या, यतः कालो मायाप्रेरकः इति टीका च । आत्मा त्व् अत्र जीवः, तस्य गुणाः सत्त्वादयः, सत्त्वं रजस् तम इति गुणा जीवस्य नैव मे [भा.पु. ११.२५.१२] इत्य् उक्तत्वात् ॥ ","स्वधाम्ना चिच्छक्त्या, यतः कालो मायाप्रेरकः इति टीका च । आत्मा त्व् अत्र जीवः, तस्य गुणाः सत्त्वादयः, सत्त्वꣳ रजस् तम इति गुणा जीवस्य नैव मे [भा.पु. ११.२५.१२] इत्य् उक्तत्वात् ॥ "
506,|| 7.9 || prahlādaḥ śrī-narasiṁham ||21||,॥ ७.९ ॥ प्रह्लादः श्रीनरसिंहम् ॥२१॥,॥ ७.९ ॥ प्रह्लादः श्रीनरसिꣳहम् ॥२१॥
508,karoti viśva-sthiti-saṁyamodayaṁ,करोति विश्वस्थितिसंयमोदयं,करोति विश्वस्थितिसꣳयमोदयꣳ
509,yasyepsitaṁ nepsitam īkṣitur guṇaiḥ |,यस्येप्सितं नेप्सितम् ईक्षितुर् गुणैः ।,यस्येप्सितꣳ नेप्सितम् ईक्षितुर् गुणैः ।
510,māyā yathāyo bhramate tad-āśrayaṁ,माया यथायो भ्रमते तदाश्रयं,माया यथायो भ्रमते तदाश्रयꣳ
512,"ṭīkā ca—yasyekṣitur jīvārtham īpsitam | atyantānicchāyām īkṣaṇāyogāt | svārthaṁ tu nepsitam | viśva-sthity-ādi-sva-guṇair māyā karoti | tasyā jaḍatve’pīśvara-sannidhānāt pravṛtti-dṛṣṭāntenāha, yathāyo lohaṁ grāvṇo’yaskāntān nimittād bhramati | tad-āśrayaṁ tad-abhimukhaṁ sat | guṇānāṁ karmaṇāṁ ca jīvādṛṣṭānāṁ sākṣiṇe tasmai namaḥ ity eṣā || ","टीका च—यस्येक्षितुर् जीवार्थम् ईप्सितम् । अत्यन्तानिच्छायाम् ईक्षणायोगात् । स्वार्थं तु नेप्सितम् । विश्वस्थित्यादिस्वगुणैर् माया करोति । तस्या जडत्वेऽपीश्वरसन्निधानात् प्रवृत्तिदृष्टान्तेनाह, यथायो लोहं ग्राव्णोऽयस्कान्तान् निमित्ताद् भ्रमति । तदाश्रयं तदभिमुखं सत् । गुणानां कर्मणां च जीवादृष्टानां साक्षिणे तस्मै नमः इत्य् एषा ॥ ","टीका च—यस्येक्षितुर् जीवार्थम् ईप्सितम् । अत्यन्तानिच्छायाम् ईक्षणायोगात् । स्वार्थꣳ तु नेप्सितम् । विश्वस्थित्यादिस्वगुणैर् माया करोति । तस्या जडत्वेऽपीश्वरसन्निधानात् प्रवृत्तिदृष्टान्तेनाह, यथायो लोहꣳ ग्राव्णोऽयस्कान्तान् निमित्ताद् भ्रमति । तदाश्रयꣳ तदभिमुखꣳ सत् । गुणानाꣳ कर्मणाꣳ च जीवादृष्टानाꣳ साक्षिणे तस्मै नमः इत्य् एषा ॥ "
517,māyāṁ vyudasya cic-chaktyā,मायां व्युदस्य चिच्छक्त्या,मायाꣳ व्युदस्य चिच्छक्त्या
519,tvaṁ sākṣāt svayam evādyaḥ puruṣo bhagavān | tathā ya īśvaraḥ antaryāmy-ākhyaḥ puruṣaḥ so’pi tvam eva | tad evam ubhayasminn api prakāśe prakṛteḥ paras tad-asaṅgī |,त्वं साक्षात् स्वयम् एवाद्यः पुरुषो भगवान् । तथा य ईश्वरः अन्तर्याम्याख्यः पुरुषः सोऽपि त्वम् एव । तद् एवम् उभयस्मिन्न् अपि प्रकाशे प्रकृतेः परस् तदसङ्गी ।,त्वꣳ साक्षात् स्वयम् एवाद्यः पुरुषो भगवान् । तथा य ईश्वरः अन्तर्याम्याख्यः पुरुषः सोऽपि त्वम् एव । तद् एवम् उभयस्मिन्न् अपि प्रकाशे प्रकृतेः परस् तदसङ्गी ।
520,"nanu kathaṁ kevalānubhavānandasyāpi tad-anubhavitvaṁ yato bhagavattvam api lakṣyeta ? kathaṁ ceśvaratvāt prakṛty-adhiṣṭhātṛtve’pi tad-asaṅgitvam ? tatrāha—māyāṁ vyudasyeti, avyabhicāriṇyā svarūpa-śaktyā tām ābhāsa-śaktiṁ dūre vidhāya | tathaiva svarūpa-śaktyā kaivalye—","ननु कथं केवलानुभवानन्दस्यापि तदनुभवित्वं यतो भगवत्त्वम् अपि लक्ष्येत ? कथं चेश्वरत्वात् प्रकृत्यधिष्ठातृत्वेऽपि तदसङ्गित्वम् ? तत्राह—मायां व्युदस्येति, अव्यभिचारिण्या स्वरूपशक्त्या ताम् आभासशक्तिं दूरे विधाय । तथैव स्वरूपशक्त्या कैवल्ये—","ननु कथꣳ केवलानुभवानन्दस्यापि तदनुभवित्वꣳ यतो भगवत्त्वम् अपि लक्ष्येत ? कथꣳ चेश्वरत्वात् प्रकृत्यधिष्ठातृत्वेऽपि तदसङ्गित्वम् ? तत्राह—मायाꣳ व्युदस्येति, अव्यभिचारिण्या स्वरूपशक्त्या ताम् आभासशक्तिꣳ दूरे विधाय । तथैव स्वरूपशक्त्या कैवल्ये—"
521,parāvarāṇāṁ parama āste kaivalya-saṁjñitaḥ |,परावराणां परम आस्ते कैवल्यसंज्ञितः ।,परावराणाꣳ परम आस्ते कैवल्यसꣳज्ञितः ।
523,"ity ekādaśokta-rītyā kaivalyākhye kevalānubhavānande ātmani sva-svarūpe sthitaḥ anubhūta-svarūpa-sukha ity arthaḥ | tad uktaṁ ṣaṣṭhe devair api—svayam upalabdha-nija-sukhānubhavo bhavān [bhā.pu. 6.9.33] iti | sandoha-śabdena caikādaśe vaicitrī darśitā, sā ca śakti-vaicitryād eva bhavatīti | ata evam asty eva svarūpa-śaktiḥ | ","इत्य् एकादशोक्तरीत्या कैवल्याख्ये केवलानुभवानन्दे आत्मनि स्वस्वरूपे स्थितः अनुभूतस्वरूपसुख इत्य् अर्थः । तद् उक्तं षष्ठे देवैर् अपि—स्वयम् उपलब्धनिजसुखानुभवो भवान् [भा.पु. ६.९.३३] इति । सन्दोहशब्देन चैकादशे वैचित्री दर्शिता, सा च शक्तिवैचित्र्याद् एव भवतीति । अत एवम् अस्त्य् एव स्वरूपशक्तिः । ","इत्य् एकादशोक्तरीत्या कैवल्याख्ये केवलानुभवानन्दे आत्मनि स्वस्वरूपे स्थितः अनुभूतस्वरूपसुख इत्य् अर्थः । तद् उक्तꣳ षष्ठे देवैर् अपि—स्वयम् उपलब्धनिजसुखानुभवो भवान् [भा.पु. ६.९.३३] इति । सन्दोहशब्देन चैकादशे वैचित्री दर्शिता, सा च शक्तिवैचित्र्याद् एव भवतीति । अत एवम् अस्त्य् एव स्वरूपशक्तिः । "
525,paraṁ pradhānaṁ puruṣaṁ mahāntaṁ,परं प्रधानं पुरुषं महान्तं,परꣳ प्रधानꣳ पुरुषꣳ महान्तꣳ
526,kālaṁ kaviṁ tri-vṛtaṁ loka-pālam |,कालं कविं त्रिवृतं लोकपालम् ।,कालꣳ कविꣳ त्रिवृतꣳ लोकपालम् ।
527,ātmānubhūtyānugata-prapañcaṁ,आत्मानुभूत्यानुगतप्रपञ्चं,आत्मानुभूत्यानुगतप्रपञ्चꣳ
528,svacchanda-śaktiṁ kapilaṁ prapadye || [bhā.pu. 3.24.33] ity atra |,स्वच्छन्दशक्तिं कपिलं प्रपद्ये ॥ [भा.पु. ३.२४.३३] इत्य् अत्र ।,स्वच्छन्दशक्तिꣳ कपिलꣳ प्रपद्ये ॥ [भा.पु. ३.२४.३३] इत्य् अत्र ।
529,"paraṁ parameśvaram | tatra hetuḥ—svacchandāḥ śaktayo yasya | tā evāha—pradhānaṁ prakṛti-rūpam, puruṣaṁ tad-adhiṣṭhātāram, mahāntaṁ mahat-tattva-svarūpam, kālaṁ teṣāṁ kṣobhakam, trivṛtam ahaṅkāra-bhūtam, lokātmakaṁ tat-pālātmakaṁ ca | tad evaṁ māyayā pradhānādi-rūpatām uktvā cic-chaktyā niṣprapañcatām āha | ātmānubhūtyā cic-chaktyānugataḥ svasmin līnaḥ prapañco yasya tam | kaviṁ sarvajñaṁ pradhānādy-āvirbhāva-sākṣiṇam ity arthaḥ iti | ","परं परमेश्वरम् । तत्र हेतुः—स्वच्छन्दाः शक्तयो यस्य । ता एवाह—प्रधानं प्रकृतिरूपम्, पुरुषं तदधिष्ठातारम्, महान्तं महत्तत्त्वस्वरूपम्, कालं तेषां क्षोभकम्, त्रिवृतम् अहङ्कारभूतम्, लोकात्मकं तत्पालात्मकं च । तद् एवं मायया प्रधानादिरूपताम् उक्त्वा चिच्छक्त्या निष्प्रपञ्चताम् आह । आत्मानुभूत्या चिच्छक्त्यानुगतः स्वस्मिन् लीनः प्रपञ्चो यस्य तम् । कविं सर्वज्ञं प्रधानाद्याविर्भावसाक्षिणम् इत्य् अर्थः इति । ","परꣳ परमेश्वरम् । तत्र हेतुः—स्वच्छन्दाः शक्तयो यस्य । ता एवाह—प्रधानꣳ प्रकृतिरूपम्, पुरुषꣳ तदधिष्ठातारम्, महान्तꣳ महत्तत्त्वस्वरूपम्, कालꣳ तेषाꣳ क्षोभकम्, त्रिवृतम् अहङ्कारभूतम्, लोकात्मकꣳ तत्पालात्मकꣳ च । तद् एवꣳ मायया प्रधानादिरूपताम् उक्त्वा चिच्छक्त्या निष्प्रपञ्चताम् आह । आत्मानुभूत्या चिच्छक्त्यानुगतः स्वस्मिन् लीनः प्रपञ्चो यस्य तम् । कविꣳ सर्वज्ञꣳ प्रधानाद्याविर्भावसाक्षिणम् इत्य् अर्थः इति । "
530,atra puruṣasyāpi māyāntaḥpātitvaṁ tad-adhiṣṭhātṛtayopacaryata eva | vastutas tasya tu tasyāḥ paratvam | tathā śrī-kapila-deva-vākye—,अत्र पुरुषस्यापि मायान्तःपातित्वं तदधिष्ठातृतयोपचर्यत एव । वस्तुतस् तस्य तु तस्याः परत्वम् । तथा श्रीकपिलदेववाक्ये—,अत्र पुरुषस्यापि मायान्तःपातित्वꣳ तदधिष्ठातृतयोपचर्यत एव । वस्तुतस् तस्य तु तस्याः परत्वम् । तथा श्रीकपिलदेववाक्ये—
532,pratyag-dhāmā svayaṁ-jyotir viśvaṁ yena samanvitam || [bhā.pu. 3.26.3] iti,प्रत्यग्धामा स्वयंज्योतिर् विश्वं येन समन्वितम् ॥ [भा.पु. ३.२६.३] इति,प्रत्यग्धामा स्वयꣳज्योतिर् विश्वꣳ येन समन्वितम् ॥ [भा.पु. ३.२६.३] इति
533,nāma-svarūpayor nirūpaṇena mahā-saṁhitāyām api viviktaṁ tat tri-śakti—,नामस्वरूपयोर् निरूपणेन महासंहितायाम् अपि विविक्तं तत् त्रिशक्ति—,नामस्वरूपयोर् निरूपणेन महासꣳहितायाम् अपि विविक्तꣳ तत् त्रिशक्ति—
535,ātma-māyā tad-icchā syāt guṇa-māyā jaḍātmikā || [mahā-saṁhitā] iti |,आत्ममाया तदिच्छा स्यात् गुणमाया जडात्मिका ॥ [महासंहिता] इति ।,आत्ममाया तदिच्छा स्यात् गुणमाया जडात्मिका ॥ [महासꣳहिता] इति ।
536,"asyārthaḥ—śrīr atra jagat-pālana-śaktiḥ, bhūs tat-sṛṣṭi-śaktiḥ, durgā tat-pralaya-śaktiḥ | tat-tad-rūpena yā bhedaṁ prāptā, sā jīva-viṣayā tac-chaktir jīva-māyety ucyate | ","अस्यार्थः—श्रीर् अत्र जगत्पालनशक्तिः, भूस् तत्सृष्टिशक्तिः, दुर्गा तत्प्रलयशक्तिः । तत्तद्रूपेन या भेदं प्राप्ता, सा जीवविषया तच्छक्तिर् जीवमायेत्य् उच्यते । ","अस्यार्थः—श्रीर् अत्र जगत्पालनशक्तिः, भूस् तत्सृष्टिशक्तिः, दुर्गा तत्प्रलयशक्तिः । तत्तद्रूपेन या भेदꣳ प्राप्ता, सा जीवविषया तच्छक्तिर् जीवमायेत्य् उच्यते । "
537,pādme śrī-kṛṣṇa-satyabhāmā-saṁvāde—aham eva tridhā bhinnā tiṣṭhāmi trividhair guṇaiḥ [pa.pu. 6.104.23]  ity etad-vākyānantaraṁ—,पाद्मे श्रीकृष्णसत्यभामासंवादे—अहम् एव त्रिधा भिन्ना तिष्ठामि त्रिविधैर् गुणैः [प।पु। ६।१०४।२३]  इत्य् एतद्वाक्यानन्तरं—,पाद्मे श्रीकृष्णसत्यभामासꣳवादे—अहम् एव त्रिधा भिन्ना तिष्ठामि त्रिविधैर् गुणैः [प.पु. ६.१०४.२३]  इत्य् एतद्वाक्यानन्तरꣳ—
539,gaurīṁ lakṣmīṁ dharāṁ caiva praṇemur bhakti-tat-parāḥ || [pa.pu. 6.104.26] iti |,गौरीं लक्ष्मीं धरां चैव प्रणेमुर् भक्तितत्पराः ॥ [प.पु. ६.१०४.२६] इति ।,गौरीꣳ लक्ष्मीꣳ धराꣳ चैव प्रणेमुर् भक्तितत्पराः ॥ [प.पु. ६.१०४.२६] इति ।
542,trivarṇā varṇitāsmābhiḥ kiṁ bhūyaḥ śrotum icchasi || [bhā.pu. 11.3.16] iti |,त्रिवर्णा वर्णितास्माभिः किं भूयः श्रोतुम् इच्छसि ॥ [भा.पु. ११.३.१६] इति ।,त्रिवर्णा वर्णितास्माभिः किꣳ भूयः श्रोतुम् इच्छसि ॥ [भा.पु. ११.३.१६] इति ।
545,tasyāṁ tamovan naihāraṁ khadyotārcir ivāhani | ,तस्यां तमोवन् नैहारं खद्योतार्चिर् इवाहनि । ,तस्याꣳ तमोवन् नैहारꣳ खद्योतार्चिर् इवाहनि । 
546,mahatītara-māyaiśyaṁ nihanty ātmani yuñjataḥ || [bhā.pu. 10.13.45] ,महतीतरमायैश्यं निहन्त्य् आत्मनि युञ्जतः ॥ [भा.पु. १०.१३.४५] ,महतीतरमायैश्यꣳ निहन्त्य् आत्मनि युञ्जतः ॥ [भा.पु. १०.१३.४५] 
547,"iti brahma-vākyaṁ tathaiva saṅgacchate | śakti-mātrasya tāratamyaṁ hi tatra vivakṣitam | svalpā śaktiḥ khalv anṛtasya satyasya vā vyañjikā bhavatu nāma, parābhavāya kalpata eveti hi tatra gamyate | dṛṣṭāntābhyāṁ ca tathaiva prakaṭitaṁ tasyāṁ tamovad ity-ādibhyām | tathā yuddheṣu māyāmaya-śastrādinā bahavaś chinna-bhinnā jātā iti purāṇādiṣu śrūyate | tataḥ sā ca māyā mithyā-kalpikā na bhavatīti gamyate | na hi maru-marīcikā-jalena kecid ārdrā bhavantīti | ","इति ब्रह्मवाक्यं तथैव सङ्गच्छते । शक्तिमात्रस्य तारतम्यं हि तत्र विवक्षितम् । स्वल्पा शक्तिः खल्व् अनृतस्य सत्यस्य वा व्यञ्जिका भवतु नाम, पराभवाय कल्पत एवेति हि तत्र गम्यते । दृष्टान्ताभ्यां च तथैव प्रकटितं तस्यां तमोवद् इत्यादिभ्याम् । तथा युद्धेषु मायामयशस्त्रादिना बहवश् छिन्नभिन्ना जाता इति पुराणादिषु श्रूयते । ततः सा च माया मिथ्याकल्पिका न भवतीति गम्यते । न हि मरुमरीचिकाजलेन केचिद् आर्द्रा भवन्तीति । ","इति ब्रह्मवाक्यꣳ तथैव सङ्गच्छते । शक्तिमात्रस्य तारतम्यꣳ हि तत्र विवक्षितम् । स्वल्पा शक्तिः खल्व् अनृतस्य सत्यस्य वा व्यञ्जिका भवतु नाम, पराभवाय कल्पत एवेति हि तत्र गम्यते । दृष्टान्ताभ्याꣳ च तथैव प्रकटितꣳ तस्याꣳ तमोवद् इत्यादिभ्याम् । तथा युद्धेषु मायामयशस्त्रादिना बहवश् छिन्नभिन्ना जाता इति पुराणादिषु श्रूयते । ततः सा च माया मिथ्याकल्पिका न भवतीति गम्यते । न हि मरुमरीचिकाजलेन केचिद् आर्द्रा भवन्तीति । "
550,ato māyāmayaṁ viṣṇuṁ ,अतो मायामयं विष्णुं ,अतो मायामयꣳ विष्णुꣳ 
552,tataś ca—ātma-māyā tad-icchā syāt ity atra jñāna-kriye api lakṣyete | jñāna-kriyā-vṛttyor apīcchopalakṣitatvāt te’pi gṛhyete | māyā vayunaṁ jñanam iti nighaṇṭau ca paryāya-śabdāḥ |,ततश् च—आत्ममाया तदिच्छा स्यात् इत्य् अत्र ज्ञानक्रिये अपि लक्ष्येते । ज्ञानक्रियावृत्त्योर् अपीच्छोपलक्षितत्वात् तेऽपि गृह्येते । माया वयुनं ज्ञनम् इति निघण्टौ च पर्यायशब्दाः ।,ततश् च—आत्ममाया तदिच्छा स्यात् इत्य् अत्र ज्ञानक्रिये अपि लक्ष्येते । ज्ञानक्रियावृत्त्योर् अपीच्छोपलक्षितत्वात् तेऽपि गृह्येते । माया वयुनꣳ ज्ञनम् इति निघण्टौ च पर्यायशब्दाः ।
553,triguṇātmikātha jñānaṁ ca ,त्रिगुणात्मिकाथ ज्ञानं च ,त्रिगुणात्मिकाथ ज्ञानꣳ च 
557,triguṇātmikātra jagat-sṛṣṭy-ādi-śaktiḥ | sā ca dvidhety uktam eva | māyā syāc chāmbarī buddhiḥ iti trikāṇḍa-śeṣaḥ | māyā dambhe kṛpāyāṁ ca iti viśva-prakāśe | ,त्रिगुणात्मिकात्र जगत्सृष्ट्यादिशक्तिः । सा च द्विधेत्य् उक्तम् एव । माया स्याच् छाम्बरी बुद्धिः इति त्रिकाण्डशेषः । माया दम्भे कृपायां च इति विश्वप्रकाशे । ,त्रिगुणात्मिकात्र जगत्सृष्ट्यादिशक्तिः । सा च द्विधेत्य् उक्तम् एव । माया स्याच् छाम्बरी बुद्धिः इति त्रिकाण्डशेषः । माया दम्भे कृपायाꣳ च इति विश्वप्रकाशे । 
558,"vyākhyātaṁ ca ṭīkā-kṛdbhir ekādaśe kālo māyā-maye jīve [bhā.pu. 11.24.27] ity atra māyā-pravartake jñāna-maye vā iti | navame, dauṣmantir atyagān māyāṁ devānāṁ gurum āyayau [bhā.pu. 9.20.27] ity atra ṭīkā ca—devānām api māyāṁ vaibhavam iti | tṛtīye’pi āpuḥ parāṁ mudam [bhā.pu. 3.15.26] ity-ādau yoga-māya-śabdena sanakādāv aṣṭāṅga-yoga-prabhāvaṁ vyākhyāya, parameśvare tu cic-chakti-vilāso vyākhyātaḥ |","व्याख्यातं च टीकाकृद्भिर् एकादशे कालो मायामये जीवे [भा.पु. ११.२४.२७] इत्य् अत्र मायाप्रवर्तके ज्ञानमये वा इति । नवमे, दौष्मन्तिर् अत्यगान् मायां देवानां गुरुम् आययौ [भा.पु. ९.२०.२७] इत्य् अत्र टीका च—देवानाम् अपि मायां वैभवम् इति । तृतीयेऽपि आपुः परां मुदम् [भा.पु. ३.१५.२६] इत्यादौ योगमायशब्देन सनकादाव् अष्टाङ्गयोगप्रभावं व्याख्याय, परमेश्वरे तु चिच्छक्तिविलासो व्याख्यातः ।","व्याख्यातꣳ च टीकाकृद्भिर् एकादशे कालो मायामये जीवे [भा.पु. ११.२४.२७] इत्य् अत्र मायाप्रवर्तके ज्ञानमये वा इति । नवमे, दौष्मन्तिर् अत्यगान् मायाꣳ देवानाꣳ गुरुम् आययौ [भा.पु. ९.२०.२७] इत्य् अत्र टीका च—देवानाम् अपि मायाꣳ वैभवम् इति । तृतीयेऽपि आपुः पराꣳ मुदम् [भा.पु. ३.१५.२६] इत्यादौ योगमायशब्देन सनकादाव् अष्टाङ्गयोगप्रभावꣳ व्याख्याय, परमेश्वरे तु चिच्छक्तिविलासो व्याख्यातः ।"
561,prakṛtir vāsanety evaṁ tavecchānanta kathyate || ,प्रकृतिर् वासनेत्य् एवं तवेच्छानन्त कथ्यते ॥ ,प्रकृतिर् वासनेत्य् एवꣳ तवेच्छानन्त कथ्यते ॥ 
562,"iti jīva-māyāyā apīcchātvaṁ dṛśyate, tad-icchābhāsatvenaiveti jñeyam | jagat-kārya-hetau tasyāṁ sākṣāt tad-icchātvānabhyupagamād guṇa-māyā triguṇa-sāmyaṁ pradhānam iti |","इति जीवमायाया अपीच्छात्वं दृश्यते, तदिच्छाभासत्वेनैवेति ज्ञेयम् । जगत्कार्यहेतौ तस्यां साक्षात् तदिच्छात्वानभ्युपगमाद् गुणमाया त्रिगुणसाम्यं प्रधानम् इति ।","इति जीवमायाया अपीच्छात्वꣳ दृश्यते, तदिच्छाभासत्वेनैवेति ज्ञेयम् । जगत्कार्यहेतौ तस्याꣳ साक्षात् तदिच्छात्वानभ्युपगमाद् गुणमाया त्रिगुणसाम्यꣳ प्रधानम् इति ।"
563,yathā vā—tvam ādyaḥ puruṣaḥ [bhā.pu. 1.7.23] ity ādi-mūla-padām evam avatāryam | śrī-vaikuṇṭhe māyaṁ niṣedhann api sākṣāt tām evāha—tvam ādya iti | kaivalye mokṣākhye śrī-vaikuṇṭha-lakṣaṇe ātmani svāṁśa eva sthitaḥ | kiṁ kṛtvā ? tatrātivirājamānayā cic-chaktyā māyāṁ dūre sthitām api tiraskṛtyaiva | mataṁ caitan-māyādikaṁ niṣedhatā śrī-śukadevena |,यथा वा—त्वम् आद्यः पुरुषः [भा.पु. १.७.२३] इत्य् आदिमूलपदाम् एवम् अवतार्यम् । श्रीवैकुण्ठे मायं निषेधन्न् अपि साक्षात् ताम् एवाह—त्वम् आद्य इति । कैवल्ये मोक्षाख्ये श्रीवैकुण्ठलक्षणे आत्मनि स्वांश एव स्थितः । किं कृत्वा ? तत्रातिविराजमानया चिच्छक्त्या मायां दूरे स्थिताम् अपि तिरस्कृत्यैव । मतं चैतन्मायादिकं निषेधता श्रीशुकदेवेन ।,यथा वा—त्वम् आद्यः पुरुषः [भा.पु. १.७.२३] इत्य् आदिमूलपदाम् एवम् अवतार्यम् । श्रीवैकुण्ठे मायꣳ निषेधन्न् अपि साक्षात् ताम् एवाह—त्वम् आद्य इति । कैवल्ये मोक्षाख्ये श्रीवैकुण्ठलक्षणे आत्मनि स्वाꣳश एव स्थितः । किꣳ कृत्वा ? तत्रातिविराजमानया चिच्छक्त्या मायाꣳ दूरे स्थिताम् अपि तिरस्कृत्यैव । मतꣳ चैतन्मायादिकꣳ निषेधता श्रीशुकदेवेन ।
565,sattvaṁ ca miśraṁ na ca kāla-vikramaḥ |,सत्त्वं च मिश्रं न च कालविक्रमः ।,सत्त्वꣳ च मिश्रꣳ न च कालविक्रमः ।
568,moksaṁ paraṁ padaṁ liṅgam amṛtaṁ viṣṇu-mandiram [pa.pu. 6.227.79] iti pādmottara-khaṇḍe vaikuṇṭha-paryāya-śabdāḥ || ,मोक्सं परं पदं लिङ्गम् अमृतं विष्णुमन्दिरम् [प.पु. ६.२२७.७९] इति पाद्मोत्तरखण्डे वैकुण्ठपर्यायशब्दाः ॥ ,मोक्सꣳ परꣳ पदꣳ लिङ्गम् अमृतꣳ विष्णुमन्दिरम् [प.पु. ६.२२७.७९] इति पाद्मोत्तरखण्डे वैकुण्ठपर्यायशब्दाः ॥ 
570,ata ūrdhvaṁ guṇādīnāṁ svarūpātmatā-nigamanāt svarūpa-śaktir eva punar api vivriyate yāvat sandarbha-samāptiḥ | tatra guṇānāṁ svarūpātmatām āhuḥ—,अत ऊर्ध्वं गुणादीनां स्वरूपात्मतानिगमनात् स्वरूपशक्तिर् एव पुनर् अपि विव्रियते यावत् सन्दर्भसमाप्तिः । तत्र गुणानां स्वरूपात्मताम् आहुः—,अत ऊर्ध्वꣳ गुणादीनाꣳ स्वरूपात्मतानिगमनात् स्वरूपशक्तिर् एव पुनर् अपि विव्रियते यावत् सन्दर्भसमाप्तिः । तत्र गुणानाꣳ स्वरूपात्मताम् आहुः—
571,sa yad ajayā tv ajām anuśayīta guṇāṁś ca juṣan ,स यद् अजया त्व् अजाम् अनुशयीत गुणांश् च जुषन् ,स यद् अजया त्व् अजाम् अनुशयीत गुणाꣳश् च जुषन् 
572,bhajati sarūpatāṁ tad anu mṛtyum apeta-bhagaḥ |,भजति सरूपतां तद् अनु मृत्युम् अपेतभगः ।,भजति सरूपताꣳ तद् अनु मृत्युम् अपेतभगः ।
575,ṭīkā ca— sa tu jīvo yad yasmāt ajayā māyayā ajām avidyām anuśayīta āliṅget | tataś ca guṇāṁś ca dehendriyādīn juṣan sevamānaḥ ātmatayā adhyasyan | tad-anu tad-anantaraṁ sarūpatāṁ tad-dharma-yogaṁ ca juṣan apeta-bhagaḥ pihitānandādi-guṇaḥ san mṛtyuṁ saṁsāraṁ bhajati prāpnoti | tvam uta tvaṁ tu jahāsi tāṁ māyām | ,टीका च— स तु जीवो यद् यस्मात् अजया मायया अजाम् अविद्याम् अनुशयीत आलिङ्गेत् । ततश् च गुणांश् च देहेन्द्रियादीन् जुषन् सेवमानः आत्मतया अध्यस्यन् । तदनु तदनन्तरं सरूपतां तद्धर्मयोगं च जुषन् अपेतभगः पिहितानन्दादिगुणः सन् मृत्युं संसारं भजति प्राप्नोति । त्वम् उत त्वं तु जहासि तां मायाम् । ,टीका च— स तु जीवो यद् यस्मात् अजया मायया अजाम् अविद्याम् अनुशयीत आलिङ्गेत् । ततश् च गुणाꣳश् च देहेन्द्रियादीन् जुषन् सेवमानः आत्मतया अध्यस्यन् । तदनु तदनन्तरꣳ सरूपताꣳ तद्धर्मयोगꣳ च जुषन् अपेतभगः पिहितानन्दादिगुणः सन् मृत्युꣳ सꣳसारꣳ भजति प्राप्नोति । त्वम् उत त्वꣳ तु जहासि ताꣳ मायाम् । 
576,"nanu sā mayy evāsti kathaṁ tyāgas tatrāha—ahir iva tvacam iti | ayaṁ bhāvaḥ—yathā bhujaṅgaḥ svagatam api kañcukaṁ guṇa-buddhyā nābhimanyate, tathā tvam ajāṁ māyāṁ | na hi nirantarāhlāda-saṁvit-kāmadhenu-vṛnda-pater ajayā kṛtyam iti tām upekṣase | ","ननु सा मय्य् एवास्ति कथं त्यागस् तत्राह—अहिर् इव त्वचम् इति । अयं भावः—यथा भुजङ्गः स्वगतम् अपि कञ्चुकं गुणबुद्ध्या नाभिमन्यते, तथा त्वम् अजां मायां । न हि निरन्तराह्लादसंवित्कामधेनुवृन्दपतेर् अजया कृत्यम् इति ताम् उपेक्षसे । ","ननु सा मय्य् एवास्ति कथꣳ त्यागस् तत्राह—अहिर् इव त्वचम् इति । अयꣳ भावः—यथा भुजङ्गः स्वगतम् अपि कञ्चुकꣳ गुणबुद्ध्या नाभिमन्यते, तथा त्वम् अजाꣳ मायाꣳ । न हि निरन्तराह्लादसꣳवित्कामधेनुवृन्दपतेर् अजया कृत्यम् इति ताम् उपेक्षसे । "
578,"kathambhūtaḥ ? aparimeya-bhagaḥ aparimeyaiśvaryaḥ | na tv anyeṣām iva deśa-kāla-paricchinnaṁ tavāṣṭa-guṇitam aiśvaryam, api tu paripūrṇa-svarūpānubandhitvād aparimitam ity arthaḥ | ity eṣā |","कथम्भूतः ? अपरिमेयभगः अपरिमेयैश्वर्यः । न त्व् अन्येषाम् इव देशकालपरिच्छिन्नं तवाष्टगुणितम् ऐश्वर्यम्, अपि तु परिपूर्णस्वरूपानुबन्धित्वाद् अपरिमितम् इत्य् अर्थः । इत्य् एषा ।","कथम्भूतः ? अपरिमेयभगः अपरिमेयैश्वर्यः । न त्व् अन्येषाम् इव देशकालपरिच्छिन्नꣳ तवाष्टगुणितम् ऐश्वर्यम्, अपि तु परिपूर्णस्वरूपानुबन्धित्वाद् अपरिमितम् इत्य् अर्थः । इत्य् एषा ।"
579,"tathā ca tatraiva pūrvam uktaṁ—tvam asi yad ātmanā samavaruddha-samasta-bhagaḥ [bhā.pu. 10.87.14] iti | yad vā, ahir iva tvacam ity atra tvak-śabdena parityaktā jīrṇa-tvag evocyate | sa yathā tāṁ jahātīti tat-samīpam api na vrajati, tathā tvam api māyā-samīpaṁ na yāsīty arthaḥ | ","तथा च तत्रैव पूर्वम् उक्तं—त्वम् असि यद् आत्मना समवरुद्धसमस्तभगः [भा.पु. १०.८७.१४] इति । यद् वा, अहिर् इव त्वचम् इत्य् अत्र त्वक्शब्देन परित्यक्ता जीर्णत्वग् एवोच्यते । स यथा तां जहातीति तत्समीपम् अपि न व्रजति, तथा त्वम् अपि मायासमीपं न यासीत्य् अर्थः । ","तथा च तत्रैव पूर्वम् उक्तꣳ—त्वम् असि यद् आत्मना समवरुद्धसमस्तभगः [भा.पु. १०.८७.१४] इति । यद् वा, अहिर् इव त्वचम् इत्य् अत्र त्वक्शब्देन परित्यक्ता जीर्णत्वग् एवोच्यते । स यथा ताꣳ जहातीति तत्समीपम् अपि न व्रजति, तथा त्वम् अपि मायासमीपꣳ न यासीत्य् अर्थः । "
581,viśuddha-vijñāna-ghanaṁ sva-saṁsthayā ,विशुद्धविज्ञानघनं स्वसंस्थया ,विशुद्धविज्ञानघनꣳ स्वसꣳस्थया 
583,tathoddhavaṁ prati śrī-bhagavad-vākyaṁ—,तथोद्धवं प्रति श्रीभगवद्वाक्यं—,तथोद्धवꣳ प्रति श्रीभगवद्वाक्यꣳ—
590,"ṭīkā ca—nanu sa eva cet sarvatra, tarhi sarvatra sarvajñatādy upalabhyeta ? tatrāha—guṇātmakaḥ sargo yasyās tayā māyayā antarhitam aiśvaryaṁ yena ity eṣā | atra bhagavad-aiśvaryasya māyayāntarhitatvena, guṇa-sargayeti māyāyā viśeṣaṇa-vinyāsena ca tad-atītatvaṁ bodhayati svarūpavat | ataḥ parameśvara iti viśeṣaṇam api tat-sahayogena pūrvam eva dattam iti jñeyam | śrutayaś ca—","टीका च—ननु स एव चेत् सर्वत्र, तर्हि सर्वत्र सर्वज्ञताद्य् उपलभ्येत ? तत्राह—गुणात्मकः सर्गो यस्यास् तया मायया अन्तर्हितम् ऐश्वर्यं येन इत्य् एषा । अत्र भगवदैश्वर्यस्य माययान्तर्हितत्वेन, गुणसर्गयेति मायाया विशेषणविन्यासेन च तदतीतत्वं बोधयति स्वरूपवत् । अतः परमेश्वर इति विशेषणम् अपि तत्सहयोगेन पूर्वम् एव दत्तम् इति ज्ञेयम् । श्रुतयश् च—","टीका च—ननु स एव चेत् सर्वत्र, तर्हि सर्वत्र सर्वज्ञताद्य् उपलभ्येत ? तत्राह—गुणात्मकः सर्गो यस्यास् तया मायया अन्तर्हितम् ऐश्वर्यꣳ येन इत्य् एषा । अत्र भगवदैश्वर्यस्य माययान्तर्हितत्वेन, गुणसर्गयेति मायाया विशेषणविन्यासेन च तदतीतत्वꣳ बोधयति स्वरूपवत् । अतः परमेश्वर इति विशेषणम् अपि तत्सहयोगेन पूर्वम् एव दत्तम् इति ज्ञेयम् । श्रुतयश् च—"
591,ajām ekāṁ lohita-śukla-kṛṣṇāṁ,अजाम् एकां लोहितशुक्लकृष्णां,अजाम् एकाꣳ लोहितशुक्लकृष्णाꣳ
592,bahvīḥ prajāḥ sṛjamānāṁ sa-rūpāḥ |,बह्वीः प्रजाः सृजमानां सरूपाः ।,बह्वीः प्रजाः सृजमानाꣳ सरूपाः ।
594,jahāty enāṁ bhukta-bhogām ajo’nyaḥ || [śve.u. 4.5],जहात्य् एनां भुक्तभोगाम् अजोऽन्यः ॥ [श्वे.उ. ४.५],जहात्य् एनाꣳ भुक्तभोगाम् अजोऽन्यः ॥ [श्वे.उ. ४.५]
595,"yad-ātmako bhagavāṁs tad-ātmikā vyaktiḥ | kim-ātmako bhagavān ? jñānātmaka aiśvaryātmakaḥ śakty-ātmakaś ca | daivātma-śaktiṁ sva-guṇair nigūḍhām [śve.u. 1.3] ity-ādyāḥ | atra sva-guṇair iti yātīta-gocarā vācām [vi.pu. 1.19.76] ity uktaiḥ svīya-svabhāvair ity arthaḥ | atra śrī-viṣṇu-purāṇe ṣaṣṭhāṁśe, nirastātiśayāhlāda- [vi.pu. 6.5.59] ity-ādi-prakaraṇaṁ tadīya-śrīdhara-svāmi-ṭīkā cānusandheyā ||","यदात्मको भगवांस् तदात्मिका व्यक्तिः । किमात्मको भगवान् ? ज्ञानात्मक ऐश्वर्यात्मकः शक्त्यात्मकश् च । दैवात्मशक्तिं स्वगुणैर् निगूढाम् [श्वे.उ. १.३] इत्याद्याः । अत्र स्वगुणैर् इति यातीतगोचरा वाचाम् [वि.पु. १.१९.७६] इत्य् उक्तैः स्वीयस्वभावैर् इत्य् अर्थः । अत्र श्रीविष्णुपुराणे षष्ठांशे, निरस्तातिशयाह्लाद- [वि.पु. ६.५.५९] इत्यादिप्रकरणं तदीयश्रीधरस्वामिटीका चानुसन्धेया ॥","यदात्मको भगवाꣳस् तदात्मिका व्यक्तिः । किमात्मको भगवान् ? ज्ञानात्मक ऐश्वर्यात्मकः शक्त्यात्मकश् च । दैवात्मशक्तिꣳ स्वगुणैर् निगूढाम् [श्वे.उ. १.३] इत्याद्याः । अत्र स्वगुणैर् इति यातीतगोचरा वाचाम् [वि.पु. १.१९.७६] इत्य् उक्तैः स्वीयस्वभावैर् इत्य् अर्थः । अत्र श्रीविष्णुपुराणे षष्ठाꣳशे, निरस्तातिशयाह्लाद- [वि.पु. ६.५.५९] इत्यादिप्रकरणꣳ तदीयश्रीधरस्वामिटीका चानुसन्धेया ॥"
598,māṁ bhajanti guṇāḥ sarve ,मां भजन्ति गुणाः सर्वे ,माꣳ भजन्ति गुणाः सर्वे 
599,nirguṇaṁ nirapekṣakam |,निर्गुणं निरपेक्षकम् ।,निर्गुणꣳ निरपेक्षकम् ।
600,suhṛdaṁ priyam ātmānaṁ ,सुहृदं प्रियम् आत्मानं ,सुहृदꣳ प्रियम् आत्मानꣳ 
603,tathā ca nārada-pañcarātre jitaṁ-te-stotre—namaḥ sarva-guṇātīta-ṣaḍ-guṇāyādi-vedhase iti | ,तथा च नारदपञ्चरात्रे जितंतेस्तोत्रे—नमः सर्वगुणातीतषड्गुणायादिवेधसे इति । ,तथा च नारदपञ्चरात्रे जितꣳतेस्तोत्रे—नमः सर्वगुणातीतषड्गुणायादिवेधसे इति । 
604,yad uktaṁ brahma-tarke—,यद् उक्तं ब्रह्मतर्के—,यद् उक्तꣳ ब्रह्मतर्के—
606,na viṣṇor na ca muktānāṁ kvāpi bhinno guṇo mataḥ ||,न विष्णोर् न च मुक्तानां क्वापि भिन्नो गुणो मतः ॥,न विष्णोर् न च मुक्तानाꣳ क्वापि भिन्नो गुणो मतः ॥
609,na vivṛṇvanti rūpāṇi varṇanīyaḥ kathaṁ sa me ||,न विवृण्वन्ति रूपाणि वर्णनीयः कथं स मे ॥,न विवृण्वन्ति रूपाणि वर्णनीयः कथꣳ स मे ॥
610,striyā mayā te kiṁ jñeyā nirguṇasya guṇāḥ prabho |,स्त्रिया मया ते किं ज्ञेया निर्गुणस्य गुणाः प्रभो ।,स्त्रिया मया ते किꣳ ज्ञेया निर्गुणस्य गुणाः प्रभो ।
611,naiva jānanti yad rūpaṁ sendrā api surāsurāḥ || iti ||,नैव जानन्ति यद् रूपं सेन्द्रा अपि सुरासुराः ॥ इति ॥,नैव जानन्ति यद् रूपꣳ सेन्द्रा अपि सुरासुराः ॥ इति ॥
612,|| 11.13 || śrī-haṁsa-devaḥ sanakādīn ||25||,॥ ११.१३ ॥ श्रीहंसदेवः सनकादीन् ॥२५॥,॥ ११.१३ ॥ श्रीहꣳसदेवः सनकादीन् ॥२५॥
613,anyatra ca śrī-haṁsa-vākya-sthitādi-grahaṇa-kroḍī-kṛtān tān bahūn eva satyaṁ śaucam [bhā.pu. 1.16.27] ity-ādibhir gaṇayitvāha—,अन्यत्र च श्रीहंसवाक्यस्थितादिग्रहणक्रोडीकृतान् तान् बहून् एव सत्यं शौचम् [भा।पु। १।१६।२७] इत्यादिभिर् गणयित्वाह—,अन्यत्र च श्रीहꣳसवाक्यस्थितादिग्रहणक्रोडीकृतान् तान् बहून् एव सत्यꣳ शौचम् [भा.पु. १.१६.२७] इत्यादिभिर् गणयित्वाह—
618,ṭīkā ca—ete ekonacatvāriṁśat | anye ca brahmaṇyatva-śaraṇyatvādayo mahānto guṇā yasmin nityāḥ sahajā na viyanti na kṣīyante sma | ity eṣā |,टीका च—एते एकोनचत्वारिंशत् । अन्ये च ब्रह्मण्यत्वशरण्यत्वादयो महान्तो गुणा यस्मिन् नित्याः सहजा न वियन्ति न क्षीयन्ते स्म । इत्य् एषा ।,टीका च—एते एकोनचत्वारिꣳशत् । अन्ये च ब्रह्मण्यत्वशरण्यत्वादयो महान्तो गुणा यस्मिन् नित्याः सहजा न वियन्ति न क्षीयन्ते स्म । इत्य् एषा ।
619,atra śrī-viṣṇu-purāṇaṁ—,अत्र श्रीविष्णुपुराणं—,अत्र श्रीविष्णुपुराणꣳ—
624,namas tubhyaṁ bhagavate ,नमस् तुभ्यं भगवते ,नमस् तुभ्यꣳ भगवते 
628,yatra bhagavad-āditvena tridhaiva sphurati svarūpe māyā na śrūyate | tasya tathā tathā sphūrtir māyayā na bhavatīty arthaḥ | tatra hetuḥ—loka-sṛṣṭāv eva vikalpituṁ sṛṣṭi-sthiti-saṁhārair vividham īśituṁ śīlaṁ yasyāḥ sā | ata eva bhūgola-praśne hetutvena rājñāpy uktam—,यत्र भगवदादित्वेन त्रिधैव स्फुरति स्वरूपे माया न श्रूयते । तस्य तथा तथा स्फूर्तिर् मायया न भवतीत्य् अर्थः । तत्र हेतुः—लोकसृष्टाव् एव विकल्पितुं सृष्टिस्थितिसंहारैर् विविधम् ईशितुं शीलं यस्याः सा । अत एव भूगोलप्रश्ने हेतुत्वेन राज्ञाप्य् उक्तम्—,यत्र भगवदादित्वेन त्रिधैव स्फुरति स्वरूपे माया न श्रूयते । तस्य तथा तथा स्फूर्तिर् मायया न भवतीत्य् अर्थः । तत्र हेतुः—लोकसृष्टाव् एव विकल्पितुꣳ सृष्टिस्थितिसꣳहारैर् विविधम् ईशितुꣳ शीलꣳ यस्याः सा । अत एव भूगोलप्रश्ने हेतुत्वेन राज्ञाप्य् उक्तम्—
629,bhagavato guṇa-maye sthūla-rūpa āveśitaṁ mano hy aguṇe’pi sūkṣmatama ātma-jyotiṣi pare brahmaṇi bhagavati vāsudevākhye kṣamam āveśitum [bhā.pu. 5.16.3] iti | ,भगवतो गुणमये स्थूलरूप आवेशितं मनो ह्य् अगुणेऽपि सूक्ष्मतम आत्मज्योतिषि परे ब्रह्मणि भगवति वासुदेवाख्ये क्षमम् आवेशितुम् [भा.पु. ५.१६.३] इति । ,भगवतो गुणमये स्थूलरूप आवेशितꣳ मनो ह्य् अगुणेऽपि सूक्ष्मतम आत्मज्योतिषि परे ब्रह्मणि भगवति वासुदेवाख्ये क्षमम् आवेशितुम् [भा.पु. ५.१६.३] इति । 
633,yan-māyayā durjayayā māṁ vadanti jagad-gurum ||,यन्मायया दुर्जयया मां वदन्ति जगद्गुरुम् ॥,यन्मायया दुर्जयया माꣳ वदन्ति जगद्गुरुम् ॥
638,"tad evam aiśvaryādi-ṣaṭkasya svarūpa-bhūtatvam uktvā, śrī-vigrahasya pūrṇa-svarūpa-bhūtatvaṁ vaktuṁ prakaraṇam ārabhyate | tatra tasya tādṛśatva-sacivaṁ nityatvaṁ tāvat pūrva-darśita-tādṛśa-vaikuṇṭhādhiṣṭhātṛtvena siddham eva | prapañcāvatīrṇatve’py āha tribhiḥ—","तद् एवम् ऐश्वर्यादिषट्कस्य स्वरूपभूतत्वम् उक्त्वा, श्रीविग्रहस्य पूर्णस्वरूपभूतत्वं वक्तुं प्रकरणम् आरभ्यते । तत्र तस्य तादृशत्वसचिवं नित्यत्वं तावत् पूर्वदर्शिततादृशवैकुण्ठाधिष्ठातृत्वेन सिद्धम् एव । प्रपञ्चावतीर्णत्वेऽप्य् आह त्रिभिः—","तद् एवम् ऐश्वर्यादिषट्कस्य स्वरूपभूतत्वम् उक्त्वा, श्रीविग्रहस्य पूर्णस्वरूपभूतत्वꣳ वक्तुꣳ प्रकरणम् आरभ्यते । तत्र तस्य तादृशत्वसचिवꣳ नित्यत्वꣳ तावत् पूर्वदर्शिततादृशवैकुण्ठाधिष्ठातृत्वेन सिद्धम् एव । प्रपञ्चावतीर्णत्वेऽप्य् आह त्रिभिः—"
640,mahā-bhūteṣv ādi-bhūtaṁ gateṣu |,महाभूतेष्व् आदिभूतं गतेषु ।,महाभूतेष्व् आदिभूतꣳ गतेषु ।
641,vyakte’vyaktaṁ kāla-vegena yāte,व्यक्तेऽव्यक्तं कालवेगेन याते,व्यक्तेऽव्यक्तꣳ कालवेगेन याते
642,bhavān ekaḥ śiṣyate śeṣa-saṁjñaḥ || [bhā.pu. 10.3.25],भवान् एकः शिष्यते शेषसंज्ञः ॥ [भा.पु. १०.३.२५],भवान् एकः शिष्यते शेषसꣳज्ञः ॥ [भा.पु. १०.३.२५]
643,ataḥ śeṣa-saṁjñaḥ | tatra yuktiḥ—,अतः शेषसंज्ञः । तत्र युक्तिः—,अतः शेषसꣳज्ञः । तत्र युक्तिः—
644,yo’yaṁ kālas tasya te’vyakta-bandho,योऽयं कालस् तस्य तेऽव्यक्तबन्धो,योऽयꣳ कालस् तस्य तेऽव्यक्तबन्धो
646,nimeṣādir vatsarānto mahīyāṁs,निमेषादिर् वत्सरान्तो महीयांस्,निमेषादिर् वत्सरान्तो महीयाꣳस्
647,taṁ tveśānaṁ kṣema-dhāma prapadye || [bhā.pu. 10.3.26],तं त्वेशानं क्षेमधाम प्रपद्ये ॥ [भा.पु. १०.३.२६],तꣳ त्वेशानꣳ क्षेमधाम प्रपद्ये ॥ [भा.पु. १०.३.२६]
648,"he avyakta-bandho sānnidhya-mātreṇa prakṛti-pravartaka ceṣṭā nimeṣonmeṣa-rūpām | śrutiś ca—sarve nimeṣā jajñire vidyutaḥ puruṣād adhi [mahā-nārāyaṇa.u. 1.8] iti | sarve nimeṣādayaḥ kālāvayavāḥ, viśeṣeṇa dyotate vidyut, puruṣaḥ paramātmeti śruti-padārthaḥ | sarvatra sṛṣṭi-saṁhārayor nimittaṁ kāla eva, tasya tu tad-aṅga-ceṣṭā-rūpatvāt tau tatra na sambhavata eveti bhāvaḥ | tatra hetv-antaraṁ kṣema-dhāmeti | tvā tvām | atra svābhīṣṭāt tasmād āvirbhāvād eva kaṁsa-bhayaṁ kaimutyena vāritavatī | tathaiva spaṣṭaṁ punar āha—","हे अव्यक्तबन्धो सान्निध्यमात्रेण प्रकृतिप्रवर्तक चेष्टा निमेषोन्मेषरूपाम् । श्रुतिश् च—सर्वे निमेषा जज्ञिरे विद्युतः पुरुषाद् अधि [महानारायण.उ. १.८] इति । सर्वे निमेषादयः कालावयवाः, विशेषेण द्योतते विद्युत्, पुरुषः परमात्मेति श्रुतिपदार्थः । सर्वत्र सृष्टिसंहारयोर् निमित्तं काल एव, तस्य तु तदङ्गचेष्टारूपत्वात् तौ तत्र न सम्भवत एवेति भावः । तत्र हेत्वन्तरं क्षेमधामेति । त्वा त्वाम् । अत्र स्वाभीष्टात् तस्माद् आविर्भावाद् एव कंसभयं कैमुत्येन वारितवती । तथैव स्पष्टं पुनर् आह—","हे अव्यक्तबन्धो सान्निध्यमात्रेण प्रकृतिप्रवर्तक चेष्टा निमेषोन्मेषरूपाम् । श्रुतिश् च—सर्वे निमेषा जज्ञिरे विद्युतः पुरुषाद् अधि [महानारायण.उ. १.८] इति । सर्वे निमेषादयः कालावयवाः, विशेषेण द्योतते विद्युत्, पुरुषः परमात्मेति श्रुतिपदार्थः । सर्वत्र सृष्टिसꣳहारयोर् निमित्तꣳ काल एव, तस्य तु तदङ्गचेष्टारूपत्वात् तौ तत्र न सम्भवत एवेति भावः । तत्र हेत्वन्तरꣳ क्षेमधामेति । त्वा त्वाम् । अत्र स्वाभीष्टात् तस्माद् आविर्भावाद् एव कꣳसभयꣳ कैमुत्येन वारितवती । तथैव स्पष्टꣳ पुनर् आह—"
650,lokān sarvān nirbhayaṁ nādhyagacchat |,लोकान् सर्वान् निर्भयं नाध्यगच्छत् ।,लोकान् सर्वान् निर्भयꣳ नाध्यगच्छत् ।
651,tvat-padābjaṁ prāpya yadṛcchayādya,त्वत्पदाब्जं प्राप्य यदृच्छयाद्य,त्वत्पदाब्जꣳ प्राप्य यदृच्छयाद्य
653,"lokān prāpya nirbhayaṁ bhayābhāvam | tvat-pādābjaṁ tu prāpyety ubhayatrāpy anvayaḥ | atra tvat-pādābjam iti śrī-vigraham eva tathā vispaṣṭaṁ sādhitavatī | ata evāmṛta-vapur iti sahasra-nāma-stotre | mṛtaṁ maraṇaṁ tad-rahitaṁ vapur asyety amṛta-vapur iti śaṅkara-bhāṣye’pi | ādyeti janmābhāvo’pi darśitaḥ, sa-janmani sarvatra sāditvasyaiva siddheḥ | tad uktam—prādurāsīd yathā prācyāṁ diśīndur iva puṣkalaḥ [bhā.pu. 10.3.8] iti |","लोकान् प्राप्य निर्भयं भयाभावम् । त्वत्पादाब्जं तु प्राप्येत्य् उभयत्राप्य् अन्वयः । अत्र त्वत्पादाब्जम् इति श्रीविग्रहम् एव तथा विस्पष्टं साधितवती । अत एवामृतवपुर् इति सहस्रनामस्तोत्रे । मृतं मरणं तद्रहितं वपुर् अस्येत्य् अमृतवपुर् इति शङ्करभाष्येऽपि । आद्येति जन्माभावोऽपि दर्शितः, सजन्मनि सर्वत्र सादित्वस्यैव सिद्धेः । तद् उक्तम्—प्रादुरासीद् यथा प्राच्यां दिशीन्दुर् इव पुष्कलः [भा.पु. १०.३.८] इति ।","लोकान् प्राप्य निर्भयꣳ भयाभावम् । त्वत्पादाब्जꣳ तु प्राप्येत्य् उभयत्राप्य् अन्वयः । अत्र त्वत्पादाब्जम् इति श्रीविग्रहम् एव तथा विस्पष्टꣳ साधितवती । अत एवामृतवपुर् इति सहस्रनामस्तोत्रे । मृतꣳ मरणꣳ तद्रहितꣳ वपुर् अस्येत्य् अमृतवपुर् इति शङ्करभाष्येऽपि । आद्येति जन्माभावोऽपि दर्शितः, सजन्मनि सर्वत्र सादित्वस्यैव सिद्धेः । तद् उक्तम्—प्रादुरासीद् यथा प्राच्याꣳ दिशीन्दुर् इव पुष्कलः [भा.पु. १०.३.८] इति ।"
656,tad evam aiśvaryādi ity-ādāv evaṁ vedāntā vicāraṇīyāḥ |,तद् एवम् ऐश्वर्यादि इत्यादाव् एवं वेदान्ता विचारणीयाः ।,तद् एवम् ऐश्वर्यादि इत्यादाव् एवꣳ वेदान्ता विचारणीयाः ।
657, nanu tasyārūpatvaṁ vedaiḥ prastūyate—asthūlam anaṇu [bṛ.ā.u. 3.8.8] ity-ādibhiḥ | , ननु तस्यारूपत्वं वेदैः प्रस्तूयते—अस्थूलम् अनणु [बृ.आ.उ. ३.८.८] इत्यादिभिः । , ननु तस्यारूपत्वꣳ वेदैः प्रस्तूयते—अस्थूलम् अनणु [बृ.आ.उ. ३.८.८] इत्यादिभिः । 
660,sa vetti viśvaṁ na ca tasyāsti vettā,स वेत्ति विश्वं न च तस्यास्ति वेत्ता,स वेत्ति विश्वꣳ न च तस्यास्ति वेत्ता
661,tam āhur ādyaṁ puruṣaṁ mahāntam || [śve.u. 3.19] ity-ādibhiś ca |,तम् आहुर् आद्यं पुरुषं महान्तम् ॥ [श्वे.उ. ३.१९] इत्यादिभिश् च ।,तम् आहुर् आद्यꣳ पुरुषꣳ महान्तम् ॥ [श्वे.उ. ३.१९] इत्यादिभिश् च ।
663,"kiṁ ca, atha yad ataḥ paro divo jyotir dīpyate viśvataḥ pṛṣṭheṣu sarvataḥ pṛṣṭheṣv anuttameṣūttameṣu lokeṣv idaṁ vāva tad yad idam asminn antaḥ puruṣe jyotiḥ [chā.u. 3.13.7] iti | atra jyotiḥ-śabdenaiva prasiddhaṁ brahma brahmatvaṁ cāsya prakaraṇa-balāt sūtra-kṛdbhiḥ sādhitaṁ, tatas tasya jyotiṣṭve sati rūpitvam eva siddhyati | ","किं च, अथ यद् अतः परो दिवो ज्योतिर् दीप्यते विश्वतः पृष्ठेषु सर्वतः पृष्ठेष्व् अनुत्तमेषूत्तमेषु लोकेष्व् इदं वाव तद् यद् इदम् अस्मिन्न् अन्तः पुरुषे ज्योतिः [छा.उ. ३.१३.७] इति । अत्र ज्योतिःशब्देनैव प्रसिद्धं ब्रह्म ब्रह्मत्वं चास्य प्रकरणबलात् सूत्रकृद्भिः साधितं, ततस् तस्य ज्योतिष्ट्वे सति रूपित्वम् एव सिद्ध्यति । ","किꣳ च, अथ यद् अतः परो दिवो ज्योतिर् दीप्यते विश्वतः पृष्ठेषु सर्वतः पृष्ठेष्व् अनुत्तमेषूत्तमेषु लोकेष्व् इदꣳ वाव तद् यद् इदम् अस्मिन्न् अन्तः पुरुषे ज्योतिः [छा.उ. ३.१३.७] इति । अत्र ज्योतिःशब्देनैव प्रसिद्धꣳ ब्रह्म ब्रह्मत्वꣳ चास्य प्रकरणबलात् सूत्रकृद्भिः साधितꣳ, ततस् तस्य ज्योतिष्ट्वे सति रूपित्वम् एव सिद्ध्यति । "
664,"nanu, vācaivāyaṁ jyotiṣās te [bṛ.ā.u. 4.3.5], mano-jyotir juṣatāṁ [tai.brā. 1.6.3.3] ity-ādi-darśanāt nātra tac-chabda-cakṣur-anugrāhake tejasi vartate | kiṁ tarhi yad yasyāvabhāsakaṁ tad eva tatra jyotir ucyata iti | brahmaṇo’pi caitanya-mātrasya sarvāvabhāsakatvāt jyotiṣṭvaṁ satyam | yadyapi tat-svarūpatvād api jyotiṣṭvaṁ bhavet, tathāpi prasiddhārthaṁ yat jyotiṣṭvaṁ, tad api tasyāvagamyate śruty-antarāt | tathā hi—","ननु, वाचैवायं ज्योतिषास् ते [बृ.आ.उ. ४.३.५], मनोज्योतिर् जुषतां [तै.ब्रा. १.६.३.३] इत्यादिदर्शनात् नात्र तच्छब्दचक्षुरनुग्राहके तेजसि वर्तते । किं तर्हि यद् यस्यावभासकं तद् एव तत्र ज्योतिर् उच्यत इति । ब्रह्मणोऽपि चैतन्यमात्रस्य सर्वावभासकत्वात् ज्योतिष्ट्वं सत्यम् । यद्यपि तत्स्वरूपत्वाद् अपि ज्योतिष्ट्वं भवेत्, तथापि प्रसिद्धार्थं यत् ज्योतिष्ट्वं, तद् अपि तस्यावगम्यते श्रुत्यन्तरात् । तथा हि—","ननु, वाचैवायꣳ ज्योतिषास् ते [बृ.आ.उ. ४.३.५], मनोज्योतिर् जुषताꣳ [तै.ब्रा. १.६.३.३] इत्यादिदर्शनात् नात्र तच्छब्दचक्षुरनुग्राहके तेजसि वर्तते । किꣳ तर्हि यद् यस्यावभासकꣳ तद् एव तत्र ज्योतिर् उच्यत इति । ब्रह्मणोऽपि चैतन्यमात्रस्य सर्वावभासकत्वात् ज्योतिष्ट्वꣳ सत्यम् । यद्यपि तत्स्वरूपत्वाद् अपि ज्योतिष्ट्वꣳ भवेत्, तथापि प्रसिद्धार्थꣳ यत् ज्योतिष्ट्वꣳ, तद् अपि तस्यावगम्यते श्रुत्यन्तरात् । तथा हि—"
665,na tatra sūryo bhāti na candra-tārakaṁ,न तत्र सूर्यो भाति न चन्द्रतारकं,न तत्र सूर्यो भाति न चन्द्रतारकꣳ
667,tam eva bhāntam anubhāti sarvaṁ,तम् एव भान्तम् अनुभाति सर्वं,तम् एव भान्तम् अनुभाति सर्वꣳ
668,tasya bhāsā sarvam idaṁ vibhāti || [ka.u. 2.2.15] iti samāmananti |,तस्य भासा सर्वम् इदं विभाति ॥ [क.उ. २.२.१५] इति समामनन्ति ।,तस्य भासा सर्वम् इदꣳ विभाति ॥ [क.उ. २.२.१५] इति समामनन्ति ।
669,"atra tejaḥ-svabhāvānāṁ sūryādīnāṁ, tatra bhāna-pratiṣedhāt pūrvavat jyotī-rūpatvam evopapadyate | sūryo’vabhāsamāne candra-tārakādi na bhāsata itivat | evaṁ samāna-svabhāva evānukāra-darśanāc ca tad-rūpatvam eva—gacchantam anugacchantītivat | yat tu vahniṁ dahantam anudahati sutaptaṁ loham ity atra vāyuṁ vahantaṁ tam anuvahati raja ity atra cānyathātvaṁ, tatrāpi dahana-vahana-kriyayos tatraiva mukhyatvam iti | brahmaṇy api tādṛśa-jyotiṣṭvasya tathātvam | evaṁ tad-bhāsā sarvasya bhāsamānatve’pi tad-rūpatvaṁ siddhyati | ata evānumānam iti siddham | sūryam anubhānti raśmaya itivat, na tu dīpo dīpāntaram anubhātītivad viruddham | atas tasya prasiddhārtha-jyotī-rūpatve sarva-paratve ca śruti-śabdeṣv eva sati kiṁ-nāmānyathā-gati-kriyayā, śrutes tu śabda-mūlatvāt [ve.sū. 1.1.5] itivat | tathā hi—bhā-rūpaḥ satya-saṅkalpaḥ iti |","अत्र तेजःस्वभावानां सूर्यादीनां, तत्र भानप्रतिषेधात् पूर्ववत् ज्योतीरूपत्वम् एवोपपद्यते । सूर्योऽवभासमाने चन्द्रतारकादि न भासत इतिवत् । एवं समानस्वभाव एवानुकारदर्शनाच् च तद्रूपत्वम् एव—गच्छन्तम् अनुगच्छन्तीतिवत् । यत् तु वह्निं दहन्तम् अनुदहति सुतप्तं लोहम् इत्य् अत्र वायुं वहन्तं तम् अनुवहति रज इत्य् अत्र चान्यथात्वं, तत्रापि दहनवहनक्रिययोस् तत्रैव मुख्यत्वम् इति । ब्रह्मण्य् अपि तादृशज्योतिष्ट्वस्य तथात्वम् । एवं तद्भासा सर्वस्य भासमानत्वेऽपि तद्रूपत्वं सिद्ध्यति । अत एवानुमानम् इति सिद्धम् । सूर्यम् अनुभान्ति रश्मय इतिवत्, न तु दीपो दीपान्तरम् अनुभातीतिवद् विरुद्धम् । अतस् तस्य प्रसिद्धार्थज्योतीरूपत्वे सर्वपरत्वे च श्रुतिशब्देष्व् एव सति किंनामान्यथागतिक्रियया, श्रुतेस् तु शब्दमूलत्वात् [वे.सू. १.१.५] इतिवत् । तथा हि—भारूपः सत्यसङ्कल्पः इति ।","अत्र तेजःस्वभावानाꣳ सूर्यादीनाꣳ, तत्र भानप्रतिषेधात् पूर्ववत् ज्योतीरूपत्वम् एवोपपद्यते । सूर्योऽवभासमाने चन्द्रतारकादि न भासत इतिवत् । एवꣳ समानस्वभाव एवानुकारदर्शनाच् च तद्रूपत्वम् एव—गच्छन्तम् अनुगच्छन्तीतिवत् । यत् तु वह्निꣳ दहन्तम् अनुदहति सुतप्तꣳ लोहम् इत्य् अत्र वायुꣳ वहन्तꣳ तम् अनुवहति रज इत्य् अत्र चान्यथात्वꣳ, तत्रापि दहनवहनक्रिययोस् तत्रैव मुख्यत्वम् इति । ब्रह्मण्य् अपि तादृशज्योतिष्ट्वस्य तथात्वम् । एवꣳ तद्भासा सर्वस्य भासमानत्वेऽपि तद्रूपत्वꣳ सिद्ध्यति । अत एवानुमानम् इति सिद्धम् । सूर्यम् अनुभान्ति रश्मय इतिवत्, न तु दीपो दीपान्तरम् अनुभातीतिवद् विरुद्धम् । अतस् तस्य प्रसिद्धार्थज्योतीरूपत्वे सर्वपरत्वे च श्रुतिशब्देष्व् एव सति किꣳनामान्यथागतिक्रियया, श्रुतेस् तु शब्दमूलत्वात् [वे.सू. १.१.५] इतिवत् । तथा हि—भारूपः सत्यसङ्कल्पः इति ।"
670,hiraṇmaye pare kośe virajaṁ brahma niṣkalam |,हिरण्मये परे कोशे विरजं ब्रह्म निष्कलम् ।,हिरण्मये परे कोशे विरजꣳ ब्रह्म निष्कलम् ।
671,tac chubhraṁ jyotiṣaṁ jyotis tad yadātma-vido viduḥ || [mu.u. 2.2.10] iti |,तच् छुभ्रं ज्योतिषं ज्योतिस् तद् यदात्मविदो विदुः ॥ [मु.उ. २.२.१०] इति ।,तच् छुभ्रꣳ ज्योतिषꣳ ज्योतिस् तद् यदात्मविदो विदुः ॥ [मु.उ. २.२.१०] इति ।
673,yad āditya-gataṁ tejo jagad bhāsayate’khilam |,यद् आदित्यगतं तेजो जगद् भासयतेऽखिलम् ।,यद् आदित्यगतꣳ तेजो जगद् भासयतेऽखिलम् ।
676,etāvān asya mahimā tato jyāyāṁś ca pūruṣaḥ | ,एतावान् अस्य महिमा ततो ज्यायांश् च पूरुषः । ,एतावान् अस्य महिमा ततो ज्यायाꣳश् च पूरुषः । 
677,pādo’sya sarvā bhūtāni tripādasyāmṛtaṁ divi || [chā.u. 3.12.6] iti |,पादोऽस्य सर्वा भूतानि त्रिपादस्यामृतं दिवि ॥ [छा.उ. ३.१२.६] इति ।,पादोऽस्य सर्वा भूतानि त्रिपादस्यामृतꣳ दिवि ॥ [छा.उ. ३.१२.६] इति ।
679,vedāham etaṁ puruṣaṁ mahāntam,वेदाहम् एतं पुरुषं महान्तम्,वेदाहम् एतꣳ पुरुषꣳ महान्तम्
680,āditya-varṇaṁ tamasaḥ parastāt [śve.u. 3.8] ,आदित्यवर्णं तमसः परस्तात् [श्वे।उ। ३।८] ,आदित्यवर्णꣳ तमसः परस्तात् [श्वे.उ. ३.८] 
682,"kiṁ ca, śyāmāc chabalaṁ prapadye [chā.u. 8.13.1] suvarṇa-jyotiḥ iti | tasya haitasya catvāri rūpāṇi śuklaṁ raktaṁ raukmaṁ kṛṣṇaṁ [tai.ā. 3.10.6] iti, yadā paśyaḥ paśyate rukma-varṇaṁ kartāram īśaṁ puruṣaṁ brahma-yoniṁ [mu.u. 3.1.3], sa aikṣata [ai.u. 1.1.1, bṛ.ā.u. 1.2.5] iti | sarve’nimeṣājajñire vidyutaḥ puruṣādadhi [ma.nā.u. 1.8] iti | sa cakṣuṣā paśyati rūpam asya [ma.nā.u. 1.11] iti, yam evaiṣa vṛṇute tena labhyas tasyaiṣa ātmā vivṛṇute tanūṁ svāṁ [mu.u. 3.2.3, ka.u. 2.1.3] iti | buddhi-mattāṅga-pratyaṅgavattāṁ bhagavato lakṣayāmahe, buddhimān manovān aṅga-pratyaṅgavān ity-ādyaiḥ, prakāśavac cāvaiyarthyāt [ve.sū. 2.2.41], rūpopanyāsāc ca [ve.sū. 1.2.23] ity ādau mādhva-bhāṣyādi-pramāṇitair vedaiḥ—paśyate, vivṛṇute, lakṣayāmahe ity ādy abhyasta-vidvat-pratyakṣa-pakṣapāta-balavattarair virodhāt, apāṇi-pādādi-vedānāṁ na tathārthaḥ saṅgacchate iti na tāvat tasyārūpatvaṁ pratipāditam ||","किं च, श्यामाच् छबलं प्रपद्ये [छा.उ. ८.१३.१] सुवर्णज्योतिः इति । तस्य हैतस्य चत्वारि रूपाणि शुक्लं रक्तं रौक्मं कृष्णं [तै.आ. ३.१०.६] इति, यदा पश्यः पश्यते रुक्मवर्णं कर्तारम् ईशं पुरुषं ब्रह्मयोनिं [मु.उ. ३.१.३], स ऐक्षत [ऐ.उ. १.१.१, बृ.आ.उ. १.२.५] इति । सर्वेऽनिमेषाजज्ञिरे विद्युतः पुरुषादधि [म.ना.उ. १.८] इति । स चक्षुषा पश्यति रूपम् अस्य [म.ना.उ. १.११] इति, यम् एवैष वृणुते तेन लभ्यस् तस्यैष आत्मा विवृणुते तनूं स्वां [मु.उ. ३.२.३, क.उ. २.१.३] इति । बुद्धिमत्ताङ्गप्रत्यङ्गवत्तां भगवतो लक्षयामहे, बुद्धिमान् मनोवान् अङ्गप्रत्यङ्गवान् इत्याद्यैः, प्रकाशवच् चावैयर्थ्यात् [वे.सू. २.२.४१], रूपोपन्यासाच् च [वे.सू. १.२.२३] इत्य् आदौ माध्वभाष्यादिप्रमाणितैर् वेदैः—पश्यते, विवृणुते, लक्षयामहे इत्य् आद्य् अभ्यस्तविद्वत्प्रत्यक्षपक्षपातबलवत्तरैर् विरोधात्, अपाणिपादादिवेदानां न तथार्थः सङ्गच्छते इति न तावत् तस्यारूपत्वं प्रतिपादितम् ॥","किꣳ च, श्यामाच् छबलꣳ प्रपद्ये [छा.उ. ८.१३.१] सुवर्णज्योतिः इति । तस्य हैतस्य चत्वारि रूपाणि शुक्लꣳ रक्तꣳ रौक्मꣳ कृष्णꣳ [तै.आ. ३.१०.६] इति, यदा पश्यः पश्यते रुक्मवर्णꣳ कर्तारम् ईशꣳ पुरुषꣳ ब्रह्मयोनिꣳ [मु.उ. ३.१.३], स ऐक्षत [ऐ.उ. १.१.१, बृ.आ.उ. १.२.५] इति । सर्वेऽनिमेषाजज्ञिरे विद्युतः पुरुषादधि [म.ना.उ. १.८] इति । स चक्षुषा पश्यति रूपम् अस्य [म.ना.उ. १.११] इति, यम् एवैष वृणुते तेन लभ्यस् तस्यैष आत्मा विवृणुते तनूꣳ स्वाꣳ [मु.उ. ३.२.३, क.उ. २.१.३] इति । बुद्धिमत्ताङ्गप्रत्यङ्गवत्ताꣳ भगवतो लक्षयामहे, बुद्धिमान् मनोवान् अङ्गप्रत्यङ्गवान् इत्याद्यैः, प्रकाशवच् चावैयर्थ्यात् [वे.सू. २.२.४१], रूपोपन्यासाच् च [वे.सू. १.२.२३] इत्य् आदौ माध्वभाष्यादिप्रमाणितैर् वेदैः—पश्यते, विवृणुते, लक्षयामहे इत्य् आद्य् अभ्यस्तविद्वत्प्रत्यक्षपक्षपातबलवत्तरैर् विरोधात्, अपाणिपादादिवेदानाꣳ न तथार्थः सङ्गच्छते इति न तावत् तस्यारूपत्वꣳ प्रतिपादितम् ॥"
683,darśanādi-kriyāyāṁ na manoratha-kalpanā-mātratvaṁ cintyam | uktaṁ cādvaita-śārīrake’pi—,दर्शनादिक्रियायां न मनोरथकल्पनामात्रत्वं चिन्त्यम् । उक्तं चाद्वैतशारीरकेऽपि—,दर्शनादिक्रियायाꣳ न मनोरथकल्पनामात्रत्वꣳ चिन्त्यम् । उक्तꣳ चाद्वैतशारीरकेऽपि—
685,"anyatrāpi darśanasya yathārthopalabdhārthatvaṁ dṛṣṭam, yathā—dṛṣṭa evātmanīśvaraḥ [mā.u. 2.2.8] ity ādau | tasmāt apāda-pāṇy-ādi-vedaiḥ katham ete viruddheran ? tasya rūpasya brahmaṇi svarūpa-bhūta-sarva-śaktitva-sthāpnayā, sarvair yuktā śaktibhir devatāsya ity ādau nitya-rūpeti viśeṣopadeśena ca nityatvaṁ siddham eva | svarūpa-nityatvaṁ tu tatra śāśvatātmā ity anenaivoktam | ata eva vivṛṇute ity evoktam, na tu kalpayatīti |","अन्यत्रापि दर्शनस्य यथार्थोपलब्धार्थत्वं दृष्टम्, यथा—दृष्ट एवात्मनीश्वरः [मा.उ. २.२.८] इत्य् आदौ । तस्मात् अपादपाण्यादिवेदैः कथम् एते विरुद्धेरन् ? तस्य रूपस्य ब्रह्मणि स्वरूपभूतसर्वशक्तित्वस्थाप्नया, सर्वैर् युक्ता शक्तिभिर् देवतास्य इत्य् आदौ नित्यरूपेति विशेषोपदेशेन च नित्यत्वं सिद्धम् एव । स्वरूपनित्यत्वं तु तत्र शाश्वतात्मा इत्य् अनेनैवोक्तम् । अत एव विवृणुते इत्य् एवोक्तम्, न तु कल्पयतीति ।","अन्यत्रापि दर्शनस्य यथार्थोपलब्धार्थत्वꣳ दृष्टम्, यथा—दृष्ट एवात्मनीश्वरः [मा.उ. २.२.८] इत्य् आदौ । तस्मात् अपादपाण्यादिवेदैः कथम् एते विरुद्धेरन् ? तस्य रूपस्य ब्रह्मणि स्वरूपभूतसर्वशक्तित्वस्थाप्नया, सर्वैर् युक्ता शक्तिभिर् देवतास्य इत्य् आदौ नित्यरूपेति विशेषोपदेशेन च नित्यत्वꣳ सिद्धम् एव । स्वरूपनित्यत्वꣳ तु तत्र शाश्वतात्मा इत्य् अनेनैवोक्तम् । अत एव विवृणुते इत्य् एवोक्तम्, न तु कल्पयतीति ।"
687,"tata eva yathāgre sūkṣma-rūpeṇāvyaktatvāt kvacit kadācid amūrtatā-sthūla-rūpeṇa vyaktatvāt kadācin mūrtatā, tathā brahmaṇo’pīty api nirastam | viśeṣatas tatrāvyaktatā-vyaktatā-bhedaś ca niṣeddhavyaḥ | tasmād rūpitvam arūpitvaṁ ceti na | atra samuccya-vyavasthā tv ekādhikaraṇatvān na sambhavaty eva | ","तत एव यथाग्रे सूक्ष्मरूपेणाव्यक्तत्वात् क्वचित् कदाचिद् अमूर्ततास्थूलरूपेण व्यक्तत्वात् कदाचिन् मूर्तता, तथा ब्रह्मणोऽपीत्य् अपि निरस्तम् । विशेषतस् तत्राव्यक्तताव्यक्तताभेदश् च निषेद्धव्यः । तस्माद् रूपित्वम् अरूपित्वं चेति न । अत्र समुच्च्यव्यवस्था त्व् एकाधिकरणत्वान् न सम्भवत्य् एव । ","तत एव यथाग्रे सूक्ष्मरूपेणाव्यक्तत्वात् क्वचित् कदाचिद् अमूर्ततास्थूलरूपेण व्यक्तत्वात् कदाचिन् मूर्तता, तथा ब्रह्मणोऽपीत्य् अपि निरस्तम् । विशेषतस् तत्राव्यक्तताव्यक्तताभेदश् च निषेद्धव्यः । तस्माद् रूपित्वम् अरूपित्वꣳ चेति न । अत्र समुच्च्यव्यवस्था त्व् एकाधिकरणत्वान् न सम्भवत्य् एव । "
689,"tarhi kā svid arūpa-śruter gatiḥ ? ucyate—arūpa-rūpa-pratipādakatayā divivdhasya śruti-jātasya paraspara-saṅgaṭṭane sati durbalānām arūpa-śrutīnāṁ tad-anugamanam eva gatiḥ | tad-anugamanaṁ cātra, kasyacid rūpasyaiva sato bhaved arūpatva-lakṣaṇa-prasādhanam | tathā-vidhaṁ rūpaṁ cātra prākṛtād anyad eva yujyate, yathā bhaga-saṁjñakam aiśvaryādi-ṣaṭkam |","तर्हि का स्विद् अरूपश्रुतेर् गतिः ? उच्यते—अरूपरूपप्रतिपादकतया दिविव्धस्य श्रुतिजातस्य परस्परसङ्गट्टने सति दुर्बलानाम् अरूपश्रुतीनां तदनुगमनम् एव गतिः । तदनुगमनं चात्र, कस्यचिद् रूपस्यैव सतो भवेद् अरूपत्वलक्षणप्रसाधनम् । तथाविधं रूपं चात्र प्राकृताद् अन्यद् एव युज्यते, यथा भगसंज्ञकम् ऐश्वर्यादिषट्कम् ।","तर्हि का स्विद् अरूपश्रुतेर् गतिः ? उच्यते—अरूपरूपप्रतिपादकतया दिविव्धस्य श्रुतिजातस्य परस्परसङ्गट्टने सति दुर्बलानाम् अरूपश्रुतीनाꣳ तदनुगमनम् एव गतिः । तदनुगमनꣳ चात्र, कस्यचिद् रूपस्यैव सतो भवेद् अरूपत्वलक्षणप्रसाधनम् । तथाविधꣳ रूपꣳ चात्र प्राकृताद् अन्यद् एव युज्यते, यथा भगसꣳज्ञकम् ऐश्वर्यादिषट्कम् ।"
690,"yadaiva hi svarūpa-śakti-prakāśamānatvena sva-prakāśa-mātraṁ bhavet, tadā cakṣur-aprakāśyatvāt arūpatvam aṅgīkaroti | tata eva sthūla-sūkṣmākhya-vyaktāvyakta-padārthebhyo vilakṣaṇaṁ tad-rūpam iti, vedānte vaiṣṇava-panthāna-vidām abhiprāyaḥ |","यदैव हि स्वरूपशक्तिप्रकाशमानत्वेन स्वप्रकाशमात्रं भवेत्, तदा चक्षुरप्रकाश्यत्वात् अरूपत्वम् अङ्गीकरोति । तत एव स्थूलसूक्ष्माख्यव्यक्ताव्यक्तपदार्थेभ्यो विलक्षणं तद्रूपम् इति, वेदान्ते वैष्णवपन्थानविदाम् अभिप्रायः ।","यदैव हि स्वरूपशक्तिप्रकाशमानत्वेन स्वप्रकाशमात्रꣳ भवेत्, तदा चक्षुरप्रकाश्यत्वात् अरूपत्वम् अङ्गीकरोति । तत एव स्थूलसूक्ष्माख्यव्यक्ताव्यक्तपदार्थेभ्यो विलक्षणꣳ तद्रूपम् इति, वेदान्ते वैष्णवपन्थानविदाम् अभिप्रायः ।"
691,"tathā ca, prakāśavac cāvaiśeṣyaṁ [ve.sū. 3.2.25] ity atra vyākhyātaṁ mādhva-bhāṣye—agny-ādivat sthūla-sūkṣmatva-viśeṣāt tasya tādṛśatvaṁ na sambhavati | nāsau sthūlo na sūkṣmaṁ para eva sa bhavati, tasmād āhuḥ paramam iti māṇḍavya-śruteḥ | ","तथा च, प्रकाशवच् चावैशेष्यं [वे.सू. ३.२.२५] इत्य् अत्र व्याख्यातं माध्वभाष्ये—अग्न्यादिवत् स्थूलसूक्ष्मत्वविशेषात् तस्य तादृशत्वं न सम्भवति । नासौ स्थूलो न सूक्ष्मं पर एव स भवति, तस्माद् आहुः परमम् इति माण्डव्यश्रुतेः । ","तथा च, प्रकाशवच् चावैशेष्यꣳ [वे.सू. ३.२.२५] इत्य् अत्र व्याख्यातꣳ माध्वभाष्ये—अग्न्यादिवत् स्थूलसूक्ष्मत्वविशेषात् तस्य तादृशत्वꣳ न सम्भवति । नासौ स्थूलो न सूक्ष्मꣳ पर एव स भवति, तस्माद् आहुः परमम् इति माण्डव्यश्रुतेः । "
696,yasmād avyakta-vyakta-bhāvau tasmin na staḥ tasmāt tābhyām atiriktaṁ rūpaṁ—yat tat prāhur avyaktam ādyaṁ [bhā.pu. 10.3.11] ity ādau prasiddhaṁ yad avyaktākhyaṁ paraṁ tattvaṁ rūpaṁ vigraho yasyeti kaurma-vacanārthaḥ | asya pūrṇa-parama-tattvākāratvam agre mūla-grantha eve vivecanīyaṁ | ata eva bahu-vrīhir ayam aupacārikeṇaiva bhedena boddhavyaḥ |,यस्माद् अव्यक्तव्यक्तभावौ तस्मिन् न स्तः तस्मात् ताभ्याम् अतिरिक्तं रूपं—यत् तत् प्राहुर् अव्यक्तम् आद्यं [भा.पु. १०.३.११] इत्य् आदौ प्रसिद्धं यद् अव्यक्ताख्यं परं तत्त्वं रूपं विग्रहो यस्येति कौर्मवचनार्थः । अस्य पूर्णपरमतत्त्वाकारत्वम् अग्रे मूलग्रन्थ एवे विवेचनीयं । अत एव बहुव्रीहिर् अयम् औपचारिकेणैव भेदेन बोद्धव्यः ।,यस्माद् अव्यक्तव्यक्तभावौ तस्मिन् न स्तः तस्मात् ताभ्याम् अतिरिक्तꣳ रूपꣳ—यत् तत् प्राहुर् अव्यक्तम् आद्यꣳ [भा.पु. १०.३.११] इत्य् आदौ प्रसिद्धꣳ यद् अव्यक्ताख्यꣳ परꣳ तत्त्वꣳ रूपꣳ विग्रहो यस्येति कौर्मवचनार्थः । अस्य पूर्णपरमतत्त्वाकारत्वम् अग्रे मूलग्रन्थ एवे विवेचनीयꣳ । अत एव बहुव्रीहिर् अयम् औपचारिकेणैव भेदेन बोद्धव्यः ।
697,"ata eva tasya rūpasya para-vidyaika-vyaṅgya-sva-prakāśa-para-brahmatvaṁ—yadā paśyaḥ paśyataḥ ity asyānte tad-darśana-mātreṇāśeṣa-karmāvadhūnana-pūrvaka-parama-siddhi-prāpti-liṅgato vyañjitam—tadā pumān puṇya-pāpe vidhūya nirañjanaṁ pātmaṁ sāmyam upaiti ity anena | bhidyate hṛdaya-granthiḥ ity-ādi-śruti-sāmānyaṁ, tathā parāpi śrutir āditya-puruṣam adhikṛtya sarva-pāpmātyaya-kathanottaram eva rūpaṁ varṇayantī tasya rūpasya pāpmāpara-paryāya-māyika-doṣa-rāhityam evāṅgīkaroti—eṣa ātmāpahata-pāpmā [chā.u. 8.1.5] iti śruti-sāmānyāt | taj-jñāninām api pāpmātyaya-liṅgāt kaimutyena ca tad eva draḍhayati—","अत एव तस्य रूपस्य परविद्यैकव्यङ्ग्यस्वप्रकाशपरब्रह्मत्वं—यदा पश्यः पश्यतः इत्य् अस्यान्ते तद्दर्शनमात्रेणाशेषकर्मावधूननपूर्वकपरमसिद्धिप्राप्तिलिङ्गतो व्यञ्जितम्—तदा पुमान् पुण्यपापे विधूय निरञ्जनं पात्मं साम्यम् उपैति इत्य् अनेन । भिद्यते हृदयग्रन्थिः इत्यादिश्रुतिसामान्यं, तथा परापि श्रुतिर् आदित्यपुरुषम् अधिकृत्य सर्वपाप्मात्ययकथनोत्तरम् एव रूपं वर्णयन्ती तस्य रूपस्य पाप्मापरपर्यायमायिकदोषराहित्यम् एवाङ्गीकरोति—एष आत्मापहतपाप्मा [छा.उ. ८.१.५] इति श्रुतिसामान्यात् । तज्ज्ञानिनाम् अपि पाप्मात्ययलिङ्गात् कैमुत्येन च तद् एव द्रढयति—","अत एव तस्य रूपस्य परविद्यैकव्यङ्ग्यस्वप्रकाशपरब्रह्मत्वꣳ—यदा पश्यः पश्यतः इत्य् अस्यान्ते तद्दर्शनमात्रेणाशेषकर्मावधूननपूर्वकपरमसिद्धिप्राप्तिलिङ्गतो व्यञ्जितम्—तदा पुमान् पुण्यपापे विधूय निरञ्जनꣳ पात्मꣳ साम्यम् उपैति इत्य् अनेन । भिद्यते हृदयग्रन्थिः इत्यादिश्रुतिसामान्यꣳ, तथा परापि श्रुतिर् आदित्यपुरुषम् अधिकृत्य सर्वपाप्मात्ययकथनोत्तरम् एव रूपꣳ वर्णयन्ती तस्य रूपस्य पाप्मापरपर्यायमायिकदोषराहित्यम् एवाङ्गीकरोति—एष आत्मापहतपाप्मा [छा.उ. ८.१.५] इति श्रुतिसामान्यात् । तज्ज्ञानिनाम् अपि पाप्मात्ययलिङ्गात् कैमुत्येन च तद् एव द्रढयति—"
698,"atha ya eṣo’ntarāditye hiraṇmayaḥ puruṣo dṛśyate, hiraṇya-śmaśrur hiraṇya-keśa āpraṇakhāt sarva eva suvarṇaḥ | tasya yathā kapy-āsaṁ sarva eva puṇḍarīkam evam akṣiṇī | tasyod iti nāma | sa eṣa sarvebhyaḥ pāpmabhya uditaḥ | udeti ha vai sarvebhyaḥ pāpmabhyo ya evaṁ veda || [chā.u. 1.6.6-7] iti |","अथ य एषोऽन्तरादित्ये हिरण्मयः पुरुषो दृश्यते, हिरण्यश्मश्रुर् हिरण्यकेश आप्रणखात् सर्व एव सुवर्णः । तस्य यथा कप्यासं सर्व एव पुण्डरीकम् एवम् अक्षिणी । तस्योद् इति नाम । स एष सर्वेभ्यः पाप्मभ्य उदितः । उदेति ह वै सर्वेभ्यः पाप्मभ्यो य एवं वेद ॥ [छा.उ. १.६.६-७] इति ।","अथ य एषोऽन्तरादित्ये हिरण्मयः पुरुषो दृश्यते, हिरण्यश्मश्रुर् हिरण्यकेश आप्रणखात् सर्व एव सुवर्णः । तस्य यथा कप्यासꣳ सर्व एव पुण्डरीकम् एवम् अक्षिणी । तस्योद् इति नाम । स एष सर्वेभ्यः पाप्मभ्य उदितः । उदेति ह वै सर्वेभ्यः पाप्मभ्यो य एवꣳ वेद ॥ [छा.उ. १.६.६-७] इति ।"
699,"kiṁ ca, nāsad āsīd ākhye [ṛ.ve. 10.129.1] iti brahma-sūkte brahmaṇi prākṛtātītasya prāṇasya sad-bhāva-śravaṇena tat-tan-niṣedha-vākyam | aprāṇo hy amanāṁ śubhraḥ [mu.u. 2.1.2] ity-ādikaṁ prākṛta-viṣayam eveti gamyate, yathā—","किं च, नासद् आसीद् आख्ये [ऋ.वे. १०.१२९.१] इति ब्रह्मसूक्ते ब्रह्मणि प्राकृतातीतस्य प्राणस्य सद्भावश्रवणेन तत्तन्निषेधवाक्यम् । अप्राणो ह्य् अमनां शुभ्रः [मु.उ. २.१.२] इत्यादिकं प्राकृतविषयम् एवेति गम्यते, यथा—","किꣳ च, नासद् आसीद् आख्ये [ऋ.वे. १०.१२९.१] इति ब्रह्मसूक्ते ब्रह्मणि प्राकृतातीतस्य प्राणस्य सद्भावश्रवणेन तत्तन्निषेधवाक्यम् । अप्राणो ह्य् अमनाꣳ शुभ्रः [मु.उ. २.१.२] इत्यादिकꣳ प्राकृतविषयम् एवेति गम्यते, यथा—"
700,na mṛtyur āsīd amṛtaṁ na tarhi ,न मृत्युर् आसीद् अमृतं न तर्हि ,न मृत्युर् आसीद् अमृतꣳ न तर्हि 
702,ānīd avātaṁ svadhayā tad ekaṁ,आनीद् अवातं स्वधया तद् एकं,आनीद् अवातꣳ स्वधया तद् एकꣳ
704,atra sa ānīd iti prāṇa-karmopādānāt prāg-utpatteḥ santam eva prāṇaṁ sūcayati | evaṁ vā are’sya mahato bhūtasya niḥśvasitam etat [bṛ.ā.u. 2.3.10] iti śruty-antare ca tat sad-bhāvas tasmiṁl lakṣyate | tatra avātam iti viśeṣaṇāt tu prākṛta-vātatvaṁ niṣedhatīti spaṣṭam eva | tatas tathā-vidha-prāṇatva-śravaṇena tat-sahacāriṇaḥ śrī-vigrahasya sad-bhāvas tādṛśa-bhāvaś ca gamyata eva—,अत्र स आनीद् इति प्राणकर्मोपादानात् प्रागुत्पत्तेः सन्तम् एव प्राणं सूचयति । एवं वा अरेऽस्य महतो भूतस्य निःश्वसितम् एतत् [बृ.आ.उ. २.३.१०] इति श्रुत्यन्तरे च तत् सद्भावस् तस्मिंल् लक्ष्यते । तत्र अवातम् इति विशेषणात् तु प्राकृतवातत्वं निषेधतीति स्पष्टम् एव । ततस् तथाविधप्राणत्वश्रवणेन तत्सहचारिणः श्रीविग्रहस्य सद्भावस् तादृशभावश् च गम्यत एव—,अत्र स आनीद् इति प्राणकर्मोपादानात् प्रागुत्पत्तेः सन्तम् एव प्राणꣳ सूचयति । एवꣳ वा अरेऽस्य महतो भूतस्य निःश्वसितम् एतत् [बृ.आ.उ. २.३.१०] इति श्रुत्यन्तरे च तत् सद्भावस् तस्मिꣳल् लक्ष्यते । तत्र अवातम् इति विशेषणात् तु प्राकृतवातत्वꣳ निषेधतीति स्पष्टम् एव । ततस् तथाविधप्राणत्वश्रवणेन तत्सहचारिणः श्रीविग्रहस्य सद्भावस् तादृशभावश् च गम्यत एव—
706,upāsakānāṁ kāryārthaṁ brahmaṇo rūpa-kalpanā || [rā.tā.u. 1.1.7] iti ca |,उपासकानां कार्यार्थं ब्रह्मणो रूपकल्पना ॥ [रा.ता.उ. १.१.७] इति च ।,उपासकानाꣳ कार्यार्थꣳ ब्रह्मणो रूपकल्पना ॥ [रा.ता.उ. १.१.७] इति च ।
707,evaṁ vyākhyāyate—rāmaṁ vande sac-cid-ānanda-rūpaṁ gadāri-śaṅkhābja-dharam iti | tatraiva vakṣyamāṇatvāt | pṛthak-śarīra-dhāritā-rahitasya rūpa-kalpanā aṣṭa-vidha-pratimā-racanaṁ vidhīyata ity arthaḥ | ,एवं व्याख्यायते—रामं वन्दे सच्चिदानन्दरूपं गदारिशङ्खाब्जधरम् इति । तत्रैव वक्ष्यमाणत्वात् । पृथक्शरीरधारितारहितस्य रूपकल्पना अष्टविधप्रतिमारचनं विधीयत इत्य् अर्थः । ,एवꣳ व्याख्यायते—रामꣳ वन्दे सच्चिदानन्दरूपꣳ गदारिशङ्खाब्जधरम् इति । तत्रैव वक्ष्यमाणत्वात् । पृथक्शरीरधारितारहितस्य रूपकल्पना अष्टविधप्रतिमारचनꣳ विधीयत इत्य् अर्थः । 
708,sa ca śrī-vigraho’nanta-rūpātmaka eva śrutyāntare teṣāṁ rūpāṇām etāvattva-niṣedhāt | tathā hi—mūrtaṁ caivāmūrtaṁ ca [bṛ.ā.u. 2.3.1] ity upakramyāmūrta-rūpasya ca puruṣa-śabdoditasya mahārajanādi-rūpāṇi darśayitvā tad-anantaram—athāta ādeśo neti neti [bṛ.ā.u. 2.3.6] ity atra samāpty-arthatvāt iyattā-vācakena iti-śabdena prakṛta-rūpasya etāvattvaṁ niṣedhati |,स च श्रीविग्रहोऽनन्तरूपात्मक एव श्रुत्यान्तरे तेषां रूपाणाम् एतावत्त्वनिषेधात् । तथा हि—मूर्तं चैवामूर्तं च [बृ.आ.उ. २.३.१] इत्य् उपक्रम्यामूर्तरूपस्य च पुरुषशब्दोदितस्य महारजनादिरूपाणि दर्शयित्वा तदनन्तरम्—अथात आदेशो नेति नेति [बृ.आ.उ. २.३.६] इत्य् अत्र समाप्त्यर्थत्वात् इयत्तावाचकेन इतिशब्देन प्रकृतरूपस्य एतावत्त्वं निषेधति ।,स च श्रीविग्रहोऽनन्तरूपात्मक एव श्रुत्यान्तरे तेषाꣳ रूपाणाम् एतावत्त्वनिषेधात् । तथा हि—मूर्तꣳ चैवामूर्तꣳ च [बृ.आ.उ. २.३.१] इत्य् उपक्रम्यामूर्तरूपस्य च पुरुषशब्दोदितस्य महारजनादिरूपाणि दर्शयित्वा तदनन्तरम्—अथात आदेशो नेति नेति [बृ.आ.उ. २.३.६] इत्य् अत्र समाप्त्यर्थत्वात् इयत्तावाचकेन इतिशब्देन प्रकृतरूपस्य एतावत्त्वꣳ निषेधति ।
709,"punaḥ svayam eva sā śrutiḥ—na hy etasmāt iti, nety anyat param asti ity atrādeśa-vākyam eva vyacakṣāṇā tataḥ param anyad api rūpa-viśeṣam astīti bravīti | na hy etasmān mūrta-lakṣaṇād rūpād amūrta-lakṣaṇaṁ rūpam iti etāvad eva vaktavyaṁ, kintu neti naitāvat | yato’nyad api paraṁ rūpam astīty ādeśa-vākyārtha ity arthaḥ |","पुनः स्वयम् एव सा श्रुतिः—न ह्य् एतस्मात् इति, नेत्य् अन्यत् परम् अस्ति इत्य् अत्रादेशवाक्यम् एव व्यचक्षाणा ततः परम् अन्यद् अपि रूपविशेषम् अस्तीति ब्रवीति । न ह्य् एतस्मान् मूर्तलक्षणाद् रूपाद् अमूर्तलक्षणं रूपम् इति एतावद् एव वक्तव्यं, किन्तु नेति नैतावत् । यतोऽन्यद् अपि परं रूपम् अस्तीत्य् आदेशवाक्यार्थ इत्य् अर्थः ।","पुनः स्वयम् एव सा श्रुतिः—न ह्य् एतस्मात् इति, नेत्य् अन्यत् परम् अस्ति इत्य् अत्रादेशवाक्यम् एव व्यचक्षाणा ततः परम् अन्यद् अपि रूपविशेषम् अस्तीति ब्रवीति । न ह्य् एतस्मान् मूर्तलक्षणाद् रूपाद् अमूर्तलक्षणꣳ रूपम् इति एतावद् एव वक्तव्यꣳ, किन्तु नेति नैतावत् । यतोऽन्यद् अपि परꣳ रूपम् अस्तीत्य् आदेशवाक्यार्थ इत्य् अर्थः ।"
710,evam āha sūtrakāraḥ—prakṛtaitāvattvaṁ hi pratiṣedhati tato bravīti ca bhūyaḥ [ve.sū. 3.2.22] iti | atra rūpa-mātra-niṣedhe śruty-abhiprete sati mahārajanādi-sadṛśa-rūpam aloka-prasiddhaṁ svayam upadiśya punar niṣedha-kāriṇyās tasyā unmatta-pralapitā syāt sūtrakārasya ca etāvattvam iti saṅkhyātmaka-bhāva-prayogo’samīkṣya kāritāyai bhavet | etad-rūpaṁ ca—niṣedhatīty eva sūcayituṁ kathañcid uktaṁ syād iti |,एवम् आह सूत्रकारः—प्रकृतैतावत्त्वं हि प्रतिषेधति ततो ब्रवीति च भूयः [वे.सू. ३.२.२२] इति । अत्र रूपमात्रनिषेधे श्रुत्यभिप्रेते सति महारजनादिसदृशरूपम् अलोकप्रसिद्धं स्वयम् उपदिश्य पुनर् निषेधकारिण्यास् तस्या उन्मत्तप्रलपिता स्यात् सूत्रकारस्य च एतावत्त्वम् इति सङ्ख्यात्मकभावप्रयोगोऽसमीक्ष्य कारितायै भवेत् । एतद्रूपं च—निषेधतीत्य् एव सूचयितुं कथञ्चिद् उक्तं स्याद् इति ।,एवम् आह सूत्रकारः—प्रकृतैतावत्त्वꣳ हि प्रतिषेधति ततो ब्रवीति च भूयः [वे.सू. ३.२.२२] इति । अत्र रूपमात्रनिषेधे श्रुत्यभिप्रेते सति महारजनादिसदृशरूपम् अलोकप्रसिद्धꣳ स्वयम् उपदिश्य पुनर् निषेधकारिण्यास् तस्या उन्मत्तप्रलपिता स्यात् सूत्रकारस्य च एतावत्त्वम् इति सङ्ख्यात्मकभावप्रयोगोऽसमीक्ष्य कारितायै भवेत् । एतद्रूपꣳ च—निषेधतीत्य् एव सूचयितुꣳ कथञ्चिद् उक्तꣳ स्याद् इति ।
711,tathā utpatti-sthiti-layety-ādi-padye—yad rūpaṁ dhruvam akṛtam [bhā.pu. 5.25.9] iti | yasya śrī-saṅkarṣaṇasya rūpaṁ dhruvam anantaṁ akṛtaṁ cānādi | ata eva varṣādhipopāsanā-varṇane bhavenāpi tad-rūpam adhikṛtyoktam—,तथा उत्पत्तिस्थितिलयेत्यादिपद्ये—यद् रूपं ध्रुवम् अकृतम् [भा.पु. ५.२५.९] इति । यस्य श्रीसङ्कर्षणस्य रूपं ध्रुवम् अनन्तं अकृतं चानादि । अत एव वर्षाधिपोपासनावर्णने भवेनापि तद्रूपम् अधिकृत्योक्तम्—,तथा उत्पत्तिस्थितिलयेत्यादिपद्ये—यद् रूपꣳ ध्रुवम् अकृतम् [भा.पु. ५.२५.९] इति । यस्य श्रीसङ्कर्षणस्य रूपꣳ ध्रुवम् अनन्तꣳ अकृतꣳ चानादि । अत एव वर्षाधिपोपासनावर्णने भवेनापि तद्रूपम् अधिकृत्योक्तम्—
714,"yat tu tatra tad eva rūpam adhikṛtya śrī-śukena—yā vai kalā bhagavatas tāmasi [bhā.pu. 5.25.1] iti | tathā bhavānī-nāthair [bhā.pu. 5.17.16] iti gadye, tāmasīṁ mūrtim ity uktam, tan nijāṁśa-śiva-dvārā tamo-guṇopakārakatvena jñeyam | ","यत् तु तत्र तद् एव रूपम् अधिकृत्य श्रीशुकेन—या वै कला भगवतस् तामसि [भा.पु. ५.२५.१] इति । तथा भवानीनाथैर् [भा.पु. ५.१७.१६] इति गद्ये, तामसीं मूर्तिम् इत्य् उक्तम्, तन् निजांशशिवद्वारा तमोगुणोपकारकत्वेन ज्ञेयम् । ","यत् तु तत्र तद् एव रूपम् अधिकृत्य श्रीशुकेन—या वै कला भगवतस् तामसि [भा.पु. ५.२५.१] इति । तथा भवानीनाथैर् [भा.पु. ५.१७.१६] इति गद्ये, तामसीꣳ मूर्तिम् इत्य् उक्तम्, तन् निजाꣳशशिवद्वारा तमोगुणोपकारकत्वेन ज्ञेयम् । "
715,utpatti-sthiti-laya ity-ādi-padyānantaraṁ śrī-śukenaiva śrī-nārada-vākyam anūktam—mūrtiṁ na puru-kṛpayā babhāra sattvaṁ saṁśuddhaṁ sadasad idaṁ vibhāti yatra [bhā.pu. 5.25.10] iti | tasmān nityam eva sarvaṁ bhagavad-rūpam |,उत्पत्तिस्थितिलय इत्यादिपद्यानन्तरं श्रीशुकेनैव श्रीनारदवाक्यम् अनूक्तम्—मूर्तिं न पुरुकृपया बभार सत्त्वं संशुद्धं सदसद् इदं विभाति यत्र [भा.पु. ५.२५.१०] इति । तस्मान् नित्यम् एव सर्वं भगवद्रूपम् ।,उत्पत्तिस्थितिलय इत्यादिपद्यानन्तरꣳ श्रीशुकेनैव श्रीनारदवाक्यम् अनूक्तम्—मूर्तिꣳ न पुरुकृपया बभार सत्त्वꣳ सꣳशुद्धꣳ सदसद् इदꣳ विभाति यत्र [भा.पु. ५.२५.१०] इति । तस्मान् नित्यम् एव सर्वꣳ भगवद्रूपम् ।
717,"yad atra skāndādau kvacid bhrāmakam asti, tat tu tat-tat-purāṇānāṁ tāmasa-kalpa-kathā-mayatvāt, tat-tat-kalpeṣu ca śrī-bhagavatā sva-mahimāvaraṇād yuktam eva | tad iti na bhagavattva-pratipādana-param, śuṣka-vairāgya-śiva-mahimādi-tātparyakatvāt | tatas tat-paratvābhāvān na tatra yāthārthyaṁ ca | tathāvidhaṁ śivādi-pratipādakaṁ śāstraṁ ca vaiṣṇavair na grāhyam iti skānda eva ṣaṇmukhaṁ prati śrī-śivenoktam—śiva-śāstre’pi tad grāhyaṁ viṣṇu-śāstropayogi yat iti | ata eva pādmottara-khaṇḍādau tathā-vidha-purāṇānām api tāmasatvam evoktam | ","यद् अत्र स्कान्दादौ क्वचिद् भ्रामकम् अस्ति, तत् तु तत्तत्पुराणानां तामसकल्पकथामयत्वात्, तत्तत्कल्पेषु च श्रीभगवता स्वमहिमावरणाद् युक्तम् एव । तद् इति न भगवत्त्वप्रतिपादनपरम्, शुष्कवैराग्यशिवमहिमादितात्पर्यकत्वात् । ततस् तत्परत्वाभावान् न तत्र याथार्थ्यं च । तथाविधं शिवादिप्रतिपादकं शास्त्रं च वैष्णवैर् न ग्राह्यम् इति स्कान्द एव षण्मुखं प्रति श्रीशिवेनोक्तम्—शिवशास्त्रेऽपि तद् ग्राह्यं विष्णुशास्त्रोपयोगि यत् इति । अत एव पाद्मोत्तरखण्डादौ तथाविधपुराणानाम् अपि तामसत्वम् एवोक्तम् । ","यद् अत्र स्कान्दादौ क्वचिद् भ्रामकम् अस्ति, तत् तु तत्तत्पुराणानाꣳ तामसकल्पकथामयत्वात्, तत्तत्कल्पेषु च श्रीभगवता स्वमहिमावरणाद् युक्तम् एव । तद् इति न भगवत्त्वप्रतिपादनपरम्, शुष्कवैराग्यशिवमहिमादितात्पर्यकत्वात् । ततस् तत्परत्वाभावान् न तत्र याथार्थ्यꣳ च । तथाविधꣳ शिवादिप्रतिपादकꣳ शास्त्रꣳ च वैष्णवैर् न ग्राह्यम् इति स्कान्द एव षण्मुखꣳ प्रति श्रीशिवेनोक्तम्—शिवशास्त्रेऽपि तद् ग्राह्यꣳ विष्णुशास्त्रोपयोगि यत् इति । अत एव पाद्मोत्तरखण्डादौ तथाविधपुराणानाम् अपि तामसत्वम् एवोक्तम् । "
718,"na caivaṁ teṣāṁ purāṇānām aprāmāṇyam āpatitam, paramātma-sandarbhe darśayitvāyiṣyāmānena matsya-purāṇa-vacanānusāreṇa tāmasa-rājasa-kalpa-kathāmayatvaṁ teṣāṁ, sāttvika-kalpa-kathāmayatvaṁ tu viṣṇu-pratipādakānāṁ tat-tad-guṇamayatvam iti tat-tat-kalpaṁ prāpya śrī-viṣṇur eva tathātmānaṁ pratyāyata iti | tathā tathaiva ca tat-tat-purāṇaṁ prastauti | tasmād yathā-dṛṣṭam eva tat-tad-vacanaṁ nānyathatvaṁ vahati | kintu sattvāt sañjāyate jñānam [gītā 14.17] iti brahma-kāṇḍasyeva sāttvika-purāṇānāṁ sarvordhva-jñānam ity eva labhyate | tac ca sāttvika-purāṇa eva dṛśyate ca | tad api paramātma-sandarbhe lekhyam | pādma-pātāla-khaṇḍa-vaiśākha-māhātmye ca—vyāmohāya carācarasya jagatas te te purāṇāgamāḥ [pa.pu. 5.97.27] ity uktam | ","न चैवं तेषां पुराणानाम् अप्रामाण्यम् आपतितम्, परमात्मसन्दर्भे दर्शयित्वायिष्यामानेन मत्स्यपुराणवचनानुसारेण तामसराजसकल्पकथामयत्वं तेषां, सात्त्विककल्पकथामयत्वं तु विष्णुप्रतिपादकानां तत्तद्गुणमयत्वम् इति तत्तत्कल्पं प्राप्य श्रीविष्णुर् एव तथात्मानं प्रत्यायत इति । तथा तथैव च तत्तत्पुराणं प्रस्तौति । तस्माद् यथादृष्टम् एव तत्तद्वचनं नान्यथत्वं वहति । किन्तु सत्त्वात् सञ्जायते ज्ञानम् [गीता १४.१७] इति ब्रह्मकाण्डस्येव सात्त्विकपुराणानां सर्वोर्ध्वज्ञानम् इत्य् एव लभ्यते । तच् च सात्त्विकपुराण एव दृश्यते च । तद् अपि परमात्मसन्दर्भे लेख्यम् । पाद्मपातालखण्डवैशाखमाहात्म्ये च—व्यामोहाय चराचरस्य जगतस् ते ते पुराणागमाः [प.पु. ५.९७.२७] इत्य् उक्तम् । ","न चैवꣳ तेषाꣳ पुराणानाम् अप्रामाण्यम् आपतितम्, परमात्मसन्दर्भे दर्शयित्वायिष्यामानेन मत्स्यपुराणवचनानुसारेण तामसराजसकल्पकथामयत्वꣳ तेषाꣳ, सात्त्विककल्पकथामयत्वꣳ तु विष्णुप्रतिपादकानाꣳ तत्तद्गुणमयत्वम् इति तत्तत्कल्पꣳ प्राप्य श्रीविष्णुर् एव तथात्मानꣳ प्रत्यायत इति । तथा तथैव च तत्तत्पुराणꣳ प्रस्तौति । तस्माद् यथादृष्टम् एव तत्तद्वचनꣳ नान्यथत्वꣳ वहति । किन्तु सत्त्वात् सञ्जायते ज्ञानम् [गीता १४.१७] इति ब्रह्मकाण्डस्येव सात्त्विकपुराणानाꣳ सर्वोर्ध्वज्ञानम् इत्य् एव लभ्यते । तच् च सात्त्विकपुराण एव दृश्यते च । तद् अपि परमात्मसन्दर्भे लेख्यम् । पाद्मपातालखण्डवैशाखमाहात्म्ये च—व्यामोहाय चराचरस्य जगतस् ते ते पुराणागमाः [प.पु. ५.९७.२७] इत्य् उक्तम् । "
719,śrī-bhāgavatenāpi—evaṁ vadanti rājarṣe [bhā.pu. 10.77.30] ity-ādinā tādṛśaṁ mataṁ na matam | tad idaṁ tu śrī-kṛṣṇa-sandarbhe viśiṣya sthāpayiṣyāmaḥ | ,श्रीभागवतेनापि—एवं वदन्ति राजर्षे [भा.पु. १०.७७.३०] इत्यादिना तादृशं मतं न मतम् । तद् इदं तु श्रीकृष्णसन्दर्भे विशिष्य स्थापयिष्यामः । ,श्रीभागवतेनापि—एवꣳ वदन्ति राजर्षे [भा.पु. १०.७७.३०] इत्यादिना तादृशꣳ मतꣳ न मतम् । तद् इदꣳ तु श्रीकृष्णसन्दर्भे विशिष्य स्थापयिष्यामः । 
720,sva-mataṁ tu—satyaṁ śaucaṁ dayā kṣāntir [bhā.pu. 1.16.27] ity-ādinā śrī-pṛthivī-vākyena kānti-maha-ojo-balānām api svābhāvikatvam avyabhicāritvaṁ darśayatā darśitam | naṣṭe loka [bhā.pu. 10.3.25] ity ādinā śrī-devakī-vākyena ca | tasmāt sādhūktaṁ yad rūpaṁ dhruvam akṛtam [bhā.pu. 5.25.9] iti || ,स्वमतं तु—सत्यं शौचं दया क्षान्तिर् [भा.पु. १.१६.२७] इत्यादिना श्रीपृथिवीवाक्येन कान्तिमहओजोबलानाम् अपि स्वाभाविकत्वम् अव्यभिचारित्वं दर्शयता दर्शितम् । नष्टे लोक [भा.पु. १०.३.२५] इत्य् आदिना श्रीदेवकीवाक्येन च । तस्मात् साधूक्तं यद् रूपं ध्रुवम् अकृतम् [भा.पु. ५.२५.९] इति ॥ ,स्वमतꣳ तु—सत्यꣳ शौचꣳ दया क्षान्तिर् [भा.पु. १.१६.२७] इत्यादिना श्रीपृथिवीवाक्येन कान्तिमहओजोबलानाम् अपि स्वाभाविकत्वम् अव्यभिचारित्वꣳ दर्शयता दर्शितम् । नष्टे लोक [भा.पु. १०.३.२५] इत्य् आदिना श्रीदेवकीवाक्येन च । तस्मात् साधूक्तꣳ यद् रूपꣳ ध्रुवम् अकृतम् [भा.पु. ५.२५.९] इति ॥ 
723,na cāntar na bahir yasya na pūrvaṁ nāpi cāparam |,न चान्तर् न बहिर् यस्य न पूर्वं नापि चापरम् ।,न चान्तर् न बहिर् यस्य न पूर्वꣳ नापि चापरम् ।
724,pūrvāparaṁ bahiś cāntar jagato yo jagac ca yaḥ ||,पूर्वापरं बहिश् चान्तर् जगतो यो जगच् च यः ॥,पूर्वापरꣳ बहिश् चान्तर् जगतो यो जगच् च यः ॥
725,taṁ matvātmajam avyaktaṁ martya-liṅgam adhokṣajam |,तं मत्वात्मजम् अव्यक्तं मर्त्यलिङ्गम् अधोक्षजम् ।,तꣳ मत्वात्मजम् अव्यक्तꣳ मर्त्यलिङ्गम् अधोक्षजम् ।
726,gopikolūkhale dāmnā babandha prākṛtaṁ yathā || [bhā.pu. 10.9.13-14],गोपिकोलूखले दाम्ना बबन्ध प्राकृतं यथा ॥ [भा.पु. १०.९.१३-१४],गोपिकोलूखले दाम्ना बबन्ध प्राकृतꣳ यथा ॥ [भा.पु. १०.९.१३-१४]
727,"ṭīkā ca—bandhanaṁ hi bahiḥ-parītena dāmnā antarāvṛtasya bhavati | tathā pūrvāpara-vibhāgavato vastunaḥ pūrvato dāma dhṛtvā paritaḥ pariveṣṭanena bhavati | na tv etad astīty āha—na cāntar iti | kiṁ ca, vyāpakena vyāpyasya bandho bhavati | tac cātra viparītam ity āha—pūrvāparam iti | kiṁ ca, tad-vyatiriktasya cābhāvān na bandha ity āha—jagac ca yaḥ iti | taṁ martya-liṅgam adhokṣajam ātmajaṁ matvā babandheti | ity eṣā ||","टीका च—बन्धनं हि बहिःपरीतेन दाम्ना अन्तरावृतस्य भवति । तथा पूर्वापरविभागवतो वस्तुनः पूर्वतो दाम धृत्वा परितः परिवेष्टनेन भवति । न त्व् एतद् अस्तीत्य् आह—न चान्तर् इति । किं च, व्यापकेन व्याप्यस्य बन्धो भवति । तच् चात्र विपरीतम् इत्य् आह—पूर्वापरम् इति । किं च, तद्व्यतिरिक्तस्य चाभावान् न बन्ध इत्य् आह—जगच् च यः इति । तं मर्त्यलिङ्गम् अधोक्षजम् आत्मजं मत्वा बबन्धेति । इत्य् एषा ॥","टीका च—बन्धनꣳ हि बहिःपरीतेन दाम्ना अन्तरावृतस्य भवति । तथा पूर्वापरविभागवतो वस्तुनः पूर्वतो दाम धृत्वा परितः परिवेष्टनेन भवति । न त्व् एतद् अस्तीत्य् आह—न चान्तर् इति । किꣳ च, व्यापकेन व्याप्यस्य बन्धो भवति । तच् चात्र विपरीतम् इत्य् आह—पूर्वापरम् इति । किꣳ च, तद्व्यतिरिक्तस्य चाभावान् न बन्ध इत्य् आह—जगच् च यः इति । तꣳ मर्त्यलिङ्गम् अधोक्षजम् आत्मजꣳ मत्वा बबन्धेति । इत्य् एषा ॥"
728,"jagac ca yaḥ ity atra yasya kāraṇasya vyatirekeṇa kāryasya jagato vyatirekaḥ syād iti, tad-ananyasya jagatas tac-chaktyaiva, śaktes tad-aṁśāṁśa-rūpayā rajjvā kathaṁ bandhaḥ syāt ? na hi vahnim arciṣo daheyur iti bhāvaḥ |","जगच् च यः इत्य् अत्र यस्य कारणस्य व्यतिरेकेण कार्यस्य जगतो व्यतिरेकः स्याद् इति, तदनन्यस्य जगतस् तच्छक्त्यैव, शक्तेस् तदंशांशरूपया रज्ज्वा कथं बन्धः स्यात् ? न हि वह्निम् अर्चिषो दहेयुर् इति भावः ।","जगच् च यः इत्य् अत्र यस्य कारणस्य व्यतिरेकेण कार्यस्य जगतो व्यतिरेकः स्याद् इति, तदनन्यस्य जगतस् तच्छक्त्यैव, शक्तेस् तदꣳशाꣳशरूपया रज्ज्वा कथꣳ बन्धः स्यात् ? न हि वह्निम् अर्चिषो दहेयुर् इति भावः ।"
729,"taṁ martya-liṅgam ity ādau | ṭīkā-kṛtām ayam abhiprāyaḥ—nanu sarva-vyāpakaṁ kathaṁ babandha ? na hi brahmāṇḍa-golakādikam api kaścid badhnāti | tatrāha—martya-liṅgaṁ manuṣya-vigraham | tarhi kathaṁ vyāpakatvam ? tatrāha—adhokṣajam adhaḥ-kṛtam indriyajaṁ jñānaṁ yena, taṁ sarvendriya-jñānāgocaraṁ pratyakṣādi-pramāṇair acintya-svarūpam ity arthaḥ | tasmāt tad-ākāratve’pi tasmin vibhutvam asty eveti bhāvaḥ | adhokṣajatvād evāvyaktatvam api vyākhyātam iti tan noddhṛtam | ","तं मर्त्यलिङ्गम् इत्य् आदौ । टीकाकृताम् अयम् अभिप्रायः—ननु सर्वव्यापकं कथं बबन्ध ? न हि ब्रह्माण्डगोलकादिकम् अपि कश्चिद् बध्नाति । तत्राह—मर्त्यलिङ्गं मनुष्यविग्रहम् । तर्हि कथं व्यापकत्वम् ? तत्राह—अधोक्षजम् अधःकृतम् इन्द्रियजं ज्ञानं येन, तं सर्वेन्द्रियज्ञानागोचरं प्रत्यक्षादिप्रमाणैर् अचिन्त्यस्वरूपम् इत्य् अर्थः । तस्मात् तदाकारत्वेऽपि तस्मिन् विभुत्वम् अस्त्य् एवेति भावः । अधोक्षजत्वाद् एवाव्यक्तत्वम् अपि व्याख्यातम् इति तन् नोद्धृतम् । ","तꣳ मर्त्यलिङ्गम् इत्य् आदौ । टीकाकृताम् अयम् अभिप्रायः—ननु सर्वव्यापकꣳ कथꣳ बबन्ध ? न हि ब्रह्माण्डगोलकादिकम् अपि कश्चिद् बध्नाति । तत्राह—मर्त्यलिङ्गꣳ मनुष्यविग्रहम् । तर्हि कथꣳ व्यापकत्वम् ? तत्राह—अधोक्षजम् अधःकृतम् इन्द्रियजꣳ ज्ञानꣳ येन, तꣳ सर्वेन्द्रियज्ञानागोचरꣳ प्रत्यक्षादिप्रमाणैर् अचिन्त्यस्वरूपम् इत्य् अर्थः । तस्मात् तदाकारत्वेऽपि तस्मिन् विभुत्वम् अस्त्य् एवेति भावः । अधोक्षजत्वाद् एवाव्यक्तत्वम् अपि व्याख्यातम् इति तन् नोद्धृतम् । "
730,"nanu manuṣya-vigrahatve’py aparityakta-vibhutvaṁ kathaṁ mātur nāsphurat ? tatrāha—ātmajaṁ matvā iti | vatsalādy-abhidha-prema-rasa-viśeṣasya svabhāvo’yam | yad asau svānanda-pūreṇa tasya tādṛśatvaṁ praty anubhava-paddhatim āvṛṇotīty arthaḥ | itthaṁ cātad-vīrya-kovidatvaṁ tasyā māhātmyam eva, taṁ rajjubhir baddham api kartus tasya prema-rasasyānubhāva-rūpatvāt | tad uktam—nemaṁ viriñco na bhava [bhā.pu. 10.9.20] ity-ādi |","ननु मनुष्यविग्रहत्वेऽप्य् अपरित्यक्तविभुत्वं कथं मातुर् नास्फुरत् ? तत्राह—आत्मजं मत्वा इति । वत्सलाद्यभिधप्रेमरसविशेषस्य स्वभावोऽयम् । यद् असौ स्वानन्दपूरेण तस्य तादृशत्वं प्रत्य् अनुभवपद्धतिम् आवृणोतीत्य् अर्थः । इत्थं चातद्वीर्यकोविदत्वं तस्या माहात्म्यम् एव, तं रज्जुभिर् बद्धम् अपि कर्तुस् तस्य प्रेमरसस्यानुभावरूपत्वात् । तद् उक्तम्—नेमं विरिञ्चो न भव [भा.पु. १०.९.२०] इत्यादि ।","ननु मनुष्यविग्रहत्वेऽप्य् अपरित्यक्तविभुत्वꣳ कथꣳ मातुर् नास्फुरत् ? तत्राह—आत्मजꣳ मत्वा इति । वत्सलाद्यभिधप्रेमरसविशेषस्य स्वभावोऽयम् । यद् असौ स्वानन्दपूरेण तस्य तादृशत्वꣳ प्रत्य् अनुभवपद्धतिम् आवृणोतीत्य् अर्थः । इत्थꣳ चातद्वीर्यकोविदत्वꣳ तस्या माहात्म्यम् एव, तꣳ रज्जुभिर् बद्धम् अपि कर्तुस् तस्य प्रेमरसस्यानुभावरूपत्वात् । तद् उक्तम्—नेमꣳ विरिञ्चो न भव [भा.पु. १०.९.२०] इत्यादि ।"
731,"prākṛtaṁ yathā ity anena adhokṣajam ity anena ca vastuno vyāpakatvaṁ māyayā tu martya-liṅgatvam ity api parihṛtam | yad dhi tarka-gocaro bhavati, tatraiva kadācid asambhava-rīti-darśanena sābhyupagamyate | yat tu svata eva tad-atītaṁ, tatra tat-svīkṛtir atīva-mūrkhatā | yathā bāḍava-nāmno vahner jala-nidhi-madhya eva dedīpyamānatāyām aindrajālikatā-svīkaraṇam | śrutiś ca—arvāg devā asya visarjanenātha ko veda yata ābabhūva [ṛ.ve. 10.129.6] ity ādyā |","प्राकृतं यथा इत्य् अनेन अधोक्षजम् इत्य् अनेन च वस्तुनो व्यापकत्वं मायया तु मर्त्यलिङ्गत्वम् इत्य् अपि परिहृतम् । यद् धि तर्कगोचरो भवति, तत्रैव कदाचिद् असम्भवरीतिदर्शनेन साभ्युपगम्यते । यत् तु स्वत एव तदतीतं, तत्र तत्स्वीकृतिर् अतीवमूर्खता । यथा बाडवनाम्नो वह्नेर् जलनिधिमध्य एव देदीप्यमानतायाम् ऐन्द्रजालिकतास्वीकरणम् । श्रुतिश् च—अर्वाग् देवा अस्य विसर्जनेनाथ को वेद यत आबभूव [ऋ.वे. १०.१२९.६] इत्य् आद्या ।","प्राकृतꣳ यथा इत्य् अनेन अधोक्षजम् इत्य् अनेन च वस्तुनो व्यापकत्वꣳ मायया तु मर्त्यलिङ्गत्वम् इत्य् अपि परिहृतम् । यद् धि तर्कगोचरो भवति, तत्रैव कदाचिद् असम्भवरीतिदर्शनेन साभ्युपगम्यते । यत् तु स्वत एव तदतीतꣳ, तत्र तत्स्वीकृतिर् अतीवमूर्खता । यथा बाडवनाम्नो वह्नेर् जलनिधिमध्य एव देदीप्यमानतायाम् ऐन्द्रजालिकतास्वीकरणम् । श्रुतिश् च—अर्वाग् देवा अस्य विसर्जनेनाथ को वेद यत आबभूव [ऋ.वे. १०.१२९.६] इत्य् आद्या ।"
732,"kiṁ ca, yad gataṁ bandhanaṁ, tasya śrī-vigrahasyaiva vyāpakatvaṁ vivakṣitaṁ, yat-tadoḥ sāmānādhikaraṇyāt, tasyās tatrākovidatvopapādanatvāc ca | tatra vigrahatvaṁ paricchinnāyām eva sambhavati, kara-caraṇādy-ākāra-sanniveśāt | tasmād asyaiva tasmin paricchinnatvaṁ vibhutvaṁ ca yugapad eva | mūla-siddhānta eva paraspara-virodhi-śakti-śata-nidhānatvaṁ tasya darśitam | dṛśyate’pi loke tri-doṣa-ghna-mahauṣadhīnāṁ tādṛśatvam | ","किं च, यद् गतं बन्धनं, तस्य श्रीविग्रहस्यैव व्यापकत्वं विवक्षितं, यत्तदोः सामानाधिकरण्यात्, तस्यास् तत्राकोविदत्वोपपादनत्वाच् च । तत्र विग्रहत्वं परिच्छिन्नायाम् एव सम्भवति, करचरणाद्याकारसन्निवेशात् । तस्माद् अस्यैव तस्मिन् परिच्छिन्नत्वं विभुत्वं च युगपद् एव । मूलसिद्धान्त एव परस्परविरोधिशक्तिशतनिधानत्वं तस्य दर्शितम् । दृश्यतेऽपि लोके त्रिदोषघ्नमहौषधीनां तादृशत्वम् । ","किꣳ च, यद् गतꣳ बन्धनꣳ, तस्य श्रीविग्रहस्यैव व्यापकत्वꣳ विवक्षितꣳ, यत्तदोः सामानाधिकरण्यात्, तस्यास् तत्राकोविदत्वोपपादनत्वाच् च । तत्र विग्रहत्वꣳ परिच्छिन्नायाम् एव सम्भवति, करचरणाद्याकारसन्निवेशात् । तस्माद् अस्यैव तस्मिन् परिच्छिन्नत्वꣳ विभुत्वꣳ च युगपद् एव । मूलसिद्धान्त एव परस्परविरोधिशक्तिशतनिधानत्वꣳ तस्य दर्शितम् । दृश्यतेऽपि लोके त्रिदोषघ्नमहौषधीनाꣳ तादृशत्वम् । "
733,tathaiva vibhutvam uktaṁ brahma-saṁhitāyām—,तथैव विभुत्वम् उक्तं ब्रह्मसंहितायाम्—,तथैव विभुत्वम् उक्तꣳ ब्रह्मसꣳहितायाम्—
734,panthās tu koṭi-śata-vatsara-saṁpragamyo,पन्थास् तु कोटिशतवत्सरसंप्रगम्यो,पन्थास् तु कोटिशतवत्सरसꣳप्रगम्यो
737,govindam ādi-puruṣaṁ tam ahaṁ bhajāmi || [bra.saṁ. 5.40] iti |,गोविन्दम् आदिपुरुषं तम् अहं भजामि ॥ [ब्र.सं. ५.४०] इति ।,गोविन्दम् आदिपुरुषꣳ तम् अहꣳ भजामि ॥ [ब्र.सꣳ. ५.४०] इति ।
739,"tathaiva nṛṣiṁha-tāpanī ca—turīyam aturīyam, ātmānam anātmānam, ugram anugram, vīram avīraṁ, mahāntam amahāntaṁ, viṣṇum aviṣṇuṁ, jvalantam ajvalantaṁ, sarvato-mukham asarvato-mukham [nṛ.tā.u. 2.3] ity-ādikā |","तथैव नृषिंहतापनी च—तुरीयम् अतुरीयम्, आत्मानम् अनात्मानम्, उग्रम् अनुग्रम्, वीरम् अवीरं, महान्तम् अमहान्तं, विष्णुम् अविष्णुं, ज्वलन्तम् अज्वलन्तं, सर्वतोमुखम् असर्वतोमुखम् [नृ.ता.उ. २.३] इत्यादिका ।","तथैव नृषिꣳहतापनी च—तुरीयम् अतुरीयम्, आत्मानम् अनात्मानम्, उग्रम् अनुग्रम्, वीरम् अवीरꣳ, महान्तम् अमहान्तꣳ, विष्णुम् अविष्णुꣳ, ज्वलन्तम् अज्वलन्तꣳ, सर्वतोमुखम् असर्वतोमुखम् [नृ.ता.उ. २.३] इत्यादिका ।"
743,tathaiva dṛṣṭaṁ śrī-viṣṇu-dharme—,तथैव दृष्टं श्रीविष्णुधर्मे—,तथैव दृष्टꣳ श्रीविष्णुधर्मे—
744,paramāṇv-anta-paryanta-sahasrāṁśāṇu-mūrtaye |,परमाण्वन्तपर्यन्तसहस्रांशाणुमूर्तये ।,परमाण्वन्तपर्यन्तसहस्राꣳशाणुमूर्तये ।
745,jaṭharāntāyutāṁśānta-sthita-brahmāṇḍa-dhāriṇe || iti ||,जठरान्तायुतांशान्तस्थितब्रह्माण्डधारिणे ॥ इति ॥,जठरान्तायुताꣳशान्तस्थितब्रह्माण्डधारिणे ॥ इति ॥
747,mayā tatam idaṁ sarvaṁ jagad avyakta-mūrtinā |,मया ततम् इदं सर्वं जगद् अव्यक्तमूर्तिना ।,मया ततम् इदꣳ सर्वꣳ जगद् अव्यक्तमूर्तिना ।
748,mat-sthāni sarva-bhūtāni na cāhaṁ teṣv avasthitaḥ ||,मत्स्थानि सर्वभूतानि न चाहं तेष्व् अवस्थितः ॥,मत्स्थानि सर्वभूतानि न चाहꣳ तेष्व् अवस्थितः ॥
752,tad evaṁ paricchinnasyaiva tad-ākārasya vibhutvaṁ punar-vidvad-anubhavenokta-poṣa-nyāyena darśayitum prakaraṇam ārabhyate | tatraikādaśa-padyāny āha—,तद् एवं परिच्छिन्नस्यैव तदाकारस्य विभुत्वं पुनर्विद्वदनुभवेनोक्तपोषन्यायेन दर्शयितुम् प्रकरणम् आरभ्यते । तत्रैकादशपद्यान्य् आह—,तद् एवꣳ परिच्छिन्नस्यैव तदाकारस्य विभुत्वꣳ पुनर्विद्वदनुभवेनोक्तपोषन्यायेन दर्शयितुम् प्रकरणम् आरभ्यते । तत्रैकादशपद्यान्य् आह—
753,kvāhaṁ tamo-mahad-ahaṁ-kha-carāgni-vār-bhū-,क्वाहं तमोमहदहंखचराग्निवार्भू-,क्वाहꣳ तमोमहदहꣳखचराग्निवार्भू-
754,saṁveṣṭitāṇḍa-ghaṭa-sapta-vitasti-kāyaḥ |,संवेष्टिताण्डघटसप्तवितस्तिकायः ।,सꣳवेष्टिताण्डघटसप्तवितस्तिकायः ।
758,utkṣepaṇaṁ garbha-gatasya pādayoḥ,उत्क्षेपणं गर्भगतस्य पादयोः,उत्क्षेपणꣳ गर्भगतस्य पादयोः
759,kiṁ kalpate mātur adhokṣajāgame |,किं कल्पते मातुर् अधोक्षजागमे ।,किꣳ कल्पते मातुर् अधोक्षजागमे ।
760,kim-asti-nāsti-vyapadeśa-bhūṣitaṁ,किमस्तिनास्तिव्यपदेशभूषितं,किमस्तिनास्तिव्यपदेशभूषितꣳ
763,"kiṁ ca, viśeṣatas tu tvatto yaj janma prasiddham ity āha—","किं च, विशेषतस् तु त्वत्तो यज् जन्म प्रसिद्धम् इत्य् आह—","किꣳ च, विशेषतस् तु त्वत्तो यज् जन्म प्रसिद्धम् इत्य् आह—"
768,tathāpi tvat tvattaḥ kiṁ tu notpanno’smi ha api tu tvatta evotpanno’smīty arthaḥ | ,तथापि त्वत् त्वत्तः किं तु नोत्पन्नोऽस्मि ह अपि तु त्वत्त एवोत्पन्नोऽस्मीत्य् अर्थः । ,तथापि त्वत् त्वत्तः किꣳ तु नोत्पन्नोऽस्मि ह अपि तु त्वत्त एवोत्पन्नोऽस्मीत्य् अर्थः । 
769,"nanu yady ahaṁ pralayodadhi-śāyī nārāyaṇaḥ syāṁ, tarhi mattas tvam utpanno’sīty api ghaṭate | tat tv anyathaivety āśaṅkyāha—","ननु यद्य् अहं प्रलयोदधिशायी नारायणः स्यां, तर्हि मत्तस् त्वम् उत्पन्नोऽसीत्य् अपि घटते । तत् त्व् अन्यथैवेत्य् आशङ्क्याह—","ननु यद्य् अहꣳ प्रलयोदधिशायी नारायणः स्याꣳ, तर्हि मत्तस् त्वम् उत्पन्नोऽसीत्य् अपि घटते । तत् त्व् अन्यथैवेत्य् आशङ्क्याह—"
770,nārāyaṇas tvaṁ na hi sarva-dehinām,नारायणस् त्वं न हि सर्वदेहिनाम्,नारायणस् त्वꣳ न हि सर्वदेहिनाम्
772,nārāyaṇo’ṅgaṁ nara-bhū-jalāyanāt,नारायणोऽङ्गं नरभूजलायनात्,नारायणोऽङ्गꣳ नरभूजलायनात्
773,tac cāpi satyaṁ na tavaiva māyā || [bhā.pu. 10.14.14],तच् चापि सत्यं न तवैव माया ॥ [भा.पु. १०.१४.१४],तच् चापि सत्यꣳ न तवैव माया ॥ [भा.पु. १०.१४.१४]
774,"he adhīśa ! īśasya sarvāntaryāmiṇo nārāyaṇasyāpy upari vartamāna ! he bhagavan ! ity arthaḥ | hi niścitaṁ | sa nārāyaṇas tvaṁ nāsi, kintu nārāyaṇo’sau tavaivāṅgam aṁśaḥ | yadyapy evam athāpi mama tad-aṅgotpannatvād aṅginas tvatta evotpattir iti bhāvaḥ | ","हे अधीश ! ईशस्य सर्वान्तर्यामिणो नारायणस्याप्य् उपरि वर्तमान ! हे भगवन् ! इत्य् अर्थः । हि निश्चितं । स नारायणस् त्वं नासि, किन्तु नारायणोऽसौ तवैवाङ्गम् अंशः । यद्यप्य् एवम् अथापि मम तदङ्गोत्पन्नत्वाद् अङ्गिनस् त्वत्त एवोत्पत्तिर् इति भावः । ","हे अधीश ! ईशस्य सर्वान्तर्यामिणो नारायणस्याप्य् उपरि वर्तमान ! हे भगवन् ! इत्य् अर्थः । हि निश्चितꣳ । स नारायणस् त्वꣳ नासि, किन्तु नारायणोऽसौ तवैवाङ्गम् अꣳशः । यद्यप्य् एवम् अथापि मम तदङ्गोत्पन्नत्वाद् अङ्गिनस् त्वत्त एवोत्पत्तिर् इति भावः । "
775,"katham asau nārāyaṇa ucyate ? kathaṁ vā mama tasmād vailakṣaṇyam ? tatraha—yo’sau dehinām ātmā antaryāmi-puruṣaḥ | ata eva nārasya jīva-samūhasya ayam āśrayo yatreti tasya nārāyaṇatvaṁ, sāksād bhagavatas tava tu tad-antaryāmitāyām apy audāsīnyam iti bhāvaḥ | kiṁ ca, akhila-loka-sākṣī, yasmāt akhilaṁ lokaṁ sākṣāt paśyati, tasmān nāram ayate jānātīti nārāyaṇo’sau, tvaṁ punas tenāṁśenaiva tad-draṣṭā, na tu sākṣād iti tasmād vilakṣaṇa ity arthaḥ | ","कथम् असौ नारायण उच्यते ? कथं वा मम तस्माद् वैलक्षण्यम् ? तत्रह—योऽसौ देहिनाम् आत्मा अन्तर्यामिपुरुषः । अत एव नारस्य जीवसमूहस्य अयम् आश्रयो यत्रेति तस्य नारायणत्वं, साक्साद् भगवतस् तव तु तदन्तर्यामितायाम् अप्य् औदासीन्यम् इति भावः । किं च, अखिललोकसाक्षी, यस्मात् अखिलं लोकं साक्षात् पश्यति, तस्मान् नारम् अयते जानातीति नारायणोऽसौ, त्वं पुनस् तेनांशेनैव तद्द्रष्टा, न तु साक्षाद् इति तस्माद् विलक्षण इत्य् अर्थः । ","कथम् असौ नारायण उच्यते ? कथꣳ वा मम तस्माद् वैलक्षण्यम् ? तत्रह—योऽसौ देहिनाम् आत्मा अन्तर्यामिपुरुषः । अत एव नारस्य जीवसमूहस्य अयम् आश्रयो यत्रेति तस्य नारायणत्वꣳ, साक्साद् भगवतस् तव तु तदन्तर्यामितायाम् अप्य् औदासीन्यम् इति भावः । किꣳ च, अखिललोकसाक्षी, यस्मात् अखिलꣳ लोकꣳ साक्षात् पश्यति, तस्मान् नारम् अयते जानातीति नारायणोऽसौ, त्वꣳ पुनस् तेनाꣳशेनैव तद्द्रष्टा, न तु साक्षाद् इति तस्माद् विलक्षण इत्य् अर्थः । "
776,"tarhi sa nārāyaṇas tvaṁ na bhavasīti, mamāpy anyathā nārāyaṇatvam astīti bhavatābhipretaṁ | tat katham ? ity asyottaraṁ tenaiva sambodhanena vyañjayati—adhīśeti | īśaḥ pravartakaḥ | tataś ca nārasya ayanaṁ pravṛttir yasmāt, sa nārāyaṇaḥ | tato’py adhikaiśvaryād adhīśas tvam api nārāyaṇaḥ, yathā maṇḍaleśvaro’pi nṛpatis teṣām adhipo’pi nṛpatir iti | śrī-kṛṣṇasyaiva sākṣāt-svayaṁ-bhagavattvena tasmād api paratvaṁ kṛṣṇa-sandarbhe prabandhena darśayiṣyate | ","तर्हि स नारायणस् त्वं न भवसीति, ममाप्य् अन्यथा नारायणत्वम् अस्तीति भवताभिप्रेतं । तत् कथम् ? इत्य् अस्योत्तरं तेनैव सम्बोधनेन व्यञ्जयति—अधीशेति । ईशः प्रवर्तकः । ततश् च नारस्य अयनं प्रवृत्तिर् यस्मात्, स नारायणः । ततोऽप्य् अधिकैश्वर्याद् अधीशस् त्वम् अपि नारायणः, यथा मण्डलेश्वरोऽपि नृपतिस् तेषाम् अधिपोऽपि नृपतिर् इति । श्रीकृष्णस्यैव साक्षात्स्वयंभगवत्त्वेन तस्माद् अपि परत्वं कृष्णसन्दर्भे प्रबन्धेन दर्शयिष्यते । ","तर्हि स नारायणस् त्वꣳ न भवसीति, ममाप्य् अन्यथा नारायणत्वम् अस्तीति भवताभिप्रेतꣳ । तत् कथम् ? इत्य् अस्योत्तरꣳ तेनैव सम्बोधनेन व्यञ्जयति—अधीशेति । ईशः प्रवर्तकः । ततश् च नारस्य अयनꣳ प्रवृत्तिर् यस्मात्, स नारायणः । ततोऽप्य् अधिकैश्वर्याद् अधीशस् त्वम् अपि नारायणः, यथा मण्डलेश्वरोऽपि नृपतिस् तेषाम् अधिपोऽपि नृपतिर् इति । श्रीकृष्णस्यैव साक्षात्स्वयꣳभगवत्त्वेन तस्माद् अपि परत्वꣳ कृष्णसन्दर्भे प्रबन्धेन दर्शयिष्यते । "
779,"tasya tāny ayanaṁ pūrvaṁ tena nārāyaṇaḥ smṛtaḥ || iti,","तस्य तान्य् अयनं पूर्वं तेन नारायणः स्मृतः ॥ इति,","तस्य तान्य् अयनꣳ पूर्वꣳ तेन नारायणः स्मृतः ॥ इति,"
782,ayanaṁ tasya tāḥ pūrvaṁ tena nārāyaṇaḥ smṛtaḥ || [vi.pu. 1.4.6],अयनं तस्य ताः पूर्वं तेन नारायणः स्मृतः ॥ [वि.पु. १.४.६],अयनꣳ तस्य ताः पूर्वꣳ तेन नारायणः स्मृतः ॥ [वि.पु. १.४.६]
783,"iti tasyāpi nārāyaṇatvam anyathā-prasiddham ity āśaṅkyāha—nara-bhū-jalāyanāt tac cāpīti | narād udbhūtā ye’rthās tathā narāj jātaṁ yaj jalaṁ, tad-ayanāt yac ca tac cāpi nārāyaṇatvaṁ bhavati | ","इति तस्यापि नारायणत्वम् अन्यथाप्रसिद्धम् इत्य् आशङ्क्याह—नरभूजलायनात् तच् चापीति । नराद् उद्भूता येऽर्थास् तथा नराज् जातं यज् जलं, तदयनात् यच् च तच् चापि नारायणत्वं भवति । ","इति तस्यापि नारायणत्वम् अन्यथाप्रसिद्धम् इत्य् आशङ्क्याह—नरभूजलायनात् तच् चापीति । नराद् उद्भूता येऽर्थास् तथा नराज् जातꣳ यज् जलꣳ, तदयनात् यच् च तच् चापि नारायणत्वꣳ भवति । "
784,"tarhi kathaṁ prasiddhi-parityāgenānyathā nirvakṣi ? ity ata āha—satyaṁ neti | tat-pralayodadhi-jalādy-āśrayatvaṁ satyaṁ na, kintu tathā-jñānaṁ tavaiva māyety arthaḥ | māyātra pratāraṇa-śaktiḥ, māyā dambhe kṛpāyāṁ ca iti viśva-prakāśāt | durvitarkya-svarūpa-śaktyaiva paricchinnāparicchinnāyās tvan-mūrter jalādibhir aparicchedād iti bhāvaḥ |","तर्हि कथं प्रसिद्धिपरित्यागेनान्यथा निर्वक्षि ? इत्य् अत आह—सत्यं नेति । तत्प्रलयोदधिजलाद्याश्रयत्वं सत्यं न, किन्तु तथाज्ञानं तवैव मायेत्य् अर्थः । मायात्र प्रतारणशक्तिः, माया दम्भे कृपायां च इति विश्वप्रकाशात् । दुर्वितर्क्यस्वरूपशक्त्यैव परिच्छिन्नापरिच्छिन्नायास् त्वन्मूर्तेर् जलादिभिर् अपरिच्छेदाद् इति भावः ।","तर्हि कथꣳ प्रसिद्धिपरित्यागेनान्यथा निर्वक्षि ? इत्य् अत आह—सत्यꣳ नेति । तत्प्रलयोदधिजलाद्याश्रयत्वꣳ सत्यꣳ न, किन्तु तथाज्ञानꣳ तवैव मायेत्य् अर्थः । मायात्र प्रतारणशक्तिः, माया दम्भे कृपायाꣳ च इति विश्वप्रकाशात् । दुर्वितर्क्यस्वरूपशक्त्यैव परिच्छिन्नापरिच्छिन्नायास् त्वन्मूर्तेर् जलादिभिर् अपरिच्छेदाद् इति भावः ।"
785,"śloka-catuṣṭaye’smin yasya nārāyaṇasyāntataṁ mad-ādikaṁ sarvam eva jagat, so’pi tavāntarbhūta iti tātparyam | nārāyaṇasya tādṛśatve mantra-varṇaḥ—","श्लोकचतुष्टयेऽस्मिन् यस्य नारायणस्यान्ततं मदादिकं सर्वम् एव जगत्, सोऽपि तवान्तर्भूत इति तात्पर्यम् । नारायणस्य तादृशत्वे मन्त्रवर्णः—","श्लोकचतुष्टयेऽस्मिन् यस्य नारायणस्यान्ततꣳ मदादिकꣳ सर्वम् एव जगत्, सोऽपि तवान्तर्भूत इति तात्पर्यम् । नारायणस्य तादृशत्वे मन्त्रवर्णः—"
786,yac ca kiñcij jagat sarvaṁ dṛśyate śrūyate’pi vā |,यच् च किञ्चिज् जगत् सर्वं दृश्यते श्रूयतेऽपि वा ।,यच् च किञ्चिज् जगत् सर्वꣳ दृश्यते श्रूयतेऽपि वा ।
787,antar bahiś ca tat sarvaṁ vyāpya nārāyaṇaḥ sthitaḥ || iti ||,अन्तर् बहिश् च तत् सर्वं व्याप्य नारायणः स्थितः ॥ इति ॥,अन्तर् बहिश् च तत् सर्वꣳ व्याप्य नारायणः स्थितः ॥ इति ॥
788,tan-mūrter jalādibhir aparicchede svānubhavaṁ pramāṇayati—,तन्मूर्तेर् जलादिभिर् अपरिच्छेदे स्वानुभवं प्रमाणयति—,तन्मूर्तेर् जलादिभिर् अपरिच्छेदे स्वानुभवꣳ प्रमाणयति—
789,tac cej jala-sthaṁ tava saj-jagad-vapuḥ ,तच् चेज् जलस्थं तव सज्जगद्वपुः ,तच् चेज् जलस्थꣳ तव सज्जगद्वपुः 
790,kiṁ me na dṛṣṭaṁ bhagavaṁs tadaiva |,किं मे न दृष्टं भगवंस् तदैव ।,किꣳ मे न दृष्टꣳ भगवꣳस् तदैव ।
791,kiṁ vā sudṛṣṭaṁ hṛdi me tadaiva ,किं वा सुदृष्टं हृदि मे तदैव ,किꣳ वा सुदृष्टꣳ हृदि मे तदैव 
792,kiṁ no sapady eva punar vyadarśi || [bhā.pu. 10.14.15],किं नो सपद्य् एव पुनर् व्यदर्शि ॥ [भा.पु. १०.१४.१५],किꣳ नो सपद्य् एव पुनर् व्यदर्शि ॥ [भा.पु. १०.१४.१५]
793,"jagad-āśraya-bhūtaṁ nārāyaṇābhidhaṁ tava tad-vapuḥ jalastham evety evaṁ yadi sat satyaṁ syāt, tarhi tadaiva kamala-nāla-mārgeṇāntaḥ praviśya saṁvatsara-śataṁ vicinvatāpi mayā, he bhagavann ! acintyaiśvarya ! tat kim iti na dṛṣṭam ?","जगदाश्रयभूतं नारायणाभिधं तव तद्वपुः जलस्थम् एवेत्य् एवं यदि सत् सत्यं स्यात्, तर्हि तदैव कमलनालमार्गेणान्तः प्रविश्य संवत्सरशतं विचिन्वतापि मया, हे भगवन्न् ! अचिन्त्यैश्वर्य ! तत् किम् इति न दृष्टम् ?","जगदाश्रयभूतꣳ नारायणाभिधꣳ तव तद्वपुः जलस्थम् एवेत्य् एवꣳ यदि सत् सत्यꣳ स्यात्, तर्हि तदैव कमलनालमार्गेणान्तः प्रविश्य सꣳवत्सरशतꣳ विचिन्वतापि मया, हे भगवन्न् ! अचिन्त्यैश्वर्य ! तत् किम् इति न दृष्टम् ?"
794,"yadi ca tad-vapur māyā-mātraṁ, māyā syāc chāmbarī-buddhyor iti trikāṇḍa-śeṣa-rītyā mithyābhivyañjaka-kalā-viśeṣa-darśita-mātraṁ syāt, tarhi kiṁ vā rūḍha-samādhi-yoga-virūḍha-bodhena mayā hṛdi tadaiva suṣṭhu saccidānanda-ghanatvena dṛṣṭaṁ, samādhy-anantaraṁ kiṁ vā punaḥ sapady eva no vyadarśi na dṛṣṭam | atas tvan-mūrter māyāmayatvaṁ deśa-viśeṣa-kṛta-paricchedaś ca satyo na bhavatīty arthaḥ | ","यदि च तद्वपुर् मायामात्रं, माया स्याच् छाम्बरीबुद्ध्योर् इति त्रिकाण्डशेषरीत्या मिथ्याभिव्यञ्जककलाविशेषदर्शितमात्रं स्यात्, तर्हि किं वा रूढसमाधियोगविरूढबोधेन मया हृदि तदैव सुष्ठु सच्चिदानन्दघनत्वेन दृष्टं, समाध्यनन्तरं किं वा पुनः सपद्य् एव नो व्यदर्शि न दृष्टम् । अतस् त्वन्मूर्तेर् मायामयत्वं देशविशेषकृतपरिच्छेदश् च सत्यो न भवतीत्य् अर्थः । ","यदि च तद्वपुर् मायामात्रꣳ, माया स्याच् छाम्बरीबुद्ध्योर् इति त्रिकाण्डशेषरीत्या मिथ्याभिव्यञ्जककलाविशेषदर्शितमात्रꣳ स्यात्, तर्हि किꣳ वा रूढसमाधियोगविरूढबोधेन मया हृदि तदैव सुष्ठु सच्चिदानन्दघनत्वेन दृष्टꣳ, समाध्यनन्तरꣳ किꣳ वा पुनः सपद्य् एव नो व्यदर्शि न दृष्टम् । अतस् त्वन्मूर्तेर् मायामयत्वꣳ देशविशेषकृतपरिच्छेदश् च सत्यो न भवतीत्य् अर्थः । "
795,etad vyākhyāna-nidānaṁ tṛtīya-skandhetihāso draṣṭavyaḥ | ,एतद् व्याख्याननिदानं तृतीयस्कन्धेतिहासो द्रष्टव्यः । ,एतद् व्याख्याननिदानꣳ तृतीयस्कन्धेतिहासो द्रष्टव्यः । 
796,"atra tac cāpi satyam [bhā.pu. 10.14.14] ity atra, tac cāpi aṅgaṁ satyam eva, na tu virāḍvan māyeti | tac cej jalasthe [bhā.pu. 10.14.15] ity atra ca, taj-jalasthaṁ sad-rūpaṁ tava vapur yadi jagat syāt, prapañcāntaḥ-pāti syād iti vyākurvanti, tasmād evaṁ nārāyaṇāṅgakasya bhagavad-vigrahasya viśvo’pi prapañco’ntarbhūta iti svayaṁ bhagavatā darśitam | śrīmatyā jananyaivānubhūtam ity āha—","अत्र तच् चापि सत्यम् [भा.पु. १०.१४.१४] इत्य् अत्र, तच् चापि अङ्गं सत्यम् एव, न तु विराड्वन् मायेति । तच् चेज् जलस्थे [भा.पु. १०.१४.१५] इत्य् अत्र च, तज्जलस्थं सद्रूपं तव वपुर् यदि जगत् स्यात्, प्रपञ्चान्तःपाति स्याद् इति व्याकुर्वन्ति, तस्माद् एवं नारायणाङ्गकस्य भगवद्विग्रहस्य विश्वोऽपि प्रपञ्चोऽन्तर्भूत इति स्वयं भगवता दर्शितम् । श्रीमत्या जनन्यैवानुभूतम् इत्य् आह—","अत्र तच् चापि सत्यम् [भा.पु. १०.१४.१४] इत्य् अत्र, तच् चापि अङ्गꣳ सत्यम् एव, न तु विराड्वन् मायेति । तच् चेज् जलस्थे [भा.पु. १०.१४.१५] इत्य् अत्र च, तज्जलस्थꣳ सद्रूपꣳ तव वपुर् यदि जगत् स्यात्, प्रपञ्चान्तःपाति स्याद् इति व्याकुर्वन्ति, तस्माद् एवꣳ नारायणाङ्गकस्य भगवद्विग्रहस्य विश्वोऽपि प्रपञ्चोऽन्तर्भूत इति स्वयꣳ भगवता दर्शितम् । श्रीमत्या जनन्यैवानुभूतम् इत्य् आह—"
800,māyātvam eva prakaṭīkṛtaṁ te || [bhā.pu. 10.14.16],मायात्वम् एव प्रकटीकृतं ते ॥ [भा.पु. १०.१४.१६],मायात्वम् एव प्रकटीकृतꣳ ते ॥ [भा.पु. १०.१४.१६]
801,"atraiva tāvat śrī-kṛṣṇākhye māyopaśamane’vatāre prādurbhāve, bahiś cāntar-jaṭhare ca sphuṭasya dṛṣṭasya kṛtsnasya jagataḥ sambandhe pūrvoktaṁ yan māyātvam, prapañca-kṛta-tvat-paricchedyatvasya mithyātvam | taj-jananyā jananyai te tvayā prakaṭīkṛtaṁ darśitam | tasmād bhavān jagad-antaḥstha eva, jagat tu bhavad-bahir-bhūtam ity evaṁ māyā-dharmaḥ | vastutas tu durvitarkya-svarūpa-śaktyā madhyamatve’pi vyāpako’sīti bhāvaḥ | ","अत्रैव तावत् श्रीकृष्णाख्ये मायोपशमनेऽवतारे प्रादुर्भावे, बहिश् चान्तर्जठरे च स्फुटस्य दृष्टस्य कृत्स्नस्य जगतः सम्बन्धे पूर्वोक्तं यन् मायात्वम्, प्रपञ्चकृतत्वत्परिच्छेद्यत्वस्य मिथ्यात्वम् । तज्जनन्या जनन्यै ते त्वया प्रकटीकृतं दर्शितम् । तस्माद् भवान् जगदन्तःस्थ एव, जगत् तु भवद्बहिर्भूतम् इत्य् एवं मायाधर्मः । वस्तुतस् तु दुर्वितर्क्यस्वरूपशक्त्या मध्यमत्वेऽपि व्यापकोऽसीति भावः । ","अत्रैव तावत् श्रीकृष्णाख्ये मायोपशमनेऽवतारे प्रादुर्भावे, बहिश् चान्तर्जठरे च स्फुटस्य दृष्टस्य कृत्स्नस्य जगतः सम्बन्धे पूर्वोक्तꣳ यन् मायात्वम्, प्रपञ्चकृतत्वत्परिच्छेद्यत्वस्य मिथ्यात्वम् । तज्जनन्या जनन्यै ते त्वया प्रकटीकृतꣳ दर्शितम् । तस्माद् भवान् जगदन्तःस्थ एव, जगत् तु भवद्बहिर्भूतम् इत्य् एवꣳ मायाधर्मः । वस्तुतस् तु दुर्वितर्क्यस्वरूपशक्त्या मध्यमत्वेऽपि व्यापकोऽसीति भावः । "
802,māyā-dharmeneti yad bhavatā kṛpayā dṛṣṭa-pramāṇe’pi śrī-vigrahe sarvo’pi prapañco’ntar-bhūta iti darśitaṁ tat satyam eveti dyotanārthaṁ bhagavaty apy anyathā pratīti-nirasanārthaṁ ca pūrvam evārtham upapādayati—,मायाधर्मेनेति यद् भवता कृपया दृष्टप्रमाणेऽपि श्रीविग्रहे सर्वोऽपि प्रपञ्चोऽन्तर्भूत इति दर्शितं तत् सत्यम् एवेति द्योतनार्थं भगवत्य् अप्य् अन्यथा प्रतीतिनिरसनार्थं च पूर्वम् एवार्थम् उपपादयति—,मायाधर्मेनेति यद् भवता कृपया दृष्टप्रमाणेऽपि श्रीविग्रहे सर्वोऽपि प्रपञ्चोऽन्तर्भूत इति दर्शितꣳ तत् सत्यम् एवेति द्योतनार्थꣳ भगवत्य् अप्य् अन्यथा प्रतीतिनिरसनार्थꣳ च पूर्वम् एवार्थम् उपपादयति—
803,yasya kukṣāv idaṁ sarvaṁ ,यस्य कुक्षाव् इदं सर्वं ,यस्य कुक्षाव् इदꣳ सर्वꣳ 
804,sātmaṁ bhāti yathā tathā |,सात्मं भाति यथा तथा ।,सात्मꣳ भाति यथा तथा ।
805,tat tvayy apīha tat sarvaṁ,तत् त्वय्य् अपीह तत् सर्वं,तत् त्वय्य् अपीह तत् सर्वꣳ
806,kim idaṁ māyayā vinā || [bhā.pu. 10.14.17],किम् इदं मायया विना ॥ [भा.पु. १०.१४.१७],किम् इदꣳ मायया विना ॥ [भा.पु. १०.१४.१७]
807,"yasya tava kukṣau sarvam idaṁ sātmaṁ tvat-sahitaṁ yathā bhāti, tat sarvam iha bahir api tathaiva tvayi bhāti ity anvayaḥ |","यस्य तव कुक्षौ सर्वम् इदं सात्मं त्वत्सहितं यथा भाति, तत् सर्वम् इह बहिर् अपि तथैव त्वयि भाति इत्य् अन्वयः ।","यस्य तव कुक्षौ सर्वम् इदꣳ सात्मꣳ त्वत्सहितꣳ यथा भाति, तत् सर्वम् इह बहिर् अपि तथैव त्वयि भाति इत्य् अन्वयः ।"
808,"ayam arthaḥ—svasya vraje’ntar-bhūtatā-darśanenaiva samaṁ vrajasya svasminn antar-bhūtatāṁ darśayan, tac cāntar-bahir-darśanaṁ kiṁ svapna etad uta deva-māyā [bhā.pu. 10.8.40] ity-ādau śrī-jananyā eva vicāre svāpnikatva-māyikatva-bimba-pratibimbatvānām ayogyatvād ekam evety abhijñāpayan, kiṁ svapna ity-ādāv eva, yaḥ kaścana autpattika ātma-yogaḥ [bhā.pu. 10.8.40] ity anena carama-pakṣāvasitayā durvitarkya-svarūpa-śaktyaiva madhyama-parimāṇa-viśeṣa eva sarva-vyāpako’smīti svayam eva bhagavān jananīṁ prati yugapad ubhayātmakaṁ nija-dharma-viśeṣaṁ darśitavān | ata eva dvitīye gṛhṇīta yad yad upabandham amuṣya mātā ity ādau, pratibodhitāsīt [bhā.pu. 2.7.30] ity uktam | tasmāt tava kukṣau sarvam idaṁ yathā bhāti, iha bahir api tathā, tad-antar-bhūto’pi tad-vyāpako’sīti prakāreṇaiva, tvayi tat sarvaṁ bhātīti | ","अयम् अर्थः—स्वस्य व्रजेऽन्तर्भूततादर्शनेनैव समं व्रजस्य स्वस्मिन्न् अन्तर्भूततां दर्शयन्, तच् चान्तर्बहिर्दर्शनं किं स्वप्न एतद् उत देवमाया [भा.पु. १०.८.४०] इत्यादौ श्रीजनन्या एव विचारे स्वाप्निकत्वमायिकत्वबिम्बप्रतिबिम्बत्वानाम् अयोग्यत्वाद् एकम् एवेत्य् अभिज्ञापयन्, किं स्वप्न इत्यादाव् एव, यः कश्चन औत्पत्तिक आत्मयोगः [भा.पु. १०.८.४०] इत्य् अनेन चरमपक्षावसितया दुर्वितर्क्यस्वरूपशक्त्यैव मध्यमपरिमाणविशेष एव सर्वव्यापकोऽस्मीति स्वयम् एव भगवान् जननीं प्रति युगपद् उभयात्मकं निजधर्मविशेषं दर्शितवान् । अत एव द्वितीये गृह्णीत यद् यद् उपबन्धम् अमुष्य माता इत्य् आदौ, प्रतिबोधितासीत् [भा.पु. २.७.३०] इत्य् उक्तम् । तस्मात् तव कुक्षौ सर्वम् इदं यथा भाति, इह बहिर् अपि तथा, तदन्तर्भूतोऽपि तद्व्यापकोऽसीति प्रकारेणैव, त्वयि तत् सर्वं भातीति । ","अयम् अर्थः—स्वस्य व्रजेऽन्तर्भूततादर्शनेनैव समꣳ व्रजस्य स्वस्मिन्न् अन्तर्भूतताꣳ दर्शयन्, तच् चान्तर्बहिर्दर्शनꣳ किꣳ स्वप्न एतद् उत देवमाया [भा.पु. १०.८.४०] इत्यादौ श्रीजनन्या एव विचारे स्वाप्निकत्वमायिकत्वबिम्बप्रतिबिम्बत्वानाम् अयोग्यत्वाद् एकम् एवेत्य् अभिज्ञापयन्, किꣳ स्वप्न इत्यादाव् एव, यः कश्चन औत्पत्तिक आत्मयोगः [भा.पु. १०.८.४०] इत्य् अनेन चरमपक्षावसितया दुर्वितर्क्यस्वरूपशक्त्यैव मध्यमपरिमाणविशेष एव सर्वव्यापकोऽस्मीति स्वयम् एव भगवान् जननीꣳ प्रति युगपद् उभयात्मकꣳ निजधर्मविशेषꣳ दर्शितवान् । अत एव द्वितीये गृह्णीत यद् यद् उपबन्धम् अमुष्य माता इत्य् आदौ, प्रतिबोधितासीत् [भा.पु. २.७.३०] इत्य् उक्तम् । तस्मात् तव कुक्षौ सर्वम् इदꣳ यथा भाति, इह बहिर् अपि तथा, तदन्तर्भूतोऽपि तद्व्यापकोऽसीति प्रकारेणैव, त्वयि तत् सर्वꣳ भातीति । "
809,tad evaṁ tad idaṁ prapañcena paricchedyatva-pratyayanaṁ tava māyayā sva-yāthārthyāvaraṇa-śaktyā vinā kiṁ sambhavati ? naiva sambhavatīty arthaḥ |,तद् एवं तद् इदं प्रपञ्चेन परिच्छेद्यत्वप्रत्ययनं तव मायया स्वयाथार्थ्यावरणशक्त्या विना किं सम्भवति ? नैव सम्भवतीत्य् अर्थः ।,तद् एवꣳ तद् इदꣳ प्रपञ्चेन परिच्छेद्यत्वप्रत्ययनꣳ तव मायया स्वयाथार्थ्यावरणशक्त्या विना किꣳ सम्भवति ? नैव सम्भवतीत्य् अर्थः ।
811,adyaiva tvad-ṛte’sya kiṁ mama na te māyātvam ā-darśitam ,अद्यैव त्वदृतेऽस्य किं मम न ते मायात्वम् आदर्शितम् ,अद्यैव त्वदृतेऽस्य किꣳ मम न ते मायात्वम् आदर्शितम् 
812,eko’si prathamaṁ tato vraja-suhṛd-vatsāḥ samastā api |,एकोऽसि प्रथमं ततो व्रजसुहृद्वत्साः समस्ता अपि ।,एकोऽसि प्रथमꣳ ततो व्रजसुहृद्वत्साः समस्ता अपि ।
813,tāvanto’si caturbhujās tad akhilaiḥ sākaṁ mayopāsitās,तावन्तोऽसि चतुर्भुजास् तद् अखिलैः साकं मयोपासितास्,तावन्तोऽसि चतुर्भुजास् तद् अखिलैः साकꣳ मयोपासितास्
814,tāvanty eva jaganty abhūs tad amitaṁ brahmādvayaṁ śiṣyate || ,तावन्त्य् एव जगन्त्य् अभूस् तद् अमितं ब्रह्माद्वयं शिष्यते ॥ ,तावन्त्य् एव जगन्त्य् अभूस् तद् अमितꣳ ब्रह्माद्वयꣳ शिष्यते ॥ 
815,[bhā.pu. 10.14.18],[भा।पु। १०।१४।१८],[भा.पु. १०.१४.१८]
816,"adyaiva te tvayā kim asya viśvasya tvad-ṛte tvatto bahir māyātvaṁ māyayaiva sphuraṇaṁ bhavatīti mama māṁ prati na darśitam ? api tu darśitam eva | etan-narākāra-rūpāt tvatto bahir  evedaṁ jagad iti yan mugdhānāṁ bhāti, tan māyayaivety arthaḥ | ","अद्यैव ते त्वया किम् अस्य विश्वस्य त्वदृते त्वत्तो बहिर् मायात्वं माययैव स्फुरणं भवतीति मम मां प्रति न दर्शितम् ? अपि तु दर्शितम् एव । एतन्नराकाररूपात् त्वत्तो बहिर्  एवेदं जगद् इति यन् मुग्धानां भाति, तन् माययैवेत्य् अर्थः । ","अद्यैव ते त्वया किम् अस्य विश्वस्य त्वदृते त्वत्तो बहिर् मायात्वꣳ माययैव स्फुरणꣳ भवतीति मम माꣳ प्रति न दर्शितम् ? अपि तु दर्शितम् एव । एतन्नराकाररूपात् त्वत्तो बहिर्  एवेदꣳ जगद् इति यन् मुग्धानाꣳ भाति, तन् माययैवेत्य् अर्थः । "
817,"katham etad-ākāra-rūpasya mama tādṛśatvam ? tatrāha—eko’si iti | vraja-suhṛd-ādi-rūpaṁ yad yasmād āvirbhūtaṁ, tat tad akhilam adhunā tirodhāna-samaye yena punar anena śrī-vigraha-rūpeṇāvaśiṣyate, tad advayaṁ brahmaivety arthaḥ | aśeṣa- prāpañcikāprāpañcika-vastūnāṁ prādurbhāva-sthiti-tirobhāva-darśanena tal-lakṣaṇākrāntatvād iti bhāvaḥ | tataś cāsya brahmatve siddhe vyāpakatvam api sidhyatīti tātparyam | ","कथम् एतदाकाररूपस्य मम तादृशत्वम् ? तत्राह—एकोऽसि इति । व्रजसुहृदादिरूपं यद् यस्माद् आविर्भूतं, तत् तद् अखिलम् अधुना तिरोधानसमये येन पुनर् अनेन श्रीविग्रहरूपेणावशिष्यते, तद् अद्वयं ब्रह्मैवेत्य् अर्थः । अशेष- प्रापञ्चिकाप्रापञ्चिकवस्तूनां प्रादुर्भावस्थितितिरोभावदर्शनेन तल्लक्षणाक्रान्तत्वाद् इति भावः । ततश् चास्य ब्रह्मत्वे सिद्धे व्यापकत्वम् अपि सिध्यतीति तात्पर्यम् । ","कथम् एतदाकाररूपस्य मम तादृशत्वम् ? तत्राह—एकोऽसि इति । व्रजसुहृदादिरूपꣳ यद् यस्माद् आविर्भूतꣳ, तत् तद् अखिलम् अधुना तिरोधानसमये येन पुनर् अनेन श्रीविग्रहरूपेणावशिष्यते, तद् अद्वयꣳ ब्रह्मैवेत्य् अर्थः । अशेष- प्रापञ्चिकाप्रापञ्चिकवस्तूनाꣳ प्रादुर्भावस्थितितिरोभावदर्शनेन तल्लक्षणाक्रान्तत्वाद् इति भावः । ततश् चास्य ब्रह्मत्वे सिद्धे व्यापकत्वम् अपि सिध्यतीति तात्पर्यम् । "
818,"nanu, sṛṣṭy-ādau brahma-viṣṇu-maheśvarā bhinnā eva kāraṇa-bhūtās tathā sthitau kecid anye’vatārāś ca, tat kathaṁ mamaivaṁ sarva-kāraṇatvam ucyate ? tatrāha—","ननु, सृष्ट्यादौ ब्रह्मविष्णुमहेश्वरा भिन्ना एव कारणभूतास् तथा स्थितौ केचिद् अन्येऽवताराश् च, तत् कथं ममैवं सर्वकारणत्वम् उच्यते ? तत्राह—","ननु, सृष्ट्यादौ ब्रह्मविष्णुमहेश्वरा भिन्ना एव कारणभूतास् तथा स्थितौ केचिद् अन्येऽवताराश् च, तत् कथꣳ ममैवꣳ सर्वकारणत्वम् उच्यते ? तत्राह—"
819,ajānatāṁ tvat-padavīm anātmany ,अजानतां त्वत्पदवीम् अनात्मन्य् ,अजानताꣳ त्वत्पदवीम् अनात्मन्य् 
821,sṛṣṭāv ivāhaṁ jagato vidhāna ,सृष्टाव् इवाहं जगतो विधान ,सृष्टाव् इवाहꣳ जगतो विधान 
823,"tvam ity asya bhāsīty anenānvayaḥ, kartṛ-kriyayor anvayasyaiva prāthamikatvāt | kartrā cātra tvam ity eva madhama-puruṣeṇa yujyate | tasmād atra neva-śabdaḥ sambadhyate, kintv eṣa ity atraiva | tataś ca śrī-vigraho’yaṁ vācyaḥ | svayaṁ bhagavattvenāsya guṇāvatāratvābhāvāt | adyaiva tvad-ṛte’syety anenāvyvavahita-vacanena viruddhatvāc ca | ","त्वम् इत्य् अस्य भासीत्य् अनेनान्वयः, कर्तृक्रिययोर् अन्वयस्यैव प्राथमिकत्वात् । कर्त्रा चात्र त्वम् इत्य् एव मधमपुरुषेण युज्यते । तस्माद् अत्र नेवशब्दः सम्बध्यते, किन्त्व् एष इत्य् अत्रैव । ततश् च श्रीविग्रहोऽयं वाच्यः । स्वयं भगवत्त्वेनास्य गुणावतारत्वाभावात् । अद्यैव त्वदृतेऽस्येत्य् अनेनाव्य्ववहितवचनेन विरुद्धत्वाच् च । ","त्वम् इत्य् अस्य भासीत्य् अनेनान्वयः, कर्तृक्रिययोर् अन्वयस्यैव प्राथमिकत्वात् । कर्त्रा चात्र त्वम् इत्य् एव मधमपुरुषेण युज्यते । तस्माद् अत्र नेवशब्दः सम्बध्यते, किन्त्व् एष इत्य् अत्रैव । ततश् च श्रीविग्रहोऽयꣳ वाच्यः । स्वयꣳ भगवत्त्वेनास्य गुणावतारत्वाभावात् । अद्यैव त्वदृतेऽस्येत्य् अनेनाव्य्ववहितवचनेन विरुद्धत्वाच् च । "
824,"tasmād ayam arthaḥ—tvat-padavīṁ tava tathābhūtaṁ svarūpam ajānatām ajānataḥ prati | ātmā tat tad aṁśi-svarūpas tvam eva | ātmanā tat-tad-aṁśena | māyāṁ sṛṣṭy-ādi-nimitta-śaktim | anātmani jaḍa-rūpe mahad-ādy-upādāne pradhāne | vitatya pravarty, tat-tat-kārya-bhedena bhinna iva bhāsīty arthaḥ | ","तस्माद् अयम् अर्थः—त्वत्पदवीं तव तथाभूतं स्वरूपम् अजानताम् अजानतः प्रति । आत्मा तत् तद् अंशिस्वरूपस् त्वम् एव । आत्मना तत्तदंशेन । मायां सृष्ट्यादिनिमित्तशक्तिम् । अनात्मनि जडरूपे महदाद्युपादाने प्रधाने । वितत्य प्रवर्त्य्, तत्तत्कार्यभेदेन भिन्न इव भासीत्य् अर्थः । ","तस्माद् अयम् अर्थः—त्वत्पदवीꣳ तव तथाभूतꣳ स्वरूपम् अजानताम् अजानतः प्रति । आत्मा तत् तद् अꣳशिस्वरूपस् त्वम् एव । आत्मना तत्तदꣳशेन । मायाꣳ सृष्ट्यादिनिमित्तशक्तिम् । अनात्मनि जडरूपे महदाद्युपादाने प्रधाने । वितत्य प्रवर्त्य्, तत्तत्कार्यभेदेन भिन्न इव भासीत्य् अर्थः । "
825,"katham ? jagataḥ sṛṣṭāv ahaṁ brahmeva, vidhāne pālane eṣa iva etat-kārya-paricchinna iva, pālana-mātra-kārya ivety arthaḥ, ante tri-netra iveti | vastutas tvam eva tat-tad-rūpeṇa vartase, mūḍhās tu tvattas tān pṛthak paśyantīti bhāvaḥ, yato dvitīye brahma-vākyam—","कथम् ? जगतः सृष्टाव् अहं ब्रह्मेव, विधाने पालने एष इव एतत्कार्यपरिच्छिन्न इव, पालनमात्रकार्य इवेत्य् अर्थः, अन्ते त्रिनेत्र इवेति । वस्तुतस् त्वम् एव तत्तद्रूपेण वर्तसे, मूढास् तु त्वत्तस् तान् पृथक् पश्यन्तीति भावः, यतो द्वितीये ब्रह्मवाक्यम्—","कथम् ? जगतः सृष्टाव् अहꣳ ब्रह्मेव, विधाने पालने एष इव एतत्कार्यपरिच्छिन्न इव, पालनमात्रकार्य इवेत्य् अर्थः, अन्ते त्रिनेत्र इवेति । वस्तुतस् त्वम् एव तत्तद्रूपेण वर्तसे, मूढास् तु त्वत्तस् तान् पृथक् पश्यन्तीति भावः, यतो द्वितीये ब्रह्मवाक्यम्—"
826,sṛjāmi tan-niyukto’haṁ haro harati tad-vaśaḥ |,सृजामि तन्नियुक्तोऽहं हरो हरति तद्वशः ।,सृजामि तन्नियुक्तोऽहꣳ हरो हरति तद्वशः ।
827,viśvaṁ puruṣa-rūpeṇa paripāti tri-śakti-dhṛk || [bhā.pu. 2.6.30] iti |,विश्वं पुरुषरूपेण परिपाति त्रिशक्तिधृक् ॥ [भा.पु. २.६.३०] इति ।,विश्वꣳ पुरुषरूपेण परिपाति त्रिशक्तिधृक् ॥ [भा.पु. २.६.३०] इति ।
829,evaṁ yathā guṇāvatārās tathānye’py avatārā ity āha—,एवं यथा गुणावतारास् तथान्येऽप्य् अवतारा इत्य् आह—,एवꣳ यथा गुणावतारास् तथान्येऽप्य् अवतारा इत्य् आह—
832,janmāyatāṁ durmada-nigrahāya,जन्मायतां दुर्मदनिग्रहाय,जन्मायताꣳ दुर्मदनिग्रहाय
834,ajanasya janmety anena prādurbhāva-mātraṁ janmeti bodhayati | ,अजनस्य जन्मेत्य् अनेन प्रादुर्भावमात्रं जन्मेति बोधयति । ,अजनस्य जन्मेत्य् अनेन प्रादुर्भावमात्रꣳ जन्मेति बोधयति । 
835,"nanu brahman kim atra vicāritaṁ bhavatā ? yad ekasyā eva mama mūrter vyāpakatve saty anyāsāṁ darśana-sthānaṁ na sambhavati ? iti | tathā jaḍa-vastūnāṁ ghaṭādīnām eva prākaṭya-prakāro loke dṛṣṭaḥ, kathaṁ tad-itara-svabhāvānāṁ cid-vastūnāṁ mama śrī-mūrty-ādīnām ? iti | yathā yāvatyo vibhūtayo mama bhavatā dṛṣṭāḥ, tāvatībhir eva bhavān vismito, nāparāḥ santīti sambhāvayann iva tat-parimitatām adhigatavān astīti, tathā ye mamāṁśāḥ pūrvaṁ bāla-vatsādi-rūpāḥ, ta eva caturbhujā abhavann iti kasyāpi rūpasya kadācid udbhavaḥ, kasyāpi kadācin na ? iti | ","ननु ब्रह्मन् किम् अत्र विचारितं भवता ? यद् एकस्या एव मम मूर्तेर् व्यापकत्वे सत्य् अन्यासां दर्शनस्थानं न सम्भवति ? इति । तथा जडवस्तूनां घटादीनाम् एव प्राकट्यप्रकारो लोके दृष्टः, कथं तदितरस्वभावानां चिद्वस्तूनां मम श्रीमूर्त्यादीनाम् ? इति । यथा यावत्यो विभूतयो मम भवता दृष्टाः, तावतीभिर् एव भवान् विस्मितो, नापराः सन्तीति सम्भावयन्न् इव तत्परिमितताम् अधिगतवान् अस्तीति, तथा ये ममांशाः पूर्वं बालवत्सादिरूपाः, त एव चतुर्भुजा अभवन्न् इति कस्यापि रूपस्य कदाचिद् उद्भवः, कस्यापि कदाचिन् न ? इति । ","ननु ब्रह्मन् किम् अत्र विचारितꣳ भवता ? यद् एकस्या एव मम मूर्तेर् व्यापकत्वे सत्य् अन्यासाꣳ दर्शनस्थानꣳ न सम्भवति ? इति । तथा जडवस्तूनाꣳ घटादीनाम् एव प्राकट्यप्रकारो लोके दृष्टः, कथꣳ तदितरस्वभावानाꣳ चिद्वस्तूनाꣳ मम श्रीमूर्त्यादीनाम् ? इति । यथा यावत्यो विभूतयो मम भवता दृष्टाः, तावतीभिर् एव भवान् विस्मितो, नापराः सन्तीति सम्भावयन्न् इव तत्परिमितताम् अधिगतवान् अस्तीति, तथा ये ममाꣳशाः पूर्वꣳ बालवत्सादिरूपाः, त एव चतुर्भुजा अभवन्न् इति कस्यापि रूपस्य कदाचिद् उद्भवः, कस्यापि कदाचिन् न ? इति । "
836,"kiṁ ca, satya-jñānānantānandaika-rasa-mūrtitvād yugapad eva sarvam api tat-tad-rūpaṁ vartata eva, kintu yūyaṁ sarvadā sarvaṁ na paśyatheti tatra ca yaugapadyaṁ katham ? iti tatrāha—","किं च, सत्यज्ञानानन्तानन्दैकरसमूर्तित्वाद् युगपद् एव सर्वम् अपि तत्तद्रूपं वर्तत एव, किन्तु यूयं सर्वदा सर्वं न पश्यथेति तत्र च यौगपद्यं कथम् ? इति तत्राह—","किꣳ च, सत्यज्ञानानन्तानन्दैकरसमूर्तित्वाद् युगपद् एव सर्वम् अपि तत्तद्रूपꣳ वर्तत एव, किन्तु यूयꣳ सर्वदा सर्वꣳ न पश्यथेति तत्र च यौगपद्यꣳ कथम् ? इति तत्राह—"
839,kva vā kathaṁ vā kati vā kadeti,क्व वा कथं वा कति वा कदेति,क्व वा कथꣳ वा कति वा कदेति
841,"kva vā, kathaṁ vā, kati vā, kadā vā, yoga-māyāṁ dustarkyāṁ cic-chaktiṁ vistārayan tathā tathā pravartayan krīḍasīti bhavata ūtīr līlās trilokyāṁ ko vetti? na ko’pīty arthaḥ | yasyāmataṁ tasya mataṁ mataṁ yasya na veda saḥ [kena.u. 2.3] iti bhāvaḥ | ","क्व वा, कथं वा, कति वा, कदा वा, योगमायां दुस्तर्क्यां चिच्छक्तिं विस्तारयन् तथा तथा प्रवर्तयन् क्रीडसीति भवत ऊतीर् लीलास् त्रिलोक्यां को वेत्ति? न कोऽपीत्य् अर्थः । यस्यामतं तस्य मतं मतं यस्य न वेद सः [केन.उ. २.३] इति भावः । ","क्व वा, कथꣳ वा, कति वा, कदा वा, योगमायाꣳ दुस्तर्क्याꣳ चिच्छक्तिꣳ विस्तारयन् तथा तथा प्रवर्तयन् क्रीडसीति भवत ऊतीर् लीलास् त्रिलोक्याꣳ को वेत्ति? न कोऽपीत्य् अर्थः । यस्यामतꣳ तस्य मतꣳ मतꣳ यस्य न वेद सः [केन.उ. २.३] इति भावः । "
842,atra durjñeyatā-puraskṛtenaiva sambodhana-catuṣṭayena caturṣu yuktim āha—he bhūman ! kroḍīkṛtānanta-mūrty-ātmaka-śrī-mūrte ! ayaṁ bhāvaḥ—ekam api mukhyaṁ bhagavad-rūpaṁ yugapad ananta-rūpātmakaṁ bhavati | ,अत्र दुर्ज्ञेयतापुरस्कृतेनैव सम्बोधनचतुष्टयेन चतुर्षु युक्तिम् आह—हे भूमन् ! क्रोडीकृतानन्तमूर्त्यात्मकश्रीमूर्ते ! अयं भावः—एकम् अपि मुख्यं भगवद्रूपं युगपद् अनन्तरूपात्मकं भवति । ,अत्र दुर्ज्ञेयतापुरस्कृतेनैव सम्बोधनचतुष्टयेन चतुर्षु युक्तिम् आह—हे भूमन् ! क्रोडीकृतानन्तमूर्त्यात्मकश्रीमूर्ते ! अयꣳ भावः—एकम् अपि मुख्यꣳ भगवद्रूपꣳ युगपद् अनन्तरूपात्मकꣳ भवति । 
843,"tathaivākrūreṇa stutaṁ bahu-mūrty-eka-mūrtikam [bhā.pu. 10.40.7] iti | tathā śrutiḥ—ekaṁ santaṁ bahudhā dṛśyamānam iti | tato yadā yādṛśaṁ yeṣām upāsanā-phalodaya-bhūmikāvasthānaṁ, tadā tathaiva te paśyanti | tathā ca—prajñāntara-pṛthaktvavad dṛṣṭiś ca tad uktiṁ [ve.sū. 3.3.50] ity atra brahma-sūtre madhva-bhāṣyam—upāsanā-bhedād darśana-bheda iti | dṛṣṭāntaś ca—yathaikam eva paṭṭa-vastra-viśeṣa-picchāvayava-viśeṣādi-dravyaṁ nānā-varṇamaya-pradhānaika-varṇam api kutaścit sthāna-viśeṣād datta-cakṣuṣo janasya kenāpi varṇa-viśeṣeṇa pratibhātīti | atrākhaṇḍa-paṭṭa-vastra-viśeṣādi-sthānīyaṁ nija-pradhāna-bhāsāntar-bhāvita-tat-tad-rūpāntaraṁ śrī-kṛṣṇa-rūpaṁ, tat-tad-varṇa-cchavi-sthānīyāni rūpāntarāṇīti jñeyam | yathā śrī-nārada-pañcarātre—","तथैवाक्रूरेण स्तुतं बहुमूर्त्येकमूर्तिकम् [भा.पु. १०.४०.७] इति । तथा श्रुतिः—एकं सन्तं बहुधा दृश्यमानम् इति । ततो यदा यादृशं येषाम् उपासनाफलोदयभूमिकावस्थानं, तदा तथैव ते पश्यन्ति । तथा च—प्रज्ञान्तरपृथक्त्ववद् दृष्टिश् च तद् उक्तिं [वे.सू. ३.३.५०] इत्य् अत्र ब्रह्मसूत्रे मध्वभाष्यम्—उपासनाभेदाद् दर्शनभेद इति । दृष्टान्तश् च—यथैकम् एव पट्टवस्त्रविशेषपिच्छावयवविशेषादिद्रव्यं नानावर्णमयप्रधानैकवर्णम् अपि कुतश्चित् स्थानविशेषाद् दत्तचक्षुषो जनस्य केनापि वर्णविशेषेण प्रतिभातीति । अत्राखण्डपट्टवस्त्रविशेषादिस्थानीयं निजप्रधानभासान्तर्भाविततत्तद्रूपान्तरं श्रीकृष्णरूपं, तत्तद्वर्णच्छविस्थानीयानि रूपान्तराणीति ज्ञेयम् । यथा श्रीनारदपञ्चरात्रे—","तथैवाक्रूरेण स्तुतꣳ बहुमूर्त्येकमूर्तिकम् [भा.पु. १०.४०.७] इति । तथा श्रुतिः—एकꣳ सन्तꣳ बहुधा दृश्यमानम् इति । ततो यदा यादृशꣳ येषाम् उपासनाफलोदयभूमिकावस्थानꣳ, तदा तथैव ते पश्यन्ति । तथा च—प्रज्ञान्तरपृथक्त्ववद् दृष्टिश् च तद् उक्तिꣳ [वे.सू. ३.३.५०] इत्य् अत्र ब्रह्मसूत्रे मध्वभाष्यम्—उपासनाभेदाद् दर्शनभेद इति । दृष्टान्तश् च—यथैकम् एव पट्टवस्त्रविशेषपिच्छावयवविशेषादिद्रव्यꣳ नानावर्णमयप्रधानैकवर्णम् अपि कुतश्चित् स्थानविशेषाद् दत्तचक्षुषो जनस्य केनापि वर्णविशेषेण प्रतिभातीति । अत्राखण्डपट्टवस्त्रविशेषादिस्थानीयꣳ निजप्रधानभासान्तर्भाविततत्तद्रूपान्तरꣳ श्रीकृष्णरूपꣳ, तत्तद्वर्णच्छविस्थानीयानि रूपान्तराणीति ज्ञेयम् । यथा श्रीनारदपञ्चरात्रे—"
846,"maṇir atra vaiduryaṁ, nīla-pītādayas tad-guṇāḥ | tad evaṁ kvety asya yuktir uktā | ","मणिर् अत्र वैदुर्यं, नीलपीतादयस् तद्गुणाः । तद् एवं क्वेत्य् अस्य युक्तिर् उक्ता । ","मणिर् अत्र वैदुर्यꣳ, नीलपीतादयस् तद्गुणाः । तद् एवꣳ क्वेत्य् अस्य युक्तिर् उक्ता । "
851,saṁpaśyator divya-gatir yathā naṭaḥ || [bhā.pu. 8.18.12],संपश्यतोर् दिव्यगतिर् यथा नटः ॥ [भा.पु. ८.१८.१२],सꣳपश्यतोर् दिव्यगतिर् यथा नटः ॥ [भा.पु. ८.१८.१२]
852,"arthaś cāyam—yad vapuḥ śarīraṁ na kenāpi vyajyate, yā cit pūrṇānandas tat-svarūpam eva, yad vibhūṣaṇāyudhair bhāti, tad vapus tadā prapañce’pi vyaktaṁ yathā syāt tathā adhārayat sthāpitavān | punaś ca, tenaiva vapuṣā vāmano baṭur babhūva hariḥ | eva-kāreṇa pariṇāma-veṣāntara-yogādikaṁ niṣiddham | kadā ? pitroḥ sampaśyatoḥ | tenaiva vapuṣā | tad-bhāve hetuḥ—divyāḥ paramācintyāḥ, yad gataṁ bhavac ca bhaviṣyac ca [bṛ.ā.u. 3.9.3] ity-ādi-śruteḥ | svasminn eva nitya-sthitānāṁ nānā-saṁsthānānāṁ prakāśanāprakāśana-rūpā gatayaś ceṣṭā yasya saḥ | ","अर्थश् चायम्—यद् वपुः शरीरं न केनापि व्यज्यते, या चित् पूर्णानन्दस् तत्स्वरूपम् एव, यद् विभूषणायुधैर् भाति, तद् वपुस् तदा प्रपञ्चेऽपि व्यक्तं यथा स्यात् तथा अधारयत् स्थापितवान् । पुनश् च, तेनैव वपुषा वामनो बटुर् बभूव हरिः । एवकारेण परिणामवेषान्तरयोगादिकं निषिद्धम् । कदा ? पित्रोः सम्पश्यतोः । तेनैव वपुषा । तद्भावे हेतुः—दिव्याः परमाचिन्त्याः, यद् गतं भवच् च भविष्यच् च [बृ.आ.उ. ३.९.३] इत्यादिश्रुतेः । स्वस्मिन्न् एव नित्यस्थितानां नानासंस्थानानां प्रकाशनाप्रकाशनरूपा गतयश् चेष्टा यस्य सः । ","अर्थश् चायम्—यद् वपुः शरीरꣳ न केनापि व्यज्यते, या चित् पूर्णानन्दस् तत्स्वरूपम् एव, यद् विभूषणायुधैर् भाति, तद् वपुस् तदा प्रपञ्चेऽपि व्यक्तꣳ यथा स्यात् तथा अधारयत् स्थापितवान् । पुनश् च, तेनैव वपुषा वामनो बटुर् बभूव हरिः । एवकारेण परिणामवेषान्तरयोगादिकꣳ निषिद्धम् । कदा ? पित्रोः सम्पश्यतोः । तेनैव वपुषा । तद्भावे हेतुः—दिव्याः परमाचिन्त्याः, यद् गतꣳ भवच् च भविष्यच् च [बृ.आ.उ. ३.९.३] इत्यादिश्रुतेः । स्वस्मिन्न् एव नित्यस्थितानाꣳ नानासꣳस्थानानाꣳ प्रकाशनाप्रकाशनरूपा गतयश् चेष्टा यस्य सः । "
853,"tatrālaksita-svadharma-mātrollāsāṁśe dṛṣṭānta-leśaḥ—yathā naṭa iti | naṭo’pi kaścid āścaryatamā divyā parama-vismāpikā gatir hastaka-rūpā ceṣṭā yasya tathābhūtaḥ san, tenaiva rūpeṇa vaiṣamyādikam anurīkṛtyāpi nānākāratāṁ yathā darśayati | svargyo naṭo vā divya-gatiḥ | tataś ca tat-tad-anukaraṇaṁ tasyātyanta-tad-ākāram eva bhavati, atra parameśvaraṁ vinā anyasya sarvāṁśe tādṛśatvābhāvāt | na ca dṛṣṭānte khaṇḍatva-doṣaḥ prapañcanīyaḥ | yathā bhakṣita-kīṭa-pariṇāma-lālā-jāta-tantu-sādhano’py ūrṇa-nābhaḥ parameśvarasya jagat-sṛṣṭāv ananya-sādhakatve dṛṣṭāntaḥ śrūyate, yathorṇa-nābhir hṛdayāt [bhā.pu. 11.9.21] ity-ādi, tadvat |","तत्रालक्सितस्वधर्ममात्रोल्लासांशे दृष्टान्तलेशः—यथा नट इति । नटोऽपि कश्चिद् आश्चर्यतमा दिव्या परमविस्मापिका गतिर् हस्तकरूपा चेष्टा यस्य तथाभूतः सन्, तेनैव रूपेण वैषम्यादिकम् अनुरीकृत्यापि नानाकारतां यथा दर्शयति । स्वर्ग्यो नटो वा दिव्यगतिः । ततश् च तत्तदनुकरणं तस्यात्यन्ततदाकारम् एव भवति, अत्र परमेश्वरं विना अन्यस्य सर्वांशे तादृशत्वाभावात् । न च दृष्टान्ते खण्डत्वदोषः प्रपञ्चनीयः । यथा भक्षितकीटपरिणामलालाजाततन्तुसाधनोऽप्य् ऊर्णनाभः परमेश्वरस्य जगत्सृष्टाव् अनन्यसाधकत्वे दृष्टान्तः श्रूयते, यथोर्णनाभिर् हृदयात् [भा.पु. ११.९.२१] इत्यादि, तद्वत् ।","तत्रालक्सितस्वधर्ममात्रोल्लासाꣳशे दृष्टान्तलेशः—यथा नट इति । नटोऽपि कश्चिद् आश्चर्यतमा दिव्या परमविस्मापिका गतिर् हस्तकरूपा चेष्टा यस्य तथाभूतः सन्, तेनैव रूपेण वैषम्यादिकम् अनुरीकृत्यापि नानाकारताꣳ यथा दर्शयति । स्वर्ग्यो नटो वा दिव्यगतिः । ततश् च तत्तदनुकरणꣳ तस्यात्यन्ततदाकारम् एव भवति, अत्र परमेश्वरꣳ विना अन्यस्य सर्वाꣳशे तादृशत्वाभावात् । न च दृष्टान्ते खण्डत्वदोषः प्रपञ्चनीयः । यथा भक्षितकीटपरिणामलालाजाततन्तुसाधनोऽप्य् ऊर्णनाभः परमेश्वरस्य जगत्सृष्टाव् अनन्यसाधकत्वे दृष्टान्तः श्रूयते, यथोर्णनाभिर् हृदयात् [भा.पु. ११.९.२१] इत्यादि, तद्वत् ।"
854,tad evaṁ śrī-brahmaṇāpi sarva-rūpa-sad-bhāvābhiprāyeṇaivoktam—,तद् एवं श्रीब्रह्मणापि सर्वरूपसद्भावाभिप्रायेणैवोक्तम्—,तद् एवꣳ श्रीब्रह्मणापि सर्वरूपसद्भावाभिप्रायेणैवोक्तम्—
855,tvaṁ bhakti-yoga-paribhāvita-hṛt-saroja,त्वं भक्तियोगपरिभावितहृत्सरोज,त्वꣳ भक्तियोगपरिभावितहृत्सरोज
856,āsse śrutekṣita-patho nanu nātha puṁsām |,आस्से श्रुतेक्षितपथो ननु नाथ पुंसाम् ।,आस्से श्रुतेक्षितपथो ननु नाथ पुꣳसाम् ।
860,tāny eva te’bhirūpāṇi rūpāṇi bhagavaṁs tava |,तान्य् एव तेऽभिरूपाणि रूपाणि भगवंस् तव ।,तान्य् एव तेऽभिरूपाणि रूपाणि भगवꣳस् तव ।
862,"yāni yāni ca tvadīya-svabhaktebhyo rocante, tāni | kāny eva tava rūpāṇi ? te tava abhirūpāṇi yogyāni, nānyānīty arthaḥ | anyāni ca, yādṛśaṁ ranti-devāya kutsita-rūpaṁ prapañcitaṁ, tādṛśāni jñeyāni | tādṛśasya ca māyikatvam eva hi tatroktam—","यानि यानि च त्वदीयस्वभक्तेभ्यो रोचन्ते, तानि । कान्य् एव तव रूपाणि ? ते तव अभिरूपाणि योग्यानि, नान्यानीत्य् अर्थः । अन्यानि च, यादृशं रन्तिदेवाय कुत्सितरूपं प्रपञ्चितं, तादृशानि ज्ञेयानि । तादृशस्य च मायिकत्वम् एव हि तत्रोक्तम्—","यानि यानि च त्वदीयस्वभक्तेभ्यो रोचन्ते, तानि । कान्य् एव तव रूपाणि ? ते तव अभिरूपाणि योग्यानि, नान्यानीत्य् अर्थः । अन्यानि च, यादृशꣳ रन्तिदेवाय कुत्सितरूपꣳ प्रपञ्चितꣳ, तादृशानि ज्ञेयानि । तादृशस्य च मायिकत्वम् एव हि तत्रोक्तम्—"
864,ātmānaṁ darśayāñcakrur māyā viṣṇu-vinirmitā || [bhā.pu. 9.21.15] iti |,आत्मानं दर्शयाञ्चक्रुर् माया विष्णुविनिर्मिता ॥ [भा.पु. ९.२१.१५] इति ।,आत्मानꣳ दर्शयाञ्चक्रुर् माया विष्णुविनिर्मिता ॥ [भा.पु. ९.२१.१५] इति ।
865,ṭīkā ca—tribhuvanādhīśāḥ brahmādayaḥ māyās tadīya-dhairya-parīkṣārthaṁ prathamaṁ māyayā vṛṣalādi-rūpeṇa pratītāḥ santa ity arthaḥ | ity eṣā | ,टीका च—त्रिभुवनाधीशाः ब्रह्मादयः मायास् तदीयधैर्यपरीक्षार्थं प्रथमं मायया वृषलादिरूपेण प्रतीताः सन्त इत्य् अर्थः । इत्य् एषा । ,टीका च—त्रिभुवनाधीशाः ब्रह्मादयः मायास् तदीयधैर्यपरीक्षार्थꣳ प्रथमꣳ मायया वृषलादिरूपेण प्रतीताः सन्त इत्य् अर्थः । इत्य् एषा । 
867,atha prakṛta-pakṣasya kathaṁ vety-ādi-traya-yuktaye’vaśiṣṭaṁ sambodhana-trayaṁ vyākhyāyate | he bhagavann acintya-śakte! acintyasya bhagavan-mūrty-ādy-āvirbhāvasyānyathānupapatter acintyā svarūpa-śaktir eva kāraṇam iti bhāvaḥ | iyaṁ kathaṁ vety asya yuktiḥ | ,अथ प्रकृतपक्षस्य कथं वेत्यादित्रययुक्तयेऽवशिष्टं सम्बोधनत्रयं व्याख्यायते । हे भगवन्न् अचिन्त्यशक्ते! अचिन्त्यस्य भगवन्मूर्त्याद्याविर्भावस्यान्यथानुपपत्तेर् अचिन्त्या स्वरूपशक्तिर् एव कारणम् इति भावः । इयं कथं वेत्य् अस्य युक्तिः । ,अथ प्रकृतपक्षस्य कथꣳ वेत्यादित्रययुक्तयेऽवशिष्टꣳ सम्बोधनत्रयꣳ व्याख्यायते । हे भगवन्न् अचिन्त्यशक्ते! अचिन्त्यस्य भगवन्मूर्त्याद्याविर्भावस्यान्यथानुपपत्तेर् अचिन्त्या स्वरूपशक्तिर् एव कारणम् इति भावः । इयꣳ कथꣳ वेत्य् अस्य युक्तिः । 
868,"tathā, he parātman! pareṣāṁ pratyekam apy ananta-śaktīnāṁ puruṣādy-avatārāṇām ātmann avatārin, tvayi tu tāsāṁ sutarām anantatvāt | tad-āvirbhāva-vibhūtayaḥ kati vā vāṅ-manaso’gocaratvam āpadyerann iti bhāvaḥ | iyaṁ kati vety asya yuktiḥ | ","तथा, हे परात्मन्! परेषां प्रत्येकम् अप्य् अनन्तशक्तीनां पुरुषाद्यवताराणाम् आत्मन्न् अवतारिन्, त्वयि तु तासां सुतराम् अनन्तत्वात् । तदाविर्भावविभूतयः कति वा वाङ्मनसोऽगोचरत्वम् आपद्येरन्न् इति भावः । इयं कति वेत्य् अस्य युक्तिः । ","तथा, हे परात्मन्! परेषाꣳ प्रत्येकम् अप्य् अनन्तशक्तीनाꣳ पुरुषाद्यवताराणाम् आत्मन्न् अवतारिन्, त्वयि तु तासाꣳ सुतराम् अनन्तत्वात् । तदाविर्भावविभूतयः कति वा वाङ्मनसोऽगोचरत्वम् आपद्येरन्न् इति भावः । इयꣳ कति वेत्य् अस्य युक्तिः । "
869,"tathā he yogeśvara! ekasminn api rūpe nānā-rūpa-yojanā-lakṣaṇāyā yoga-nāmnyāḥ svarūpa-śaktes tayā vā īśana-śīla | ayaṁ bhāvaḥ—yathā tava pradhānaṁ rūpam antar-bhūtānanta-rūpaṁ tathā tavāṁśa-rūpaṁ ca, tataś ca yadā tava yatrāṁśe tat-tad-upāsanā-phalasya yasya rūpasya prakāśanecchā, tadaiva tatra tad rūpaṁ prakāśase iti | iyaṁ kadety asya yuktiḥ ||","तथा हे योगेश्वर! एकस्मिन्न् अपि रूपे नानारूपयोजनालक्षणाया योगनाम्न्याः स्वरूपशक्तेस् तया वा ईशनशील । अयं भावः—यथा तव प्रधानं रूपम् अन्तर्भूतानन्तरूपं तथा तवांशरूपं च, ततश् च यदा तव यत्रांशे तत्तदुपासनाफलस्य यस्य रूपस्य प्रकाशनेच्छा, तदैव तत्र तद् रूपं प्रकाशसे इति । इयं कदेत्य् अस्य युक्तिः ॥","तथा हे योगेश्वर! एकस्मिन्न् अपि रूपे नानारूपयोजनालक्षणाया योगनाम्न्याः स्वरूपशक्तेस् तया वा ईशनशील । अयꣳ भावः—यथा तव प्रधानꣳ रूपम् अन्तर्भूतानन्तरूपꣳ तथा तवाꣳशरूपꣳ च, ततश् च यदा तव यत्राꣳशे तत्तदुपासनाफलस्य यस्य रूपस्य प्रकाशनेच्छा, तदैव तत्र तद् रूपꣳ प्रकाशसे इति । इयꣳ कदेत्य् अस्य युक्तिः ॥"
870,tasmāt tat tat sarvam api tasmin śrī-kṛṣṇa-rūpe’ntar-bhūtam ity evam atrāpi tātparyam upasaṁharati—,तस्मात् तत् तत् सर्वम् अपि तस्मिन् श्रीकृष्णरूपेऽन्तर्भूतम् इत्य् एवम् अत्रापि तात्पर्यम् उपसंहरति—,तस्मात् तत् तत् सर्वम् अपि तस्मिन् श्रीकृष्णरूपेऽन्तर्भूतम् इत्य् एवम् अत्रापि तात्पर्यम् उपसꣳहरति—
871,tasmād idaṁ jagad aśeṣam asat-svarūpaṁ,तस्माद् इदं जगद् अशेषम् असत्स्वरूपं,तस्माद् इदꣳ जगद् अशेषम् असत्स्वरूपꣳ
872,svapnābham asta-dhiṣaṇaṁ puru-duḥkha-duḥkham |,स्वप्नाभम् अस्तधिषणं पुरुदुःखदुःखम् ।,स्वप्नाभम् अस्तधिषणꣳ पुरुदुःखदुःखम् ।
875,"yasmād evaṁ prapañcāprapañca-vastūnāṁ sarveṣām api tattva-vigraho’si, tasmād eva nitya-sukha-bodhana-laksaṇā yā tanus tat-svarūpe’nante tvayy evāśeṣam idaṁ jagad avabhāti ity anvayaḥ | ","यस्माद् एवं प्रपञ्चाप्रपञ्चवस्तूनां सर्वेषाम् अपि तत्त्वविग्रहोऽसि, तस्माद् एव नित्यसुखबोधनलक्सणा या तनुस् तत्स्वरूपेऽनन्ते त्वय्य् एवाशेषम् इदं जगद् अवभाति इत्य् अन्वयः । ","यस्माद् एवꣳ प्रपञ्चाप्रपञ्चवस्तूनाꣳ सर्वेषाम् अपि तत्त्वविग्रहोऽसि, तस्माद् एव नित्यसुखबोधनलक्सणा या तनुस् तत्स्वरूपेऽनन्ते त्वय्य् एवाशेषम् इदꣳ जगद् अवभाति इत्य् अन्वयः । "
876,"kathambhūtaṁ ? sat udyad api yat muhur udbhavat tirobhavac ca | yad yasmin muhur jāyate līyate ca, tat tasminn evāvabhāti, bhuvi tad-vikāra iveti bhāvaḥ | ","कथम्भूतं ? सत् उद्यद् अपि यत् मुहुर् उद्भवत् तिरोभवच् च । यद् यस्मिन् मुहुर् जायते लीयते च, तत् तस्मिन्न् एवावभाति, भुवि तद्विकार इवेति भावः । ","कथम्भूतꣳ ? सत् उद्यद् अपि यत् मुहुर् उद्भवत् तिरोभवच् च । यद् यस्मिन् मुहुर् जायते लीयते च, तत् तस्मिन्न् एवावभाति, भुवि तद्विकार इवेति भावः । "
877,"tarhi kiṁ mama vikāritvaṁ ? nety āha—māyāto māyayā tvadīyācintya-śakti-viśeṣeṇa vikārādi-rahitasyaiva, śrutes tu śabda-mūlatvāt [ve.sū. 2.1.17] ity-ādau pariṇāma-svīkārāt | muhur udbhava-tirobhavatvād eva svapnābhaṁ tat-tulyaṁ, na tv ajñāna-mātra-kalpitatvād api, vaidharmyāc ca na svapnādivat [ve.sū. 2.2.29] iti nyāyena | tathā, avidyā-vṛttika-māyā-kāryatvāc ca asta-dhiṣaṇaṁ, jīva-paramātma-jñāna-lopa-kartṛ | ubhayasmād api hetoḥ puru-duḥkha-duḥkhaṁ, tadīya-sukhābhāsasyāpi vastuno duḥkha-rūpatvāt | vinā tvat-sattayā asat-svarūpaṁ, śaśa-viṣāṇa-tulyaṁ | tad evaṁ-bhūtam api sad ivānaśvaram ivābhāti mugdhānām iti śeṣaḥ | upalakṣaṇaṁ caitad vyavahāra-jñāna-maya-mahad-ādy-ātmakatvāt jñānodbodhakam iva svargādy-ātmakatvāt sukham iva ca | ","तर्हि किं मम विकारित्वं ? नेत्य् आह—मायातो मायया त्वदीयाचिन्त्यशक्तिविशेषेण विकारादिरहितस्यैव, श्रुतेस् तु शब्दमूलत्वात् [वे.सू. २.१.१७] इत्यादौ परिणामस्वीकारात् । मुहुर् उद्भवतिरोभवत्वाद् एव स्वप्नाभं तत्तुल्यं, न त्व् अज्ञानमात्रकल्पितत्वाद् अपि, वैधर्म्याच् च न स्वप्नादिवत् [वे.सू. २.२.२९] इति न्यायेन । तथा, अविद्यावृत्तिकमायाकार्यत्वाच् च अस्तधिषणं, जीवपरमात्मज्ञानलोपकर्तृ । उभयस्माद् अपि हेतोः पुरुदुःखदुःखं, तदीयसुखाभासस्यापि वस्तुनो दुःखरूपत्वात् । विना त्वत्सत्तया असत्स्वरूपं, शशविषाणतुल्यं । तद् एवंभूतम् अपि सद् इवानश्वरम् इवाभाति मुग्धानाम् इति शेषः । उपलक्षणं चैतद् व्यवहारज्ञानमयमहदाद्यात्मकत्वात् ज्ञानोद्बोधकम् इव स्वर्गाद्यात्मकत्वात् सुखम् इव च । ","तर्हि किꣳ मम विकारित्वꣳ ? नेत्य् आह—मायातो मायया त्वदीयाचिन्त्यशक्तिविशेषेण विकारादिरहितस्यैव, श्रुतेस् तु शब्दमूलत्वात् [वे.सू. २.१.१७] इत्यादौ परिणामस्वीकारात् । मुहुर् उद्भवतिरोभवत्वाद् एव स्वप्नाभꣳ तत्तुल्यꣳ, न त्व् अज्ञानमात्रकल्पितत्वाद् अपि, वैधर्म्याच् च न स्वप्नादिवत् [वे.सू. २.२.२९] इति न्यायेन । तथा, अविद्यावृत्तिकमायाकार्यत्वाच् च अस्तधिषणꣳ, जीवपरमात्मज्ञानलोपकर्तृ । उभयस्माद् अपि हेतोः पुरुदुःखदुःखꣳ, तदीयसुखाभासस्यापि वस्तुनो दुःखरूपत्वात् । विना त्वत्सत्तया असत्स्वरूपꣳ, शशविषाणतुल्यꣳ । तद् एवꣳभूतम् अपि सद् इवानश्वरम् इवाभाति मुग्धानाम् इति शेषः । उपलक्षणꣳ चैतद् व्यवहारज्ञानमयमहदाद्यात्मकत्वात् ज्ञानोद्बोधकम् इव स्वर्गाद्यात्मकत्वात् सुखम् इव च । "
878,tad evam anyasya tat-paricchedyatvāt svarūpa-śaktyaiva paricchinnam aparicchinnaṁ ca tavedaṁ vapur iti prakaraṇārthaḥ || ,तद् एवम् अन्यस्य तत्परिच्छेद्यत्वात् स्वरूपशक्त्यैव परिच्छिन्नम् अपरिच्छिन्नं च तवेदं वपुर् इति प्रकरणार्थः ॥ ,तद् एवम् अन्यस्य तत्परिच्छेद्यत्वात् स्वरूपशक्त्यैव परिच्छिन्नम् अपरिच्छिन्नꣳ च तवेदꣳ वपुर् इति प्रकरणार्थः ॥ 
880,tad itthaṁ madhyamākāra eva sarvādhāratvād vibhutvaṁ sādhitam | sarvagatatvād api sādhyate—,तद् इत्थं मध्यमाकार एव सर्वाधारत्वाद् विभुत्वं साधितम् । सर्वगतत्वाद् अपि साध्यते—,तद् इत्थꣳ मध्यमाकार एव सर्वाधारत्वाद् विभुत्वꣳ साधितम् । सर्वगतत्वाद् अपि साध्यते—
881,citraṁ bataitad ekena vapuṣā yugapat pṛthak |,चित्रं बतैतद् एकेन वपुषा युगपत् पृथक् ।,चित्रꣳ बतैतद् एकेन वपुषा युगपत् पृथक् ।
882,gṛheṣu dvy-aṣṭa-sāhasraṁ striya eka udāvahat || [bhā.pu. 10.69.2],गृहेषु द्व्यष्टसाहस्रं स्त्रिय एक उदावहत् ॥ [भा.पु. १०.६९.२],गृहेषु द्व्यष्टसाहस्रꣳ स्त्रिय एक उदावहत् ॥ [भा.पु. १०.६९.२]
883,"etad bata aho citraṁ ! kiṁ tat ? eka eva śrī-kṛṣṇo dvy-aṣṭa-sāhasraṁ strīr yad udāvahat pariṇītavān | nanu kim atrāścaryaṁ ? tatrāha—gṛheṣv iti tat-saṅkhyeṣu sarveṣv iti śeṣaḥ | bhavatu, tato’pi kiṁ ? tatrāha—pṛthak pṛthag eva sthitvā pāṇi-grahaṇādi-vivāha-vidhiṁ kṛtavān | ","एतद् बत अहो चित्रं ! किं तत् ? एक एव श्रीकृष्णो द्व्यष्टसाहस्रं स्त्रीर् यद् उदावहत् परिणीतवान् । ननु किम् अत्राश्चर्यं ? तत्राह—गृहेष्व् इति तत्सङ्ख्येषु सर्वेष्व् इति शेषः । भवतु, ततोऽपि किं ? तत्राह—पृथक् पृथग् एव स्थित्वा पाणिग्रहणादिविवाहविधिं कृतवान् । ","एतद् बत अहो चित्रꣳ ! किꣳ तत् ? एक एव श्रीकृष्णो द्व्यष्टसाहस्रꣳ स्त्रीर् यद् उदावहत् परिणीतवान् । ननु किम् अत्राश्चर्यꣳ ? तत्राह—गृहेष्व् इति तत्सङ्ख्येषु सर्वेष्व् इति शेषः । भवतु, ततोऽपि किꣳ ? तत्राह—पृथक् पृथग् एव स्थित्वा पाणिग्रहणादिविवाहविधिꣳ कृतवान् । "
884,nanu kramaśa udvāhe nāsambhavam etat ? tatrāha—yugapad iti | nanu yogeśvaro’pi yugapan nānā-vapūṁṣi vidhāya tad vidhātuṁ śaknoti ? kim atra yogeśvarārādhya-caraṇānāṁ yuṣmākam api citraṁ ? tatrāha—ekena vapuṣā iti | ,ननु क्रमश उद्वाहे नासम्भवम् एतत् ? तत्राह—युगपद् इति । ननु योगेश्वरोऽपि युगपन् नानावपूंषि विधाय तद् विधातुं शक्नोति ? किम् अत्र योगेश्वराराध्यचरणानां युष्माकम् अपि चित्रं ? तत्राह—एकेन वपुषा इति । ,ननु क्रमश उद्वाहे नासम्भवम् एतत् ? तत्राह—युगपद् इति । ननु योगेश्वरोऽपि युगपन् नानावपूꣳषि विधाय तद् विधातुꣳ शक्नोति ? किम् अत्र योगेश्वराराध्यचरणानाꣳ युष्माकम् अपि चित्रꣳ ? तत्राह—एकेन वपुषा इति । 
886,āsāṁ muhūrta ekasmin nānāgāreṣu yoṣitām |,आसां मुहूर्त एकस्मिन् नानागारेषु योषिताम् ।,आसाꣳ मुहूर्त एकस्मिन् नानागारेषु योषिताम् ।
887,savidhaṁ jagṛhe pāṇin anurūpaḥ svamāyayā || [bhā.pu. 3.3.8] ,सविधं जगृहे पाणिन् अनुरूपः स्वमायया ॥ [भा.पु. ३.३.८] ,सविधꣳ जगृहे पाणिन् अनुरूपः स्वमायया ॥ [भा.पु. ३.३.८] 
888,"iti śrīmad-uddhava-vākyādau tat-tad-anurūpatā-prasiddheḥ, ity abhipretya pūrveṇaika-padopanyāsena pariharati—pṛthag iti | ekena narākāreṇa vapuṣā pṛthak-pṛthaktvena dṛśyamānas tathā vihitavān | tasmād ekam eva nara-vapur yato yugapat sarva-deśaṁ sarva-kriyāṁ ca vyāpnoti, tasmān mahad-āścaryam iti vākyārthaḥ |","इति श्रीमदुद्धववाक्यादौ तत्तदनुरूपताप्रसिद्धेः, इत्य् अभिप्रेत्य पूर्वेणैकपदोपन्यासेन परिहरति—पृथग् इति । एकेन नराकारेण वपुषा पृथक्पृथक्त्वेन दृश्यमानस् तथा विहितवान् । तस्माद् एकम् एव नरवपुर् यतो युगपत् सर्वदेशं सर्वक्रियां च व्याप्नोति, तस्मान् महदाश्चर्यम् इति वाक्यार्थः ।","इति श्रीमदुद्धववाक्यादौ तत्तदनुरूपताप्रसिद्धेः, इत्य् अभिप्रेत्य पूर्वेणैकपदोपन्यासेन परिहरति—पृथग् इति । एकेन नराकारेण वपुषा पृथक्पृथक्त्वेन दृश्यमानस् तथा विहितवान् । तस्माद् एकम् एव नरवपुर् यतो युगपत् सर्वदेशꣳ सर्वक्रियाꣳ च व्याप्नोति, तस्मान् महदाश्चर्यम् इति वाक्यार्थः ।"
889,ittham eva pañcame lokādhiṣṭhātuḥ śrī-bhagavad-vigrahasya teṣām [bhā.pu. 5.20.40] ity ādi gadyopadiṣṭasya tādṛśatvaṁ vyākhyātaṁ śrī-svāmi-caraṇaiḥ—mahā-vibhūteḥ pāramaiśvaryasya patitvād ekayaiva mūrtyā samantād āsta iti | ,इत्थम् एव पञ्चमे लोकाधिष्ठातुः श्रीभगवद्विग्रहस्य तेषाम् [भा.पु. ५.२०.४०] इत्य् आदि गद्योपदिष्टस्य तादृशत्वं व्याख्यातं श्रीस्वामिचरणैः—महाविभूतेः पारमैश्वर्यस्य पतित्वाद् एकयैव मूर्त्या समन्ताद् आस्त इति । ,इत्थम् एव पञ्चमे लोकाधिष्ठातुः श्रीभगवद्विग्रहस्य तेषाम् [भा.पु. ५.२०.४०] इत्य् आदि गद्योपदिष्टस्य तादृशत्वꣳ व्याख्यातꣳ श्रीस्वामिचरणैः—महाविभूतेः पारमैश्वर्यस्य पतित्वाद् एकयैव मूर्त्या समन्ताद् आस्त इति । 
892,ity atrāpy atas tāvad-rūpatvaṁ nāma yugapat tāvat-pradeśa-prakāśatvam eveti vyākhyeyam | na tu nārāyaṇādivad bhinnākāratvam | yathoktam—,इत्य् अत्राप्य् अतस् तावद्रूपत्वं नाम युगपत् तावत्प्रदेशप्रकाशत्वम् एवेति व्याख्येयम् । न तु नारायणादिवद् भिन्नाकारत्वम् । यथोक्तम्—,इत्य् अत्राप्य् अतस् तावद्रूपत्वꣳ नाम युगपत् तावत्प्रदेशप्रकाशत्वम् एवेति व्याख्येयम् । न तु नारायणादिवद् भिन्नाकारत्वम् । यथोक्तम्—
898,ity ācarantaṁ sad-dharmān ,इत्य् आचरन्तं सद्धर्मान् ,इत्य् आचरन्तꣳ सद्धर्मान् 
901,santam ekaṁ dadarśa ha || [bhā.pu. 10.69.41],सन्तम् एकं ददर्श ह ॥ [भा.पु. १०.६९.४१],सन्तम् एकꣳ ददर्श ह ॥ [भा.पु. १०.६९.४१]
902,"sarva-geheṣu tam eva, na tu tasyāṁśān | ekam eva santaṁ, na tu kāya-vyūhena bahu-rūpam | ekaṁ santaṁ bahudhā dṛśyamānam iti śruteḥ, na cāntar na bahir yasya [bhā.pu. 10.9.11] ity-ādinā vibhutva-siddheś ca | ha sphuṭam eva | dadarśa bhagavad-datta-śaktyā sākṣād evānubhūtavān, na tu kevalam anumitavān nārada iti śeṣaḥ | ","सर्वगेहेषु तम् एव, न तु तस्यांशान् । एकम् एव सन्तं, न तु कायव्यूहेन बहुरूपम् । एकं सन्तं बहुधा दृश्यमानम् इति श्रुतेः, न चान्तर् न बहिर् यस्य [भा.पु. १०.९.११] इत्यादिना विभुत्वसिद्धेश् च । ह स्फुटम् एव । ददर्श भगवद्दत्तशक्त्या साक्षाद् एवानुभूतवान्, न तु केवलम् अनुमितवान् नारद इति शेषः । ","सर्वगेहेषु तम् एव, न तु तस्याꣳशान् । एकम् एव सन्तꣳ, न तु कायव्यूहेन बहुरूपम् । एकꣳ सन्तꣳ बहुधा दृश्यमानम् इति श्रुतेः, न चान्तर् न बहिर् यस्य [भा.पु. १०.९.११] इत्यादिना विभुत्वसिद्धेश् च । ह स्फुटम् एव । ददर्श भगवद्दत्तशक्त्या साक्षाद् एवानुभूतवान्, न तु केवलम् अनुमितवान् नारद इति शेषः । "
908,tatra ca yogamāyā durghaṭa-ghaṭanī cic-chaktiḥ | tṛtīye sanakādīnāṁ vaikuṇṭha-gamane yogamāyā-śabdena parameśvare tu prayujyamānena cic-chaktir ucyate [bhā.dī. 3.15.26] iti svāmibhir api vyākhyātam asti | ,तत्र च योगमाया दुर्घटघटनी चिच्छक्तिः । तृतीये सनकादीनां वैकुण्ठगमने योगमायाशब्देन परमेश्वरे तु प्रयुज्यमानेन चिच्छक्तिर् उच्यते [भा.दी. ३.१५.२६] इति स्वामिभिर् अपि व्याख्यातम् अस्ति । ,तत्र च योगमाया दुर्घटघटनी चिच्छक्तिः । तृतीये सनकादीनाꣳ वैकुण्ठगमने योगमायाशब्देन परमेश्वरे तु प्रयुज्यमानेन चिच्छक्तिर् उच्यते [भा.दी. ३.१५.२६] इति स्वामिभिर् अपि व्याख्यातम् अस्ति । 
909,"jāta-kautuko munir muhur dṛṣṭvā vismito’bhūt | kāya-vyūhas tāvat tādṛśeṣv api bahuṣv eva sambhavati, taṁ vināpi madhyamākāre’pi tasmin sarva-vyāpakatva apūrvam iti tasyāpi vismayaṁ hetur nānyatheti spaṣṭam eva yathoktaṁ jñeyam | anena sarvataḥ pāṇi-pādaṁ tat [gītā 13.14] iti tādṛśyāṁ śrī-mūrtyām eva vyākhyātaṁ bhavati | ata eva, na sthānato’pi parasyobhaya-liṅgaṁ sarvatra hi [ve.sū. 3.2.11] iti sūtraṁ tattva-vādibhir evaṁ yojitam—","जातकौतुको मुनिर् मुहुर् दृष्ट्वा विस्मितोऽभूत् । कायव्यूहस् तावत् तादृशेष्व् अपि बहुष्व् एव सम्भवति, तं विनापि मध्यमाकारेऽपि तस्मिन् सर्वव्यापकत्व अपूर्वम् इति तस्यापि विस्मयं हेतुर् नान्यथेति स्पष्टम् एव यथोक्तं ज्ञेयम् । अनेन सर्वतः पाणिपादं तत् [गीता १३.१४] इति तादृश्यां श्रीमूर्त्याम् एव व्याख्यातं भवति । अत एव, न स्थानतोऽपि परस्योभयलिङ्गं सर्वत्र हि [वे.सू. ३.२.११] इति सूत्रं तत्त्ववादिभिर् एवं योजितम्—","जातकौतुको मुनिर् मुहुर् दृष्ट्वा विस्मितोऽभूत् । कायव्यूहस् तावत् तादृशेष्व् अपि बहुष्व् एव सम्भवति, तꣳ विनापि मध्यमाकारेऽपि तस्मिन् सर्वव्यापकत्व अपूर्वम् इति तस्यापि विस्मयꣳ हेतुर् नान्यथेति स्पष्टम् एव यथोक्तꣳ ज्ञेयम् । अनेन सर्वतः पाणिपादꣳ तत् [गीता १३.१४] इति तादृश्याꣳ श्रीमूर्त्याम् एव व्याख्यातꣳ भवति । अत एव, न स्थानतोऽपि परस्योभयलिङ्गꣳ सर्वत्र हि [वे.सू. ३.२.११] इति सूत्रꣳ तत्त्ववादिभिर् एवꣳ योजितम्—"
910,sthānāpekṣayāpi paramātmano na bhinnaṁ rūpaṁ | hi yasmāt | tad-rūpatvaṁ sarvatraiva | sarva-bhūteṣv evam eva brahma ity ācakṣata iti śruteḥ | ,स्थानापेक्षयापि परमात्मनो न भिन्नं रूपं । हि यस्मात् । तद्रूपत्वं सर्वत्रैव । सर्वभूतेष्व् एवम् एव ब्रह्म इत्य् आचक्षत इति श्रुतेः । ,स्थानापेक्षयापि परमात्मनो न भिन्नꣳ रूपꣳ । हि यस्मात् । तद्रूपत्वꣳ सर्वत्रैव । सर्वभूतेष्व् एवम् एव ब्रह्म इत्य् आचक्षत इति श्रुतेः । 
911,eka eva paro viṣṇuḥ sarvatrāpi na saṁśayaḥ |,एक एव परो विष्णुः सर्वत्रापि न संशयः ।,एक एव परो विष्णुः सर्वत्रापि न सꣳशयः ।
912,aiśvaryād rūpam ekaṁ ca sūryavad badhudheyate || iti mātsyāt |,ऐश्वर्याद् रूपम् एकं च सूर्यवद् बधुधेयते ॥ इति मात्स्यात् ।,ऐश्वर्याद् रूपम् एकꣳ च सूर्यवद् बधुधेयते ॥ इति मात्स्यात् ।
913,pratidṛśam iva naikadhārkam ekaṁ,प्रतिदृशम् इव नैकधार्कम् एकं,प्रतिदृशम् इव नैकधार्कम् एकꣳ
915,"evaṁ na bhedād iti cen, na, pratyekam atad-vacanāt [ve.sū. 3.2.12] ity etasya, api caivam ekam [ve.sū. 3.2.13] ity etasya ca sūtrasya vyākhyānaṁ tad-bhāṣye dṛśyam || ","एवं न भेदाद् इति चेन्, न, प्रत्येकम् अतद्वचनात् [वे.सू. ३.२.१२] इत्य् एतस्य, अपि चैवम् एकम् [वे.सू. ३.२.१३] इत्य् एतस्य च सूत्रस्य व्याख्यानं तद्भाष्ये दृश्यम् ॥ ","एवꣳ न भेदाद् इति चेन्, न, प्रत्येकम् अतद्वचनात् [वे.सू. ३.२.१२] इत्य् एतस्य, अपि चैवम् एकम् [वे.सू. ३.२.१३] इत्य् एतस्य च सूत्रस्य व्याख्यानꣳ तद्भाष्ये दृश्यम् ॥ "
918,tam imam aham ajaṁ śarīra-bhājāṁ,तम् इमम् अहम् अजं शरीरभाजां,तम् इमम् अहम् अजꣳ शरीरभाजाꣳ
920,pratidṛśam iva naikadhārkam ekaṁ,प्रतिदृशम् इव नैकधार्कम् एकं,प्रतिदृशम् इव नैकधार्कम् एकꣳ
922,tam imam agrata evopaviṣṭaṁ śrī-kṛṣṇaṁ vyaṣṭy-antaryāmi-rūpeṇa nijāṁśena śarīra-bhājāṁ hṛdi hṛdi dhiṣṭhitam | ,तम् इमम् अग्रत एवोपविष्टं श्रीकृष्णं व्यष्ट्यन्तर्यामिरूपेण निजांशेन शरीरभाजां हृदि हृदि धिष्ठितम् । ,तम् इमम् अग्रत एवोपविष्टꣳ श्रीकृष्णꣳ व्यष्ट्यन्तर्यामिरूपेण निजाꣳशेन शरीरभाजाꣳ हृदि हृदि धिष्ठितम् । 
924,prādeśa-mātraṁ puruṣaṁ vasantam || [bhā.pu. 2.2.8] ,प्रादेशमात्रं पुरुषं वसन्तम् ॥ [भा.पु. २.२.८] ,प्रादेशमात्रꣳ पुरुषꣳ वसन्तम् ॥ [भा.पु. २.२.८] 
925,ity-ukta-diśā tat-tad-rūpeṇa bhinna-mūrtivad vasantam apy ekam abhinna-mūrtim eva samadhi-gato’smi | ayaṁ paramānanda-vigraha eva vyāpakaḥ svāntar-bhūtena nijākāra-viśeṣeṇāntaryāmitayā tatra tatra sphuratīti vijñānavān asmi | ,इत्युक्तदिशा तत्तद्रूपेण भिन्नमूर्तिवद् वसन्तम् अप्य् एकम् अभिन्नमूर्तिम् एव समधिगतोऽस्मि । अयं परमानन्दविग्रह एव व्यापकः स्वान्तर्भूतेन निजाकारविशेषेणान्तर्यामितया तत्र तत्र स्फुरतीति विज्ञानवान् अस्मि । ,इत्युक्तदिशा तत्तद्रूपेण भिन्नमूर्तिवद् वसन्तम् अप्य् एकम् अभिन्नमूर्तिम् एव समधिगतोऽस्मि । अयꣳ परमानन्दविग्रह एव व्यापकः स्वान्तर्भूतेन निजाकारविशेषेणान्तर्यामितया तत्र तत्र स्फुरतीति विज्ञानवान् अस्मि । 
926,"yato’haṁ vidhūta-bheda-mohaḥ, asyaiva kṛpayā durīkṛto bheda-mohaḥ, bhagavad-vigrahasya vyāpakatvāsambhāvanā-janita-tan-nānātva-vijñāna-lakṣaṇo moho, yasya tathābhūto’ham | ","यतोऽहं विधूतभेदमोहः, अस्यैव कृपया दुरीकृतो भेदमोहः, भगवद्विग्रहस्य व्यापकत्वासम्भावनाजनिततन्नानात्वविज्ञानलक्षणो मोहो, यस्य तथाभूतोऽहम् । ","यतोऽहꣳ विधूतभेदमोहः, अस्यैव कृपया दुरीकृतो भेदमोहः, भगवद्विग्रहस्य व्यापकत्वासम्भावनाजनिततन्नानात्वविज्ञानलक्षणो मोहो, यस्य तथाभूतोऽहम् । "
928,"tatra dṛṣṭāntaḥ—pratidṛśaṁ iti | prāṇināṁ nānā-deśa-sthitānām avalokanam avalokanaṁ prati yathaika evārko vṛkṣa-kuḍyādy-upari-gatatvena tatrāpi kutracid avyavadhānaḥ sampūrṇatvena sa-vyavadhānas tv asampūrṇatvenānekadhā dṛśyate, tathety arthaḥ |dṛṣṭānto’yam ekasyaiva tatra tatrodaya ity etan-mātrāṁśe | vastutas tu śrī-bhagavad-vigraho’cintya-śaktyā tathā bhāsate | sūryas tu dūrastha-vistīrṇātmatā-svabhāveneti viśeṣaḥ |","तत्र दृष्टान्तः—प्रतिदृशं इति । प्राणिनां नानादेशस्थितानाम् अवलोकनम् अवलोकनं प्रति यथैक एवार्को वृक्षकुड्याद्युपरिगतत्वेन तत्रापि कुत्रचिद् अव्यवधानः सम्पूर्णत्वेन सव्यवधानस् त्व् असम्पूर्णत्वेनानेकधा दृश्यते, तथेत्य् अर्थः ।दृष्टान्तोऽयम् एकस्यैव तत्र तत्रोदय इत्य् एतन्मात्रांशे । वस्तुतस् तु श्रीभगवद्विग्रहोऽचिन्त्यशक्त्या तथा भासते । सूर्यस् तु दूरस्थविस्तीर्णात्मतास्वभावेनेति विशेषः ।","तत्र दृष्टान्तः—प्रतिदृशꣳ इति । प्राणिनाꣳ नानादेशस्थितानाम् अवलोकनम् अवलोकनꣳ प्रति यथैक एवार्को वृक्षकुड्याद्युपरिगतत्वेन तत्रापि कुत्रचिद् अव्यवधानः सम्पूर्णत्वेन सव्यवधानस् त्व् असम्पूर्णत्वेनानेकधा दृश्यते, तथेत्य् अर्थः ।दृष्टान्तोऽयम् एकस्यैव तत्र तत्रोदय इत्य् एतन्मात्राꣳशे । वस्तुतस् तु श्रीभगवद्विग्रहोऽचिन्त्यशक्त्या तथा भासते । सूर्यस् तु दूरस्थविस्तीर्णात्मतास्वभावेनेति विशेषः ।"
929,"athavā, taṁ pūrva-varṇita-svarūpam imam agrata evopaviṣṭaṁ śarīra-bhājāṁ hṛdi hṛdi santam api samadhigato’smi | yadyapy antaryāmi-rūpam etasmād rūpād anyākāraṁ, tathāpy etad rūpam evādhunā tatra tatra paśyāmi | sarvato mahā-prabhāvasya tasya rūpasyāgrato’nyasya rūpasya sphuraṇāśakter iti bhāvaḥ | atra dṛṣṭānto deśa-bhede’py abheda-bodhanāya jñeyaḥ, na tu pūrṇāpūrṇatva-vivakṣāyai |","अथवा, तं पूर्ववर्णितस्वरूपम् इमम् अग्रत एवोपविष्टं शरीरभाजां हृदि हृदि सन्तम् अपि समधिगतोऽस्मि । यद्यप्य् अन्तर्यामिरूपम् एतस्माद् रूपाद् अन्याकारं, तथाप्य् एतद् रूपम् एवाधुना तत्र तत्र पश्यामि । सर्वतो महाप्रभावस्य तस्य रूपस्याग्रतोऽन्यस्य रूपस्य स्फुरणाशक्तेर् इति भावः । अत्र दृष्टान्तो देशभेदेऽप्य् अभेदबोधनाय ज्ञेयः, न तु पूर्णापूर्णत्वविवक्षायै ।","अथवा, तꣳ पूर्ववर्णितस्वरूपम् इमम् अग्रत एवोपविष्टꣳ शरीरभाजाꣳ हृदि हृदि सन्तम् अपि समधिगतोऽस्मि । यद्यप्य् अन्तर्यामिरूपम् एतस्माद् रूपाद् अन्याकारꣳ, तथाप्य् एतद् रूपम् एवाधुना तत्र तत्र पश्यामि । सर्वतो महाप्रभावस्य तस्य रूपस्याग्रतोऽन्यस्य रूपस्य स्फुरणाशक्तेर् इति भावः । अत्र दृष्टान्तो देशभेदेऽप्य् अभेदबोधनाय ज्ञेयः, न तु पूर्णापूर्णत्वविवक्षायै ।"
930,"amīlita-dṛg vyadhārayat [bhā.pu. 1.9.30] iti, kṛṣṇa evaṁ bhagavati mano-vāk-kāya-vṛttibhiḥ [bhā.pu. 1.9.43] ity upakramopasaṁhārādibhir atra śrī-vigraha eva prastūyate | tato nedaṁ padyaṁ brahma-paraṁ vyākhyeyam | tad evaṁ paricchinnatvāparicchinnatvayor yugapat-sthiter acaraṁ caram eva ca [gītā 13.14] ity etad apy atra susaṅgacchate | ato vibhutve’pi līlāyā yāthārthyaṁ sidhyati || ","अमीलितदृग् व्यधारयत् [भा.पु. १.९.३०] इति, कृष्ण एवं भगवति मनोवाक्कायवृत्तिभिः [भा.पु. १.९.४३] इत्य् उपक्रमोपसंहारादिभिर् अत्र श्रीविग्रह एव प्रस्तूयते । ततो नेदं पद्यं ब्रह्मपरं व्याख्येयम् । तद् एवं परिच्छिन्नत्वापरिच्छिन्नत्वयोर् युगपत्स्थितेर् अचरं चरम् एव च [गीता १३.१४] इत्य् एतद् अप्य् अत्र सुसङ्गच्छते । अतो विभुत्वेऽपि लीलाया याथार्थ्यं सिध्यति ॥ ","अमीलितदृग् व्यधारयत् [भा.पु. १.९.३०] इति, कृष्ण एवꣳ भगवति मनोवाक्कायवृत्तिभिः [भा.पु. १.९.४३] इत्य् उपक्रमोपसꣳहारादिभिर् अत्र श्रीविग्रह एव प्रस्तूयते । ततो नेदꣳ पद्यꣳ ब्रह्मपरꣳ व्याख्येयम् । तद् एवꣳ परिच्छिन्नत्वापरिच्छिन्नत्वयोर् युगपत्स्थितेर् अचरꣳ चरम् एव च [गीता १३.१४] इत्य् एतद् अप्य् अत्र सुसङ्गच्छते । अतो विभुत्वेऽपि लीलाया याथार्थ्यꣳ सिध्यति ॥ "
932,evaṁ tasya nityatva-vibhutve sādhite | tathaiva vyākhyātaṁ śrī-svāmibhir aṣṭamasya ṣaṣṭhe—,एवं तस्य नित्यत्वविभुत्वे साधिते । तथैव व्याख्यातं श्रीस्वामिभिर् अष्टमस्य षष्ठे—,एवꣳ तस्य नित्यत्वविभुत्वे साधिते । तथैव व्याख्यातꣳ श्रीस्वामिभिर् अष्टमस्य षष्ठे—
933,anāvirāvirāseyaṁ nābhūtābhūd iti bruvan | ,अनाविराविरासेयं नाभूताभूद् इति ब्रुवन् । ,अनाविराविरासेयꣳ नाभूताभूद् इति ब्रुवन् । 
935,tathā hi śloka-dvayaṁ taṭ-ṭīkā ca—,तथा हि श्लोकद्वयं तट्टीका च—,तथा हि श्लोकद्वयꣳ तट्टीका च—
936,ajāta-janma-sthiti-saṁyamāyā-,अजातजन्मस्थितिसंयमाया-,अजातजन्मस्थितिसꣳयमाया-
940,rūpaṁ tavaitat puruṣarṣabhejyaṁ,रूपं तवैतत् पुरुषर्षभेज्यं,रूपꣳ तवैतत् पुरुषर्षभेज्यꣳ
944,"śrī-mūrter ayam āvirbhāva eva, na tv asmad-ādivaj janmādi tavāstīty āha—na jātā janmādayo yasya | kutaḥ ? aguṇāya, ato nirvāṇa-sukhasyārṇavāya, apāra-mokṣa-sukha-rūpāyety arthaḥ | tathāpy aṇor apy aṇimne’tisūkṣmāya, durjñānatvāt | vastutas tv aparigaṇyam iyattātītaṁ dhāma mūrtir yasya tasmai | na caitad asaṁbhāvitam, yato mahān acintyo’nubhāvo yasya tasmai ||","श्रीमूर्तेर् अयम् आविर्भाव एव, न त्व् अस्मदादिवज् जन्मादि तवास्तीत्य् आह—न जाता जन्मादयो यस्य । कुतः ? अगुणाय, अतो निर्वाणसुखस्यार्णवाय, अपारमोक्षसुखरूपायेत्य् अर्थः । तथाप्य् अणोर् अप्य् अणिम्नेऽतिसूक्ष्माय, दुर्ज्ञानत्वात् । वस्तुतस् त्व् अपरिगण्यम् इयत्तातीतं धाम मूर्तिर् यस्य तस्मै । न चैतद् असंभावितम्, यतो महान् अचिन्त्योऽनुभावो यस्य तस्मै ॥","श्रीमूर्तेर् अयम् आविर्भाव एव, न त्व् अस्मदादिवज् जन्मादि तवास्तीत्य् आह—न जाता जन्मादयो यस्य । कुतः ? अगुणाय, अतो निर्वाणसुखस्यार्णवाय, अपारमोक्षसुखरूपायेत्य् अर्थः । तथाप्य् अणोर् अप्य् अणिम्नेऽतिसूक्ष्माय, दुर्ज्ञानत्वात् । वस्तुतस् त्व् अपरिगण्यम् इयत्तातीतꣳ धाम मूर्तिर् यस्य तस्मै । न चैतद् असꣳभावितम्, यतो महान् अचिन्त्योऽनुभावो यस्य तस्मै ॥"
945,"tan-mūrteḥ sanātanatvam aparimeyatvaṁ copapādayati—rūpam iti | he puruṣarṣabha! he dhātaḥ ! etat tava rūpaṁ vaidikena tāntrikeṇa ca yogenopāyena śreyo’rthibhiḥ sadā ijyaṁ pūjyaṁ, ato nedam idānīm apūrvaṁ jātam iti bhāvaḥ | ","तन्मूर्तेः सनातनत्वम् अपरिमेयत्वं चोपपादयति—रूपम् इति । हे पुरुषर्षभ! हे धातः ! एतत् तव रूपं वैदिकेन तान्त्रिकेण च योगेनोपायेन श्रेयोऽर्थिभिः सदा इज्यं पूज्यं, अतो नेदम् इदानीम् अपूर्वं जातम् इति भावः । ","तन्मूर्तेः सनातनत्वम् अपरिमेयत्वꣳ चोपपादयति—रूपम् इति । हे पुरुषर्षभ! हे धातः ! एतत् तव रूपꣳ वैदिकेन तान्त्रिकेण च योगेनोपायेन श्रेयोऽर्थिभिः सदा इज्यꣳ पूज्यꣳ, अतो नेदम् इदानीम् अपूर्वꣳ जातम् इति भावः । "
946,"nanu yūyaṁ devāḥ pūjyatvena prasiddhāḥ ? satyaṁ, sarve’py atraivāntarbhūtā ity āha | u aho, ha sphuṭam | amuṣmiṁs tvayi no’smāṁs trilokāṁś ca saha paśyāmi | tatra hetuḥ—viśvaṁ mūrtau yasya, atas tavaitad rūpaṁ paricchinnam api na bhavatīty arthaḥ | ity eṣā |","ननु यूयं देवाः पूज्यत्वेन प्रसिद्धाः ? सत्यं, सर्वेऽप्य् अत्रैवान्तर्भूता इत्य् आह । उ अहो, ह स्फुटम् । अमुष्मिंस् त्वयि नोऽस्मांस् त्रिलोकांश् च सह पश्यामि । तत्र हेतुः—विश्वं मूर्तौ यस्य, अतस् तवैतद् रूपं परिच्छिन्नम् अपि न भवतीत्य् अर्थः । इत्य् एषा ।","ननु यूयꣳ देवाः पूज्यत्वेन प्रसिद्धाः ? सत्यꣳ, सर्वेऽप्य् अत्रैवान्तर्भूता इत्य् आह । उ अहो, ह स्फुटम् । अमुष्मिꣳस् त्वयि नोऽस्माꣳस् त्रिलोकाꣳश् च सह पश्यामि । तत्र हेतुः—विश्वꣳ मूर्तौ यस्य, अतस् तवैतद् रूपꣳ परिच्छिन्नम् अपि न भवतीत्य् अर्थः । इत्य् एषा ।"
947,"atra nirvāṇa-sukhārṇavāya ity arṇavatva-rūpakeṇa nirvāṇa-sukha-mātratvaṁ nirasya, tato’py adhika-mahā-sukhatvam darśitam | tad uktaṁ śrī-dhruvena—","अत्र निर्वाणसुखार्णवाय इत्य् अर्णवत्वरूपकेण निर्वाणसुखमात्रत्वं निरस्य, ततोऽप्य् अधिकमहासुखत्वम् दर्शितम् । तद् उक्तं श्रीध्रुवेन—","अत्र निर्वाणसुखार्णवाय इत्य् अर्णवत्वरूपकेण निर्वाणसुखमात्रत्वꣳ निरस्य, ततोऽप्य् अधिकमहासुखत्वम् दर्शितम् । तद् उक्तꣳ श्रीध्रुवेन—"
948,yā nirvṛtis tanu-bhṛtāṁ tava pāda-padma-,या निर्वृतिस् तनुभृतां तव पादपद्म-,या निर्वृतिस् तनुभृताꣳ तव पादपद्म-
951,kiṁ tv antakāsi-lulitāt patatāṁ vimānāt || [bhā.pu. 4.9.10] iti |,किं त्व् अन्तकासिलुलितात् पततां विमानात् ॥ [भा.पु. ४.९.१०] इति ।,किꣳ त्व् अन्तकासिलुलितात् पतताꣳ विमानात् ॥ [भा.पु. ४.९.१०] इति ।
952,"tathā aṇor aṇimne iti procya, aparimeya-dhāmne ity ukter acintya-śaktitva-rūpeṇa mahānubhāvatvena sarva-parimāṇādhāratvaṁ tava darśitam iti viśeṣo’pi jñeyaḥ ||","तथा अणोर् अणिम्ने इति प्रोच्य, अपरिमेयधाम्ने इत्य् उक्तेर् अचिन्त्यशक्तित्वरूपेण महानुभावत्वेन सर्वपरिमाणाधारत्वं तव दर्शितम् इति विशेषोऽपि ज्ञेयः ॥","तथा अणोर् अणिम्ने इति प्रोच्य, अपरिमेयधाम्ने इत्य् उक्तेर् अचिन्त्यशक्तित्वरूपेण महानुभावत्वेन सर्वपरिमाणाधारत्वꣳ तव दर्शितम् इति विशेषोऽपि ज्ञेयः ॥"
953,|| 8.6 || śrī-brahmā paramaṁ pumāṁsam ||45||,॥ ८.६ ॥ श्रीब्रह्मा परमं पुमांसम् ॥४५॥,॥ ८.६ ॥ श्रीब्रह्मा परमꣳ पुमाꣳसम् ॥४५॥
957,nāyaṁ guṇaḥ karma na san na cāsan,नायं गुणः कर्म न सन् न चासन्,नायꣳ गुणः कर्म न सन् न चासन्
959,evaṁ gajendram upavarṇita-nirviśeṣaṁ,एवं गजेन्द्रम् उपवर्णितनिर्विशेषं,एवꣳ गजेन्द्रम् उपवर्णितनिर्विशेषꣳ
963,"yasya brahmādayo devā [bhā.pu. 8.3.22-23] ity-ādi-prāktana-padya-dvayena yasmāt sarva-kāraṇa-kāraṇatvaṁ vyañjitaṁ, tasmād devādīnāṁ madhye ko’pi na bhavati | vailakṣaṇyaṁ sāttvikatva-bhautikatvādi-hīnataiva strītva-puruṣatva-hīnatā ca prākṛta-tat-tad-dharma-rāhityam | ata eva na ṣaṇḍha ity uktam | tasmān na ko’pi jantuḥ | ","यस्य ब्रह्मादयो देवा [भा.पु. ८.३.२२-२३] इत्यादिप्राक्तनपद्यद्वयेन यस्मात् सर्वकारणकारणत्वं व्यञ्जितं, तस्माद् देवादीनां मध्ये कोऽपि न भवति । वैलक्षण्यं सात्त्विकत्वभौतिकत्वादिहीनतैव स्त्रीत्वपुरुषत्वहीनता च प्राकृततत्तद्धर्मराहित्यम् । अत एव न षण्ढ इत्य् उक्तम् । तस्मान् न कोऽपि जन्तुः । ","यस्य ब्रह्मादयो देवा [भा.पु. ८.३.२२-२३] इत्यादिप्राक्तनपद्यद्वयेन यस्मात् सर्वकारणकारणत्वꣳ व्यञ्जितꣳ, तस्माद् देवादीनाꣳ मध्ये कोऽपि न भवति । वैलक्षण्यꣳ सात्त्विकत्वभौतिकत्वादिहीनतैव स्त्रीत्वपुरुषत्वहीनता च प्राकृततत्तद्धर्मराहित्यम् । अत एव न षण्ढ इत्य् उक्तम् । तस्मान् न कोऽपि जन्तुः । "
964,"kāraṇa-bhūtaḥ sattvādir guṇaḥ puṇya-pāpa-lakṣaṇaṁ karma ca nety āha—nāyaṁ guṇaḥ karmeti | tayor api pravartakatvād iti bhāvaḥ | kiṁ bahunā, yad atra sat sthūlam asat sūkṣmaṁ, tad ekam api na bhavati, sva-prakāśa-rūpatvād iti bhāvaḥ | kintu sarvasya niṣedhe’vadhitvena śiṣyata iti śeṣaḥ | māyayā tat-tad-aśeṣātmakaś ca jayatāt, mad-vimokṣaṇāyāvirbhavatu iti ṭīkā ca |","कारणभूतः सत्त्वादिर् गुणः पुण्यपापलक्षणं कर्म च नेत्य् आह—नायं गुणः कर्मेति । तयोर् अपि प्रवर्तकत्वाद् इति भावः । किं बहुना, यद् अत्र सत् स्थूलम् असत् सूक्ष्मं, तद् एकम् अपि न भवति, स्वप्रकाशरूपत्वाद् इति भावः । किन्तु सर्वस्य निषेधेऽवधित्वेन शिष्यत इति शेषः । मायया तत्तदशेषात्मकश् च जयतात्, मद्विमोक्षणायाविर्भवतु इति टीका च ।","कारणभूतः सत्त्वादिर् गुणः पुण्यपापलक्षणꣳ कर्म च नेत्य् आह—नायꣳ गुणः कर्मेति । तयोर् अपि प्रवर्तकत्वाद् इति भावः । किꣳ बहुना, यद् अत्र सत् स्थूलम् असत् सूक्ष्मꣳ, तद् एकम् अपि न भवति, स्वप्रकाशरूपत्वाद् इति भावः । किन्तु सर्वस्य निषेधेऽवधित्वेन शिष्यत इति शेषः । मायया तत्तदशेषात्मकश् च जयतात्, मद्विमोक्षणायाविर्भवतु इति टीका च ।"
965,"evam upavarṇitaṁ nirviśeṣaṁ devādi-rūpaṁ vinā paraṁ tattvaṁ yena, taṁ gajendram | vividha-liṅga-bhidābhimānā vividhā cāsau liṅga-bhidā devādi-rūpa-bhedaś ca, tasyābhimāno yeṣām te evaite brahmādayo yadā nopajagmus tatra, tadā nikhilātmakatvāt nikhilānāṁ teṣāṁ paramātma-sukha-rūpatvāt tad-vilakṣaṇo māyayāśeṣātmakatvād akhilāmara-mayo harir āvirāsīd iti | ","एवम् उपवर्णितं निर्विशेषं देवादिरूपं विना परं तत्त्वं येन, तं गजेन्द्रम् । विविधलिङ्गभिदाभिमाना विविधा चासौ लिङ्गभिदा देवादिरूपभेदश् च, तस्याभिमानो येषाम् ते एवैते ब्रह्मादयो यदा नोपजग्मुस् तत्र, तदा निखिलात्मकत्वात् निखिलानां तेषां परमात्मसुखरूपत्वात् तद्विलक्षणो माययाशेषात्मकत्वाद् अखिलामरमयो हरिर् आविरासीद् इति । ","एवम् उपवर्णितꣳ निर्विशेषꣳ देवादिरूपꣳ विना परꣳ तत्त्वꣳ येन, तꣳ गजेन्द्रम् । विविधलिङ्गभिदाभिमाना विविधा चासौ लिङ्गभिदा देवादिरूपभेदश् च, तस्याभिमानो येषाम् ते एवैते ब्रह्मादयो यदा नोपजग्मुस् तत्र, तदा निखिलात्मकत्वात् निखिलानाꣳ तेषाꣳ परमात्मसुखरूपत्वात् तद्विलक्षणो माययाशेषात्मकत्वाद् अखिलामरमयो हरिर् आविरासीद् इति । "
966,evam āvirbhāvaṁ prārthayamāne śrī-gajendre yad rūpeṇāvirbhūtaṁ tat khalu tādṛśam eva bhavitum arhatīti sādhūktaṁ sthūla-sūkṣma-vastv-atiriktas tava śrī-vigraha iti | anyathā tv apāṇi-pāda-rūpatvenaiva tac cetasy āvirbhūya tad vidadhyāt | tad uktaṁ svecchāmayasya [bhā.pu. 10.14.2] iti | ,एवम् आविर्भावं प्रार्थयमाने श्रीगजेन्द्रे यद् रूपेणाविर्भूतं तत् खलु तादृशम् एव भवितुम् अर्हतीति साधूक्तं स्थूलसूक्ष्मवस्त्वतिरिक्तस् तव श्रीविग्रह इति । अन्यथा त्व् अपाणिपादरूपत्वेनैव तच् चेतस्य् आविर्भूय तद् विदध्यात् । तद् उक्तं स्वेच्छामयस्य [भा.पु. १०.१४.२] इति । ,एवम् आविर्भावꣳ प्रार्थयमाने श्रीगजेन्द्रे यद् रूपेणाविर्भूतꣳ तत् खलु तादृशम् एव भवितुम् अर्हतीति साधूक्तꣳ स्थूलसूक्ष्मवस्त्वतिरिक्तस् तव श्रीविग्रह इति । अन्यथा त्व् अपाणिपादरूपत्वेनैव तच् चेतस्य् आविर्भूय तद् विदध्यात् । तद् उक्तꣳ स्वेच्छामयस्य [भा.पु. १०.१४.२] इति । 
967,śloka-dvayam idaṁ ślokāntara-vyavahitam apy arthenāvyavahitatvād yugalatayopadadhre ||,श्लोकद्वयम् इदं श्लोकान्तरव्यवहितम् अप्य् अर्थेनाव्यवहितत्वाद् युगलतयोपदध्रे ॥,श्लोकद्वयम् इदꣳ श्लोकान्तरव्यवहितम् अप्य् अर्थेनाव्यवहितत्वाद् युगलतयोपदध्रे ॥
968,"|| 8.3 || prathamaṁ gajendraḥ śrī-harim, dvitīyaṁ śrī-śukaḥ ||45||","॥ ८.३ ॥ प्रथमं गजेन्द्रः श्रीहरिम्, द्वितीयं श्रीशुकः ॥४५॥","॥ ८.३ ॥ प्रथमꣳ गजेन्द्रः श्रीहरिम्, द्वितीयꣳ श्रीशुकः ॥४५॥"
970,sa tvaṁ kathaṁ mama vibho’kṣa-pathaḥ ,स त्वं कथं मम विभोऽक्षपथः ,स त्वꣳ कथꣳ मम विभोऽक्षपथः 
974,"ṭīkā ca—he vibho ! sa tvaṁ mamākṣa-pathaḥ locana-gocaraḥ etac citram ity arthaḥ | kim atrāścaryaṁ ? tad āha para ātmā, ata eva yogeśvarair api śruti-dṛśā amala-hṛdi vibhāvyaś cintyaḥ | yato’dhokṣajaḥ akṣajam aindriyakaṁ jñānaṁ tad adhaḥ arvāg eva yasya saḥ | yasya hi bhavāpavargo bhavet tasya bhavān anudṛśyaḥ syāt | uru-vyasanena kṛkalāsa-bhava-duḥkhena andha-buddhes tu mama etac citram ity arthaḥ | ity eṣā |","टीका च—हे विभो ! स त्वं ममाक्षपथः लोचनगोचरः एतच् चित्रम् इत्य् अर्थः । किम् अत्राश्चर्यं ? तद् आह पर आत्मा, अत एव योगेश्वरैर् अपि श्रुतिदृशा अमलहृदि विभाव्यश् चिन्त्यः । यतोऽधोक्षजः अक्षजम् ऐन्द्रियकं ज्ञानं तद् अधः अर्वाग् एव यस्य सः । यस्य हि भवापवर्गो भवेत् तस्य भवान् अनुदृश्यः स्यात् । उरुव्यसनेन कृकलासभवदुःखेन अन्धबुद्धेस् तु मम एतच् चित्रम् इत्य् अर्थः । इत्य् एषा ।","टीका च—हे विभो ! स त्वꣳ ममाक्षपथः लोचनगोचरः एतच् चित्रम् इत्य् अर्थः । किम् अत्राश्चर्यꣳ ? तद् आह पर आत्मा, अत एव योगेश्वरैर् अपि श्रुतिदृशा अमलहृदि विभाव्यश् चिन्त्यः । यतोऽधोक्षजः अक्षजम् ऐन्द्रियकꣳ ज्ञानꣳ तद् अधः अर्वाग् एव यस्य सः । यस्य हि भवापवर्गो भवेत् तस्य भवान् अनुदृश्यः स्यात् । उरुव्यसनेन कृकलासभवदुःखेन अन्धबुद्धेस् तु मम एतच् चित्रम् इत्य् अर्थः । इत्य् एषा ।"
975,darśana-kāraṇaṁ tūktaṁ nārāyaṇādhyātme—,दर्शनकारणं तूक्तं नारायणाध्यात्मे—,दर्शनकारणꣳ तूक्तꣳ नारायणाध्यात्मे—
977,tām ṛte paramātmānaṁ kaḥ paśyetāmṛtaṁ prabhum || iti |,ताम् ऋते परमात्मानं कः पश्येतामृतं प्रभुम् ॥ इति ।,ताम् ऋते परमात्मानꣳ कः पश्येतामृतꣳ प्रभुम् ॥ इति ।
978,tādṛśa-śakter apy ullāse tat-kṛpaiva kāraṇam | tad uktaṁ śrutau—,तादृशशक्तेर् अप्य् उल्लासे तत्कृपैव कारणम् । तद् उक्तं श्रुतौ—,तादृशशक्तेर् अप्य् उल्लासे तत्कृपैव कारणम् । तद् उक्तꣳ श्रुतौ—
981,tasyaiṣa ātmā vivṛṇute tanuṁ svām || [kaṭha.u. 1.2.23],तस्यैष आत्मा विवृणुते तनुं स्वाम् ॥ [कठ.उ. १.२.२३],तस्यैष आत्मा विवृणुते तनुꣳ स्वाम् ॥ [कठ.उ. १.२.२३]
982,"na sandṛśe tiṣṭhati rūpam asya [kaṭha.u. 2.3.9, śve.u. 4.20] ity-ādikaṁ ca kutracit | evam eva nārāyaṇīye mokṣa-dharme nāradaṁ prati śrī-śvetadvīpa-patinoktam—","न सन्दृशे तिष्ठति रूपम् अस्य [कठ.उ. २.३.९, श्वे.उ. ४.२०] इत्यादिकं च कुत्रचित् । एवम् एव नारायणीये मोक्षधर्मे नारदं प्रति श्रीश्वेतद्वीपपतिनोक्तम्—","न सन्दृशे तिष्ठति रूपम् अस्य [कठ.उ. २.३.९, श्वे.उ. ४.२०] इत्यादिकꣳ च कुत्रचित् । एवम् एव नारायणीये मोक्षधर्मे नारदꣳ प्रति श्रीश्वेतद्वीपपतिनोक्तम्—"
983,etat tvayā na vijñeyaṁ rūpavān iti dṛśyate |,एतत् त्वया न विज्ञेयं रूपवान् इति दृश्यते ।,एतत् त्वया न विज्ञेयꣳ रूपवान् इति दृश्यते ।
984,icchan muhūrtān naśyeyam īśo’haṁ jagato guruḥ || ,इच्छन् मुहूर्तान् नश्येयम् ईशोऽहं जगतो गुरुः ॥ ,इच्छन् मुहूर्तान् नश्येयम् ईशोऽहꣳ जगतो गुरुः ॥ 
985,māyā hy eṣā mayā sṛṣṭā yan māṁ paśyasi nārada |,माया ह्य् एषा मया सृष्टा यन् मां पश्यसि नारद ।,माया ह्य् एषा मया सृष्टा यन् माꣳ पश्यसि नारद ।
986,sarva-bhūta-guṇair yuktaṁ naivaṁ tvaṁ jñātum arhasi || [ma.bhā. 12.306.42-43],सर्वभूतगुणैर् युक्तं नैवं त्वं ज्ञातुम् अर्हसि ॥ [म.भा. १२.३०६.४२-४३],सर्वभूतगुणैर् युक्तꣳ नैवꣳ त्वꣳ ज्ञातुम् अर्हसि ॥ [म.भा. १२.३०६.४२-४३]
987,"yathā’nyo rūpavān iti hetor dṛśyate, tathāyam apīty etat tvayā na jñeyam | tataś ca svasya rūpitve’py adṛśyatvam uktvā, nija-rūpasyāprākṛtatvam eva darśitam | tad-darśane ca parama-kṛpā-mayy akuṇṭhā mamecchaiva kāraṇam ity āha—icchann iti | naśyeyam adṛśyatām āpadyeyam | tatra svātantryaṁ jagad-vilakṣaṇatvaṁ ca hetum āha—īśa ity ādi | tathāpi māṁ sarva-bhūta-guṇair yuktaṁ yat paśyasi, tad-yuktatvena yat pratyeṣi, eṣā māyā mayaiva sṛṣṭā mama māyayaiva tathā bhānam ity arthaḥ | tasmin—naivam ity-ādi | māyātra pratāraṇa-śaktiḥ | ","यथाऽन्यो रूपवान् इति हेतोर् दृश्यते, तथायम् अपीत्य् एतत् त्वया न ज्ञेयम् । ततश् च स्वस्य रूपित्वेऽप्य् अदृश्यत्वम् उक्त्वा, निजरूपस्याप्राकृतत्वम् एव दर्शितम् । तद्दर्शने च परमकृपामय्य् अकुण्ठा ममेच्छैव कारणम् इत्य् आह—इच्छन्न् इति । नश्येयम् अदृश्यताम् आपद्येयम् । तत्र स्वातन्त्र्यं जगद्विलक्षणत्वं च हेतुम् आह—ईश इत्य् आदि । तथापि मां सर्वभूतगुणैर् युक्तं यत् पश्यसि, तद्युक्तत्वेन यत् प्रत्येषि, एषा माया मयैव सृष्टा मम माययैव तथा भानम् इत्य् अर्थः । तस्मिन्—नैवम् इत्यादि । मायात्र प्रतारणशक्तिः । ","यथाऽन्यो रूपवान् इति हेतोर् दृश्यते, तथायम् अपीत्य् एतत् त्वया न ज्ञेयम् । ततश् च स्वस्य रूपित्वेऽप्य् अदृश्यत्वम् उक्त्वा, निजरूपस्याप्राकृतत्वम् एव दर्शितम् । तद्दर्शने च परमकृपामय्य् अकुण्ठा ममेच्छैव कारणम् इत्य् आह—इच्छन्न् इति । नश्येयम् अदृश्यताम् आपद्येयम् । तत्र स्वातन्त्र्यꣳ जगद्विलक्षणत्वꣳ च हेतुम् आह—ईश इत्य् आदि । तथापि माꣳ सर्वभूतगुणैर् युक्तꣳ यत् पश्यसि, तद्युक्तत्वेन यत् प्रत्येषि, एषा माया मयैव सृष्टा मम माययैव तथा भानम् इत्य् अर्थः । तस्मिन्—नैवम् इत्यादि । मायात्र प्रतारणशक्तिः । "
990,sākṣāt taṁ darśayāmāsa dṛśyo nānyena kenacit || [ma.bhā. 12.323.11] iti |,साक्षात् तं दर्शयामास दृश्यो नान्येन केनचित् ॥ [म.भा. १२.३२३.११] इति ।,साक्षात् तꣳ दर्शयामास दृश्यो नान्येन केनचित् ॥ [म.भा. १२.३२३.११] इति ।
991,tam uparicaraṁ vasuṁ prati svātmānam iti śeṣaḥ | tad-agre ca vasv-ādi-vākyam | ,तम् उपरिचरं वसुं प्रति स्वात्मानम् इति शेषः । तदग्रे च वस्वादिवाक्यम् । ,तम् उपरिचरꣳ वसुꣳ प्रति स्वात्मानम् इति शेषः । तदग्रे च वस्वादिवाक्यम् । 
993,yasya prasādaṁ kurute sa vai taṁ draṣṭum arhati || [ma.bhā. 12.323.18] iti |,यस्य प्रसादं कुरुते स वै तं द्रष्टुम् अर्हति ॥ [म.भा. १२.३२३.१८] इति ।,यस्य प्रसादꣳ कुरुते स वै तꣳ द्रष्टुम् अर्हति ॥ [म.भा. १२.३२३.१८] इति ।
994,tad evaṁ śrutāv apy adṛśyatvādayo dharmāḥ śrī-vigrahasyaivoktāḥ | śruty-antaraṁ ca na cakṣuṣā paśyati rūpam asya [kaṭha.u. 2.3.9] iti || ,तद् एवं श्रुताव् अप्य् अदृश्यत्वादयो धर्माः श्रीविग्रहस्यैवोक्ताः । श्रुत्यन्तरं च न चक्षुषा पश्यति रूपम् अस्य [कठ.उ. २.३.९] इति ॥ ,तद् एवꣳ श्रुताव् अप्य् अदृश्यत्वादयो धर्माः श्रीविग्रहस्यैवोक्ताः । श्रुत्यन्तरꣳ च न चक्षुषा पश्यति रूपम् अस्य [कठ.उ. २.३.९] इति ॥ 
1001,ayam arthaḥ—avasthāntara-prāptir vikāraḥ | tatra prathama-vikāro—janma iti | apūrṇasya nija-pūrty-arthā ceṣṭā—karma iti | mano-grāhyasya vastuno vyavahārārthaṁ kenāpi saṅketitaḥ śabdaḥ—nāma iti | cakṣuṣā grāhyo guṇaḥ—rūpam iti | sattvādi-prākṛta-guṇa-nidāno dravyasyotkarṣa-hetu-dharma-viśeṣa-dharma-viśeṣo guṇa iti prakṛtije loke dṛśyate | ,अयम् अर्थः—अवस्थान्तरप्राप्तिर् विकारः । तत्र प्रथमविकारो—जन्म इति । अपूर्णस्य निजपूर्त्यर्था चेष्टा—कर्म इति । मनोग्राह्यस्य वस्तुनो व्यवहारार्थं केनापि सङ्केतितः शब्दः—नाम इति । चक्षुषा ग्राह्यो गुणः—रूपम् इति । सत्त्वादिप्राकृतगुणनिदानो द्रव्यस्योत्कर्षहेतुधर्मविशेषधर्मविशेषो गुण इति प्रकृतिजे लोके दृश्यते । ,अयम् अर्थः—अवस्थान्तरप्राप्तिर् विकारः । तत्र प्रथमविकारो—जन्म इति । अपूर्णस्य निजपूर्त्यर्था चेष्टा—कर्म इति । मनोग्राह्यस्य वस्तुनो व्यवहारार्थꣳ केनापि सङ्केतितः शब्दः—नाम इति । चक्षुषा ग्राह्यो गुणः—रूपम् इति । सत्त्वादिप्राकृतगुणनिदानो द्रव्यस्योत्कर्षहेतुधर्मविशेषधर्मविशेषो गुण इति प्रकृतिजे लोके दृश्यते । 
1003,"ata eva śrutyāpi—niṣkalaṁ niṣkriyaṁ śāntam [śve.u. 6.19] ity ādau, aśabdam asparśam arūpam avyayam [kaṭha.u. 1.3.15] ity ādau ca tan niṣidhyāpi sarva-karmā sarva-kāmaḥ sarva-gandhaḥ sarva-rasa [chā.u. 3.14.4] ity ādau vidhīyate | ","अत एव श्रुत्यापि—निष्कलं निष्क्रियं शान्तम् [श्वे.उ. ६.१९] इत्य् आदौ, अशब्दम् अस्पर्शम् अरूपम् अव्ययम् [कठ.उ. १.३.१५] इत्य् आदौ च तन् निषिध्यापि सर्वकर्मा सर्वकामः सर्वगन्धः सर्वरस [छा.उ. ३.१४.४] इत्य् आदौ विधीयते । ","अत एव श्रुत्यापि—निष्कलꣳ निष्क्रियꣳ शान्तम् [श्वे.उ. ६.१९] इत्य् आदौ, अशब्दम् अस्पर्शम् अरूपम् अव्ययम् [कठ.उ. १.३.१५] इत्य् आदौ च तन् निषिध्यापि सर्वकर्मा सर्वकामः सर्वगन्धः सर्वरस [छा.उ. ३.१४.४] इत्य् आदौ विधीयते । "
1008,"ayam ātmāpahata-pāpmā [chā.u. 8.7.1] ity-ādyāḥ śrutayaś ca, etaṁ saṁyad vāma ity ācakṣate etaṁ sarvāṇi vāmāny abhisaṁyanti, eṣa u eva vāmanīḥ, eṣa hi sarvāṇi vāmāni nayati, eṣa u eva bhāmanīḥ, eṣa sarveṣu vedeṣu bhāti [chā.u. 4.15.2-4] ity ādyā ca | ata eva sarva-gandhaḥ [chā.u. 3.14.4] ity-ādau gandhādi-śabdena saugandhādikam evocyate | ","अयम् आत्मापहतपाप्मा [छा.उ. ८.७.१] इत्याद्याः श्रुतयश् च, एतं संयद् वाम इत्य् आचक्षते एतं सर्वाणि वामान्य् अभिसंयन्ति, एष उ एव वामनीः, एष हि सर्वाणि वामानि नयति, एष उ एव भामनीः, एष सर्वेषु वेदेषु भाति [छा.उ. ४.१५.२-४] इत्य् आद्या च । अत एव सर्वगन्धः [छा.उ. ३.१४.४] इत्यादौ गन्धादिशब्देन सौगन्धादिकम् एवोच्यते । ","अयम् आत्मापहतपाप्मा [छा.उ. ८.७.१] इत्याद्याः श्रुतयश् च, एतꣳ सꣳयद् वाम इत्य् आचक्षते एतꣳ सर्वाणि वामान्य् अभिसꣳयन्ति, एष उ एव वामनीः, एष हि सर्वाणि वामानि नयति, एष उ एव भामनीः, एष सर्वेषु वेदेषु भाति [छा.उ. ४.१५.२-४] इत्य् आद्या च । अत एव सर्वगन्धः [छा.उ. ३.१४.४] इत्यादौ गन्धादिशब्देन सौगन्धादिकम् एवोच्यते । "
1009,"yadā tu ṛcchatinānvayas tu guṇasya doṣatvena rūpakam avivakṣitaṁ, śruti-viruddhatvāt, paramārthatvenaiva pratipādayiṣyamāṇatvāc ca | ","यदा तु ऋच्छतिनान्वयस् तु गुणस्य दोषत्वेन रूपकम् अविवक्षितं, श्रुतिविरुद्धत्वात्, परमार्थत्वेनैव प्रतिपादयिष्यमाणत्वाच् च । ","यदा तु ऋच्छतिनान्वयस् तु गुणस्य दोषत्वेन रूपकम् अविवक्षितꣳ, श्रुतिविरुद्धत्वात्, परमार्थत्वेनैव प्रतिपादयिष्यमाणत्वाच् च । "
1010,"nanv ekatra teṣāṁ janmādīnāṁ bhāvābhāvayor virodha ity āśaṅkya tad-avirodhe hetum āha—sva-māyayā iti | anyathānupapatti-pramitā dustarkyā svarūpa-śaktir eva tatra hetuḥ | ata eva svarūpa-bhūtatvena tebhyaḥ prākṛtebhyo vilakṣaṇatvāt tāny api na vidyanta iti ca vaktuṁ na śakyata iti bhāvaḥ | yathā śaṅkara-śārīrake samākarṣād [ve.sū. 1.4.15] ity atra nāma-rūpa-vyākṛta-vastu-viṣayaḥ svacchandaḥ prāyeṇa prasiddha iti tad-vyakaraṇābhāvāpekṣayā prāg-utpatteḥ sad eva brahma śrutāv asad ity ucyate ity uktam, tathaiva jñeyam | ","नन्व् एकत्र तेषां जन्मादीनां भावाभावयोर् विरोध इत्य् आशङ्क्य तदविरोधे हेतुम् आह—स्वमायया इति । अन्यथानुपपत्तिप्रमिता दुस्तर्क्या स्वरूपशक्तिर् एव तत्र हेतुः । अत एव स्वरूपभूतत्वेन तेभ्यः प्राकृतेभ्यो विलक्षणत्वात् तान्य् अपि न विद्यन्त इति च वक्तुं न शक्यत इति भावः । यथा शङ्करशारीरके समाकर्षाद् [वे.सू. १.४.१५] इत्य् अत्र नामरूपव्याकृतवस्तुविषयः स्वच्छन्दः प्रायेण प्रसिद्ध इति तद्व्यकरणाभावापेक्षया प्रागुत्पत्तेः सद् एव ब्रह्म श्रुताव् असद् इत्य् उच्यते इत्य् उक्तम्, तथैव ज्ञेयम् । ","नन्व् एकत्र तेषाꣳ जन्मादीनाꣳ भावाभावयोर् विरोध इत्य् आशङ्क्य तदविरोधे हेतुम् आह—स्वमायया इति । अन्यथानुपपत्तिप्रमिता दुस्तर्क्या स्वरूपशक्तिर् एव तत्र हेतुः । अत एव स्वरूपभूतत्वेन तेभ्यः प्राकृतेभ्यो विलक्षणत्वात् तान्य् अपि न विद्यन्त इति च वक्तुꣳ न शक्यत इति भावः । यथा शङ्करशारीरके समाकर्षाद् [वे.सू. १.४.१५] इत्य् अत्र नामरूपव्याकृतवस्तुविषयः स्वच्छन्दः प्रायेण प्रसिद्ध इति तद्व्यकरणाभावापेक्षया प्रागुत्पत्तेः सद् एव ब्रह्म श्रुताव् असद् इत्य् उच्यते इत्य् उक्तम्, तथैव ज्ञेयम् । "
1011,ata eva śrī-viṣṇu-purāṇe—guṇāṁś ca doṣāṁś ca mune vyatīta [vi.pu. 6.5.83] ity uktvā punar āha—samasta-kalyāṇa-guṇātmako hi [vi.pu. 6.5.84] iti | tathā—,अत एव श्रीविष्णुपुराणे—गुणांश् च दोषांश् च मुने व्यतीत [वि.पु. ६.५.८३] इत्य् उक्त्वा पुनर् आह—समस्तकल्याणगुणात्मको हि [वि.पु. ६.५.८४] इति । तथा—,अत एव श्रीविष्णुपुराणे—गुणाꣳश् च दोषाꣳश् च मुने व्यतीत [वि.पु. ६.५.८३] इत्य् उक्त्वा पुनर् आह—समस्तकल्याणगुणात्मको हि [वि.पु. ६.५.८४] इति । तथा—
1012,jñāna-śakti-balaiśvarya-vīrya-tejāṁsy aśeṣataḥ |,ज्ञानशक्तिबलैश्वर्यवीर्यतेजांस्य् अशेषतः ।,ज्ञानशक्तिबलैश्वर्यवीर्यतेजाꣳस्य् अशेषतः ।
1016,prākṛtair heya-saṁyuktair guṇair hīnatvam ucyate || iti |,प्राकृतैर् हेयसंयुक्तैर् गुणैर् हीनत्वम् उच्यते ॥ इति ।,प्राकृतैर् हेयसꣳयुक्तैर् गुणैर् हीनत्वम् उच्यते ॥ इति ।
1017,na ca sva-māyayā ity anyathārthaṁ mantavyam | ,न च स्वमायया इत्य् अन्यथार्थं मन्तव्यम् । ,न च स्वमायया इत्य् अन्यथार्थꣳ मन्तव्यम् । 
1019,ato māyā-mayaṁ viṣṇuṁ pravadanti sanātanam || [caturveda-śikhā.u] iti śruteḥ ||,अतो मायामयं विष्णुं प्रवदन्ति सनातनम् ॥ [चतुर्वेदशिखा.उ] इति श्रुतेः ॥,अतो मायामयꣳ विष्णुꣳ प्रवदन्ति सनातनम् ॥ [चतुर्वेदशिखा.उ] इति श्रुतेः ॥
1020,ātma-māyā tad-icchā syāt iti mahā-saṁhitātaḥ |,आत्ममाया तदिच्छा स्यात् इति महासंहितातः ।,आत्ममाया तदिच्छा स्यात् इति महासꣳहितातः ।
1021,triguṇātmikātha jñānaṁ ca viṣṇu-śaktis tathaiva ca |,त्रिगुणात्मिकाथ ज्ञानं च विष्णुशक्तिस् तथैव च ।,त्रिगुणात्मिकाथ ज्ञानꣳ च विष्णुशक्तिस् तथैव च ।
1023,"māyā vayunaṁ jñānam iti nighaṇṭoḥ, māyā syāc chāmbarī-buddhyoḥ iti trikāṇḍa-śeṣāc ca,","माया वयुनं ज्ञानम् इति निघण्टोः, माया स्याच् छाम्बरीबुद्ध्योः इति त्रिकाण्डशेषाच् च,","माया वयुनꣳ ज्ञानम् इति निघण्टोः, माया स्याच् छाम्बरीबुद्ध्योः इति त्रिकाण्डशेषाच् च,"
1024,viśuddha-vijñāna-ghanaṁ sva-saṁsthayā ,विशुद्धविज्ञानघनं स्वसंस्थया ,विशुद्धविज्ञानघनꣳ स्वसꣳस्थया 
1027,"guṇa-pravāhaṁ bhagavantam īmahi || [bhā.pu. 10.37.23] iti śrī-nārada-vākyāt,","गुणप्रवाहं भगवन्तम् ईमहि ॥ [भा.पु. १०.३७.२३] इति श्रीनारदवाक्यात्,","गुणप्रवाहꣳ भगवन्तम् ईमहि ॥ [भा.पु. १०.३७.२३] इति श्रीनारदवाक्यात्,"
1029,"nanu prāpnotīty ukteḥ kadācitkatvam apy avagamyate, tatrāha—anu-kālaṁ, nityam eva prāpnoti, kadācid api na tyajatīty arthaḥ | svarūpa-śakti-prakāśitvasya ca mitho hetumattā jñeyā | ","ननु प्राप्नोतीत्य् उक्तेः कदाचित्कत्वम् अप्य् अवगम्यते, तत्राह—अनुकालं, नित्यम् एव प्राप्नोति, कदाचिद् अपि न त्यजतीत्य् अर्थः । स्वरूपशक्तिप्रकाशित्वस्य च मिथो हेतुमत्ता ज्ञेया । ","ननु प्राप्नोतीत्य् उक्तेः कदाचित्कत्वम् अप्य् अवगम्यते, तत्राह—अनुकालꣳ, नित्यम् एव प्राप्नोति, कदाचिद् अपि न त्यजतीत्य् अर्थः । स्वरूपशक्तिप्रकाशित्वस्य च मिथो हेतुमत्ता ज्ञेया । "
1030,"nanu kathaṁ janma-karmaṇor nityatvam ? te hi kriye | kriyātvaṁ ca prati nijāṁśam apy ārambha-parisamāptibhyām eva sidhyatīti te vinā sva-svarūpa-hāny-āpattiḥ ? naiṣa doṣaḥ | śrī-bhagavati sadaivākārānantyāt prakāśānantyāt janma-karma-lakṣaṇa-līlānantyād ananta-prapañcānanta-vaikuṇṭha-gata-tat-tal-līlā-sthāna-tat-tal-līlā-parikarāṇāṁ vyakti-prakāśayor ānantyāc ca | yata evaṁ satyor api tat-tad-ākāra-prakāśa-gatayos tad-ārambha-samāptyor ekatraiva te te janma-karmaṇor aṁśā yāvat samāpyante na samāpyante vā, tāvad evānyatrāpy ārabdhā bhavatīty evaṁ śrī-bhagavati vicchedābhāvān nitye eva tatra te janma-karmaṇī vartete | tatra te kvacit kiñcid vilakṣaṇatvenārabhyete te kvacid aikarūpyeṇa ceti jñeyam, viśeṣaṇa-bhedād viśeṣaṇaikyāc ca | eka evākāraḥ prakāśa-bhedena pṛthak kriyāspadaṁ bhavatīti citraṁ bataitad ekena vapuṣā [bhā.pu. 10.69.2] ity ādau pratipāditam | tataḥ kriyā-bhedāt tat-tat-kriyātmakeṣu prakāśa-bhedeṣv abhimāna-bhedaś ca gamyate | tathā sati, ekatraikatra līlā-krama-janita-rasodbodhaś ca jāyate |","ननु कथं जन्मकर्मणोर् नित्यत्वम् ? ते हि क्रिये । क्रियात्वं च प्रति निजांशम् अप्य् आरम्भपरिसमाप्तिभ्याम् एव सिध्यतीति ते विना स्वस्वरूपहान्यापत्तिः ? नैष दोषः । श्रीभगवति सदैवाकारानन्त्यात् प्रकाशानन्त्यात् जन्मकर्मलक्षणलीलानन्त्याद् अनन्तप्रपञ्चानन्तवैकुण्ठगततत्तल्लीलास्थानतत्तल्लीलापरिकराणां व्यक्तिप्रकाशयोर् आनन्त्याच् च । यत एवं सत्योर् अपि तत्तदाकारप्रकाशगतयोस् तदारम्भसमाप्त्योर् एकत्रैव ते ते जन्मकर्मणोर् अंशा यावत् समाप्यन्ते न समाप्यन्ते वा, तावद् एवान्यत्राप्य् आरब्धा भवतीत्य् एवं श्रीभगवति विच्छेदाभावान् नित्ये एव तत्र ते जन्मकर्मणी वर्तेते । तत्र ते क्वचित् किञ्चिद् विलक्षणत्वेनारभ्येते ते क्वचिद् ऐकरूप्येण चेति ज्ञेयम्, विशेषणभेदाद् विशेषणैक्याच् च । एक एवाकारः प्रकाशभेदेन पृथक् क्रियास्पदं भवतीति चित्रं बतैतद् एकेन वपुषा [भा.पु. १०.६९.२] इत्य् आदौ प्रतिपादितम् । ततः क्रियाभेदात् तत्तत्क्रियात्मकेषु प्रकाशभेदेष्व् अभिमानभेदश् च गम्यते । तथा सति, एकत्रैकत्र लीलाक्रमजनितरसोद्बोधश् च जायते ।","ननु कथꣳ जन्मकर्मणोर् नित्यत्वम् ? ते हि क्रिये । क्रियात्वꣳ च प्रति निजाꣳशम् अप्य् आरम्भपरिसमाप्तिभ्याम् एव सिध्यतीति ते विना स्वस्वरूपहान्यापत्तिः ? नैष दोषः । श्रीभगवति सदैवाकारानन्त्यात् प्रकाशानन्त्यात् जन्मकर्मलक्षणलीलानन्त्याद् अनन्तप्रपञ्चानन्तवैकुण्ठगततत्तल्लीलास्थानतत्तल्लीलापरिकराणाꣳ व्यक्तिप्रकाशयोर् आनन्त्याच् च । यत एवꣳ सत्योर् अपि तत्तदाकारप्रकाशगतयोस् तदारम्भसमाप्त्योर् एकत्रैव ते ते जन्मकर्मणोर् अꣳशा यावत् समाप्यन्ते न समाप्यन्ते वा, तावद् एवान्यत्राप्य् आरब्धा भवतीत्य् एवꣳ श्रीभगवति विच्छेदाभावान् नित्ये एव तत्र ते जन्मकर्मणी वर्तेते । तत्र ते क्वचित् किञ्चिद् विलक्षणत्वेनारभ्येते ते क्वचिद् ऐकरूप्येण चेति ज्ञेयम्, विशेषणभेदाद् विशेषणैक्याच् च । एक एवाकारः प्रकाशभेदेन पृथक् क्रियास्पदꣳ भवतीति चित्रꣳ बतैतद् एकेन वपुषा [भा.पु. १०.६९.२] इत्य् आदौ प्रतिपादितम् । ततः क्रियाभेदात् तत्तत्क्रियात्मकेषु प्रकाशभेदेष्व् अभिमानभेदश् च गम्यते । तथा सति, एकत्रैकत्र लीलाक्रमजनितरसोद्बोधश् च जायते ।"
1031,"nanu kathaṁ te eva janma-karmaṇī vartete ity uktaṁ, pṛthag-ārabdhatvād anye eva te ? ucyate—kāla-bhedenoditānām api samāna-rūpāṇāṁ kriyāṇām ekatvam | yathā śaṅkara-śārīrake—dvir-go-śabdobhayam uccaritaḥ, na tu dvau go-śabdau [1.3.28] iti | tathaiva dviḥ pākaḥ kṛto’nena na tu dvidhā pākaḥ kṛto’neneti pratītyā bhaviṣyati | tato janma-karmaṇor api nityatā yuktaiva | ata evāgamādāv api bhūta-pūrva-līlopāsana-vidhānaṁ yuktam | ","ननु कथं ते एव जन्मकर्मणी वर्तेते इत्य् उक्तं, पृथगारब्धत्वाद् अन्ये एव ते ? उच्यते—कालभेदेनोदितानाम् अपि समानरूपाणां क्रियाणाम् एकत्वम् । यथा शङ्करशारीरके—द्विर्गोशब्दोभयम् उच्चरितः, न तु द्वौ गोशब्दौ [१.३.२८] इति । तथैव द्विः पाकः कृतोऽनेन न तु द्विधा पाकः कृतोऽनेनेति प्रतीत्या भविष्यति । ततो जन्मकर्मणोर् अपि नित्यता युक्तैव । अत एवागमादाव् अपि भूतपूर्वलीलोपासनविधानं युक्तम् । ","ननु कथꣳ ते एव जन्मकर्मणी वर्तेते इत्य् उक्तꣳ, पृथगारब्धत्वाद् अन्ये एव ते ? उच्यते—कालभेदेनोदितानाम् अपि समानरूपाणाꣳ क्रियाणाम् एकत्वम् । यथा शङ्करशारीरके—द्विर्गोशब्दोभयम् उच्चरितः, न तु द्वौ गोशब्दौ [१.३.२८] इति । तथैव द्विः पाकः कृतोऽनेन न तु द्विधा पाकः कृतोऽनेनेति प्रतीत्या भविष्यति । ततो जन्मकर्मणोर् अपि नित्यता युक्तैव । अत एवागमादाव् अपि भूतपूर्वलीलोपासनविधानꣳ युक्तम् । "
1032,tathā coktam madhva-bhāṣye—paramātma-sambandhitvena nityatvāt trivikramatvādiṣv apy upasaṁhāryatvaṁ yujyate [3.3.21] iti | anumataṁ caitat śrutyā—yad gataṁ bhavac ca bhaviṣyac ca [bṛ.ā.u. 3.8.4] ity anayaiva | upasaṁhāryatvam upāsanāyām upādeyatvam ity arthaḥ | ,तथा चोक्तम् मध्वभाष्ये—परमात्मसम्बन्धित्वेन नित्यत्वात् त्रिविक्रमत्वादिष्व् अप्य् उपसंहार्यत्वं युज्यते [३.३.२१] इति । अनुमतं चैतत् श्रुत्या—यद् गतं भवच् च भविष्यच् च [बृ.आ.उ. ३.८.४] इत्य् अनयैव । उपसंहार्यत्वम् उपासनायाम् उपादेयत्वम् इत्य् अर्थः । ,तथा चोक्तम् मध्वभाष्ये—परमात्मसम्बन्धित्वेन नित्यत्वात् त्रिविक्रमत्वादिष्व् अप्य् उपसꣳहार्यत्वꣳ युज्यते [३.३.२१] इति । अनुमतꣳ चैतत् श्रुत्या—यद् गतꣳ भवच् च भविष्यच् च [बृ.आ.उ. ३.८.४] इत्य् अनयैव । उपसꣳहार्यत्वम् उपासनायाम् उपादेयत्वम् इत्य् अर्थः । 
1033,"tatra tasya janmanaḥ prākṛtāt tasmād vilakṣaṇatvaṁ prākṛta-janmānukaraṇenāvirbhāva-mātratvaṁ, kvacit tad-ananukaraṇena vā | ajāyamānā bahudhā vijāyate [śukla-yajuḥ 31.17] iti śrutiḥ |  ","तत्र तस्य जन्मनः प्राकृतात् तस्माद् विलक्षणत्वं प्राकृतजन्मानुकरणेनाविर्भावमात्रत्वं, क्वचित् तदननुकरणेन वा । अजायमाना बहुधा विजायते [शुक्लयजुः ३१.१७] इति श्रुतिः ।  ","तत्र तस्य जन्मनः प्राकृतात् तस्माद् विलक्षणत्वꣳ प्राकृतजन्मानुकरणेनाविर्भावमात्रत्वꣳ, क्वचित् तदननुकरणेन वा । अजायमाना बहुधा विजायते [शुक्लयजुः ३१.१७] इति श्रुतिः ।  "
1035,devakyāṁ deva-rūpiṇyāṁ viṣṇuḥ sarva-guhāśayaḥ |,देवक्यां देवरूपिण्यां विष्णुः सर्वगुहाशयः ।,देवक्याꣳ देवरूपिण्याꣳ विष्णुः सर्वगुहाशयः ।
1036,āvirāsīd yathā prācyāṁ diśīndur iva puṣkalaḥ || [bhā.pu. 10.3.8] iti |,आविरासीद् यथा प्राच्यां दिशीन्दुर् इव पुष्कलः ॥ [भा.पु. १०.३.८] इति ।,आविरासीद् यथा प्राच्याꣳ दिशीन्दुर् इव पुष्कलः ॥ [भा.पु. १०.३.८] इति ।
1038,satyaṁ vidhātuṁ nija-bhṛtya-bhāṣitaṁ ,सत्यं विधातुं निजभृत्यभाषितं ,सत्यꣳ विधातुꣳ निजभृत्यभाषितꣳ 
1039,vyāptitvaṁ ca bhūteṣv akhileṣu cātmanaḥ |,व्याप्तित्वं च भूतेष्व् अखिलेषु चात्मनः ।,व्याप्तित्वꣳ च भूतेष्व् अखिलेषु चात्मनः ।
1041,stambhe sabhāyāṁ na mṛgaṁ na mānuṣam || [bhā.pu. 7.8.17] iti |,स्तम्भे सभायां न मृगं न मानुषम् ॥ [भा.पु. ७.८.१७] इति ।,स्तम्भे सभायाꣳ न मृगꣳ न मानुषम् ॥ [भा.पु. ७.८.१७] इति ।
1042,kārdamaṁ vīryam āpannaḥ [bhā.pu. 3.24.6] ity atra śrī-kapila-devāvatāra-prasaṅge kardamasya bhakti-sāmarthya-vaśībhūta ity eva vyākhyeyam | vīrya-śabda-nyāsas tu prasiddhaṁ putratvam api śliṣṭaṁ bhavatīty evam arthaḥ | ,कार्दमं वीर्यम् आपन्नः [भा.पु. ३.२४.६] इत्य् अत्र श्रीकपिलदेवावतारप्रसङ्गे कर्दमस्य भक्तिसामर्थ्यवशीभूत इत्य् एव व्याख्येयम् । वीर्यशब्दन्यासस् तु प्रसिद्धं पुत्रत्वम् अपि श्लिष्टं भवतीत्य् एवम् अर्थः । ,कार्दमꣳ वीर्यम् आपन्नः [भा.पु. ३.२४.६] इत्य् अत्र श्रीकपिलदेवावतारप्रसङ्गे कर्दमस्य भक्तिसामर्थ्यवशीभूत इत्य् एव व्याख्येयम् । वीर्यशब्दन्यासस् तु प्रसिद्धꣳ पुत्रत्वम् अपि श्लिष्टꣳ भवतीत्य् एवम् अर्थः । 
1043,"tathā karmaṇo vailakṣaṇyaṁ svarūpānanda-vilāsa-mātratvam | tad yathā, lokavat tu līlā-kaivalyam [ve.sū. 2.1.33] iti | vyākhyātaṁ ca tattva-vādibhiḥ, yathā—loke mattasya sukhodrekād eva nṛtyādi-līlā, na tu prayojanāpekṣayā, evam eveśvarasya iti | nārāyaṇa-saṁhitāyāṁ ca—","तथा कर्मणो वैलक्षण्यं स्वरूपानन्दविलासमात्रत्वम् । तद् यथा, लोकवत् तु लीलाकैवल्यम् [वे.सू. २.१.३३] इति । व्याख्यातं च तत्त्ववादिभिः, यथा—लोके मत्तस्य सुखोद्रेकाद् एव नृत्यादिलीला, न तु प्रयोजनापेक्षया, एवम् एवेश्वरस्य इति । नारायणसंहितायां च—","तथा कर्मणो वैलक्षण्यꣳ स्वरूपानन्दविलासमात्रत्वम् । तद् यथा, लोकवत् तु लीलाकैवल्यम् [वे.सू. २.१.३३] इति । व्याख्यातꣳ च तत्त्ववादिभिः, यथा—लोके मत्तस्य सुखोद्रेकाद् एव नृत्यादिलीला, न तु प्रयोजनापेक्षया, एवम् एवेश्वरस्य इति । नारायणसꣳहितायाꣳ च—"
1044,sṛṣṭy-ādikaṁ harir naiva prayojanam apekṣya tu |,सृष्ट्यादिकं हरिर् नैव प्रयोजनम् अपेक्ष्य तु ।,सृष्ट्यादिकꣳ हरिर् नैव प्रयोजनम् अपेक्ष्य तु ।
1048,"na conmatta-dṛṣṭāntenāsarvajñatvaṁ prasañjayitavyam, svarūpānandodrekeṇa sva-prayojanam ananusandhāyaiva līlāyate ity etad-aṁśenaiva svīkārāt | ucchvāsa-praśvāsa-dṛṣṭānte’pi suṣupty-ādau tad-doṣāpātāt | tasmāt svarūpānanda-svābhāvikyena tal-līlā | śrutiś ca—devasyaiva svabhāvo’yam āpta-kāmasya kā spṛhā [māṇḍūkya-kārikā 9] iti |","न चोन्मत्तदृष्टान्तेनासर्वज्ञत्वं प्रसञ्जयितव्यम्, स्वरूपानन्दोद्रेकेण स्वप्रयोजनम् अननुसन्धायैव लीलायते इत्य् एतदंशेनैव स्वीकारात् । उच्छ्वासप्रश्वासदृष्टान्तेऽपि सुषुप्त्यादौ तद्दोषापातात् । तस्मात् स्वरूपानन्दस्वाभाविक्येन तल्लीला । श्रुतिश् च—देवस्यैव स्वभावोऽयम् आप्तकामस्य का स्पृहा [माण्डूक्यकारिका ९] इति ।","न चोन्मत्तदृष्टान्तेनासर्वज्ञत्वꣳ प्रसञ्जयितव्यम्, स्वरूपानन्दोद्रेकेण स्वप्रयोजनम् अननुसन्धायैव लीलायते इत्य् एतदꣳशेनैव स्वीकारात् । उच्छ्वासप्रश्वासदृष्टान्तेऽपि सुषुप्त्यादौ तद्दोषापातात् । तस्मात् स्वरूपानन्दस्वाभाविक्येन तल्लीला । श्रुतिश् च—देवस्यैव स्वभावोऽयम् आप्तकामस्य का स्पृहा [माण्डूक्यकारिका ९] इति ।"
1049,atra prākṛta-sṛṣṭy-ādi-gatasya sākṣād-bhagavac-ceṣṭātmakasya vīkṣaṇādi-karmaṇo vastutas tu tathā-vidhatve vaikuṇṭhādi-gatasya kaimutyam evāpatitam | yathoktaṁ nāga-patnībhiḥ avyākṛta-vihārāya [bhā.pu. 10.16.47] iti | ata eva śrī-śukādīnām api tal-līlā-śravaṇe rāgataḥ pravṛttir yujyate | ataś ca—,अत्र प्राकृतसृष्ट्यादिगतस्य साक्षाद्भगवच्चेष्टात्मकस्य वीक्षणादिकर्मणो वस्तुतस् तु तथाविधत्वे वैकुण्ठादिगतस्य कैमुत्यम् एवापतितम् । यथोक्तं नागपत्नीभिः अव्याकृतविहाराय [भा.पु. १०.१६.४७] इति । अत एव श्रीशुकादीनाम् अपि तल्लीलाश्रवणे रागतः प्रवृत्तिर् युज्यते । अतश् च—,अत्र प्राकृतसृष्ट्यादिगतस्य साक्षाद्भगवच्चेष्टात्मकस्य वीक्षणादिकर्मणो वस्तुतस् तु तथाविधत्वे वैकुण्ठादिगतस्य कैमुत्यम् एवापतितम् । यथोक्तꣳ नागपत्नीभिः अव्याकृतविहाराय [भा.पु. १०.१६.४७] इति । अत एव श्रीशुकादीनाम् अपि तल्लीलाश्रवणे रागतः प्रवृत्तिर् युज्यते । अतश् च—
1050,evaṁ ca janmāni karmāṇi hy akartur ajanasya ca |,एवं च जन्मानि कर्माणि ह्य् अकर्तुर् अजनस्य च ।,एवꣳ च जन्मानि कर्माणि ह्य् अकर्तुर् अजनस्य च ।
1052,"ity atra janma-guhyādhyāya-padye’py evam eva vyākhyeyam | yatreme sad-asad-rūpe [bhā.pu. 1.3.33-4] ity-ādibhyām avyavahita-padyābhyāṁ yathā svarūpa-samyag-jñānenaiva kṛtasyāvidyā-kṛtātmādhyāsa-sad-asad-rūpa-niṣedhasya hetor brahma-darśanaṁ bhavati, yathā ca māyoparatāv eva svarūpa-sampattir bhavatīty uktam, evam eva kavaya ātmārāmāḥ, hṛt-pateḥ paramātmano janmāni karmāṇi ca varṇayanti | tat-tat-pratiṣedhe tad-uparatau caiva satyāṁ taj-janma-karmānubhava-sampattī bhavata ity arthaḥ | sampattir atra sākṣād darśanam | tasmāt svarūpānandātiśayita-bhagavad-ānanda-vilāsa-rūpāṇy eva tānīti bhāvaḥ | ata eva prākṛta-vailakṣaṇyād akartur ajanasya ity uktam | ata eva veda-guhyāni api tānīti | ","इत्य् अत्र जन्मगुह्याध्यायपद्येऽप्य् एवम् एव व्याख्येयम् । यत्रेमे सदसद्रूपे [भा.पु. १.३.३३-४] इत्यादिभ्याम् अव्यवहितपद्याभ्यां यथा स्वरूपसम्यग्ज्ञानेनैव कृतस्याविद्याकृतात्माध्याससदसद्रूपनिषेधस्य हेतोर् ब्रह्मदर्शनं भवति, यथा च मायोपरताव् एव स्वरूपसम्पत्तिर् भवतीत्य् उक्तम्, एवम् एव कवय आत्मारामाः, हृत्पतेः परमात्मनो जन्मानि कर्माणि च वर्णयन्ति । तत्तत्प्रतिषेधे तदुपरतौ चैव सत्यां तज्जन्मकर्मानुभवसम्पत्ती भवत इत्य् अर्थः । सम्पत्तिर् अत्र साक्षाद् दर्शनम् । तस्मात् स्वरूपानन्दातिशयितभगवदानन्दविलासरूपाण्य् एव तानीति भावः । अत एव प्राकृतवैलक्षण्याद् अकर्तुर् अजनस्य इत्य् उक्तम् । अत एव वेदगुह्यानि अपि तानीति । ","इत्य् अत्र जन्मगुह्याध्यायपद्येऽप्य् एवम् एव व्याख्येयम् । यत्रेमे सदसद्रूपे [भा.पु. १.३.३३-४] इत्यादिभ्याम् अव्यवहितपद्याभ्याꣳ यथा स्वरूपसम्यग्ज्ञानेनैव कृतस्याविद्याकृतात्माध्याससदसद्रूपनिषेधस्य हेतोर् ब्रह्मदर्शनꣳ भवति, यथा च मायोपरताव् एव स्वरूपसम्पत्तिर् भवतीत्य् उक्तम्, एवम् एव कवय आत्मारामाः, हृत्पतेः परमात्मनो जन्मानि कर्माणि च वर्णयन्ति । तत्तत्प्रतिषेधे तदुपरतौ चैव सत्याꣳ तज्जन्मकर्मानुभवसम्पत्ती भवत इत्य् अर्थः । सम्पत्तिर् अत्र साक्षाद् दर्शनम् । तस्मात् स्वरूपानन्दातिशयितभगवदानन्दविलासरूपाण्य् एव तानीति भावः । अत एव प्राकृतवैलक्षण्याद् अकर्तुर् अजनस्य इत्य् उक्तम् । अत एव वेदगुह्यानि अपि तानीति । "
1053,"yathā akrūra-stutau tvayoditaḥ [bhā.pu. 10.48.23-24] ity-ādi-dvayaṁ ṭīkāyām evettham utthāpitam—nanu tarhi mamāvatārās tac-caritāni ca śukti-rajata-vad avidyā-kalpitāny eva kim ? nahi nahi, iyaṁ tu tava līlety āha dvayena—tvayodita iti iti |","यथा अक्रूरस्तुतौ त्वयोदितः [भा.पु. १०.४८.२३-२४] इत्यादिद्वयं टीकायाम् एवेत्थम् उत्थापितम्—ननु तर्हि ममावतारास् तच्चरितानि च शुक्तिरजतवद् अविद्याकल्पितान्य् एव किम् ? नहि नहि, इयं तु तव लीलेत्य् आह द्वयेन—त्वयोदित इति इति ।","यथा अक्रूरस्तुतौ त्वयोदितः [भा.पु. १०.४८.२३-२४] इत्यादिद्वयꣳ टीकायाम् एवेत्थम् उत्थापितम्—ननु तर्हि ममावतारास् तच्चरितानि च शुक्तिरजतवद् अविद्याकल्पितान्य् एव किम् ? नहि नहि, इयꣳ तु तव लीलेत्य् आह द्वयेन—त्वयोदित इति इति ।"
1054,tathaiva ca bhagavat-svarūpa-sāmyenoktaṁ vaiṣṇave—,तथैव च भगवत्स्वरूपसाम्येनोक्तं वैष्णवे—,तथैव च भगवत्स्वरूपसाम्येनोक्तꣳ वैष्णवे—
1056,yasyākhila-pramāṇānaṁ sa viṣṇur garbhagas tava || [vi.pu. 5.2.19] iti |,यस्याखिलप्रमाणानं स विष्णुर् गर्भगस् तव ॥ [वि.पु. ५.२.१९] इति ।,यस्याखिलप्रमाणानꣳ स विष्णुर् गर्भगस् तव ॥ [वि.पु. ५.२.१९] इति ।
1057,rūpa-karmeti vā pāṭhāntaram | ittham evābhipretaṁ śrī-gītopaniṣadbhiḥ—janma-karma ca me divyam evaṁ yo vetti tattvataḥ [gītā 4.9] iti |,रूपकर्मेति वा पाठान्तरम् । इत्थम् एवाभिप्रेतं श्रीगीतोपनिषद्भिः—जन्मकर्म च मे दिव्यम् एवं यो वेत्ति तत्त्वतः [गीता ४.९] इति ।,रूपकर्मेति वा पाठान्तरम् । इत्थम् एवाभिप्रेतꣳ श्रीगीतोपनिषद्भिः—जन्मकर्म च मे दिव्यम् एवꣳ यो वेत्ति तत्त्वतः [गीता ४.९] इति ।
1058,tathā nāmno vailakṣaṇyaṁ vāṅ-manasāgocara-guṇāvalambitvena svataḥ-siddhatvam | tad yathā vāsudevādhyātme—aprasiddhes tad-guṇānām anāmāsau prakīrtitaḥ iti | brāhme—anāmā so’prasiddhatvād arūpo bhūta-varjanāt iti | ,तथा नाम्नो वैलक्षण्यं वाङ्मनसागोचरगुणावलम्बित्वेन स्वतःसिद्धत्वम् । तद् यथा वासुदेवाध्यात्मे—अप्रसिद्धेस् तद्गुणानाम् अनामासौ प्रकीर्तितः इति । ब्राह्मे—अनामा सोऽप्रसिद्धत्वाद् अरूपो भूतवर्जनात् इति । ,तथा नाम्नो वैलक्षण्यꣳ वाङ्मनसागोचरगुणावलम्बित्वेन स्वतःसिद्धत्वम् । तद् यथा वासुदेवाध्यात्मे—अप्रसिद्धेस् तद्गुणानाम् अनामासौ प्रकीर्तितः इति । ब्राह्मे—अनामा सोऽप्रसिद्धत्वाद् अरूपो भूतवर्जनात् इति । 
1061,tad brahma paramaṁ nityam avikāri bhavān aja ||,तद् ब्रह्म परमं नित्यम् अविकारि भवान् अज ॥,तद् ब्रह्म परमꣳ नित्यम् अविकारि भवान् अज ॥
1064,"ity etad-vaiṣṇava-vacanānantaram api na viruddham | tathā hi—atrāpātataḥ pratītārthatāyāṁ kalpanā-śabdo vyarthaḥ syāt, nāma-jāty-ādayo na vidyante ity anenaiva vivakṣitārtha-siddheḥ, svayam eva brahmājādi-śabdānāṁ paramārtha-pratipādaka-nāmatayā svīkṛteś ca, ajām ekāṁ lohita-śukla-kṛṣṇām [śve.u. 4.5] ity-ādiṣv ajāyamānatva-lakṣaṇa-jātiś ca dṛśyata eva | tathā nāmādi-kalpanā na vidyante ity uktyā svayaṁ kṛṣṇādi-nāma-kalpanoktir viruddhā syāt | kalpanayā vā katham īḍyatā syāt ? kalpanāyā aniyatatvāc ca kathaṁ kṛṣṇādinām naiyatyam ucyate ? ","इत्य् एतद्वैष्णववचनानन्तरम् अपि न विरुद्धम् । तथा हि—अत्रापाततः प्रतीतार्थतायां कल्पनाशब्दो व्यर्थः स्यात्, नामजात्यादयो न विद्यन्ते इत्य् अनेनैव विवक्षितार्थसिद्धेः, स्वयम् एव ब्रह्माजादिशब्दानां परमार्थप्रतिपादकनामतया स्वीकृतेश् च, अजाम् एकां लोहितशुक्लकृष्णाम् [श्वे.उ. ४.५] इत्यादिष्व् अजायमानत्वलक्षणजातिश् च दृश्यत एव । तथा नामादिकल्पना न विद्यन्ते इत्य् उक्त्या स्वयं कृष्णादिनामकल्पनोक्तिर् विरुद्धा स्यात् । कल्पनया वा कथम् ईड्यता स्यात् ? कल्पनाया अनियतत्वाच् च कथं कृष्णादिनाम् नैयत्यम् उच्यते ? ","इत्य् एतद्वैष्णववचनानन्तरम् अपि न विरुद्धम् । तथा हि—अत्रापाततः प्रतीतार्थतायाꣳ कल्पनाशब्दो व्यर्थः स्यात्, नामजात्यादयो न विद्यन्ते इत्य् अनेनैव विवक्षितार्थसिद्धेः, स्वयम् एव ब्रह्माजादिशब्दानाꣳ परमार्थप्रतिपादकनामतया स्वीकृतेश् च, अजाम् एकाꣳ लोहितशुक्लकृष्णाम् [श्वे.उ. ४.५] इत्यादिष्व् अजायमानत्वलक्षणजातिश् च दृश्यत एव । तथा नामादिकल्पना न विद्यन्ते इत्य् उक्त्या स्वयꣳ कृष्णादिनामकल्पनोक्तिर् विरुद्धा स्यात् । कल्पनया वा कथम् ईड्यता स्यात् ? कल्पनाया अनियतत्वाच् च कथꣳ कृष्णादिनाम् नैयत्यम् उच्यते ? "
1065,"tasmān nāma-karma-svarūpāṇīty anusārāc cāyam arthaḥ—yathā yatra nāma-jāty-ādīnāṁ nāmani kṛṣṇādīni jātayo devatva-manuṣyatva-kṣatriyatvādi-līlāḥ, tad-ādīnāṁ kalpanā na vidyante | kintu sva-saṁsthayā samāpta-sarvārtham [bhā.pu. 10.37.22] ity-ukta-diśā svarūpa-siddha-nitya-śakti-vilāsa-rūpāṇy eva tānīty arthaḥ | tataś ca yato yasmāt sarvasyāpi dṛṣṭasya vastunaḥ kalpanāṁ nāmādi-racanāmṛte’dhigamo vyavahārika-bodho na bhavati | tatas tasmād eva hetoḥ kalpanā-mayaṁ nāma tan-nāminaṁ cārthaṁ sarvam avajñāya nikhila-pramāṇa-paricchedāgocaratvena vedātmatayā svataḥ-siddhaiḥ kṛṣṇādi-nāmopalakṣaṇaiḥ prasiddhair eva nāmabhiḥ svataḥ-siddhas tvam eveḍyase, munibhir vedaiś ca ślāghyase | na tu kalpanā-mayair anyais tvam api ślāghyase, tādṛśa-mahimabhis tair eva tava mahimā vyaktībhavatīti | yad vā, tair eveḍyase vyakta-māhātmīkriyasa iti |","तस्मान् नामकर्मस्वरूपाणीत्य् अनुसाराच् चायम् अर्थः—यथा यत्र नामजात्यादीनां नामनि कृष्णादीनि जातयो देवत्वमनुष्यत्वक्षत्रियत्वादिलीलाः, तदादीनां कल्पना न विद्यन्ते । किन्तु स्वसंस्थया समाप्तसर्वार्थम् [भा.पु. १०.३७.२२] इत्युक्तदिशा स्वरूपसिद्धनित्यशक्तिविलासरूपाण्य् एव तानीत्य् अर्थः । ततश् च यतो यस्मात् सर्वस्यापि दृष्टस्य वस्तुनः कल्पनां नामादिरचनामृतेऽधिगमो व्यवहारिकबोधो न भवति । ततस् तस्माद् एव हेतोः कल्पनामयं नाम तन्नामिनं चार्थं सर्वम् अवज्ञाय निखिलप्रमाणपरिच्छेदागोचरत्वेन वेदात्मतया स्वतःसिद्धैः कृष्णादिनामोपलक्षणैः प्रसिद्धैर् एव नामभिः स्वतःसिद्धस् त्वम् एवेड्यसे, मुनिभिर् वेदैश् च श्लाघ्यसे । न तु कल्पनामयैर् अन्यैस् त्वम् अपि श्लाघ्यसे, तादृशमहिमभिस् तैर् एव तव महिमा व्यक्तीभवतीति । यद् वा, तैर् एवेड्यसे व्यक्तमाहात्मीक्रियस इति ।","तस्मान् नामकर्मस्वरूपाणीत्य् अनुसाराच् चायम् अर्थः—यथा यत्र नामजात्यादीनाꣳ नामनि कृष्णादीनि जातयो देवत्वमनुष्यत्वक्षत्रियत्वादिलीलाः, तदादीनाꣳ कल्पना न विद्यन्ते । किन्तु स्वसꣳस्थया समाप्तसर्वार्थम् [भा.पु. १०.३७.२२] इत्युक्तदिशा स्वरूपसिद्धनित्यशक्तिविलासरूपाण्य् एव तानीत्य् अर्थः । ततश् च यतो यस्मात् सर्वस्यापि दृष्टस्य वस्तुनः कल्पनाꣳ नामादिरचनामृतेऽधिगमो व्यवहारिकबोधो न भवति । ततस् तस्माद् एव हेतोः कल्पनामयꣳ नाम तन्नामिनꣳ चार्थꣳ सर्वम् अवज्ञाय निखिलप्रमाणपरिच्छेदागोचरत्वेन वेदात्मतया स्वतःसिद्धैः कृष्णादिनामोपलक्षणैः प्रसिद्धैर् एव नामभिः स्वतःसिद्धस् त्वम् एवेड्यसे, मुनिभिर् वेदैश् च श्लाघ्यसे । न तु कल्पनामयैर् अन्यैस् त्वम् अपि श्लाघ्यसे, तादृशमहिमभिस् तैर् एव तव महिमा व्यक्तीभवतीति । यद् वा, तैर् एवेड्यसे व्यक्तमाहात्मीक्रियस इति ।"
1066,"atra yaiḥ śāstre’tiprasiddhaiḥ śrī-bhagavān eva jhaṭiti pratīto bhavati, yeṣāṁ ca sāṅkety-ādāv api tādṛśa-prabhāvaḥ śrūyate, teṣāṁ svataḥ-siddhatvam, anyeṣāṁ kalpanā-mayatvaṁ jñeyam | athavā, he nātha ! yatra nāma-jāty-ādīnāṁ kalpanā na vidyante, tat kevalaṁ viśeṣya-rūpaṁ paramaṁ brahma bhavān |","अत्र यैः शास्त्रेऽतिप्रसिद्धैः श्रीभगवान् एव झटिति प्रतीतो भवति, येषां च साङ्केत्यादाव् अपि तादृशप्रभावः श्रूयते, तेषां स्वतःसिद्धत्वम्, अन्येषां कल्पनामयत्वं ज्ञेयम् । अथवा, हे नाथ ! यत्र नामजात्यादीनां कल्पना न विद्यन्ते, तत् केवलं विशेष्यरूपं परमं ब्रह्म भवान् ।","अत्र यैः शास्त्रेऽतिप्रसिद्धैः श्रीभगवान् एव झटिति प्रतीतो भवति, येषाꣳ च साङ्केत्यादाव् अपि तादृशप्रभावः श्रूयते, तेषाꣳ स्वतःसिद्धत्वम्, अन्येषाꣳ कल्पनामयत्वꣳ ज्ञेयम् । अथवा, हे नाथ ! यत्र नामजात्यादीनाꣳ कल्पना न विद्यन्ते, तत् केवलꣳ विशेष्यरूपꣳ परमꣳ ब्रह्म भवान् ।"
1067,"tat-tat-kalpanāyā aviṣayatve hetuḥ—viśeṣeṇa karoti līlāyata iti vikāri, tathā na bhavatīty avikāri iti | tad-rūpeṇa na jāyate na prakaṭībhavatīti he ajeti ca | tataḥ kim avalambya tatra nāma-jāty-ādi-kalpanāḥ kriyantām ? iti bhāvaḥ | tat-tat-kalpanāṁ vinā ca sarvasyāpy arthasya vastu-mātrasyādhigama-mātraṁ na bhavet, kim uta tādṛśa-brahma-svarūpasya bhavataḥ | kalpanāmaya-nāma-jāty-ādayas tu na kasyāpi svarūpa-dharmā bhavanti | yata evaṁ, tataḥ sāṅketyādinā bhāvitair api bhavadvat-sarva-puruṣārtha-pradais tat-tad-viśeṣa-pratipādakaiḥ kṛṣṇādi-nāmabhir eva tvam īḍyase, nitya-siddha-śruti-purāṇādibhiḥ ślāghyase, na tu nirviśeṣatā-pratipādakair nitarāṁ kalpanāmayair ity arthaḥ |","तत्तत्कल्पनाया अविषयत्वे हेतुः—विशेषेण करोति लीलायत इति विकारि, तथा न भवतीत्य् अविकारि इति । तद्रूपेण न जायते न प्रकटीभवतीति हे अजेति च । ततः किम् अवलम्ब्य तत्र नामजात्यादिकल्पनाः क्रियन्ताम् ? इति भावः । तत्तत्कल्पनां विना च सर्वस्याप्य् अर्थस्य वस्तुमात्रस्याधिगममात्रं न भवेत्, किम् उत तादृशब्रह्मस्वरूपस्य भवतः । कल्पनामयनामजात्यादयस् तु न कस्यापि स्वरूपधर्मा भवन्ति । यत एवं, ततः साङ्केत्यादिना भावितैर् अपि भवद्वत्सर्वपुरुषार्थप्रदैस् तत्तद्विशेषप्रतिपादकैः कृष्णादिनामभिर् एव त्वम् ईड्यसे, नित्यसिद्धश्रुतिपुराणादिभिः श्लाघ्यसे, न तु निर्विशेषताप्रतिपादकैर् नितरां कल्पनामयैर् इत्य् अर्थः ।","तत्तत्कल्पनाया अविषयत्वे हेतुः—विशेषेण करोति लीलायत इति विकारि, तथा न भवतीत्य् अविकारि इति । तद्रूपेण न जायते न प्रकटीभवतीति हे अजेति च । ततः किम् अवलम्ब्य तत्र नामजात्यादिकल्पनाः क्रियन्ताम् ? इति भावः । तत्तत्कल्पनाꣳ विना च सर्वस्याप्य् अर्थस्य वस्तुमात्रस्याधिगममात्रꣳ न भवेत्, किम् उत तादृशब्रह्मस्वरूपस्य भवतः । कल्पनामयनामजात्यादयस् तु न कस्यापि स्वरूपधर्मा भवन्ति । यत एवꣳ, ततः साङ्केत्यादिना भावितैर् अपि भवद्वत्सर्वपुरुषार्थप्रदैस् तत्तद्विशेषप्रतिपादकैः कृष्णादिनामभिर् एव त्वम् ईड्यसे, नित्यसिद्धश्रुतिपुराणादिभिः श्लाघ्यसे, न तु निर्विशेषताप्रतिपादकैर् नितराꣳ कल्पनामयैर् इत्य् अर्थः ।"
1068,"kintu kṛṣṇādīnāṁ caturṇāṁ nāmnāṁ upalaksaṇatvam eva jñeyam | nārāyaṇādi-nāmnām api sāṅketyādau tathā prabhāva-śravaṇāt | varṇā eva tu śabdā iti bhagavān upavarṣaḥ [jai.sū. 1.5.5 śavara-bhāṣye] ity anena, tasya ca nityatvād [ve.sū. 2.4.17] ity anena ca nyāyena varṇatayaiva nityatvam asya veda-sāra-varṇātmaka-nāmnaḥ sidhyati | tathaiva gopāla-tāpanī-śrutau nāma-mayāṣṭadaśākṣara-prasaṅge brahma-vākyam—teṣv akṣareṣu bhaviṣyaj-jagad-rūpaṁ prakāśayann [go.tā.u. 1.26] iti |","किन्तु कृष्णादीनां चतुर्णां नाम्नां उपलक्सणत्वम् एव ज्ञेयम् । नारायणादिनाम्नाम् अपि साङ्केत्यादौ तथा प्रभावश्रवणात् । वर्णा एव तु शब्दा इति भगवान् उपवर्षः [जै.सू. १.५.५ शवरभाष्ये] इत्य् अनेन, तस्य च नित्यत्वाद् [वे.सू. २.४.१७] इत्य् अनेन च न्यायेन वर्णतयैव नित्यत्वम् अस्य वेदसारवर्णात्मकनाम्नः सिध्यति । तथैव गोपालतापनीश्रुतौ नाममयाष्टदशाक्षरप्रसङ्गे ब्रह्मवाक्यम्—तेष्व् अक्षरेषु भविष्यज्जगद्रूपं प्रकाशयन्न् [गो.ता.उ. १.२६] इति ।","किन्तु कृष्णादीनाꣳ चतुर्णाꣳ नाम्नाꣳ उपलक्सणत्वम् एव ज्ञेयम् । नारायणादिनाम्नाम् अपि साङ्केत्यादौ तथा प्रभावश्रवणात् । वर्णा एव तु शब्दा इति भगवान् उपवर्षः [जै.सू. १.५.५ शवरभाष्ये] इत्य् अनेन, तस्य च नित्यत्वाद् [वे.सू. २.४.१७] इत्य् अनेन च न्यायेन वर्णतयैव नित्यत्वम् अस्य वेदसारवर्णात्मकनाम्नः सिध्यति । तथैव गोपालतापनीश्रुतौ नाममयाष्टदशाक्षरप्रसङ्गे ब्रह्मवाक्यम्—तेष्व् अक्षरेषु भविष्यज्जगद्रूपꣳ प्रकाशयन्न् [गो.ता.उ. १.२६] इति ।"
1069,atrāvara-kāla-jāta-śabdādi-maya-jagat-kāraṇatvena tad-vailakṣaṇyāt svataḥ-siddhatvaṁ tathā bhagavat-svarūpābhinnatvaṁ ca tad-vailakṣaṇyaṁ nāmnaḥ | tad yathā śrutau—oṁ āsya jānanto nāma cid viviktana mahas te viṣṇo sumatiṁ bhajāmahe | oṁ tat sat [ṛ.ve. 1.156.3] ity ādi | ,अत्रावरकालजातशब्दादिमयजगत्कारणत्वेन तद्वैलक्षण्यात् स्वतःसिद्धत्वं तथा भगवत्स्वरूपाभिन्नत्वं च तद्वैलक्षण्यं नाम्नः । तद् यथा श्रुतौ—ओं आस्य जानन्तो नाम चिद् विविक्तन महस् ते विष्णो सुमतिं भजामहे । ॐ तत् सत् [ऋ.वे. १.१५६.३] इत्य् आदि । ,अत्रावरकालजातशब्दादिमयजगत्कारणत्वेन तद्वैलक्षण्यात् स्वतःसिद्धत्वꣳ तथा भगवत्स्वरूपाभिन्नत्वꣳ च तद्वैलक्षण्यꣳ नाम्नः । तद् यथा श्रुतौ—ओꣳ आस्य जानन्तो नाम चिद् विविक्तन महस् ते विष्णो सुमतिꣳ भजामहे । ओꣳ तत् सत् [ऋ.वे. १.१५६.३] इत्य् आदि । 
1070,"ayam arthaḥ—he viṣṇo ! te tava nāma cit cit-svarūpam, ata eva mahaḥ sva-prakāśa-rūpam | tasmād asya nāmna ā īṣad api jānantaḥ, na tu samyag uccāra-māhātmyādi-puraskāreṇa | tathāpi vivaktana bruvāṇāḥ kevalaṁ tad-akṣarābhyāsa-mātraṁ kurvāṇāḥ sumatiṁ tad-viṣayāṁ vidyāṁ bhajāmahe prāpnumaḥ | yatas tad eva praṇava-vyañjitaṁ vastu sat svataḥ-siddham iti | ","अयम् अर्थः—हे विष्णो ! ते तव नाम चित् चित्स्वरूपम्, अत एव महः स्वप्रकाशरूपम् । तस्माद् अस्य नाम्न आ ईषद् अपि जानन्तः, न तु सम्यग् उच्चारमाहात्म्यादिपुरस्कारेण । तथापि विवक्तन ब्रुवाणाः केवलं तदक्षराभ्यासमात्रं कुर्वाणाः सुमतिं तद्विषयां विद्यां भजामहे प्राप्नुमः । यतस् तद् एव प्रणवव्यञ्जितं वस्तु सत् स्वतःसिद्धम् इति । ","अयम् अर्थः—हे विष्णो ! ते तव नाम चित् चित्स्वरूपम्, अत एव महः स्वप्रकाशरूपम् । तस्माद् अस्य नाम्न आ ईषद् अपि जानन्तः, न तु सम्यग् उच्चारमाहात्म्यादिपुरस्कारेण । तथापि विवक्तन ब्रुवाणाः केवलꣳ तदक्षराभ्यासमात्रꣳ कुर्वाणाः सुमतिꣳ तद्विषयाꣳ विद्याꣳ भजामहे प्राप्नुमः । यतस् तद् एव प्रणवव्यञ्जितꣳ वस्तु सत् स्वतःसिद्धम् इति । "
1071,ata eva bhaya-dveṣādau śrī-mūrteḥ sphūrter iva sāṅketyādāv apy asya muktidatvaṁ śrūyate | tathā coktaṁ brāhme—,अत एव भयद्वेषादौ श्रीमूर्तेः स्फूर्तेर् इव साङ्केत्यादाव् अप्य् अस्य मुक्तिदत्वं श्रूयते । तथा चोक्तं ब्राह्मे—,अत एव भयद्वेषादौ श्रीमूर्तेः स्फूर्तेर् इव साङ्केत्यादाव् अप्य् अस्य मुक्तिदत्वꣳ श्रूयते । तथा चोक्तꣳ ब्राह्मे—
1073,so’pi bandha-ksayān muktiṁ labhec cedi-patir yathā || iti |,सोऽपि बन्धक्सयान् मुक्तिं लभेच् चेदिपतिर् यथा ॥ इति ।,सोऽपि बन्धक्सयान् मुक्तिꣳ लभेच् चेदिपतिर् यथा ॥ इति ।
1074,tathā śrī-bhagavata iva tasya nāmnaḥ sakṛd api sākṣātkāraḥ saṁsāra-dhvaṁsako bhavati | yathā skānde—,तथा श्रीभगवत इव तस्य नाम्नः सकृद् अपि साक्षात्कारः संसारध्वंसको भवति । यथा स्कान्दे—,तथा श्रीभगवत इव तस्य नाम्नः सकृद् अपि साक्षात्कारः सꣳसारध्वꣳसको भवति । यथा स्कान्दे—
1075,sakṛd uccāritaṁ yena harir ity akṣara-dvayam |,सकृद् उच्चारितं येन हरिर् इत्य् अक्षरद्वयम् ।,सकृद् उच्चारितꣳ येन हरिर् इत्य् अक्षरद्वयम् ।
1076,baddhaḥ parikaras tena mokṣāya gamanaṁ prati || iti |,बद्धः परिकरस् तेन मोक्षाय गमनं प्रति ॥ इति ।,बद्धः परिकरस् तेन मोक्षाय गमनꣳ प्रति ॥ इति ।
1077,"śrutau ca praṇavam uddiśya—om ity etat brahmaṇo nediṣṭaṁ nāma… yasmād uccāryamāṇa eva saṁsāra-bhayāt tārayati, tasmād ucyate tāraḥ ity-ādi bahutaram | ","श्रुतौ च प्रणवम् उद्दिश्य—ओम् इत्य् एतत् ब्रह्मणो नेदिष्टं नाम… यस्माद् उच्चार्यमाण एव संसारभयात् तारयति, तस्माद् उच्यते तारः इत्यादि बहुतरम् । ","श्रुतौ च प्रणवम् उद्दिश्य—ॐ इत्य् एतत् ब्रह्मणो नेदिष्टꣳ नाम… यस्माद् उच्चार्यमाण एव सꣳसारभयात् तारयति, तस्माद् उच्यते तारः इत्यादि बहुतरम् । "
1078,"na cāsyārtha-vādatvaṁ cintyam, tathārtha-vādo hari-nāmni kalpanam iti padma-purāṇānusāreṇāparādhāpātāt | yasya tu gṛhīta-nāmno’pi punaḥ saṁsāras tasya, ","न चास्यार्थवादत्वं चिन्त्यम्, तथार्थवादो हरिनाम्नि कल्पनम् इति पद्मपुराणानुसारेणापराधापातात् । यस्य तु गृहीतनाम्नोऽपि पुनः संसारस् तस्य, ","न चास्यार्थवादत्वꣳ चिन्त्यम्, तथार्थवादो हरिनाम्नि कल्पनम् इति पद्मपुराणानुसारेणापराधापातात् । यस्य तु गृहीतनाम्नोऽपि पुनः सꣳसारस् तस्य, "
1079,nānuvrajati yo mohād vrajantaṁ parameśvaram | ,नानुव्रजति यो मोहाद् व्रजन्तं परमेश्वरम् । ,नानुव्रजति यो मोहाद् व्रजन्तꣳ परमेश्वरम् । 
1081,iti śrī-viṣṇu-bhakti-candrodayādi-pramāṇita-purāṇa-vacanavan mahad-aparādha-tad-artha-vāda-kalpanādikaṁ pratibandhakaṁ jñeyam | ,इति श्रीविष्णुभक्तिचन्द्रोदयादिप्रमाणितपुराणवचनवन् महदपराधतदर्थवादकल्पनादिकं प्रतिबन्धकं ज्ञेयम् । ,इति श्रीविष्णुभक्तिचन्द्रोदयादिप्रमाणितपुराणवचनवन् महदपराधतदर्थवादकल्पनादिकꣳ प्रतिबन्धकꣳ ज्ञेयम् । 
1082,ata evānanda-rūpatvam asya mahad-dhṛdaya-sākṣikaṁ yathā śrī-vigrahasya | tad uktaṁ śrī-śaunakena—,अत एवानन्दरूपत्वम् अस्य महद्धृदयसाक्षिकं यथा श्रीविग्रहस्य । तद् उक्तं श्रीशौनकेन—,अत एवानन्दरूपत्वम् अस्य महद्धृदयसाक्षिकꣳ यथा श्रीविग्रहस्य । तद् उक्तꣳ श्रीशौनकेन—
1083,tad aśma-sāraṁ hṛdayaṁ batedaṁ,तद् अश्मसारं हृदयं बतेदं,तद् अश्मसारꣳ हृदयꣳ बतेदꣳ
1086,netre jalaṁ gātra-ruheṣu harṣaḥ || [bhā.pu. 2.3.24] ,नेत्रे जलं गात्ररुहेषु हर्षः ॥ [भा.पु. २.३.२४] ,नेत्रे जलꣳ गात्ररुहेषु हर्षः ॥ [भा.पु. २.३.२४] 
1088,madhura-madhuram etan maṅgalaṁ maṅgalānāṁ,मधुरमधुरम् एतन् मङ्गलं मङ्गलानां,मधुरमधुरम् एतन् मङ्गलꣳ मङ्गलानाꣳ
1089,sakala-nigama-vallī-sat-phalaṁ cit-svarūpam |,सकलनिगमवल्लीसत्फलं चित्स्वरूपम् ।,सकलनिगमवल्लीसत्फलꣳ चित्स्वरूपम् ।
1090,sakṛd api parigītaṁ śraddhayā helayā vā ,सकृद् अपि परिगीतं श्रद्धया हेलया वा ,सकृद् अपि परिगीतꣳ श्रद्धया हेलया वा 
1091,bhṛgu-vara nara-mātraṁ tārayet kṛṣṇa-nāma || iti ||,भृगुवर नरमात्रं तारयेत् कृष्णनाम ॥ इति ॥,भृगुवर नरमात्रꣳ तारयेत् कृष्णनाम ॥ इति ॥
1093,vyaktaṁ hi bhagavān eva sākṣān nārāyaṇaḥ svayam |,व्यक्तं हि भगवान् एव साक्षान् नारायणः स्वयम् ।,व्यक्तꣳ हि भगवान् एव साक्षान् नारायणः स्वयम् ।
1095,"upaniṣatsu ca praṇavam uddiśya—oṁ ity etad akṣaram idaṁ sarvaṁ [chā.u. 2.23.3], oṁkāra evedaṁ sarvam [mā.u. 1],","उपनिषत्सु च प्रणवम् उद्दिश्य—ओं इत्य् एतद् अक्षरम् इदं सर्वं [छा।उ। २।२३।३], ओंकार एवेदं सर्वम् [मा।उ। १],","उपनिषत्सु च प्रणवम् उद्दिश्य—ओꣳ इत्य् एतद् अक्षरम् इदꣳ सर्वꣳ [छा.उ. २.२३.३], ओꣳकार एवेदꣳ सर्वम् [मा.उ. १],"
1096,praṇavo hy aparaṁ brahma praṇavaś ca paraṁ smṛtam |,प्रणवो ह्य् अपरं ब्रह्म प्रणवश् च परं स्मृतम् ।,प्रणवो ह्य् अपरꣳ ब्रह्म प्रणवश् च परꣳ स्मृतम् ।
1099,evaṁ hi praṇavaṁ jñātvā vyaśnute tad-anantaram ||,एवं हि प्रणवं ज्ञात्वा व्यश्नुते तदनन्तरम् ॥,एवꣳ हि प्रणवꣳ ज्ञात्वा व्यश्नुते तदनन्तरम् ॥
1100,praṇavaṁ hīśvaraṁ vidyāt sarvasya hṛdaye sthitam |,प्रणवं हीश्वरं विद्यात् सर्वस्य हृदये स्थितम् ।,प्रणवꣳ हीश्वरꣳ विद्यात् सर्वस्य हृदये स्थितम् ।
1101,sarva-vyāpinam oṁkāraṁ matvā dhīro na śocati ||,सर्वव्यापिनम् ओंकारं मत्वा धीरो न शोचति ॥,सर्वव्यापिनम् ओꣳकारꣳ मत्वा धीरो न शोचति ॥
1103,oṁkāro vidito yena sa munir netaro janaḥ || [āgama-kārikā 26-29] iti |,ओंकारो विदितो येन स मुनिर् नेतरो जनः ॥ [आगमकारिका २६-२९] इति ।,ओꣳकारो विदितो येन स मुनिर् नेतरो जनः ॥ [आगमकारिका २६-२९] इति ।
1104,na tu parameśvarasyaiva tat-tad-yogyatā-sambhavād varṇa-mātrasya tathoktiḥ stuti-rūpaiveti mantavyam | avatārāntaravat parameśvarasyaiva varṇa-rūpeṇāvatāro’yam iti asminn arthe tenaiva śruti-balenāṅgīkṛte tad-abhedena tat-sambhavāt | tasmān nāma-nāminor abheda eva | tad uktaṁ pādme—,न तु परमेश्वरस्यैव तत्तद्योग्यतासम्भवाद् वर्णमात्रस्य तथोक्तिः स्तुतिरूपैवेति मन्तव्यम् । अवतारान्तरवत् परमेश्वरस्यैव वर्णरूपेणावतारोऽयम् इति अस्मिन्न् अर्थे तेनैव श्रुतिबलेनाङ्गीकृते तदभेदेन तत्सम्भवात् । तस्मान् नामनामिनोर् अभेद एव । तद् उक्तं पाद्मे—,न तु परमेश्वरस्यैव तत्तद्योग्यतासम्भवाद् वर्णमात्रस्य तथोक्तिः स्तुतिरूपैवेति मन्तव्यम् । अवतारान्तरवत् परमेश्वरस्यैव वर्णरूपेणावतारोऽयम् इति अस्मिन्न् अर्थे तेनैव श्रुतिबलेनाङ्गीकृते तदभेदेन तत्सम्भवात् । तस्मान् नामनामिनोर् अभेद एव । तद् उक्तꣳ पाद्मे—
1107,"asyārthaḥ—nāmaiva cintāmaṇiḥ, sarvārtha-dātṛtvāt | na kevalaṁ tādṛśam eva, api tu caitanyety-ādi-lakṣaṇo yaḥ kṛṣṇaḥ, sa eva sākṣāt | tatra hetuḥ—abhinnatvād itīti | ","अस्यार्थः—नामैव चिन्तामणिः, सर्वार्थदातृत्वात् । न केवलं तादृशम् एव, अपि तु चैतन्येत्यादिलक्षणो यः कृष्णः, स एव साक्षात् । तत्र हेतुः—अभिन्नत्वाद् इतीति । ","अस्यार्थः—नामैव चिन्तामणिः, सर्वार्थदातृत्वात् । न केवलꣳ तादृशम् एव, अपि तु चैतन्येत्यादिलक्षणो यः कृष्णः, स एव साक्षात् । तत्र हेतुः—अभिन्नत्वाद् इतीति । "
1108,"nanu, tathā-vidhaṁ nāmādikaṁ kathaṁ puruṣendriya-janyaṁ bhavati ? na, veda-mātrasya bhagavataiva puruṣendriyādiṣv āvirbhāvanāt | yathoktam ekādaśe svayaṁ śrī-bhagavatā—śabda-brahma sudurbodham [bhā.pu. 11.21.36] ity ārabhya, ","ननु, तथाविधं नामादिकं कथं पुरुषेन्द्रियजन्यं भवति ? न, वेदमात्रस्य भगवतैव पुरुषेन्द्रियादिष्व् आविर्भावनात् । यथोक्तम् एकादशे स्वयं श्रीभगवता—शब्दब्रह्म सुदुर्बोधम् [भा.पु. ११.२१.३६] इत्य् आरभ्य, ","ननु, तथाविधꣳ नामादिकꣳ कथꣳ पुरुषेन्द्रियजन्यꣳ भवति ? न, वेदमात्रस्य भगवतैव पुरुषेन्द्रियादिष्व् आविर्भावनात् । यथोक्तम् एकादशे स्वयꣳ श्रीभगवता—शब्दब्रह्म सुदुर्बोधम् [भा.पु. ११.२१.३६] इत्य् आरभ्य, "
1109,mayopabṛṁhitaṁ bhūmnā brahmaṇānanta-śaktinā |,मयोपबृंहितं भूम्ना ब्रह्मणानन्तशक्तिना ।,मयोपबृꣳहितꣳ भूम्ना ब्रह्मणानन्तशक्तिना ।
1111,"dvādaśasya ṣaṣṭhe veda-vyasana-prasaṅge, kṣīṇāyuṣaḥ [bhā.pu. 12.6.47] ity ādau | ṭīkā ca—tarhi puruṣa-buddhi-prabhavatvān nādaraṇīyaṁ syād ity āśaṅkyāha hṛdi-sthācyuta-coditeti |  ity eṣā | kasmai yena vibhāsito’yam [bhā.pu. 12.13.19] ity-ādau tad-rūpeṇety-ādivat | ","द्वादशस्य षष्ठे वेदव्यसनप्रसङ्गे, क्षीणायुषः [भा.पु. १२.६.४७] इत्य् आदौ । टीका च—तर्हि पुरुषबुद्धिप्रभवत्वान् नादरणीयं स्याद् इत्य् आशङ्क्याह हृदिस्थाच्युतचोदितेति ।  इत्य् एषा । कस्मै येन विभासितोऽयम् [भा.पु. १२.१३.१९] इत्यादौ तद्रूपेणेत्यादिवत् । ","द्वादशस्य षष्ठे वेदव्यसनप्रसङ्गे, क्षीणायुषः [भा.पु. १२.६.४७] इत्य् आदौ । टीका च—तर्हि पुरुषबुद्धिप्रभवत्वान् नादरणीयꣳ स्याद् इत्य् आशङ्क्याह हृदिस्थाच्युतचोदितेति ।  इत्य् एषा । कस्मै येन विभासितोऽयम् [भा.पु. १२.१३.१९] इत्यादौ तद्रूपेणेत्यादिवत् । "
1116,deva kriyāyāṁ pratiyanty athāpi hi || [bhā.pu. 10.2.36] iti ||,देव क्रियायां प्रतियन्त्य् अथापि हि ॥ [भा.पु. १०.२.३६] इति ॥,देव क्रियायाꣳ प्रतियन्त्य् अथापि हि ॥ [भा.पु. १०.२.३६] इति ॥
1117,"tathā-rūpasyāpi vailakṣaṇyaṁ sva-prakāśatā-lakṣaṇa-svarūpa-śaktyaivāvirbhāvitvam | tac ca pūrva-darśitam | ata eva dvitīye, ","तथारूपस्यापि वैलक्षण्यं स्वप्रकाशतालक्षणस्वरूपशक्त्यैवाविर्भावित्वम् । तच् च पूर्वदर्शितम् । अत एव द्वितीये, ","तथारूपस्यापि वैलक्षण्यꣳ स्वप्रकाशतालक्षणस्वरूपशक्त्यैवाविर्भावित्वम् । तच् च पूर्वदर्शितम् । अत एव द्वितीये, "
1118,ātma-tattva-viśuddhy-arthaṁ yad āha bhagavān ṛtam |,आत्मतत्त्वविशुद्ध्यर्थं यद् आह भगवान् ऋतम् ।,आत्मतत्त्वविशुद्ध्यर्थꣳ यद् आह भगवान् ऋतम् ।
1120,"ṭīkā ca—yac coktam aṣṭamādhyaye parameśvarasyāpi deha-sambandhāviśeṣāt kathaṁ tad-bhaktyā mokṣaḥ syāt ? iti, āsīd yad udarāt padmam [bhā.pu. 2.8.8] ity-ādinā | tatrāha—ātma-tattva-viśuddhy-artham iti | ātmano jīvasya tattva-viśuddhy-arthaṁ tattva-jñānārthaṁ tad bhaved eva | kiṁ tat ? yat tapa-ādinā sva-bhajanaṁ bhagavān brahmaṇa āha | kiṁ kurvan ? ṛtaṁ satyaṁ cid-ghanaṁ rūpaṁ darśayan | darśane hetuḥ—avyalīkena tapasādṛtaḥ sevitaḥ san | ayaṁ bhāvaḥ—jīvasyāvidyayā mithyā-bhūta-deha-sambandhaḥ, īśvarasya tu yogamāyayā cid-ghana-vigrahāvirbhāva iti mahān viśeṣaḥ | atas tad-bhajane mokṣopapattir iti | ity eṣā ||","टीका च—यच् चोक्तम् अष्टमाध्यये परमेश्वरस्यापि देहसम्बन्धाविशेषात् कथं तद्भक्त्या मोक्षः स्यात् ? इति, आसीद् यद् उदरात् पद्मम् [भा.पु. २.८.८] इत्यादिना । तत्राह—आत्मतत्त्वविशुद्ध्यर्थम् इति । आत्मनो जीवस्य तत्त्वविशुद्ध्यर्थं तत्त्वज्ञानार्थं तद् भवेद् एव । किं तत् ? यत् तपआदिना स्वभजनं भगवान् ब्रह्मण आह । किं कुर्वन् ? ऋतं सत्यं चिद्घनं रूपं दर्शयन् । दर्शने हेतुः—अव्यलीकेन तपसादृतः सेवितः सन् । अयं भावः—जीवस्याविद्यया मिथ्याभूतदेहसम्बन्धः, ईश्वरस्य तु योगमायया चिद्घनविग्रहाविर्भाव इति महान् विशेषः । अतस् तद्भजने मोक्षोपपत्तिर् इति । इत्य् एषा ॥","टीका च—यच् चोक्तम् अष्टमाध्यये परमेश्वरस्यापि देहसम्बन्धाविशेषात् कथꣳ तद्भक्त्या मोक्षः स्यात् ? इति, आसीद् यद् उदरात् पद्मम् [भा.पु. २.८.८] इत्यादिना । तत्राह—आत्मतत्त्वविशुद्ध्यर्थम् इति । आत्मनो जीवस्य तत्त्वविशुद्ध्यर्थꣳ तत्त्वज्ञानार्थꣳ तद् भवेद् एव । किꣳ तत् ? यत् तपआदिना स्वभजनꣳ भगवान् ब्रह्मण आह । किꣳ कुर्वन् ? ऋतꣳ सत्यꣳ चिद्घनꣳ रूपꣳ दर्शयन् । दर्शने हेतुः—अव्यलीकेन तपसादृतः सेवितः सन् । अयꣳ भावः—जीवस्याविद्यया मिथ्याभूतदेहसम्बन्धः, ईश्वरस्य तु योगमायया चिद्घनविग्रहाविर्भाव इति महान् विशेषः । अतस् तद्भजने मोक्षोपपत्तिर् इति । इत्य् एषा ॥"
1121,"ata eva, sa tvaṁ tri-loka-sthitaye [bhā.pu. 10.3.20-21] ity-ādi-dvaye śrīmad-ānaka-dundubhināpi samāhitam | atra hy ayam arthaḥ—sa prapañcasya sṛṣṭi-sthiti-pralaya-kartā tvaṁ triloka-sthitaye yadā tasya sthitim icchasi, tadā sva-māyayā svāśritayā māyā-śaktyā kṛtvā, ātmanaḥ śuklaṁ varṇaṁ svena sṛṣṭāṁ dharma-parāṁ viprādi-jātiṁ bibharṣi pālayasi | atra sattva-mayy eva sva-māyā jñeyā, niṣkṛṣṭatvād upayuktatvāc ca | ","अत एव, स त्वं त्रिलोकस्थितये [भा.पु. १०.३.२०-२१] इत्यादिद्वये श्रीमदानकदुन्दुभिनापि समाहितम् । अत्र ह्य् अयम् अर्थः—स प्रपञ्चस्य सृष्टिस्थितिप्रलयकर्ता त्वं त्रिलोकस्थितये यदा तस्य स्थितिम् इच्छसि, तदा स्वमायया स्वाश्रितया मायाशक्त्या कृत्वा, आत्मनः शुक्लं वर्णं स्वेन सृष्टां धर्मपरां विप्रादिजातिं बिभर्षि पालयसि । अत्र सत्त्वमय्य् एव स्वमाया ज्ञेया, निष्कृष्टत्वाद् उपयुक्तत्वाच् च । ","अत एव, स त्वꣳ त्रिलोकस्थितये [भा.पु. १०.३.२०-२१] इत्यादिद्वये श्रीमदानकदुन्दुभिनापि समाहितम् । अत्र ह्य् अयम् अर्थः—स प्रपञ्चस्य सृष्टिस्थितिप्रलयकर्ता त्वꣳ त्रिलोकस्थितये यदा तस्य स्थितिम् इच्छसि, तदा स्वमायया स्वाश्रितया मायाशक्त्या कृत्वा, आत्मनः शुक्लꣳ वर्णꣳ स्वेन सृष्टाꣳ धर्मपराꣳ विप्रादिजातिꣳ बिभर्षि पालयसि । अत्र सत्त्वमय्य् एव स्वमाया ज्ञेया, निष्कृष्टत्वाद् उपयुक्तत्वाच् च । "
1122,"atha yadā sargam icchasi, tadā rajasā rajo-mayyā sva-māyayā kṛtvā, upabṛṁhitaṁ raktam kāminaṁ viprādi-varṇaṁ bibharṣi | yadā ca janātyayam icchasi, tadā tamo-mayyā kṛtvā kṛṣṇaṁ malinaṁ pāpa-rataṁ taṁ bibharṣi | athavā, yadā sthitim icchasi, tadātmanaḥ śrī-viṣṇu-rūpasya śuklaṁ śuddhaṁ guṇa-saṅkara-rahitam ity arthaḥ | śiva-brahmavat tasya tat-saṅgābhāvāt | ","अथ यदा सर्गम् इच्छसि, तदा रजसा रजोमय्या स्वमायया कृत्वा, उपबृंहितं रक्तम् कामिनं विप्रादिवर्णं बिभर्षि । यदा च जनात्ययम् इच्छसि, तदा तमोमय्या कृत्वा कृष्णं मलिनं पापरतं तं बिभर्षि । अथवा, यदा स्थितिम् इच्छसि, तदात्मनः श्रीविष्णुरूपस्य शुक्लं शुद्धं गुणसङ्कररहितम् इत्य् अर्थः । शिवब्रह्मवत् तस्य तत्सङ्गाभावात् । ","अथ यदा सर्गम् इच्छसि, तदा रजसा रजोमय्या स्वमायया कृत्वा, उपबृꣳहितꣳ रक्तम् कामिनꣳ विप्रादिवर्णꣳ बिभर्षि । यदा च जनात्ययम् इच्छसि, तदा तमोमय्या कृत्वा कृष्णꣳ मलिनꣳ पापरतꣳ तꣳ बिभर्षि । अथवा, यदा स्थितिम् इच्छसि, तदात्मनः श्रीविष्णुरूपस्य शुक्लꣳ शुद्धꣳ गुणसङ्कररहितम् इत्य् अर्थः । शिवब्रह्मवत् तस्य तत्सङ्गाभावात् । "
1123,"tathaiva siddhāntitaṁ śrī-śukadevena—śivaḥ śakti-yutaḥ śaśvat triliṅgo guṇa-saṁvṛtaḥ [bhā.pu. 10.88.3] ity ādau, harir hi nirguṇaḥ sākṣāt puruṣaḥ prakṛteḥ paraḥ [bhā.pu. 10.88.5] ity ādi | ata eva—","तथैव सिद्धान्तितं श्रीशुकदेवेन—शिवः शक्तियुतः शश्वत् त्रिलिङ्गो गुणसंवृतः [भा.पु. १०.८८.३] इत्य् आदौ, हरिर् हि निर्गुणः साक्षात् पुरुषः प्रकृतेः परः [भा.पु. १०.८८.५] इत्य् आदि । अत एव—","तथैव सिद्धान्तितꣳ श्रीशुकदेवेन—शिवः शक्तियुतः शश्वत् त्रिलिङ्गो गुणसꣳवृतः [भा.पु. १०.८८.३] इत्य् आदौ, हरिर् हि निर्गुणः साक्षात् पुरुषः प्रकृतेः परः [भा.पु. १०.८८.५] इत्य् आदि । अत एव—"
1125,svakārthānām iva rajaḥ-sattvābhyāṁ sraṣṭṛ-pālakāḥ || [bhā.pu. 10.13.50] iti |,स्वकार्थानाम् इव रजःसत्त्वाभ्यां स्रष्टृपालकाः ॥ [भा.पु. १०.१३.५०] इति ।,स्वकार्थानाम् इव रजःसत्त्वाभ्याꣳ स्रष्टृपालकाः ॥ [भा.पु. १०.१३.५०] इति ।
1126,"atra sāttvikatva-rājasatve utprekṣite eva, na tu vastutayā nirūpite | varṇaṁ rūpaṁ, na tu kānti-mātram | guṇa-mayatva-svīkāre’pi tat-tad-guṇa-vyañjakākārasyāpy apekṣyatvāt, na tu śvetaṁ varṇam iti vyākhyeyaṁ | śrī-viṣṇu-rūpasya pālanārthaṁ guṇāvatārasya paramātma-sandarbhe kṣīroda-śāyitvena sthāpayiṣyamāṇasya tatra śyāmatvenātiprasiddheḥ, janātyaya-heto rudrasya śvetatātiprasiddhyā tad-vaiparītya-pātāt | tathaiva hi gobhilokta-sandhyopāsanāyām | ato’tra brahmaṇo na śoṇa-varṇatve tātparyam | na ca tat-tad-guṇānāṁ tat-tad-varṇa-niyamaḥ, parama-tāmasānāṁ bakādīnāṁ śuklatva-darśanāt, sāttvika-guṇopāsyānāṁ śrī-bādarāyaṇa-śukādīnāṁ śyāmatva-śravaṇāc ca | sva-māyayā bhakteṣu kṛpayā bibharṣi, jagati dhārayasi, prakaṭayasīty arthaḥ | raktaṁ rajomayatvena sisṛksādi-rāga-bahulam | kṛṣṇaṁ tamomayatvena svarūpa-prakāśa-rahitam ity arthaḥ |","अत्र सात्त्विकत्वराजसत्वे उत्प्रेक्षिते एव, न तु वस्तुतया निरूपिते । वर्णं रूपं, न तु कान्तिमात्रम् । गुणमयत्वस्वीकारेऽपि तत्तद्गुणव्यञ्जकाकारस्याप्य् अपेक्ष्यत्वात्, न तु श्वेतं वर्णम् इति व्याख्येयं । श्रीविष्णुरूपस्य पालनार्थं गुणावतारस्य परमात्मसन्दर्भे क्षीरोदशायित्वेन स्थापयिष्यमाणस्य तत्र श्यामत्वेनातिप्रसिद्धेः, जनात्ययहेतो रुद्रस्य श्वेततातिप्रसिद्ध्या तद्वैपरीत्यपातात् । तथैव हि गोभिलोक्तसन्ध्योपासनायाम् । अतोऽत्र ब्रह्मणो न शोणवर्णत्वे तात्पर्यम् । न च तत्तद्गुणानां तत्तद्वर्णनियमः, परमतामसानां बकादीनां शुक्लत्वदर्शनात्, सात्त्विकगुणोपास्यानां श्रीबादरायणशुकादीनां श्यामत्वश्रवणाच् च । स्वमायया भक्तेषु कृपया बिभर्षि, जगति धारयसि, प्रकटयसीत्य् अर्थः । रक्तं रजोमयत्वेन सिसृक्सादिरागबहुलम् । कृष्णं तमोमयत्वेन स्वरूपप्रकाशरहितम् इत्य् अर्थः ।","अत्र सात्त्विकत्वराजसत्वे उत्प्रेक्षिते एव, न तु वस्तुतया निरूपिते । वर्णꣳ रूपꣳ, न तु कान्तिमात्रम् । गुणमयत्वस्वीकारेऽपि तत्तद्गुणव्यञ्जकाकारस्याप्य् अपेक्ष्यत्वात्, न तु श्वेतꣳ वर्णम् इति व्याख्येयꣳ । श्रीविष्णुरूपस्य पालनार्थꣳ गुणावतारस्य परमात्मसन्दर्भे क्षीरोदशायित्वेन स्थापयिष्यमाणस्य तत्र श्यामत्वेनातिप्रसिद्धेः, जनात्ययहेतो रुद्रस्य श्वेततातिप्रसिद्ध्या तद्वैपरीत्यपातात् । तथैव हि गोभिलोक्तसन्ध्योपासनायाम् । अतोऽत्र ब्रह्मणो न शोणवर्णत्वे तात्पर्यम् । न च तत्तद्गुणानाꣳ तत्तद्वर्णनियमः, परमतामसानाꣳ बकादीनाꣳ शुक्लत्वदर्शनात्, सात्त्विकगुणोपास्यानाꣳ श्रीबादरायणशुकादीनाꣳ श्यामत्वश्रवणाच् च । स्वमायया भक्तेषु कृपया बिभर्षि, जगति धारयसि, प्रकटयसीत्य् अर्थः । रक्तꣳ रजोमयत्वेन सिसृक्सादिरागबहुलम् । कृष्णꣳ तमोमयत्वेन स्वरूपप्रकाशरहितम् इत्य् अर्थः ।"
1128,tamasas tu rajas tasmāt sattvaṁ yad brahma-darśanam || [bhā.pu. 1.2.24] ity ukteḥ |,तमसस् तु रजस् तस्मात् सत्त्वं यद् ब्रह्मदर्शनम् ॥ [भा.पु. १.२.२४] इत्य् उक्तेः ।,तमसस् तु रजस् तस्मात् सत्त्वꣳ यद् ब्रह्मदर्शनम् ॥ [भा.पु. १.२.२४] इत्य् उक्तेः ।
1129,"nanu, katham anyārthena vākyena loka-bhrāmakaṁ varṇayasi, yataḥ samprati janātyayārthaṁ kṛṣṇo’yaṁ varṇo mayā tamasā gṛhīta ity artho’py āyāti ? tad etad āśaṅkya pariharann āha—tvam asya [bhā.pu. 10.3.21] iti  | nirvyūhyamānā itas tataś cālyamānāḥ | ","ननु, कथम् अन्यार्थेन वाक्येन लोकभ्रामकं वर्णयसि, यतः सम्प्रति जनात्ययार्थं कृष्णोऽयं वर्णो मया तमसा गृहीत इत्य् अर्थोऽप्य् आयाति ? तद् एतद् आशङ्क्य परिहरन्न् आह—त्वम् अस्य [भा.पु. १०.३.२१] इति  । निर्व्यूह्यमाना इतस् ततश् चाल्यमानाः । ","ननु, कथम् अन्यार्थेन वाक्येन लोकभ्रामकꣳ वर्णयसि, यतः सम्प्रति जनात्ययार्थꣳ कृष्णोऽयꣳ वर्णो मया तमसा गृहीत इत्य् अर्थोऽप्य् आयाति ? तद् एतद् आशङ्क्य परिहरन्न् आह—त्वम् अस्य [भा.पु. १०.३.२१] इति  । निर्व्यूह्यमाना इतस् ततश् चाल्यमानाः । "
1130,"ayaṁ bhāvaḥ—āstāṁ tāvad brahma-ghanatva-śuddha-sattva-mayatva-bodhakaṁ pramāṇāntaraṁ, guṇānurūpa-rūpāṅgīkāre’pi yathā pralayasya duḥkha-mātra-hetutvāt suṣupti-rūpatvāc ca tatra tad-arthāvasaro bhavati, tathāsya tu kālasya tvat-kṛta-rakṣayā jagat-sukha-hetutvāt, tamomayāsura-vināśa-yogyatvāt, teṣām asurāṇām api hanana-vyājena sarva-guṇātīta-mokṣātmaka-prasāda-lābhāt, tad-arthāvasaro na bhavati, saindhavam ānayetivat | tathaivoktam—","अयं भावः—आस्तां तावद् ब्रह्मघनत्वशुद्धसत्त्वमयत्वबोधकं प्रमाणान्तरं, गुणानुरूपरूपाङ्गीकारेऽपि यथा प्रलयस्य दुःखमात्रहेतुत्वात् सुषुप्तिरूपत्वाच् च तत्र तदर्थावसरो भवति, तथास्य तु कालस्य त्वत्कृतरक्षया जगत्सुखहेतुत्वात्, तमोमयासुरविनाशयोग्यत्वात्, तेषाम् असुराणाम् अपि हननव्याजेन सर्वगुणातीतमोक्षात्मकप्रसादलाभात्, तदर्थावसरो न भवति, सैन्धवम् आनयेतिवत् । तथैवोक्तम्—","अयꣳ भावः—आस्ताꣳ तावद् ब्रह्मघनत्वशुद्धसत्त्वमयत्वबोधकꣳ प्रमाणान्तरꣳ, गुणानुरूपरूपाङ्गीकारेऽपि यथा प्रलयस्य दुःखमात्रहेतुत्वात् सुषुप्तिरूपत्वाच् च तत्र तदर्थावसरो भवति, तथास्य तु कालस्य त्वत्कृतरक्षया जगत्सुखहेतुत्वात्, तमोमयासुरविनाशयोग्यत्वात्, तेषाम् असुराणाम् अपि हननव्याजेन सर्वगुणातीतमोक्षात्मकप्रसादलाभात्, तदर्थावसरो न भवति, सैन्धवम् आनयेतिवत् । तथैवोक्तम्—"
1132,tamaso yakṣa-rakṣāṁsi tat-kālānuguṇo’bhajat || [bhā.pu. 7.1.8] iti |,तमसो यक्षरक्षांसि तत्कालानुगुणोऽभजत् ॥ [भा.पु. ७.१.८] इति ।,तमसो यक्षरक्षाꣳसि तत्कालानुगुणोऽभजत् ॥ [भा.पु. ७.१.८] इति ।
1133,tasmān na tamaḥ-kṛto’yaṁ varṇa iti rajaḥ-sattvābhyāṁ rakta-śuklāv eva bhavata iti pūrva-pakṣi-matam | tataś ca pāriśeṣya-pramāṇena svarūpa-śakti-vyañjitatvam evātrāpi paryavasyati iti bhāvaḥ | tathaiva tam evārthaṁ śrī-devakī-devy api sambhrameṇa prāg eva vivṛtavatī—rūpaṁ yat tat prāhur avyaktam ādyām [bhā.pu. 10.3.24] iti |,तस्मान् न तमःकृतोऽयं वर्ण इति रजःसत्त्वाभ्यां रक्तशुक्लाव् एव भवत इति पूर्वपक्षिमतम् । ततश् च पारिशेष्यप्रमाणेन स्वरूपशक्तिव्यञ्जितत्वम् एवात्रापि पर्यवस्यति इति भावः । तथैव तम् एवार्थं श्रीदेवकीदेव्य् अपि सम्भ्रमेण प्राग् एव विवृतवती—रूपं यत् तत् प्राहुर् अव्यक्तम् आद्याम् [भा.पु. १०.३.२४] इति ।,तस्मान् न तमःकृतोऽयꣳ वर्ण इति रजःसत्त्वाभ्याꣳ रक्तशुक्लाव् एव भवत इति पूर्वपक्षिमतम् । ततश् च पारिशेष्यप्रमाणेन स्वरूपशक्तिव्यञ्जितत्वम् एवात्रापि पर्यवस्यति इति भावः । तथैव तम् एवार्थꣳ श्रीदेवकीदेव्य् अपि सम्भ्रमेण प्राग् एव विवृतवती—रूपꣳ यत् तत् प्राहुर् अव्यक्तम् आद्याम् [भा.पु. १०.३.२४] इति ।
1134,atha prakṛtam anusarāmaḥ | tathā guṇasya vailakṣaṇyam ātmārāmāṇām apy ākarṣaṇa-liṅga- gamyādbhuta-rūpatvam | tad yathā śrī-sūtoktau—ātmārāmāś ca munayaḥ [bhā.pu. 1.7.10] ity ādau | harer guṇākṣipta-matir [bhā.pu. 1.7.11] ity-ādi ca | ata evoktaṁ viṣṇu-dharmottare—,अथ प्रकृतम् अनुसरामः । तथा गुणस्य वैलक्षण्यम् आत्मारामाणाम् अप्य् आकर्षणलिङ्ग- गम्याद्भुतरूपत्वम् । तद् यथा श्रीसूतोक्तौ—आत्मारामाश् च मुनयः [भा.पु. १.७.१०] इत्य् आदौ । हरेर् गुणाक्षिप्तमतिर् [भा.पु. १.७.११] इत्यादि च । अत एवोक्तं विष्णुधर्मोत्तरे—,अथ प्रकृतम् अनुसरामः । तथा गुणस्य वैलक्षण्यम् आत्मारामाणाम् अप्य् आकर्षणलिङ्ग- गम्याद्भुतरूपत्वम् । तद् यथा श्रीसूतोक्तौ—आत्मारामाश् च मुनयः [भा.पु. १.७.१०] इत्य् आदौ । हरेर् गुणाक्षिप्तमतिर् [भा.पु. १.७.११] इत्यादि च । अत एवोक्तꣳ विष्णुधर्मोत्तरे—
1139,tasmān na māyayā sarvaṁ sarvam aiśvarya-sambhavam |,तस्मान् न मायया सर्वं सर्वम् ऐश्वर्यसम्भवम् ।,तस्मान् न मायया सर्वꣳ सर्वम् ऐश्वर्यसम्भवम् ।
1140,amāyī hīśvaro yasmāt tasmāt taṁ paramaṁ viduḥ || iti ||,अमायी हीश्वरो यस्मात् तस्मात् तं परमं विदुः ॥ इति ॥,अमायी हीश्वरो यस्मात् तस्मात् तꣳ परमꣳ विदुः ॥ इति ॥
1141,"atha na vidyate [bhā.pu. 8.3.8] ity asya prakṛta-ślokasya vyākhyātāvaśeṣaḥ | tad evaṁ svarūpa-śakti-vilāsa-rūpatvena teṣāṁ prākṛtād vailakṣaṇyaṁ sādhitam | tatra āśaṅkate—nanu bhavantu sva-svarūpa-bhūtāny eva tāni, tathāpi svarupasyaiva pūrṇatvāt tat-tat-prāptau kiṁ prayojanaṁ ? tatrāha—lokāpyaya-sambhavāya, loko bhakta-janaḥ, tasyāpyayaḥ saṁsāra-dhvaṁsaḥ, tat-pūrvakaḥ sambhavo bhakti-sukha-prāptiḥ | bhū prāptau, tad-artham | etad apy upalakṣaṇaṁ, nitya-pārṣadānām api bhakti-sukhotkarṣārtham | ","अथ न विद्यते [भा.पु. ८.३.८] इत्य् अस्य प्रकृतश्लोकस्य व्याख्यातावशेषः । तद् एवं स्वरूपशक्तिविलासरूपत्वेन तेषां प्राकृताद् वैलक्षण्यं साधितम् । तत्र आशङ्कते—ननु भवन्तु स्वस्वरूपभूतान्य् एव तानि, तथापि स्वरुपस्यैव पूर्णत्वात् तत्तत्प्राप्तौ किं प्रयोजनं ? तत्राह—लोकाप्ययसम्भवाय, लोको भक्तजनः, तस्याप्ययः संसारध्वंसः, तत्पूर्वकः सम्भवो भक्तिसुखप्राप्तिः । भू प्राप्तौ, तदर्थम् । एतद् अप्य् उपलक्षणं, नित्यपार्षदानाम् अपि भक्तिसुखोत्कर्षार्थम् । ","अथ न विद्यते [भा.पु. ८.३.८] इत्य् अस्य प्रकृतश्लोकस्य व्याख्यातावशेषः । तद् एवꣳ स्वरूपशक्तिविलासरूपत्वेन तेषाꣳ प्राकृताद् वैलक्षण्यꣳ साधितम् । तत्र आशङ्कते—ननु भवन्तु स्वस्वरूपभूतान्य् एव तानि, तथापि स्वरुपस्यैव पूर्णत्वात् तत्तत्प्राप्तौ किꣳ प्रयोजनꣳ ? तत्राह—लोकाप्ययसम्भवाय, लोको भक्तजनः, तस्याप्ययः सꣳसारध्वꣳसः, तत्पूर्वकः सम्भवो भक्तिसुखप्राप्तिः । भू प्राप्तौ, तदर्थम् । एतद् अप्य् उपलक्षणꣳ, नित्यपार्षदानाम् अपि भक्तिसुखोत्कर्षार्थम् । "
1142,tad uktaṁ śrīmad-arjunena prathame—,तद् उक्तं श्रीमदर्जुनेन प्रथमे—,तद् उक्तꣳ श्रीमदर्जुनेन प्रथमे—
1143,tathāyaṁ cāvatāras te bhuvo bhāra-jihīrṣayā |,तथायं चावतारस् ते भुवो भारजिहीर्षया ।,तथायꣳ चावतारस् ते भुवो भारजिहीर्षया ।
1144,svānāṁ cānanya-bhāvānām anudhyānāya cāsakṛt || [bhā.pu. 1.7.25] iti |,स्वानां चानन्यभावानाम् अनुध्यानाय चासकृत् ॥ [भा.पु. १.७.२५] इति ।,स्वानाꣳ चानन्यभावानाम् अनुध्यानाय चासकृत् ॥ [भा.पु. १.७.२५] इति ।
1145,"asyārthaḥ—yathānye puruṣādayo’vatārāḥ, tathāyaṁ cāvatāraḥ sākṣād-bhagavataḥ śrī-kṛṣṇākhyasya tavaiva prākaṭyaṁ, parama-bhaktāyā bhuvo bhāra-jihīrṣayā jāto’pi, anyeṣāṁ svānāṁ bhaktānām asakṛc ca muhur apy anudhyānāya nija-bhajana-saukhyāya bhavati | ","अस्यार्थः—यथान्ये पुरुषादयोऽवताराः, तथायं चावतारः साक्षाद्भगवतः श्रीकृष्णाख्यस्य तवैव प्राकट्यं, परमभक्ताया भुवो भारजिहीर्षया जातोऽपि, अन्येषां स्वानां भक्तानाम् असकृच् च मुहुर् अप्य् अनुध्यानाय निजभजनसौख्याय भवति । ","अस्यार्थः—यथान्ये पुरुषादयोऽवताराः, तथायꣳ चावतारः साक्षाद्भगवतः श्रीकृष्णाख्यस्य तवैव प्राकट्यꣳ, परमभक्ताया भुवो भारजिहीर्षया जातोऽपि, अन्येषाꣳ स्वानाꣳ भक्तानाम् असकृच् च मुहुर् अप्य् अनुध्यानाय निजभजनसौख्याय भवति । "
1146,nanu tarhi bhakta-saukhyam eva prayojanaṁ jātam iti pūrṇānandasya tasyeha prayojana-matiḥ kutaḥ [pūrvam uddhṛte mādhva-bhāṣya-dhṛta-nārāyaṇa-saṁhitā-dhṛta-śloke] ity etat katham upapadyeta ? tatrāha—ananya-bhāvānām iti | anyathā sarva-jña-śiromaṇer nirdoṣasya tasya tan-mātrāpekṣakānāṁ teṣām upekṣāyām akāruṇya-doṣaḥ prayujyeta iti bhāvaḥ | ātmārāme’pi kāruṇya-guṇāvakāśo guṇā viruddhā api tu samāhāryāś ca sarvataḥ [kūrma.pu.] iti smaraṇāt vicitra-guṇa-nidhāne śrī-bhagavaty eva sambhavati | tato’nyatra tu sañcarita-tad-guṇāṁśe tadīya eva yaḥ pratipadam eva sāścaryaṁ śruty-ādibhir uccair gīyate | yaś cāviriñcim āpāmara-janam ākarṣann eva vartate | tad uktaṁ svayam eva—,ननु तर्हि भक्तसौख्यम् एव प्रयोजनं जातम् इति पूर्णानन्दस्य तस्येह प्रयोजनमतिः कुतः [पूर्वम् उद्धृते माध्वभाष्यधृतनारायणसंहिताधृतश्लोके] इत्य् एतत् कथम् उपपद्येत ? तत्राह—अनन्यभावानाम् इति । अन्यथा सर्वज्ञशिरोमणेर् निर्दोषस्य तस्य तन्मात्रापेक्षकानां तेषाम् उपेक्षायाम् अकारुण्यदोषः प्रयुज्येत इति भावः । आत्मारामेऽपि कारुण्यगुणावकाशो गुणा विरुद्धा अपि तु समाहार्याश् च सर्वतः [कूर्म.पु.] इति स्मरणात् विचित्रगुणनिधाने श्रीभगवत्य् एव सम्भवति । ततोऽन्यत्र तु सञ्चरिततद्गुणांशे तदीय एव यः प्रतिपदम् एव साश्चर्यं श्रुत्यादिभिर् उच्चैर् गीयते । यश् चाविरिञ्चिम् आपामरजनम् आकर्षन्न् एव वर्तते । तद् उक्तं स्वयम् एव—,ननु तर्हि भक्तसौख्यम् एव प्रयोजनꣳ जातम् इति पूर्णानन्दस्य तस्येह प्रयोजनमतिः कुतः [पूर्वम् उद्धृते माध्वभाष्यधृतनारायणसꣳहिताधृतश्लोके] इत्य् एतत् कथम् उपपद्येत ? तत्राह—अनन्यभावानाम् इति । अन्यथा सर्वज्ञशिरोमणेर् निर्दोषस्य तस्य तन्मात्रापेक्षकानाꣳ तेषाम् उपेक्षायाम् अकारुण्यदोषः प्रयुज्येत इति भावः । आत्मारामेऽपि कारुण्यगुणावकाशो गुणा विरुद्धा अपि तु समाहार्याश् च सर्वतः [कूर्म.पु.] इति स्मरणात् विचित्रगुणनिधाने श्रीभगवत्य् एव सम्भवति । ततोऽन्यत्र तु सञ्चरिततद्गुणाꣳशे तदीय एव यः प्रतिपदम् एव साश्चर्यꣳ श्रुत्यादिभिर् उच्चैर् गीयते । यश् चाविरिञ्चिम् आपामरजनम् आकर्षन्न् एव वर्तते । तद् उक्तꣳ स्वयम् एव—
1149,nāhaṁ tu sakhyo bhajato’pi jantūn,नाहं तु सख्यो भजतोऽपि जन्तून्,नाहꣳ तु सख्यो भजतोऽपि जन्तून्
1151,tasmāt parama-samarthasya tasya kṛpā-lakṣaṇaṁ bhakta-jana-sukha-prayojanakatvaṁ nāma ko’pi svarūpānanda-vilāsa-bhūta-paramāścarya-svabhāva-viśeṣa iti mūla-padye’py anukālam ṛcchati ity anenaiva darśitam | ataḥ prayojanāntara-matitvaṁ tu tasmin nāsty eva | tat-prayojanatvaṁ ca tasya parama-samarthasyānanda-vilāsa eveti dik | yathoktam—,तस्मात् परमसमर्थस्य तस्य कृपालक्षणं भक्तजनसुखप्रयोजनकत्वं नाम कोऽपि स्वरूपानन्दविलासभूतपरमाश्चर्यस्वभावविशेष इति मूलपद्येऽप्य् अनुकालम् ऋच्छति इत्य् अनेनैव दर्शितम् । अतः प्रयोजनान्तरमतित्वं तु तस्मिन् नास्त्य् एव । तत्प्रयोजनत्वं च तस्य परमसमर्थस्यानन्दविलास एवेति दिक् । यथोक्तम्—,तस्मात् परमसमर्थस्य तस्य कृपालक्षणꣳ भक्तजनसुखप्रयोजनकत्वꣳ नाम कोऽपि स्वरूपानन्दविलासभूतपरमाश्चर्यस्वभावविशेष इति मूलपद्येऽप्य् अनुकालम् ऋच्छति इत्य् अनेनैव दर्शितम् । अतः प्रयोजनान्तरमतित्वꣳ तु तस्मिन् नास्त्य् एव । तत्प्रयोजनत्वꣳ च तस्य परमसमर्थस्यानन्दविलास एवेति दिक् । यथोक्तम्—
1155,"tasmād apāṇi-pāda-śruter api yad ananta-svaprakāśānanda-vigraha eva bhagavati tātparyaṁ, nānyatreti pratipādayanti—","तस्माद् अपाणिपादश्रुतेर् अपि यद् अनन्तस्वप्रकाशानन्दविग्रह एव भगवति तात्पर्यं, नान्यत्रेति प्रतिपादयन्ति—","तस्माद् अपाणिपादश्रुतेर् अपि यद् अनन्तस्वप्रकाशानन्दविग्रह एव भगवति तात्पर्यꣳ, नान्यत्रेति प्रतिपादयन्ति—"
1160,"ayam arthaḥ—atra karaṇaṁ nāma vāsyādivat kartṛ-śakti-preritatayā kārya-karaṁ kartur bhinnatamaṁ kevala-karaṇatvāpannam eva vastv aṅgīkṛtaṁ, na tu svarūpatvāpannam api yat tad api, yathā dahanādau tac-chakty-ādikam, gauṇārthatvāt, svarāṭ-pada-niruktau sveneti tṛtīyānta-padasya svarūpa-śaktāv eva paryavasānāc ca | tato jīvasya cid-rūpatvāt pāṇy-ādīnāṁ svato jaḍatvāt tad-adhīna-śaktīnāṁ teṣāṁ bhinnatamānāṁ karaṇatvaṁ mukhyārtham eva | tato’sau tad-āsaktatvāt sa-karaṇaḥ | tvaṁ tu tad-antaryāmī tad-anāsaktatvāt tad-anapekṣo yataḥ svarāṭ svarūpa-śaktyaiva rājase iti | tathā pralaya-kālāvasāne, ","अयम् अर्थः—अत्र करणं नाम वास्यादिवत् कर्तृशक्तिप्रेरिततया कार्यकरं कर्तुर् भिन्नतमं केवलकरणत्वापन्नम् एव वस्त्व् अङ्गीकृतं, न तु स्वरूपत्वापन्नम् अपि यत् तद् अपि, यथा दहनादौ तच्छक्त्यादिकम्, गौणार्थत्वात्, स्वराट्पदनिरुक्तौ स्वेनेति तृतीयान्तपदस्य स्वरूपशक्ताव् एव पर्यवसानाच् च । ततो जीवस्य चिद्रूपत्वात् पाण्यादीनां स्वतो जडत्वात् तदधीनशक्तीनां तेषां भिन्नतमानां करणत्वं मुख्यार्थम् एव । ततोऽसौ तदासक्तत्वात् सकरणः । त्वं तु तदन्तर्यामी तदनासक्तत्वात् तदनपेक्षो यतः स्वराट् स्वरूपशक्त्यैव राजसे इति । तथा प्रलयकालावसाने, ","अयम् अर्थः—अत्र करणꣳ नाम वास्यादिवत् कर्तृशक्तिप्रेरिततया कार्यकरꣳ कर्तुर् भिन्नतमꣳ केवलकरणत्वापन्नम् एव वस्त्व् अङ्गीकृतꣳ, न तु स्वरूपत्वापन्नम् अपि यत् तद् अपि, यथा दहनादौ तच्छक्त्यादिकम्, गौणार्थत्वात्, स्वराट्पदनिरुक्तौ स्वेनेति तृतीयान्तपदस्य स्वरूपशक्ताव् एव पर्यवसानाच् च । ततो जीवस्य चिद्रूपत्वात् पाण्यादीनाꣳ स्वतो जडत्वात् तदधीनशक्तीनाꣳ तेषाꣳ भिन्नतमानाꣳ करणत्वꣳ मुख्यार्थम् एव । ततोऽसौ तदासक्तत्वात् सकरणः । त्वꣳ तु तदन्तर्यामी तदनासक्तत्वात् तदनपेक्षो यतः स्वराट् स्वरूपशक्त्यैव राजसे इति । तथा प्रलयकालावसाने, "
1163,iti vidvad-gaṇa-gurubhir asmābhir api nijālambanatvena varṇyamāna-parama-divya-karaṇa-gaṇa-vicitro’py asau akaraṇa eva | kutaḥ ? svarāṭ svena svarūpa-śakti-viśeṣa-siddha-prādurbhāva-viśeṣeṣeṇa svarūpeṇaiva tat-tat-karaṇatayā rājase | teṣāṁ svarūpa-bhūtatvena mukhya-karaṇatvāyogād iti bhāvaḥ | anyathaupādhika-vastu-dvārā tavāpi prakāśe kathaṁ nāma svarāṭtvaṁ sidhyed iti ca |,इति विद्वद्गणगुरुभिर् अस्माभिर् अपि निजालम्बनत्वेन वर्ण्यमानपरमदिव्यकरणगणविचित्रोऽप्य् असौ अकरण एव । कुतः ? स्वराट् स्वेन स्वरूपशक्तिविशेषसिद्धप्रादुर्भावविशेषेषेण स्वरूपेणैव तत्तत्करणतया राजसे । तेषां स्वरूपभूतत्वेन मुख्यकरणत्वायोगाद् इति भावः । अन्यथौपाधिकवस्तुद्वारा तवापि प्रकाशे कथं नाम स्वराट्त्वं सिध्येद् इति च ।,इति विद्वद्गणगुरुभिर् अस्माभिर् अपि निजालम्बनत्वेन वर्ण्यमानपरमदिव्यकरणगणविचित्रोऽप्य् असौ अकरण एव । कुतः ? स्वराट् स्वेन स्वरूपशक्तिविशेषसिद्धप्रादुर्भावविशेषेषेण स्वरूपेणैव तत्तत्करणतया राजसे । तेषाꣳ स्वरूपभूतत्वेन मुख्यकरणत्वायोगाद् इति भावः । अन्यथौपाधिकवस्तुद्वारा तवापि प्रकाशे कथꣳ नाम स्वराट्त्वꣳ सिध्येद् इति च ।
1164,"ānanda-mātram ajaraṁ purāṇam ekaṁ santaṁ bahudhā dṛśyamānaṁ [?], neha nānāsti kiñcana [bṛ.ā.u. 4.4.19] ity-ādi-śruteḥ, ānanda-mātra-kara-pāda-mukhodarādiḥ [nā.pa.] ity-ādi-smṛteś ca | ","आनन्दमात्रम् अजरं पुराणम् एकं सन्तं बहुधा दृश्यमानं [?], नेह नानास्ति किञ्चन [बृ.आ.उ. ४.४.१९] इत्यादिश्रुतेः, आनन्दमात्रकरपादमुखोदरादिः [ना.प.] इत्यादिस्मृतेश् च । ","आनन्दमात्रम् अजरꣳ पुराणम् एकꣳ सन्तꣳ बहुधा दृश्यमानꣳ [?], नेह नानास्ति किञ्चन [बृ.आ.उ. ४.४.१९] इत्यादिश्रुतेः, आनन्दमात्रकरपादमुखोदरादिः [ना.प.] इत्यादिस्मृतेश् च । "
1165,"nanu, mayi tathābhūta-svarūpa-śaktīnām astitāyāṁ kiṁ pramāṇam ? tatrāhuḥ—akhila-kāraka-śakti-dharaḥ iti | akhilebhyaḥ prāṇibhyaḥ kārakāṇi karaṇāni cakṣur-ādi-golakāni, teṣu śaktīś cendriyāṇi dharasi dadāsīti, tathā sarveṣu teṣu tat-tad-dhāraṇāt tās tu tvayi svataḥ-siddhā avyayāḥ pūrṇā eva santīti bhāvaḥ | tathā ca śrutiḥ—prāṇasya prāṇam uta cakṣuṣaś cakṣuḥ [bṛ.ā.u. 4.4.18] iti ādyā, svābhāvikī jñāna-bala-kriyā ca [śve.u. 6.8] ity ādyā ca |","ननु, मयि तथाभूतस्वरूपशक्तीनाम् अस्तितायां किं प्रमाणम् ? तत्राहुः—अखिलकारकशक्तिधरः इति । अखिलेभ्यः प्राणिभ्यः कारकाणि करणानि चक्षुरादिगोलकानि, तेषु शक्तीश् चेन्द्रियाणि धरसि ददासीति, तथा सर्वेषु तेषु तत्तद्धारणात् तास् तु त्वयि स्वतःसिद्धा अव्ययाः पूर्णा एव सन्तीति भावः । तथा च श्रुतिः—प्राणस्य प्राणम् उत चक्षुषश् चक्षुः [बृ.आ.उ. ४.४.१८] इति आद्या, स्वाभाविकी ज्ञानबलक्रिया च [श्वे.उ. ६.८] इत्य् आद्या च ।","ननु, मयि तथाभूतस्वरूपशक्तीनाम् अस्तितायाꣳ किꣳ प्रमाणम् ? तत्राहुः—अखिलकारकशक्तिधरः इति । अखिलेभ्यः प्राणिभ्यः कारकाणि करणानि चक्षुरादिगोलकानि, तेषु शक्तीश् चेन्द्रियाणि धरसि ददासीति, तथा सर्वेषु तेषु तत्तद्धारणात् तास् तु त्वयि स्वतःसिद्धा अव्ययाः पूर्णा एव सन्तीति भावः । तथा च श्रुतिः—प्राणस्य प्राणम् उत चक्षुषश् चक्षुः [बृ.आ.उ. ४.४.१८] इति आद्या, स्वाभाविकी ज्ञानबलक्रिया च [श्वे.उ. ६.८] इत्य् आद्या च ।"
1168,jñānaṁ svataḥ śvasanato bala-bhoja īhā || [bhā.pu. 11.4.4] iti |,ज्ञानं स्वतः श्वसनतो बलभोज ईहा ॥ [भा.पु. ११.४.४] इति ।,ज्ञानꣳ स्वतः श्वसनतो बलभोज ईहा ॥ [भा.पु. ११.४.४] इति ।
1169,ata eva vikaraṇatvān neti cet tad uktam [ve.sū. 2.1.32] ity atra sūtrakāro’pi | tad uktam ity anena śrutes tu śabda-mūlatvāt [ve.sū. 2.1.27] ity-ukta-rītyaiva śruty-eka-gamyaṁ tarkātītaṁ tasya vikaraṇatvaṁ sakaraṇatvaṁ ca sādhitavān | śrutiś ca—na tasya kāryaṁ karaṇaṁ ca vidyate [śve.u. 6.8] ity-ādyā |,अत एव विकरणत्वान् नेति चेत् तद् उक्तम् [वे.सू. २.१.३२] इत्य् अत्र सूत्रकारोऽपि । तद् उक्तम् इत्य् अनेन श्रुतेस् तु शब्दमूलत्वात् [वे.सू. २.१.२७] इत्युक्तरीत्यैव श्रुत्येकगम्यं तर्कातीतं तस्य विकरणत्वं सकरणत्वं च साधितवान् । श्रुतिश् च—न तस्य कार्यं करणं च विद्यते [श्वे.उ. ६.८] इत्याद्या ।,अत एव विकरणत्वान् नेति चेत् तद् उक्तम् [वे.सू. २.१.३२] इत्य् अत्र सूत्रकारोऽपि । तद् उक्तम् इत्य् अनेन श्रुतेस् तु शब्दमूलत्वात् [वे.सू. २.१.२७] इत्युक्तरीत्यैव श्रुत्येकगम्यꣳ तर्कातीतꣳ तस्य विकरणत्वꣳ सकरणत्वꣳ च साधितवान् । श्रुतिश् च—न तस्य कार्यꣳ करणꣳ च विद्यते [श्वे.उ. ६.८] इत्याद्या ।
1170,"athavā, akhila-kāraka-śakti-dharo’pi tvam asāv akaraṇa evety anvayaḥ | kutaḥ ? svarāḍ ity-ādi | ataḥ sarvato vilakṣaṇa-mahimatvād animiṣā devā indrādayas tat-pūjyā viśva-sṛjo brahmādayo’pi tava tubhyaṁ balim upahāraṁ tad uccaiḥ śirobhir vahanti | ","अथवा, अखिलकारकशक्तिधरोऽपि त्वम् असाव् अकरण एवेत्य् अन्वयः । कुतः ? स्वराड् इत्यादि । अतः सर्वतो विलक्षणमहिमत्वाद् अनिमिषा देवा इन्द्रादयस् तत्पूज्या विश्वसृजो ब्रह्मादयोऽपि तव तुभ्यं बलिम् उपहारं तद् उच्चैः शिरोभिर् वहन्ति । ","अथवा, अखिलकारकशक्तिधरोऽपि त्वम् असाव् अकरण एवेत्य् अन्वयः । कुतः ? स्वराड् इत्यादि । अतः सर्वतो विलक्षणमहिमत्वाद् अनिमिषा देवा इन्द्रादयस् तत्पूज्या विश्वसृजो ब्रह्मादयोऽपि तव तुभ्यꣳ बलिम् उपहारꣳ तद् उच्चैः शिरोभिर् वहन्ति । "
1171,ajayā teṣām adhikāriṇyā māyayāpi sahitāḥ | sāpi ābhāsa-śakti-rūpā svarūpānanda-śakti-mayāya tubhyam ātma-sampad-udbhāvanārthaṁ balim haratīty arthaḥ | ,अजया तेषाम् अधिकारिण्या माययापि सहिताः । सापि आभासशक्तिरूपा स्वरूपानन्दशक्तिमयाय तुभ्यम् आत्मसम्पदुद्भावनार्थं बलिम् हरतीत्य् अर्थः । ,अजया तेषाम् अधिकारिण्या माययापि सहिताः । सापि आभासशक्तिरूपा स्वरूपानन्दशक्तिमयाय तुभ्यम् आत्मसम्पदुद्भावनार्थꣳ बलिम् हरतीत्य् अर्थः । 
1172,samadanti ca manuṣyair dattaṁ havya-kavyādi-lakṣaṇaṁ baliṁ bhakṣayanti ca | atra dṛṣṭāntaḥ—varṣa-bhuja iti | varṣaṁ khaṇḍa-maṇḍalam | ,समदन्ति च मनुष्यैर् दत्तं हव्यकव्यादिलक्षणं बलिं भक्षयन्ति च । अत्र दृष्टान्तः—वर्षभुज इति । वर्षं खण्डमण्डलम् । ,समदन्ति च मनुष्यैर् दत्तꣳ हव्यकव्यादिलक्षणꣳ बलिꣳ भक्षयन्ति च । अत्र दृष्टान्तः—वर्षभुज इति । वर्षꣳ खण्डमण्डलम् । 
1173,kathaṁ balim udvahanti ? tad āhuḥ—vidadhatīti | tvad-ājñā-pālanam eva bali-haraṇam ity arthaḥ | ,कथं बलिम् उद्वहन्ति ? तद् आहुः—विदधतीति । त्वदाज्ञापालनम् एव बलिहरणम् इत्य् अर्थः । ,कथꣳ बलिम् उद्वहन्ति ? तद् आहुः—विदधतीति । त्वदाज्ञापालनम् एव बलिहरणम् इत्य् अर्थः । 
1176,"athavā, nanu mama pāṇy-ādi-karaṇānāṁ svarūpa-bhūtatve yukti yuktiṁ kathayatety ata āhuḥ—animiṣāḥ karaṇādhiṣṭhātṛ-devās tava balim udvahantīti | ajānaja-devatvād viśva-sṛjaḥ viśveṣāṁ sṛṣṭi-hetavaḥ | anye tat-tad-adhiṣṭhātṛ-devatāśrayād eva karaṇair viṣayaṁ prakāśayituṁ śaknuvanti | tvaṁ punas teṣām apy āśraya iti tvat-karaṇānāṁ sva-prakāśatāpatteḥ svarūpa-bhūtatvam eveti |","अथवा, ननु मम पाण्यादिकरणानां स्वरूपभूतत्वे युक्ति युक्तिं कथयतेत्य् अत आहुः—अनिमिषाः करणाधिष्ठातृदेवास् तव बलिम् उद्वहन्तीति । अजानजदेवत्वाद् विश्वसृजः विश्वेषां सृष्टिहेतवः । अन्ये तत्तदधिष्ठातृदेवताश्रयाद् एव करणैर् विषयं प्रकाशयितुं शक्नुवन्ति । त्वं पुनस् तेषाम् अप्य् आश्रय इति त्वत्करणानां स्वप्रकाशतापत्तेः स्वरूपभूतत्वम् एवेति ।","अथवा, ननु मम पाण्यादिकरणानाꣳ स्वरूपभूतत्वे युक्ति युक्तिꣳ कथयतेत्य् अत आहुः—अनिमिषाः करणाधिष्ठातृदेवास् तव बलिम् उद्वहन्तीति । अजानजदेवत्वाद् विश्वसृजः विश्वेषाꣳ सृष्टिहेतवः । अन्ये तत्तदधिष्ठातृदेवताश्रयाद् एव करणैर् विषयꣳ प्रकाशयितुꣳ शक्नुवन्ति । त्वꣳ पुनस् तेषाम् अप्य् आश्रय इति त्वत्करणानाꣳ स्वप्रकाशतापत्तेः स्वरूपभूतत्वम् एवेति ।"
1177,"athāpy āstāṁ mahā-śaktir māyaivāśraya ity ata āhuḥ—ajayā iti | nanu jīvā api nijendriyādhiṣṭhātṝṇām āśrayā bhavanti | tatrāhuḥ—vidadhati iti | viṣaya-bhoga-dvāreṣv indriyeṣu bhavatā viśva-patinā dattādhikārāṇāṁ devānām evādhikāryāḥ katipaya-grāma-bhaumikā iva jīvā iti na teṣām āśrayāḥ, kintu bhavān eva teṣām adhikārakatvād āśraya iti bhāvaḥ ||","अथाप्य् आस्तां महाशक्तिर् मायैवाश्रय इत्य् अत आहुः—अजया इति । ननु जीवा अपि निजेन्द्रियाधिष्ठातॄणाम् आश्रया भवन्ति । तत्राहुः—विदधति इति । विषयभोगद्वारेष्व् इन्द्रियेषु भवता विश्वपतिना दत्ताधिकाराणां देवानाम् एवाधिकार्याः कतिपयग्रामभौमिका इव जीवा इति न तेषाम् आश्रयाः, किन्तु भवान् एव तेषाम् अधिकारकत्वाद् आश्रय इति भावः ॥","अथाप्य् आस्ताꣳ महाशक्तिर् मायैवाश्रय इत्य् अत आहुः—अजया इति । ननु जीवा अपि निजेन्द्रियाधिष्ठातॄणाम् आश्रया भवन्ति । तत्राहुः—विदधति इति । विषयभोगद्वारेष्व् इन्द्रियेषु भवता विश्वपतिना दत्ताधिकाराणाꣳ देवानाम् एवाधिकार्याः कतिपयग्रामभौमिका इव जीवा इति न तेषाम् आश्रयाः, किन्तु भवान् एव तेषाम् अधिकारकत्वाद् आश्रय इति भावः ॥"
1181,māṁsāsthi-rakta-kṛmi-viṭ-kapha-pitta-vātam |,मांसास्थिरक्तकृमिविट्कफपित्तवातम् ।,माꣳसास्थिरक्तकृमिविट्कफपित्तवातम् ।
1182,jīvac-chavaṁ bhajati kāntam ativimūḍhā,जीवच्छवं भजति कान्तम् अतिविमूढा,जीवच्छवꣳ भजति कान्तम् अतिविमूढा
1184,"atha śrī-bhagavati keśādīnāṁ śrūyamāṇānām ānanda-svarūpatvam, anyeṣāṁ tv abhāva eveti vailakṣaṇyaṁ spaṣṭam eva | ata eva hi hiraṇyakaśipuṁ prati tan-māraka-jana-niṣedha-lakṣaṇa-brahma-vara-dānam api saṅgacchate, vyasubhir vāsumadbhir vā surāsura-mahoragaiḥ [bhā.pu. 7.3.37] iti | na caitat karaṇasya niṣedha-paraṁ, kintu kartur eva, kartṛ-prakaraṇāt, aprāṇibhiḥ prāṇibhir vety uktes tasyaiva prāptatvāt | hantur jīvad-deha-sāmye’pi sa-prāṇa-bhāgān niṣkrāntasya kartanīya-nakhāgra-bhāgasya tyakta-prāṇatvāc ca |","अथ श्रीभगवति केशादीनां श्रूयमाणानाम् आनन्दस्वरूपत्वम्, अन्येषां त्व् अभाव एवेति वैलक्षण्यं स्पष्टम् एव । अत एव हि हिरण्यकशिपुं प्रति तन्मारकजननिषेधलक्षणब्रह्मवरदानम् अपि सङ्गच्छते, व्यसुभिर् वासुमद्भिर् वा सुरासुरमहोरगैः [भा.पु. ७.३.३७] इति । न चैतत् करणस्य निषेधपरं, किन्तु कर्तुर् एव, कर्तृप्रकरणात्, अप्राणिभिः प्राणिभिर् वेत्य् उक्तेस् तस्यैव प्राप्तत्वात् । हन्तुर् जीवद्देहसाम्येऽपि सप्राणभागान् निष्क्रान्तस्य कर्तनीयनखाग्रभागस्य त्यक्तप्राणत्वाच् च ।","अथ श्रीभगवति केशादीनाꣳ श्रूयमाणानाम् आनन्दस्वरूपत्वम्, अन्येषाꣳ त्व् अभाव एवेति वैलक्षण्यꣳ स्पष्टम् एव । अत एव हि हिरण्यकशिपुꣳ प्रति तन्मारकजननिषेधलक्षणब्रह्मवरदानम् अपि सङ्गच्छते, व्यसुभिर् वासुमद्भिर् वा सुरासुरमहोरगैः [भा.पु. ७.३.३७] इति । न चैतत् करणस्य निषेधपरꣳ, किन्तु कर्तुर् एव, कर्तृप्रकरणात्, अप्राणिभिः प्राणिभिर् वेत्य् उक्तेस् तस्यैव प्राप्तत्वात् । हन्तुर् जीवद्देहसाम्येऽपि सप्राणभागान् निष्क्रान्तस्य कर्तनीयनखाग्रभागस्य त्यक्तप्राणत्वाच् च ।"
1185,"tasmād asmākam aprāṇo hy amanāḥ śubhraḥ [mu.u. 2.1.2] iti, asya mahato bhūtasya niḥśvasitam etad [bṛ.ā.u. 2.4.10] iti ca śrutir nāsaṅgateti | ata evoktaṁ vārāhe—","तस्माद् अस्माकम् अप्राणो ह्य् अमनाः शुभ्रः [मु.उ. २.१.२] इति, अस्य महतो भूतस्य निःश्वसितम् एतद् [बृ.आ.उ. २.४.१०] इति च श्रुतिर् नासङ्गतेति । अत एवोक्तं वाराहे—","तस्माद् अस्माकम् अप्राणो ह्य् अमनाः शुभ्रः [मु.उ. २.१.२] इति, अस्य महतो भूतस्य निःश्वसितम् एतद् [बृ.आ.उ. २.४.१०] इति च श्रुतिर् नासङ्गतेति । अत एवोक्तꣳ वाराहे—"
1188,"tac cāprākṛta-mūrtitvaṁ tasya mahā-yogitvād icchā-kṛtam iti na, kintv īśvaratvān nityam evety arthaḥ | ","तच् चाप्राकृतमूर्तित्वं तस्य महायोगित्वाद् इच्छाकृतम् इति न, किन्त्व् ईश्वरत्वान् नित्यम् एवेत्य् अर्थः । ","तच् चाप्राकृतमूर्तित्वꣳ तस्य महायोगित्वाद् इच्छाकृतम् इति न, किन्त्व् ईश्वरत्वान् नित्यम् एवेत्य् अर्थः । "
1189,"tathā ca prayogaḥ—īśvaraḥ sa-vigrahaḥ jñānecchā-prayatnavat-kartṛtvāt kulālādivat | sa ca vigraho nityaḥ, īśvara-karaṇatvāt taj-jñānādivad iti | ata eva vilakṣaṇatvam api | jīvac-chavam iti caitanya-yogena jīvantaṁ, svatas tu śavam | tataḥ śrī-bhagavad-vigrahas tu cid-eka-rasatvāt sadā jīvann eveti vailakṣaṇyaṁ yuktaṁ, nityānanda-cid-rūpatvād bhajanīyatvaṁ ca yuktam iti bhāvaḥ || ","तथा च प्रयोगः—ईश्वरः सविग्रहः ज्ञानेच्छाप्रयत्नवत्कर्तृत्वात् कुलालादिवत् । स च विग्रहो नित्यः, ईश्वरकरणत्वात् तज्ज्ञानादिवद् इति । अत एव विलक्षणत्वम् अपि । जीवच्छवम् इति चैतन्ययोगेन जीवन्तं, स्वतस् तु शवम् । ततः श्रीभगवद्विग्रहस् तु चिदेकरसत्वात् सदा जीवन्न् एवेति वैलक्षण्यं युक्तं, नित्यानन्दचिद्रूपत्वाद् भजनीयत्वं च युक्तम् इति भावः ॥ ","तथा च प्रयोगः—ईश्वरः सविग्रहः ज्ञानेच्छाप्रयत्नवत्कर्तृत्वात् कुलालादिवत् । स च विग्रहो नित्यः, ईश्वरकरणत्वात् तज्ज्ञानादिवद् इति । अत एव विलक्षणत्वम् अपि । जीवच्छवम् इति चैतन्ययोगेन जीवन्तꣳ, स्वतस् तु शवम् । ततः श्रीभगवद्विग्रहस् तु चिदेकरसत्वात् सदा जीवन्न् एवेति वैलक्षण्यꣳ युक्तꣳ, नित्यानन्दचिद्रूपत्वाद् भजनीयत्वꣳ च युक्तम् इति भावः ॥ "
1191,nāma-rūpitva-vidhi-niṣedha-śrutibhir vivadamānānāṁ vivādāvasare tad eva hy upapādayati—,नामरूपित्वविधिनिषेधश्रुतिभिर् विवदमानानां विवादावसरे तद् एव ह्य् उपपादयति—,नामरूपित्वविधिनिषेधश्रुतिभिर् विवदमानानाꣳ विवादावसरे तद् एव ह्य् उपपादयति—
1194,avekṣitaṁ kiñcana yoga-sāṅkhyayoḥ,अवेक्षितं किञ्चन योगसाङ्ख्ययोः,अवेक्षितꣳ किञ्चन योगसाङ्ख्ययोः
1195,samaṁ paraṁ hy anukūlaṁ bṛhat tat || [bhā.pu. 6.4.32],समं परं ह्य् अनुकूलं बृहत् तत् ॥ [भा.पु. ६.४.३२],समꣳ परꣳ ह्य् अनुकूलꣳ बृहत् तत् ॥ [भा.पु. ६.४.३२]
1196,"astīti yogaḥ sthūlopāsanā-śāstram | tatra hi yad bhagavato nāma-rūpitvaṁ śrūyate, tad dṛṣṭa-kalpanā-lāghavād ghaṭa-paṭādi-lakṣaṇākhila-nāma-dheyatvaṁ pātāla-pādādikatvaṁ ceti vidhīyate | nāstīti sāṅkhyaṁ jñāna-śāstraṁ | tatra hi niṣedha-śrutibhis tasya nāma-rūpitvaṁ yan niṣidhyate, tat prāpañcika-nāma-rūpitvasya kalpitatvāt sarvathaiva nāstīti niścīyate | tad uktam ubhaya-matasyaiva prāk—sa sarva-nāmā sa ca viśva-rūpaḥ ity ādinā, yad yan niruktaṁ vacasā nirūpitam [bhā.pu. 6.4.28-29] ity-ādinā ca | astīti nāstīti ca vastuni niṣṭhā yayoḥ | ","अस्तीति योगः स्थूलोपासनाशास्त्रम् । तत्र हि यद् भगवतो नामरूपित्वं श्रूयते, तद् दृष्टकल्पनालाघवाद् घटपटादिलक्षणाखिलनामधेयत्वं पातालपादादिकत्वं चेति विधीयते । नास्तीति साङ्ख्यं ज्ञानशास्त्रं । तत्र हि निषेधश्रुतिभिस् तस्य नामरूपित्वं यन् निषिध्यते, तत् प्रापञ्चिकनामरूपित्वस्य कल्पितत्वात् सर्वथैव नास्तीति निश्चीयते । तद् उक्तम् उभयमतस्यैव प्राक्—स सर्वनामा स च विश्वरूपः इत्य् आदिना, यद् यन् निरुक्तं वचसा निरूपितम् [भा.पु. ६.४.२८-२९] इत्यादिना च । अस्तीति नास्तीति च वस्तुनि निष्ठा ययोः । ","अस्तीति योगः स्थूलोपासनाशास्त्रम् । तत्र हि यद् भगवतो नामरूपित्वꣳ श्रूयते, तद् दृष्टकल्पनालाघवाद् घटपटादिलक्षणाखिलनामधेयत्वꣳ पातालपादादिकत्वꣳ चेति विधीयते । नास्तीति साङ्ख्यꣳ ज्ञानशास्त्रꣳ । तत्र हि निषेधश्रुतिभिस् तस्य नामरूपित्वꣳ यन् निषिध्यते, तत् प्रापञ्चिकनामरूपित्वस्य कल्पितत्वात् सर्वथैव नास्तीति निश्चीयते । तद् उक्तम् उभयमतस्यैव प्राक्—स सर्वनामा स च विश्वरूपः इत्य् आदिना, यद् यन् निरुक्तꣳ वचसा निरूपितम् [भा.पु. ६.४.२८-२९] इत्यादिना च । अस्तीति नास्तीति च वस्तुनि निष्ठा ययोः । "
1197,"tam eva vivādaṁ sphuṭayati—bhinnau, astīti nāstīty evambhūtau viruddhau dharmau yayos tayoḥ | ","तम् एव विवादं स्फुटयति—भिन्नौ, अस्तीति नास्तीत्य् एवम्भूतौ विरुद्धौ धर्मौ ययोस् तयोः । ","तम् एव विवादꣳ स्फुटयति—भिन्नौ, अस्तीति नास्तीत्य् एवम्भूतौ विरुद्धौ धर्मौ ययोस् तयोः । "
1198,"nanv āstām anayor bhinna-viṣayatvaṁ, nety āha—eka-sthayoḥ samāna-viṣayayoḥ | tad evaṁ vivāde sati, yat kiñcit samaṁ samañjasatvenaiva avekṣitaṁ pratītaṁ vastu, tad dvayor api bṛhan mahad anukūlaṁ bhavati | kiṁ tat samañjasaṁ ? yat paraṁ nāma-rūpād atyanta-tad-abhāvāc ca vilakṣaṇaṁ, yatra yugapan nāma-rūpitvam anāma-rūpitvam api vaktuṁ śakyate, tad vilakṣaṇaṁ kim api nāma-rūpa-lakṣaṇam eva vastv ity arthaḥ | ","नन्व् आस्ताम् अनयोर् भिन्नविषयत्वं, नेत्य् आह—एकस्थयोः समानविषययोः । तद् एवं विवादे सति, यत् किञ्चित् समं समञ्जसत्वेनैव अवेक्षितं प्रतीतं वस्तु, तद् द्वयोर् अपि बृहन् महद् अनुकूलं भवति । किं तत् समञ्जसं ? यत् परं नामरूपाद् अत्यन्ततदभावाच् च विलक्षणं, यत्र युगपन् नामरूपित्वम् अनामरूपित्वम् अपि वक्तुं शक्यते, तद् विलक्षणं किम् अपि नामरूपलक्षणम् एव वस्त्व् इत्य् अर्थः । ","नन्व् आस्ताम् अनयोर् भिन्नविषयत्वꣳ, नेत्य् आह—एकस्थयोः समानविषययोः । तद् एवꣳ विवादे सति, यत् किञ्चित् समꣳ समञ्जसत्वेनैव अवेक्षितꣳ प्रतीतꣳ वस्तु, तद् द्वयोर् अपि बृहन् महद् अनुकूलꣳ भवति । किꣳ तत् समञ्जसꣳ ? यत् परꣳ नामरूपाद् अत्यन्ततदभावाच् च विलक्षणꣳ, यत्र युगपन् नामरूपित्वम् अनामरूपित्वम् अपि वक्तुꣳ शक्यते, तद् विलक्षणꣳ किम् अपि नामरूपलक्षणम् एव वस्त्व् इत्य् अर्थः । "
1199,etad uktaṁ bhavati | ekasminn eva vastuni nāma-rūpitva-vidhi-niṣedhābhyāṁ parasparaṁ śrutayaḥ parāhatārthāḥ syuḥ | atra tu paratvenobhayatrāpi prāktana-yuktyā samañjasam aprākṛta-nāma-rūpitvam eva vidhi-niṣedha-śruti-tātparyenopasthāpyata iti tat-tan-mataṁ vivāda-mātram | ,एतद् उक्तं भवति । एकस्मिन्न् एव वस्तुनि नामरूपित्वविधिनिषेधाभ्यां परस्परं श्रुतयः पराहतार्थाः स्युः । अत्र तु परत्वेनोभयत्रापि प्राक्तनयुक्त्या समञ्जसम् अप्राकृतनामरूपित्वम् एव विधिनिषेधश्रुतितात्पर्येनोपस्थाप्यत इति तत्तन्मतं विवादमात्रम् । ,एतद् उक्तꣳ भवति । एकस्मिन्न् एव वस्तुनि नामरूपित्वविधिनिषेधाभ्याꣳ परस्परꣳ श्रुतयः पराहतार्थाः स्युः । अत्र तु परत्वेनोभयत्रापि प्राक्तनयुक्त्या समञ्जसम् अप्राकृतनामरूपित्वम् एव विधिनिषेधश्रुतितात्पर्येनोपस्थाप्यत इति तत्तन्मतꣳ विवादमात्रम् । 
1202,martyādibhiḥ paricitaṁ sad-asad-viśeṣam |,मर्त्यादिभिः परिचितं सदसद्विशेषम् ।,मर्त्यादिभिः परिचितꣳ सदसद्विशेषम् ।
1203,rūpaṁ sthaviṣṭham aja te mahad-ādy-anekaṁ,रूपं स्थविष्ठम् अज ते महदाद्यनेकं,रूपꣳ स्थविष्ठम् अज ते महदाद्यनेकꣳ
1204,nātaḥ paraṁ parama vedmi na yatra vādaḥ || [bhā.pu. 4.9.13] iti |,नातः परं परम वेद्मि न यत्र वादः ॥ [भा.पु. ४.९.१३] इति ।,नातः परꣳ परम वेद्मि न यत्र वादः ॥ [भा.पु. ४.९.१३] इति ।
1205,"atra rūpa-śabdasyaivobhayatra viśeṣyatvena, bhūpa rūpam arūpaṁ ca paraṁ cāparam eva ca [vi.pu. 6.7.47] iti vaiṣṇava-vākyānusāreṇa ca | ataḥ paraṁ caturbhujāditva-lakṣaṇaṁ rūpaṁ vapur ity arthaḥ | tac cāgre darśayiṣyate | tan na vedmi, etat-paryantaṁ kālaṁ nājñāsiṣam ity arthaḥ | ","अत्र रूपशब्दस्यैवोभयत्र विशेष्यत्वेन, भूप रूपम् अरूपं च परं चापरम् एव च [वि.पु. ६.७.४७] इति वैष्णववाक्यानुसारेण च । अतः परं चतुर्भुजादित्वलक्षणं रूपं वपुर् इत्य् अर्थः । तच् चाग्रे दर्शयिष्यते । तन् न वेद्मि, एतत्पर्यन्तं कालं नाज्ञासिषम् इत्य् अर्थः । ","अत्र रूपशब्दस्यैवोभयत्र विशेष्यत्वेन, भूप रूपम् अरूपꣳ च परꣳ चापरम् एव च [वि.पु. ६.७.४७] इति वैष्णववाक्यानुसारेण च । अतः परꣳ चतुर्भुजादित्वलक्षणꣳ रूपꣳ वपुर् इत्य् अर्थः । तच् चाग्रे दर्शयिष्यते । तन् न वेद्मि, एतत्पर्यन्तꣳ कालꣳ नाज्ञासिषम् इत्य् अर्थः । "
1207,yo’nugrahārthaṁ bhajatāṁ pāda-mūlam,योऽनुग्रहार्थं भजतां पादमूलम्,योऽनुग्रहार्थꣳ भजताꣳ पादमूलम्
1210,bheje sa mahyaṁ paramaḥ prasīdatu || [bhā.pu. 6.4.33],भेजे स मह्यं परमः प्रसीदतु ॥ [भा.पु. ६.४.३३],भेजे स मह्यꣳ परमः प्रसीदतु ॥ [भा.पु. ६.४.३३]
1211,"yo nāma-rūpa-rahita eva nāmāni rūpāṇi ca bheje prakaṭitavān | janma-karmabhiḥ saha tāni ca prakaṭitavān ity arthaḥ | vyatireke doṣam āha—ananta iti | yadi tasmin nāma-rūpitvādikaṁ nāsti, tarhi tac-chaktimattvaṁ prati sāntatvam eva prasajyeteti | tad uktaṁ pracetobhiḥ—na hy antas tvad-vibhūtīnāṁ so’nanta iti gīyase [bhā.pu. 4.30.31] iti | ","यो नामरूपरहित एव नामानि रूपाणि च भेजे प्रकटितवान् । जन्मकर्मभिः सह तानि च प्रकटितवान् इत्य् अर्थः । व्यतिरेके दोषम् आह—अनन्त इति । यदि तस्मिन् नामरूपित्वादिकं नास्ति, तर्हि तच्छक्तिमत्त्वं प्रति सान्तत्वम् एव प्रसज्येतेति । तद् उक्तं प्रचेतोभिः—न ह्य् अन्तस् त्वद्विभूतीनां सोऽनन्त इति गीयसे [भा.पु. ४.३०.३१] इति । ","यो नामरूपरहित एव नामानि रूपाणि च भेजे प्रकटितवान् । जन्मकर्मभिः सह तानि च प्रकटितवान् इत्य् अर्थः । व्यतिरेके दोषम् आह—अनन्त इति । यदि तस्मिन् नामरूपित्वादिकꣳ नास्ति, तर्हि तच्छक्तिमत्त्वꣳ प्रति सान्तत्वम् एव प्रसज्येतेति । तद् उक्तꣳ प्रचेतोभिः—न ह्य् अन्तस् त्वद्विभूतीनाꣳ सोऽनन्त इति गीयसे [भा.पु. ४.३०.३१] इति । "
1213,tasmān na māyayā sarvaṁ sarvam aiśvarya-sambhavam |,तस्मान् न मायया सर्वं सर्वम् ऐश्वर्यसम्भवम् ।,तस्मान् न मायया सर्वꣳ सर्वम् ऐश्वर्यसम्भवम् ।
1214,amāyī hīśvaro yasmāt tasmāt taṁ paramaṁ viduḥ || ity ukteḥ |,अमायी हीश्वरो यस्मात् तस्मात् तं परमं विदुः ॥ इत्य् उक्तेः ।,अमायी हीश्वरो यस्मात् तस्मात् तꣳ परमꣳ विदुः ॥ इत्य् उक्तेः ।
1215,"nanu, sarva-nāma-viśva-rūpatve tad-rāhitye ca santy eva tat-tad-upāsakāḥ pramāṇam | atra tu ke syuḥ ? ity āśaṅkyāha—pāda-mūlaṁ bhajatām anugrahārtham iti | yoga-sāṅkhyayos tat tattvaṁ na samyak prakāśate, kintu bhaktāv eva | bhaktir evainaṁ nayati, bhaktir evainaṁ darśayati ity-ādi-śruteḥ | tasmād yuktaṁ tayor vivāda-mātratvam iti bhāvaḥ | ata eva vakṣyate’nantaram eva—","ननु, सर्वनामविश्वरूपत्वे तद्राहित्ये च सन्त्य् एव तत्तदुपासकाः प्रमाणम् । अत्र तु के स्युः ? इत्य् आशङ्क्याह—पादमूलं भजताम् अनुग्रहार्थम् इति । योगसाङ्ख्ययोस् तत् तत्त्वं न सम्यक् प्रकाशते, किन्तु भक्ताव् एव । भक्तिर् एवैनं नयति, भक्तिर् एवैनं दर्शयति इत्यादिश्रुतेः । तस्माद् युक्तं तयोर् विवादमात्रत्वम् इति भावः । अत एव वक्ष्यतेऽनन्तरम् एव—","ननु, सर्वनामविश्वरूपत्वे तद्राहित्ये च सन्त्य् एव तत्तदुपासकाः प्रमाणम् । अत्र तु के स्युः ? इत्य् आशङ्क्याह—पादमूलꣳ भजताम् अनुग्रहार्थम् इति । योगसाङ्ख्ययोस् तत् तत्त्वꣳ न सम्यक् प्रकाशते, किन्तु भक्ताव् एव । भक्तिर् एवैनꣳ नयति, भक्तिर् एवैनꣳ दर्शयति इत्यादिश्रुतेः । तस्माद् युक्तꣳ तयोर् विवादमात्रत्वम् इति भावः । अत एव वक्ष्यतेऽनन्तरम् एव—"
1216,iti saṁstuvatas tasya sa tasminn agha-marṣaṇe |,इति संस्तुवतस् तस्य स तस्मिन्न् अघमर्षणे ।,इति सꣳस्तुवतस् तस्य स तस्मिन्न् अघमर्षणे ।
1218,kṛta-pādaḥ suparṇāṁse [bhā.pu. 6.4.35-6] ity-ādeḥ |,कृतपादः सुपर्णांसे [भा.पु. ६.४.३५-६] इत्यादेः ।,कृतपादः सुपर्णाꣳसे [भा.पु. ६.४.३५-६] इत्यादेः ।
1219,pāda-mūlaṁ bhajatām ity anena tān prati rūpa-prākaṭyāt pūrvam api rūpam asty eveti vyañjitam | caraṇaṁ pavitraṁ vitataṁ purāṇam ity-ādi-śruteḥ | bheje ity atīta-nirdeśaḥ prāmāṇya-dārḍhyāyānāditvaṁ bodhayati | ananta-padasya ca nāmāni rūpāṇi cānantāny eveti bhāvaḥ | atra prākṛta-nāma-rūpa-rahito’pi iti ṭīkā ca ||,पादमूलं भजताम् इत्य् अनेन तान् प्रति रूपप्राकट्यात् पूर्वम् अपि रूपम् अस्त्य् एवेति व्यञ्जितम् । चरणं पवित्रं विततं पुराणम् इत्यादिश्रुतेः । भेजे इत्य् अतीतनिर्देशः प्रामाण्यदार्ढ्यायानादित्वं बोधयति । अनन्तपदस्य च नामानि रूपाणि चानन्तान्य् एवेति भावः । अत्र प्राकृतनामरूपरहितोऽपि इति टीका च ॥,पादमूलꣳ भजताम् इत्य् अनेन तान् प्रति रूपप्राकट्यात् पूर्वम् अपि रूपम् अस्त्य् एवेति व्यञ्जितम् । चरणꣳ पवित्रꣳ विततꣳ पुराणम् इत्यादिश्रुतेः । भेजे इत्य् अतीतनिर्देशः प्रामाण्यदार्ढ्यायानादित्वꣳ बोधयति । अनन्तपदस्य च नामानि रूपाणि चानन्तान्य् एवेति भावः । अत्र प्राकृतनामरूपरहितोऽपि इति टीका च ॥
1221,tad evaṁ nityatvād vibhutvāt sarvāśrayatvāt sthūla-sūkṣma-prākṛta-vastv-atiriktatvāt pratyag-rūpatvāt sva-prakāśatvāt sarva-śruti-samanvaya-siddhatvāt tad-rūpaṁ parama-tattva-rūpam eveti siddham | tathaiva hi param-vaiduṣyeṇānubhūtaṁ spaṣṭam evāha tribhiḥ—,तद् एवं नित्यत्वाद् विभुत्वात् सर्वाश्रयत्वात् स्थूलसूक्ष्मप्राकृतवस्त्वतिरिक्तत्वात् प्रत्यग्रूपत्वात् स्वप्रकाशत्वात् सर्वश्रुतिसमन्वयसिद्धत्वात् तद्रूपं परमतत्त्वरूपम् एवेति सिद्धम् । तथैव हि परम्वैदुष्येणानुभूतं स्पष्टम् एवाह त्रिभिः—,तद् एवꣳ नित्यत्वाद् विभुत्वात् सर्वाश्रयत्वात् स्थूलसूक्ष्मप्राकृतवस्त्वतिरिक्तत्वात् प्रत्यग्रूपत्वात् स्वप्रकाशत्वात् सर्वश्रुतिसमन्वयसिद्धत्वात् तद्रूपꣳ परमतत्त्वरूपम् एवेति सिद्धम् । तथैव हि परम्वैदुष्येणानुभूतꣳ स्पष्टम् एवाह त्रिभिः—
1222,rūpaṁ yad etad avabodha-rasodayena,रूपं यद् एतद् अवबोधरसोदयेन,रूपꣳ यद् एतद् अवबोधरसोदयेन
1224,ādau gṛhītam avatāra-śataika-bījaṁ,आदौ गृहीतम् अवतारशतैकबीजं,आदौ गृहीतम् अवतारशतैकबीजꣳ
1226,nātaḥ paraṁ parama yad bhavataḥ svarūpam,नातः परं परम यद् भवतः स्वरूपम्,नातः परꣳ परम यद् भवतः स्वरूपम्
1230,tad vā idaṁ bhuvana-maṅgala maṅgalāya,तद् वा इदं भुवनमङ्गल मङ्गलाय,तद् वा इदꣳ भुवनमङ्गल मङ्गलाय
1231,dhyāne sma no darśitaṁ ta upāsakānām |,ध्याने स्म नो दर्शितं त उपासकानाम् ।,ध्याने स्म नो दर्शितꣳ त उपासकानाम् ।
1232,tasmai namo bhagavate’nuvidhema tubhyaṁ,तस्मै नमो भगवतेऽनुविधेम तुभ्यं,तस्मै नमो भगवतेऽनुविधेम तुभ्यꣳ
1234,"ṭīkā ca—nanu tvam api samyak na jānāsi yat tvayā dṛṣṭaṁ rūpam etad api guṇātmakam eva, nirguṇaṁ brahmaiva tu satyaṁ ? tatrāha—rūpam iti dvābhyām | avabodha-rasodayena cic-chakty-āvirbhāvena śaśvan nivṛttam tamo yasmāt, tasya tava yad etad rūpaṁ tvayaiva svātantryeṇa satām upāsakānām anugrahāya gṛhītam āviṣkṛtam | avatāra-śatasya śuddha-sattvātmakasya yad ekaṁ bījaṁ mūlam, tat-pradarśanārthaṁ guṇāvatāra-bījatvaṁ darśayati—yan-nābhīti |","टीका च—ननु त्वम् अपि सम्यक् न जानासि यत् त्वया दृष्टं रूपम् एतद् अपि गुणात्मकम् एव, निर्गुणं ब्रह्मैव तु सत्यं ? तत्राह—रूपम् इति द्वाभ्याम् । अवबोधरसोदयेन चिच्छक्त्याविर्भावेन शश्वन् निवृत्तम् तमो यस्मात्, तस्य तव यद् एतद् रूपं त्वयैव स्वातन्त्र्येण सताम् उपासकानाम् अनुग्रहाय गृहीतम् आविष्कृतम् । अवतारशतस्य शुद्धसत्त्वात्मकस्य यद् एकं बीजं मूलम्, तत्प्रदर्शनार्थं गुणावतारबीजत्वं दर्शयति—यन्नाभीति ।","टीका च—ननु त्वम् अपि सम्यक् न जानासि यत् त्वया दृष्टꣳ रूपम् एतद् अपि गुणात्मकम् एव, निर्गुणꣳ ब्रह्मैव तु सत्यꣳ ? तत्राह—रूपम् इति द्वाभ्याम् । अवबोधरसोदयेन चिच्छक्त्याविर्भावेन शश्वन् निवृत्तम् तमो यस्मात्, तस्य तव यद् एतद् रूपꣳ त्वयैव स्वातन्त्र्येण सताम् उपासकानाम् अनुग्रहाय गृहीतम् आविष्कृतम् । अवतारशतस्य शुद्धसत्त्वात्मकस्य यद् एकꣳ बीजꣳ मूलम्, तत्प्रदर्शनार्थꣳ गुणावतारबीजत्वꣳ दर्शयति—यन्नाभीति ।"
1235,"he parama ! aviddha-varcaḥ anāvṛta-prakāśam, ato’vikalpaṁ nirbhedam, ata evānanda-mātram | evam-bhūtaṁ yad bhavataḥ svarūpaṁ, tad ato rūpāt paraṁ bhinnaṁ na paśyāmi, kintv idam eva tat | ataḥ kāraṇāt te tava ada idaṁ rūpam āśrito’smi | ","हे परम ! अविद्धवर्चः अनावृतप्रकाशम्, अतोऽविकल्पं निर्भेदम्, अत एवानन्दमात्रम् । एवम्भूतं यद् भवतः स्वरूपं, तद् अतो रूपात् परं भिन्नं न पश्यामि, किन्त्व् इदम् एव तत् । अतः कारणात् ते तव अद इदं रूपम् आश्रितोऽस्मि । ","हे परम ! अविद्धवर्चः अनावृतप्रकाशम्, अतोऽविकल्पꣳ निर्भेदम्, अत एवानन्दमात्रम् । एवम्भूतꣳ यद् भवतः स्वरूपꣳ, तद् अतो रूपात् परꣳ भिन्नꣳ न पश्यामि, किन्त्व् इदम् एव तत् । अतः कारणात् ते तव अद इदꣳ रूपम् आश्रितोऽस्मि । "
1236,"yogyatvād apīty āha—ekam upāsyeṣu mukhyaṁ, yad viśva-sṛjam | ata eva aviśvaṁ viśvasmād anyat | kiṁ ca, bhūtendriyātmakaṁ bhūtānām indriyāṇāṁ cātmānaṁ kāraṇam ity arthaḥ |","योग्यत्वाद् अपीत्य् आह—एकम् उपास्येषु मुख्यं, यद् विश्वसृजम् । अत एव अविश्वं विश्वस्माद् अन्यत् । किं च, भूतेन्द्रियात्मकं भूतानाम् इन्द्रियाणां चात्मानं कारणम् इत्य् अर्थः ।","योग्यत्वाद् अपीत्य् आह—एकम् उपास्येषु मुख्यꣳ, यद् विश्वसृजम् । अत एव अविश्वꣳ विश्वस्माद् अन्यत् । किꣳ च, भूतेन्द्रियात्मकꣳ भूतानाम् इन्द्रियाणाꣳ चात्मानꣳ कारणम् इत्य् अर्थः ।"
1237,"nanv evam api sopādhikam etad arvācīnam evety āśaṅkyāha tad vai tad evedaṁ, he bhuvana-maṅgala ! yatas te tvayā no’smākam upāsakānāṁ maṅgalāya dhyāne darśitam | na hy avyakta-vartmābhiniveśita-cittānām asmākaṁ sopādhikaṁ darśanaṁ dātuṁ yuktam iti bhāvaḥ | atas tubhyaṁ namo’nuvidhema anuvṛttyā karavāma | tarhi kim iti kecin māṁ nādriyante ? tatrāha—yo’nādṛta iti | asat-prasaṅgair nirīśvara-kutarka-niṣṭhaiḥ | ity eṣā ||","नन्व् एवम् अपि सोपाधिकम् एतद् अर्वाचीनम् एवेत्य् आशङ्क्याह तद् वै तद् एवेदं, हे भुवनमङ्गल ! यतस् ते त्वया नोऽस्माकम् उपासकानां मङ्गलाय ध्याने दर्शितम् । न ह्य् अव्यक्तवर्त्माभिनिवेशितचित्तानाम् अस्माकं सोपाधिकं दर्शनं दातुं युक्तम् इति भावः । अतस् तुभ्यं नमोऽनुविधेम अनुवृत्त्या करवाम । तर्हि किम् इति केचिन् मां नाद्रियन्ते ? तत्राह—योऽनादृत इति । असत्प्रसङ्गैर् निरीश्वरकुतर्कनिष्ठैः । इत्य् एषा ॥","नन्व् एवम् अपि सोपाधिकम् एतद् अर्वाचीनम् एवेत्य् आशङ्क्याह तद् वै तद् एवेदꣳ, हे भुवनमङ्गल ! यतस् ते त्वया नोऽस्माकम् उपासकानाꣳ मङ्गलाय ध्याने दर्शितम् । न ह्य् अव्यक्तवर्त्माभिनिवेशितचित्तानाम् अस्माकꣳ सोपाधिकꣳ दर्शनꣳ दातुꣳ युक्तम् इति भावः । अतस् तुभ्यꣳ नमोऽनुविधेम अनुवृत्त्या करवाम । तर्हि किम् इति केचिन् माꣳ नाद्रियन्ते ? तत्राह—योऽनादृत इति । असत्प्रसङ्गैर् निरीश्वरकुतर्कनिष्ठैः । इत्य् एषा ॥"
1238,"atra kalpitam apy arthāntaraṁ yasya vidvad-guṇa-gurutvān na sambhavaty eveti vyañjitam—na hy avyakta-vartmeti | uktaṁ caitat stutitaḥ prāk avyakta-vartmābhiniveśitātmā [bhā.pu. 3.8.33] iti | māṁ nādriyante iti vigraha-rūpaṁ mām ity evārthaḥ, vigrahy eva para-brahmatvena sthāpitatvāt | ata eva ye vigraham etādṛśatayā na manyante, te vidvad-anubhava-viruddha-matayo neśvaram api manyanta iti, ata āha—nirīśvara iti | yata eva—","अत्र कल्पितम् अप्य् अर्थान्तरं यस्य विद्वद्गुणगुरुत्वान् न सम्भवत्य् एवेति व्यञ्जितम्—न ह्य् अव्यक्तवर्त्मेति । उक्तं चैतत् स्तुतितः प्राक् अव्यक्तवर्त्माभिनिवेशितात्मा [भा.पु. ३.८.३३] इति । मां नाद्रियन्ते इति विग्रहरूपं माम् इत्य् एवार्थः, विग्रह्य् एव परब्रह्मत्वेन स्थापितत्वात् । अत एव ये विग्रहम् एतादृशतया न मन्यन्ते, ते विद्वदनुभवविरुद्धमतयो नेश्वरम् अपि मन्यन्त इति, अत आह—निरीश्वर इति । यत एव—","अत्र कल्पितम् अप्य् अर्थान्तरꣳ यस्य विद्वद्गुणगुरुत्वान् न सम्भवत्य् एवेति व्यञ्जितम्—न ह्य् अव्यक्तवर्त्मेति । उक्तꣳ चैतत् स्तुतितः प्राक् अव्यक्तवर्त्माभिनिवेशितात्मा [भा.पु. ३.८.३३] इति । माꣳ नाद्रियन्ते इति विग्रहरूपꣳ माम् इत्य् एवार्थः, विग्रह्य् एव परब्रह्मत्वेन स्थापितत्वात् । अत एव ये विग्रहम् एतादृशतया न मन्यन्ते, ते विद्वदनुभवविरुद्धमतयो नेश्वरम् अपि मन्यन्त इति, अत आह—निरीश्वर इति । यत एव—"
1239,ye tu tvadīya-caraṇāmbuja-koṣa-gandhaṁ,ये तु त्वदीयचरणाम्बुजकोषगन्धं,ये तु त्वदीयचरणाम्बुजकोषगन्धꣳ
1241,bhaktyā gṛhīta-caraṇaḥ parayā ca teṣāṁ,भक्त्या गृहीतचरणः परया च तेषां,भक्त्या गृहीतचरणः परया च तेषाꣳ
1242,nāpaiṣi nātha hṛdayāmbu-ruhāt sva-puṁsām || [bhā.pu. 3.9.5] ,नापैषि नाथ हृदयाम्बुरुहात् स्वपुंसाम् ॥ [भा.पु. ३.९.५] ,नापैषि नाथ हृदयाम्बुरुहात् स्वपुꣳसाम् ॥ [भा.पु. ३.९.५] 
1243,ity anantara-padye tu-śabdena yo’nādṛta ity-ādy-uktebhyo bahirmukha-janebhyo vilakṣaṇatvena nirdiṣṭānāṁ tādṛśa-śrī-bhagavad-rūpa-niṣṭhānām eva śruti-vāta-nītam iti śabdena pramāṇena bhaktyā gṛhīta-caraṇa ity anubhavena ca prāśastyam uktam |,इत्य् अनन्तरपद्ये तुशब्देन योऽनादृत इत्याद्युक्तेभ्यो बहिर्मुखजनेभ्यो विलक्षणत्वेन निर्दिष्टानां तादृशश्रीभगवद्रूपनिष्ठानाम् एव श्रुतिवातनीतम् इति शब्देन प्रमाणेन भक्त्या गृहीतचरण इत्य् अनुभवेन च प्राशस्त्यम् उक्तम् ।,इत्य् अनन्तरपद्ये तुशब्देन योऽनादृत इत्याद्युक्तेभ्यो बहिर्मुखजनेभ्यो विलक्षणत्वेन निर्दिष्टानाꣳ तादृशश्रीभगवद्रूपनिष्ठानाम् एव श्रुतिवातनीतम् इति शब्देन प्रमाणेन भक्त्या गृहीतचरण इत्य् अनुभवेन च प्राशस्त्यम् उक्तम् ।
1245,"āveśāvatāratayā pratītasya śrī-ṛṣabhadevasyāpi vigraha evaṁ yojyate, yathā—","आवेशावतारतया प्रतीतस्य श्रीऋषभदेवस्यापि विग्रह एवं योज्यते, यथा—","आवेशावतारतया प्रतीतस्य श्रीऋषभदेवस्यापि विग्रह एवꣳ योज्यते, यथा—"
1246,idaṁ śarīraṁ mama durvibhāvyaṁ,इदं शरीरं मम दुर्विभाव्यं,इदꣳ शरीरꣳ मम दुर्विभाव्यꣳ
1247,sattvaṁ hi me hṛdayaṁ yatra dharmaḥ |,सत्त्वं हि मे हृदयं यत्र धर्मः ।,सत्त्वꣳ हि मे हृदयꣳ यत्र धर्मः ।
1249,ato hi mām ṛṣabhaṁ prāhur āryāḥ || [bhā.pu. 5.5.19],अतो हि माम् ऋषभं प्राहुर् आर्याः ॥ [भा.पु. ५.५.१९],अतो हि माम् ऋषभꣳ प्राहुर् आर्याः ॥ [भा.पु. ५.५.१९]
1250,idaṁ manuṣyākāra-śarīraṁ hi niścitaṁ durvibhāvyaṁ durvitarkyaṁ yat tattvaṁ tad eva | yatraiva dharmo bhāgavata-lakṣaṇas tatraiva me hṛdayaṁ manaḥ | yad yasmāt tad-viparītādi-lakṣaṇo’dharmo mayā pṛṣṭhe kṛtaḥ | tataḥ parāṅ-mukho’ham ity arthaḥ | ata eva vaktur asya ṛṣabhadevasya ca sarvāntima-līlāpi vyājenāntardhānam eva prākṛta-loka-pratīty-anusāreṇaiva tu tathā varṇitam | ātmārāmatā-rīti-darśanārtham | tad uktam—yogināṁ sāmparāya-vidhim anuśikṣayan iti [bhā.pu. 5.6.6] | ataḥ svakalevaraṁ jihāsur ity atra kaevara-śabdasya prapañca evārthaḥ | upāsanā-śāstre tasya tathā prasiddheḥ | ,इदं मनुष्याकारशरीरं हि निश्चितं दुर्विभाव्यं दुर्वितर्क्यं यत् तत्त्वं तद् एव । यत्रैव धर्मो भागवतलक्षणस् तत्रैव मे हृदयं मनः । यद् यस्मात् तद्विपरीतादिलक्षणोऽधर्मो मया पृष्ठे कृतः । ततः पराङ्मुखोऽहम् इत्य् अर्थः । अत एव वक्तुर् अस्य ऋषभदेवस्य च सर्वान्तिमलीलापि व्याजेनान्तर्धानम् एव प्राकृतलोकप्रतीत्यनुसारेणैव तु तथा वर्णितम् । आत्मारामतारीतिदर्शनार्थम् । तद् उक्तम्—योगिनां साम्परायविधिम् अनुशिक्षयन् इति [भा.पु. ५.६.६] । अतः स्वकलेवरं जिहासुर् इत्य् अत्र कएवरशब्दस्य प्रपञ्च एवार्थः । उपासनाशास्त्रे तस्य तथा प्रसिद्धेः । ,इदꣳ मनुष्याकारशरीरꣳ हि निश्चितꣳ दुर्विभाव्यꣳ दुर्वितर्क्यꣳ यत् तत्त्वꣳ तद् एव । यत्रैव धर्मो भागवतलक्षणस् तत्रैव मे हृदयꣳ मनः । यद् यस्मात् तद्विपरीतादिलक्षणोऽधर्मो मया पृष्ठे कृतः । ततः पराङ्मुखोऽहम् इत्य् अर्थः । अत एव वक्तुर् अस्य ऋषभदेवस्य च सर्वान्तिमलीलापि व्याजेनान्तर्धानम् एव प्राकृतलोकप्रतीत्यनुसारेणैव तु तथा वर्णितम् । आत्मारामतारीतिदर्शनार्थम् । तद् उक्तम्—योगिनाꣳ साम्परायविधिम् अनुशिक्षयन् इति [भा.पु. ५.६.६] । अतः स्वकलेवरꣳ जिहासुर् इत्य् अत्र कएवरशब्दस्य प्रपञ्च एवार्थः । उपासनाशास्त्रे तस्य तथा प्रसिद्धेः । 
1251,tathā—atha samīra-vega-vidhūta-veṇu-vikarṣaṇa-jātogra-dāvānalas tad vanam ālelihānaḥ saha tena dadāha [bhā.pu. 5.6.8] ity asya vāstavārthe tu tena saheti kartṛ-sāhāyye tṛtīyā | gauṇa-mukhya-nyāyena kartary eva prāthamika-pravṛtteḥ | tataś ca dāvānalas tad-vana-varti-tarv-ādi-jīvānāṁ sthūlaṁ dehaṁ dadāha | ṛṣabhadevas tu sūkṣmaṁ deham iti tasya sarva-moksadatvam anusandheyam |,तथा—अथ समीरवेगविधूतवेणुविकर्षणजातोग्रदावानलस् तद् वनम् आलेलिहानः सह तेन ददाह [भा.पु. ५.६.८] इत्य् अस्य वास्तवार्थे तु तेन सहेति कर्तृसाहाय्ये तृतीया । गौणमुख्यन्यायेन कर्तर्य् एव प्राथमिकप्रवृत्तेः । ततश् च दावानलस् तद्वनवर्तितर्वादिजीवानां स्थूलं देहं ददाह । ऋषभदेवस् तु सूक्ष्मं देहम् इति तस्य सर्वमोक्सदत्वम् अनुसन्धेयम् ।,तथा—अथ समीरवेगविधूतवेणुविकर्षणजातोग्रदावानलस् तद् वनम् आलेलिहानः सह तेन ददाह [भा.पु. ५.६.८] इत्य् अस्य वास्तवार्थे तु तेन सहेति कर्तृसाहाय्ये तृतीया । गौणमुख्यन्यायेन कर्तर्य् एव प्राथमिकप्रवृत्तेः । ततश् च दावानलस् तद्वनवर्तितर्वादिजीवानाꣳ स्थूलꣳ देहꣳ ददाह । ऋषभदेवस् तु सूक्ष्मꣳ देहम् इति तस्य सर्वमोक्सदत्वम् अनुसन्धेयम् ।
1252,sa yaiḥ spṛṣṭo’bhidṛṣṭo vā saṁviṣṭo’nugato’pi vā |,स यैः स्पृष्टोऽभिदृष्टो वा संविष्टोऽनुगतोऽपि वा ।,स यैः स्पृष्टोऽभिदृष्टो वा सꣳविष्टोऽनुगतोऽपि वा ।
1253,kosalās te yayuḥ sthānaṁ yatra gacchanti yoginaḥ || [bhā.pu. 9.11.22] itivat |,कोसलास् ते ययुः स्थानं यत्र गच्छन्ति योगिनः ॥ [भा.पु. ९.११.२२] इतिवत् ।,कोसलास् ते ययुः स्थानꣳ यत्र गच्छन्ति योगिनः ॥ [भा.पु. ९.११.२२] इतिवत् ।
1254,tato’nala-sādharmyaṁ varṇayitvā tadvad antardhānam eva tasyeti ca vyañjitam | ata eva ṛṣabha-devāvirbhāvas tṛtīyo’dhyāya ity evoktaṁ na tu taj-janmeti ||,ततोऽनलसाधर्म्यं वर्णयित्वा तद्वद् अन्तर्धानम् एव तस्येति च व्यञ्जितम् । अत एव ऋषभदेवाविर्भावस् तृतीयोऽध्याय इत्य् एवोक्तं न तु तज्जन्मेति ॥,ततोऽनलसाधर्म्यꣳ वर्णयित्वा तद्वद् अन्तर्धानम् एव तस्येति च व्यञ्जितम् । अत एव ऋषभदेवाविर्भावस् तृतीयोऽध्याय इत्य् एवोक्तꣳ न तु तज्जन्मेति ॥
1256,tad evaṁ ṛṣabhasyāpi vigrahe tādṛśatā cet kim uta svayaṁ bhagavata ity āha—,तद् एवं ऋषभस्यापि विग्रहे तादृशता चेत् किम् उत स्वयं भगवत इत्य् आह—,तद् एवꣳ ऋषभस्यापि विग्रहे तादृशता चेत् किम् उत स्वयꣳ भगवत इत्य् आह—
1263,tathaiva ca—rūpaṁ yat tad ity ādau sa tvaṁ sākṣād viṣṇur adhyātma-dīpaḥ [bhā.pu. 10.3.24] iti |,तथैव च—रूपं यत् तद् इत्य् आदौ स त्वं साक्षाद् विष्णुर् अध्यात्मदीपः [भा.पु. १०.३.२४] इति ।,तथैव च—रूपꣳ यत् तद् इत्य् आदौ स त्वꣳ साक्षाद् विष्णुर् अध्यात्मदीपः [भा.पु. १०.३.२४] इति ।
1264,"yat tat kim api rūpaṁ vastu prāhur vedāḥ | kiṁ tad vastu ? tad āha—avyaktam ity-ādi...  evambhūtaṁ kim api kārya-kalpaṁ vastu yat, sa eva sākṣād akṣi-gocaras tvaṁ viṣṇur iti | ","यत् तत् किम् अपि रूपं वस्तु प्राहुर् वेदाः । किं तद् वस्तु ? तद् आह—अव्यक्तम् इत्यादि...  एवम्भूतं किम् अपि कार्यकल्पं वस्तु यत्, स एव साक्षाद् अक्षिगोचरस् त्वं विष्णुर् इति । ","यत् तत् किम् अपि रूपꣳ वस्तु प्राहुर् वेदाः । किꣳ तद् वस्तु ? तद् आह—अव्यक्तम् इत्यादि...  एवम्भूतꣳ किम् अपि कार्यकल्पꣳ वस्तु यत्, स एव साक्षाद् अक्षिगोचरस् त्वꣳ विष्णुर् इति । "
1265,tathā ca pādme nirmāṇa-khaṇḍe śrī-bhagavantaṁ prati śrī-veda-vyāsa-vākyam—,तथा च पाद्मे निर्माणखण्डे श्रीभगवन्तं प्रति श्रीवेदव्यासवाक्यम्—,तथा च पाद्मे निर्माणखण्डे श्रीभगवन्तꣳ प्रति श्रीवेदव्यासवाक्यम्—
1266,tvām ahaṁ draṣṭum icchāmi cakṣurbhyāṁ madhusūdana |,त्वाम् अहं द्रष्टुम् इच्छामि चक्षुर्भ्यां मधुसूदन ।,त्वाम् अहꣳ द्रष्टुम् इच्छामि चक्षुर्भ्याꣳ मधुसूदन ।
1267,yat tat satyaṁ paraṁ brahma jagad-yoniṁ jagat-patim |,यत् तत् सत्यं परं ब्रह्म जगद्योनिं जगत्पतिम् ।,यत् तत् सत्यꣳ परꣳ ब्रह्म जगद्योनिꣳ जगत्पतिम् ।
1268,vadanti veda-śirasaś cākṣuṣaṁ nātha me’stu tad || [pa.pu. 5.73.13] iti |,वदन्ति वेदशिरसश् चाक्षुषं नाथ मेऽस्तु तद् ॥ [प.पु. ५.७३.१३] इति ।,वदन्ति वेदशिरसश् चाक्षुषꣳ नाथ मेऽस्तु तद् ॥ [प.पु. ५.७३.१३] इति ।
1271,atas tad-aṁśānām api tādṛśatvam āha—,अतस् तदंशानाम् अपि तादृशत्वम् आह—,अतस् तदꣳशानाम् अपि तादृशत्वम् आह—
1276,"ṭīkā ca—sarveṣāṁ mūrtimattve’py aviśeṣam āha—satya-jñāneti | satyāś ca jñāna-rūpāś ca anantāś ca ānanda-rūpāś ca | tatrāpi tad-eka-mātrā vijātīya-sambheda-rahitāḥ | tatrāpi ca eka-rasāḥ sadaika-rūpā mūrtayo yeṣāṁ te | yad vā, satya-jñānādi-mātraika-rasaṁ yad brahma, tad eva mūrtir yeṣām iti | ata eva upaniṣad ātma-jñānaṁ saiva dṛk cakṣur yeṣāṁ, teṣām api hi niścitam | aspṛṣṭa-bhūri-māhātmyāḥ na spṛṣṭaṁ sparśa-yogyaṁ bhūri māhātmyaṁ yeṣāṁ, te tathā-bhūtāḥ sarve vyadṛśyanteti | ity eṣā |","टीका च—सर्वेषां मूर्तिमत्त्वेऽप्य् अविशेषम् आह—सत्यज्ञानेति । सत्याश् च ज्ञानरूपाश् च अनन्ताश् च आनन्दरूपाश् च । तत्रापि तदेकमात्रा विजातीयसम्भेदरहिताः । तत्रापि च एकरसाः सदैकरूपा मूर्तयो येषां ते । यद् वा, सत्यज्ञानादिमात्रैकरसं यद् ब्रह्म, तद् एव मूर्तिर् येषाम् इति । अत एव उपनिषद् आत्मज्ञानं सैव दृक् चक्षुर् येषां, तेषाम् अपि हि निश्चितम् । अस्पृष्टभूरिमाहात्म्याः न स्पृष्टं स्पर्शयोग्यं भूरि माहात्म्यं येषां, ते तथाभूताः सर्वे व्यदृश्यन्तेति । इत्य् एषा ।","टीका च—सर्वेषाꣳ मूर्तिमत्त्वेऽप्य् अविशेषम् आह—सत्यज्ञानेति । सत्याश् च ज्ञानरूपाश् च अनन्ताश् च आनन्दरूपाश् च । तत्रापि तदेकमात्रा विजातीयसम्भेदरहिताः । तत्रापि च एकरसाः सदैकरूपा मूर्तयो येषाꣳ ते । यद् वा, सत्यज्ञानादिमात्रैकरसꣳ यद् ब्रह्म, तद् एव मूर्तिर् येषाम् इति । अत एव उपनिषद् आत्मज्ञानꣳ सैव दृक् चक्षुर् येषाꣳ, तेषाम् अपि हि निश्चितम् । अस्पृष्टभूरिमाहात्म्याः न स्पृष्टꣳ स्पर्शयोग्यꣳ भूरि माहात्म्यꣳ येषाꣳ, ते तथाभूताः सर्वे व्यदृश्यन्तेति । इत्य् एषा ।"
1277,"atra mātra-padaṁ tad-varṇādīnāṁ svarūpāntaraṅga-dharmatvaṁ bodhayati | na hy atrāparasminn arthe mūrti-śabdaḥ kevalātma-para iti svāminaḥ śrī-śuka-devasya vā matam, lakṣaṇāyāḥ kaṣṭa-kalpanāmayatvāt, aspṛṣṭety atra aspṛṣṭeti bhūri-māhātmyeti apīti upaniṣad-dṛg iti pada-catuṣṭayasyaiva vyastasya samastasya ca svārasya-bhaṅga-prasaṅgāt, ukta-prakārānurodhāt, te’cakṣatākṣa-viṣayaṁ sva-samādhi-bhāgyam [bhā.pu. 3.15.38] ity-ady-udāhariṣyamāṇānusārāt, sva-sukha- [bhā.pu. 12.12.69] ity-ādi śrī-śuka-hṛdaya-virodhāc ca | ","अत्र मात्रपदं तद्वर्णादीनां स्वरूपान्तरङ्गधर्मत्वं बोधयति । न ह्य् अत्रापरस्मिन्न् अर्थे मूर्तिशब्दः केवलात्मपर इति स्वामिनः श्रीशुकदेवस्य वा मतम्, लक्षणायाः कष्टकल्पनामयत्वात्, अस्पृष्टेत्य् अत्र अस्पृष्टेति भूरिमाहात्म्येति अपीति उपनिषद्दृग् इति पदचतुष्टयस्यैव व्यस्तस्य समस्तस्य च स्वारस्यभङ्गप्रसङ्गात्, उक्तप्रकारानुरोधात्, तेऽचक्षताक्षविषयं स्वसमाधिभाग्यम् [भा.पु. ३.१५.३८] इत्यद्युदाहरिष्यमाणानुसारात्, स्वसुख- [भा.पु. १२.१२.६९] इत्यादि श्रीशुकहृदयविरोधाच् च । ","अत्र मात्रपदꣳ तद्वर्णादीनाꣳ स्वरूपान्तरङ्गधर्मत्वꣳ बोधयति । न ह्य् अत्रापरस्मिन्न् अर्थे मूर्तिशब्दः केवलात्मपर इति स्वामिनः श्रीशुकदेवस्य वा मतम्, लक्षणायाः कष्टकल्पनामयत्वात्, अस्पृष्टेत्य् अत्र अस्पृष्टेति भूरिमाहात्म्येति अपीति उपनिषद्दृग् इति पदचतुष्टयस्यैव व्यस्तस्य समस्तस्य च स्वारस्यभङ्गप्रसङ्गात्, उक्तप्रकारानुरोधात्, तेऽचक्षताक्षविषयꣳ स्वसमाधिभाग्यम् [भा.पु. ३.१५.३८] इत्यद्युदाहरिष्यमाणानुसारात्, स्वसुख- [भा.पु. १२.१२.६९] इत्यादि श्रीशुकहृदयविरोधाच् च । "
1278,"ata eva viśuddha-vijñāna-ghanaṁ [bhā.pu. 10.37.20], viśuddha-jñāna-mūrtaye [bhā.pu. 10.27.21], tvayy eva nitya-sukha-bodha-tanau [bhā.pu. 10.14.22] ity-ādi-vākyāni ca na lākṣaṇikatayā kadarthanīyāni |","अत एव विशुद्धविज्ञानघनं [भा.पु. १०.३७.२०], विशुद्धज्ञानमूर्तये [भा.पु. १०.२७.२१], त्वय्य् एव नित्यसुखबोधतनौ [भा.पु. १०.१४.२२] इत्यादिवाक्यानि च न लाक्षणिकतया कदर्थनीयानि ।","अत एव विशुद्धविज्ञानघनꣳ [भा.पु. १०.३७.२०], विशुद्धज्ञानमूर्तये [भा.पु. १०.२७.२१], त्वय्य् एव नित्यसुखबोधतनौ [भा.पु. १०.१४.२२] इत्यादिवाक्यानि च न लाक्षणिकतया कदर्थनीयानि ।"
1279,"tathaiva ānanda-mūrtim upaguhya dṛśātma-labdham [bhā.pu. 10.41.25] ity ādau,","तथैव आनन्दमूर्तिम् उपगुह्य दृशात्मलब्धम् [भा।पु। १०।४१।२५] इत्य् आदौ,","तथैव आनन्दमूर्तिम् उपगुह्य दृशात्मलब्धम् [भा.पु. १०.४१.२५] इत्य् आदौ,"
1280,dorbhyāṁ stanāntara-gataṁ parirabhya kāntam ,दोर्भ्यां स्तनान्तरगतं परिरभ्य कान्तम् ,दोर्भ्याꣳ स्तनान्तरगतꣳ परिरभ्य कान्तम् 
1282,ity ādau ca darśanāliṅganābyām anyārthatvaṁ vyavacchidyate | uktaṁ ca mahāvārāhe—,इत्य् आदौ च दर्शनालिङ्गनाब्याम् अन्यार्थत्वं व्यवच्छिद्यते । उक्तं च महावाराहे—,इत्य् आदौ च दर्शनालिङ्गनाब्याम् अन्यार्थत्वꣳ व्यवच्छिद्यते । उक्तꣳ च महावाराहे—
1291,"enaṁ naumīḍya te’bhra-vapuṣe [bhā.pu. 10.14.1] ity-ādi-varṇita-rūpam avehi mat-prasāda-labdha-vidvattayaivānubhava, na tu tarkādīnāṁ vicārayety arthaḥ | evambhūto’pi māyayā kṛpayā jagad-dhitāya sarvasyāpi svātmānaṁ prati cittākarṣaṇāya dehīva jīva ivābhāti krīḍati | iva-śabdena śrī-kṛṣṇas tu jīvavat pṛthag-dehaṁ praviṣṭavān iti gamyate | ","एनं नौमीड्य तेऽभ्रवपुषे [भा.पु. १०.१४.१] इत्यादिवर्णितरूपम् अवेहि मत्प्रसादलब्धविद्वत्तयैवानुभव, न तु तर्कादीनां विचारयेत्य् अर्थः । एवम्भूतोऽपि मायया कृपया जगद्धिताय सर्वस्यापि स्वात्मानं प्रति चित्ताकर्षणाय देहीव जीव इवाभाति क्रीडति । इवशब्देन श्रीकृष्णस् तु जीववत् पृथग्देहं प्रविष्टवान् इति गम्यते । ","एनꣳ नौमीड्य तेऽभ्रवपुषे [भा.पु. १०.१४.१] इत्यादिवर्णितरूपम् अवेहि मत्प्रसादलब्धविद्वत्तयैवानुभव, न तु तर्कादीनाꣳ विचारयेत्य् अर्थः । एवम्भूतोऽपि मायया कृपया जगद्धिताय सर्वस्यापि स्वात्मानꣳ प्रति चित्ताकर्षणाय देहीव जीव इवाभाति क्रीडति । इवशब्देन श्रीकृष्णस् तु जीववत् पृथग्देहꣳ प्रविष्टवान् इति गम्यते । "
1292,ata eva śrī-vigrahasya parama-puruṣārtha-lakṣaṇatvam uktaṁ śrī-dhruveṇa—,अत एव श्रीविग्रहस्य परमपुरुषार्थलक्षणत्वम् उक्तं श्रीध्रुवेण—,अत एव श्रीविग्रहस्य परमपुरुषार्थलक्षणत्वम् उक्तꣳ श्रीध्रुवेण—
1293,satyāśiṣo hi bhagavaṁs tava pāda-padmam,सत्याशिषो हि भगवंस् तव पादपद्मम्,सत्याशिषो हि भगवꣳस् तव पादपद्मम्
1295,ṭīkā ca—he bhagavan puruṣārthaḥ paramānandaḥ sa eva mūrtir yasya tasy atava pāda-padmam āśiṣo rājyādeḥ sakāśāt satyā | āśīḥ paramārtha-phalaṁ hi niścitaṁ kasya tena prakāreṇa tvam eva puruṣārtha ity evaṁ niṣkāmatayā anubhjataḥ | ity eṣā ||,टीका च—हे भगवन् पुरुषार्थः परमानन्दः स एव मूर्तिर् यस्य तस्य् अतव पादपद्मम् आशिषो राज्यादेः सकाशात् सत्या । आशीः परमार्थफलं हि निश्चितं कस्य तेन प्रकारेण त्वम् एव पुरुषार्थ इत्य् एवं निष्कामतया अनुभ्जतः । इत्य् एषा ॥,टीका च—हे भगवन् पुरुषार्थः परमानन्दः स एव मूर्तिर् यस्य तस्य् अतव पादपद्मम् आशिषो राज्यादेः सकाशात् सत्या । आशीः परमार्थफलꣳ हि निश्चितꣳ कस्य तेन प्रकारेण त्वम् एव पुरुषार्थ इत्य् एवꣳ निष्कामतया अनुभ्जतः । इत्य् एषा ॥
1297,ataḥ śabda-pratipādyaṁ yad brahma tac chrī-vigraha evety upasaṁhāra-yogyaṁ vākyam āha—,अतः शब्दप्रतिपाद्यं यद् ब्रह्म तच् छ्रीविग्रह एवेत्य् उपसंहारयोग्यं वाक्यम् आह—,अतः शब्दप्रतिपाद्यꣳ यद् ब्रह्म तच् छ्रीविग्रह एवेत्य् उपसꣳहारयोग्यꣳ वाक्यम् आह—
1300,darśayām āsa taṁ kṣattaḥ,दर्शयाम् आस तं क्षत्तः,दर्शयाम् आस तꣳ क्षत्तः
1301,śābdaṁ brahma dadhad vapuḥ || [bhā.pu. 3.21.7],शाब्दं ब्रह्म दधद् वपुः ॥ [भा.पु. ३.२१.७],शाब्दꣳ ब्रह्म दधद् वपुः ॥ [भा.पु. ३.२१.७]
1302,tad vapur dadhat prakāśayann asau śuklākhyo bhagavān kṛte yuge vartate | tad eva śabda-pratipādyaṁ brahma parama-tattvaṁ taṁ kardamaṁ prati darśayāmāsety arthaḥ ||,तद् वपुर् दधत् प्रकाशयन्न् असौ शुक्लाख्यो भगवान् कृते युगे वर्तते । तद् एव शब्दप्रतिपाद्यं ब्रह्म परमतत्त्वं तं कर्दमं प्रति दर्शयामासेत्य् अर्थः ॥,तद् वपुर् दधत् प्रकाशयन्न् असौ शुक्लाख्यो भगवान् कृते युगे वर्तते । तद् एव शब्दप्रतिपाद्यꣳ ब्रह्म परमतत्त्वꣳ तꣳ कर्दमꣳ प्रति दर्शयामासेत्य् अर्थः ॥
1304,tad evaṁ siddhe bhagavatas tādṛśe vailakṣaṇye dṛśyatvāt ghaṭavad ity ādya-sad-anumānaṁ na sambhavati kālātyayopadiṣṭatvāt | tad etad abhipretya tasmin satyatā-puraskṛtaṁ ṣaḍ-bhāva-vikārādya-bhāvaṁ sthāpayan pūrṇa-svarūpatvam abhupagacchati |,तद् एवं सिद्धे भगवतस् तादृशे वैलक्षण्ये दृश्यत्वात् घटवद् इत्य् आद्यसदनुमानं न सम्भवति कालात्ययोपदिष्टत्वात् । तद् एतद् अभिप्रेत्य तस्मिन् सत्यतापुरस्कृतं षड्भावविकाराद्यभावं स्थापयन् पूर्णस्वरूपत्वम् अभुपगच्छति ।,तद् एवꣳ सिद्धे भगवतस् तादृशे वैलक्षण्ये दृश्यत्वात् घटवद् इत्य् आद्यसदनुमानꣳ न सम्भवति कालात्ययोपदिष्टत्वात् । तद् एतद् अभिप्रेत्य तस्मिन् सत्यतापुरस्कृतꣳ षड्भावविकाराद्यभावꣳ स्थापयन् पूर्णस्वरूपत्वम् अभुपगच्छति ।
1306,satyaḥ svayaṁ jyotir ananta ādyaḥ |,सत्यः स्वयं ज्योतिर् अनन्त आद्यः ।,सत्यः स्वयꣳ ज्योतिर् अनन्त आद्यः ।
1309,naumīḍya te [bhā.pu. 10.14.1] ity ādinā stutyatvena pratijñā-rūpo’yam abhra-vapur-ādi-lakṣaṇatvam eka eva sarveṣām ātmā paramāśrayaḥ | tad uktam—eko’si prathamam [bhā.pu. 10.14.18] iti iti ca | kṛṣṇam enam avehi tvam ātmānam akhilātmanām [bhā.pu. 10.14.55]iti ca  | yatas tvam ātmā tata eva satyaḥ | paramāśrayasya satyatām abalambyaivānyeṣāṁ satyatvāt tvayy eva satyatvasya mukhyā viśrāntir iti bhāvaḥ | tad uktam—satya-vrataṁ satya-param [bhā.pu. 10.2.26] ity ādi | ,नौमीड्य ते [भा.पु. १०.१४.१] इत्य् आदिना स्तुत्यत्वेन प्रतिज्ञारूपोऽयम् अभ्रवपुरादिलक्षणत्वम् एक एव सर्वेषाम् आत्मा परमाश्रयः । तद् उक्तम्—एकोऽसि प्रथमम् [भा.पु. १०.१४.१८] इति इति च । कृष्णम् एनम् अवेहि त्वम् आत्मानम् अखिलात्मनाम् [भा.पु. १०.१४.५५]इति च  । यतस् त्वम् आत्मा तत एव सत्यः । परमाश्रयस्य सत्यताम् अबलम्ब्यैवान्येषां सत्यत्वात् त्वय्य् एव सत्यत्वस्य मुख्या विश्रान्तिर् इति भावः । तद् उक्तम्—सत्यव्रतं सत्यपरम् [भा.पु. १०.२.२६] इत्य् आदि । ,नौमीड्य ते [भा.पु. १०.१४.१] इत्य् आदिना स्तुत्यत्वेन प्रतिज्ञारूपोऽयम् अभ्रवपुरादिलक्षणत्वम् एक एव सर्वेषाम् आत्मा परमाश्रयः । तद् उक्तम्—एकोऽसि प्रथमम् [भा.पु. १०.१४.१८] इति इति च । कृष्णम् एनम् अवेहि त्वम् आत्मानम् अखिलात्मनाम् [भा.पु. १०.१४.५५]इति च  । यतस् त्वम् आत्मा तत एव सत्यः । परमाश्रयस्य सत्यताम् अबलम्ब्यैवान्येषाꣳ सत्यत्वात् त्वय्य् एव सत्यत्वस्य मुख्या विश्रान्तिर् इति भावः । तद् उक्तम्—सत्यव्रतꣳ सत्यपरम् [भा.पु. १०.२.२६] इत्य् आदि । 
1311,satyāt satyaṁ ca govindas tasmāt satyo hi nāmataḥ || [ma.bhā. 5.68.12] ity udyama-parvaṇi ca |,सत्यात् सत्यं च गोविन्दस् तस्मात् सत्यो हि नामतः ॥ [म.भा. ५.६८.१२] इत्य् उद्यमपर्वणि च ।,सत्यात् सत्यꣳ च गोविन्दस् तस्मात् सत्यो हि नामतः ॥ [म.भा. ५.६८.१२] इत्य् उद्यमपर्वणि च ।
1312,"na ca tvayi janmādayo vikārāḥ santīty āha ādyaḥ kāraṇam | eko’si prathamam ity ādau [bhā.pu. 10.14.18] tādṛśatva-dṛṣṭeḥ | ato na janma, kintu pratyakṣatvaṁ harer janma na vikāraḥ kathañcana iti pādma-rītikam eva | ata eva skānde—","न च त्वयि जन्मादयो विकाराः सन्तीत्य् आह आद्यः कारणम् । एकोऽसि प्रथमम् इत्य् आदौ [भा.पु. १०.१४.१८] तादृशत्वदृष्टेः । अतो न जन्म, किन्तु प्रत्यक्षत्वं हरेर् जन्म न विकारः कथञ्चन इति पाद्मरीतिकम् एव । अत एव स्कान्दे—","न च त्वयि जन्मादयो विकाराः सन्तीत्य् आह आद्यः कारणम् । एकोऽसि प्रथमम् इत्य् आदौ [भा.पु. १०.१४.१८] तादृशत्वदृष्टेः । अतो न जन्म, किन्तु प्रत्यक्षत्वꣳ हरेर् जन्म न विकारः कथञ्चन इति पाद्मरीतिकम् एव । अत एव स्कान्दे—"
1313,avijñāya paraṁ deham ānandātmānam avyayam |,अविज्ञाय परं देहम् आनन्दात्मानम् अव्ययम् ।,अविज्ञाय परꣳ देहम् आनन्दात्मानम् अव्ययम् ।
1314,āropayanti janimat pañca-bhūtātmakaṁ jaḍam || iti ||,आरोपयन्ति जनिमत् पञ्चभूतात्मकं जडम् ॥ इति ॥,आरोपयन्ति जनिमत् पञ्चभूतात्मकꣳ जडम् ॥ इति ॥
1315,"ādyatve hetuḥ | puruṣaḥ puruṣākāra eva san purāṇaḥ purāpi navaḥ kāryāt pūrvam api vartamāna ity arthaḥ | śrutiś ca—ātmaivedam agra āsīt puruṣa-vidha [bṛ.ā.u. 1.4.1] iti | ata eva janmāntarāstitva-lakṣaṇaṁ vikāraṁ vārayati nityaḥ sanātana-mūrtiḥ | tathā pūrvavan madhyamākāratve’pi pūrṇa iti vṛddhim | ajasra-sukho nityam eva sukha-rūpa iti pariṇāmam | sukhasya puṁstvaṁ chāndasaṁ, vijñānam ānandaṁ brahma [bṛ.ā.u. 3.9.28] ity atrānandasya napuṁsakatvavat |","आद्यत्वे हेतुः । पुरुषः पुरुषाकार एव सन् पुराणः पुरापि नवः कार्यात् पूर्वम् अपि वर्तमान इत्य् अर्थः । श्रुतिश् च—आत्मैवेदम् अग्र आसीत् पुरुषविध [बृ.आ.उ. १.४.१] इति । अत एव जन्मान्तरास्तित्वलक्षणं विकारं वारयति नित्यः सनातनमूर्तिः । तथा पूर्ववन् मध्यमाकारत्वेऽपि पूर्ण इति वृद्धिम् । अजस्रसुखो नित्यम् एव सुखरूप इति परिणामम् । सुखस्य पुंस्त्वं छान्दसं, विज्ञानम् आनन्दं ब्रह्म [बृ.आ.उ. ३.९.२८] इत्य् अत्रानन्दस्य नपुंसकत्ववत् ।","आद्यत्वे हेतुः । पुरुषः पुरुषाकार एव सन् पुराणः पुरापि नवः कार्यात् पूर्वम् अपि वर्तमान इत्य् अर्थः । श्रुतिश् च—आत्मैवेदम् अग्र आसीत् पुरुषविध [बृ.आ.उ. १.४.१] इति । अत एव जन्मान्तरास्तित्वलक्षणꣳ विकारꣳ वारयति नित्यः सनातनमूर्तिः । तथा पूर्ववन् मध्यमाकारत्वेऽपि पूर्ण इति वृद्धिम् । अजस्रसुखो नित्यम् एव सुखरूप इति परिणामम् । सुखस्य पुꣳस्त्वꣳ छान्दसꣳ, विज्ञानम् आनन्दꣳ ब्रह्म [बृ.आ.उ. ३.९.२८] इत्य् अत्रानन्दस्य नपुꣳसकत्ववत् ।"
1316,"tathā akṣara ity apakṣayam | amṛta iti vināśam | pūrṇatve hetuḥ | ananta advaya iti deśa-kāla-pariccheda-rahitaḥ | vastu-pariccheda-rahito’pi | anyasya tac-chaktitvāt taṁ vinānavasthānāt | atrāmṛtatvopapādanāya caturvidha-kriyā-phalatvaṁ ca vārayati | tatrotpattir ādya ity anenaiva nirākṛtā | śiṣṭa-trayaṁ svayaṁjyotir nirañjana upādhito mukta iti pada-trayeṇa | tatra ca prāptiḥ kriyayā jñānena vā bhavet | kriyayā prāptir ātma-padenaiva nirākṛtā, sarva-pratyag-rūpatvāt | tathā jñānataḥ prāptiṁ vārayati | svayaṁjyotir iti | tad uktaṁ brahmāṇaṁ prati śrī-bhagavatā manīṣitānubhāvo’yaṁ mama lokāvalokanam [bhā.pu. 2.9.22] iti | ","तथा अक्षर इत्य् अपक्षयम् । अमृत इति विनाशम् । पूर्णत्वे हेतुः । अनन्त अद्वय इति देशकालपरिच्छेदरहितः । वस्तुपरिच्छेदरहितोऽपि । अन्यस्य तच्छक्तित्वात् तं विनानवस्थानात् । अत्रामृतत्वोपपादनाय चतुर्विधक्रियाफलत्वं च वारयति । तत्रोत्पत्तिर् आद्य इत्य् अनेनैव निराकृता । शिष्टत्रयं स्वयंज्योतिर् निरञ्जन उपाधितो मुक्त इति पदत्रयेण । तत्र च प्राप्तिः क्रियया ज्ञानेन वा भवेत् । क्रियया प्राप्तिर् आत्मपदेनैव निराकृता, सर्वप्रत्यग्रूपत्वात् । तथा ज्ञानतः प्राप्तिं वारयति । स्वयंज्योतिर् इति । तद् उक्तं ब्रह्माणं प्रति श्रीभगवता मनीषितानुभावोऽयं मम लोकावलोकनम् [भा.पु. २.९.२२] इति । ","तथा अक्षर इत्य् अपक्षयम् । अमृत इति विनाशम् । पूर्णत्वे हेतुः । अनन्त अद्वय इति देशकालपरिच्छेदरहितः । वस्तुपरिच्छेदरहितोऽपि । अन्यस्य तच्छक्तित्वात् तꣳ विनानवस्थानात् । अत्रामृतत्वोपपादनाय चतुर्विधक्रियाफलत्वꣳ च वारयति । तत्रोत्पत्तिर् आद्य इत्य् अनेनैव निराकृता । शिष्टत्रयꣳ स्वयꣳज्योतिर् निरञ्जन उपाधितो मुक्त इति पदत्रयेण । तत्र च प्राप्तिः क्रियया ज्ञानेन वा भवेत् । क्रियया प्राप्तिर् आत्मपदेनैव निराकृता, सर्वप्रत्यग्रूपत्वात् । तथा ज्ञानतः प्राप्तिꣳ वारयति । स्वयꣳज्योतिर् इति । तद् उक्तꣳ ब्रह्माणꣳ प्रति श्रीभगवता मनीषितानुभावोऽयꣳ मम लोकावलोकनम् [भा.पु. २.९.२२] इति । "
1317,"ṭīkā ca—etac ca mat-kṛpayaiva tvayā prāptam ity āha | manīṣitam icchā, tubhyaṁ dātavyam iti yā mamecchā tasyā anubhāvo’yam | ko’sau? tam āha—mama lokasyāvalokanaṁ yat | ity eṣā | tad uktam—nityāvyakto’pi bhagavān īkṣyate nija-śaktitaḥ | iti |","टीका च—एतच् च मत्कृपयैव त्वया प्राप्तम् इत्य् आह । मनीषितम् इच्छा, तुभ्यं दातव्यम् इति या ममेच्छा तस्या अनुभावोऽयम् । कोऽसौ? तम् आह—मम लोकस्यावलोकनं यत् । इत्य् एषा । तद् उक्तम्—नित्याव्यक्तोऽपि भगवान् ईक्ष्यते निजशक्तितः । इति ।","टीका च—एतच् च मत्कृपयैव त्वया प्राप्तम् इत्य् आह । मनीषितम् इच्छा, तुभ्यꣳ दातव्यम् इति या ममेच्छा तस्या अनुभावोऽयम् । कोऽसौ? तम् आह—मम लोकस्यावलोकनꣳ यत् । इत्य् एषा । तद् उक्तम्—नित्याव्यक्तोऽपि भगवान् ईक्ष्यते निजशक्तितः । इति ।"
1318,"nanu, śrī-bhagavatoddhavaṁ prati vāsudevo bhagavatām [bhā.pu. 11.16.29] ity ādikaṁ vibhūti-madhye gaṇayitvā sarvānte manovikārā evaite [bhā.pu. 11.16.41] ity uktam | satyam | tad-gaṇanaṁ prācurya-vivakṣayā kṣatriṇo gacchantītivat | tatraiva hi—","ननु, श्रीभगवतोद्धवं प्रति वासुदेवो भगवताम् [भा.पु. ११.१६.२९] इत्य् आदिकं विभूतिमध्ये गणयित्वा सर्वान्ते मनोविकारा एवैते [भा.पु. ११.१६.४१] इत्य् उक्तम् । सत्यम् । तद्गणनं प्राचुर्यविवक्षया क्षत्रिणो गच्छन्तीतिवत् । तत्रैव हि—","ननु, श्रीभगवतोद्धवꣳ प्रति वासुदेवो भगवताम् [भा.पु. ११.१६.२९] इत्य् आदिकꣳ विभूतिमध्ये गणयित्वा सर्वान्ते मनोविकारा एवैते [भा.पु. ११.१६.४१] इत्य् उक्तम् । सत्यम् । तद्गणनꣳ प्राचुर्यविवक्षया क्षत्रिणो गच्छन्तीतिवत् । तत्रैव हि—"
1319,pṛthivī vāyur ākāśa āpo jyotir ahaṁ mahān |,पृथिवी वायुर् आकाश आपो ज्योतिर् अहं महान् ।,पृथिवी वायुर् आकाश आपो ज्योतिर् अहꣳ महान् ।
1320,vikāraḥ puruṣo’vyaktaṁ rajaḥ sattvaṁ tamaḥ param || [bhā.pu. 11.16.37] ity atra |,विकारः पुरुषोऽव्यक्तं रजः सत्त्वं तमः परम् ॥ [भा.पु. ११.१६.३७] इत्य् अत्र ।,विकारः पुरुषोऽव्यक्तꣳ रजः सत्त्वꣳ तमः परम् ॥ [भा.पु. ११.१६.३७] इत्य् अत्र ।
1321,para-śabdena brahmāpi tan-madhye gaṇitam asti | tad evaṁ prāptir niṣiddhā | atha vikṛtir api tuṣāpākaraṇenāvadhātena vrīhīṇām ivopādhyapākareṇena bhavet | tac cāsaṅgatvān na sambhaved ity āha mukta upādhita iti | tad uktam—viśuddha-jñāna-mūrtaye [bhā.pu. 10.27.21] viśuddha-vijñāna-ghanaṁ [bhā.pu. 10.37.20] ity ādau ca | tasmān mama niśita-śarair vibhidyamāna-tvaci [bhā.pu. 1.9.34] ity-ādikaṁ tu māyika-līlā-varṇanam eva | ,परशब्देन ब्रह्मापि तन्मध्ये गणितम् अस्ति । तद् एवं प्राप्तिर् निषिद्धा । अथ विकृतिर् अपि तुषापाकरणेनावधातेन व्रीहीणाम् इवोपाध्यपाकरेणेन भवेत् । तच् चासङ्गत्वान् न सम्भवेद् इत्य् आह मुक्त उपाधित इति । तद् उक्तम्—विशुद्धज्ञानमूर्तये [भा.पु. १०.२७.२१] विशुद्धविज्ञानघनं [भा.पु. १०.३७.२०] इत्य् आदौ च । तस्मान् मम निशितशरैर् विभिद्यमानत्वचि [भा.पु. १.९.३४] इत्यादिकं तु मायिकलीलावर्णनम् एव । ,परशब्देन ब्रह्मापि तन्मध्ये गणितम् अस्ति । तद् एवꣳ प्राप्तिर् निषिद्धा । अथ विकृतिर् अपि तुषापाकरणेनावधातेन व्रीहीणाम् इवोपाध्यपाकरेणेन भवेत् । तच् चासङ्गत्वान् न सम्भवेद् इत्य् आह मुक्त उपाधित इति । तद् उक्तम्—विशुद्धज्ञानमूर्तये [भा.पु. १०.२७.२१] विशुद्धविज्ञानघनꣳ [भा.पु. १०.३७.२०] इत्य् आदौ च । तस्मान् मम निशितशरैर् विभिद्यमानत्वचि [भा.पु. १.९.३४] इत्यादिकꣳ तु मायिकलीलावर्णनम् एव । 
1322,evaṁ vadanti rājarṣe ,एवं वदन्ति राजर्षे ,एवꣳ वदन्ति राजर्षे 
1325,na nūnaṁ te samaranty anu || [bhā.pu. 10.77.30] ity ādi nyāyena vāstavatva-virodhāt | ,न नूनं ते समरन्त्य् अनु ॥ [भा.पु. १०.७७.३०] इत्य् आदि न्यायेन वास्तवत्वविरोधात् । ,न नूनꣳ ते समरन्त्य् अनु ॥ [भा.पु. १०.७७.३०] इत्य् आदि न्यायेन वास्तवत्वविरोधात् । 
1331,śrī-bhīṣmasya yuddha-samaye daityāviṣṭatvāt tathā bhānaṁ yuktam eveti | kintv adhunā duḥsvapna-duḥkhasyeva tasya nivedanaṁ kṛtam iti jñeyam | saṁskāro’pi kim atiśayādhānena malāpākāreṇa vā | tatrātiśayādhānaṁ pūrṇatvenaiva nirākṛtam | malāpakaraṇaṁ vārayati nirañjanaḥ nirmalaḥ viśuddha-jñāna-mūrtir ity arthaḥ ||,श्रीभीष्मस्य युद्धसमये दैत्याविष्टत्वात् तथा भानं युक्तम् एवेति । किन्त्व् अधुना दुःस्वप्नदुःखस्येव तस्य निवेदनं कृतम् इति ज्ञेयम् । संस्कारोऽपि किम् अतिशयाधानेन मलापाकारेण वा । तत्रातिशयाधानं पूर्णत्वेनैव निराकृतम् । मलापकरणं वारयति निरञ्जनः निर्मलः विशुद्धज्ञानमूर्तिर् इत्य् अर्थः ॥,श्रीभीष्मस्य युद्धसमये दैत्याविष्टत्वात् तथा भानꣳ युक्तम् एवेति । किन्त्व् अधुना दुःस्वप्नदुःखस्येव तस्य निवेदनꣳ कृतम् इति ज्ञेयम् । सꣳस्कारोऽपि किम् अतिशयाधानेन मलापाकारेण वा । तत्रातिशयाधानꣳ पूर्णत्वेनैव निराकृतम् । मलापकरणꣳ वारयति निरञ्जनः निर्मलः विशुद्धज्ञानमूर्तिर् इत्य् अर्थः ॥
1333,"tad evaṁ pūrvaṁ tad-aiśvaryādīnāṁ svarūpa-bhūtatvaṁ sādhitaṁ tac ca teṣāṁ svarūpāntaraṅga-dharmatvād yuktam | yathā jyotir antaraṅga-dharmānāṁ tadīya-śuklādi-guṇānāṁ jyotir-bhūtatvam eva, na tama ādirūpatvaṁ tadvat |","तद् एवं पूर्वं तदैश्वर्यादीनां स्वरूपभूतत्वं साधितं तच् च तेषां स्वरूपान्तरङ्गधर्मत्वाद् युक्तम् । यथा ज्योतिर् अन्तरङ्गधर्मानां तदीयशुक्लादिगुणानां ज्योतिर्भूतत्वम् एव, न तम आदिरूपत्वं तद्वत् ।","तद् एवꣳ पूर्वꣳ तदैश्वर्यादीनाꣳ स्वरूपभूतत्वꣳ साधितꣳ तच् च तेषाꣳ स्वरूपान्तरङ्गधर्मत्वाद् युक्तम् । यथा ज्योतिर् अन्तरङ्गधर्मानाꣳ तदीयशुक्लादिगुणानाꣳ ज्योतिर्भूतत्वम् एव, न तम आदिरूपत्वꣳ तद्वत् ।"
1334,"atha śrī-vigrahasya pūrṇa-svarūpa-lakṣaṇatvaṁ tadvat | atha śrī-vigrahasya pūrṇa-svarūpa-lakṣaṇatvaṁ sādhitaṁ, tac ca yuktam, sarva-śakti-yukta-parama-vastv-eka-rūpatvāt tasya | tatra yo nijāntaraṅga-nitya-dharmaḥ śrī-vigrahatāgamas tat tat saṁsthāna-lakṣaṇas tad viśiṣṭaṁ paramānanda-lakṣaṇaṁ vastv eva śrī-vigrahaḥ | sa eva cāntaraṅga-dharmāntarāṇāṁ, aiśvaryādīnām api nityāśrayatvāt svayaṁ bhagavān, yathā śuddha-khaṇḍa-laḍḍukam | yato yathā laḍḍukatāgamaka-saṁsthāna-viśiṣṭa-khaṇḍam eva laḍḍukaṁ tad eva khaṇḍa-svābhāvika-saugandhyādimac ceti lokaiḥ pratīyate prayujyate ca tathā rūpaṁ yad etat [bhā.pu. 3.9.2] ity ādiṣu paraṁ tattvam eva śrī-vigrahaḥ sa eva ca bhagavān iti vidvadbhiḥ pratīyate prayujyate caiveti |","अथ श्रीविग्रहस्य पूर्णस्वरूपलक्षणत्वं तद्वत् । अथ श्रीविग्रहस्य पूर्णस्वरूपलक्षणत्वं साधितं, तच् च युक्तम्, सर्वशक्तियुक्तपरमवस्त्वेकरूपत्वात् तस्य । तत्र यो निजान्तरङ्गनित्यधर्मः श्रीविग्रहतागमस् तत् तत् संस्थानलक्षणस् तद् विशिष्टं परमानन्दलक्षणं वस्त्व् एव श्रीविग्रहः । स एव चान्तरङ्गधर्मान्तराणां, ऐश्वर्यादीनाम् अपि नित्याश्रयत्वात् स्वयं भगवान्, यथा शुद्धखण्डलड्डुकम् । यतो यथा लड्डुकतागमकसंस्थानविशिष्टखण्डम् एव लड्डुकं तद् एव खण्डस्वाभाविकसौगन्ध्यादिमच् चेति लोकैः प्रतीयते प्रयुज्यते च तथा रूपं यद् एतत् [भा.पु. ३.९.२] इत्य् आदिषु परं तत्त्वम् एव श्रीविग्रहः स एव च भगवान् इति विद्वद्भिः प्रतीयते प्रयुज्यते चैवेति ।","अथ श्रीविग्रहस्य पूर्णस्वरूपलक्षणत्वꣳ तद्वत् । अथ श्रीविग्रहस्य पूर्णस्वरूपलक्षणत्वꣳ साधितꣳ, तच् च युक्तम्, सर्वशक्तियुक्तपरमवस्त्वेकरूपत्वात् तस्य । तत्र यो निजान्तरङ्गनित्यधर्मः श्रीविग्रहतागमस् तत् तत् सꣳस्थानलक्षणस् तद् विशिष्टꣳ परमानन्दलक्षणꣳ वस्त्व् एव श्रीविग्रहः । स एव चान्तरङ्गधर्मान्तराणाꣳ, ऐश्वर्यादीनाम् अपि नित्याश्रयत्वात् स्वयꣳ भगवान्, यथा शुद्धखण्डलड्डुकम् । यतो यथा लड्डुकतागमकसꣳस्थानविशिष्टखण्डम् एव लड्डुकꣳ तद् एव खण्डस्वाभाविकसौगन्ध्यादिमच् चेति लोकैः प्रतीयते प्रयुज्यते च तथा रूपꣳ यद् एतत् [भा.पु. ३.९.२] इत्य् आदिषु परꣳ तत्त्वम् एव श्रीविग्रहः स एव च भगवान् इति विद्वद्भिः प्रतीयते प्रयुज्यते चैवेति ।"
1335,"tad evaṁ śrī-vigrahasya pūrṇa-svarūpatvaṁ sādhayitvā, to-poṣaṇārthaṁ prakaraṇāntaram ārabhyate | yāvat pārṣada-nirūpaṇam | tatra paricchadānāṁ tat-svarūpa-bhūtatve tad-aṅga-sahitatayaivāvirbhāva-darśana-rūpaṁ liṅgam āha dvayena—","तद् एवं श्रीविग्रहस्य पूर्णस्वरूपत्वं साधयित्वा, तोपोषणार्थं प्रकरणान्तरम् आरभ्यते । यावत् पार्षदनिरूपणम् । तत्र परिच्छदानां तत्स्वरूपभूतत्वे तदङ्गसहिततयैवाविर्भावदर्शनरूपं लिङ्गम् आह द्वयेन—","तद् एवꣳ श्रीविग्रहस्य पूर्णस्वरूपत्वꣳ साधयित्वा, तोपोषणार्थꣳ प्रकरणान्तरम् आरभ्यते । यावत् पार्षदनिरूपणम् । तत्र परिच्छदानाꣳ तत्स्वरूपभूतत्वे तदङ्गसहिततयैवाविर्भावदर्शनरूपꣳ लिङ्गम् आह द्वयेन—"
1336,tam adbhutaṁ bālakam ambujekṣaṇaṁ,तम् अद्भुतं बालकम् अम्बुजेक्षणं,तम् अद्भुतꣳ बालकम् अम्बुजेक्षणꣳ
1337,catur-bhujaṁ śaṅkha-gadādy-udāyudham | [bhā.pu. 10.3.9] ity ādi ||,चतुर्भुजं शङ्खगदाद्युदायुधम् । [भा.पु. १०.३.९] इत्य् आदि ॥,चतुर्भुजꣳ शङ्खगदाद्युदायुधम् । [भा.पु. १०.३.९] इत्य् आदि ॥
1340,yathaikātmyānubhāvānāṁ,यथैकात्म्यानुभावानां,यथैकात्म्यानुभावानाꣳ
1348,"aikātmyānubhāvānāṁ kevala-parama-svarūpa-dṛṣṭi-parāṇāṁ vikalpa-rahitaḥ paramānandaika-rasa-parama-svarūpatayā sphurann api, yathā yena prakāreṇa, sveṣu sva-svāmitayā bhajatsu yā māyā kṛpā, tayā hetunā, svayaṁ vicitra-śakti-mayena svarūpeṇaiva kāraṇa-bhūtena bhūṣaṇādy-ākhyāḥ śaktīḥ śakti-mayāvirbhāvāt dhatte gocarayati | tenaiva vidvad-anubhava-lakṣaṇena satya-pramāṇena, tad yadi satyaṁ syāt, tadety arthaḥ | tair eva bhūṣaṇādi-lakṣaṇaiḥ sarvaiḥ svarūpair vicitra-svarūpāvirbhāvair naḥ pātu | ","ऐकात्म्यानुभावानां केवलपरमस्वरूपदृष्टिपराणां विकल्परहितः परमानन्दैकरसपरमस्वरूपतया स्फुरन्न् अपि, यथा येन प्रकारेण, स्वेषु स्वस्वामितया भजत्सु या माया कृपा, तया हेतुना, स्वयं विचित्रशक्तिमयेन स्वरूपेणैव कारणभूतेन भूषणाद्याख्याः शक्तीः शक्तिमयाविर्भावात् धत्ते गोचरयति । तेनैव विद्वदनुभवलक्षणेन सत्यप्रमाणेन, तद् यदि सत्यं स्यात्, तदेत्य् अर्थः । तैर् एव भूषणादिलक्षणैः सर्वैः स्वरूपैर् विचित्रस्वरूपाविर्भावैर् नः पातु । ","ऐकात्म्यानुभावानाꣳ केवलपरमस्वरूपदृष्टिपराणाꣳ विकल्परहितः परमानन्दैकरसपरमस्वरूपतया स्फुरन्न् अपि, यथा येन प्रकारेण, स्वेषु स्वस्वामितया भजत्सु या माया कृपा, तया हेतुना, स्वयꣳ विचित्रशक्तिमयेन स्वरूपेणैव कारणभूतेन भूषणाद्याख्याः शक्तीः शक्तिमयाविर्भावात् धत्ते गोचरयति । तेनैव विद्वदनुभवलक्षणेन सत्यप्रमाणेन, तद् यदि सत्यꣳ स्यात्, तदेत्य् अर्थः । तैर् एव भूषणादिलक्षणैः सर्वैः स्वरूपैर् विचित्रस्वरूपाविर्भावैर् नः पातु । "
1349,ata eva śrī-viṣṇu-dharme bali-kṛta-cakra-stave—yasya rūpam anirdeśyam api yogibhir uttamair ity-ādi | tad-anantaraṁ ca—,अत एव श्रीविष्णुधर्मे बलिकृतचक्रस्तवे—यस्य रूपम् अनिर्देश्यम् अपि योगिभिर् उत्तमैर् इत्यादि । तदनन्तरं च—,अत एव श्रीविष्णुधर्मे बलिकृतचक्रस्तवे—यस्य रूपम् अनिर्देश्यम् अपि योगिभिर् उत्तमैर् इत्यादि । तदनन्तरꣳ च—
1351,trailokyam akhilaṁ daityo dṛṣṭavān bhūr bhuvādikam || iti ||,त्रैलोक्यम् अखिलं दैत्यो दृष्टवान् भूर् भुवादिकम् ॥ इति ॥,त्रैलोक्यम् अखिलꣳ दैत्यो दृष्टवान् भूर् भुवादिकम् ॥ इति ॥
1352,"tad evam eva navame [9.5.3-11] śrīmad-ambarīṣeṇāpi cakram idaṁ stutam asti | liṅgāni garuḍākāra-dhvajādīni | anena yat kvacid ākasmikatvam iva śrūyate, tad api śrī-bhagavad-āvirbhāvavaj jñeyam | ","तद् एवम् एव नवमे [९.५.३-११] श्रीमदम्बरीषेणापि चक्रम् इदं स्तुतम् अस्ति । लिङ्गानि गरुडाकारध्वजादीनि । अनेन यत् क्वचिद् आकस्मिकत्वम् इव श्रूयते, तद् अपि श्रीभगवदाविर्भाववज् ज्ञेयम् । ","तद् एवम् एव नवमे [९.५.३-११] श्रीमदम्बरीषेणापि चक्रम् इदꣳ स्तुतम् अस्ति । लिङ्गानि गरुडाकारध्वजादीनि । अनेन यत् क्वचिद् आकस्मिकत्वम् इव श्रूयते, तद् अपि श्रीभगवदाविर्भाववज् ज्ञेयम् । "
1353,atra tṛtīye caityasya tattvam amalaṁ maṇim asya kaṇṭhe [bhā.pu. 3.28.28] ity api sahāyam | ato dvādaśe’pi kaustubha-vyapadeśena svātma-jyotir bibharty ajaḥ [bhā.pu. 12.11.10] ity-ādikaṁ virāḍ-gatatvenopāsanārtham abheda-dṛṣṭyā darśitam eva yathā-sambhavaṁ sākṣāc chrī-vigrahatvenāpy anusandheyam | tathā hi śrī-viṣṇu-purāṇe—,अत्र तृतीये चैत्यस्य तत्त्वम् अमलं मणिम् अस्य कण्ठे [भा.पु. ३.२८.२८] इत्य् अपि सहायम् । अतो द्वादशेऽपि कौस्तुभव्यपदेशेन स्वात्मज्योतिर् बिभर्त्य् अजः [भा.पु. १२.११.१०] इत्यादिकं विराड्गतत्वेनोपासनार्थम् अभेददृष्ट्या दर्शितम् एव यथासम्भवं साक्षाच् छ्रीविग्रहत्वेनाप्य् अनुसन्धेयम् । तथा हि श्रीविष्णुपुराणे—,अत्र तृतीये चैत्यस्य तत्त्वम् अमलꣳ मणिम् अस्य कण्ठे [भा.पु. ३.२८.२८] इत्य् अपि सहायम् । अतो द्वादशेऽपि कौस्तुभव्यपदेशेन स्वात्मज्योतिर् बिभर्त्य् अजः [भा.पु. १२.११.१०] इत्यादिकꣳ विराड्गतत्वेनोपासनार्थम् अभेददृष्ट्या दर्शितम् एव यथासम्भवꣳ साक्षाच् छ्रीविग्रहत्वेनाप्य् अनुसन्धेयम् । तथा हि श्रीविष्णुपुराणे—
1355,bibharti kaustubha-maṇi-svarūpaṁ bhagavān harir || [vi.pu. 1.22.68] iti ||,बिभर्ति कौस्तुभमणिस्वरूपं भगवान् हरिर् ॥ [वि.पु. १.२२.६८] इति ॥,बिभर्ति कौस्तुभमणिस्वरूपꣳ भगवान् हरिर् ॥ [वि.पु. १.२२.६८] इति ॥
1357,"atha śrī-vaikuṇṭha-lokasyāpi tādṛśatvaṁ tasmai sva-lokaṁ bhagavān sabhājitaḥ [bhā.pu. 2.9.9] ity atra sādhitam eva | punar api durdhiyāṁ pratīty-arthaṁ sādhyate | yataḥ, ","अथ श्रीवैकुण्ठलोकस्यापि तादृशत्वं तस्मै स्वलोकं भगवान् सभाजितः [भा.पु. २.९.९] इत्य् अत्र साधितम् एव । पुनर् अपि दुर्धियां प्रतीत्यर्थं साध्यते । यतः, ","अथ श्रीवैकुण्ठलोकस्यापि तादृशत्वꣳ तस्मै स्वलोकꣳ भगवान् सभाजितः [भा.पु. २.९.९] इत्य् अत्र साधितम् एव । पुनर् अपि दुर्धियाꣳ प्रतीत्यर्थꣳ साध्यते । यतः, "
1360,"taṁ labdhavatām askhalana-guṇa-sātmyena stūyate (51, 52), ","तं लब्धवताम् अस्खलनगुणसात्म्येन स्तूयते (५१, ५२), ","तꣳ लब्धवताम् अस्खलनगुणसात्म्येन स्तूयते (५१, ५२), "
1368,devānām eka āsīt svar-bhūtānāṁ ca bhuvaḥ padam |,देवानाम् एक आसीत् स्वर्भूतानां च भुवः पदम् ।,देवानाम् एक आसीत् स्वर्भूतानाꣳ च भुवः पदम् ।
1369,martyādīnāṁ ca bhūr-lokaḥ siddhānāṁ tritayāt param ||,मर्त्यादीनां च भूर्लोकः सिद्धानां त्रितयात् परम् ॥,मर्त्यादीनाꣳ च भूर्लोकः सिद्धानाꣳ त्रितयात् परम् ॥
1370,adho’surāṇāṁ nāgānāṁ bhūmer eko’sṛjata prabhuḥ |,अधोऽसुराणां नागानां भूमेर् एकोऽसृजत प्रभुः ।,अधोऽसुराणाꣳ नागानाꣳ भूमेर् एकोऽसृजत प्रभुः ।
1371,trilokyāṁ gatayaḥ sarvāḥ karmaṇāṁ triguṇātmanām ||,त्रिलोक्यां गतयः सर्वाः कर्मणां त्रिगुणात्मनाम् ॥,त्रिलोक्याꣳ गतयः सर्वाः कर्मणाꣳ त्रिगुणात्मनाम् ॥
1373,mahar-janas-tapaḥ-satyaṁ bhakti-yogasya mad-gatiḥ || ,महर्जनस्तपःसत्यं भक्तियोगस्य मद्गतिः ॥ ,महर्जनस्तपःसत्यꣳ भक्तियोगस्य मद्गतिः ॥ 
1374,[bhā.pu. 11.24.12-14],[भा।पु। ११।२४।१२-१४],[भा.पु. ११.२४.१२-१४]
1375,"siddhānāṁ yogādibhiḥ tritayāt paraṁ mahar-lokādi || bhūmer adhaś cātalādi | trilokyāṁ pātālādika-bhūrbhuvaḥ svaś ceti | karmaṇāṁ gārhasthya-dharmāṇāṁ tapo vānaprasthena brahmacaryaṁ ca | tatra brahmacaryeṇopakurvāṇa-naiṣṭhika-bhedena kramān mahar-janaś ca, vānasthena tapaḥ, nyāsena satyaṁ, yoga-tāratamyena tu sarvam iti jñeyam | mad-gatiḥ śrī-vaikuṇṭha-lokaḥ bhakti-yoga-prāpyatvena vakṣyamāṇaḥ, yan na vrajanti [bhā.pu. 3.15.23] ity ādi-vākya-sāhāyyāt loka-prakaraṇāc ca | uktaṁ ca tṛtīye devān prati brahmaṇaiva tat-saṅkulaṁ hari-padān atimātra-dṛṣṭaiḥ [bhā.pu. 3.15.20] ity-ādi | ṭīkā ca—punar vaikuṇṭham eva viśinaṣṭi | yat saṅkulaṁ vyāptaṁ bhavati | kaiḥ ? hari-padayor ānatiḥ praṇāmas tāvan-mātreṇa dṛṣṭair bhaktānāṁ vimānair na karmādi-prāpyaiḥ | ity eṣā |","सिद्धानां योगादिभिः त्रितयात् परं महर्लोकादि ॥ भूमेर् अधश् चातलादि । त्रिलोक्यां पातालादिकभूर्भुवः स्वश् चेति । कर्मणां गार्हस्थ्यधर्माणां तपो वानप्रस्थेन ब्रह्मचर्यं च । तत्र ब्रह्मचर्येणोपकुर्वाणनैष्ठिकभेदेन क्रमान् महर्जनश् च, वानस्थेन तपः, न्यासेन सत्यं, योगतारतम्येन तु सर्वम् इति ज्ञेयम् । मद्गतिः श्रीवैकुण्ठलोकः भक्तियोगप्राप्यत्वेन वक्ष्यमाणः, यन् न व्रजन्ति [भा.पु. ३.१५.२३] इत्य् आदिवाक्यसाहाय्यात् लोकप्रकरणाच् च । उक्तं च तृतीये देवान् प्रति ब्रह्मणैव तत्सङ्कुलं हरिपदान् अतिमात्रदृष्टैः [भा.पु. ३.१५.२०] इत्यादि । टीका च—पुनर् वैकुण्ठम् एव विशिनष्टि । यत् सङ्कुलं व्याप्तं भवति । कैः ? हरिपदयोर् आनतिः प्रणामस् तावन्मात्रेण दृष्टैर् भक्तानां विमानैर् न कर्मादिप्राप्यैः । इत्य् एषा ।","सिद्धानाꣳ योगादिभिः त्रितयात् परꣳ महर्लोकादि ॥ भूमेर् अधश् चातलादि । त्रिलोक्याꣳ पातालादिकभूर्भुवः स्वश् चेति । कर्मणाꣳ गार्हस्थ्यधर्माणाꣳ तपो वानप्रस्थेन ब्रह्मचर्यꣳ च । तत्र ब्रह्मचर्येणोपकुर्वाणनैष्ठिकभेदेन क्रमान् महर्जनश् च, वानस्थेन तपः, न्यासेन सत्यꣳ, योगतारतम्येन तु सर्वम् इति ज्ञेयम् । मद्गतिः श्रीवैकुण्ठलोकः भक्तियोगप्राप्यत्वेन वक्ष्यमाणः, यन् न व्रजन्ति [भा.पु. ३.१५.२३] इत्य् आदिवाक्यसाहाय्यात् लोकप्रकरणाच् च । उक्तꣳ च तृतीये देवान् प्रति ब्रह्मणैव तत्सङ्कुलꣳ हरिपदान् अतिमात्रदृष्टैः [भा.पु. ३.१५.२०] इत्यादि । टीका च—पुनर् वैकुण्ठम् एव विशिनष्टि । यत् सङ्कुलꣳ व्याप्तꣳ भवति । कैः ? हरिपदयोर् आनतिः प्रणामस् तावन्मात्रेण दृष्टैर् भक्तानाꣳ विमानैर् न कर्मादिप्राप्यैः । इत्य् एषा ।"
1376,"evam eva śrutiś ca—parīkṣya lokān karma-citān brāhmaṇo nirvedam āyān nāstyakṛtaḥ kṛtena [mu.u. 1.2.12] iti | atrāpy akṛta ity asya viśeṣyaṁ loka ity eva, tat-prasakteḥ | ","एवम् एव श्रुतिश् च—परीक्ष्य लोकान् कर्मचितान् ब्राह्मणो निर्वेदम् आयान् नास्त्यकृतः कृतेन [मु.उ. १.२.१२] इति । अत्राप्य् अकृत इत्य् अस्य विशेष्यं लोक इत्य् एव, तत्प्रसक्तेः । ","एवम् एव श्रुतिश् च—परीक्ष्य लोकान् कर्मचितान् ब्राह्मणो निर्वेदम् आयान् नास्त्यकृतः कृतेन [मु.उ. १.२.१२] इति । अत्राप्य् अकृत इत्य् अस्य विशेष्यꣳ लोक इत्य् एव, तत्प्रसक्तेः । "
1377,"īśvaraḥ sarva-bhūtānām [gītā 18.61] ity ādau,","ईश्वरः सर्वभूतानाम् [गीता १८।६१] इत्य् आदौ,","ईश्वरः सर्वभूतानाम् [गीता १८.६१] इत्य् आदौ,"
1378,tam eva śaraṇaṁ gaccha sarva-bhāvena bhārata |,तम् एव शरणं गच्छ सर्वभावेन भारत ।,तम् एव शरणꣳ गच्छ सर्वभावेन भारत ।
1379,tat-prasādāt parāṁ śāntiṁ sthānaṁ prāpsyasi śāśvatam || ,तत्प्रसादात् परां शान्तिं स्थानं प्राप्स्यसि शाश्वतम् ॥ ,तत्प्रसादात् पराꣳ शान्तिꣳ स्थानꣳ प्राप्स्यसि शाश्वतम् ॥ 
1384,viriñcatām eti tataḥ paraṁ hi mām |,विरिञ्चताम् एति ततः परं हि माम् ।,विरिञ्चताम् एति ततः परꣳ हि माम् ।
1385,avyākṛtaṁ bhāgavato’tha vaiṣṇavaṁ,अव्याकृतं भागवतोऽथ वैष्णवं,अव्याकृतꣳ भागवतोऽथ वैष्णवꣳ
1386,padaṁ yathāhaṁ vibudhāḥ kalātyaye || [bhā.pu. 4.24.29],पदं यथाहं विबुधाः कलात्यये ॥ [भा.पु. ४.२४.२९],पदꣳ यथाहꣳ विबुधाः कलात्यये ॥ [भा.पु. ४.२४.२९]
1387,"tato’pi puṇyātiśayena mām eti, bhāgavatas tu atha dehānte avyākṛtaṁ, nāma-rūpe vyākaravāṇi [chā.u. 6.3.2] iti śruti-prasiddha-vyākaraṇāviṣayaṁ prapañcātītaṁ vaiṣṇavaṁ padaṁ vaikuṇṭham eti | yathāhaṁ rudro bhūtvādhikārikatayā vartamānaḥ, vibudhā devāś cādhikārikāḥ kalātyaye adhikārānte liṅga-bhaṅge saty eṣyantīti, yāvad adhikāram avasthitir ādhikārikāṇām [ve.sū. 3.3.33] iti nyāyena ||29||","ततोऽपि पुण्यातिशयेन माम् एति, भागवतस् तु अथ देहान्ते अव्याकृतं, नामरूपे व्याकरवाणि [छा.उ. ६.३.२] इति श्रुतिप्रसिद्धव्याकरणाविषयं प्रपञ्चातीतं वैष्णवं पदं वैकुण्ठम् एति । यथाहं रुद्रो भूत्वाधिकारिकतया वर्तमानः, विबुधा देवाश् चाधिकारिकाः कलात्यये अधिकारान्ते लिङ्गभङ्गे सत्य् एष्यन्तीति, यावद् अधिकारम् अवस्थितिर् आधिकारिकाणाम् [वे.सू. ३.३.३३] इति न्यायेन ॥२९॥","ततोऽपि पुण्यातिशयेन माम् एति, भागवतस् तु अथ देहान्ते अव्याकृतꣳ, नामरूपे व्याकरवाणि [छा.उ. ६.३.२] इति श्रुतिप्रसिद्धव्याकरणाविषयꣳ प्रपञ्चातीतꣳ वैष्णवꣳ पदꣳ वैकुण्ठम् एति । यथाहꣳ रुद्रो भूत्वाधिकारिकतया वर्तमानः, विबुधा देवाश् चाधिकारिकाः कलात्यये अधिकारान्ते लिङ्गभङ्गे सत्य् एष्यन्तीति, यावद् अधिकारम् अवस्थितिर् आधिकारिकाणाम् [वे.सू. ३.३.३३] इति न्यायेन ॥२९॥"
1390,atho vibhūtiṁ mama māyayācitām,अथो विभूतिं मम माययाचिताम्,अथो विभूतिꣳ मम माययाचिताम्
1392,śriyaṁ bhāgavatīṁ vāspṛhayanti bhadrāṁ,श्रियं भागवतीं वास्पृहयन्ति भद्रां,श्रियꣳ भागवतीꣳ वास्पृहयन्ति भद्राꣳ
1396,yeṣām ahaṁ priya ātmā sutaś ca,येषाम् अहं प्रिय आत्मा सुतश् च,येषाम् अहꣳ प्रिय आत्मा सुतश् च
1398,"atho’vidyā-nivṛtty-anantaraṁ mama māyayā bhakta-viṣayaka-kṛpayā ācitāṁ tad-arthaṁ prakaṭitāṁ vibhūtiṁ bhoga-sampattim, tathāṇimādy-aṣṭaiśvaryam anupravṛttam svabhāva-siddhaṁ, tathā bhāgavatīṁ śriyaṁ sākṣād-bhagavat-sambandhinīṁ sārṣṭi-saṁjñāṁ sampattim api aspṛhayanti, bhakti-sukha-mātrābhilāṣeṇa | yadyapi tebhyo na spṛhayantīty arthaḥ, tathāpi te me mama loke vaikuṇṭhākhye aśnuvate prāpnuvanty eveti sva-vātsala-viśeṣo darśitaḥ | yathā sudāma-mālākāra-vare,","अथोऽविद्यानिवृत्त्यनन्तरं मम मायया भक्तविषयककृपया आचितां तदर्थं प्रकटितां विभूतिं भोगसम्पत्तिम्, तथाणिमाद्यष्टैश्वर्यम् अनुप्रवृत्तम् स्वभावसिद्धं, तथा भागवतीं श्रियं साक्षाद्भगवत्सम्बन्धिनीं सार्ष्टिसंज्ञां सम्पत्तिम् अपि अस्पृहयन्ति, भक्तिसुखमात्राभिलाषेण । यद्यपि तेभ्यो न स्पृहयन्तीत्य् अर्थः, तथापि ते मे मम लोके वैकुण्ठाख्ये अश्नुवते प्राप्नुवन्त्य् एवेति स्ववात्सलविशेषो दर्शितः । यथा सुदाममालाकारवरे,","अथोऽविद्यानिवृत्त्यनन्तरꣳ मम मायया भक्तविषयककृपया आचिताꣳ तदर्थꣳ प्रकटिताꣳ विभूतिꣳ भोगसम्पत्तिम्, तथाणिमाद्यष्टैश्वर्यम् अनुप्रवृत्तम् स्वभावसिद्धꣳ, तथा भागवतीꣳ श्रियꣳ साक्षाद्भगवत्सम्बन्धिनीꣳ सार्ष्टिसꣳज्ञाꣳ सम्पत्तिम् अपि अस्पृहयन्ति, भक्तिसुखमात्राभिलाषेण । यद्यपि तेभ्यो न स्पृहयन्तीत्य् अर्थः, तथापि ते मे मम लोके वैकुण्ठाख्ये अश्नुवते प्राप्नुवन्त्य् एवेति स्ववात्सलविशेषो दर्शितः । यथा सुदाममालाकारवरे,"
1399,so’pi vavre’calāṁ bhaktiṁ tasminn evākhilātmani |,सोऽपि वव्रेऽचलां भक्तिं तस्मिन्न् एवाखिलात्मनि ।,सोऽपि वव्रेऽचलाꣳ भक्तिꣳ तस्मिन्न् एवाखिलात्मनि ।
1400,tad-bhakteṣu ca sauhārdaṁ bhūteṣu ca dayāṁ parām |,तद्भक्तेषु च सौहार्दं भूतेषु च दयां पराम् ।,तद्भक्तेषु च सौहार्दꣳ भूतेषु च दयाꣳ पराम् ।
1402,"atas teṣāṁ tatrānāsaktiś ca dyotitā | “avidyā-nivṛtty-anantaram” iti “mama kṛpayācitām” iti ca teṣām anartha-rūpatvaṁ khaṇḍitam | kiṁ vā, māyayācitāṁ brahma-lokādi-gatāṁ sampattim apīti teṣāṁ sarva-vaśīkāritvam eva darśitaṁ, na tu tad-bhogaḥ | tasyāti-tucchatvena teṣv anarhatvāt | śrutiś cātra—tad yatheha karma-jito lokaḥ kṣīyate evam evāmutra puṇya-jito lokaḥ kṣīyate [chā.u. 8.1.6] ity anantaraṁ atha ya ihātmānam anuvidya vrajanty etāṁś ca satya-kāmāṁs teṣāṁ sarveṣu lokeṣu kāma-cāro bhavati iti |","अतस् तेषां तत्रानासक्तिश् च द्योतिता । “अविद्यानिवृत्त्यनन्तरम्” इति “मम कृपयाचिताम्” इति च तेषाम् अनर्थरूपत्वं खण्डितम् । किं वा, माययाचितां ब्रह्मलोकादिगतां सम्पत्तिम् अपीति तेषां सर्ववशीकारित्वम् एव दर्शितं, न तु तद्भोगः । तस्यातितुच्छत्वेन तेष्व् अनर्हत्वात् । श्रुतिश् चात्र—तद् यथेह कर्मजितो लोकः क्षीयते एवम् एवामुत्र पुण्यजितो लोकः क्षीयते [छा.उ. ८.१.६] इत्य् अनन्तरं अथ य इहात्मानम् अनुविद्य व्रजन्त्य् एतांश् च सत्यकामांस् तेषां सर्वेषु लोकेषु कामचारो भवति इति ।","अतस् तेषाꣳ तत्रानासक्तिश् च द्योतिता । “अविद्यानिवृत्त्यनन्तरम्” इति “मम कृपयाचिताम्” इति च तेषाम् अनर्थरूपत्वꣳ खण्डितम् । किꣳ वा, माययाचिताꣳ ब्रह्मलोकादिगताꣳ सम्पत्तिम् अपीति तेषाꣳ सर्ववशीकारित्वम् एव दर्शितꣳ, न तु तद्भोगः । तस्यातितुच्छत्वेन तेष्व् अनर्हत्वात् । श्रुतिश् चात्र—तद् यथेह कर्मजितो लोकः क्षीयते एवम् एवामुत्र पुण्यजितो लोकः क्षीयते [छा.उ. ८.१.६] इत्य् अनन्तरꣳ अथ य इहात्मानम् अनुविद्य व्रजन्त्य् एताꣳश् च सत्यकामाꣳस् तेषाꣳ सर्वेषु लोकेषु कामचारो भवति इति ।"
1403,"nanv evaṁ tarhi lokatvāviśeṣāt svargādivat bhoktṛ-bhogyānāṁ kadācid vināśaḥ syāt | tatrāha—śānta-rūpe śāntam avikṛtaṁ rūpaṁ yasya tasmin vaikuṇṭhe mat-parās tad-vāsino lokāḥ kadācid api na naṅkṣyanti bhogya-hīnā na bhavanti | animiṣo me hetiḥ madīyaṁ kāla-cakraṁ no leḍhi, tān na grasate, na sa punar āvartate [chā.u. 8.15.1] iti śruteḥ |","नन्व् एवं तर्हि लोकत्वाविशेषात् स्वर्गादिवत् भोक्तृभोग्यानां कदाचिद् विनाशः स्यात् । तत्राह—शान्तरूपे शान्तम् अविकृतं रूपं यस्य तस्मिन् वैकुण्ठे मत्परास् तद्वासिनो लोकाः कदाचिद् अपि न नङ्क्ष्यन्ति भोग्यहीना न भवन्ति । अनिमिषो मे हेतिः मदीयं कालचक्रं नो लेढि, तान् न ग्रसते, न स पुनर् आवर्तते [छा.उ. ८.१५.१] इति श्रुतेः ।","नन्व् एवꣳ तर्हि लोकत्वाविशेषात् स्वर्गादिवत् भोक्तृभोग्यानाꣳ कदाचिद् विनाशः स्यात् । तत्राह—शान्तरूपे शान्तम् अविकृतꣳ रूपꣳ यस्य तस्मिन् वैकुण्ठे मत्परास् तद्वासिनो लोकाः कदाचिद् अपि न नङ्क्ष्यन्ति भोग्यहीना न भवन्ति । अनिमिषो मे हेतिः मदीयꣳ कालचक्रꣳ नो लेढि, तान् न ग्रसते, न स पुनर् आवर्तते [छा.उ. ८.१५.१] इति श्रुतेः ।"
1408,sahasra-nāma-bhāṣye’py uktam—param utkṛṣṭam ayanaṁ sthānaṁ punar-āvṛtti-śaṅkā-rahitam iti parāyaṇaḥ | puṁliṅga-pakṣe bahu-vrīhir iti | ,सहस्रनामभाष्येऽप्य् उक्तम्—परम् उत्कृष्टम् अयनं स्थानं पुनरावृत्तिशङ्कारहितम् इति परायणः । पुंलिङ्गपक्षे बहुव्रीहिर् इति । ,सहस्रनामभाष्येऽप्य् उक्तम्—परम् उत्कृष्टम् अयनꣳ स्थानꣳ पुनरावृत्तिशङ्कारहितम् इति परायणः । पुꣳलिङ्गपक्षे बहुव्रीहिर् इति । 
1409,na kevalam etāvat teṣāṁ māhātmyam ity āha—yeṣām iti | yeṣāṁ māṁ vinā na kaścid aparaḥ prema-bhājanam astīty arthaḥ | yad vā—golokādikam apekṣyaivam uktam | tatra hi tathābhāvā eva śrī-gopā nityā vidyante | ,न केवलम् एतावत् तेषां माहात्म्यम् इत्य् आह—येषाम् इति । येषां मां विना न कश्चिद् अपरः प्रेमभाजनम् अस्तीत्य् अर्थः । यद् वा—गोलोकादिकम् अपेक्ष्यैवम् उक्तम् । तत्र हि तथाभावा एव श्रीगोपा नित्या विद्यन्ते । ,न केवलम् एतावत् तेषाꣳ माहात्म्यम् इत्य् आह—येषाम् इति । येषाꣳ माꣳ विना न कश्चिद् अपरः प्रेमभाजनम् अस्तीत्य् अर्थः । यद् वा—गोलोकादिकम् अपेक्ष्यैवम् उक्तम् । तत्र हि तथाभावा एव श्रीगोपा नित्या विद्यन्ते । 
1410,"athavā, taṁ lokaṁ kīdṛg-bhāvā avidyānantaraṁ prāpnuvantīti | tatrāha yeṣām iti | ye kecit pādmottara-khaṇḍe darśita-muni-gaṇa-savāsanāḥ ātmā brahmaivāyaṁ sākṣād iti māṁ bhāvayanti, evam anye ca ye ye, ta eva prāpnuvantīty arthaḥ | suhṛda iti bahutvaṁ sauhṛdasya nānā-bhedāpekṣayā | evaṁ caturthe śrī-nārada-vākye—","अथवा, तं लोकं कीदृग्भावा अविद्यानन्तरं प्राप्नुवन्तीति । तत्राह येषाम् इति । ये केचित् पाद्मोत्तरखण्डे दर्शितमुनिगणसवासनाः आत्मा ब्रह्मैवायं साक्षाद् इति मां भावयन्ति, एवम् अन्ये च ये ये, त एव प्राप्नुवन्तीत्य् अर्थः । सुहृद इति बहुत्वं सौहृदस्य नानाभेदापेक्षया । एवं चतुर्थे श्रीनारदवाक्ये—","अथवा, तꣳ लोकꣳ कीदृग्भावा अविद्यानन्तरꣳ प्राप्नुवन्तीति । तत्राह येषाम् इति । ये केचित् पाद्मोत्तरखण्डे दर्शितमुनिगणसवासनाः आत्मा ब्रह्मैवायꣳ साक्षाद् इति माꣳ भावयन्ति, एवम् अन्ये च ये ये, त एव प्राप्नुवन्तीत्य् अर्थः । सुहृद इति बहुत्वꣳ सौहृदस्य नानाभेदापेक्षया । एवꣳ चतुर्थे श्रीनारदवाक्ये—"
1414,prapañcātītatvaṁ tato’skhalanaṁ ca yugapad āha—,प्रपञ्चातीतत्वं ततोऽस्खलनं च युगपद् आह—,प्रपञ्चातीतत्वꣳ ततोऽस्खलनꣳ च युगपद् आह—
1415,ātapatraṁ tu vaikuṇṭhaṁ ,आतपत्रं तु वैकुण्ठं ,आतपत्रꣳ तु वैकुण्ठꣳ 
1420,sattve pralīnāḥ svar yānti narāḥ lokaṁ rajo-layāḥ |,सत्त्वे प्रलीनाः स्वर् यान्ति नराः लोकं रजोलयाः ।,सत्त्वे प्रलीनाः स्वर् यान्ति नराः लोकꣳ रजोलयाः ।
1421,tamo-layās tu nirayaṁ yānti mām eva nirguṇāḥ || [bhā.pu. 11.25.22],तमोलयास् तु निरयं यान्ति माम् एव निर्गुणाः ॥ [भा.पु. ११.२५.२२],तमोलयास् तु निरयꣳ यान्ति माम् एव निर्गुणाः ॥ [भा.पु. ११.२५.२२]
1424,(5) sutarāṁ nairguṇyāśrayatvam |,(५) सुतरां नैर्गुण्याश्रयत्वम् ।,(५) सुतराꣳ नैर्गुण्याश्रयत्वम् ।
1425,vanaṁ tu sāttviko vāso grāmo rājasa ucyate |,वनं तु सात्त्विको वासो ग्रामो राजस उच्यते ।,वनꣳ तु सात्त्विको वासो ग्रामो राजस उच्यते ।
1426,tāmasaṁ dyūta-sadanaṁ man-niketaṁ tu nirguṇam || [bhā.pu. 11.25.25],तामसं द्यूतसदनं मन्निकेतं तु निर्गुणम् ॥ [भा.पु. ११.२५.२५],तामसꣳ द्यूतसदनꣳ मन्निकेतꣳ तु निर्गुणम् ॥ [भा.पु. ११.२५.२५]
1429,tato vaikuṇṭham agamad bhāsvaraṁ tamasaḥ param |,ततो वैकुण्ठम् अगमद् भास्वरं तमसः परम् ।,ततो वैकुण्ठम् अगमद् भास्वरꣳ तमसः परम् ।
1430,yatra nārāyaṇaḥ sākṣān nyāsināṁ paramā gatiḥ ||,यत्र नारायणः साक्षान् न्यासिनां परमा गतिः ॥,यत्र नारायणः साक्षान् न्यासिनाꣳ परमा गतिः ॥
1431,śāntānāṁ nyasta-daṇḍānāṁ yato nāvartate gataḥ || [bhā.pu. 10.88.25-26],शान्तानां न्यस्तदण्डानां यतो नावर्तते गतः ॥ [भा.पु. १०.८८.२५-२६],शान्तानाꣳ न्यस्तदण्डानाꣳ यतो नावर्तते गतः ॥ [भा.पु. १०.८८.२५-२६]
1435,grīvāyāṁ jana-loko’sya,ग्रीवायां जनलोकोऽस्य,ग्रीवायाꣳ जनलोकोऽस्य
1445,tāṁs tān kṣipanty aśaraṇeṣu tamaḥsu hanta || [bhā.pu. 3.15.23],तांस् तान् क्षिपन्त्य् अशरणेषु तमःसु हन्त ॥ [भा.पु. ३.१५.२३],ताꣳस् तान् क्षिपन्त्य् अशरणेषु तमःसु हन्त ॥ [भा.पु. ३.१५.२३]
1450,"yad vaikuṇṭhaṁ, yac ca no’smākam upari-sthitaṁ, naḥ spṛhaṇīya-śīlā iti vā | dūre yamo yeṣāṁ te siddhatvena dūrīkṛta-yama-niyamāḥ santo vā vrajantīti | bhartur mithaḥ suyaśasaḥ ity anena tathā-vidhāyā bhakter mokṣa-sukha-tiraskāritva-prasiddhiḥ sūcitā | nātyantikaṁ vigaṇayanty apīty ādau, ye’ṅga tvad-aṅghri-śaraṇā bhavataḥ kathāyāṁ kīrtanya-tīrtha-yaśasaḥ kuśalā rasajñā [bhā.pu. 3.15.48] iti sanakādy-ukteḥ |","यद् वैकुण्ठं, यच् च नोऽस्माकम् उपरिस्थितं, नः स्पृहणीयशीला इति वा । दूरे यमो येषां ते सिद्धत्वेन दूरीकृतयमनियमाः सन्तो वा व्रजन्तीति । भर्तुर् मिथः सुयशसः इत्य् अनेन तथाविधाया भक्तेर् मोक्षसुखतिरस्कारित्वप्रसिद्धिः सूचिता । नात्यन्तिकं विगणयन्त्य् अपीत्य् आदौ, येऽङ्ग त्वदङ्घ्रिशरणा भवतः कथायां कीर्तन्यतीर्थयशसः कुशला रसज्ञा [भा.पु. ३.१५.४८] इति सनकाद्युक्तेः ।","यद् वैकुण्ठꣳ, यच् च नोऽस्माकम् उपरिस्थितꣳ, नः स्पृहणीयशीला इति वा । दूरे यमो येषाꣳ ते सिद्धत्वेन दूरीकृतयमनियमाः सन्तो वा व्रजन्तीति । भर्तुर् मिथः सुयशसः इत्य् अनेन तथाविधाया भक्तेर् मोक्षसुखतिरस्कारित्वप्रसिद्धिः सूचिता । नात्यन्तिकꣳ विगणयन्त्य् अपीत्य् आदौ, येऽङ्ग त्वदङ्घ्रिशरणा भवतः कथायाꣳ कीर्तन्यतीर्थयशसः कुशला रसज्ञा [भा.पु. ३.१५.४८] इति सनकाद्युक्तेः ।"
1455,kṣemaṁ vindanti mat-sthānaṁ ,क्षेमं विन्दन्ति मत्स्थानं ,क्षेमꣳ विन्दन्ति मत्स्थानꣳ 
1456,tad brahma paramaṁ viduḥ || [bhā.pu. 11.20.37],तद् ब्रह्म परमं विदुः ॥ [भा.पु. ११.२०.३७],तद् ब्रह्म परमꣳ विदुः ॥ [भा.पु. ११.२०.३७]
1457,"me pathaḥ jñāna-karma-bhakti-lakṣaṇān mat-prāpty-upāyān, jñāna-karmaṇor api bhakteṣu bhakteḥ prathamataḥ kvacit kadācit kiñcit sāhāyya-kāritvāt | kṣemaṁ mad-bhakti-maṅgala-mayaṁ yat sthānaṁ paramaṁ brahmeti vidur jānanti | ittham evodāhariṣyate ca—","मे पथः ज्ञानकर्मभक्तिलक्षणान् मत्प्राप्त्युपायान्, ज्ञानकर्मणोर् अपि भक्तेषु भक्तेः प्रथमतः क्वचित् कदाचित् किञ्चित् साहाय्यकारित्वात् । क्षेमं मद्भक्तिमङ्गलमयं यत् स्थानं परमं ब्रह्मेति विदुर् जानन्ति । इत्थम् एवोदाहरिष्यते च—","मे पथः ज्ञानकर्मभक्तिलक्षणान् मत्प्राप्त्युपायान्, ज्ञानकर्मणोर् अपि भक्तेषु भक्तेः प्रथमतः क्वचित् कदाचित् किञ्चित् साहाय्यकारित्वात् । क्षेमꣳ मद्भक्तिमङ्गलमयꣳ यत् स्थानꣳ परमꣳ ब्रह्मेति विदुर् जानन्ति । इत्थम् एवोदाहरिष्यते च—"
1459,darśayāmāsa lokaṁ svaṁ gopānāṁ tamasaḥ param ||,दर्शयामास लोकं स्वं गोपानां तमसः परम् ॥,दर्शयामास लोकꣳ स्वꣳ गोपानाꣳ तमसः परम् ॥
1460,satyaṁ jñānam anantaṁ yad brahma-jyotiḥ sanātanam |,सत्यं ज्ञानम् अनन्तं यद् ब्रह्मज्योतिः सनातनम् ।,सत्यꣳ ज्ञानम् अनन्तꣳ यद् ब्रह्मज्योतिः सनातनम् ।
1462,ubhayatrāpi ca-kārādy-adhyāhārādinā tv arthāntaraṁ kaṣṭaṁ bhavati | tair eva ca tamasaḥ prakṛteḥ param iti vaikuṇṭhasyāpi viśeṣaṇatvena vyākhyātam iti ||,उभयत्रापि चकाराद्यध्याहारादिना त्व् अर्थान्तरं कष्टं भवति । तैर् एव च तमसः प्रकृतेः परम् इति वैकुण्ठस्यापि विशेषणत्वेन व्याख्यातम् इति ॥,उभयत्रापि चकाराद्यध्याहारादिना त्व् अर्थान्तरꣳ कष्टꣳ भवति । तैर् एव च तमसः प्रकृतेः परम् इति वैकुण्ठस्यापि विशेषणत्वेन व्याख्यातम् इति ॥
1465,na yatra kālo’nimiṣāṁ paraḥ prabhuḥ,न यत्र कालोऽनिमिषां परः प्रभुः,न यत्र कालोऽनिमिषाꣳ परः प्रभुः
1466,kuto nu devā jagatāṁ ya īśire |,कुतो नु देवा जगतां य ईशिरे ।,कुतो नु देवा जगताꣳ य ईशिरे ।
1467,na yatra sattvaṁ na rajas tamaś ca,न यत्र सत्त्वं न रजस् तमश् च,न यत्र सत्त्वꣳ न रजस् तमश् च
1469,paraṁ padaṁ vaiṣṇavam āmananti tad,परं पदं वैष्णवम् आमनन्ति तद्,परꣳ पदꣳ वैष्णवम् आमनन्ति तद्
1472,hṛdopaguhyārha-padaṁ pade pade || [bhā.pu. 2.2.17-18],हृदोपगुह्यार्हपदं पदे पदे ॥ [भा.पु. २.२.१७-१८],हृदोपगुह्यार्हपदꣳ पदे पदे ॥ [भा.पु. २.२.१७-१८]
1473,"atat cid-vyatiriktam | neti netīty evam utsraṣṭum icchavo daurātmyaṁ bhagavad-ātmanor abheda-dṛṣṭiṁ visṛjya, arhasya śrī-bhagavataḥ, padaṁ caraṇāravindaṁ, pade pade pratikṣaṇaṁ hṛdā upaguhya āśliṣya, nānyasmin sauhṛdaṁ yeṣāṁ tathābhūtāḥ santo yad āmananti jānanti, tad vaiṣṇavaṁ padaṁ śrī-vaikuṇṭham iti brahma-svarūpam eva tad iti tātparyam | anena prema-lakṣaṇa-sādhana-liṅgena nirākāra-rūpam arthāntaraṁ nirastam | ","अतत् चिद्व्यतिरिक्तम् । नेति नेतीत्य् एवम् उत्स्रष्टुम् इच्छवो दौरात्म्यं भगवदात्मनोर् अभेददृष्टिं विसृज्य, अर्हस्य श्रीभगवतः, पदं चरणारविन्दं, पदे पदे प्रतिक्षणं हृदा उपगुह्य आश्लिष्य, नान्यस्मिन् सौहृदं येषां तथाभूताः सन्तो यद् आमनन्ति जानन्ति, तद् वैष्णवं पदं श्रीवैकुण्ठम् इति ब्रह्मस्वरूपम् एव तद् इति तात्पर्यम् । अनेन प्रेमलक्षणसाधनलिङ्गेन निराकाररूपम् अर्थान्तरं निरस्तम् । ","अतत् चिद्व्यतिरिक्तम् । नेति नेतीत्य् एवम् उत्स्रष्टुम् इच्छवो दौरात्म्यꣳ भगवदात्मनोर् अभेददृष्टिꣳ विसृज्य, अर्हस्य श्रीभगवतः, पदꣳ चरणारविन्दꣳ, पदे पदे प्रतिक्षणꣳ हृदा उपगुह्य आश्लिष्य, नान्यस्मिन् सौहृदꣳ येषाꣳ तथाभूताः सन्तो यद् आमनन्ति जानन्ति, तद् वैष्णवꣳ पदꣳ श्रीवैकुण्ठम् इति ब्रह्मस्वरूपम् एव तद् इति तात्पर्यम् । अनेन प्रेमलक्षणसाधनलिङ्गेन निराकाररूपम् अर्थान्तरꣳ निरस्तम् । "
1474,"atra nirākāra-parāyaṇasyāpi muktā-phala-ṭīkā-kṛto daivābhivyañjitā gīr yathā—tat paraṁ padaṁ vaiṣṇavam āmananti, adhikṛtādhiṣṭhita-rājādhiṣṭhitatvavat | brahmādi-padānām api | viṣṇunādhiṣṭhitatvāt param ity uktam | viṣṇunaivādhiṣṭhitam ity artha iti | ","अत्र निराकारपरायणस्यापि मुक्ताफलटीकाकृतो दैवाभिव्यञ्जिता गीर् यथा—तत् परं पदं वैष्णवम् आमनन्ति, अधिकृताधिष्ठितराजाधिष्ठितत्ववत् । ब्रह्मादिपदानाम् अपि । विष्णुनाधिष्ठितत्वात् परम् इत्य् उक्तम् । विष्णुनैवाधिष्ठितम् इत्य् अर्थ इति । ","अत्र निराकारपरायणस्यापि मुक्ताफलटीकाकृतो दैवाभिव्यञ्जिता गीर् यथा—तत् परꣳ पदꣳ वैष्णवम् आमनन्ति, अधिकृताधिष्ठितराजाधिष्ठितत्ववत् । ब्रह्मादिपदानाम् अपि । विष्णुनाधिष्ठितत्वात् परम् इत्य् उक्तम् । विष्णुनैवाधिष्ठितम् इत्य् अर्थ इति । "
1475,ata eva śrutāv api tasya sva-mahimaika-pratiṣṭhitatvaṁ sa bhagavaḥ kasmin pratiṣṭhita iti sve mahimni [chā.u. 7.24.1] iti | ata evoktaṁ ka itthā veda yatra saḥ [ka.u. 1.2.25] iti ||,अत एव श्रुताव् अपि तस्य स्वमहिमैकप्रतिष्ठितत्वं स भगवः कस्मिन् प्रतिष्ठित इति स्वे महिम्नि [छा.उ. ७.२४.१] इति । अत एवोक्तं क इत्था वेद यत्र सः [क.उ. १.२.२५] इति ॥,अत एव श्रुताव् अपि तस्य स्वमहिमैकप्रतिष्ठितत्वꣳ स भगवः कस्मिन् प्रतिष्ठित इति स्वे महिम्नि [छा.उ. ७.२४.१] इति । अत एवोक्तꣳ क इत्था वेद यत्र सः [क.उ. १.२.२५] इति ॥
1477,ka itthā [ka.u. 1.2.25] ity-ādi-śruter arthatvenāpi spaṣṭam āha—,क इत्था [क।उ। १।२।२५] इत्यादिश्रुतेर् अर्थत्वेनापि स्पष्टम् आह—,क इत्था [क.उ. १.२.२५] इत्यादिश्रुतेर् अर्थत्वेनापि स्पष्टम् आह—
1478,svaṁ lokaṁ na vidus te vai,स्वं लोकं न विदुस् ते वै,स्वꣳ लोकꣳ न विदुस् ते वै
1480,āhur dhūmra-dhiyo vedaṁ,आहुर् धूम्रधियो वेदं,आहुर् धूम्रधियो वेदꣳ
1482,"ye dhūmra-dhiyo vedaṁ sa-karmakaṁ karma-mātra-pratipādakam āhuḥ, te janārdanasya svaṁ svarūpaṁ lokaṁ na viduḥ, kintu svargādikam eva viduḥ | yatra loke ||","ये धूम्रधियो वेदं सकर्मकं कर्ममात्रप्रतिपादकम् आहुः, ते जनार्दनस्य स्वं स्वरूपं लोकं न विदुः, किन्तु स्वर्गादिकम् एव विदुः । यत्र लोके ॥","ये धूम्रधियो वेदꣳ सकर्मकꣳ कर्ममात्रप्रतिपादकम् आहुः, ते जनार्दनस्य स्वꣳ स्वरूपꣳ लोकꣳ न विदुः, किन्तु स्वर्गादिकम् एव विदुः । यत्र लोके ॥"
1484,evaṁ ca oṁ namas te’stu bhagavan ity-ādi-gadye—,एवं च ॐ नमस् तेऽस्तु भगवन् इत्यादिगद्ये—,एवꣳ च ओꣳ नमस् तेऽस्तु भगवन् इत्यादिगद्ये—
1485,paramahaṁsa-parivrājakaiḥ parameṇātma-yoga-samādhinā paribhāvita-parisphuṭa-pāramahaṁsya-dharmeṇodghāṭita-tamaḥ-kapāṭa-dvāre citte’pāvṛta ātma-loke svayam upalabdha-nija-sukhānubhavo bhavān || [bhā.pu. 6.9.33],परमहंसपरिव्राजकैः परमेणात्मयोगसमाधिना परिभावितपरिस्फुटपारमहंस्यधर्मेणोद्घाटिततमःकपाटद्वारे चित्तेऽपावृत आत्मलोके स्वयम् उपलब्धनिजसुखानुभवो भवान् ॥ [भा.पु. ६.९.३३],परमहꣳसपरिव्राजकैः परमेणात्मयोगसमाधिना परिभावितपरिस्फुटपारमहꣳस्यधर्मेणोद्घाटिततमःकपाटद्वारे चित्तेऽपावृत आत्मलोके स्वयम् उपलब्धनिजसुखानुभवो भवान् ॥ [भा.पु. ६.९.३३]
1486,tamaḥ prakṛtir ajñānaṁ vā | ātma-loke sva-svarūpe loke | eṣa ātma-loka eṣa brahma-lokaḥ [bṛ.ā.u. 4.3.32] iti | divye brahma-pure hy eṣa paramātmā pratiṣṭhitaḥ [mu.u. 2.2.7] ity-ādi-śrutau | ,तमः प्रकृतिर् अज्ञानं वा । आत्मलोके स्वस्वरूपे लोके । एष आत्मलोक एष ब्रह्मलोकः [बृ.आ.उ. ४.३.३२] इति । दिव्ये ब्रह्मपुरे ह्य् एष परमात्मा प्रतिष्ठितः [मु.उ. २.२.७] इत्यादिश्रुतौ । ,तमः प्रकृतिर् अज्ञानꣳ वा । आत्मलोके स्वस्वरूपे लोके । एष आत्मलोक एष ब्रह्मलोकः [बृ.आ.उ. ४.३.३२] इति । दिव्ये ब्रह्मपुरे ह्य् एष परमात्मा प्रतिष्ठितः [मु.उ. २.२.७] इत्यादिश्रुतौ । 
1487,yat tat sūkṣmaṁ paramaṁ veditavyaṁ ,यत् तत् सूक्ष्मं परमं वेदितव्यं ,यत् तत् सूक्ष्मꣳ परमꣳ वेदितव्यꣳ 
1488,nityaṁ padaṁ vaiṣṇavam āmananti |,नित्यं पदं वैष्णवम् आमनन्ति ।,नित्यꣳ पदꣳ वैष्णवम् आमनन्ति ।
1489,etal lokā na vidur loka-sāraṁ ,एतल् लोका न विदुर् लोकसारं ,एतल् लोका न विदुर् लोकसारꣳ 
1491,pareṇa nākaṁ nihitaṁ guhāyāṁ ,परेण नाकं निहितं गुहायां ,परेण नाकꣳ निहितꣳ गुहायाꣳ 
1493,"tad vā etat paraṁ dhāma mantra-rājādhyāpakasya, yatra na duḥkhādi na sūryo bhāti, yatra na mṛtyuḥ praviśati, yatra na doṣaḥ, tad ānandaṁ śāśvataṁ śāntaṁ sadā-śivaṁ brahmādi-vanditaṁ yogi-dhyeyaṁ, yatra gatvā na nivartante yoginaḥ | tad etad ṛcābhyuktaṁ—","तद् वा एतत् परं धाम मन्त्रराजाध्यापकस्य, यत्र न दुःखादि न सूर्यो भाति, यत्र न मृत्युः प्रविशति, यत्र न दोषः, तद् आनन्दं शाश्वतं शान्तं सदाशिवं ब्रह्मादिवन्दितं योगिध्येयं, यत्र गत्वा न निवर्तन्ते योगिनः । तद् एतद् ऋचाभ्युक्तं—","तद् वा एतत् परꣳ धाम मन्त्रराजाध्यापकस्य, यत्र न दुःखादि न सूर्यो भाति, यत्र न मृत्युः प्रविशति, यत्र न दोषः, तद् आनन्दꣳ शाश्वतꣳ शान्तꣳ सदाशिवꣳ ब्रह्मादिवन्दितꣳ योगिध्येयꣳ, यत्र गत्वा न निवर्तन्ते योगिनः । तद् एतद् ऋचाभ्युक्तꣳ—"
1494,tad viṣṇoḥ paramaṁ padaṁ sadā paśyanti sūrayaḥ ,तद् विष्णोः परमं पदं सदा पश्यन्ति सूरयः ,तद् विष्णोः परमꣳ पदꣳ सदा पश्यन्ति सूरयः 
1496,tad-viprāso vipanyavo jāgṛvāṁsaḥ samindhate | ,तद्विप्रासो विपन्यवो जागृवांसः समिन्धते । ,तद्विप्रासो विपन्यवो जागृवाꣳसः समिन्धते । 
1497,viṣṇor yat paramaṁ padam || [nṛ.tā.u. 5.10] iti śrī-nṛsiṁha-tāpanyām | ,विष्णोर् यत् परमं पदम् ॥ [नृ.ता.उ. ५.१०] इति श्रीनृसिंहतापन्याम् । ,विष्णोर् यत् परमꣳ पदम् ॥ [नृ.ता.उ. ५.१०] इति श्रीनृसिꣳहतापन्याम् । 
1500,etad viṣṇu-padaṁ divyaṁ tṛtīyaṁ vyomni bhāsvaram ||,एतद् विष्णुपदं दिव्यं तृतीयं व्योम्नि भास्वरम् ॥,एतद् विष्णुपदꣳ दिव्यꣳ तृतीयꣳ व्योम्नि भास्वरम् ॥
1501,nirdhūta-doṣa-paṅkānāṁ yatīnāṁ saṁyatātmanām |,निर्धूतदोषपङ्कानां यतीनां संयतात्मनाम् ।,निर्धूतदोषपङ्कानाꣳ यतीनाꣳ सꣳयतात्मनाम् ।
1502,sthānaṁ tat paramaṁ vipra puṇya-pāpa-parikṣaye ||,स्थानं तत् परमं विप्र पुण्यपापपरिक्षये ॥,स्थानꣳ तत् परमꣳ विप्र पुण्यपापपरिक्षये ॥
1504,yatra gatvā na śocanti tad viṣṇoḥ paramaṁ padam ||,यत्र गत्वा न शोचन्ति तद् विष्णोः परमं पदम् ॥,यत्र गत्वा न शोचन्ति तद् विष्णोः परमꣳ पदम् ॥
1505,dharmaṁ dhruvādyās tiṣṭhanti yatra te loka-sākṣiṇaḥ |,धर्मं ध्रुवाद्यास् तिष्ठन्ति यत्र ते लोकसाक्षिणः ।,धर्मꣳ ध्रुवाद्यास् तिष्ठन्ति यत्र ते लोकसाक्षिणः ।
1506,tat-sārṣṭyotpanna-yoga-rddhās tad-viṣṇoḥ paramaṁ padam ||,तत्सार्ष्ट्योत्पन्नयोगर्द्धास् तद्विष्णोः परमं पदम् ॥,तत्सार्ष्ट्योत्पन्नयोगर्द्धास् तद्विष्णोः परमꣳ पदम् ॥
1507,yatraitad otaṁ protaṁ ca yad bhūtaṁ sa-carācaram |,यत्रैतद् ओतं प्रोतं च यद् भूतं सचराचरम् ।,यत्रैतद् ओतꣳ प्रोतꣳ च यद् भूतꣳ सचराचरम् ।
1508,bhāvyaṁ ca viśvaṁ maitreya tad viṣṇoḥ paramaṁ padam || ,भाव्यं च विश्वं मैत्रेय तद् विष्णोः परमं पदम् ॥ ,भाव्यꣳ च विश्वꣳ मैत्रेय तद् विष्णोः परमꣳ पदम् ॥ 
1509,divīva cakṣur ātataṁ vitataṁ tan mahātmanām |,दिवीव चक्षुर् आततं विततं तन् महात्मनाम् ।,दिवीव चक्षुर् आततꣳ विततꣳ तन् महात्मनाम् ।
1510,viveka-jñāna-vṛddhaṁ ca tad viṣṇoḥ paramaṁ padam || [vi.pu. 2.8.93-98],विवेकज्ञानवृद्धं च तद् विष्णोः परमं पदम् ॥ [वि.पु. २.८.९३-९८],विवेकज्ञानवृद्धꣳ च तद् विष्णोः परमꣳ पदम् ॥ [वि.पु. २.८.९३-९८]
1511,tāpanī-śrutau ca yatra na vāyur vātī ity-ādikaṁ prākṛta-tat-tan-mātra-niṣedhātmakaṁ tatrāpi tat-tac-chravaṇāt | ,तापनीश्रुतौ च यत्र न वायुर् वाती इत्यादिकं प्राकृततत्तन्मात्रनिषेधात्मकं तत्रापि तत्तच्छ्रवणात् । ,तापनीश्रुतौ च यत्र न वायुर् वाती इत्यादिकꣳ प्राकृततत्तन्मात्रनिषेधात्मकꣳ तत्रापि तत्तच्छ्रवणात् । 
1513,naicchan mukti-pater muktiṁ paścāt-tāpam upeyivān || [bhā.pu. 4.9.29] iti | ,नैच्छन् मुक्तिपतेर् मुक्तिं पश्चात्तापम् उपेयिवान् ॥ [भा.पु. ४.९.२९] इति । ,नैच्छन् मुक्तिपतेर् मुक्तिꣳ पश्चात्तापम् उपेयिवान् ॥ [भा.पु. ४.९.२९] इति । 
1515,aho bata mamānātmyaṁ manda-bhāgyasya paśyata |,अहो बत ममानात्म्यं मन्दभाग्यस्य पश्यत ।,अहो बत ममानात्म्यꣳ मन्दभाग्यस्य पश्यत ।
1516,bhava-cchidaḥ pāda-mūlaṁ gatvā yāce yad antavat || [bhā.pu. 4.9.31] ,भवच्छिदः पादमूलं गत्वा याचे यद् अन्तवत् ॥ [भा.पु. ४.९.३१] ,भवच्छिदः पादमूलꣳ गत्वा याचे यद् अन्तवत् ॥ [भा.पु. ४.९.३१] 
1517,iti śrī-dhruvasyāpūrṇaṁ-manyatā śrūyate | tad-ucca-pada-kāmanayaiva tat-prārthitavatā tena labdha-manorathātīta-vareṇāpi sva-saṅkalpam eva tiraskartum uktam iti ghaṭate | tatra hy evoktaṁ śrī-vidureṇa—sudurlabhaṁ yat paramaṁ padaṁ harer [bhā.pu. 4.9.28] iti | svayaṁ śrī-dhruva-priyeṇa—,इति श्रीध्रुवस्यापूर्णंमन्यता श्रूयते । तदुच्चपदकामनयैव तत्प्रार्थितवता तेन लब्धमनोरथातीतवरेणापि स्वसङ्कल्पम् एव तिरस्कर्तुम् उक्तम् इति घटते । तत्र ह्य् एवोक्तं श्रीविदुरेण—सुदुर्लभं यत् परमं पदं हरेर् [भा.पु. ४.९.२८] इति । स्वयं श्रीध्रुवप्रियेण—,इति श्रीध्रुवस्यापूर्णꣳमन्यता श्रूयते । तदुच्चपदकामनयैव तत्प्रार्थितवता तेन लब्धमनोरथातीतवरेणापि स्वसङ्कल्पम् एव तिरस्कर्तुम् उक्तम् इति घटते । तत्र ह्य् एवोक्तꣳ श्रीविदुरेण—सुदुर्लभꣳ यत् परमꣳ पदꣳ हरेर् [भा.पु. ४.९.२८] इति । स्वयꣳ श्रीध्रुवप्रियेण—
1518,tato gantāsi mat-sthānaṁ sarva-loka-namaskṛtam |,ततो गन्तासि मत्स्थानं सर्वलोकनमस्कृतम् ।,ततो गन्तासि मत्स्थानꣳ सर्वलोकनमस्कृतम् ।
1519,upariṣṭād ṛṣibhyas tvaṁ yato nāvartate gataḥ || [bhā.pu. 4.9.25] iti |,उपरिष्टाद् ऋषिभ्यस् त्वं यतो नावर्तते गतः ॥ [भा.पु. ४.९.२५] इति ।,उपरिष्टाद् ऋषिभ्यस् त्वꣳ यतो नावर्तते गतः ॥ [भा.पु. ४.९.२५] इति ।
1520,"śrī-pārṣadābhyām api—ātiṣṭha jagatāṁ vandyaṁ tad viṣṇoḥ paramaṁ padam [bhā.pu. 4.12.26] iti | śrī-sutena ca—dhruvasya vaikuṇṭha-padādhirohaṇam [bhā.pu. 4.13.1] iti | pañcame jyotiś-cakra-varṇane ca—viṣṇor yat paramaṁ padaṁ pradakṣiṇaṁ prakrāmanti iti [bhā.pu. 5.22.17] | yad viṣṇoḥ paramaṁ padam abhivadanti [bhā.pu. 5.23.1] iti ca | prapañcāntargatatve’pi tad-dharmam uktatvaṁ, vikārāvarti ca tathā hi sthitim āha [ve.sū. 4.4.19] iti nyāyena | ","श्रीपार्षदाभ्याम् अपि—आतिष्ठ जगतां वन्द्यं तद् विष्णोः परमं पदम् [भा.पु. ४.१२.२६] इति । श्रीसुतेन च—ध्रुवस्य वैकुण्ठपदाधिरोहणम् [भा.पु. ४.१३.१] इति । पञ्चमे ज्योतिश्चक्रवर्णने च—विष्णोर् यत् परमं पदं प्रदक्षिणं प्रक्रामन्ति इति [भा.पु. ५.२२.१७] । यद् विष्णोः परमं पदम् अभिवदन्ति [भा.पु. ५.२३.१] इति च । प्रपञ्चान्तर्गतत्वेऽपि तद्धर्मम् उक्तत्वं, विकारावर्ति च तथा हि स्थितिम् आह [वे.सू. ४.४.१९] इति न्यायेन । ","श्रीपार्षदाभ्याम् अपि—आतिष्ठ जगताꣳ वन्द्यꣳ तद् विष्णोः परमꣳ पदम् [भा.पु. ४.१२.२६] इति । श्रीसुतेन च—ध्रुवस्य वैकुण्ठपदाधिरोहणम् [भा.पु. ४.१३.१] इति । पञ्चमे ज्योतिश्चक्रवर्णने च—विष्णोर् यत् परमꣳ पदꣳ प्रदक्षिणꣳ प्रक्रामन्ति इति [भा.पु. ५.२२.१७] । यद् विष्णोः परमꣳ पदम् अभिवदन्ति [भा.पु. ५.२३.१] इति च । प्रपञ्चान्तर्गतत्वेऽपि तद्धर्मम् उक्तत्वꣳ, विकारावर्ति च तथा हि स्थितिम् आह [वे.सू. ४.४.१९] इति न्यायेन । "
1521,"ato’smin loke prāpañcikasya bahir-aṁśasyaiva pralayo jñeyaḥ | tasya tu tadānīm antardhānam eva | etad ālambyaiva hiraṇyakaśipunoktam—kim anyaiḥ kāla-nirdhūtaiḥ kalpānte vaiṣṇavādibhiḥ [bhā.pu. 7.3.11] iti | ato’dyāpi ye tathā vadanti, te’pi tat-tulyā iti bhāvaḥ |","अतोऽस्मिन् लोके प्रापञ्चिकस्य बहिरंशस्यैव प्रलयो ज्ञेयः । तस्य तु तदानीम् अन्तर्धानम् एव । एतद् आलम्ब्यैव हिरण्यकशिपुनोक्तम्—किम् अन्यैः कालनिर्धूतैः कल्पान्ते वैष्णवादिभिः [भा.पु. ७.३.११] इति । अतोऽद्यापि ये तथा वदन्ति, तेऽपि तत्तुल्या इति भावः ।","अतोऽस्मिन् लोके प्रापञ्चिकस्य बहिरꣳशस्यैव प्रलयो ज्ञेयः । तस्य तु तदानीम् अन्तर्धानम् एव । एतद् आलम्ब्यैव हिरण्यकशिपुनोक्तम्—किम् अन्यैः कालनिर्धूतैः कल्पान्ते वैष्णवादिभिः [भा.पु. ७.३.११] इति । अतोऽद्यापि ये तथा वदन्ति, तेऽपि तत्तुल्या इति भावः ।"
1522,atha śrī-mahā-vaikuṇṭhasya tādṛśatvaṁ tu sutarām eva | yathā nānā-śruti-pathotthāpanena pādmottara-khaṇḍe’pi prakṛty-antargata-vibhūti-varṇanāntaraṁ tādṛśatvam abhivyañjitaṁ śrī-śivena—,अथ श्रीमहावैकुण्ठस्य तादृशत्वं तु सुतराम् एव । यथा नानाश्रुतिपथोत्थापनेन पाद्मोत्तरखण्डेऽपि प्रकृत्यन्तर्गतविभूतिवर्णनान्तरं तादृशत्वम् अभिव्यञ्जितं श्रीशिवेन—,अथ श्रीमहावैकुण्ठस्य तादृशत्वꣳ तु सुतराम् एव । यथा नानाश्रुतिपथोत्थापनेन पाद्मोत्तरखण्डेऽपि प्रकृत्यन्तर्गतविभूतिवर्णनान्तरꣳ तादृशत्वम् अभिव्यञ्जितꣳ श्रीशिवेन—
1523,evaṁ prākṛta-rūpāyā vibhūte rūpam uttamam |,एवं प्राकृतरूपाया विभूते रूपम् उत्तमम् ।,एवꣳ प्राकृतरूपाया विभूते रूपम् उत्तमम् ।
1524,tripād-vibhūti-rūpaṁ tu śṛṇu bhūdhara-nandini ||,त्रिपाद्विभूतिरूपं तु शृणु भूधरनन्दिनि ॥,त्रिपाद्विभूतिरूपꣳ तु शृणु भूधरनन्दिनि ॥
1527,tasyāḥ pāre para-vyoma tripād-bhutaṁ sanātanam |,तस्याः पारे परव्योम त्रिपाद्भुतं सनातनम् ।,तस्याः पारे परव्योम त्रिपाद्भुतꣳ सनातनम् ।
1528,amṛtaṁ śāśvataṁ nityam anantaṁ paramaṁ padam ||,अमृतं शाश्वतं नित्यम् अनन्तं परमं पदम् ॥,अमृतꣳ शाश्वतꣳ नित्यम् अनन्तꣳ परमꣳ पदम् ॥
1529,śuddha-sattva-mayaṁ divyam akṣaraṁ brahmaṇaḥ padam |,शुद्धसत्त्वमयं दिव्यम् अक्षरं ब्रह्मणः पदम् ।,शुद्धसत्त्वमयꣳ दिव्यम् अक्षरꣳ ब्रह्मणः पदम् ।
1531,sarva-veda-mayaṁ śubhraṁ sarva-pralaya-varjitam |,सर्ववेदमयं शुभ्रं सर्वप्रलयवर्जितम् ।,सर्ववेदमयꣳ शुभ्रꣳ सर्वप्रलयवर्जितम् ।
1532,hiraṇmayaṁ mokṣa-padaṁ brahmānanda-sukhāhvayam ||,हिरण्मयं मोक्षपदं ब्रह्मानन्दसुखाह्वयम् ॥,हिरण्मयꣳ मोक्षपदꣳ ब्रह्मानन्दसुखाह्वयम् ॥
1533,samānādhikya-rahitam ādy-anta-rahitaṁ śubham ||,समानाधिक्यरहितम् आद्यन्तरहितं शुभम् ॥,समानाधिक्यरहितम् आद्यन्तरहितꣳ शुभम् ॥
1534,tejasātyadbhutaṁ ramyaṁ nityam ānanda-sāgaram |,तेजसात्यद्भुतं रम्यं नित्यम् आनन्दसागरम् ।,तेजसात्यद्भुतꣳ रम्यꣳ नित्यम् आनन्दसागरम् ।
1535,evam ādi-guṇopetaṁ tad viṣṇoḥ paramaṁ padam ||,एवम् आदिगुणोपेतं तद् विष्णोः परमं पदम् ॥,एवम् आदिगुणोपेतꣳ तद् विष्णोः परमꣳ पदम् ॥
1537,yad gatvā na nivartante tad dhāma paramaṁ hareḥ ||,यद् गत्वा न निवर्तन्ते तद् धाम परमं हरेः ॥,यद् गत्वा न निवर्तन्ते तद् धाम परमꣳ हरेः ॥
1538,tad viṣṇoḥ paramaṁ dhāma śāśvataṁ nityam acyutam |,तद् विष्णोः परमं धाम शाश्वतं नित्यम् अच्युतम् ।,तद् विष्णोः परमꣳ धाम शाश्वतꣳ नित्यम् अच्युतम् ।
1539,na hi varṇayituṁ śakyaṁ kalpa-koṭi-śatair api || ,न हि वर्णयितुं शक्यं कल्पकोटिशतैर् अपि ॥ ,न हि वर्णयितुꣳ शक्यꣳ कल्पकोटिशतैर् अपि ॥ 
1540,hareḥ padaṁ varṇayituṁ na śakyaṁ,हरेः पदं वर्णयितुं न शक्यं,हरेः पदꣳ वर्णयितुꣳ न शक्यꣳ
1544,yad akṣaraṁ veda-guhyaṁ yasmin devā adhi viśve niṣeduḥ |,यद् अक्षरं वेदगुह्यं यस्मिन् देवा अधि विश्वे निषेदुः ।,यद् अक्षरꣳ वेदगुह्यꣳ यस्मिन् देवा अधि विश्वे निषेदुः ।
1545,yas taṁ na veda kim ṛcā kariṣyati ya u tad vidus ta ime samāsate ||,यस् तं न वेद किम् ऋचा करिष्यति य उ तद् विदुस् त इमे समासते ॥,यस् तꣳ न वेद किम् ऋचा करिष्यति य उ तद् विदुस् त इमे समासते ॥
1546,tad viṣṇoḥ paramaṁ padaṁ sadā paśyanti sūrayaḥ |,तद् विष्णोः परमं पदं सदा पश्यन्ति सूरयः ।,तद् विष्णोः परमꣳ पदꣳ सदा पश्यन्ति सूरयः ।
1547,akṣaraṁ śāśvataṁ nityaṁ divīva cakṣur ātatam ||,अक्षरं शाश्वतं नित्यं दिवीव चक्षुर् आततम् ॥,अक्षरꣳ शाश्वतꣳ नित्यꣳ दिवीव चक्षुर् आततम् ॥
1548,ā praveṣṭum aśakyaṁ tad brahma-rudrādi-daivataiḥ |,आ प्रवेष्टुम् अशक्यं तद् ब्रह्मरुद्रादिदैवतैः ।,आ प्रवेष्टुम् अशक्यꣳ तद् ब्रह्मरुद्रादिदैवतैः ।
1550,ahaṁ brahmā ca devāś ca na jānanti maharṣayaḥ |,अहं ब्रह्मा च देवाश् च न जानन्ति महर्षयः ।,अहꣳ ब्रह्मा च देवाश् च न जानन्ति महर्षयः ।
1551,sarvopaniṣadām arthaṁ dṛṣṭvā vakṣyāmi suvrate ||,सर्वोपनिषदाम् अर्थं दृष्ट्वा वक्ष्यामि सुव्रते ॥,सर्वोपनिषदाम् अर्थꣳ दृष्ट्वा वक्ष्यामि सुव्रते ॥
1553,yatra gāvo bhūri-śṛṅgā āsate sva-sukhaṁ prajāḥ ||,यत्र गावो भूरिशृङ्गा आसते स्वसुखं प्रजाः ॥,यत्र गावो भूरिशृङ्गा आसते स्वसुखꣳ प्रजाः ॥
1554,atra hi tat paraṁ dhāma gīyamānasya śārṅgiṇaḥ |,अत्र हि तत् परं धाम गीयमानस्य शार्ङ्गिणः ।,अत्र हि तत् परꣳ धाम गीयमानस्य शार्ङ्गिणः ।
1555,tad bhāti paramaṁ dhāma gobhir geyaiḥ śubhāhvayaiḥ ||,तद् भाति परमं धाम गोभिर् गेयैः शुभाह्वयैः ॥,तद् भाति परमꣳ धाम गोभिर् गेयैः शुभाह्वयैः ॥
1556,āditya-varṇaṁ tamasaḥ parastāt jyotir uttamam |,आदित्यवर्णं तमसः परस्तात् ज्योतिर् उत्तमम् ।,आदित्यवर्णꣳ तमसः परस्तात् ज्योतिर् उत्तमम् ।
1562,te ha nākaṁ mahimānaḥ sacantaḥ śubha-darśanāḥ |,ते ह नाकं महिमानः सचन्तः शुभदर्शनाः ।,ते ह नाकꣳ महिमानः सचन्तः शुभदर्शनाः ।
1563,tat-padaṁ jñānino viprā jāgṛvāṁsaḥ samindhate ||,तत्पदं ज्ञानिनो विप्रा जागृवांसः समिन्धते ॥,तत्पदꣳ ज्ञानिनो विप्रा जागृवाꣳसः समिन्धते ॥
1564,tad viṣṇoḥ paramaṁ padaṁ mokṣa ity abhidhīyate |,तद् विष्णोः परमं पदं मोक्ष इत्य् अभिधीयते ।,तद् विष्णोः परमꣳ पदꣳ मोक्ष इत्य् अभिधीयते ।
1565,tasmin bandha-vinirmuktāḥ prāpyante sva-sukhaṁ padam ||,तस्मिन् बन्धविनिर्मुक्ताः प्राप्यन्ते स्वसुखं पदम् ॥,तस्मिन् बन्धविनिर्मुक्ताः प्राप्यन्ते स्वसुखꣳ पदम् ॥
1566,yaṁ prāpya na nivartante tasmān moksa udāhṛtaḥ |,यं प्राप्य न निवर्तन्ते तस्मान् मोक्स उदाहृतः ।,यꣳ प्राप्य न निवर्तन्ते तस्मान् मोक्स उदाहृतः ।
1567,mokṣaḥ paraṁ padaṁ liṅgam amṛtaṁ viṣṇu-mandiram ||,मोक्षः परं पदं लिङ्गम् अमृतं विष्णुमन्दिरम् ॥,मोक्षः परꣳ पदꣳ लिङ्गम् अमृतꣳ विष्णुमन्दिरम् ॥
1568,akṣaraṁ paramaṁ dhāma vaikuṇṭhaṁ śāśvataṁ param |,अक्षरं परमं धाम वैकुण्ठं शाश्वतं परम् ।,अक्षरꣳ परमꣳ धाम वैकुण्ठꣳ शाश्वतꣳ परम् ।
1569,nityaṁ ca parama-vyoma sarvotkṛṣṭaṁ sanātanam ||,नित्यं च परमव्योम सर्वोत्कृष्टं सनातनम् ॥,नित्यꣳ च परमव्योम सर्वोत्कृष्टꣳ सनातनम् ॥
1570,paryāya-vācakāny asya paraṁ dhāmno’cyutasya hi |,पर्यायवाचकान्य् अस्य परं धाम्नोऽच्युतस्य हि ।,पर्यायवाचकान्य् अस्य परꣳ धाम्नोऽच्युतस्य हि ।
1571,tasya tripād-vibhūtes tu rūpaṁ vakṣyāmi vistarāt || [pa.pu. 6.227.57-80] ity-ādi ||,तस्य त्रिपाद्विभूतेस् तु रूपं वक्ष्यामि विस्तरात् ॥ [प.पु. ६.२२७.५७-८०] इत्यादि ॥,तस्य त्रिपाद्विभूतेस् तु रूपꣳ वक्ष्यामि विस्तरात् ॥ [प.पु. ६.२२७.५७-८०] इत्यादि ॥
1572,etad-rītika-śrutayo vaidikeṣu prāyaḥ prasiddhā iti nodāhriyante | śrī-nārada-pañcarātre ca śrī-brahma-nārada-saṁvāde jitaṁ-te-stotre ca—,एतद्रीतिकश्रुतयो वैदिकेषु प्रायः प्रसिद्धा इति नोदाह्रियन्ते । श्रीनारदपञ्चरात्रे च श्रीब्रह्मनारदसंवादे जितंतेस्तोत्रे च—,एतद्रीतिकश्रुतयो वैदिकेषु प्रायः प्रसिद्धा इति नोदाह्रियन्ते । श्रीनारदपञ्चरात्रे च श्रीब्रह्मनारदसꣳवादे जितꣳतेस्तोत्रे च—
1573,lokaṁ vaikuṇṭha-nāmānaṁ divya-ṣaḍ-guṇa-saṁyutam |,लोकं वैकुण्ठनामानं दिव्यषड्गुणसंयुतम् ।,लोकꣳ वैकुण्ठनामानꣳ दिव्यषड्गुणसꣳयुतम् ।
1574,avaiṣṇavānām aprāpyaṁ guṇa-traya-vivarjitam ||,अवैष्णवानाम् अप्राप्यं गुणत्रयविवर्जितम् ॥,अवैष्णवानाम् अप्राप्यꣳ गुणत्रयविवर्जितम् ॥
1575,nitya-siddhaiḥ samākīrṇaṁ tan-mayaiḥ pāñca-kālikaiḥ |,नित्यसिद्धैः समाकीर्णं तन्मयैः पाञ्चकालिकैः ।,नित्यसिद्धैः समाकीर्णꣳ तन्मयैः पाञ्चकालिकैः ।
1576,sabhā-prāsāda-saṁyuktaṁ vanaiś copavanaiḥ śubham ||,सभाप्रासादसंयुक्तं वनैश् चोपवनैः शुभम् ॥,सभाप्रासादसꣳयुक्तꣳ वनैश् चोपवनैः शुभम् ॥
1578,aprākṛtaṁ surair vandyam ayutārka-sama-prabham || iti ||,अप्राकृतं सुरैर् वन्द्यम् अयुतार्कसमप्रभम् ॥ इति ॥,अप्राकृतꣳ सुरैर् वन्द्यम् अयुतार्कसमप्रभम् ॥ इति ॥
1580,tam ananta-guṇāvāsaṁ mahat-tejo durāsadam |,तम् अनन्तगुणावासं महत्तेजो दुरासदम् ।,तम् अनन्तगुणावासꣳ महत्तेजो दुरासदम् ।
1581,apratyakṣaṁ nirupamaṁ parānandam atīndriyam || iti ||,अप्रत्यक्षं निरुपमं परानन्दम् अतीन्द्रियम् ॥ इति ॥,अप्रत्यक्षꣳ निरुपमꣳ परानन्दम् अतीन्द्रियम् ॥ इति ॥
1583,brahmaṇaḥ sadanād ūrdhvaṁ tad viṣṇoḥ paramaṁ padam |,ब्रह्मणः सदनाद् ऊर्ध्वं तद् विष्णोः परमं पदम् ।,ब्रह्मणः सदनाद् ऊर्ध्वꣳ तद् विष्णोः परमꣳ पदम् ।
1584,śuddhaṁ sanātanaṁ jyotiḥ paraṁ brahmeti yad viduḥ ||,शुद्धं सनातनं ज्योतिः परं ब्रह्मेति यद् विदुः ॥,शुद्धꣳ सनातनꣳ ज्योतिः परꣳ ब्रह्मेति यद् विदुः ॥
1587,ye’rcayanti hariṁ viṣṇuṁ kṛṣṇaṁ jiṣṇuṁ sanātanam |,येऽर्चयन्ति हरिं विष्णुं कृष्णं जिष्णुं सनातनम् ।,येऽर्चयन्ति हरिꣳ विष्णुꣳ कृष्णꣳ जिष्णुꣳ सनातनम् ।
1588,nārāyaṇam ajaṁ devaṁ viṣvaksenaṁ caturbhujam ||,नारायणम् अजं देवं विष्वक्सेनं चतुर्भुजम् ॥,नारायणम् अजꣳ देवꣳ विष्वक्सेनꣳ चतुर्भुजम् ॥
1589,dhyāyanti puruṣaṁ divyam acyutaṁ ca smaranti ye |,ध्यायन्ति पुरुषं दिव्यम् अच्युतं च स्मरन्ति ये ।,ध्यायन्ति पुरुषꣳ दिव्यम् अच्युतꣳ च स्मरन्ति ये ।
1590,labhante te’cyuta-sthānaṁ śrutir eṣā sanātanī || iti ||,लभन्ते तेऽच्युतस्थानं श्रुतिर् एषा सनातनी ॥ इति ॥,लभन्ते तेऽच्युतस्थानꣳ श्रुतिर् एषा सनातनी ॥ इति ॥
1591,skānde śrī-sanat-kumāra-mārkaṇḍeya-saṁvāde—,स्कान्दे श्रीसनत्कुमारमार्कण्डेयसंवादे—,स्कान्दे श्रीसनत्कुमारमार्कण्डेयसꣳवादे—
1593,sa yāti viṣṇu-lokaṁ vai dāha-pralaya-varjitam || iti |,स याति विष्णुलोकं वै दाहप्रलयवर्जितम् ॥ इति ।,स याति विष्णुलोकꣳ वै दाहप्रलयवर्जितम् ॥ इति ।
1594,"atra pada-dhāmādi-śabdena sthāna-vācakena, svarūpe tv arūḍhena yadi kaścit kathañcit svarūpam eva vācayati, tarhy anyatra tat-prasaṅge te’bhigacchanti mat-sthānaṁ yad brahma paramaṁ viduḥ ity-ādau sākṣād eva sthāna-śabda-nigadena tan nirasanīyam | ","अत्र पदधामादिशब्देन स्थानवाचकेन, स्वरूपे त्व् अरूढेन यदि कश्चित् कथञ्चित् स्वरूपम् एव वाचयति, तर्ह्य् अन्यत्र तत्प्रसङ्गे तेऽभिगच्छन्ति मत्स्थानं यद् ब्रह्म परमं विदुः इत्यादौ साक्षाद् एव स्थानशब्दनिगदेन तन् निरसनीयम् । ","अत्र पदधामादिशब्देन स्थानवाचकेन, स्वरूपे त्व् अरूढेन यदि कश्चित् कथञ्चित् स्वरूपम् एव वाचयति, तर्ह्य् अन्यत्र तत्प्रसङ्गे तेऽभिगच्छन्ति मत्स्थानꣳ यद् ब्रह्म परमꣳ विदुः इत्यादौ साक्षाद् एव स्थानशब्दनिगदेन तन् निरसनीयम् । "
1595,"yadi tatrāpi ca-kārādy-adhyāhārādi-dainyena pūrva-darśitetihāsa-samuccayasya paraṁ brahmeti yad vidur iti viśeṣaṇa-viruddhaṁ vākya-bhedam evāṅgīkaroti, tarhi sva-mate tatra tatrokta-loka-śabdaḥ sahāyī-kartavyaḥ | ","यदि तत्रापि चकाराद्यध्याहारादिदैन्येन पूर्वदर्शितेतिहाससमुच्चयस्य परं ब्रह्मेति यद् विदुर् इति विशेषणविरुद्धं वाक्यभेदम् एवाङ्गीकरोति, तर्हि स्वमते तत्र तत्रोक्तलोकशब्दः सहायीकर्तव्यः । ","यदि तत्रापि चकाराद्यध्याहारादिदैन्येन पूर्वदर्शितेतिहाससमुच्चयस्य परꣳ ब्रह्मेति यद् विदुर् इति विशेषणविरुद्धꣳ वाक्यभेदम् एवाङ्गीकरोति, तर्हि स्वमते तत्र तत्रोक्तलोकशब्दः सहायीकर्तव्यः । "
1596,"tataś ca, pada-dhāma-sthāna-loka-rūpāṇāṁ teṣāṁ śabdānāṁ ekatra vastuni prayogāt parasparam anyārthaṁ dūrīkurvantas te kaṁ vā na bodhayanti svam arthaṁ, yathā bhagavān harir viṣṇur ayam iti | ","ततश् च, पदधामस्थानलोकरूपाणां तेषां शब्दानां एकत्र वस्तुनि प्रयोगात् परस्परम् अन्यार्थं दूरीकुर्वन्तस् ते कं वा न बोधयन्ति स्वम् अर्थं, यथा भगवान् हरिर् विष्णुर् अयम् इति । ","ततश् च, पदधामस्थानलोकरूपाणाꣳ तेषाꣳ शब्दानाꣳ एकत्र वस्तुनि प्रयोगात् परस्परम् अन्यार्थꣳ दूरीकुर्वन्तस् ते कꣳ वा न बोधयन्ति स्वम् अर्थꣳ, यथा भगवान् हरिर् विष्णुर् अयम् इति । "
1597,"atha hanta tatrāpi cet svarūpa-mātra-vācakatāṁ bhikṣate, tarhi sphuṭam eva pādma-vaiṣṇavādi-vacanaiḥ vipakṣo hrepaṇīyaḥ | karmādy-aprāpyatvādi-pratipādaka-vākyāni tu viśeṣato vetra-pāṇi-rūpāṇi santy eveti vaktavyam | ","अथ हन्त तत्रापि चेत् स्वरूपमात्रवाचकतां भिक्षते, तर्हि स्फुटम् एव पाद्मवैष्णवादिवचनैः विपक्षो ह्रेपणीयः । कर्माद्यप्राप्यत्वादिप्रतिपादकवाक्यानि तु विशेषतो वेत्रपाणिरूपाणि सन्त्य् एवेति वक्तव्यम् । ","अथ हन्त तत्रापि चेत् स्वरूपमात्रवाचकताꣳ भिक्षते, तर्हि स्फुटम् एव पाद्मवैष्णवादिवचनैः विपक्षो ह्रेपणीयः । कर्माद्यप्राप्यत्वादिप्रतिपादकवाक्यानि तु विशेषतो वेत्रपाणिरूपाणि सन्त्य् एवेति वक्तव्यम् । "
1598,tasmāt oṁ namas te [bhā.pu. 6.9.33] ity ādi-padyam api sādhv eva vyākhyātam ||,तस्मात् ॐ नमस् ते [भा.पु. ६.९.३३] इत्य् आदिपद्यम् अपि साध्व् एव व्याख्यातम् ॥,तस्मात् ओꣳ नमस् ते [भा.पु. ६.९.३३] इत्य् आदिपद्यम् अपि साध्व् एव व्याख्यातम् ॥
1600,"oṁ namas te ity-ādi devāḥ śrī-hariṁ [bhā.pu. 6.9.30] ity atra tasya haritvaṁ, grāhāt prapannaṁ [bhā.pu. 11.4.18] ity-ādau muktā-phala-vyākhyānusṛtaikādaśa-skandha-vākya-svārāsyāl labhyate | ata evātrāpi, athaivam īrito rājan sādaraṁ tridaśair hariḥ [bhā.pu. 6.9.43] ity atra hari-śabdenaivokto’sāv iti |","ॐ नमस् ते इत्यादि देवाः श्रीहरिं [भा.पु. ६.९.३०] इत्य् अत्र तस्य हरित्वं, ग्राहात् प्रपन्नं [भा.पु. ११.४.१८] इत्यादौ मुक्ताफलव्याख्यानुसृतैकादशस्कन्धवाक्यस्वारास्याल् लभ्यते । अत एवात्रापि, अथैवम् ईरितो राजन् सादरं त्रिदशैर् हरिः [भा.पु. ६.९.४३] इत्य् अत्र हरिशब्देनैवोक्तोऽसाव् इति ।","ओꣳ नमस् ते इत्यादि देवाः श्रीहरिꣳ [भा.पु. ६.९.३०] इत्य् अत्र तस्य हरित्वꣳ, ग्राहात् प्रपन्नꣳ [भा.पु. ११.४.१८] इत्यादौ मुक्ताफलव्याख्यानुसृतैकादशस्कन्धवाक्यस्वारास्याल् लभ्यते । अत एवात्रापि, अथैवम् ईरितो राजन् सादरꣳ त्रिदशैर् हरिः [भा.पु. ६.९.४३] इत्य् अत्र हरिशब्देनैवोक्तोऽसाव् इति ।"
1601,"tad etac chrī-vaikuṇṭhasya svarūpaṁ nirūpitam | tac ca yathā śrī-bhagavān eva kvacit pūrṇatvena kvacid aṁśatvena ca vartate, tathaiveti | bahavas tasyāpi bhedāḥ pādmottara-khaṇḍādau draṣṭavyāḥ | yeṣu śrī-matsya-devādīnām api padāni vakṣyante | tad eva sūcayati—","तद् एतच् छ्रीवैकुण्ठस्य स्वरूपं निरूपितम् । तच् च यथा श्रीभगवान् एव क्वचित् पूर्णत्वेन क्वचिद् अंशत्वेन च वर्तते, तथैवेति । बहवस् तस्यापि भेदाः पाद्मोत्तरखण्डादौ द्रष्टव्याः । येषु श्रीमत्स्यदेवादीनाम् अपि पदानि वक्ष्यन्ते । तद् एव सूचयति—","तद् एतच् छ्रीवैकुण्ठस्य स्वरूपꣳ निरूपितम् । तच् च यथा श्रीभगवान् एव क्वचित् पूर्णत्वेन क्वचिद् अꣳशत्वेन च वर्तते, तथैवेति । बहवस् तस्यापि भेदाः पाद्मोत्तरखण्डादौ द्रष्टव्याः । येषु श्रीमत्स्यदेवादीनाम् अपि पदानि वक्ष्यन्ते । तद् एव सूचयति—"
1602,evaṁ hiraṇyākṣam asahya-vikramaṁ,एवं हिरण्याक्षम् असह्यविक्रमं,एवꣳ हिरण्याक्षम् असह्यविक्रमꣳ
1604,jagāma lokaṁ svam akhaṇḍitotsavaṁ,जगाम लोकं स्वम् अखण्डितोत्सवं,जगाम लोकꣳ स्वम् अखण्डितोत्सवꣳ
1607,evaṁ yaḥ kurute vidvān varṣe varṣe na saṁśayaḥ |,एवं यः कुरुते विद्वान् वर्षे वर्षे न संशयः ।,एवꣳ यः कुरुते विद्वान् वर्षे वर्षे न सꣳशयः ।
1608,sa yāti paramaṁ sthānaṁ yatra devo nṛkeśarī || iti |,स याति परमं स्थानं यत्र देवो नृकेशरी ॥ इति ।,स याति परमꣳ स्थानꣳ यत्र देवो नृकेशरी ॥ इति ।
1612,bāhyato ghana-toyasya tiryag ūrdhvaṁ ca maṇḍalam |,बाह्यतो घनतोयस्य तिर्यग् ऊर्ध्वं च मण्डलम् ।,बाह्यतो घनतोयस्य तिर्यग् ऊर्ध्वꣳ च मण्डलम् ।
1613,dhāryamāṇaṁ samantāt tu tiṣṭhate ghana-tejasā ||,धार्यमाणं समन्तात् तु तिष्ठते घनतेजसा ॥,धार्यमाणꣳ समन्तात् तु तिष्ठते घनतेजसा ॥
1616,bhūtādiś ca tathākāśaṁ bhūtādiṁ ca tathā mahān |,भूतादिश् च तथाकाशं भूतादिं च तथा महान् ।,भूतादिश् च तथाकाशꣳ भूतादिꣳ च तथा महान् ।
1618,anantam aparivyaktam anādi-nidhanaṁ ca tat |,अनन्तम् अपरिव्यक्तम् अनादिनिधनं च तत् ।,अनन्तम् अपरिव्यक्तम् अनादिनिधनꣳ च तत् ।
1621,maryādāyām atas tasya śivasyāyatanaṁ mahat |,मर्यादायाम् अतस् तस्य शिवस्यायतनं महत् ।,मर्यादायाम् अतस् तस्य शिवस्यायतनꣳ महत् ।
1622,tri-daśānām agamyaṁ tu sthānaṁ divyam iti śrutiḥ || iti ||,त्रिदशानाम् अगम्यं तु स्थानं दिव्यम् इति श्रुतिः ॥ इति ॥,त्रिदशानाम् अगम्यꣳ तु स्थानꣳ दिव्यम् इति श्रुतिः ॥ इति ॥
1624,"evaṁ ca yathā śrī-bhagavad-vapur āvirbhavati loke, tathaiva kvacit kasyacit tat-padasyāvirbhāvaḥ śrūyate—","एवं च यथा श्रीभगवद्वपुर् आविर्भवति लोके, तथैव क्वचित् कस्यचित् तत्पदस्याविर्भावः श्रूयते—","एवꣳ च यथा श्रीभगवद्वपुर् आविर्भवति लोके, तथैव क्वचित् कस्यचित् तत्पदस्याविर्भावः श्रूयते—"
1629,"yathā bhagavata āvirbhāva-mātraṁ janmeti bhaṇyate, tathaiva vaikuṇṭhasyāpi kalpanam āvirbhāvanam eva, na tu prākṛtavat kṛtrimatvam, ubhayatrāpi nityatvāt, ity abhiprāyeṇa tat-sāmyenāha—jajña iti | śrī-vikuṇṭhā-sutasyaivedaṁ vaikuṇṭham, mūla-vaikuṇṭhaṁ tu sṛṣṭeḥ prāk śrī-brahmaṇā dṛṣṭam iti dvitīye prasiddham eva | sa tan-niketaṁ parimṛśya śūnyam apaśyamānaḥ kupito nanāda [bhā.pu. 8.19.11] ity uktam | tat-sthānaṁ tu svargādi-gatam eva jñeyam ||","यथा भगवत आविर्भावमात्रं जन्मेति भण्यते, तथैव वैकुण्ठस्यापि कल्पनम् आविर्भावनम् एव, न तु प्राकृतवत् कृत्रिमत्वम्, उभयत्रापि नित्यत्वात्, इत्य् अभिप्रायेण तत्साम्येनाह—जज्ञ इति । श्रीविकुण्ठासुतस्यैवेदं वैकुण्ठम्, मूलवैकुण्ठं तु सृष्टेः प्राक् श्रीब्रह्मणा दृष्टम् इति द्वितीये प्रसिद्धम् एव । स तन्निकेतं परिमृश्य शून्यम् अपश्यमानः कुपितो ननाद [भा.पु. ८.१९.११] इत्य् उक्तम् । तत्स्थानं तु स्वर्गादिगतम् एव ज्ञेयम् ॥","यथा भगवत आविर्भावमात्रꣳ जन्मेति भण्यते, तथैव वैकुण्ठस्यापि कल्पनम् आविर्भावनम् एव, न तु प्राकृतवत् कृत्रिमत्वम्, उभयत्रापि नित्यत्वात्, इत्य् अभिप्रायेण तत्साम्येनाह—जज्ञ इति । श्रीविकुण्ठासुतस्यैवेदꣳ वैकुण्ठम्, मूलवैकुण्ठꣳ तु सृष्टेः प्राक् श्रीब्रह्मणा दृष्टम् इति द्वितीये प्रसिद्धम् एव । स तन्निकेतꣳ परिमृश्य शून्यम् अपश्यमानः कुपितो ननाद [भा.पु. ८.१९.११] इत्य् उक्तम् । तत्स्थानꣳ तु स्वर्गादिगतम् एव ज्ञेयम् ॥"
1631,"tad evaṁ śrī-vaikuṇṭhasya svarūpa-bhūtatve siddhe, tad-aṅga-bhūtānāṁ śrī-pārṣadānāṁ tādṛśatvaṁ sutarāṁ siddham eva | yuktaṁ caiva tat-sevakānāṁ—nādevo devam arcayet iti tat-sadṛśatā-bhāvanām antareṇoddeśenāpi tat-sevāyām anadhikārāt, sākṣāt tu sākṣād eva tat-sadṛśatvam iti | tad evaṁ nitya-pārṣadānāṁ kaimutyam evāpatitam | ata evāha—","तद् एवं श्रीवैकुण्ठस्य स्वरूपभूतत्वे सिद्धे, तदङ्गभूतानां श्रीपार्षदानां तादृशत्वं सुतरां सिद्धम् एव । युक्तं चैव तत्सेवकानां—नादेवो देवम् अर्चयेत् इति तत्सदृशताभावनाम् अन्तरेणोद्देशेनापि तत्सेवायाम् अनधिकारात्, साक्षात् तु साक्षाद् एव तत्सदृशत्वम् इति । तद् एवं नित्यपार्षदानां कैमुत्यम् एवापतितम् । अत एवाह—","तद् एवꣳ श्रीवैकुण्ठस्य स्वरूपभूतत्वे सिद्धे, तदङ्गभूतानाꣳ श्रीपार्षदानाꣳ तादृशत्वꣳ सुतराꣳ सिद्धम् एव । युक्तꣳ चैव तत्सेवकानाꣳ—नादेवो देवम् अर्चयेत् इति तत्सदृशताभावनाम् अन्तरेणोद्देशेनापि तत्सेवायाम् अनधिकारात्, साक्षात् तु साक्षाद् एव तत्सदृशत्वम् इति । तद् एवꣳ नित्यपार्षदानाꣳ कैमुत्यम् एवापतितम् । अत एवाह—"
1632,dehendriyāsu-hīnānāṁ,देहेन्द्रियासुहीनानां,देहेन्द्रियासुहीनानाꣳ
1634,janma-hetu-bhūtaiḥ prākṛtair dehendriyāsubhir hīnānāṁ śuddha-sattva-maya-dehānām ity arthaḥ || ,जन्महेतुभूतैः प्राकृतैर् देहेन्द्रियासुभिर् हीनानां शुद्धसत्त्वमयदेहानाम् इत्य् अर्थः ॥ ,जन्महेतुभूतैः प्राकृतैर् देहेन्द्रियासुभिर् हीनानाꣳ शुद्धसत्त्वमयदेहानाम् इत्य् अर्थः ॥ 
1645,āyuḥ śriyaṁ vibhavam aindriyam āviriñcyāt |,आयुः श्रियं विभवम् ऐन्द्रियम् आविरिञ्च्यात् ।,आयुः श्रियꣳ विभवम् ऐन्द्रियम् आविरिञ्च्यात् ।
1647,kālātmanopanaya māṁ nija-bhṛtya-pārśvam || [bhā.pu. 7.9.24],कालात्मनोपनय मां निजभृत्यपार्श्वम् ॥ [भा.पु. ७.९.२४],कालात्मनोपनय माꣳ निजभृत्यपार्श्वम् ॥ [भा.पु. ७.९.२४]
1648,spaṣṭam || 7.9 || prahlādaḥ śrī-nṛsiṁham ||77||,स्पष्टम् ॥ ७.९ ॥ प्रह्लादः श्रीनृसिंहम् ॥७७॥,स्पष्टम् ॥ ७.९ ॥ प्रह्लादः श्रीनृसिꣳहम् ॥७७॥
1656,nirantaraṁ sāma-gāna-paripūrṇa-sukhaṁ śritāḥ |,निरन्तरं सामगानपरिपूर्णसुखं श्रिताः ।,निरन्तरꣳ सामगानपरिपूर्णसुखꣳ श्रिताः ।
1658,"atra tripād-vibhuti-śabdena prapañcātīta-loko’bhidhīyate, pāda-vibhūti-śabdena tu prapañca iti | yathoktaṁ tatraiva—","अत्र त्रिपाद्विभुतिशब्देन प्रपञ्चातीतलोकोऽभिधीयते, पादविभूतिशब्देन तु प्रपञ्च इति । यथोक्तं तत्रैव—","अत्र त्रिपाद्विभुतिशब्देन प्रपञ्चातीतलोकोऽभिधीयते, पादविभूतिशब्देन तु प्रपञ्च इति । यथोक्तꣳ तत्रैव—"
1659,tripād-vyāptiḥ paraṁ dhāmni pādo’syehābhavat punaḥ |,त्रिपाद्व्याप्तिः परं धाम्नि पादोऽस्येहाभवत् पुनः ।,त्रिपाद्व्याप्तिः परꣳ धाम्नि पादोऽस्येहाभवत् पुनः ।
1660,tripād-vibhūter nityaṁ syāt anityaṁ pādam aiśvaram ||,त्रिपाद्विभूतेर् नित्यं स्यात् अनित्यं पादम् ऐश्वरम् ॥,त्रिपाद्विभूतेर् नित्यꣳ स्यात् अनित्यꣳ पादम् ऐश्वरम् ॥
1661,nityaṁ tad-rūpam īśasya paraṁ dhāmni sthitaṁ śubham |,नित्यं तद्रूपम् ईशस्य परं धाम्नि स्थितं शुभम् ।,नित्यꣳ तद्रूपम् ईशस्य परꣳ धाम्नि स्थितꣳ शुभम् ।
1662,acyutaṁ śāśvataṁ divyaṁ sadā yauvanam āśritam ||,अच्युतं शाश्वतं दिव्यं सदा यौवनम् आश्रितम् ॥,अच्युतꣳ शाश्वतꣳ दिव्यꣳ सदा यौवनम् आश्रितम् ॥
1663,nityaṁ sambhogam īśvaryā śriyā bhūmyā ca saṁvṛttam ||  [pa.pu. 6.227.11-13] iti ||,नित्यं सम्भोगम् ईश्वर्या श्रिया भूम्या च संवृत्तम् ॥  [प.पु. ६.२२७.११-१३] इति ॥,नित्यꣳ सम्भोगम् ईश्वर्या श्रिया भूम्या च सꣳवृत्तम् ॥  [प.पु. ६.२२७.११-१३] इति ॥
1664,ata eva tad-anusāreṇa dvitīya-skandho’py evaṁ yojanīyaḥ | tatra—,अत एव तदनुसारेण द्वितीयस्कन्धोऽप्य् एवं योजनीयः । तत्र—,अत एव तदनुसारेण द्वितीयस्कन्धोऽप्य् एवꣳ योजनीयः । तत्र—
1666,martyam annaṁ yad atyagāt |,मर्त्यम् अन्नं यद् अत्यगात् ।,मर्त्यम् अन्नꣳ यद् अत्यगात् ।
1669,"amṛtādi-dvayaṁ tat-tṛtīyatvena vakṣyamāṇasya kṣemasyāpy upalakṣaṇam | śrutau ca—utāmṛtatvasyeśāna [ṛk.saṁ. 10.90.2] ity atrāmṛtatvaṁ tad-yugalopalakṣaṇam | atra dharmi-pradhāna-nirdeśaḥ, śrutau tu tatra dharma-mātra-nirdeśasyāpi tatraiva tātparyam | tatrāmṛtaṁ—sva-dṛṣṭavadbhir puruṣair abhiṣṭutam ity ādau paraṁ na yat-param [bhā.pu. 2.9.9] ity-ādy uktānusāreṇa paramānandaḥ | ata eva, amṛtaṁ viṣṇu-mandiram [pa.pu. 6.227.79] iti tat-paryāyaḥ | ","अमृतादिद्वयं तत्तृतीयत्वेन वक्ष्यमाणस्य क्षेमस्याप्य् उपलक्षणम् । श्रुतौ च—उतामृतत्वस्येशान [ऋक्.सं. १०.९०.२] इत्य् अत्रामृतत्वं तद्युगलोपलक्षणम् । अत्र धर्मिप्रधाननिर्देशः, श्रुतौ तु तत्र धर्ममात्रनिर्देशस्यापि तत्रैव तात्पर्यम् । तत्रामृतं—स्वदृष्टवद्भिर् पुरुषैर् अभिष्टुतम् इत्य् आदौ परं न यत्परम् [भा.पु. २.९.९] इत्याद्य् उक्तानुसारेण परमानन्दः । अत एव, अमृतं विष्णुमन्दिरम् [प.पु. ६.२२७.७९] इति तत्पर्यायः । ","अमृतादिद्वयꣳ तत्तृतीयत्वेन वक्ष्यमाणस्य क्षेमस्याप्य् उपलक्षणम् । श्रुतौ च—उतामृतत्वस्येशान [ऋक्.सꣳ. १०.९०.२] इत्य् अत्रामृतत्वꣳ तद्युगलोपलक्षणम् । अत्र धर्मिप्रधाननिर्देशः, श्रुतौ तु तत्र धर्ममात्रनिर्देशस्यापि तत्रैव तात्पर्यम् । तत्रामृतꣳ—स्वदृष्टवद्भिर् पुरुषैर् अभिष्टुतम् इत्य् आदौ परꣳ न यत्परम् [भा.पु. २.९.९] इत्याद्य् उक्तानुसारेण परमानन्दः । अत एव, अमृतꣳ विष्णुमन्दिरम् [प.पु. ६.२२७.७९] इति तत्पर्यायः । "
1670,abhayaṁ—na ca kāla-vikrama [bhā.pu. 2.9.10] ity-ādi bhaya-mātrābhāvaḥ | ata eva dvijā dhāmākuto-bhayam [bhā.pu. 12.11.19] ity uktam | ,अभयं—न च कालविक्रम [भा.पु. २.९.१०] इत्यादि भयमात्राभावः । अत एव द्विजा धामाकुतोभयम् [भा.पु. १२.११.१९] इत्य् उक्तम् । ,अभयꣳ—न च कालविक्रम [भा.पु. २.९.१०] इत्यादि भयमात्राभावः । अत एव द्विजा धामाकुतोभयम् [भा.पु. १२.११.१९] इत्य् उक्तम् । 
1671,"kṣemaṁ, na yatra māyā [bhā.pu. 2.9.10] ity-ādy-uktānusāreṇa bhagavad-bahirmukhatā-kara-guṇa-sambandhābhāvād bhagavad-bhajana-maṅgalāśrayatvaṁ jñeyam | tathā ca nāradīye—","क्षेमं, न यत्र माया [भा.पु. २.९.१०] इत्याद्युक्तानुसारेण भगवद्बहिर्मुखताकरगुणसम्बन्धाभावाद् भगवद्भजनमङ्गलाश्रयत्वं ज्ञेयम् । तथा च नारदीये—","क्षेमꣳ, न यत्र माया [भा.पु. २.९.१०] इत्याद्युक्तानुसारेण भगवद्बहिर्मुखताकरगुणसम्बन्धाभावाद् भगवद्भजनमङ्गलाश्रयत्वꣳ ज्ञेयम् । तथा च नारदीये—"
1674,"ata eva, kṣemaṁ vindanti mat-sthānam [bhā.pu. 11.20.37] ity uktam |","अत एव, क्षेमं विन्दन्ति मत्स्थानम् [भा.पु. ११.२०.३७] इत्य् उक्तम् ।","अत एव, क्षेमꣳ विन्दन्ति मत्स्थानम् [भा.पु. ११.२०.३७] इत्य् उक्तम् ।"
1675,"tatra tat-tac-chabdena lakṣaṇā-maya-kaṣṭa-kalpanayā jana-lokādi-vācyatāṁ niṣedhan hetuṁ nyasyati—martyaṁ, brahmaṇo’pi bhayaṁ matto dviparārdha-parāyuṣa [bhā.pu. 11.10.30] ity-ādi-nyāyena maraṇa-dharmakam | ","तत्र तत्तच्छब्देन लक्षणामयकष्टकल्पनया जनलोकादिवाच्यतां निषेधन् हेतुं न्यस्यति—मर्त्यं, ब्रह्मणोऽपि भयं मत्तो द्विपरार्धपरायुष [भा.पु. ११.१०.३०] इत्यादिन्यायेन मरणधर्मकम् । ","तत्र तत्तच्छब्देन लक्षणामयकष्टकल्पनया जनलोकादिवाच्यताꣳ निषेधन् हेतुꣳ न्यस्यति—मर्त्यꣳ, ब्रह्मणोऽपि भयꣳ मत्तो द्विपरार्धपरायुष [भा.पु. ११.१०.३०] इत्यादिन्यायेन मरणधर्मकम् । "
1676,annaṁ karmādi-phalaṁ trilokyādikaṁ | yad yasmād atyagāt atikramyaiva tatra virājata iti | eṣa amṛtādy-aiśvarya-rūpaḥ | duratyayaḥ—brahmacaryādibhiḥ kenacin manasāpy avaroddhum aśakyaḥ ||,अन्नं कर्मादिफलं त्रिलोक्यादिकं । यद् यस्माद् अत्यगात् अतिक्रम्यैव तत्र विराजत इति । एष अमृताद्यैश्वर्यरूपः । दुरत्ययः—ब्रह्मचर्यादिभिः केनचिन् मनसाप्य् अवरोद्धुम् अशक्यः ॥,अन्नꣳ कर्मादिफलꣳ त्रिलोक्यादिकꣳ । यद् यस्माद् अत्यगात् अतिक्रम्यैव तत्र विराजत इति । एष अमृताद्यैश्वर्यरूपः । दुरत्ययः—ब्रह्मचर्यादिभिः केनचिन् मनसाप्य् अवरोद्धुम् अशक्यः ॥
1677,"tad evam amartyam aiśvaryaṁ tri-pāt, martyam eka-pāt iti tasya catuṣpād-aiśvaryaṁ punar vivṛṇoti—","तद् एवम् अमर्त्यम् ऐश्वर्यं त्रिपात्, मर्त्यम् एकपात् इति तस्य चतुष्पादैश्वर्यं पुनर् विवृणोति—","तद् एवम् अमर्त्यम् ऐश्वर्यꣳ त्रिपात्, मर्त्यम् एकपात् इति तस्य चतुष्पादैश्वर्यꣳ पुनर् विवृणोति—"
1679,puṁsaḥ sthiti-pado viduḥ |,पुंसः स्थितिपदो विदुः ।,पुꣳसः स्थितिपदो विदुः ।
1680,amṛtaṁ kṣemam abhayaṁ,अमृतं क्षेमम् अभयं,अमृतꣳ क्षेमम् अभयꣳ
1682,"tiṣṭhanty atra sarva-bhūtānīti sthitayo martyādy-aiśvaryāṇi tāni pādā ivādhiṣṭhāna-bhūtāni yasya, tasya sthiti-padaḥ | pādeṣu caturṣv evaiśvarya-bhāgeṣu sarva-bhūtāni pārṣada-paryantāni | pādān darśayati—trayāṇāṁ sāttvikādi-padarthānāṁ mūrdhaiva mūrdhā pravṛttiḥ tasya trayāṇāṁ mūrdhasu tad upari virājamāneṣu śrī-vaikuṇṭha-lokeṣu amṛtaṁ kṣemam abhayaṁ cādhāyi nityaṁ dhṛtam eva tiṣṭhatīty arthaḥ |","तिष्ठन्त्य् अत्र सर्वभूतानीति स्थितयो मर्त्याद्यैश्वर्याणि तानि पादा इवाधिष्ठानभूतानि यस्य, तस्य स्थितिपदः । पादेषु चतुर्ष्व् एवैश्वर्यभागेषु सर्वभूतानि पार्षदपर्यन्तानि । पादान् दर्शयति—त्रयाणां सात्त्विकादिपदर्थानां मूर्धैव मूर्धा प्रवृत्तिः तस्य त्रयाणां मूर्धसु तद् उपरि विराजमानेषु श्रीवैकुण्ठलोकेषु अमृतं क्षेमम् अभयं चाधायि नित्यं धृतम् एव तिष्ठतीत्य् अर्थः ।","तिष्ठन्त्य् अत्र सर्वभूतानीति स्थितयो मर्त्याद्यैश्वर्याणि तानि पादा इवाधिष्ठानभूतानि यस्य, तस्य स्थितिपदः । पादेषु चतुर्ष्व् एवैश्वर्यभागेषु सर्वभूतानि पार्षदपर्यन्तानि । पादान् दर्शयति—त्रयाणाꣳ सात्त्विकादिपदर्थानाꣳ मूर्धैव मूर्धा प्रवृत्तिः तस्य त्रयाणाꣳ मूर्धसु तद् उपरि विराजमानेषु श्रीवैकुण्ठलोकेषु अमृतꣳ क्षेमम् अभयꣳ चाधायि नित्यꣳ धृतम् एव तिष्ठतीत्य् अर्थः ।"
1683,"tataḥ pūrvasya martyānna-mātrātmakatvād ekapāttvam, uttarasyāmṛtādi-trayātmakatvāt tripāttvam iti bhāvaḥ | tad anena pādo’sya viśvā bhūtāni tripādasyāmṛtaṁ divi [ṛ.ve. 10.90.3] ity asyārtho darśitaḥ | asya pādas tathāsyaiva divi vaikuṇṭhe yad amṛtādy-ātmakaṁ tripāt tac ca viśvā bhūtānīty arthaḥ | atrādhiṣṭhānādhiṣṭheyayor aikyoktiḥ |","ततः पूर्वस्य मर्त्यान्नमात्रात्मकत्वाद् एकपात्त्वम्, उत्तरस्यामृतादित्रयात्मकत्वात् त्रिपात्त्वम् इति भावः । तद् अनेन पादोऽस्य विश्वा भूतानि त्रिपादस्यामृतं दिवि [ऋ.वे. १०.९०.३] इत्य् अस्यार्थो दर्शितः । अस्य पादस् तथास्यैव दिवि वैकुण्ठे यद् अमृताद्यात्मकं त्रिपात् तच् च विश्वा भूतानीत्य् अर्थः । अत्राधिष्ठानाधिष्ठेययोर् ऐक्योक्तिः ।","ततः पूर्वस्य मर्त्यान्नमात्रात्मकत्वाद् एकपात्त्वम्, उत्तरस्यामृतादित्रयात्मकत्वात् त्रिपात्त्वम् इति भावः । तद् अनेन पादोऽस्य विश्वा भूतानि त्रिपादस्यामृतꣳ दिवि [ऋ.वे. १०.९०.३] इत्य् अस्यार्थो दर्शितः । अस्य पादस् तथास्यैव दिवि वैकुण्ठे यद् अमृताद्यात्मकꣳ त्रिपात् तच् च विश्वा भूतानीत्य् अर्थः । अत्राधिष्ठानाधिष्ठेययोर् ऐक्योक्तिः ।"
1684,atha catuṣpāttve ca trilokī-vyavasthāvat pakṣāntaraṁ darśayati—,अथ चतुष्पात्त्वे च त्रिलोकीव्यवस्थावत् पक्षान्तरं दर्शयति—,अथ चतुष्पात्त्वे च त्रिलोकीव्यवस्थावत् पक्षान्तरꣳ दर्शयति—
1686,aprajānāṁ ya āśramāḥ |,अप्रजानां य आश्रमाः ।,अप्रजानाꣳ य आश्रमाः ।
1689,ca-śabdaḥ ukta-samuccayārthaḥ | prapañcād bahiḥ pādās traya āsann eva prapañcātmakasya caturtha-pādasyaiva vibhāga-vivakṣāyāṁ tu trilokyā bahiś cānye pādās traya āsann ity evaṁ mantre’pi hi tathaiva punaḥ-śabdaḥ | te ke? aprajānāṁ brahmacāri-vanastha-yatīnām āśramāḥ prāpyā ye lokāḥ | ata eva dharma-traya-prāpyatvāt caturṇām api tripāttvam | ,चशब्दः उक्तसमुच्चयार्थः । प्रपञ्चाद् बहिः पादास् त्रय आसन्न् एव प्रपञ्चात्मकस्य चतुर्थपादस्यैव विभागविवक्षायां तु त्रिलोक्या बहिश् चान्ये पादास् त्रय आसन्न् इत्य् एवं मन्त्रेऽपि हि तथैव पुनःशब्दः । ते के? अप्रजानां ब्रह्मचारिवनस्थयतीनाम् आश्रमाः प्राप्या ये लोकाः । अत एव धर्मत्रयप्राप्यत्वात् चतुर्णाम् अपि त्रिपात्त्वम् । ,चशब्दः उक्तसमुच्चयार्थः । प्रपञ्चाद् बहिः पादास् त्रय आसन्न् एव प्रपञ्चात्मकस्य चतुर्थपादस्यैव विभागविवक्षायाꣳ तु त्रिलोक्या बहिश् चान्ये पादास् त्रय आसन्न् इत्य् एवꣳ मन्त्रेऽपि हि तथैव पुनःशब्दः । ते के? अप्रजानाꣳ ब्रह्मचारिवनस्थयतीनाम् आश्रमाः प्राप्या ये लोकाः । अत एव धर्मत्रयप्राप्यत्वात् चतुर्णाम् अपि त्रिपात्त्वम् । 
1697,vakṣyate ca—yasmād daṇḍaṁ virāḍ jajñe [bhā.pu. 2.6.22] ity-ādinā | tasmāt sarvaiśvaryeṇaika-deśaiśvaryeṇa ca catuṣpāttvam iti bhāvaḥ ||,वक्ष्यते च—यस्माद् दण्डं विराड् जज्ञे [भा.पु. २.६.२२] इत्यादिना । तस्मात् सर्वैश्वर्येणैकदेशैश्वर्येण च चतुष्पात्त्वम् इति भावः ॥,वक्ष्यते च—यस्माद् दण्डꣳ विराड् जज्ञे [भा.पु. २.६.२२] इत्यादिना । तस्मात् सर्वैश्वर्येणैकदेशैश्वर्येण च चतुष्पात्त्वम् इति भावः ॥
1699,evaṁ sāntaraṅga-vaibhavasya bhagavataḥ svarūpa-bhūtayaiva śaktyā prakāśamānatvāt svarūpa-bhūtatvam | sā ca śaktir viśiṣṭasyaiva svarūpatvāt svarūpāntaḥ-pāte’pi bheda-lakṣaṇāṁ vṛttiṁ bhajantī tatra prakāśa-viśeṣaṁ vaicitrī-vṛndaṁ ca prakaṭayati | tatra tatra tādṛśatve brahmopāsanā-siddha-gurava evāsmākaṁ pramāṇam | ,एवं सान्तरङ्गवैभवस्य भगवतः स्वरूपभूतयैव शक्त्या प्रकाशमानत्वात् स्वरूपभूतत्वम् । सा च शक्तिर् विशिष्टस्यैव स्वरूपत्वात् स्वरूपान्तःपातेऽपि भेदलक्षणां वृत्तिं भजन्ती तत्र प्रकाशविशेषं वैचित्रीवृन्दं च प्रकटयति । तत्र तत्र तादृशत्वे ब्रह्मोपासनासिद्धगुरव एवास्माकं प्रमाणम् । ,एवꣳ सान्तरङ्गवैभवस्य भगवतः स्वरूपभूतयैव शक्त्या प्रकाशमानत्वात् स्वरूपभूतत्वम् । सा च शक्तिर् विशिष्टस्यैव स्वरूपत्वात् स्वरूपान्तःपातेऽपि भेदलक्षणाꣳ वृत्तिꣳ भजन्ती तत्र प्रकाशविशेषꣳ वैचित्रीवृन्दꣳ च प्रकटयति । तत्र तत्र तादृशत्वे ब्रह्मोपासनासिद्धगुरव एवास्माकꣳ प्रमाणम् । 
1701,evaṁ tadaiva bhagavān aravinda-nābhaḥ,एवं तदैव भगवान् अरविन्दनाभः,एवꣳ तदैव भगवान् अरविन्दनाभः
1702,svānāṁ vibudhya sad-atikramam ārya-hṛdyaḥ |,स्वानां विबुध्य सदतिक्रमम् आर्यहृद्यः ।,स्वानाꣳ विबुध्य सदतिक्रमम् आर्यहृद्यः ।
1703,tasmin yayau paramahaṁsa-mahā-munīnām,तस्मिन् ययौ परमहंसमहामुनीनाम्,तस्मिन् ययौ परमहꣳसमहामुनीनाम्
1705,taṁ tv āgataṁ pratihṛtaupayikaṁ sva-pumbhis,तं त्व् आगतं प्रतिहृतौपयिकं स्वपुम्भिस्,तꣳ त्व् आगतꣳ प्रतिहृतौपयिकꣳ स्वपुम्भिस्
1706,te’cakṣatākṣa-viṣayaṁ sva-samādhi-bhāgyam |,तेऽचक्षताक्षविषयं स्वसमाधिभाग्यम् ।,तेऽचक्षताक्षविषयꣳ स्वसमाधिभाग्यम् ।
1707,haṁsa-śriyor vyajanayoḥ śiva-vāyu-lolac-,हंसश्रियोर् व्यजनयोः शिववायुलोलच्-,हꣳसश्रियोर् व्यजनयोः शिववायुलोलच्-
1709,kṛtsna-prasāda-sumukhaṁ spṛhaṇīya-dhāma,कृत्स्नप्रसादसुमुखं स्पृहणीयधाम,कृत्स्नप्रसादसुमुखꣳ स्पृहणीयधाम
1710,snehāvaloka-kalayā hṛdi saṁspṛśantam |,स्नेहावलोककलया हृदि संस्पृशन्तम् ।,स्नेहावलोककलया हृदि सꣳस्पृशन्तम् ।
1712,cūḍāmaṇiṁ subhagayantam ivātma-dhiṣṇyam || ,चूडामणिं सुभगयन्तम् इवात्मधिष्ण्यम् ॥ ,चूडामणिꣳ सुभगयन्तम् इवात्मधिष्ण्यम् ॥ 
1713,pītāṁśuke pṛthu-nitambini visphurantyā,पीतांशुके पृथुनितम्बिनि विस्फुरन्त्या,पीताꣳशुके पृथुनितम्बिनि विस्फुरन्त्या
1715,valgu-prakoṣṭha-valayaṁ vinatā-sutāṁse,वल्गुप्रकोष्ठवलयं विनतासुतांसे,वल्गुप्रकोष्ठवलयꣳ विनतासुताꣳसे
1718,gaṇḍa-sthalonnasa-mukhaṁ maṇimat-kirīṭam |,गण्डस्थलोन्नसमुखं मणिमत्किरीटम् ।,गण्डस्थलोन्नसमुखꣳ मणिमत्किरीटम् ।
1722,svānāṁ dhiyā viracitaṁ bahu-sauṣṭhavāḍhyam |,स्वानां धिया विरचितं बहुसौष्ठवाढ्यम् ।,स्वानाꣳ धिया विरचितꣳ बहुसौष्ठवाढ्यम् ।
1723,mahyaṁ bhavasya bhavatāṁ ca bhajantam aṅgaṁ,मह्यं भवस्य भवतां च भजन्तम् अङ्गं,मह्यꣳ भवस्य भवताꣳ च भजन्तम् अङ्गꣳ
1727,antar-gataḥ sva-vivareṇa cakāra teṣāṁ,अन्तर्गतः स्वविवरेण चकार तेषां,अन्तर्गतः स्वविवरेण चकार तेषाꣳ
1732,dvandvaṁ nakhāruṇa-maṇi-śrayaṇaṁ nidadhyuḥ || ,द्वन्द्वं नखारुणमणिश्रयणं निदध्युः ॥ ,द्वन्द्वꣳ नखारुणमणिश्रयणꣳ निदध्युः ॥ 
1733,puṁsāṁ gatiṁ mṛgayatām iha yoga-mārgair,पुंसां गतिं मृगयताम् इह योगमार्गैर्,पुꣳसाꣳ गतिꣳ मृगयताम् इह योगमार्गैर्
1734,dhyānāspadaṁ bahu-mataṁ nayanābhirāmam |,ध्यानास्पदं बहुमतं नयनाभिरामम् ।,ध्यानास्पदꣳ बहुमतꣳ नयनाभिरामम् ।
1735,pauṁsaṁ vapur dara-śayānam ananya-siddhair,पौंसं वपुर् दरशयानम् अनन्यसिद्धैर्,पौꣳसꣳ वपुर् दरशयानम् अनन्यसिद्धैर्
1738,yo’ntarhito hṛdi gato’pi durātmanāṁ tvaṁ ,योऽन्तर्हितो हृदि गतोऽपि दुरात्मनां त्वं ,योऽन्तर्हितो हृदि गतोऽपि दुरात्मनाꣳ त्वꣳ 
1740,yarhy eva karṇa-vivareṇa guhāṁ gato naḥ,यर्ह्य् एव कर्णविवरेण गुहां गतो नः,यर्ह्य् एव कर्णविवरेण गुहाꣳ गतो नः
1742,taṁ tvāṁ vidāma bhagavan param ātma-tattvaṁ,तं त्वां विदाम भगवन् परम् आत्मतत्त्वं,तꣳ त्वाꣳ विदाम भगवन् परम् आत्मतत्त्वꣳ
1743,sattvena samprati ratiṁ racayantam eṣām |,सत्त्वेन सम्प्रति रतिं रचयन्तम् एषाम् ।,सत्त्वेन सम्प्रति रतिꣳ रचयन्तम् एषाम् ।
1746,nātyantikaṁ vigaṇayanty api te prasādaṁ,नात्यन्तिकं विगणयन्त्य् अपि ते प्रसादं,नात्यन्तिकꣳ विगणयन्त्य् अपि ते प्रसादꣳ
1747,kimv anyad arpita-bhayaṁ bhruva unnayais te |,किम्व् अन्यद् अर्पितभयं भ्रुव उन्नयैस् ते ।,किम्व् अन्यद् अर्पितभयꣳ भ्रुव उन्नयैस् ते ।
1750,kāmaṁ bhavaḥ sva-vṛjinair nirayeṣu naḥ stāc,कामं भवः स्ववृजिनैर् निरयेषु नः स्ताच्,कामꣳ भवः स्ववृजिनैर् निरयेषु नः स्ताच्
1754,prāduścakartha yad idaṁ puruhūta rūpaṁ,प्रादुश्चकर्थ यद् इदं पुरुहूत रूपं,प्रादुश्चकर्थ यद् इदꣳ पुरुहूत रूपꣳ
1755,teneśa nirvṛtim avāpur alaṁ dṛśo naḥ |,तेनेश निर्वृतिम् अवापुर् अलं दृशो नः ।,तेनेश निर्वृतिम् अवापुर् अलꣳ दृशो नः ।
1756,tasmā idaṁ bhagavate nama id vidhema,तस्मा इदं भगवते नम इद् विधेम,तस्मा इदꣳ भगवते नम इद् विधेम
1757,yo’nātmanāṁ durudayo bhagavān pratītaḥ || [bhā.pu. 3.15.37-50],योऽनात्मनां दुरुदयो भगवान् प्रतीतः ॥ [भा.पु. ३.१५.३७-५०],योऽनात्मनाꣳ दुरुदयो भगवान् प्रतीतः ॥ [भा.पु. ३.१५.३७-५०]
1758,atha krameṇa vyākhyāyate | evaṁ tadaiveti | ṭīkā ca—,अथ क्रमेण व्याख्यायते । एवं तदैवेति । टीका च—,अथ क्रमेण व्याख्यायते । एवꣳ तदैवेति । टीका च—
1759,"evaṁ svānāṁ mahatsu atikramam aparādhaṁ tat-kṣaṇam eva vibudhya, tasmin yatra te sanakādayas tābhyāṁ jaya-vijayābhyāṁ ruddhāḥ | taṁ deśaṁ yayau | āryāṇāṁ hṛdyaḥ manojñaḥ | caraṇau calayann iti | ayaṁ bhāvaḥ—mac-caraṇa-darśana-pratighātajaṁ krodhaṁ tau darśayan śamayiṣyāmīti tvarā-vyājena padbhyām eva yayau | śrī-sāhityaṁ ca niṣkāmān api vibhūtibhiḥ pūrayitvā kṣamāpayitum iti | ity eṣā |","एवं स्वानां महत्सु अतिक्रमम् अपराधं तत्क्षणम् एव विबुध्य, तस्मिन् यत्र ते सनकादयस् ताभ्यां जयविजयाभ्यां रुद्धाः । तं देशं ययौ । आर्याणां हृद्यः मनोज्ञः । चरणौ चलयन्न् इति । अयं भावः—मच्चरणदर्शनप्रतिघातजं क्रोधं तौ दर्शयन् शमयिष्यामीति त्वराव्याजेन पद्भ्याम् एव ययौ । श्रीसाहित्यं च निष्कामान् अपि विभूतिभिः पूरयित्वा क्षमापयितुम् इति । इत्य् एषा ।","एवꣳ स्वानाꣳ महत्सु अतिक्रमम् अपराधꣳ तत्क्षणम् एव विबुध्य, तस्मिन् यत्र ते सनकादयस् ताभ्याꣳ जयविजयाभ्याꣳ रुद्धाः । तꣳ देशꣳ ययौ । आर्याणाꣳ हृद्यः मनोज्ञः । चरणौ चलयन्न् इति । अयꣳ भावः—मच्चरणदर्शनप्रतिघातजꣳ क्रोधꣳ तौ दर्शयन् शमयिष्यामीति त्वराव्याजेन पद्भ्याम् एव ययौ । श्रीसाहित्यꣳ च निष्कामान् अपि विभूतिभिः पूरयित्वा क्षमापयितुम् इति । इत्य् एषा ।"
1760,atra teṣām ātmārāmāṇām apy ānanda-dānārthaṁ caraṇa-darśanena tasya saccidānanda-ghanatvaṁ | śrī-sāhityena tac-chakti-vilāsasyāpi svarūpānitaratvaṁ vivakṣitam | svānām iti bahu-vacanaṁ dvayor apy aparādhaḥ sarveṣv eva parivāreṣv āpatatīty apekṣayā tayor bahumānād vā | sva-śabdena munīnāṁ na tādṛśaṁ tad-ātmīyatvam iti vivakṣitam || (37),अत्र तेषाम् आत्मारामाणाम् अप्य् आनन्ददानार्थं चरणदर्शनेन तस्य सच्चिदानन्दघनत्वं । श्रीसाहित्येन तच्छक्तिविलासस्यापि स्वरूपानितरत्वं विवक्षितम् । स्वानाम् इति बहुवचनं द्वयोर् अप्य् अपराधः सर्वेष्व् एव परिवारेष्व् आपततीत्य् अपेक्षया तयोर् बहुमानाद् वा । स्वशब्देन मुनीनां न तादृशं तदात्मीयत्वम् इति विवक्षितम् ॥ (३७),अत्र तेषाम् आत्मारामाणाम् अप्य् आनन्ददानार्थꣳ चरणदर्शनेन तस्य सच्चिदानन्दघनत्वꣳ । श्रीसाहित्येन तच्छक्तिविलासस्यापि स्वरूपानितरत्वꣳ विवक्षितम् । स्वानाम् इति बहुवचनꣳ द्वयोर् अप्य् अपराधः सर्वेष्व् एव परिवारेष्व् आपततीत्य् अपेक्षया तयोर् बहुमानाद् वा । स्वशब्देन मुनीनाꣳ न तादृशꣳ तदात्मीयत्वम् इति विवक्षितम् ॥ (३७)
1761,"[bhā.pu. 3.15.38] tatra tair dṛṣṭaṁ devam anuvarṇayati pañcabhiḥ—taṁ tv āgatam iti | te sanakādayaḥ | sva-samadhinā bhāgyaṁ bhajanīyaṁ phalaṁ yad brahma, tad eva akṣa-viṣayaṁ | ","[भा.पु. ३.१५.३८] तत्र तैर् दृष्टं देवम् अनुवर्णयति पञ्चभिः—तं त्व् आगतम् इति । ते सनकादयः । स्वसमधिना भाग्यं भजनीयं फलं यद् ब्रह्म, तद् एव अक्षविषयं । ","[भा.पु. ३.१५.३८] तत्र तैर् दृष्टꣳ देवम् अनुवर्णयति पञ्चभिः—तꣳ त्व् आगतम् इति । ते सनकादयः । स्वसमधिना भाग्यꣳ भजनीयꣳ फलꣳ यद् ब्रह्म, तद् एव अक्षविषयꣳ । "
1762,"yad vā, sva-samādheḥ svasya hṛdi brahmākāreṇa para-tattva-sphūrter bhāgyaṁ phala-rūpaṁ | yato’kṣa-viṣayaṁ tadīya-sva-prakāśakatā-śakti-saṁskṛta-nikhila-dhīndriya-sphuritatvena samprati vispaṣṭam evānubhūyamānam | anena pūrvavat tasya śabda-sparśa-rūpa-rasa-gandhākhyānāṁ sarveṣām eva dharmāṇāṁ sac-cid-ānanda-ghanātmatvaṁ sādhitam | tathā nityam eva tathā-vidha-satatoditvara-mādhurī-vaicitryānubhava-pūrvakaṁ parama-premānanda-sandohena sevamānais tasyātmīyaiḥ puruṣair ānīta-sevaupayika-nānā-vastubhiḥ sevyamānaṁ bhagavantaṁ kathañcit kvacit kadācid eva tadānīṁ kenāpi samādhija-bhāgyodayena kevalam apaśyann iti teṣāṁ parama-viduṣāṁ spṛhāspadāvastheṣu teṣu śrī-vaikuṇṭha-puruṣeṣu kasyā api bhagavad-ānanda-śakter vilāsa-mayatvaṁ darśitam |","यद् वा, स्वसमाधेः स्वस्य हृदि ब्रह्माकारेण परतत्त्वस्फूर्तेर् भाग्यं फलरूपं । यतोऽक्षविषयं तदीयस्वप्रकाशकताशक्तिसंस्कृतनिखिलधीन्द्रियस्फुरितत्वेन सम्प्रति विस्पष्टम् एवानुभूयमानम् । अनेन पूर्ववत् तस्य शब्दस्पर्शरूपरसगन्धाख्यानां सर्वेषाम् एव धर्माणां सच्चिदानन्दघनात्मत्वं साधितम् । तथा नित्यम् एव तथाविधसततोदित्वरमाधुरीवैचित्र्यानुभवपूर्वकं परमप्रेमानन्दसन्दोहेन सेवमानैस् तस्यात्मीयैः पुरुषैर् आनीतसेवौपयिकनानावस्तुभिः सेव्यमानं भगवन्तं कथञ्चित् क्वचित् कदाचिद् एव तदानीं केनापि समाधिजभाग्योदयेन केवलम् अपश्यन्न् इति तेषां परमविदुषां स्पृहास्पदावस्थेषु तेषु श्रीवैकुण्ठपुरुषेषु कस्या अपि भगवदानन्दशक्तेर् विलासमयत्वं दर्शितम् ।","यद् वा, स्वसमाधेः स्वस्य हृदि ब्रह्माकारेण परतत्त्वस्फूर्तेर् भाग्यꣳ फलरूपꣳ । यतोऽक्षविषयꣳ तदीयस्वप्रकाशकताशक्तिसꣳस्कृतनिखिलधीन्द्रियस्फुरितत्वेन सम्प्रति विस्पष्टम् एवानुभूयमानम् । अनेन पूर्ववत् तस्य शब्दस्पर्शरूपरसगन्धाख्यानाꣳ सर्वेषाम् एव धर्माणाꣳ सच्चिदानन्दघनात्मत्वꣳ साधितम् । तथा नित्यम् एव तथाविधसततोदित्वरमाधुरीवैचित्र्यानुभवपूर्वकꣳ परमप्रेमानन्दसन्दोहेन सेवमानैस् तस्यात्मीयैः पुरुषैर् आनीतसेवौपयिकनानावस्तुभिः सेव्यमानꣳ भगवन्तꣳ कथञ्चित् क्वचित् कदाचिद् एव तदानीꣳ केनापि समाधिजभाग्योदयेन केवलम् अपश्यन्न् इति तेषाꣳ परमविदुषाꣳ स्पृहास्पदावस्थेषु तेषु श्रीवैकुण्ठपुरुषेषु कस्या अपि भगवदानन्दशक्तेर् विलासमयत्वꣳ दर्शितम् ।"
1763,atha teṣāṁ bhagavad-rater uddīpanatvena citta-kṣobhakatvāt tat-paricchadādīnām api tādṛśatvam āha—haṁsa- iti sārdhais tribhiḥ | keśarā muktā-maya-pralambāḥ | ,अथ तेषां भगवद्रतेर् उद्दीपनत्वेन चित्तक्षोभकत्वात् तत्परिच्छदादीनाम् अपि तादृशत्वम् आह—हंस- इति सार्धैस् त्रिभिः । केशरा मुक्तामयप्रलम्बाः । ,अथ तेषाꣳ भगवद्रतेर् उद्दीपनत्वेन चित्तक्षोभकत्वात् तत्परिच्छदादीनाम् अपि तादृशत्वम् आह—हꣳस- इति सार्धैस् त्रिभिः । केशरा मुक्तामयप्रलम्बाः । 
1764,"kṛtsna-prasāda- [bhā.pu. 3.15.39] iti | kṛtsnasya dvāra-pāla-muni-vṛndasya prasāde sumukham iti, spṛhaṇīyānāṁ guṇānāṁ dhāma sthānam iti ca, tat-tad-guṇānāṁ tādṛśatvaṁ darśitam | snehāvaloketi vilāsasya | svaḥ sukha-bhoga-sthānāni, nityānantānanda-rūpatvāt teṣāṁ cūḍāmaṇim ātma-dhiṣṇyaṁ sva-svarūpa-sthānaṁ śrī-vaikuṇṭham | tādṛśe’py urasi śobhitayā rekhā-rūpayā śriyā kṛtvā subhagayantam iva, tatra bhūṣaṇa-viśeṣaṁ nidadhānam iva | iveti vākyālaṅkāre | anena śrī-vaikuṇṭhasya nityatvaṁ sarvotkṛṣṭatvaṁ ca | ","कृत्स्नप्रसाद- [भा.पु. ३.१५.३९] इति । कृत्स्नस्य द्वारपालमुनिवृन्दस्य प्रसादे सुमुखम् इति, स्पृहणीयानां गुणानां धाम स्थानम् इति च, तत्तद्गुणानां तादृशत्वं दर्शितम् । स्नेहावलोकेति विलासस्य । स्वः सुखभोगस्थानानि, नित्यानन्तानन्दरूपत्वात् तेषां चूडामणिम् आत्मधिष्ण्यं स्वस्वरूपस्थानं श्रीवैकुण्ठम् । तादृशेऽप्य् उरसि शोभितया रेखारूपया श्रिया कृत्वा सुभगयन्तम् इव, तत्र भूषणविशेषं निदधानम् इव । इवेति वाक्यालङ्कारे । अनेन श्रीवैकुण्ठस्य नित्यत्वं सर्वोत्कृष्टत्वं च । ","कृत्स्नप्रसाद- [भा.पु. ३.१५.३९] इति । कृत्स्नस्य द्वारपालमुनिवृन्दस्य प्रसादे सुमुखम् इति, स्पृहणीयानाꣳ गुणानाꣳ धाम स्थानम् इति च, तत्तद्गुणानाꣳ तादृशत्वꣳ दर्शितम् । स्नेहावलोकेति विलासस्य । स्वः सुखभोगस्थानानि, नित्यानन्तानन्दरूपत्वात् तेषाꣳ चूडामणिम् आत्मधिष्ण्यꣳ स्वस्वरूपस्थानꣳ श्रीवैकुण्ठम् । तादृशेऽप्य् उरसि शोभितया रेखारूपया श्रिया कृत्वा सुभगयन्तम् इव, तत्र भूषणविशेषꣳ निदधानम् इव । इवेति वाक्यालङ्कारे । अनेन श्रीवैकुण्ठस्य नित्यत्वꣳ सर्वोत्कृष्टत्वꣳ च । "
1765,"uktaṁ ca, tad-viśva-gurv [bhā.pu. 3.15.26] ity-ādau, āpuḥ parāṁ mudam ity-ādi | ","उक्तं च, तद्विश्वगुर्व् [भा.पु. ३.१५.२६] इत्यादौ, आपुः परां मुदम् इत्यादि । ","उक्तꣳ च, तद्विश्वगुर्व् [भा.पु. ३.१५.२६] इत्यादौ, आपुः पराꣳ मुदम् इत्यादि । "
1767,vaikuṇṭhaṁ tad-adhiṣṭhānaṁ vikuṇṭhaṁ ca svayaṁ-prabham || ,वैकुण्ठं तदधिष्ठानं विकुण्ठं च स्वयंप्रभम् ॥ ,वैकुण्ठꣳ तदधिष्ठानꣳ विकुण्ठꣳ च स्वयꣳप्रभम् ॥ 
1768,bhagavantaṁ parikramya praṇipatyānumānya ca |,भगवन्तं परिक्रम्य प्रणिपत्यानुमान्य च ।,भगवन्तꣳ परिक्रम्य प्रणिपत्यानुमान्य च ।
1769,pratijagmuḥ pramuditāḥ śaṁsanto vaiṣṇavīṁ śriyam || [bhā.pu. 3.16.27-28],प्रतिजग्मुः प्रमुदिताः शंसन्तो वैष्णवीं श्रियम् ॥ [भा.पु. ३.१६.२७-२८],प्रतिजग्मुः प्रमुदिताः शꣳसन्तो वैष्णवीꣳ श्रियम् ॥ [भा.पु. ३.१६.२७-२८]
1770,pītāṁśuke [3.15.40] iti | kāñcyā vana-mālayā cety atrettham-bhūta-lakṣaṇe tṛtīyā ||,पीतांशुके [३.१५.४०] इति । काञ्च्या वनमालया चेत्य् अत्रेत्थम्भूतलक्षणे तृतीया ॥,पीताꣳशुके [३.१५.४०] इति । काञ्च्या वनमालया चेत्य् अत्रेत्थम्भूतलक्षणे तृतीया ॥
1772,"tad evaṁ paricchadādīnām api tādṛśatvaṁ varṇayitvā, punas tasyaivātimanoharatvam āha—atropasṛṣṭam [3.15.42] iti | indirāyā utsmitaṁ garvaḥ | atra bhagavati upasṛṣṭaṁ, asya kāntasya nityena lābhena nityam evādhikam āvirbhāvitam iti [svānāṁ] tadīyānāṁ dhiyā vitarkitam | atra hetuḥ—bahu-sauṣṭhavāḍhyam ananta-svarūpa-rūpa-guṇa-sampadbhir yuktam | ","तद् एवं परिच्छदादीनाम् अपि तादृशत्वं वर्णयित्वा, पुनस् तस्यैवातिमनोहरत्वम् आह—अत्रोपसृष्टम् [३.१५.४२] इति । इन्दिराया उत्स्मितं गर्वः । अत्र भगवति उपसृष्टं, अस्य कान्तस्य नित्येन लाभेन नित्यम् एवाधिकम् आविर्भावितम् इति [स्वानां] तदीयानां धिया वितर्कितम् । अत्र हेतुः—बहुसौष्ठवाढ्यम् अनन्तस्वरूपरूपगुणसम्पद्भिर् युक्तम् । ","तद् एवꣳ परिच्छदादीनाम् अपि तादृशत्वꣳ वर्णयित्वा, पुनस् तस्यैवातिमनोहरत्वम् आह—अत्रोपसृष्टम् [३.१५.४२] इति । इन्दिराया उत्स्मितꣳ गर्वः । अत्र भगवति उपसृष्टꣳ, अस्य कान्तस्य नित्येन लाभेन नित्यम् एवाधिकम् आविर्भावितम् इति [स्वानाꣳ] तदीयानाꣳ धिया वितर्कितम् । अत्र हेतुः—बहुसौष्ठवाढ्यम् अनन्तस्वरूपरूपगुणसम्पद्भिर् युक्तम् । "
1773,"nanv evambhūtasya lakṣmyā api rahasya-mahā-nidhi-rūpasya parama-vastunaḥ kathaṁ prakāśaḥ sambhavati ? ity ata āha—mahyam iti | mad-ādīnāṁ bhaktānāṁ kṛte aṅgaṁ bhajantaṁ mūrtiṁ prakaṭayantam, asmad-viṣayakam aṅgīkāraṁ bhajantam ity arthaḥ | ","नन्व् एवम्भूतस्य लक्ष्म्या अपि रहस्यमहानिधिरूपस्य परमवस्तुनः कथं प्रकाशः सम्भवति ? इत्य् अत आह—मह्यम् इति । मदादीनां भक्तानां कृते अङ्गं भजन्तं मूर्तिं प्रकटयन्तम्, अस्मद्विषयकम् अङ्गीकारं भजन्तम् इत्य् अर्थः । ","नन्व् एवम्भूतस्य लक्ष्म्या अपि रहस्यमहानिधिरूपस्य परमवस्तुनः कथꣳ प्रकाशः सम्भवति ? इत्य् अत आह—मह्यम् इति । मदादीनाꣳ भक्तानाꣳ कृते अङ्गꣳ भजन्तꣳ मूर्तिꣳ प्रकटयन्तम्, अस्मद्विषयकम् अङ्गीकारꣳ भजन्तम् इत्य् अर्थः । "
1775,sambhāvanaṁ tava parivraḍhima-svabhāvam,सम्भावनं तव परिव्रढिमस्वभावम्,सम्भावनꣳ तव परिव्रढिमस्वभावम्
1776,māyā-balena bhavatāpi niguhyamānaṁ,मायाबलेन भवतापि निगुह्यमानं,मायाबलेन भवतापि निगुह्यमानꣳ
1777,"paśyanti kecid aniśaṁ tvad-ananya-bhāvāḥ || [stotra-ratna, 13] itivat |","पश्यन्ति केचिद् अनिशं त्वदनन्यभावाः ॥ [स्तोत्ररत्न, १३] इतिवत् ।","पश्यन्ति केचिद् अनिशꣳ त्वदनन्यभावाः ॥ [स्तोत्ररत्न, १३] इतिवत् ।"
1778,bhaktir evainaṁ nayati bhaktir evainaṁ darśayati ity-ādi-śruteḥ | ,भक्तिर् एवैनं नयति भक्तिर् एवैनं दर्शयति इत्यादिश्रुतेः । ,भक्तिर् एवैनꣳ नयति भक्तिर् एवैनꣳ दर्शयति इत्यादिश्रुतेः । 
1779,tathā-bhūtaṁ tam acakṣateti | nirīkṣya ca mudā kaiḥ śirobhir nemuḥ | na viśeṣeṇa tṛptā dṛśo netrāṇi yeṣāṁ te ||,तथाभूतं तम् अचक्षतेति । निरीक्ष्य च मुदा कैः शिरोभिर् नेमुः । न विशेषेण तृप्ता दृशो नेत्राणि येषां ते ॥,तथाभूतꣳ तम् अचक्षतेति । निरीक्ष्य च मुदा कैः शिरोभिर् नेमुः । न विशेषेण तृप्ता दृशो नेत्राणि येषाꣳ ते ॥
1781,"svarūpānandād api teṣāṁ bhajanānandādhikyam ity āha | tasya padāravinda-kiñjalkaiḥ keśarair miśrā yā tulasī, tasyā makarandena yukto yo vāyuḥ, sva-vivareṇa nāsā-cchidreṇa, akṣara-juṣāṁ brahmānanda-sevinām api, saṅkṣobhaṁ citte’tiharṣaṁ tanau romāñcam | ity eṣā ||","स्वरूपानन्दाद् अपि तेषां भजनानन्दाधिक्यम् इत्य् आह । तस्य पदारविन्दकिञ्जल्कैः केशरैर् मिश्रा या तुलसी, तस्या मकरन्देन युक्तो यो वायुः, स्वविवरेण नासाच्छिद्रेण, अक्षरजुषां ब्रह्मानन्दसेविनाम् अपि, सङ्क्षोभं चित्तेऽतिहर्षं तनौ रोमाञ्चम् । इत्य् एषा ॥","स्वरूपानन्दाद् अपि तेषाꣳ भजनानन्दाधिक्यम् इत्य् आह । तस्य पदारविन्दकिञ्जल्कैः केशरैर् मिश्रा या तुलसी, तस्या मकरन्देन युक्तो यो वायुः, स्वविवरेण नासाच्छिद्रेण, अक्षरजुषाꣳ ब्रह्मानन्दसेविनाम् अपि, सङ्क्षोभꣳ चित्तेऽतिहर्षꣳ तनौ रोमाञ्चम् । इत्य् एषा ॥"
1782,atra padayor aravinda-kiñjalka-miśrā yā tulasīti vyākhyeyam | aravinda-tulasyau ca tadānīṁ vana-mālā-sthite eva jñeye | astu tāvad bhagavad-ātma-bhūtānāṁ teṣām aṅgopāṅgānāṁ teṣu kṣobha-kāritvaṁ tat-sambandhino vāyor apīti bhāvaḥ |,अत्र पदयोर् अरविन्दकिञ्जल्कमिश्रा या तुलसीति व्याख्येयम् । अरविन्दतुलस्यौ च तदानीं वनमालास्थिते एव ज्ञेये । अस्तु तावद् भगवदात्मभूतानां तेषाम् अङ्गोपाङ्गानां तेषु क्षोभकारित्वं तत्सम्बन्धिनो वायोर् अपीति भावः ।,अत्र पदयोर् अरविन्दकिञ्जल्कमिश्रा या तुलसीति व्याख्येयम् । अरविन्दतुलस्यौ च तदानीꣳ वनमालास्थिते एव ज्ञेये । अस्तु तावद् भगवदात्मभूतानाꣳ तेषाम् अङ्गोपाङ्गानाꣳ तेषु क्षोभकारित्वꣳ तत्सम्बन्धिनो वायोर् अपीति भावः ।
1784,"so’śnute sarvān kāmān saha brahmaṇā vipaścitā [tai.u. 2.1.2] iti brahma-vedana-phalam avagamayad vākyaṁ parasya vipaścito brahmaṇo guṇānantyaṁ bravīti, vipaścitā brahmaṇā saha sarvān kāmān aśnute | kāmyanta iti kāmāḥ kalyāṇa-guṇāḥ | para-brahmaṇā saha tad-guṇān sarvān aśnute ity arthaḥ | dahara-vidyāyāṁ, tasmin yad antas tad anveṣṭavyam [chā.u. 8.1.1] itivad guṇa-prādhānyaṁ vaktuṁ saha-śabdaḥ || [ve.sū.rā.bhā. 1.1.1] iti |","सोऽश्नुते सर्वान् कामान् सह ब्रह्मणा विपश्चिता [तै.उ. २.१.२] इति ब्रह्मवेदनफलम् अवगमयद् वाक्यं परस्य विपश्चितो ब्रह्मणो गुणानन्त्यं ब्रवीति, विपश्चिता ब्रह्मणा सह सर्वान् कामान् अश्नुते । काम्यन्त इति कामाः कल्याणगुणाः । परब्रह्मणा सह तद्गुणान् सर्वान् अश्नुते इत्य् अर्थः । दहरविद्यायां, तस्मिन् यद् अन्तस् तद् अन्वेष्टव्यम् [छा.उ. ८.१.१] इतिवद् गुणप्राधान्यं वक्तुं सहशब्दः ॥ [वे.सू.रा.भा. १.१.१] इति ।","सोऽश्नुते सर्वान् कामान् सह ब्रह्मणा विपश्चिता [तै.उ. २.१.२] इति ब्रह्मवेदनफलम् अवगमयद् वाक्यꣳ परस्य विपश्चितो ब्रह्मणो गुणानन्त्यꣳ ब्रवीति, विपश्चिता ब्रह्मणा सह सर्वान् कामान् अश्नुते । काम्यन्त इति कामाः कल्याणगुणाः । परब्रह्मणा सह तद्गुणान् सर्वान् अश्नुते इत्य् अर्थः । दहरविद्यायाꣳ, तस्मिन् यद् अन्तस् तद् अन्वेष्टव्यम् [छा.उ. ८.१.१] इतिवद् गुणप्राधान्यꣳ वक्तुꣳ सहशब्दः ॥ [वे.सू.रा.भा. १.१.१] इति ।"
1785,"harṣa-kāritaṁ sambhramam āha dvābhyām—te vā [3.15.44] iti | te vai kila, vadanam eva asita-padma-koṣa īṣad-vikasitaṁ nīlāmbujaṁ taṁ, ut ūrdhva-dṛṣṭyā vīkṣya, labdha-manorathāḥ santaḥ | nakhā eva aruṇa-maṇayaḥ, teṣāṁ śrayaṇam āśraya-bhūtaṁ aṅghri-dvandvaṁ punar avekṣya adho-dṛṣṭyā vīkṣya, punaḥ punar evaṁ vīkṣya yugapat sarvāṅga-lāvaṇya-grahaṇāśakteḥ paścān nidadhyuś cintayāmāsuḥ, “yugapad eva katham idam idaṁ sarvaṁ paśyema ?” ity utkaṇṭhābhiḥ sthāyi-bhāva-poṣakaṁ cintākhyaṁ bhāvam āpur ity arthaḥ ||","हर्षकारितं सम्भ्रमम् आह द्वाभ्याम्—ते वा [३.१५.४४] इति । ते वै किल, वदनम् एव असितपद्मकोष ईषद्विकसितं नीलाम्बुजं तं, उत् ऊर्ध्वदृष्ट्या वीक्ष्य, लब्धमनोरथाः सन्तः । नखा एव अरुणमणयः, तेषां श्रयणम् आश्रयभूतं अङ्घ्रिद्वन्द्वं पुनर् अवेक्ष्य अधोदृष्ट्या वीक्ष्य, पुनः पुनर् एवं वीक्ष्य युगपत् सर्वाङ्गलावण्यग्रहणाशक्तेः पश्चान् निदध्युश् चिन्तयामासुः, “युगपद् एव कथम् इदम् इदं सर्वं पश्येम ?” इत्य् उत्कण्ठाभिः स्थायिभावपोषकं चिन्ताख्यं भावम् आपुर् इत्य् अर्थः ॥","हर्षकारितꣳ सम्भ्रमम् आह द्वाभ्याम्—ते वा [३.१५.४४] इति । ते वै किल, वदनम् एव असितपद्मकोष ईषद्विकसितꣳ नीलाम्बुजꣳ तꣳ, उत् ऊर्ध्वदृष्ट्या वीक्ष्य, लब्धमनोरथाः सन्तः । नखा एव अरुणमणयः, तेषाꣳ श्रयणम् आश्रयभूतꣳ अङ्घ्रिद्वन्द्वꣳ पुनर् अवेक्ष्य अधोदृष्ट्या वीक्ष्य, पुनः पुनर् एवꣳ वीक्ष्य युगपत् सर्वाङ्गलावण्यग्रहणाशक्तेः पश्चान् निदध्युश् चिन्तयामासुः, “युगपद् एव कथम् इदम् इदꣳ सर्वꣳ पश्येम ?” इत्य् उत्कण्ठाभिः स्थायिभावपोषकꣳ चिन्ताख्यꣳ भावम् आपुर् इत्य् अर्थः ॥"
1786,"puṁsām [3.15.45] iti | bahu-mataṁ brahmaṇo’pi ghana-prakāśatvād atyādarāspadam, bahūnāṁ tattva-dṛśāṁ sammatam iti vā, 2pauṁsnaṁ vapur darśayānam iti | puruṣasya garbhoda-śāyino guṇāvatāra-rūpaṁ śrī-viṣṇv-ākhyaṁ yad vapuḥ, tad-abhinnataḥ svaṁ vapur darśayantaṁ, na tu brahmādivad anyathātvenety arthaḥ | ananyena svenaiva siddhaiḥ svarūpa-bhūtair ity arthaḥ | ata eva autpattikaiḥ, tadvad evānādi-siddhair ity arthaḥ | aṇimādy-aṣṭaiśvarya-yutam viśiṣṭaṁ, na tūpalakṣitam | anena teṣāṁ stuty-āspada-viśeṣaṇatvena aiśvaryopalakṣita-samasta-bhagānāṁ tādṛśatvaṁ vyañjitam | samagṛṇan samyag astuvann ity arthaḥ ||","पुंसाम् [३.१५.४५] इति । बहुमतं ब्रह्मणोऽपि घनप्रकाशत्वाद् अत्यादरास्पदम्, बहूनां तत्त्वदृशां सम्मतम् इति वा, २पौंस्नं वपुर् दर्शयानम् इति । पुरुषस्य गर्भोदशायिनो गुणावताररूपं श्रीविष्ण्वाख्यं यद् वपुः, तदभिन्नतः स्वं वपुर् दर्शयन्तं, न तु ब्रह्मादिवद् अन्यथात्वेनेत्य् अर्थः । अनन्येन स्वेनैव सिद्धैः स्वरूपभूतैर् इत्य् अर्थः । अत एव औत्पत्तिकैः, तद्वद् एवानादिसिद्धैर् इत्य् अर्थः । अणिमाद्यष्टैश्वर्ययुतम् विशिष्टं, न तूपलक्षितम् । अनेन तेषां स्तुत्यास्पदविशेषणत्वेन ऐश्वर्योपलक्षितसमस्तभगानां तादृशत्वं व्यञ्जितम् । समगृणन् सम्यग् अस्तुवन्न् इत्य् अर्थः ॥","पुꣳसाम् [३.१५.४५] इति । बहुमतꣳ ब्रह्मणोऽपि घनप्रकाशत्वाद् अत्यादरास्पदम्, बहूनाꣳ तत्त्वदृशाꣳ सम्मतम् इति वा, २पौꣳस्नꣳ वपुर् दर्शयानम् इति । पुरुषस्य गर्भोदशायिनो गुणावताररूपꣳ श्रीविष्ण्वाख्यꣳ यद् वपुः, तदभिन्नतः स्वꣳ वपुर् दर्शयन्तꣳ, न तु ब्रह्मादिवद् अन्यथात्वेनेत्य् अर्थः । अनन्येन स्वेनैव सिद्धैः स्वरूपभूतैर् इत्य् अर्थः । अत एव औत्पत्तिकैः, तद्वद् एवानादिसिद्धैर् इत्य् अर्थः । अणिमाद्यष्टैश्वर्ययुतम् विशिष्टꣳ, न तूपलक्षितम् । अनेन तेषाꣳ स्तुत्यास्पदविशेषणत्वेन ऐश्वर्योपलक्षितसमस्तभगानाꣳ तादृशत्वꣳ व्यञ्जितम् । समगृणन् सम्यग् अस्तुवन्न् इत्य् अर्थः ॥"
1787,atha śrī-bhagavatas tādṛśa-bhāva-vyañjinīṁ nijāṁ mūrtiṁ teṣām eva sva-hārdābhivyakti-kareṇa stuti-vākyena pramāṇayati—śrī-kumārā ūcur iti | stutim āha—ya [bhā.pu. 3.15.46] iti pañcabhiḥ | atra akṣara-juṣām api [bhā.pu. 3.15.43] ity anusṛtya vyākhyāyate | ,अथ श्रीभगवतस् तादृशभावव्यञ्जिनीं निजां मूर्तिं तेषाम् एव स्वहार्दाभिव्यक्तिकरेण स्तुतिवाक्येन प्रमाणयति—श्रीकुमारा ऊचुर् इति । स्तुतिम् आह—य [भा.पु. ३.१५.४६] इति पञ्चभिः । अत्र अक्षरजुषाम् अपि [भा.पु. ३.१५.४३] इत्य् अनुसृत्य व्याख्यायते । ,अथ श्रीभगवतस् तादृशभावव्यञ्जिनीꣳ निजाꣳ मूर्तिꣳ तेषाम् एव स्वहार्दाभिव्यक्तिकरेण स्तुतिवाक्येन प्रमाणयति—श्रीकुमारा ऊचुर् इति । स्तुतिम् आह—य [भा.पु. ३.१५.४६] इति पञ्चभिः । अत्र अक्षरजुषाम् अपि [भा.पु. ३.१५.४३] इत्य् अनुसृत्य व्याख्यायते । 
1788,"nityaṁ brahma-rūpeṇa prakāśase, na tac citram | idānīṁ tu viśuddha-sattva-laksaṇena svarūpa-śakti-vṛtti-viśeṣeṇa prakāśitayā ghana-prakāśa-para-tattvaika-rūpayā mūrtyā pratyakṣo’si, aho bhāgyam asmākam ity āhuḥ—he ananta ! yas tvaṁ hṛd-gato’pi durātmanām antarhito na sphurasi, sa tvaṁ no’smākam antarhito na bhavasi, nayana-mūlaṁ tv adyaiva rāddhaḥ prāpto’si | ","नित्यं ब्रह्मरूपेण प्रकाशसे, न तच् चित्रम् । इदानीं तु विशुद्धसत्त्वलक्सणेन स्वरूपशक्तिवृत्तिविशेषेण प्रकाशितया घनप्रकाशपरतत्त्वैकरूपया मूर्त्या प्रत्यक्षोऽसि, अहो भाग्यम् अस्माकम् इत्य् आहुः—हे अनन्त ! यस् त्वं हृद्गतोऽपि दुरात्मनाम् अन्तर्हितो न स्फुरसि, स त्वं नोऽस्माकम् अन्तर्हितो न भवसि, नयनमूलं त्व् अद्यैव राद्धः प्राप्तोऽसि । ","नित्यꣳ ब्रह्मरूपेण प्रकाशसे, न तच् चित्रम् । इदानीꣳ तु विशुद्धसत्त्वलक्सणेन स्वरूपशक्तिवृत्तिविशेषेण प्रकाशितया घनप्रकाशपरतत्त्वैकरूपया मूर्त्या प्रत्यक्षोऽसि, अहो भाग्यम् अस्माकम् इत्य् आहुः—हे अनन्त ! यस् त्वꣳ हृद्गतोऽपि दुरात्मनाम् अन्तर्हितो न स्फुरसि, स त्वꣳ नोऽस्माकम् अन्तर्हितो न भवसि, नयनमूलꣳ त्व् अद्यैव राद्धः प्राप्तोऽसि । "
1789,"tathā ca—api saṁrādhane pratyakṣānumānābhyāṁ [ve.sū. 3.2.24] ity asya viṣaya-vākyam, ","तथा च—अपि संराधने प्रत्यक्षानुमानाभ्यां [वे।सू। ३।२।२४] इत्य् अस्य विषयवाक्यम्, ","तथा च—अपि सꣳराधने प्रत्यक्षानुमानाभ्याꣳ [वे.सू. ३.२.२४] इत्य् अस्य विषयवाक्यम्, "
1794,"antardhānābhāve hetuḥ—bhavad-udbhavena brahmaṇā tenāsmat-pitrā yarhi yadā eva anuvarṇita-rahā uddiṣṭa-brahmākhya-rahasyaḥ, tadaiva naḥ karṇa-mārgeṇa tad-rūpatayā guhāṁ buddhiṁ gato’sīti | tad uktaṁ—akṣara-juṣām api [bhā.pu. 3.15.43] iti ||","अन्तर्धानाभावे हेतुः—भवदुद्भवेन ब्रह्मणा तेनास्मत्पित्रा यर्हि यदा एव अनुवर्णितरहा उद्दिष्टब्रह्माख्यरहस्यः, तदैव नः कर्णमार्गेण तद्रूपतया गुहां बुद्धिं गतोऽसीति । तद् उक्तं—अक्षरजुषाम् अपि [भा.पु. ३.१५.४३] इति ॥","अन्तर्धानाभावे हेतुः—भवदुद्भवेन ब्रह्मणा तेनास्मत्पित्रा यर्हि यदा एव अनुवर्णितरहा उद्दिष्टब्रह्माख्यरहस्यः, तदैव नः कर्णमार्गेण तद्रूपतया गुहाꣳ बुद्धिꣳ गतोऽसीति । तद् उक्तꣳ—अक्षरजुषाम् अपि [भा.पु. ३.१५.४३] इति ॥"
1795,"nanu, pitropadiṣṭaṁ bhavatām adṛśyam ātma-tattvākhyaṁ rahaḥ, ahaṁ tv anya eva syāṁ dṛśyatvāt | naivam, asmat-pratyabhijñayā bheda-nirāsād ity āhuḥ—taṁ tvām [bhā.pu. 3.15.47] iti | he bhagavan ! paraṁ kevalam ātma-tattvaṁ brahma-svarūpaṁ tvāṁ vidāma vidmaḥ pratyabhijānīmaḥ | kena pratyabhijānītha? samprati adhunā sattvena, asmāsv etad-rūpāvirbhāvena | etāvantaṁ kālaṁ na jñātavanto vayaṁ, adhunā tu sākṣād-anubhavena niścitavantaḥ sma ity arthaḥ | tvaṁ śuddha-citta-vṛttau brahmavat netre’py asmākaṁ sphurasi, na tu dṛśyatveneti bhāvaḥ | ","ननु, पित्रोपदिष्टं भवताम् अदृश्यम् आत्मतत्त्वाख्यं रहः, अहं त्व् अन्य एव स्यां दृश्यत्वात् । नैवम्, अस्मत्प्रत्यभिज्ञया भेदनिरासाद् इत्य् आहुः—तं त्वाम् [भा.पु. ३.१५.४७] इति । हे भगवन् ! परं केवलम् आत्मतत्त्वं ब्रह्मस्वरूपं त्वां विदाम विद्मः प्रत्यभिजानीमः । केन प्रत्यभिजानीथ? सम्प्रति अधुना सत्त्वेन, अस्मास्व् एतद्रूपाविर्भावेन । एतावन्तं कालं न ज्ञातवन्तो वयं, अधुना तु साक्षादनुभवेन निश्चितवन्तः स्म इत्य् अर्थः । त्वं शुद्धचित्तवृत्तौ ब्रह्मवत् नेत्रेऽप्य् अस्माकं स्फुरसि, न तु दृश्यत्वेनेति भावः । ","ननु, पित्रोपदिष्टꣳ भवताम् अदृश्यम् आत्मतत्त्वाख्यꣳ रहः, अहꣳ त्व् अन्य एव स्याꣳ दृश्यत्वात् । नैवम्, अस्मत्प्रत्यभिज्ञया भेदनिरासाद् इत्य् आहुः—तꣳ त्वाम् [भा.पु. ३.१५.४७] इति । हे भगवन् ! परꣳ केवलम् आत्मतत्त्वꣳ ब्रह्मस्वरूपꣳ त्वाꣳ विदाम विद्मः प्रत्यभिजानीमः । केन प्रत्यभिजानीथ? सम्प्रति अधुना सत्त्वेन, अस्मास्व् एतद्रूपाविर्भावेन । एतावन्तꣳ कालꣳ न ज्ञातवन्तो वयꣳ, अधुना तु साक्षादनुभवेन निश्चितवन्तः स्म इत्य् अर्थः । त्वꣳ शुद्धचित्तवृत्तौ ब्रह्मवत् नेत्रेऽप्य् अस्माकꣳ स्फुरसि, न तु दृश्यत्वेनेति भावः । "
1796,"na kevalaṁ pratyabhijñā-mātram ity āhuḥ—eṣām asmākaṁ ratiṁ racayantam, anyathā ratir api tvayy asmākaṁ nodbhaved iti bhāvaḥ | nirahaṁ-mānāditvenānyeṣām apy ātmārāmāṇām anyato raty-abhāvam eva dyotayantas tad ātma-tattvam āhuḥ | tatraiva sādhana-vaiśiṣṭyāt kim api vaiśiṣṭyaṁ cāhuḥ—yat tvad-rūpatvenāvirbhavad-ātma-tattvaṁ te’nutāpaḥ kṛpā, tenaiva viditair dṛḍha-bhakti-yogair viduḥ | yad vā, anutāpo dainyaṁ, tena viditais te tava dṛḍha-bhakti-yogaiḥ | ","न केवलं प्रत्यभिज्ञामात्रम् इत्य् आहुः—एषाम् अस्माकं रतिं रचयन्तम्, अन्यथा रतिर् अपि त्वय्य् अस्माकं नोद्भवेद् इति भावः । निरहंमानादित्वेनान्येषाम् अप्य् आत्मारामाणाम् अन्यतो रत्यभावम् एव द्योतयन्तस् तद् आत्मतत्त्वम् आहुः । तत्रैव साधनवैशिष्ट्यात् किम् अपि वैशिष्ट्यं चाहुः—यत् त्वद्रूपत्वेनाविर्भवदात्मतत्त्वं तेऽनुतापः कृपा, तेनैव विदितैर् दृढभक्तियोगैर् विदुः । यद् वा, अनुतापो दैन्यं, तेन विदितैस् ते तव दृढभक्तियोगैः । ","न केवलꣳ प्रत्यभिज्ञामात्रम् इत्य् आहुः—एषाम् अस्माकꣳ रतिꣳ रचयन्तम्, अन्यथा रतिर् अपि त्वय्य् अस्माकꣳ नोद्भवेद् इति भावः । निरहꣳमानादित्वेनान्येषाम् अप्य् आत्मारामाणाम् अन्यतो रत्यभावम् एव द्योतयन्तस् तद् आत्मतत्त्वम् आहुः । तत्रैव साधनवैशिष्ट्यात् किम् अपि वैशिष्ट्यꣳ चाहुः—यत् त्वद्रूपत्वेनाविर्भवदात्मतत्त्वꣳ तेऽनुतापः कृपा, तेनैव विदितैर् दृढभक्तियोगैर् विदुः । यद् वा, अनुतापो दैन्यꣳ, तेन विदितैस् ते तव दृढभक्तियोगैः । "
1797,"kīdṛśāḥ ? udgranthayo nirahaṁ-mānāḥ, ata eva virāgāḥ | tad evaṁ pitrānuvarṇita-rahā ity atra rahaḥ-śabdaś catuḥ-ślokī-rītyā prema-bhakter eva vācaka iti vyañjitam ||","कीदृशाः ? उद्ग्रन्थयो निरहंमानाः, अत एव विरागाः । तद् एवं पित्रानुवर्णितरहा इत्य् अत्र रहःशब्दश् चतुःश्लोकीरीत्या प्रेमभक्तेर् एव वाचक इति व्यञ्जितम् ॥","कीदृशाः ? उद्ग्रन्थयो निरहꣳमानाः, अत एव विरागाः । तद् एवꣳ पित्रानुवर्णितरहा इत्य् अत्र रहःशब्दश् चतुःश्लोकीरीत्या प्रेमभक्तेर् एव वाचक इति व्यञ्जितम् ॥"
1798,"atha pūrvam abheda-matayo’pi samprati svarūpānanda-śakti-vilāsair vicitrita-matayo bhūyo’pi bhedātmikāṁ bhaktim eva prārthayituṁ bhaktānāṁ sukhātiśayam āhuḥ—nātyantikam [3.15.48] iti | ātyantikaṁ mokṣa-lakṣaṇaṁ prasādam api, kim utānyad indrādi-padam ||","अथ पूर्वम् अभेदमतयोऽपि सम्प्रति स्वरूपानन्दशक्तिविलासैर् विचित्रितमतयो भूयोऽपि भेदात्मिकां भक्तिम् एव प्रार्थयितुं भक्तानां सुखातिशयम् आहुः—नात्यन्तिकम् [३.१५.४८] इति । आत्यन्तिकं मोक्षलक्षणं प्रसादम् अपि, किम् उतान्यद् इन्द्रादिपदम् ॥","अथ पूर्वम् अभेदमतयोऽपि सम्प्रति स्वरूपानन्दशक्तिविलासैर् विचित्रितमतयो भूयोऽपि भेदात्मिकाꣳ भक्तिम् एव प्रार्थयितुꣳ भक्तानाꣳ सुखातिशयम् आहुः—नात्यन्तिकम् [३.१५.४८] इति । आत्यन्तिकꣳ मोक्षलक्षणꣳ प्रसादम् अपि, किम् उतान्यद् इन्द्रादिपदम् ॥"
1799,"idānīṁ svāparādhaṁ dyotayanto bhaktiṁ prārthayante—kāmam [3.15.49] iti | he bhagavan ! ataḥ pūrvam asmākaṁ vṛjinaṁ nābhavat | idānīṁ tu sarvāṇy api jātāni, yatas tvad-bhaktau śaptau | atas tair vṛjinair nirayeṣu kāmaṁ no’smākaṁ bhavo janma syāt | anena, tad-adhigama uttara-pūrvārdhayor aśleṣa-vināśau tad-vyapadeśāt [ve.sū. 4.1.13] iti nyāyenāsambhava-tad-bhāvānāṁ brahma-jñāninām api sveṣāṁ bahu-naraka-kāri-vṛjināpāta-kṣamāpaṇena tayor itthambhūta-guṇo hariḥ [bhā.pu. 1.7.11] itivat sarvādbhuta-mahattamatvaṁ sūcitam | aho nirayā api bhaveyur eva, na tāvatāpi paryāptaṁ, tebhyaś ca nāsmākam api bhayam | ","इदानीं स्वापराधं द्योतयन्तो भक्तिं प्रार्थयन्ते—कामम् [३.१५.४९] इति । हे भगवन् ! अतः पूर्वम् अस्माकं वृजिनं नाभवत् । इदानीं तु सर्वाण्य् अपि जातानि, यतस् त्वद्भक्तौ शप्तौ । अतस् तैर् वृजिनैर् निरयेषु कामं नोऽस्माकं भवो जन्म स्यात् । अनेन, तदधिगम उत्तरपूर्वार्धयोर् अश्लेषविनाशौ तद्व्यपदेशात् [वे.सू. ४.१.१३] इति न्यायेनासम्भवतद्भावानां ब्रह्मज्ञानिनाम् अपि स्वेषां बहुनरककारिवृजिनापातक्षमापणेन तयोर् इत्थम्भूतगुणो हरिः [भा.पु. १.७.११] इतिवत् सर्वाद्भुतमहत्तमत्वं सूचितम् । अहो निरया अपि भवेयुर् एव, न तावतापि पर्याप्तं, तेभ्यश् च नास्माकम् अपि भयम् । ","इदानीꣳ स्वापराधꣳ द्योतयन्तो भक्तिꣳ प्रार्थयन्ते—कामम् [३.१५.४९] इति । हे भगवन् ! अतः पूर्वम् अस्माकꣳ वृजिनꣳ नाभवत् । इदानीꣳ तु सर्वाण्य् अपि जातानि, यतस् त्वद्भक्तौ शप्तौ । अतस् तैर् वृजिनैर् निरयेषु कामꣳ नोऽस्माकꣳ भवो जन्म स्यात् । अनेन, तदधिगम उत्तरपूर्वार्धयोर् अश्लेषविनाशौ तद्व्यपदेशात् [वे.सू. ४.१.१३] इति न्यायेनासम्भवतद्भावानाꣳ ब्रह्मज्ञानिनाम् अपि स्वेषाꣳ बहुनरककारिवृजिनापातक्षमापणेन तयोर् इत्थम्भूतगुणो हरिः [भा.पु. १.७.११] इतिवत् सर्वाद्भुतमहत्तमत्वꣳ सूचितम् । अहो निरया अपि भवेयुर् एव, न तावतापि पर्याप्तꣳ, तेभ्यश् च नास्माकम् अपि भयम् । "
1800,"atra tu mūlaṁ duṣphalaṁ bhagavat-parāṅ-mukhī-bhāva eva, sa tv asmākaṁ mābhūd iti sa-kāku prārthayante | nu vitarke | yadi tu naś cetas te padayo rameta, tatrāpy alivad eva kevala-tan-mādhuryāsvādāpekṣayā, na tu brahmātmānubhavāpekṣayā | evaṁ vācaś cety-ādi | ","अत्र तु मूलं दुष्फलं भगवत्पराङ्मुखीभाव एव, स त्व् अस्माकं माभूद् इति सकाकु प्रार्थयन्ते । नु वितर्के । यदि तु नश् चेतस् ते पदयो रमेत, तत्राप्य् अलिवद् एव केवलतन्माधुर्यास्वादापेक्षया, न तु ब्रह्मात्मानुभवापेक्षया । एवं वाचश् चेत्यादि । ","अत्र तु मूलꣳ दुष्फलꣳ भगवत्पराङ्मुखीभाव एव, स त्व् अस्माकꣳ माभूद् इति सकाकु प्रार्थयन्ते । नु वितर्के । यदि तु नश् चेतस् ते पदयो रमेत, तत्राप्य् अलिवद् एव केवलतन्माधुर्यास्वादापेक्षया, न तु ब्रह्मात्मानुभवापेक्षया । एवꣳ वाचश् चेत्यादि । "
1801,atra bhaktāparādhasya bhagavatā kṣamā tad-icchā-mātra-kṛta-tat-krodha-jananāt teṣām aparādhābhāsatveneti jñeyam | śloka-dvaye’smin kaivalyān narake’pi tvad-bhakti-mātraṁ kāmayamānānām asmākaṁ tad-avirodhatvāt śreyān iti svārasya-labdham ||,अत्र भक्तापराधस्य भगवता क्षमा तदिच्छामात्रकृततत्क्रोधजननात् तेषाम् अपराधाभासत्वेनेति ज्ञेयम् । श्लोकद्वयेऽस्मिन् कैवल्यान् नरकेऽपि त्वद्भक्तिमात्रं कामयमानानाम् अस्माकं तदविरोधत्वात् श्रेयान् इति स्वारस्यलब्धम् ॥,अत्र भक्तापराधस्य भगवता क्षमा तदिच्छामात्रकृततत्क्रोधजननात् तेषाम् अपराधाभासत्वेनेति ज्ञेयम् । श्लोकद्वयेऽस्मिन् कैवल्यान् नरकेऽपि त्वद्भक्तिमात्रꣳ कामयमानानाम् अस्माकꣳ तदविरोधत्वात् श्रेयान् इति स्वारस्यलब्धम् ॥
1802,"tathāpītthaṁ kṛtārthatvam asmākam aticitram ity āhuḥ—prāduḥ [3.15.50] iti | anātmanām ātmanas tava ekānta-bhakti-rahitānām aprakaṭo’pi it itthaṁ yaḥ pratīto’si, tasmai tubhyaṁ nama idaṁ vidhemeti | ","तथापीत्थं कृतार्थत्वम् अस्माकम् अतिचित्रम् इत्य् आहुः—प्रादुः [३.१५.५०] इति । अनात्मनाम् आत्मनस् तव एकान्तभक्तिरहितानाम् अप्रकटोऽपि इत् इत्थं यः प्रतीतोऽसि, तस्मै तुभ्यं नम इदं विधेमेति । ","तथापीत्थꣳ कृतार्थत्वम् अस्माकम् अतिचित्रम् इत्य् आहुः—प्रादुः [३.१५.५०] इति । अनात्मनाम् आत्मनस् तव एकान्तभक्तिरहितानाम् अप्रकटोऽपि इत् इत्थꣳ यः प्रतीतोऽसि, तस्मै तुभ्यꣳ नम इदꣳ विधेमेति । "
1803,tatraitad uktaṁ bhavati | ete brahma-vidyā-siddhānāṁ parāvara-gurūṇām api guravaḥ | ata eva paramahaṁsa-mahā-munīnām [bhā.pu. 3.15.37] ity uktam |,तत्रैतद् उक्तं भवति । एते ब्रह्मविद्यासिद्धानां परावरगुरूणाम् अपि गुरवः । अत एव परमहंसमहामुनीनाम् [भा.पु. ३.१५.३७] इत्य् उक्तम् ।,तत्रैतद् उक्तꣳ भवति । एते ब्रह्मविद्यासिद्धानाꣳ परावरगुरूणाम् अपि गुरवः । अत एव परमहꣳसमहामुनीनाम् [भा.पु. ३.१५.३७] इत्य् उक्तम् ।
1804,taṁ tvām ahaṁ jñāna-ghanaṁ svabhāva-,तं त्वाम् अहं ज्ञानघनं स्वभाव-,तꣳ त्वाम् अहꣳ ज्ञानघनꣳ स्वभाव-
1806,sanandanādyair hṛdi saṁvibhāvyam [bhā.pu. 9.8.23],सनन्दनाद्यैर् हृदि संविभाव्यम् [भा।पु। ९।८।२३],सनन्दनाद्यैर् हृदि सꣳविभाव्यम् [भा.पु. ९.८.२३]
1807,"iti śrīmad-aṁśumad-vākyādau, ihātma-tattvaṁ samyag jagāda munayo yad acakṣatātmann [bhā.pu. 2.7.5] iti brahma-vākyādau, tasmai mṛdita-kaṣāyāya tamasaḥ pāraṁ darśayati bhagavān sanat-kumāraḥ [chā.u. 7.26.2] ity-ādi-śrutau ca tathā prasiddham | ","इति श्रीमदंशुमद्वाक्यादौ, इहात्मतत्त्वं सम्यग् जगाद मुनयो यद् अचक्षतात्मन्न् [भा.पु. २.७.५] इति ब्रह्मवाक्यादौ, तस्मै मृदितकषायाय तमसः पारं दर्शयति भगवान् सनत्कुमारः [छा.उ. ७.२६.२] इत्यादिश्रुतौ च तथा प्रसिद्धम् । ","इति श्रीमदꣳशुमद्वाक्यादौ, इहात्मतत्त्वꣳ सम्यग् जगाद मुनयो यद् अचक्षतात्मन्न् [भा.पु. २.७.५] इति ब्रह्मवाक्यादौ, तस्मै मृदितकषायाय तमसः पारꣳ दर्शयति भगवान् सनत्कुमारः [छा.उ. ७.२६.२] इत्यादिश्रुतौ च तथा प्रसिद्धम् । "
1809,taṁ sa-prapañcam adhirūḍha-samādhi-yogaḥ |,तं सप्रपञ्चम् अधिरूढसमाधियोगः ।,तꣳ सप्रपञ्चम् अधिरूढसमाधियोगः ।
1810,svāpnaṁ punar na bhajate pratibuddha-vastuḥ || [bhā.pu. 3.28.38] iti śrī-kapila-deva-vākyāt |,स्वाप्नं पुनर् न भजते प्रतिबुद्धवस्तुः ॥ [भा.पु. ३.२८.३८] इति श्रीकपिलदेववाक्यात् ।,स्वाप्नꣳ पुनर् न भजते प्रतिबुद्धवस्तुः ॥ [भा.पु. ३.२८.३८] इति श्रीकपिलदेववाक्यात् ।
1811,"ata eva teṣāṁ pradhvasta-māyā-guṇa-bheda-mohānāṁ krodhādikam api durghaṭa-ghaṭanā-kāriṇyā śrī-bhagavad-icchayaiva jātam iti tair api vyākhyātam | tad evaṁ teṣāṁ satata-brahmānanda-magnatvaṁ siddham | tad uktam—akṣara-juṣām api [bhā.pu. 3.15.43] iti, yo’ntarhita [bhā.pu. 3.15.46] ity-ādi ca | śrūyate cānyatra brahma-juṣām avikṣipta-cittatvam | yathā saptame śrī-nārada-vākyam—","अत एव तेषां प्रध्वस्तमायागुणभेदमोहानां क्रोधादिकम् अपि दुर्घटघटनाकारिण्या श्रीभगवदिच्छयैव जातम् इति तैर् अपि व्याख्यातम् । तद् एवं तेषां सततब्रह्मानन्दमग्नत्वं सिद्धम् । तद् उक्तम्—अक्षरजुषाम् अपि [भा.पु. ३.१५.४३] इति, योऽन्तर्हित [भा.पु. ३.१५.४६] इत्यादि च । श्रूयते चान्यत्र ब्रह्मजुषाम् अविक्षिप्तचित्तत्वम् । यथा सप्तमे श्रीनारदवाक्यम्—","अत एव तेषाꣳ प्रध्वस्तमायागुणभेदमोहानाꣳ क्रोधादिकम् अपि दुर्घटघटनाकारिण्या श्रीभगवदिच्छयैव जातम् इति तैर् अपि व्याख्यातम् । तद् एवꣳ तेषाꣳ सततब्रह्मानन्दमग्नत्वꣳ सिद्धम् । तद् उक्तम्—अक्षरजुषाम् अपि [भा.पु. ३.१५.४३] इति, योऽन्तर्हित [भा.पु. ३.१५.४६] इत्यादि च । श्रूयते चान्यत्र ब्रह्मजुषाम् अविक्षिप्तचित्तत्वम् । यथा सप्तमे श्रीनारदवाक्यम्—"
1812,kāmādibhir anābiddhaṁ praśāntākhila-vṛttir yat |,कामादिभिर् अनाबिद्धं प्रशान्ताखिलवृत्तिर् यत् ।,कामादिभिर् अनाबिद्धꣳ प्रशान्ताखिलवृत्तिर् यत् ।
1813,cittaṁ brahma-sukha-spṛṣṭaṁ naivottiṣṭheta karhicit || [bhā.pu. 7.15.35] iti |,चित्तं ब्रह्मसुखस्पृष्टं नैवोत्तिष्ठेत कर्हिचित् ॥ [भा.पु. ७.१५.३५] इति ।,चित्तꣳ ब्रह्मसुखस्पृष्टꣳ नैवोत्तिष्ठेत कर्हिचित् ॥ [भा.पु. ७.१५.३५] इति ।
1814,tathāpi teṣāṁ bhagavad-ānandākṛṣṭa-cittatvam ucyate | evam anyeṣām apy ātmārāmāṇāṁ tādṛśatvaṁ śrūyate | sva-sukha-nibhṛta-cetās tad-vyudas tāny abhāvo’py ajita-rucira-līlākṛṣṭa-sāraḥ [bhā.pu. 12.12.69] ity-ādiṣu |,तथापि तेषां भगवदानन्दाकृष्टचित्तत्वम् उच्यते । एवम् अन्येषाम् अप्य् आत्मारामाणां तादृशत्वं श्रूयते । स्वसुखनिभृतचेतास् तद्व्युदस् तान्य् अभावोऽप्य् अजितरुचिरलीलाकृष्टसारः [भा.पु. १२.१२.६९] इत्यादिषु ।,तथापि तेषाꣳ भगवदानन्दाकृष्टचित्तत्वम् उच्यते । एवम् अन्येषाम् अप्य् आत्मारामाणाꣳ तादृशत्वꣳ श्रूयते । स्वसुखनिभृतचेतास् तद्व्युदस् तान्य् अभावोऽप्य् अजितरुचिरलीलाकृष्टसारः [भा.पु. १२.१२.६९] इत्यादिषु ।
1815,"atha loka-saṅgrahārthair vaiṣā teṣāṁ bhakti-prakriyā, prācīna-saṁskāra-vaśā vā ? naivam | ubhayatrāpi, vāso yathā parikṛtaṁ madirā-madāndha [bhā.pu. 3.28.37] itivat tatrāveśāsambhavāt | dṛśyate tv anyatrānāveśaḥ—","अथ लोकसङ्ग्रहार्थैर् वैषा तेषां भक्तिप्रक्रिया, प्राचीनसंस्कारवशा वा ? नैवम् । उभयत्रापि, वासो यथा परिकृतं मदिरामदान्ध [भा.पु. ३.२८.३७] इतिवत् तत्रावेशासम्भवात् । दृश्यते त्व् अन्यत्रानावेशः—","अथ लोकसङ्ग्रहार्थैर् वैषा तेषाꣳ भक्तिप्रक्रिया, प्राचीनसꣳस्कारवशा वा ? नैवम् । उभयत्रापि, वासो यथा परिकृतꣳ मदिरामदान्ध [भा.पु. ३.२८.३७] इतिवत् तत्रावेशासम्भवात् । दृश्यते त्व् अन्यत्रानावेशः—"
1818,"bhagavati tv āveśaḥ, paramahaṁsa-mahā-munīnām anveṣaṇīya-caraṇau [bhā.pu. 3.15.37] ity atra yādṛcchikatāvirodhy anveṣaṇīyatvābhidhānāt | ","भगवति त्व् आवेशः, परमहंसमहामुनीनाम् अन्वेषणीयचरणौ [भा.पु. ३.१५.३७] इत्य् अत्र यादृच्छिकताविरोध्य् अन्वेषणीयत्वाभिधानात् । ","भगवति त्व् आवेशः, परमहꣳसमहामुनीनाम् अन्वेषणीयचरणौ [भा.पु. ३.१५.३७] इत्य् अत्र यादृच्छिकताविरोध्य् अन्वेषणीयत्वाभिधानात् । "
1819,"pañcame tu, asaṅga-niśita-jñānānala-vidhūtāśeṣa-malānāṁ bhavat-svabhāvānām ātmārāmāṇāṁ munīnām anavarata-pariguṇita-guṇa-gaṇa [bhā.pu. 5.3.11] ity atra gadye tad-eka-niṣṭhatvam apy uktam | ajita-rucira-līlākṛṣṭa-sāraḥ [bhā.pu. 12.12.69] ity atraiva ca | atrāpi teneśa nirvṛtim avāpur alaṁ dṛśo naḥ [bhā.pu. 3.15.50] ity-ādau sukhadatvam api sākṣād evoktam | ","पञ्चमे तु, असङ्गनिशितज्ञानानलविधूताशेषमलानां भवत्स्वभावानाम् आत्मारामाणां मुनीनाम् अनवरतपरिगुणितगुणगण [भा.पु. ५.३.११] इत्य् अत्र गद्ये तदेकनिष्ठत्वम् अप्य् उक्तम् । अजितरुचिरलीलाकृष्टसारः [भा.पु. १२.१२.६९] इत्य् अत्रैव च । अत्रापि तेनेश निर्वृतिम् अवापुर् अलं दृशो नः [भा.पु. ३.१५.५०] इत्यादौ सुखदत्वम् अपि साक्षाद् एवोक्तम् । ","पञ्चमे तु, असङ्गनिशितज्ञानानलविधूताशेषमलानाꣳ भवत्स्वभावानाम् आत्मारामाणाꣳ मुनीनाम् अनवरतपरिगुणितगुणगण [भा.पु. ५.३.११] इत्य् अत्र गद्ये तदेकनिष्ठत्वम् अप्य् उक्तम् । अजितरुचिरलीलाकृष्टसारः [भा.पु. १२.१२.६९] इत्य् अत्रैव च । अत्रापि तेनेश निर्वृतिम् अवापुर् अलꣳ दृशो नः [भा.पु. ३.१५.५०] इत्यादौ सुखदत्वम् अपि साक्षाद् एवोक्तम् । "
1820,"atra pūrvokta-hetoś ca, stutau pratyutopālambha-prasaṅgāc ca, snehāvaloka-kalayā hṛdi saṁspṛśantam [bhā.pu. 3.15.39] iti sākṣād-ukteś ca, dṛśām eva sukhaṁ jātam ity anāsaktir eva vyañjitety api na vyākhyeyam | ","अत्र पूर्वोक्तहेतोश् च, स्तुतौ प्रत्युतोपालम्भप्रसङ्गाच् च, स्नेहावलोककलया हृदि संस्पृशन्तम् [भा.पु. ३.१५.३९] इति साक्षादुक्तेश् च, दृशाम् एव सुखं जातम् इत्य् अनासक्तिर् एव व्यञ्जितेत्य् अपि न व्याख्येयम् । ","अत्र पूर्वोक्तहेतोश् च, स्तुतौ प्रत्युतोपालम्भप्रसङ्गाच् च, स्नेहावलोककलया हृदि सꣳस्पृशन्तम् [भा.पु. ३.१५.३९] इति साक्षादुक्तेश् च, दृशाम् एव सुखꣳ जातम् इत्य् अनासक्तिर् एव व्यञ्जितेत्य् अपि न व्याख्येयम् । "
1821,"tasmād ātmārāmāṇāṁ ramaṇāspadatvād brahmākhyam ātma-vastv eva śrī-bhagavān | tatrāpi cakāra teṣāṁ saṁkṣobham akṣara-juṣām api citta-tanvoḥ [bhā.pu. 3.15.43] iti śravaṇāt tato’pi ghana-prakāśaḥ | tat-tad-vicitra-śrī-bhagavad-aṅgopāṅgādy-abhiniveśa-darśanānanda-vaicitrī copalabhyate, sā cānyathānupapattyā svarūpa-śakti-vilāsa-rūpaiveti |","तस्माद् आत्मारामाणां रमणास्पदत्वाद् ब्रह्माख्यम् आत्मवस्त्व् एव श्रीभगवान् । तत्रापि चकार तेषां संक्षोभम् अक्षरजुषाम् अपि चित्ततन्वोः [भा.पु. ३.१५.४३] इति श्रवणात् ततोऽपि घनप्रकाशः । तत्तद्विचित्रश्रीभगवदङ्गोपाङ्गाद्यभिनिवेशदर्शनानन्दवैचित्री चोपलभ्यते, सा चान्यथानुपपत्त्या स्वरूपशक्तिविलासरूपैवेति ।","तस्माद् आत्मारामाणाꣳ रमणास्पदत्वाद् ब्रह्माख्यम् आत्मवस्त्व् एव श्रीभगवान् । तत्रापि चकार तेषाꣳ सꣳक्षोभम् अक्षरजुषाम् अपि चित्ततन्वोः [भा.पु. ३.१५.४३] इति श्रवणात् ततोऽपि घनप्रकाशः । तत्तद्विचित्रश्रीभगवदङ्गोपाङ्गाद्यभिनिवेशदर्शनानन्दवैचित्री चोपलभ्यते, सा चान्यथानुपपत्त्या स्वरूपशक्तिविलासरूपैवेति ।"
1822,"nanu, bhavatu teṣām ānandādhikyāt tasmin nirviśeṣa-svarūpānandasyaiva ghana-prakāśatā, upādhi-vaiśiṣṭyāt | yataḥ, viśuddha-sattva-sambhāvitāyāṁ citta-vṛttau yad brahma sphurati, tad eva ghanībhūtākhaṇḍa-viśuddha-sattva-maye bhagavati sphurat, tad-adhyastatayā tad-aikyam āpannāyāṁ tasyāṁ viśeṣata eva sphurati | ata eva śrī-vigrahādi-para-brahmaṇor abheda-vākyam api tad-atyanta-tādātmyāpekṣayaiva | ata eva tatra tatropādhāv eka eva nirbheda-paramānandaḥ samupalabhyate, na tu viśeṣākāra-gandho’pi | tat-tad-upādher apekṣaṇaṁ tu pratipada-tad-ānanda-samādhi-gata-kautuka-nibandhanam | tasmāt katham anena pramāṇena tat-tad-upādhīnām api para-tattvākāratvaṁ sādhyate ? iti cet, ucyate—","ननु, भवतु तेषाम् आनन्दाधिक्यात् तस्मिन् निर्विशेषस्वरूपानन्दस्यैव घनप्रकाशता, उपाधिवैशिष्ट्यात् । यतः, विशुद्धसत्त्वसम्भावितायां चित्तवृत्तौ यद् ब्रह्म स्फुरति, तद् एव घनीभूताखण्डविशुद्धसत्त्वमये भगवति स्फुरत्, तदध्यस्ततया तदैक्यम् आपन्नायां तस्यां विशेषत एव स्फुरति । अत एव श्रीविग्रहादिपरब्रह्मणोर् अभेदवाक्यम् अपि तदत्यन्ततादात्म्यापेक्षयैव । अत एव तत्र तत्रोपाधाव् एक एव निर्भेदपरमानन्दः समुपलभ्यते, न तु विशेषाकारगन्धोऽपि । तत्तदुपाधेर् अपेक्षणं तु प्रतिपदतदानन्दसमाधिगतकौतुकनिबन्धनम् । तस्मात् कथम् अनेन प्रमाणेन तत्तदुपाधीनाम् अपि परतत्त्वाकारत्वं साध्यते ? इति चेत्, उच्यते—","ननु, भवतु तेषाम् आनन्दाधिक्यात् तस्मिन् निर्विशेषस्वरूपानन्दस्यैव घनप्रकाशता, उपाधिवैशिष्ट्यात् । यतः, विशुद्धसत्त्वसम्भावितायाꣳ चित्तवृत्तौ यद् ब्रह्म स्फुरति, तद् एव घनीभूताखण्डविशुद्धसत्त्वमये भगवति स्फुरत्, तदध्यस्ततया तदैक्यम् आपन्नायाꣳ तस्याꣳ विशेषत एव स्फुरति । अत एव श्रीविग्रहादिपरब्रह्मणोर् अभेदवाक्यम् अपि तदत्यन्ततादात्म्यापेक्षयैव । अत एव तत्र तत्रोपाधाव् एक एव निर्भेदपरमानन्दः समुपलभ्यते, न तु विशेषाकारगन्धोऽपि । तत्तदुपाधेर् अपेक्षणꣳ तु प्रतिपदतदानन्दसमाधिगतकौतुकनिबन्धनम् । तस्मात् कथम् अनेन प्रमाणेन तत्तदुपाधीनाम् अपि परतत्त्वाकारत्वꣳ साध्यते ? इति चेत्, उच्यते—"
1823,"bhavan-mate tāvad yac chuddha-citta-vṛttau para-brahma sphurati, tat samyag eva sphurati,  bhedāṁśa-leśa-parityāgenaiva brahma-vidyātvāṅgīkārāt, asamyag-jñānasya tattvānaṅgīkārāt, tena kaivalyāsambhavāc ca | ato na śrī-vigrahādāv adhikāvirbhāvāṅgīkāro yujyate |","भवन्मते तावद् यच् छुद्धचित्तवृत्तौ परब्रह्म स्फुरति, तत् सम्यग् एव स्फुरति,  भेदांशलेशपरित्यागेनैव ब्रह्मविद्यात्वाङ्गीकारात्, असम्यग्ज्ञानस्य तत्त्वानङ्गीकारात्, तेन कैवल्यासम्भवाच् च । अतो न श्रीविग्रहादाव् अधिकाविर्भावाङ्गीकारो युज्यते ।","भवन्मते तावद् यच् छुद्धचित्तवृत्तौ परब्रह्म स्फुरति, तत् सम्यग् एव स्फुरति,  भेदाꣳशलेशपरित्यागेनैव ब्रह्मविद्यात्वाङ्गीकारात्, असम्यग्ज्ञानस्य तत्त्वानङ्गीकारात्, तेन कैवल्यासम्भवाच् च । अतो न श्रीविग्रहादाव् अधिकाविर्भावाङ्गीकारो युज्यते ।"
1824,"kiṁ ca, śuddha-sattva-mayā vigrahādi-lakṣaṇopādhaya iti vadatas tava ko’bhiprāyaḥ ? kiṁ tat-pariṇāmās te, tat-pracurā vā ? nādyaḥ, rajo’sad-bhāvena pariṇāmāsambhava iti hy uktam | na cāntyaḥ, yeṣu vigrahādiṣu tat-prācuryaṁ te miśra-sattvasya kārya-bhūtā ity arthāpattau, sattvaṁ viśuddhaṁ śrayate bhavān sthitau [bhā.pu. 10.2.34] ity-ādi-vacana-jāte viśuddha-pada-vaiyarthyam iti coktam eva | astu vā vimiśratvaṁ, tathāpi tādṛśe brahma-sphuraṇa-yogyataiva na sambhavet, kiṁ punar viśeṣeṇety uddeśya-vismṛtiś ca syāt | ","किं च, शुद्धसत्त्वमया विग्रहादिलक्षणोपाधय इति वदतस् तव कोऽभिप्रायः ? किं तत्परिणामास् ते, तत्प्रचुरा वा ? नाद्यः, रजोऽसद्भावेन परिणामासम्भव इति ह्य् उक्तम् । न चान्त्यः, येषु विग्रहादिषु तत्प्राचुर्यं ते मिश्रसत्त्वस्य कार्यभूता इत्य् अर्थापत्तौ, सत्त्वं विशुद्धं श्रयते भवान् स्थितौ [भा.पु. १०.२.३४] इत्यादिवचनजाते विशुद्धपदवैयर्थ्यम् इति चोक्तम् एव । अस्तु वा विमिश्रत्वं, तथापि तादृशे ब्रह्मस्फुरणयोग्यतैव न सम्भवेत्, किं पुनर् विशेषेणेत्य् उद्देश्यविस्मृतिश् च स्यात् । ","किꣳ च, शुद्धसत्त्वमया विग्रहादिलक्षणोपाधय इति वदतस् तव कोऽभिप्रायः ? किꣳ तत्परिणामास् ते, तत्प्रचुरा वा ? नाद्यः, रजोऽसद्भावेन परिणामासम्भव इति ह्य् उक्तम् । न चान्त्यः, येषु विग्रहादिषु तत्प्राचुर्यꣳ ते मिश्रसत्त्वस्य कार्यभूता इत्य् अर्थापत्तौ, सत्त्वꣳ विशुद्धꣳ श्रयते भवान् स्थितौ [भा.पु. १०.२.३४] इत्यादिवचनजाते विशुद्धपदवैयर्थ्यम् इति चोक्तम् एव । अस्तु वा विमिश्रत्वꣳ, तथापि तादृशे ब्रह्मस्फुरणयोग्यतैव न सम्भवेत्, किꣳ पुनर् विशेषेणेत्य् उद्देश्यविस्मृतिश् च स्यात् । "
1825,"athākhaṇḍa-viśuddha-sattvāśrayatvena te’pi tad-rūpatayaivocyante | tataś ca te svanubhūtākhaṇḍa-śuddha-sattve tasmin brahmānubhavantīti cet, tad ayuktaṁ, kalpanā-gauravāt, te’cakṣatākṣa-viṣayaṁ sva-samādhi-bhāgyam [bhā.pu. 3.15.38] iti sākṣād eva gocarī-kṛtatvenoktatayā paramparā-dṛṣṭatva-pratighātāc ca | tasya śuddha-sattvasya prākṛtatvaṁ tu niṣiddham eva | tasmān na te prākṛta-sattva-pariṇāmāḥ, na vā tat-pracurāḥ, kintu sva-prakāśatā-lakṣaṇa-śuddha-sattva-prakāśitā iti prāktanam evoktaṁ vyaktam | ","अथाखण्डविशुद्धसत्त्वाश्रयत्वेन तेऽपि तद्रूपतयैवोच्यन्ते । ततश् च ते स्वनुभूताखण्डशुद्धसत्त्वे तस्मिन् ब्रह्मानुभवन्तीति चेत्, तद् अयुक्तं, कल्पनागौरवात्, तेऽचक्षताक्षविषयं स्वसमाधिभाग्यम् [भा.पु. ३.१५.३८] इति साक्षाद् एव गोचरीकृतत्वेनोक्ततया परम्परादृष्टत्वप्रतिघाताच् च । तस्य शुद्धसत्त्वस्य प्राकृतत्वं तु निषिद्धम् एव । तस्मान् न ते प्राकृतसत्त्वपरिणामाः, न वा तत्प्रचुराः, किन्तु स्वप्रकाशतालक्षणशुद्धसत्त्वप्रकाशिता इति प्राक्तनम् एवोक्तं व्यक्तम् । ","अथाखण्डविशुद्धसत्त्वाश्रयत्वेन तेऽपि तद्रूपतयैवोच्यन्ते । ततश् च ते स्वनुभूताखण्डशुद्धसत्त्वे तस्मिन् ब्रह्मानुभवन्तीति चेत्, तद् अयुक्तꣳ, कल्पनागौरवात्, तेऽचक्षताक्षविषयꣳ स्वसमाधिभाग्यम् [भा.पु. ३.१५.३८] इति साक्षाद् एव गोचरीकृतत्वेनोक्ततया परम्परादृष्टत्वप्रतिघाताच् च । तस्य शुद्धसत्त्वस्य प्राकृतत्वꣳ तु निषिद्धम् एव । तस्मान् न ते प्राकृतसत्त्वपरिणामाः, न वा तत्प्रचुराः, किन्तु स्वप्रकाशतालक्षणशुद्धसत्त्वप्रकाशिता इति प्राक्तनम् एवोक्तꣳ व्यक्तम् । "
1826,"ata eva teṣām upādhitva-nirākṛtes tat-tad-anubhavānanda-vaicitrī ca sampadyate | tathaiva tam evam evambhūtam acakṣata [bhā.pu. 3.15.38] iti tat-tad-viṣaya-saundarya-varṇanaṁ prastutopakāritvāt sārthakaṁ syāt, akhaṇḍa-śuddha-sattva-maya-mātreṇaivābhipreta-siddheḥ | ata eva nirīkṣya ca na vitṛpta-dṛśaḥ [bhā.pu. 3.15.42] iti dṛk-sambandhitvād rūpa-kṛtaivātṛptir uktā | ","अत एव तेषाम् उपाधित्वनिराकृतेस् तत्तदनुभवानन्दवैचित्री च सम्पद्यते । तथैव तम् एवम् एवम्भूतम् अचक्षत [भा.पु. ३.१५.३८] इति तत्तद्विषयसौन्दर्यवर्णनं प्रस्तुतोपकारित्वात् सार्थकं स्यात्, अखण्डशुद्धसत्त्वमयमात्रेणैवाभिप्रेतसिद्धेः । अत एव निरीक्ष्य च न वितृप्तदृशः [भा.पु. ३.१५.४२] इति दृक्सम्बन्धित्वाद् रूपकृतैवातृप्तिर् उक्ता । ","अत एव तेषाम् उपाधित्वनिराकृतेस् तत्तदनुभवानन्दवैचित्री च सम्पद्यते । तथैव तम् एवम् एवम्भूतम् अचक्षत [भा.पु. ३.१५.३८] इति तत्तद्विषयसौन्दर्यवर्णनꣳ प्रस्तुतोपकारित्वात् सार्थकꣳ स्यात्, अखण्डशुद्धसत्त्वमयमात्रेणैवाभिप्रेतसिद्धेः । अत एव निरीक्ष्य च न वितृप्तदृशः [भा.पु. ३.१५.४२] इति दृक्सम्बन्धित्वाद् रूपकृतैवातृप्तिर् उक्ता । "
1827,"tathaiva ca, śabdenaivākṣara-jayitvaṁ padāravinda-parimalātmaka-vāyu-lakṣaṇasya tad-viśeṣasya darśitam | anyathobhayatrāpi brahmānandasyaiva nirviśeṣatayopalabhyamānatve vidyā-juṣām apīty upādhi-pradhānam evocyate, upādhi-yugalasyaiva mithaḥ-spardhitva-prāpteḥ | anenākṣarānubhava-sukha-jayitva-kathanena vaśiṣṭhādīnaṁ putra-śokādikam iva tad-āveśābhāsa evāyam ity api nirastam | ata evam evoktaṁ śrī-svāmibhir api—svarūpānandād api teṣāṁ bhajanānandādhikyam āha iti |","तथैव च, शब्देनैवाक्षरजयित्वं पदारविन्दपरिमलात्मकवायुलक्षणस्य तद्विशेषस्य दर्शितम् । अन्यथोभयत्रापि ब्रह्मानन्दस्यैव निर्विशेषतयोपलभ्यमानत्वे विद्याजुषाम् अपीत्य् उपाधिप्रधानम् एवोच्यते, उपाधियुगलस्यैव मिथःस्पर्धित्वप्राप्तेः । अनेनाक्षरानुभवसुखजयित्वकथनेन वशिष्ठादीनं पुत्रशोकादिकम् इव तदावेशाभास एवायम् इत्य् अपि निरस्तम् । अत एवम् एवोक्तं श्रीस्वामिभिर् अपि—स्वरूपानन्दाद् अपि तेषां भजनानन्दाधिक्यम् आह इति ।","तथैव च, शब्देनैवाक्षरजयित्वꣳ पदारविन्दपरिमलात्मकवायुलक्षणस्य तद्विशेषस्य दर्शितम् । अन्यथोभयत्रापि ब्रह्मानन्दस्यैव निर्विशेषतयोपलभ्यमानत्वे विद्याजुषाम् अपीत्य् उपाधिप्रधानम् एवोच्यते, उपाधियुगलस्यैव मिथःस्पर्धित्वप्राप्तेः । अनेनाक्षरानुभवसुखजयित्वकथनेन वशिष्ठादीनꣳ पुत्रशोकादिकम् इव तदावेशाभास एवायम् इत्य् अपि निरस्तम् । अत एवम् एवोक्तꣳ श्रीस्वामिभिर् अपि—स्वरूपानन्दाद् अपि तेषाꣳ भजनानन्दाधिक्यम् आह इति ।"
1828,"tasmād asti vaicitryam api | ata eva tair api vicitratayaiva prārthitaṁ—ceto’livad yadi nu te padayo rameta [bhā.pu. 3.15.49] ity ādau | akke cen madhu vindeta kim arthaṁ parvataṁ vrajet iti nyāyena tad-upādhy-antarānveṣaṇa-vaiyarthyāt, teṣām atad-anveṣaṇa-kautukābhāvāc ca | ","तस्माद् अस्ति वैचित्र्यम् अपि । अत एव तैर् अपि विचित्रतयैव प्रार्थितं—चेतोऽलिवद् यदि नु ते पदयो रमेत [भा.पु. ३.१५.४९] इत्य् आदौ । अक्के चेन् मधु विन्देत किम् अर्थं पर्वतं व्रजेत् इति न्यायेन तदुपाध्यन्तरान्वेषणवैयर्थ्यात्, तेषाम् अतदन्वेषणकौतुकाभावाच् च । ","तस्माद् अस्ति वैचित्र्यम् अपि । अत एव तैर् अपि विचित्रतयैव प्रार्थितꣳ—चेतोऽलिवद् यदि नु ते पदयो रमेत [भा.पु. ३.१५.४९] इत्य् आदौ । अक्के चेन् मधु विन्देत किम् अर्थꣳ पर्वतꣳ व्रजेत् इति न्यायेन तदुपाध्यन्तरान्वेषणवैयर्थ्यात्, तेषाम् अतदन्वेषणकौतुकाभावाच् च । "
1829,"kiṁ ca, na teṣām abhedātmako’nubhavo vā dṛśyate, pratyuta nemur nirīkṣya na vitṛpta-dṛśo mudā kaiḥ [bhā.pu. 3.15.42], kāmaṁ bhavaḥ sva-vṛjinair nirayeṣu naḥ stāt [bhā.pu. 3.15.49] ity-ādāv abhedasya tat-pratiyogi-namaskārādy-upalakṣita-bhedātmaka-bhakti-sukham eva dṛśyate | tasmān māyikopādhi-nirhīnatvād dheyāṁśatayā pratibhātatvāc ca na taj-jātīyaṁ sukham apy anya-jātīyaṁ kartuṁ śaknotīti santy evānyathānupapatti-siddhāyāḥsvarūpa-śakter eva vilāsāḥ | ","किं च, न तेषाम् अभेदात्मकोऽनुभवो वा दृश्यते, प्रत्युत नेमुर् निरीक्ष्य न वितृप्तदृशो मुदा कैः [भा.पु. ३.१५.४२], कामं भवः स्ववृजिनैर् निरयेषु नः स्तात् [भा.पु. ३.१५.४९] इत्यादाव् अभेदस्य तत्प्रतियोगिनमस्काराद्युपलक्षितभेदात्मकभक्तिसुखम् एव दृश्यते । तस्मान् मायिकोपाधिनिर्हीनत्वाद् धेयांशतया प्रतिभातत्वाच् च न तज्जातीयं सुखम् अप्य् अन्यजातीयं कर्तुं शक्नोतीति सन्त्य् एवान्यथानुपपत्तिसिद्धायाःस्वरूपशक्तेर् एव विलासाः । ","किꣳ च, न तेषाम् अभेदात्मकोऽनुभवो वा दृश्यते, प्रत्युत नेमुर् निरीक्ष्य न वितृप्तदृशो मुदा कैः [भा.पु. ३.१५.४२], कामꣳ भवः स्ववृजिनैर् निरयेषु नः स्तात् [भा.पु. ३.१५.४९] इत्यादाव् अभेदस्य तत्प्रतियोगिनमस्काराद्युपलक्षितभेदात्मकभक्तिसुखम् एव दृश्यते । तस्मान् मायिकोपाधिनिर्हीनत्वाद् धेयाꣳशतया प्रतिभातत्वाच् च न तज्जातीयꣳ सुखम् अप्य् अन्यजातीयꣳ कर्तुꣳ शक्नोतीति सन्त्य् एवान्यथानुपपत्तिसिद्धायाःस्वरूपशक्तेर् एव विलासाः । "
1830,"api ca—astu tāvaj jīvan-mukta-daśāyāṁ tan-mate vidyopādhi-pratiphalitasyaiva sato brahmaṇaḥ sakāśāt śrī-bhagavato ghana-prakāśatā, sarvopādhi-vinirmukta-mukti-daśāyām api sākṣāt tādṛśatāsty eveti suvyaktaṁ, nātyantikaṁ vigaṇayanty api te prasādam [bhā.pu. 3.15.48] ity-ādau | ","अपि च—अस्तु तावज् जीवन्मुक्तदशायां तन्मते विद्योपाधिप्रतिफलितस्यैव सतो ब्रह्मणः सकाशात् श्रीभगवतो घनप्रकाशता, सर्वोपाधिविनिर्मुक्तमुक्तिदशायाम् अपि साक्षात् तादृशतास्त्य् एवेति सुव्यक्तं, नात्यन्तिकं विगणयन्त्य् अपि ते प्रसादम् [भा.पु. ३.१५.४८] इत्यादौ । ","अपि च—अस्तु तावज् जीवन्मुक्तदशायाꣳ तन्मते विद्योपाधिप्रतिफलितस्यैव सतो ब्रह्मणः सकाशात् श्रीभगवतो घनप्रकाशता, सर्वोपाधिविनिर्मुक्तमुक्तिदशायाम् अपि साक्षात् तादृशतास्त्य् एवेति सुव्यक्तꣳ, नात्यन्तिकꣳ विगणयन्त्य् अपि ते प्रसादम् [भा.पु. ३.१५.४८] इत्यादौ । "
1831,"ata eva yaḥ kaścid api jalpati—jñānākārāyāṁ premākārāyāṁ ca citta-vṛttau brahma prakāśate, tatra tūttarasyām upādhi-vaiśiṣṭyāt prakāśa-vaiśiṣṭyam ity atraiva puruṣārtha-sāratvaṁ tatra tatrocyata iti tad api svayam eva bahiṣkṛtam | tasmān nopādhi-tāratamya-cintā | bhavataḥ kathāyāḥ [bhā.pu. 3.15.48] ity anena nirupādhi-brahma-bhūyād upari ca vaicitrī sphuṭam evāsau svīkṛtā | ","अत एव यः कश्चिद् अपि जल्पति—ज्ञानाकारायां प्रेमाकारायां च चित्तवृत्तौ ब्रह्म प्रकाशते, तत्र तूत्तरस्याम् उपाधिवैशिष्ट्यात् प्रकाशवैशिष्ट्यम् इत्य् अत्रैव पुरुषार्थसारत्वं तत्र तत्रोच्यत इति तद् अपि स्वयम् एव बहिष्कृतम् । तस्मान् नोपाधितारतम्यचिन्ता । भवतः कथायाः [भा.पु. ३.१५.४८] इत्य् अनेन निरुपाधिब्रह्मभूयाद् उपरि च वैचित्री स्फुटम् एवासौ स्वीकृता । ","अत एव यः कश्चिद् अपि जल्पति—ज्ञानाकारायाꣳ प्रेमाकारायाꣳ च चित्तवृत्तौ ब्रह्म प्रकाशते, तत्र तूत्तरस्याम् उपाधिवैशिष्ट्यात् प्रकाशवैशिष्ट्यम् इत्य् अत्रैव पुरुषार्थसारत्वꣳ तत्र तत्रोच्यत इति तद् अपि स्वयम् एव बहिष्कृतम् । तस्मान् नोपाधितारतम्यचिन्ता । भवतः कथायाः [भा.पु. ३.१५.४८] इत्य् अनेन निरुपाधिब्रह्मभूयाद् उपरि च वैचित्री स्फुटम् एवासौ स्वीकृता । "
1832,"tasmāt sāntaraṅga-vaibhavasya bhagavataḥ sukhaika-rūpatvaṁ, tad-rūpatve’pi brahmato’pi ghana-prakāśatvaṁ, svarūpa-śakit-vilāsa-vaicitrī ceti vidvad-anubhava-pramāṇena nirṇītam | tatra, muktā api līlayā vigrahaṁ kṛtvā bhajanta iti, yaṁ sarve devā āmananti mumukṣavo brahma-vādinaś ca [nṛ.tā.u. 1.2.4] ity atra śrutāv advaita-vāda-guravo’pi | kṛṣṇo muktair ijyate vīta-mohaiḥ iti bhārate |","तस्मात् सान्तरङ्गवैभवस्य भगवतः सुखैकरूपत्वं, तद्रूपत्वेऽपि ब्रह्मतोऽपि घनप्रकाशत्वं, स्वरूपशकित्विलासवैचित्री चेति विद्वदनुभवप्रमाणेन निर्णीतम् । तत्र, मुक्ता अपि लीलया विग्रहं कृत्वा भजन्त इति, यं सर्वे देवा आमनन्ति मुमुक्षवो ब्रह्मवादिनश् च [नृ.ता.उ. १.२.४] इत्य् अत्र श्रुताव् अद्वैतवादगुरवोऽपि । कृष्णो मुक्तैर् इज्यते वीतमोहैः इति भारते ।","तस्मात् सान्तरङ्गवैभवस्य भगवतः सुखैकरूपत्वꣳ, तद्रूपत्वेऽपि ब्रह्मतोऽपि घनप्रकाशत्वꣳ, स्वरूपशकित्विलासवैचित्री चेति विद्वदनुभवप्रमाणेन निर्णीतम् । तत्र, मुक्ता अपि लीलया विग्रहꣳ कृत्वा भजन्त इति, यꣳ सर्वे देवा आमनन्ति मुमुक्षवो ब्रह्मवादिनश् च [नृ.ता.उ. १.२.४] इत्य् अत्र श्रुताव् अद्वैतवादगुरवोऽपि । कृष्णो मुक्तैर् इज्यते वीतमोहैः इति भारते ।"
1836,mad-bhaktiṁ labhate parām || [gītā 18.54] iti śrī-bhagavad-gītopaniṣatsu |,मद्भक्तिं लभते पराम् ॥ [गीता १८.५४] इति श्रीभगवद्गीतोपनिषत्सु ।,मद्भक्तिꣳ लभते पराम् ॥ [गीता १८.५४] इति श्रीभगवद्गीतोपनिषत्सु ।
1838,"ata eva śrī-prahlāda-bali-prabhṛti-mahā-bhāgavata-sambandham abhipretya śrī-viṣṇu-purāṇe’py uktaṁ, pātāle kasya na prītir vimuktasyāpi jāyate [vi.pu. 2.5.7] iti |","अत एव श्रीप्रह्लादबलिप्रभृतिमहाभागवतसम्बन्धम् अभिप्रेत्य श्रीविष्णुपुराणेऽप्य् उक्तं, पाताले कस्य न प्रीतिर् विमुक्तस्यापि जायते [वि.पु. २.५.७] इति ।","अत एव श्रीप्रह्लादबलिप्रभृतिमहाभागवतसम्बन्धम् अभिप्रेत्य श्रीविष्णुपुराणेऽप्य् उक्तꣳ, पाताले कस्य न प्रीतिर् विमुक्तस्यापि जायते [वि.पु. २.५.७] इति ।"
1842,"ṭīkā ca—ātmanaḥ svata evānusavanaṁ sarvadā añjasā sākṣād bobhūyamānā atiśayena bhavanto ye aśeṣāḥ puruṣārthāḥ, te svarūpaṁ yasya paramānandasya ity eṣā | śrutiś ca—sarva-kāmaḥ sarva-gandhaḥ sarva-rasaḥ [chā.u. 3.14.2] ity ādau ||","टीका च—आत्मनः स्वत एवानुसवनं सर्वदा अञ्जसा साक्षाद् बोभूयमाना अतिशयेन भवन्तो ये अशेषाः पुरुषार्थाः, ते स्वरूपं यस्य परमानन्दस्य इत्य् एषा । श्रुतिश् च—सर्वकामः सर्वगन्धः सर्वरसः [छा.उ. ३.१४.२] इत्य् आदौ ॥","टीका च—आत्मनः स्वत एवानुसवनꣳ सर्वदा अञ्जसा साक्षाद् बोभूयमाना अतिशयेन भवन्तो ये अशेषाः पुरुषार्थाः, ते स्वरूपꣳ यस्य परमानन्दस्य इत्य् एषा । श्रुतिश् च—सर्वकामः सर्वगन्धः सर्वरसः [छा.उ. ३.१४.२] इत्य् आदौ ॥"
1844,"tad evaṁ brahmaṇo’pi yat śrī-bhagavati prakāśa-samyaktvaṁ, tat pūrvam eva vidvad-anubhava-vacana-pracayena siddham api viśeṣato vicāryate | tatraikam eva tattvaṁ dvidhā śabdyata iti na vastuno bheda upapadyate | āvirbhāvasyāpi bheda-darśanāt, na ca saṁjñā-mātrasya, kintu sva-sva-darśana-yogyatā-bhedena dvividho’dhikārī dvidhā dṛṣṭaṁ tad upāsta iti | ","तद् एवं ब्रह्मणोऽपि यत् श्रीभगवति प्रकाशसम्यक्त्वं, तत् पूर्वम् एव विद्वदनुभववचनप्रचयेन सिद्धम् अपि विशेषतो विचार्यते । तत्रैकम् एव तत्त्वं द्विधा शब्द्यत इति न वस्तुनो भेद उपपद्यते । आविर्भावस्यापि भेददर्शनात्, न च संज्ञामात्रस्य, किन्तु स्वस्वदर्शनयोग्यताभेदेन द्विविधोऽधिकारी द्विधा दृष्टं तद् उपास्त इति । ","तद् एवꣳ ब्रह्मणोऽपि यत् श्रीभगवति प्रकाशसम्यक्त्वꣳ, तत् पूर्वम् एव विद्वदनुभववचनप्रचयेन सिद्धम् अपि विशेषतो विचार्यते । तत्रैकम् एव तत्त्वꣳ द्विधा शब्द्यत इति न वस्तुनो भेद उपपद्यते । आविर्भावस्यापि भेददर्शनात्, न च सꣳज्ञामात्रस्य, किन्तु स्वस्वदर्शनयोग्यताभेदेन द्विविधोऽधिकारी द्विधा दृष्टꣳ तद् उपास्त इति । "
1845,"tatrāpy ekasya darśanasya vāstavatvam, anyasya bhramajatvam iti na mantavyam, ubhayor api yāthārthyena darśitatvāt | na caikasya vastunaḥ śaktyā vikriyamāṇāṁśakatvād aṁśato bhedaḥ, vikṛtatva-niṣedhāt tayoḥ | ","तत्राप्य् एकस्य दर्शनस्य वास्तवत्वम्, अन्यस्य भ्रमजत्वम् इति न मन्तव्यम्, उभयोर् अपि याथार्थ्येन दर्शितत्वात् । न चैकस्य वस्तुनः शक्त्या विक्रियमाणांशकत्वाद् अंशतो भेदः, विकृतत्वनिषेधात् तयोः । ","तत्राप्य् एकस्य दर्शनस्य वास्तवत्वम्, अन्यस्य भ्रमजत्वम् इति न मन्तव्यम्, उभयोर् अपि याथार्थ्येन दर्शितत्वात् । न चैकस्य वस्तुनः शक्त्या विक्रियमाणाꣳशकत्वाद् अꣳशतो भेदः, विकृतत्वनिषेधात् तयोः । "
1846,"tasmād dṛṣṭer asamyak-samyaktvāt, saty api samyaktve tad-ananusandhānād vā, ekasminn adhikāriṇy eka-deśena sphurad eko bhedaḥ, parasminn akhaṇḍatayā dvitīyo bhedaḥ | evaṁ sati yatra viśeṣaṁ vinaiva vastunaḥ sphūrtiḥ, sā dṛṣṭir asampūrṇā, yathā brahmākāreṇa, yatra svarūpa-bhūta-nānā-vaicitrī-viśeṣavad-ākāreṇa, sā sampūrṇā, yathā śrī-bhagavad-ākāreṇeti labhyate | ","तस्माद् दृष्टेर् असम्यक्सम्यक्त्वात्, सत्य् अपि सम्यक्त्वे तदननुसन्धानाद् वा, एकस्मिन्न् अधिकारिण्य् एकदेशेन स्फुरद् एको भेदः, परस्मिन्न् अखण्डतया द्वितीयो भेदः । एवं सति यत्र विशेषं विनैव वस्तुनः स्फूर्तिः, सा दृष्टिर् असम्पूर्णा, यथा ब्रह्माकारेण, यत्र स्वरूपभूतनानावैचित्रीविशेषवदाकारेण, सा सम्पूर्णा, यथा श्रीभगवदाकारेणेति लभ्यते । ","तस्माद् दृष्टेर् असम्यक्सम्यक्त्वात्, सत्य् अपि सम्यक्त्वे तदननुसन्धानाद् वा, एकस्मिन्न् अधिकारिण्य् एकदेशेन स्फुरद् एको भेदः, परस्मिन्न् अखण्डतया द्वितीयो भेदः । एवꣳ सति यत्र विशेषꣳ विनैव वस्तुनः स्फूर्तिः, सा दृष्टिर् असम्पूर्णा, यथा ब्रह्माकारेण, यत्र स्वरूपभूतनानावैचित्रीविशेषवदाकारेण, सा सम्पूर्णा, यथा श्रीभगवदाकारेणेति लभ्यते । "
1847,tad etad abhipretya prathamaṁ dṛṣṭi-tāratamyena tad-abhivyakti-tāratamyaṁ tan-mahā-purāṇāvirbhāva-kāraṇābhyāṁ praśnottarābhyāṁ prpratipādyate ṣaḍbhiḥ—,तद् एतद् अभिप्रेत्य प्रथमं दृष्टितारतम्येन तदभिव्यक्तितारतम्यं तन्महापुराणाविर्भावकारणाभ्यां प्रश्नोत्तराभ्यां प्र्प्रतिपाद्यते षड्भिः—,तद् एतद् अभिप्रेत्य प्रथमꣳ दृष्टितारतम्येन तदभिव्यक्तितारतम्यꣳ तन्महापुराणाविर्भावकारणाभ्याꣳ प्रश्नोत्तराभ्याꣳ प्र्प्रतिपाद्यते षड्भिः—
1849,jijñāsitam adhītaṁ ca,जिज्ञासितम् अधीतं च,जिज्ञासितम् अधीतꣳ च
1854,tvaṁ paryaṭann arka iva tri-lokīm,त्वं पर्यटन्न् अर्क इव त्रिलोकीम्,त्वꣳ पर्यटन्न् अर्क इव त्रिलोकीम्
1857,snātasya me nyūnam alaṁ vicakṣva || [bhā.pu. 1.5.7],स्नातस्य मे न्यूनम् अलं विचक्ष्व ॥ [भा.पु. १.५.७],स्नातस्य मे न्यूनम् अलꣳ विचक्ष्व ॥ [भा.पु. १.५.७]
1859,bhavatānudita-prāyaṁ,भवतानुदितप्रायं,भवतानुदितप्रायꣳ
1862,manye tad darśanaṁ khilam || [bhā.pu. 1.5.8],मन्ये तद् दर्शनं खिलम् ॥ [भा.पु. १.५.८],मन्ये तद् दर्शनꣳ खिलम् ॥ [भा.पु. १.५.८]
1863,naiṣkarmyam apy acyuta-bhāva-varjitaṁ,नैष्कर्म्यम् अप्य् अच्युतभाववर्जितं,नैष्कर्म्यम् अप्य् अच्युतभाववर्जितꣳ
1864,na śobhate jñānam alaṁ nirañjanam |,न शोभते ज्ञानम् अलं निरञ्जनम् ।,न शोभते ज्ञानम् अलꣳ निरञ्जनम् ।
1866,na cārpitaṁ karma yad apy akāraṇam || [bhā.pu. 1.5.12],न चार्पितं कर्म यद् अप्य् अकारणम् ॥ [भा.पु. १.५.१२],न चार्पितꣳ कर्म यद् अप्य् अकारणम् ॥ [भा.पु. १.५.१२]
1867,oṁ namo bhagavate tubhyaṁ,ॐ नमो भगवते तुभ्यं,ओꣳ नमो भगवते तुभ्यꣳ
1873,yajate yajña-puruṣaṁ,यजते यज्ञपुरुषं,यजते यज्ञपुरुषꣳ
1875,"ślokā amī bahubhiḥ saṁmiśrā apy avistaratvāya jhaṭity artha-pratyayasya ca saṁkṣipyaiva samuddhṛtāḥ | krameṇārthā yathā jijñāsitam iti | ṭīkā ca—yat sanātanaṁ nityaṁ paraṁ brahma, tac ca tvayā jijñāsitaṁ vicāritam, adhītam adhigataṁ prāptaṁ cety arthaḥ | tathāpi śocasi, tat kim-artham ? iti śeṣaḥ | ity eṣā ||","श्लोका अमी बहुभिः संमिश्रा अप्य् अविस्तरत्वाय झटित्य् अर्थप्रत्ययस्य च संक्षिप्यैव समुद्धृताः । क्रमेणार्था यथा जिज्ञासितम् इति । टीका च—यत् सनातनं नित्यं परं ब्रह्म, तच् च त्वया जिज्ञासितं विचारितम्, अधीतम् अधिगतं प्राप्तं चेत्य् अर्थः । तथापि शोचसि, तत् किमर्थम् ? इति शेषः । इत्य् एषा ॥","श्लोका अमी बहुभिः सꣳमिश्रा अप्य् अविस्तरत्वाय झटित्य् अर्थप्रत्ययस्य च सꣳक्षिप्यैव समुद्धृताः । क्रमेणार्था यथा जिज्ञासितम् इति । टीका च—यत् सनातनꣳ नित्यꣳ परꣳ ब्रह्म, तच् च त्वया जिज्ञासितꣳ विचारितम्, अधीतम् अधिगतꣳ प्राप्तꣳ चेत्य् अर्थः । तथापि शोचसि, तत् किमर्थम् ? इति शेषः । इत्य् एषा ॥"
1876,"tvam iti | tvam arka iva trilokīṁ paryaṭan, tathā vaiṣṇava-yoga-balāṁśena ca prāṇa-vāyur iva sarva-prāṇinām antaścaraḥ san ātmanāṁ sarveṣām eva sākṣī bahir antar vṛtti-jñaḥ | ataḥ pare brahmaṇi dharmato yogena niṣṇātasya | tad uktaṁ yājñavalkyena—","त्वम् इति । त्वम् अर्क इव त्रिलोकीं पर्यटन्, तथा वैष्णवयोगबलांशेन च प्राणवायुर् इव सर्वप्राणिनाम् अन्तश्चरः सन् आत्मनां सर्वेषाम् एव साक्षी बहिर् अन्तर् वृत्तिज्ञः । अतः परे ब्रह्मणि धर्मतो योगेन निष्णातस्य । तद् उक्तं याज्ञवल्क्येन—","त्वम् इति । त्वम् अर्क इव त्रिलोकीꣳ पर्यटन्, तथा वैष्णवयोगबलाꣳशेन च प्राणवायुर् इव सर्वप्राणिनाम् अन्तश्चरः सन् आत्मनाꣳ सर्वेषाम् एव साक्षी बहिर् अन्तर् वृत्तिज्ञः । अतः परे ब्रह्मणि धर्मतो योगेन निष्णातस्य । तद् उक्तꣳ याज्ञवल्क्येन—"
1877,ijyācāra-dayāhiṁsā-dāna-svādhyāya-karmaṇām | ,इज्याचारदयाहिंसादानस्वाध्यायकर्मणाम् । ,इज्याचारदयाहिꣳसादानस्वाध्यायकर्मणाम् । 
1878,ayaṁ paramo lābho yad yogenātma-darśanam || iti |,अयं परमो लाभो यद् योगेनात्मदर्शनम् ॥ इति ।,अयꣳ परमो लाभो यद् योगेनात्मदर्शनम् ॥ इति ।
1879,avare ca brahmaṇi vedākhye vrataiḥ svādhyāya-niyamair niṣṇātasyāpi me alam atyarthaṁ yan nyūnaṁ tat svayam eva vicakṣva vitarkaya || ,अवरे च ब्रह्मणि वेदाख्ये व्रतैः स्वाध्यायनियमैर् निष्णातस्यापि मे अलम् अत्यर्थं यन् न्यूनं तत् स्वयम् एव विचक्ष्व वितर्कय ॥ ,अवरे च ब्रह्मणि वेदाख्ये व्रतैः स्वाध्यायनियमैर् निष्णातस्यापि मे अलम् अत्यर्थꣳ यन् न्यूनꣳ तत् स्वयम् एव विचक्ष्व वितर्कय ॥ 
1880,"bhavatā iti | bhagavad-yaśo-varṇanopalakṣaṇaṁ bhajanaṁ vinā yenaiva rukṣa-brahma-jñānena asau bhagavān tu tuṣyeta, tad eva darśanaṁ jñānaṁ khilaṁ nyūnaṁ manye |","भवता इति । भगवद्यशोवर्णनोपलक्षणं भजनं विना येनैव रुक्षब्रह्मज्ञानेन असौ भगवान् तु तुष्येत, तद् एव दर्शनं ज्ञानं खिलं न्यूनं मन्ये ।","भवता इति । भगवद्यशोवर्णनोपलक्षणꣳ भजनꣳ विना येनैव रुक्षब्रह्मज्ञानेन असौ भगवान् तु तुष्येत, तद् एव दर्शनꣳ ज्ञानꣳ खिलꣳ न्यूनꣳ मन्ये ।"
1882,"ṭīkā ca—niṣkarma brahma, tad-ekākāratvān niṣkarmatā-rūpaṁ naiṣkarmyam, ajyate’nenety añjanam upādhiḥ, tan-nivartakaṁ nirañjanam | evambhūtam api jñānam acyute bhāvo bhaktiḥ, tad-varjitaṁ cet alam atyarthaṁ na śobhate, samyag-aparokṣatvāya na kalpata ity arthaḥ | tadā śāśvat sādhana-kāle phala-kāle ca abhadraṁ duḥkha-svarūpaṁ yat kāmyaṁ karma, yad apy akāraṇam akāmyaṁ, tac ceti ca-kārasyānvayaḥ | tad api karma īśvare nārpitaṁ cet kutaḥ punaḥ śobhate ? bahir-mukhatvena sattva-śodhakatvābhāvāt | ity eṣā | ","टीका च—निष्कर्म ब्रह्म, तदेकाकारत्वान् निष्कर्मतारूपं नैष्कर्म्यम्, अज्यतेऽनेनेत्य् अञ्जनम् उपाधिः, तन्निवर्तकं निरञ्जनम् । एवम्भूतम् अपि ज्ञानम् अच्युते भावो भक्तिः, तद्वर्जितं चेत् अलम् अत्यर्थं न शोभते, सम्यगपरोक्षत्वाय न कल्पत इत्य् अर्थः । तदा शाश्वत् साधनकाले फलकाले च अभद्रं दुःखस्वरूपं यत् काम्यं कर्म, यद् अप्य् अकारणम् अकाम्यं, तच् चेति चकारस्यान्वयः । तद् अपि कर्म ईश्वरे नार्पितं चेत् कुतः पुनः शोभते ? बहिर्मुखत्वेन सत्त्वशोधकत्वाभावात् । इत्य् एषा । ","टीका च—निष्कर्म ब्रह्म, तदेकाकारत्वान् निष्कर्मतारूपꣳ नैष्कर्म्यम्, अज्यतेऽनेनेत्य् अञ्जनम् उपाधिः, तन्निवर्तकꣳ निरञ्जनम् । एवम्भूतम् अपि ज्ञानम् अच्युते भावो भक्तिः, तद्वर्जितꣳ चेत् अलम् अत्यर्थꣳ न शोभते, सम्यगपरोक्षत्वाय न कल्पत इत्य् अर्थः । तदा शाश्वत् साधनकाले फलकाले च अभद्रꣳ दुःखस्वरूपꣳ यत् काम्यꣳ कर्म, यद् अप्य् अकारणम् अकाम्यꣳ, तच् चेति चकारस्यान्वयः । तद् अपि कर्म ईश्वरे नार्पितꣳ चेत् कुतः पुनः शोभते ? बहिर्मुखत्वेन सत्त्वशोधकत्वाभावात् । इत्य् एषा । "
1883,"yad vā, nirañjanam iti nirūpādhikam apīty arthaḥ | paramādaraṇīyatvād eva dvādaśānte [12.12.53] śrī-sūtenāpi punaḥ kṛtam idaṁ padyam || ","यद् वा, निरञ्जनम् इति निरूपाधिकम् अपीत्य् अर्थः । परमादरणीयत्वाद् एव द्वादशान्ते [१२.१२.५३] श्रीसूतेनापि पुनः कृतम् इदं पद्यम् ॥ ","यद् वा, निरञ्जनम् इति निरूपाधिकम् अपीत्य् अर्थः । परमादरणीयत्वाद् एव द्वादशान्ते [१२.१२.५३] श्रीसूतेनापि पुनः कृतम् इदꣳ पद्यम् ॥ "
1884,"tasmād uktir eva samyag-darśana-hetur ity upasaṁharati dvābhyām—nama iti | mantra-mūrtiṁ mantrokta-mūrtiṁ, mantro’pi mūrtir yasyeti vā | amūrtikaṁ mantrokta-vyatirikta-mūrti-śūnyaṁ; prākṛta-mūrti-rahitaṁ vā, mūrti-svarūpayor ekatvāt; prākṛtavan na vidyate pṛthaktvena mūrtir yasya, tathā-bhūtaṁ vā | sa pumān samyag-darśanaḥ sākṣāc-chrī-bhagavataḥ sākṣāt-kartṛtvād iti bhāvaḥ ||38||","तस्माद् उक्तिर् एव सम्यग्दर्शनहेतुर् इत्य् उपसंहरति द्वाभ्याम्—नम इति । मन्त्रमूर्तिं मन्त्रोक्तमूर्तिं, मन्त्रोऽपि मूर्तिर् यस्येति वा । अमूर्तिकं मन्त्रोक्तव्यतिरिक्तमूर्तिशून्यं; प्राकृतमूर्तिरहितं वा, मूर्तिस्वरूपयोर् एकत्वात्; प्राकृतवन् न विद्यते पृथक्त्वेन मूर्तिर् यस्य, तथाभूतं वा । स पुमान् सम्यग्दर्शनः साक्षाच्छ्रीभगवतः साक्षात्कर्तृत्वाद् इति भावः ॥३८॥","तस्माद् उक्तिर् एव सम्यग्दर्शनहेतुर् इत्य् उपसꣳहरति द्वाभ्याम्—नम इति । मन्त्रमूर्तिꣳ मन्त्रोक्तमूर्तिꣳ, मन्त्रोऽपि मूर्तिर् यस्येति वा । अमूर्तिकꣳ मन्त्रोक्तव्यतिरिक्तमूर्तिशून्यꣳ; प्राकृतमूर्तिरहितꣳ वा, मूर्तिस्वरूपयोर् एकत्वात्; प्राकृतवन् न विद्यते पृथक्त्वेन मूर्तिर् यस्य, तथाभूतꣳ वा । स पुमान् सम्यग्दर्शनः साक्षाच्छ्रीभगवतः साक्षात्कर्तृत्वाद् इति भावः ॥३८॥"
1886,tad evaṁ dṛṣṭi-tāratamya-dvārā tad-abhivyakta-tāratamyena śrī-bhagavata utkarṣa uktaḥ | atha liṅgāntarair api darśyate | tatrātmarāma-janākarṣa-liṅgena guṇotkarṣa-viśeṣeṇa tasyaiva pūrṇatām āha—,तद् एवं दृष्टितारतम्यद्वारा तदभिव्यक्ततारतम्येन श्रीभगवत उत्कर्ष उक्तः । अथ लिङ्गान्तरैर् अपि दर्श्यते । तत्रात्मरामजनाकर्षलिङ्गेन गुणोत्कर्षविशेषेण तस्यैव पूर्णताम् आह—,तद् एवꣳ दृष्टितारतम्यद्वारा तदभिव्यक्ततारतम्येन श्रीभगवत उत्कर्ष उक्तः । अथ लिङ्गान्तरैर् अपि दर्श्यते । तत्रात्मरामजनाकर्षलिङ्गेन गुणोत्कर्षविशेषेण तस्यैव पूर्णताम् आह—
1889,kurvanty ahaitukīṁ bhaktim,कुर्वन्त्य् अहैतुकीं भक्तिम्,कुर्वन्त्य् अहैतुकीꣳ भक्तिम्
1891,ṭīkā ca—nirgranthā granthebhyo nirgatāḥ | tad uktaṁ gītāsu—,टीका च—निर्ग्रन्था ग्रन्थेभ्यो निर्गताः । तद् उक्तं गीतासु—,टीका च—निर्ग्रन्था ग्रन्थेभ्यो निर्गताः । तद् उक्तꣳ गीतासु—
1892,yadā te moha-kalilaṁ buddhir vyatitariṣyati |,यदा ते मोहकलिलं बुद्धिर् व्यतितरिष्यति ।,यदा ते मोहकलिलꣳ बुद्धिर् व्यतितरिष्यति ।
1893,tadā gantāsi nirvedaṁ śrotavyasya śrutasya ca || [gītā 2.52] iti | ,तदा गन्तासि निर्वेदं श्रोतव्यस्य श्रुतस्य च ॥ [गीता २.५२] इति । ,तदा गन्तासि निर्वेदꣳ श्रोतव्यस्य श्रुतस्य च ॥ [गीता २.५२] इति । 
1894,"yad vā, granthir eva granthaḥ nirvṛtta-hṛdaya-granthaya ity arthaḥ | nanu muktānāṁ kiṁ bhaktyetyādi-sarvākṣepa-parihārārtham āha itthambhūta-guṇaḥ | ity eṣā ||","यद् वा, ग्रन्थिर् एव ग्रन्थः निर्वृत्तहृदयग्रन्थय इत्य् अर्थः । ननु मुक्तानां किं भक्त्येत्यादिसर्वाक्षेपपरिहारार्थम् आह इत्थम्भूतगुणः । इत्य् एषा ॥","यद् वा, ग्रन्थिर् एव ग्रन्थः निर्वृत्तहृदयग्रन्थय इत्य् अर्थः । ननु मुक्तानाꣳ किꣳ भक्त्येत्यादिसर्वाक्षेपपरिहारार्थम् आह इत्थम्भूतगुणः । इत्य् एषा ॥"
1903,ātmānaṁ sarva-bhūteṣu bhagavantam avasthitam |,आत्मानं सर्वभूतेषु भगवन्तम् अवस्थितम् ।,आत्मानꣳ सर्वभूतेषु भगवन्तम् अवस्थितम् ।
1907,"eka-bhaktyā avyabhicāriṇyā sādhana-lakṣaṇayā bhaktyā, anubhāvite nirantaram aparokṣīkṛte, tāṁ vinā kasyacid apy arthasyāsiddheḥ | ","एकभक्त्या अव्यभिचारिण्या साधनलक्षणया भक्त्या, अनुभाविते निरन्तरम् अपरोक्षीकृते, तां विना कस्यचिद् अप्य् अर्थस्यासिद्धेः । ","एकभक्त्या अव्यभिचारिण्या साधनलक्षणया भक्त्या, अनुभाविते निरन्तरम् अपरोक्षीकृते, ताꣳ विना कस्यचिद् अप्य् अर्थस्यासिद्धेः । "
1908,nirahaṅkṛtitvād eva nirmamaḥ | tad-dvayābhāvād eva mana-ādīnām apy abhāvaḥ sidhyati | sama-dṛk bhedāgrāhakaḥ | sva-dṛk sva-svarūpābhedena brahmaiva paśyan | pratyak antar-mukhī | praśāntā vikṣepa-rahitā dhīr jñānaṁ yasya saḥ | ,निरहङ्कृतित्वाद् एव निर्ममः । तद्द्वयाभावाद् एव मनआदीनाम् अप्य् अभावः सिध्यति । समदृक् भेदाग्राहकः । स्वदृक् स्वस्वरूपाभेदेन ब्रह्मैव पश्यन् । प्रत्यक् अन्तर्मुखी । प्रशान्ता विक्षेपरहिता धीर् ज्ञानं यस्य सः । ,निरहङ्कृतित्वाद् एव निर्ममः । तद्द्वयाभावाद् एव मनआदीनाम् अप्य् अभावः सिध्यति । समदृक् भेदाग्राहकः । स्वदृक् स्वस्वरूपाभेदेन ब्रह्मैव पश्यन् । प्रत्यक् अन्तर्मुखी । प्रशान्ता विक्षेपरहिता धीर् ज्ञानꣳ यस्य सः । 
1909,tad evaṁ brahma-jñāna-miśra-bhakti-sādhana-vaśena brahmānubhave jāte’pi bhakti-saṁskāra-balena labdha-premādes tad-ūrdhvam api śrī-bhagavad-anubhavam āha—vāsudeva iti | pratyag-ātmani sarveṣām āśraya-bhūte pareṇa prema-lakṣaṇena bhakti-bhāvena tat-sattayaiva labdhā ātmānas tadīyātmakā ahaṅkārādayo yeneti | brahma-jñānena prākṛtāhaṅkārādi-layānantaram āvirbhūtān premānandātmaka-śuddha-sattva-mayān labdhavān ity arthaḥ |,तद् एवं ब्रह्मज्ञानमिश्रभक्तिसाधनवशेन ब्रह्मानुभवे जातेऽपि भक्तिसंस्कारबलेन लब्धप्रेमादेस् तदूर्ध्वम् अपि श्रीभगवदनुभवम् आह—वासुदेव इति । प्रत्यगात्मनि सर्वेषाम् आश्रयभूते परेण प्रेमलक्षणेन भक्तिभावेन तत्सत्तयैव लब्धा आत्मानस् तदीयात्मका अहङ्कारादयो येनेति । ब्रह्मज्ञानेन प्राकृताहङ्कारादिलयानन्तरम् आविर्भूतान् प्रेमानन्दात्मकशुद्धसत्त्वमयान् लब्धवान् इत्य् अर्थः ।,तद् एवꣳ ब्रह्मज्ञानमिश्रभक्तिसाधनवशेन ब्रह्मानुभवे जातेऽपि भक्तिसꣳस्कारबलेन लब्धप्रेमादेस् तदूर्ध्वम् अपि श्रीभगवदनुभवम् आह—वासुदेव इति । प्रत्यगात्मनि सर्वेषाम् आश्रयभूते परेण प्रेमलक्षणेन भक्तिभावेन तत्सत्तयैव लब्धा आत्मानस् तदीयात्मका अहङ्कारादयो येनेति । ब्रह्मज्ञानेन प्राकृताहङ्कारादिलयानन्तरम् आविर्भूतान् प्रेमानन्दात्मकशुद्धसत्त्वमयान् लब्धवान् इत्य् अर्थः ।
1910,"nanu ta eva pratyāvartantāṁ, kiṁ vā pūrvavad amī api bandha-hetavo bhavantu ? nety āha—mukta-bandhanaḥ, anāvṛttiḥ śabdāt [ve.sū. 4.4.22] iti nyāyāt |","ननु त एव प्रत्यावर्तन्तां, किं वा पूर्ववद् अमी अपि बन्धहेतवो भवन्तु ? नेत्य् आह—मुक्तबन्धनः, अनावृत्तिः शब्दात् [वे.सू. ४.४.२२] इति न्यायात् ।","ननु त एव प्रत्यावर्तन्ताꣳ, किꣳ वा पूर्ववद् अमी अपि बन्धहेतवो भवन्तु ? नेत्य् आह—मुक्तबन्धनः, अनावृत्तिः शब्दात् [वे.सू. ४.४.२२] इति न्यायात् ।"
1912,"tataḥ sākṣād eva tat-prāptim āha—icchā-dveṣa- iti | tad evaṁ tena bhāgavatī gatiḥ prāptā | heyatvād anyatra icchā-dveṣa-vihīnena, tasmād eva hetoḥ sarvatra sama-cetasā | tad uktam—","ततः साक्षाद् एव तत्प्राप्तिम् आह—इच्छाद्वेष- इति । तद् एवं तेन भागवती गतिः प्राप्ता । हेयत्वाद् अन्यत्र इच्छाद्वेषविहीनेन, तस्माद् एव हेतोः सर्वत्र समचेतसा । तद् उक्तम्—","ततः साक्षाद् एव तत्प्राप्तिम् आह—इच्छाद्वेष- इति । तद् एवꣳ तेन भागवती गतिः प्राप्ता । हेयत्वाद् अन्यत्र इच्छाद्वेषविहीनेन, तस्माद् एव हेतोः सर्वत्र समचेतसा । तद् उक्तम्—"
1915,"yad vā, mayā lakṣmyā saha vartate iti sama iti sahasra-nāma-bhāṣyāt | “bhagavac-cetaseti prāpto bhāgavatīṁ gatim” iti pāṭhe, sa kardama eva tāṁ gatiṁ prāptaḥ | atra bhagavad-bhakti-yogenety eva viśeṣyam iti | evam evoktaṁ śrī-bhagavad-gītopaniṣatsu—","यद् वा, मया लक्ष्म्या सह वर्तते इति सम इति सहस्रनामभाष्यात् । “भगवच्चेतसेति प्राप्तो भागवतीं गतिम्” इति पाठे, स कर्दम एव तां गतिं प्राप्तः । अत्र भगवद्भक्तियोगेनेत्य् एव विशेष्यम् इति । एवम् एवोक्तं श्रीभगवद्गीतोपनिषत्सु—","यद् वा, मया लक्ष्म्या सह वर्तते इति सम इति सहस्रनामभाष्यात् । “भगवच्चेतसेति प्राप्तो भागवतीꣳ गतिम्” इति पाठे, स कर्दम एव ताꣳ गतिꣳ प्राप्तः । अत्र भगवद्भक्तियोगेनेत्य् एव विशेष्यम् इति । एवम् एवोक्तꣳ श्रीभगवद्गीतोपनिषत्सु—"
1916,buddhyā viśuddhayā yukto dhṛtyātmānaṁ niyamya ca |,बुद्ध्या विशुद्धया युक्तो धृत्यात्मानं नियम्य च ।,बुद्ध्या विशुद्धया युक्तो धृत्यात्मानꣳ नियम्य च ।
1917,śabdādīn viṣayāṁs tyaktvā rāgadveṣau vyudasya ca || ,शब्दादीन् विषयांस् त्यक्त्वा रागद्वेषौ व्युदस्य च ॥ ,शब्दादीन् विषयाꣳस् त्यक्त्वा रागद्वेषौ व्युदस्य च ॥ 
1919,dhyāna-yoga-paro nityaṁ vairāgyaṁ samupāśritaḥ || ,ध्यानयोगपरो नित्यं वैराग्यं समुपाश्रितः ॥ ,ध्यानयोगपरो नित्यꣳ वैराग्यꣳ समुपाश्रितः ॥ 
1920,ahaṁkāraṁ balaṁ darpaṁ kāmaṁ krodhaṁ parigraham |,अहंकारं बलं दर्पं कामं क्रोधं परिग्रहम् ।,अहꣳकारꣳ बलꣳ दर्पꣳ कामꣳ क्रोधꣳ परिग्रहम् ।
1923,samaḥ sarveṣu bhūteṣu mad-bhaktiṁ labhate parām || ,समः सर्वेषु भूतेषु मद्भक्तिं लभते पराम् ॥ ,समः सर्वेषु भूतेषु मद्भक्तिꣳ लभते पराम् ॥ 
1925,tato māṁ tattvato jñātvā viśate tad-anantaram || [gītā 18.51-55] iti |,ततो मां तत्त्वतो ज्ञात्वा विशते तदनन्तरम् ॥ [गीता १८.५१-५५] इति ।,ततो माꣳ तत्त्वतो ज्ञात्वा विशते तदनन्तरम् ॥ [गीता १८.५१-५५] इति ।
1926,"atra viṁśatir milanārthaḥ, yathā duryodhanaṁ parityajya yudhiṣṭhiraṁ praviṣṭavān ayaṁ rājeti | ","अत्र विंशतिर् मिलनार्थः, यथा दुर्योधनं परित्यज्य युधिष्ठिरं प्रविष्टवान् अयं राजेति । ","अत्र विꣳशतिर् मिलनार्थः, यथा दुर्योधनꣳ परित्यज्य युधिष्ठिरꣳ प्रविष्टवान् अयꣳ राजेति । "
1930,tasmāj jñānena sahitaṁ ,तस्माज् ज्ञानेन सहितं ,तस्माज् ज्ञानेन सहितꣳ 
1933,bhaja māṁ bhakti-bhāvitaḥ || [bhā.pu. 11.19.5],भज मां भक्तिभावितः ॥ [भा.पु. ११.१९.५],भज माꣳ भक्तिभावितः ॥ [भा.पु. ११.१९.५]
1934,"svātmānaṁ jīva-svarūpam | jñānaṁ vijñānaṁ ca brāhmyam | kiṁ bahunā, atra śrī-catuḥsana-śukādaya evodāharaṇam iti ||","स्वात्मानं जीवस्वरूपम् । ज्ञानं विज्ञानं च ब्राह्म्यम् । किं बहुना, अत्र श्रीचतुःसनशुकादय एवोदाहरणम् इति ॥","स्वात्मानꣳ जीवस्वरूपम् । ज्ञानꣳ विज्ञानꣳ च ब्राह्म्यम् । किꣳ बहुना, अत्र श्रीचतुःसनशुकादय एवोदाहरणम् इति ॥"
1937,yā nirvṛtis tanu-bhṛtāṁ tava pāda-padma-,या निर्वृतिस् तनुभृतां तव पादपद्म-,या निर्वृतिस् तनुभृताꣳ तव पादपद्म-
1940,kiṁ tv antakāsi-lulitāt patatāṁ vimānāt || [bhā.pu. 4.9.10],किं त्व् अन्तकासिलुलितात् पततां विमानात् ॥ [भा.पु. ४.९.१०],किꣳ त्व् अन्तकासिलुलितात् पतताꣳ विमानात् ॥ [भा.पु. ४.९.१०]
1947,tad evaṁ śrī-bhagavān evākhaṇḍaṁ tattvaṁ sādhaka-viśeṣāṇāṁ tādṛśa-yogyatvābhāvāt sāmānyākārodayatvena tad asamyak sphūrtir eva brahmeti sākṣād eva vakti dvābhyām—,तद् एवं श्रीभगवान् एवाखण्डं तत्त्वं साधकविशेषाणां तादृशयोग्यत्वाभावात् सामान्याकारोदयत्वेन तद् असम्यक् स्फूर्तिर् एव ब्रह्मेति साक्षाद् एव वक्ति द्वाभ्याम्—,तद् एवꣳ श्रीभगवान् एवाखण्डꣳ तत्त्वꣳ साधकविशेषाणाꣳ तादृशयोग्यत्वाभावात् सामान्याकारोदयत्वेन तद् असम्यक् स्फूर्तिर् एव ब्रह्मेति साक्षाद् एव वक्ति द्वाभ्याम्—
1956,ṭīkā ca—anena ca jñāna-yogena bhagavān eva prāpyaḥ yathā bhakti-yogenety āha | nairguṇyo jñāna-yogaś ca man-niṣṭho bhakti-lakṣaṇaś ca yo yogaḥ tayor dvayor apy eka evārthaḥ prayojanam | ko’sau ? bhagavac-chabdo lakṣaṇaṁ jñāpako yasya | tad uktaṁ gītāsu—te prāpnuvanti mām eva sarva-bhūta-hite ratāḥ [gītā 12.4] iti |,टीका च—अनेन च ज्ञानयोगेन भगवान् एव प्राप्यः यथा भक्तियोगेनेत्य् आह । नैर्गुण्यो ज्ञानयोगश् च मन्निष्ठो भक्तिलक्षणश् च यो योगः तयोर् द्वयोर् अप्य् एक एवार्थः प्रयोजनम् । कोऽसौ ? भगवच्छब्दो लक्षणं ज्ञापको यस्य । तद् उक्तं गीतासु—ते प्राप्नुवन्ति माम् एव सर्वभूतहिते रताः [गीता १२.४] इति ।,टीका च—अनेन च ज्ञानयोगेन भगवान् एव प्राप्यः यथा भक्तियोगेनेत्य् आह । नैर्गुण्यो ज्ञानयोगश् च मन्निष्ठो भक्तिलक्षणश् च यो योगः तयोर् द्वयोर् अप्य् एक एवार्थः प्रयोजनम् । कोऽसौ ? भगवच्छब्दो लक्षणꣳ ज्ञापको यस्य । तद् उक्तꣳ गीतासु—ते प्राप्नुवन्ति माम् एव सर्वभूतहिते रताः [गीता १२.४] इति ।
1957,"nanu jñāna-yogasyātma-lābhaḥ phalaṁ śāstreṇāvagamyate, bhakti-yogasya tu bhajanīyeśvara-prāptiḥ | kutas tayor ekārthatvam ? ity āśaṅkya dṛṣṭāntenopapādayati—yathā bahūnāṁ rūpa-rasādīnāṁ guṇānām āśrayaḥ kṣīrādir eka evārtho mārga-bheda-pravṛttair indriyair nānā pratīyate—cakṣuṣā śukla iti, rasanena madhura iti, sparśena śīta ity-ādi—tathā bhagavān eka eva tat-tad-rūpeṇāvagamyate | ity eṣā |","ननु ज्ञानयोगस्यात्मलाभः फलं शास्त्रेणावगम्यते, भक्तियोगस्य तु भजनीयेश्वरप्राप्तिः । कुतस् तयोर् एकार्थत्वम् ? इत्य् आशङ्क्य दृष्टान्तेनोपपादयति—यथा बहूनां रूपरसादीनां गुणानाम् आश्रयः क्षीरादिर् एक एवार्थो मार्गभेदप्रवृत्तैर् इन्द्रियैर् नाना प्रतीयते—चक्षुषा शुक्ल इति, रसनेन मधुर इति, स्पर्शेन शीत इत्यादि—तथा भगवान् एक एव तत्तद्रूपेणावगम्यते । इत्य् एषा ।","ननु ज्ञानयोगस्यात्मलाभः फलꣳ शास्त्रेणावगम्यते, भक्तियोगस्य तु भजनीयेश्वरप्राप्तिः । कुतस् तयोर् एकार्थत्वम् ? इत्य् आशङ्क्य दृष्टान्तेनोपपादयति—यथा बहूनाꣳ रूपरसादीनाꣳ गुणानाम् आश्रयः क्षीरादिर् एक एवार्थो मार्गभेदप्रवृत्तैर् इन्द्रियैर् नाना प्रतीयते—चक्षुषा शुक्ल इति, रसनेन मधुर इति, स्पर्शेन शीत इत्यादि—तथा भगवान् एक एव तत्तद्रूपेणावगम्यते । इत्य् एषा ।"
1958,atra bhagavān evāṅgitvena nigaditaḥ | ataḥ sarvāṁśa-pratyāyakatvād bhakti-yogaś ca manaḥ-sthānīyo jñeyaḥ ||,अत्र भगवान् एवाङ्गित्वेन निगदितः । अतः सर्वांशप्रत्यायकत्वाद् भक्तियोगश् च मनःस्थानीयो ज्ञेयः ॥,अत्र भगवान् एवाङ्गित्वेन निगदितः । अतः सर्वाꣳशप्रत्यायकत्वाद् भक्तियोगश् च मनःस्थानीयो ज्ञेयः ॥
1960,ata eva tad-aṁśatvenaiva brahma śrūyate | ,अत एव तदंशत्वेनैव ब्रह्म श्रूयते । ,अत एव तदꣳशत्वेनैव ब्रह्म श्रूयते । 
1961,ahaṁ vai sarva-bhūtāni ,अहं वै सर्वभूतानि ,अहꣳ वै सर्वभूतानि 
1963,śabda-brahma paraṁ brahma,शब्दब्रह्म परं ब्रह्म,शब्दब्रह्म परꣳ ब्रह्म
1966,sarva-bhūtāny aham eva | bhūtānām ātmā bhoktāpy aham eva | bhoktṛ-bhogyātmakaṁ viśvaṁ mad-vyatiriktaṁ nāstīty arthaḥ | yato’haṁ bhūta-bhāvanaḥ bhūtānāṁ prakāśakaḥ kāraṇaṁ ca | ,सर्वभूतान्य् अहम् एव । भूतानाम् आत्मा भोक्ताप्य् अहम् एव । भोक्तृभोग्यात्मकं विश्वं मद्व्यतिरिक्तं नास्तीत्य् अर्थः । यतोऽहं भूतभावनः भूतानां प्रकाशकः कारणं च । ,सर्वभूतान्य् अहम् एव । भूतानाम् आत्मा भोक्ताप्य् अहम् एव । भोक्तृभोग्यात्मकꣳ विश्वꣳ मद्व्यतिरिक्तꣳ नास्तीत्य् अर्थः । यतोऽहꣳ भूतभावनः भूतानाꣳ प्रकाशकः कारणꣳ च । 
1967,"nanu śabda-brahma prakāśakaṁ para-brahma kāraṇaṁ prakāśakaṁ ca ? satyaṁ, te ubhe mamaiva rūpe ity āha—śabda-brahmeti | śāśvatī śāśvatyau | ity eṣā || ","ननु शब्दब्रह्म प्रकाशकं परब्रह्म कारणं प्रकाशकं च ? सत्यं, ते उभे ममैव रूपे इत्य् आह—शब्दब्रह्मेति । शाश्वती शाश्वत्यौ । इत्य् एषा ॥ ","ननु शब्दब्रह्म प्रकाशकꣳ परब्रह्म कारणꣳ प्रकाशकꣳ च ? सत्यꣳ, ते उभे ममैव रूपे इत्य् आह—शब्दब्रह्मेति । शाश्वती शाश्वत्यौ । इत्य् एषा ॥ "
1968,atra śabda-brahmaṇaḥ sāhacaryāt para-brahmaṇo’py aṁśatvam evāyāti |,अत्र शब्दब्रह्मणः साहचर्यात् परब्रह्मणोऽप्य् अंशत्वम् एवायाति ।,अत्र शब्दब्रह्मणः साहचर्यात् परब्रह्मणोऽप्य् अꣳशत्वम् एवायाति ।
1971,madīyaṁ mahimānaṁ ca,मदीयं महिमानं च,मदीयꣳ महिमानꣳ च
1973,vetsyasy anugṛhītaṁ me,वेत्स्यस्य् अनुगृहीतं मे,वेत्स्यस्य् अनुगृहीतꣳ मे
1974,sampraśnair vivṛtaṁ hṛdi || [bhā.pu. 8.24.38],सम्प्रश्नैर् विवृतं हृदि ॥ [भा.पु. ८.२४.३८],सम्प्रश्नैर् विवृतꣳ हृदि ॥ [भा.पु. ८.२४.३८]
1975,"mahimānam aiśvaryam, vibhūtir nirviśeṣam iti yāvat | ata eva me mayā anugṛhītam anugraheṇa prakāśitaṁ hṛdy aparokṣaṁ vetsyasi | tvayā kṛtaiḥ sampraśnair mayā vivṛtaṁ iti | sa tu yadyapi mad-anubhavāntar-bhūta eva, sa tu brahmānubhava ity ato nāsti mattaḥ pṛthag-anubhavāpekṣā, tathāpi bhakti-prakāśita-sākṣān-mad-anubhave tan-mātrānubhavo na sphuṭo bhavati | yadi tadīya-sphuṭatāyāṁ tavecchā kathañcid vartate, tadā sāpi bhaved iti bhāvaḥ | ","महिमानम् ऐश्वर्यम्, विभूतिर् निर्विशेषम् इति यावत् । अत एव मे मया अनुगृहीतम् अनुग्रहेण प्रकाशितं हृद्य् अपरोक्षं वेत्स्यसि । त्वया कृतैः सम्प्रश्नैर् मया विवृतं इति । स तु यद्यपि मदनुभवान्तर्भूत एव, स तु ब्रह्मानुभव इत्य् अतो नास्ति मत्तः पृथगनुभवापेक्षा, तथापि भक्तिप्रकाशितसाक्षान्मदनुभवे तन्मात्रानुभवो न स्फुटो भवति । यदि तदीयस्फुटतायां तवेच्छा कथञ्चिद् वर्तते, तदा सापि भवेद् इति भावः । ","महिमानम् ऐश्वर्यम्, विभूतिर् निर्विशेषम् इति यावत् । अत एव मे मया अनुगृहीतम् अनुग्रहेण प्रकाशितꣳ हृद्य् अपरोक्षꣳ वेत्स्यसि । त्वया कृतैः सम्प्रश्नैर् मया विवृतꣳ इति । स तु यद्यपि मदनुभवान्तर्भूत एव, स तु ब्रह्मानुभव इत्य् अतो नास्ति मत्तः पृथगनुभवापेक्षा, तथापि भक्तिप्रकाशितसाक्षान्मदनुभवे तन्मात्रानुभवो न स्फुटो भवति । यदि तदीयस्फुटतायाꣳ तवेच्छा कथञ्चिद् वर्तते, तदा सापि भवेद् इति भावः । "
1981,jñānasyety eka-vacanāt ekaṁ brahmaivocyata iti ||,ज्ञानस्येत्य् एकवचनात् एकं ब्रह्मैवोच्यत इति ॥,ज्ञानस्येत्य् एकवचनात् एकꣳ ब्रह्मैवोच्यत इति ॥
1985,āpo jyotir ahaṁ mahān |,आपो ज्योतिर् अहं महान् ।,आपो ज्योतिर् अहꣳ महान् ।
1986,vikāraḥ puruṣo’vyaktaṁ,विकारः पुरुषोऽव्यक्तं,विकारः पुरुषोऽव्यक्तꣳ
1987,rajaḥ sattvaṁ tamaḥ param || [bhā.pu. 11.16.37],रजः सत्त्वं तमः परम् ॥ [भा.पु. ११.१६.३७],रजः सत्त्वꣳ तमः परम् ॥ [भा.पु. ११.१६.३७]
1988,ṭīkā ca—paraṁ brahma ca ity eṣā ||,टीका च—परं ब्रह्म च इत्य् एषा ॥,टीका च—परꣳ ब्रह्म च इत्य् एषा ॥
1990,yad aṇḍam aṇḍāntara-gocaraṁ ca yad,यद् अण्डम् अण्डान्तरगोचरं च यद्,यद् अण्डम् अण्डान्तरगोचरꣳ च यद्
1992,guṇāḥ pradhānaṁ puruṣaḥ paraṁ padaṁ,गुणाः प्रधानं पुरुषः परं पदं,गुणाः प्रधानꣳ पुरुषः परꣳ पदꣳ
1993,"parātparaṁ brahma ca te vibhūtayaḥ [stotra-ratna, 14] iti ||","परात्परं ब्रह्म च ते विभूतयः [स्तोत्ररत्न, १४] इति ॥","परात्परꣳ ब्रह्म च ते विभूतयः [स्तोत्ररत्न, १४] इति ॥"
1996,ato brahma-rūpe prakāśe tad vaiśiṣṭyānupalambhanāt tat-prabhāvatva-lakṣaṇam api tasya vyapadiśyate | rūpaṁ yat tat prāhur avyaktam ādyaṁ brahma-jyotir [bhā.pu. 10.3.24] ity-ādi |,अतो ब्रह्मरूपे प्रकाशे तद् वैशिष्ट्यानुपलम्भनात् तत्प्रभावत्वलक्षणम् अपि तस्य व्यपदिश्यते । रूपं यत् तत् प्राहुर् अव्यक्तम् आद्यं ब्रह्मज्योतिर् [भा.पु. १०.३.२४] इत्यादि ।,अतो ब्रह्मरूपे प्रकाशे तद् वैशिष्ट्यानुपलम्भनात् तत्प्रभावत्वलक्षणम् अपि तस्य व्यपदिश्यते । रूपꣳ यत् तत् प्राहुर् अव्यक्तम् आद्यꣳ ब्रह्मज्योतिर् [भा.पु. १०.३.२४] इत्यादि ।
1997,brahmaiva jyotiḥ prabhā yasya tathābhūtaṁ rūpaṁ śrī-vigraham | tathā coktaṁ brahma-saṁhitāyāṁ—,ब्रह्मैव ज्योतिः प्रभा यस्य तथाभूतं रूपं श्रीविग्रहम् । तथा चोक्तं ब्रह्मसंहितायां—,ब्रह्मैव ज्योतिः प्रभा यस्य तथाभूतꣳ रूपꣳ श्रीविग्रहम् । तथा चोक्तꣳ ब्रह्मसꣳहितायाꣳ—
2000,tad brahma niṣkalam anantam aśeṣa-bhūtaṁ,तद् ब्रह्म निष्कलम् अनन्तम् अशेषभूतं,तद् ब्रह्म निष्कलम् अनन्तम् अशेषभूतꣳ
2001,govindam ādi-puruṣaṁ tam ahaṁ bhajāmi ||  [bra.saṁ. 5.40] iti ||,गोविन्दम् आदिपुरुषं तम् अहं भजामि ॥  [ब्र.सं. ५.४०] इति ॥,गोविन्दम् आदिपुरुषꣳ तम् अहꣳ भजामि ॥  [ब्र.सꣳ. ५.४०] इति ॥
2003,ato brahmaṇaḥ paratvena śrī-bhagavantaṁ kaṇṭhoktyaivāha—,अतो ब्रह्मणः परत्वेन श्रीभगवन्तं कण्ठोक्त्यैवाह—,अतो ब्रह्मणः परत्वेन श्रीभगवन्तꣳ कण्ठोक्त्यैवाह—
2004,yaḥ paraṁ rahasaḥ sākṣāt ,यः परं रहसः साक्षात् ,यः परꣳ रहसः साक्षात् 
2005,triguṇāj jīva-saṁjñitāt |,त्रिगुणाज् जीवसंज्ञितात् ।,त्रिगुणाज् जीवसꣳज्ञितात् ।
2006,bhagavantaṁ vāsudevaṁ,भगवन्तं वासुदेवं,भगवन्तꣳ वासुदेवꣳ
2008,"pitrānuvarṇita-rahāḥ [bhā.pu. 3.15.46] iti śravaṇena raho brahma, tasmād api paraṁ, tataḥ sutarāṁ triguṇāt pradhānāj jīva-saṁjñitāt jīvātmanaḥ paraṁ bhagavantaṁ yaḥ sākṣāt śravaṇādinaiva, na tu karmārpaṇādinā prapanna ity anvayaḥ | ","पित्रानुवर्णितरहाः [भा.पु. ३.१५.४६] इति श्रवणेन रहो ब्रह्म, तस्माद् अपि परं, ततः सुतरां त्रिगुणात् प्रधानाज् जीवसंज्ञितात् जीवात्मनः परं भगवन्तं यः साक्षात् श्रवणादिनैव, न तु कर्मार्पणादिना प्रपन्न इत्य् अन्वयः । ","पित्रानुवर्णितरहाः [भा.पु. ३.१५.४६] इति श्रवणेन रहो ब्रह्म, तस्माद् अपि परꣳ, ततः सुतराꣳ त्रिगुणात् प्रधानाज् जीवसꣳज्ञितात् जीवात्मनः परꣳ भगवन्तꣳ यः साक्षात् श्रवणादिनैव, न तु कर्मार्पणादिना प्रपन्न इत्य् अन्वयः । "
2013,tena satyena me pāpaṁ narakārti-pradaṁ kṣayam ||,तेन सत्येन मे पापं नरकार्तिप्रदं क्षयम् ॥,तेन सत्येन मे पापꣳ नरकार्तिप्रदꣳ क्षयम् ॥
2014,prayātu sukṛtasyāstu mamānudivasaṁ jayaḥ || iti ||,प्रयातु सुकृतस्यास्तु ममानुदिवसं जयः ॥ इति ॥,प्रयातु सुकृतस्यास्तु ममानुदिवसꣳ जयः ॥ इति ॥
2015,atra prakaraṇānurūpeṇa sarvātma-śabdena cānyathā samādhānaṁ ca parāhatam | tathā ca tatrottaraṁ kṣatra-bandhūpākhyāne—,अत्र प्रकरणानुरूपेण सर्वात्मशब्देन चान्यथा समाधानं च पराहतम् । तथा च तत्रोत्तरं क्षत्रबन्धूपाख्याने—,अत्र प्रकरणानुरूपेण सर्वात्मशब्देन चान्यथा समाधानꣳ च पराहतम् । तथा च तत्रोत्तरꣳ क्षत्रबन्धूपाख्याने—
2016,yan-mayaṁ paramaṁ brahma tad avyaktaṁ ca yan-mayam |,यन्मयं परमं ब्रह्म तद् अव्यक्तं च यन्मयम् ।,यन्मयꣳ परमꣳ ब्रह्म तद् अव्यक्तꣳ च यन्मयम् ।
2017,yan-mayaṁ vyaktam apy etad bhaviṣyāmi hi tan-mayaḥ || iti ||,यन्मयं व्यक्तम् अप्य् एतद् भविष्यामि हि तन्मयः ॥ इति ॥,यन्मयꣳ व्यक्तम् अप्य् एतद् भविष्यामि हि तन्मयः ॥ इति ॥
2018,tatraiva māsarkṣa-pūjā-prasaṅge tataḥ paratvaṁ sphuṭam evoktaṁ—,तत्रैव मासर्क्षपूजाप्रसङ्गे ततः परत्वं स्फुटम् एवोक्तं—,तत्रैव मासर्क्षपूजाप्रसङ्गे ततः परत्वꣳ स्फुटम् एवोक्तꣳ—
2019,yathācyuta tvaṁ parataḥ parasmāt ,यथाच्युत त्वं परतः परस्मात् ,यथाच्युत त्वꣳ परतः परस्मात् 
2021,tathācyuta tvaṁ vāñchitaṁ tan ,तथाच्युत त्वं वाञ्छितं तन् ,तथाच्युत त्वꣳ वाञ्छितꣳ तन् 
2022,mamāpadaṁ cāpaharāprameya || iti ||,ममापदं चापहराप्रमेय ॥ इति ॥,ममापदꣳ चापहराप्रमेय ॥ इति ॥
2025,"tad evam evābhiprāyeṇa, sa vā eṣa puruṣo’nna-rasa-mayaḥ [tai.u. 2.1] ity-ādāv antaraṅgāntaraṅgaikaikātmya-kathanānte, idaṁ pucchaṁ pratiṣṭhā, pṛthivī pucchaṁ pratiṣṭhā, atharvāṅgirasaḥ pucchaṁ pratiṣṭhā, mahaḥ pucchaṁ pratiṣṭhā, brahma pucchaṁ pratiṣṭhā [tai.u. 2.1-5] iti śruty-uktāyāḥ pañcamyā api pratiṣṭhāyā upari | śrī-gītopaniṣado yathā—brahmaṇo hi pratiṣṭhāham [gītā 14.27] iti | atra brahma-śabda-sannihita-pratiṣṭhā-śabdena sā śrutiḥ smaryate | tataś caivam eva vyākhyeyam | hi-śabdaḥ, ","तद् एवम् एवाभिप्रायेण, स वा एष पुरुषोऽन्नरसमयः [तै.उ. २.१] इत्यादाव् अन्तरङ्गान्तरङ्गैकैकात्म्यकथनान्ते, इदं पुच्छं प्रतिष्ठा, पृथिवी पुच्छं प्रतिष्ठा, अथर्वाङ्गिरसः पुच्छं प्रतिष्ठा, महः पुच्छं प्रतिष्ठा, ब्रह्म पुच्छं प्रतिष्ठा [तै.उ. २.१-५] इति श्रुत्युक्तायाः पञ्चम्या अपि प्रतिष्ठाया उपरि । श्रीगीतोपनिषदो यथा—ब्रह्मणो हि प्रतिष्ठाहम् [गीता १४.२७] इति । अत्र ब्रह्मशब्दसन्निहितप्रतिष्ठाशब्देन सा श्रुतिः स्मर्यते । ततश् चैवम् एव व्याख्येयम् । हिशब्दः, ","तद् एवम् एवाभिप्रायेण, स वा एष पुरुषोऽन्नरसमयः [तै.उ. २.१] इत्यादाव् अन्तरङ्गान्तरङ्गैकैकात्म्यकथनान्ते, इदꣳ पुच्छꣳ प्रतिष्ठा, पृथिवी पुच्छꣳ प्रतिष्ठा, अथर्वाङ्गिरसः पुच्छꣳ प्रतिष्ठा, महः पुच्छꣳ प्रतिष्ठा, ब्रह्म पुच्छꣳ प्रतिष्ठा [तै.उ. २.१-५] इति श्रुत्युक्तायाः पञ्चम्या अपि प्रतिष्ठाया उपरि । श्रीगीतोपनिषदो यथा—ब्रह्मणो हि प्रतिष्ठाहम् [गीता १४.२७] इति । अत्र ब्रह्मशब्दसन्निहितप्रतिष्ठाशब्देन सा श्रुतिः स्मर्यते । ततश् चैवम् एव व्याख्येयम् । हिशब्दः, "
2026,māṁ ca yo’vyabhicāreṇa bhakti-yogena sevate |,मां च योऽव्यभिचारेण भक्तियोगेन सेवते ।,माꣳ च योऽव्यभिचारेण भक्तियोगेन सेवते ।
2028,"ity asya nirantara-prācīna-vacanasya hetutā-vivakṣayā | ato guṇātīta-brahmaṇaḥ prakṛtārthatvāt prācīnārtha-hetu-vacane’sminn upacāreṇa tac-chabdasya brahma-śakti-rūpaṁ hiraṇyagarbha-rūpaṁ vā arthāntaram ayuktaṁ, kintv evam eva yuktaṁ | yathā—","इत्य् अस्य निरन्तरप्राचीनवचनस्य हेतुताविवक्षया । अतो गुणातीतब्रह्मणः प्रकृतार्थत्वात् प्राचीनार्थहेतुवचनेऽस्मिन्न् उपचारेण तच्छब्दस्य ब्रह्मशक्तिरूपं हिरण्यगर्भरूपं वा अर्थान्तरम् अयुक्तं, किन्त्व् एवम् एव युक्तं । यथा—","इत्य् अस्य निरन्तरप्राचीनवचनस्य हेतुताविवक्षया । अतो गुणातीतब्रह्मणः प्रकृतार्थत्वात् प्राचीनार्थहेतुवचनेऽस्मिन्न् उपचारेण तच्छब्दस्य ब्रह्मशक्तिरूपꣳ हिरण्यगर्भरूपꣳ वा अर्थान्तरम् अयुक्तꣳ, किन्त्व् एवम् एव युक्तꣳ । यथा—"
2029,"nanu tvad-bhaktyā kathaṁ nirguṇa-brahma-dharma-prāptiḥ, sā tu tad-ekānubhavena ? tatrāha—brahmaṇo hīti | hi yasmāt brahma-pucchaṁ pratiṣṭhā [tai.u. 2.5.1] iti parama-pratiṣṭhatvena śrutau yat prasiddhaṁ, tac ca tasyām eva śrutau ānanda-mayāṅgatvena darśitaṁ tasya pucchatva-rūpita-brahmaṇaḥ | ānanda-mayo’bhyāsāt [ve.sū. 1.1.13] iti sūtra-kāra-sammata-para-brahma-bhāva ānanda-mayākhyaḥ pracura-prakāśo ravir itivat pracuraś cānanda-rūpaḥ śrī-bhagavān ahaṁ pratiṣṭhā |","ननु त्वद्भक्त्या कथं निर्गुणब्रह्मधर्मप्राप्तिः, सा तु तदेकानुभवेन ? तत्राह—ब्रह्मणो हीति । हि यस्मात् ब्रह्मपुच्छं प्रतिष्ठा [तै.उ. २.५.१] इति परमप्रतिष्ठत्वेन श्रुतौ यत् प्रसिद्धं, तच् च तस्याम् एव श्रुतौ आनन्दमयाङ्गत्वेन दर्शितं तस्य पुच्छत्वरूपितब्रह्मणः । आनन्दमयोऽभ्यासात् [वे.सू. १.१.१३] इति सूत्रकारसम्मतपरब्रह्मभाव आनन्दमयाख्यः प्रचुरप्रकाशो रविर् इतिवत् प्रचुरश् चानन्दरूपः श्रीभगवान् अहं प्रतिष्ठा ।","ननु त्वद्भक्त्या कथꣳ निर्गुणब्रह्मधर्मप्राप्तिः, सा तु तदेकानुभवेन ? तत्राह—ब्रह्मणो हीति । हि यस्मात् ब्रह्मपुच्छꣳ प्रतिष्ठा [तै.उ. २.५.१] इति परमप्रतिष्ठत्वेन श्रुतौ यत् प्रसिद्धꣳ, तच् च तस्याम् एव श्रुतौ आनन्दमयाङ्गत्वेन दर्शितꣳ तस्य पुच्छत्वरूपितब्रह्मणः । आनन्दमयोऽभ्यासात् [वे.सू. १.१.१३] इति सूत्रकारसम्मतपरब्रह्मभाव आनन्दमयाख्यः प्रचुरप्रकाशो रविर् इतिवत् प्रचुरश् चानन्दरूपः श्रीभगवान् अहꣳ प्रतिष्ठा ।"
2030,"yadyapi brahmaṇo mama ca na bhinna-vastutvaṁ, tathāpi śrī-bhagavad-rūpeṇaivodite mayi pratiṣṭhātvasya parā kāṣṭhety arthaḥ, svarūpa-śakti-prakāśenaiva svarūpa-prakāśasyāpy ādhikyārhatvāt, nirviśeṣa-brahma-prakāśasyāpy upari śrī-bhagavat-prakāśa-śravaṇāt | ","यद्यपि ब्रह्मणो मम च न भिन्नवस्तुत्वं, तथापि श्रीभगवद्रूपेणैवोदिते मयि प्रतिष्ठात्वस्य परा काष्ठेत्य् अर्थः, स्वरूपशक्तिप्रकाशेनैव स्वरूपप्रकाशस्याप्य् आधिक्यार्हत्वात्, निर्विशेषब्रह्मप्रकाशस्याप्य् उपरि श्रीभगवत्प्रकाशश्रवणात् । ","यद्यपि ब्रह्मणो मम च न भिन्नवस्तुत्वꣳ, तथापि श्रीभगवद्रूपेणैवोदिते मयि प्रतिष्ठात्वस्य परा काष्ठेत्य् अर्थः, स्वरूपशक्तिप्रकाशेनैव स्वरूपप्रकाशस्याप्य् आधिक्यार्हत्वात्, निर्विशेषब्रह्मप्रकाशस्याप्य् उपरि श्रीभगवत्प्रकाशश्रवणात् । "
2033,atra śrī-viṣṇu-purāṇam api sampravadate—śubhāśrayaḥ sa cittasya sa-vargasya tathātmanaḥ [vi.pu. 6.7.76] iti | vyākhyātaṁ ca tatrāpi svāmibhiḥ—sa-vargasyātmanaḥ para-brahmaṇo’py āśrayaḥ pratiṣṭhā | tad uktaṁ bhagavatā brahmaṇo hi pratiṣṭhāham [gītā 14.27] iti | ,अत्र श्रीविष्णुपुराणम् अपि सम्प्रवदते—शुभाश्रयः स चित्तस्य सवर्गस्य तथात्मनः [वि.पु. ६.७.७६] इति । व्याख्यातं च तत्रापि स्वामिभिः—सवर्गस्यात्मनः परब्रह्मणोऽप्य् आश्रयः प्रतिष्ठा । तद् उक्तं भगवता ब्रह्मणो हि प्रतिष्ठाहम् [गीता १४.२७] इति । ,अत्र श्रीविष्णुपुराणम् अपि सम्प्रवदते—शुभाश्रयः स चित्तस्य सवर्गस्य तथात्मनः [वि.पु. ६.७.७६] इति । व्याख्यातꣳ च तत्रापि स्वामिभिः—सवर्गस्यात्मनः परब्रह्मणोऽप्य् आश्रयः प्रतिष्ठा । तद् उक्तꣳ भगवता ब्रह्मणो हि प्रतिष्ठाहम् [गीता १४.२७] इति । 
2034,"atra ca tair vyākhyātam—brahmaṇo’haṁ pratiṣṭhā ghanībhūtaṁ brahmaivāham | yathā ghanībhūta-prakāśa eva sūrya-maṇḍalaṁ, tadvad ity arthaḥ | iti |","अत्र च तैर् व्याख्यातम्—ब्रह्मणोऽहं प्रतिष्ठा घनीभूतं ब्रह्मैवाहम् । यथा घनीभूतप्रकाश एव सूर्यमण्डलं, तद्वद् इत्य् अर्थः । इति ।","अत्र च तैर् व्याख्यातम्—ब्रह्मणोऽहꣳ प्रतिष्ठा घनीभूतꣳ ब्रह्मैवाहम् । यथा घनीभूतप्रकाश एव सूर्यमण्डलꣳ, तद्वद् इत्य् अर्थः । इति ।"
2035,"atra cvi-pratyayas tu tat-tad-upāsaka-hṛdi tat-prakāśasyābhūtatvaṁ brahmaṇa upacaryate itīttham eva | atraiva pratiṣṭhā pratimeti ṭīkā matsara-kalpitā | na hi tat-kṛtā, asambandhatvāt | na hi nirākārasya brahmaṇaḥ pratimā sambhavati | na ca tat-prakāśasya pratimā sūryaḥ | na cāmṛtasyāvyayasyety-ādy-anantara-pāda-trayoktānāṁ mokṣādīnāṁ pratimātvaṁ ghaṭate | na vā śruti-śailī-viṣṇu-purāṇayoḥ saṁvāditāsti | tasmān na sādaraṇīyā | yadi vādaraṇīyā, tadā tac-chabdenāpy āśraya eva vācanīyaḥ | “prati” lakṣīkṛtya “māti” parimitaṁ bhavati yatreti | ","अत्र च्विप्रत्ययस् तु तत्तदुपासकहृदि तत्प्रकाशस्याभूतत्वं ब्रह्मण उपचर्यते इतीत्थम् एव । अत्रैव प्रतिष्ठा प्रतिमेति टीका मत्सरकल्पिता । न हि तत्कृता, असम्बन्धत्वात् । न हि निराकारस्य ब्रह्मणः प्रतिमा सम्भवति । न च तत्प्रकाशस्य प्रतिमा सूर्यः । न चामृतस्याव्ययस्येत्याद्यनन्तरपादत्रयोक्तानां मोक्षादीनां प्रतिमात्वं घटते । न वा श्रुतिशैलीविष्णुपुराणयोः संवादितास्ति । तस्मान् न सादरणीया । यदि वादरणीया, तदा तच्छब्देनाप्य् आश्रय एव वाचनीयः । “प्रति” लक्षीकृत्य “माति” परिमितं भवति यत्रेति । ","अत्र च्विप्रत्ययस् तु तत्तदुपासकहृदि तत्प्रकाशस्याभूतत्वꣳ ब्रह्मण उपचर्यते इतीत्थम् एव । अत्रैव प्रतिष्ठा प्रतिमेति टीका मत्सरकल्पिता । न हि तत्कृता, असम्बन्धत्वात् । न हि निराकारस्य ब्रह्मणः प्रतिमा सम्भवति । न च तत्प्रकाशस्य प्रतिमा सूर्यः । न चामृतस्याव्ययस्येत्याद्यनन्तरपादत्रयोक्तानाꣳ मोक्षादीनाꣳ प्रतिमात्वꣳ घटते । न वा श्रुतिशैलीविष्णुपुराणयोः सꣳवादितास्ति । तस्मान् न सादरणीया । यदि वादरणीया, तदा तच्छब्देनाप्य् आश्रय एव वाचनीयः । “प्रति” लक्षीकृत्य “माति” परिमितꣳ भवति यत्रेति । "
2040,sad-asataḥ paraṁ tvam atha yad eṣv avaśeṣa-mṛtam || ,सदसतः परं त्वम् अथ यद् एष्व् अवशेषमृतम् ॥ ,सदसतः परꣳ त्वम् अथ यद् एष्व् अवशेषमृतम् ॥ 
2041,[bhā.pu. 10.87.17],[भा।पु। १०।८७।१७],[भा.पु. १०.८७.१७]
2042,"asu-bhṛto jīvā dṛtaya iva śvasad-ābhāsā api yadi te tava anuvidhā bhaktā bhavanti, tadā śvasanti prāṇanti | teṣu tad-bhaktānām eva jīvanaṁ jīvanaṁ manyāmahe iti bhāvaḥ | katham ? yasya tava anugrahataḥ samaṣṭi-vyaṣṭi-rūpam aṇḍaṁ dehaṁ mahad-aham-ādayo’sṛjan, ataḥ svayam eva tathāvidhāt tvattaḥ parāṅ-mukhānām anyeṣāṁ dṛti-tulyatvaṁ yuktam eveti bhāvaḥ | ","असुभृतो जीवा दृतय इव श्वसदाभासा अपि यदि ते तव अनुविधा भक्ता भवन्ति, तदा श्वसन्ति प्राणन्ति । तेषु तद्भक्तानाम् एव जीवनं जीवनं मन्यामहे इति भावः । कथम् ? यस्य तव अनुग्रहतः समष्टिव्यष्टिरूपम् अण्डं देहं महदहमादयोऽसृजन्, अतः स्वयम् एव तथाविधात् त्वत्तः पराङ्मुखानाम् अन्येषां दृतितुल्यत्वं युक्तम् एवेति भावः । ","असुभृतो जीवा दृतय इव श्वसदाभासा अपि यदि ते तव अनुविधा भक्ता भवन्ति, तदा श्वसन्ति प्राणन्ति । तेषु तद्भक्तानाम् एव जीवनꣳ जीवनꣳ मन्यामहे इति भावः । कथम् ? यस्य तव अनुग्रहतः समष्टिव्यष्टिरूपम् अण्डꣳ देहꣳ महदहमादयोऽसृजन्, अतः स्वयम् एव तथाविधात् त्वत्तः पराङ्मुखानाम् अन्येषाꣳ दृतितुल्यत्वꣳ युक्तम् एवेति भावः । "
2043,"anugraham eva darśayanti—atra mahad-aham-ādiṣu anvayaḥ praviṣṭas tvam iti | kathaṁ mat-praveśa-mātreṇa teṣāṁ tathā sāmarthyaṁ syāt ? tatrāhuḥ—yad yasmāt sata ānanda-mayākhya-brahmaṇo’vayavasya priyādeḥ, asatas tad-anyasmād annamayādeś ca yat paraṁ puccha-bhūtaṁ sarva-pratiṣṭhā brahma, tat khalu tvam | ","अनुग्रहम् एव दर्शयन्ति—अत्र महदहमादिषु अन्वयः प्रविष्टस् त्वम् इति । कथं मत्प्रवेशमात्रेण तेषां तथा सामर्थ्यं स्यात् ? तत्राहुः—यद् यस्मात् सत आनन्दमयाख्यब्रह्मणोऽवयवस्य प्रियादेः, असतस् तदन्यस्माद् अन्नमयादेश् च यत् परं पुच्छभूतं सर्वप्रतिष्ठा ब्रह्म, तत् खलु त्वम् । ","अनुग्रहम् एव दर्शयन्ति—अत्र महदहमादिषु अन्वयः प्रविष्टस् त्वम् इति । कथꣳ मत्प्रवेशमात्रेण तेषाꣳ तथा सामर्थ्यꣳ स्यात् ? तत्राहुः—यद् यस्मात् सत आनन्दमयाख्यब्रह्मणोऽवयवस्य प्रियादेः, असतस् तदन्यस्माद् अन्नमयादेश् च यत् परꣳ पुच्छभूतꣳ सर्वप्रतिष्ठा ब्रह्म, तत् खलु त्वम् । "
2044,"tatrāpi, eṣu pratiṣṭhā-vākyeṣu avaśeṣaṁ vākya-śeṣatvena sthitaṁ, brahmaṇo hi pratiṣṭhāham [gītā 14.27] ity-ādāv anyatra prasiddham—","तत्रापि, एषु प्रतिष्ठावाक्येषु अवशेषं वाक्यशेषत्वेन स्थितं, ब्रह्मणो हि प्रतिष्ठाहम् [गीता १४।२७] इत्यादाव् अन्यत्र प्रसिद्धम्—","तत्रापि, एषु प्रतिष्ठावाक्येषु अवशेषꣳ वाक्यशेषत्वेन स्थितꣳ, ब्रह्मणो हि प्रतिष्ठाहम् [गीता १४.२७] इत्यादाव् अन्यत्र प्रसिद्धम्—"
2045,ātma-tattva-viśuddhy-arthaṁ yad āha bhagavān ṛtam |,आत्मतत्त्वविशुद्ध्यर्थं यद् आह भगवान् ऋतम् ।,आत्मतत्त्वविशुद्ध्यर्थꣳ यद् आह भगवान् ऋतम् ।
2047,"atra ṛtatvenāpi prasiddhaṁ śrī-bhagavad-rūpam eva, tat tvam | ato’nna-mayādiṣu puruṣa-vidhaḥ puruṣākāro yaś caramaḥ priya-moda-pramodānanda-brahmaṇām avayavī ānanda-mayaḥ, sa tvam iti | tasmān mūla-paramānanda-rūpatvāt tavaiva praveśena teṣāṁ tathā sāmarthyaṁ yuktam eveti bhāvaḥ, ko hy evānyāt kaḥ prāṇyād yad eṣa ākāśa ānando na syāt ? [tai.u. 2.7.1] iti śruteḥ |","अत्र ऋतत्वेनापि प्रसिद्धं श्रीभगवद्रूपम् एव, तत् त्वम् । अतोऽन्नमयादिषु पुरुषविधः पुरुषाकारो यश् चरमः प्रियमोदप्रमोदानन्दब्रह्मणाम् अवयवी आनन्दमयः, स त्वम् इति । तस्मान् मूलपरमानन्दरूपत्वात् तवैव प्रवेशेन तेषां तथा सामर्थ्यं युक्तम् एवेति भावः, को ह्य् एवान्यात् कः प्राण्याद् यद् एष आकाश आनन्दो न स्यात् ? [तै.उ. २.७.१] इति श्रुतेः ।","अत्र ऋतत्वेनापि प्रसिद्धꣳ श्रीभगवद्रूपम् एव, तत् त्वम् । अतोऽन्नमयादिषु पुरुषविधः पुरुषाकारो यश् चरमः प्रियमोदप्रमोदानन्दब्रह्मणाम् अवयवी आनन्दमयः, स त्वम् इति । तस्मान् मूलपरमानन्दरूपत्वात् तवैव प्रवेशेन तेषाꣳ तथा सामर्थ्यꣳ युक्तम् एवेति भावः, को ह्य् एवान्यात् कः प्राण्याद् यद् एष आकाश आनन्दो न स्यात् ? [तै.उ. २.७.१] इति श्रुतेः ।"
2048,"prakaraṇe’sminn etad uktaṁ bhavati—yadyapy eka-svarūpe’pi vastuni sva-gata-nānā-viśeṣo vidyate, tathāpi tādṛśa-śakti-yuktāyā eva dṛṣṭes tat-tat-sarva-viśeṣa-grahaṇe nimittatā dṛśyate, na tv anyasyāḥ | yathā māṁsa-mayī dṛṣṭiḥ sūrya-maṇḍalaṁ prakāśa-mātratvena gṛhṇāti, divyā tu prakāśa-mātra-svarūpatve’pi tad-antargata-divya-sabhādikaṁ gṛhṇāti | evam atra bhakter eva samyaktvena tayaiva samyak tattvaṁ dṛśyate | tac ca bhagavān eveti tasyaiva samyag-rūpatvam | jñānasya tu asamyaktvena darśitatvāt, tenāsamyag eva tad dṛśyate | tac ca brahmety asya asamyag-rūptavam | ","प्रकरणेऽस्मिन्न् एतद् उक्तं भवति—यद्यप्य् एकस्वरूपेऽपि वस्तुनि स्वगतनानाविशेषो विद्यते, तथापि तादृशशक्तियुक्ताया एव दृष्टेस् तत्तत्सर्वविशेषग्रहणे निमित्तता दृश्यते, न त्व् अन्यस्याः । यथा मांसमयी दृष्टिः सूर्यमण्डलं प्रकाशमात्रत्वेन गृह्णाति, दिव्या तु प्रकाशमात्रस्वरूपत्वेऽपि तदन्तर्गतदिव्यसभादिकं गृह्णाति । एवम् अत्र भक्तेर् एव सम्यक्त्वेन तयैव सम्यक् तत्त्वं दृश्यते । तच् च भगवान् एवेति तस्यैव सम्यग्रूपत्वम् । ज्ञानस्य तु असम्यक्त्वेन दर्शितत्वात्, तेनासम्यग् एव तद् दृश्यते । तच् च ब्रह्मेत्य् अस्य असम्यग्रूप्तवम् । ","प्रकरणेऽस्मिन्न् एतद् उक्तꣳ भवति—यद्यप्य् एकस्वरूपेऽपि वस्तुनि स्वगतनानाविशेषो विद्यते, तथापि तादृशशक्तियुक्ताया एव दृष्टेस् तत्तत्सर्वविशेषग्रहणे निमित्तता दृश्यते, न त्व् अन्यस्याः । यथा माꣳसमयी दृष्टिः सूर्यमण्डलꣳ प्रकाशमात्रत्वेन गृह्णाति, दिव्या तु प्रकाशमात्रस्वरूपत्वेऽपि तदन्तर्गतदिव्यसभादिकꣳ गृह्णाति । एवम् अत्र भक्तेर् एव सम्यक्त्वेन तयैव सम्यक् तत्त्वꣳ दृश्यते । तच् च भगवान् एवेति तस्यैव सम्यग्रूपत्वम् । ज्ञानस्य तु असम्यक्त्वेन दर्शितत्वात्, तेनासम्यग् एव तद् दृश्यते । तच् च ब्रह्मेत्य् अस्य असम्यग्रूप्तवम् । "
2049,"tatra ca sāmānyatvenaiva grahaṇe ekākārasya jñānasya tad-antarīṇāvāntara-bheda-paryālocaneṣv asāmārthyād bahir evāvasthitena tena bhāgavata-paramahaṁsa-vṛndānubhava-siddha-nānā-prakāśa-vicitre’pi sva-prakāśa-lakṣaṇa-para-tattve prakāśa-sāmānya-mātraṁ yad gṛhyate, tat tasya prabhā-rūpatvenaivotprekṣyate | tataś cāghanatvam aṁśatvaṁ vibhūtitvaṁ ca vyapadiśyate tasya | tasmād akhaṇḍa-tattva-rūpo bhagavān sāmānyākāra-sphūrti-lakṣaṇatvena sva-prabhākārasya brahmaṇo’py āśraya iti yuktam eva | ","तत्र च सामान्यत्वेनैव ग्रहणे एकाकारस्य ज्ञानस्य तदन्तरीणावान्तरभेदपर्यालोचनेष्व् असामार्थ्याद् बहिर् एवावस्थितेन तेन भागवतपरमहंसवृन्दानुभवसिद्धनानाप्रकाशविचित्रेऽपि स्वप्रकाशलक्षणपरतत्त्वे प्रकाशसामान्यमात्रं यद् गृह्यते, तत् तस्य प्रभारूपत्वेनैवोत्प्रेक्ष्यते । ततश् चाघनत्वम् अंशत्वं विभूतित्वं च व्यपदिश्यते तस्य । तस्माद् अखण्डतत्त्वरूपो भगवान् सामान्याकारस्फूर्तिलक्षणत्वेन स्वप्रभाकारस्य ब्रह्मणोऽप्य् आश्रय इति युक्तम् एव । ","तत्र च सामान्यत्वेनैव ग्रहणे एकाकारस्य ज्ञानस्य तदन्तरीणावान्तरभेदपर्यालोचनेष्व् असामार्थ्याद् बहिर् एवावस्थितेन तेन भागवतपरमहꣳसवृन्दानुभवसिद्धनानाप्रकाशविचित्रेऽपि स्वप्रकाशलक्षणपरतत्त्वे प्रकाशसामान्यमात्रꣳ यद् गृह्यते, तत् तस्य प्रभारूपत्वेनैवोत्प्रेक्ष्यते । ततश् चाघनत्वम् अꣳशत्वꣳ विभूतित्वꣳ च व्यपदिश्यते तस्य । तस्माद् अखण्डतत्त्वरूपो भगवान् सामान्याकारस्फूर्तिलक्षणत्वेन स्वप्रभाकारस्य ब्रह्मणोऽप्य् आश्रय इति युक्तम् एव । "
2050,"ata eva, yasya pṛthivī śarīraṁ, yasyātmā śarīraṁ, yasyāvyaktaṁ śarīraṁ, yasyākṣaraṁ śarīram, eṣa sarva-bhūtāntarātmā, apahata-pāpmā, divyo deva eko nārāyaṇaḥ [subālopaniṣad 7.1] ity etac-chruty-antaraṁ cākṣara-śabdoktasya brahmaṇo’py ātmatvena nārāyaṇaṁ bodhayati | ","अत एव, यस्य पृथिवी शरीरं, यस्यात्मा शरीरं, यस्याव्यक्तं शरीरं, यस्याक्षरं शरीरम्, एष सर्वभूतान्तरात्मा, अपहतपाप्मा, दिव्यो देव एको नारायणः [सुबालोपनिषद् ७.१] इत्य् एतच्छ्रुत्यन्तरं चाक्षरशब्दोक्तस्य ब्रह्मणोऽप्य् आत्मत्वेन नारायणं बोधयति । ","अत एव, यस्य पृथिवी शरीरꣳ, यस्यात्मा शरीरꣳ, यस्याव्यक्तꣳ शरीरꣳ, यस्याक्षरꣳ शरीरम्, एष सर्वभूतान्तरात्मा, अपहतपाप्मा, दिव्यो देव एको नारायणः [सुबालोपनिषद् ७.१] इत्य् एतच्छ्रुत्यन्तरꣳ चाक्षरशब्दोक्तस्य ब्रह्मणोऽप्य् आत्मत्वेन नारायणꣳ बोधयति । "
2051,"uktātmādi-śabda-pāriśeṣya-pramāṇena, cakāra teṣāṁ saṅkṣobham akṣara-juṣām api [bhā.pu. 3.15.43] iti prayoga-dṛṣṭyā cātra hy akṣara-śabdena brahmaiva vācyam | tathā śrī-bhagavatā sāṅkhya-kathane—kālo māyā-maye jīve [bhā.pu. 11.24.27] ity-ādau mahā-pralaye sarvāvaśiṣṭatvena brahmopadiśya tadāpi tasya draṣṭṛtvaṁ svasminn uktam, ","उक्तात्मादिशब्दपारिशेष्यप्रमाणेन, चकार तेषां सङ्क्षोभम् अक्षरजुषाम् अपि [भा.पु. ३.१५.४३] इति प्रयोगदृष्ट्या चात्र ह्य् अक्षरशब्देन ब्रह्मैव वाच्यम् । तथा श्रीभगवता साङ्ख्यकथने—कालो मायामये जीवे [भा.पु. ११.२४.२७] इत्यादौ महाप्रलये सर्वावशिष्टत्वेन ब्रह्मोपदिश्य तदापि तस्य द्रष्टृत्वं स्वस्मिन्न् उक्तम्, ","उक्तात्मादिशब्दपारिशेष्यप्रमाणेन, चकार तेषाꣳ सङ्क्षोभम् अक्षरजुषाम् अपि [भा.पु. ३.१५.४३] इति प्रयोगदृष्ट्या चात्र ह्य् अक्षरशब्देन ब्रह्मैव वाच्यम् । तथा श्रीभगवता साङ्ख्यकथने—कालो मायामये जीवे [भा.पु. ११.२४.२७] इत्यादौ महाप्रलये सर्वावशिष्टत्वेन ब्रह्मोपदिश्य तदापि तस्य द्रष्टृत्वꣳ स्वस्मिन्न् उक्तम्, "
2052,eṣa sāṅkhya-vidhiḥ proktaḥ saṁśaya-granthi-bhedanaḥ | ,एष साङ्ख्यविधिः प्रोक्तः संशयग्रन्थिभेदनः । ,एष साङ्ख्यविधिः प्रोक्तः सꣳशयग्रन्थिभेदनः । 
2053,pratilomānulomābhyāṁ parāvara-dṛśā mayā ||  [bhā.pu. 11.24.29],प्रतिलोमानुलोमाभ्यां परावरदृशा मया ॥  [भा.पु. ११.२४.२९],प्रतिलोमानुलोमाभ्याꣳ परावरदृशा मया ॥  [भा.पु. ११.२४.२९]
2055,"so’yaṁ cātra vivekaḥ—sāṅkhyaṁ hi jñānaṁ, tac chāstraṁ khalu svarūpa-bhūta-tad-viśeṣam ananusandhāya yat tat-svarūpa-mātraṁ tadānīm avaśiṣṭaṁ vadati, tad eva ca brahmākhyam | ","सोऽयं चात्र विवेकः—साङ्ख्यं हि ज्ञानं, तच् छास्त्रं खलु स्वरूपभूततद्विशेषम् अननुसन्धाय यत् तत्स्वरूपमात्रं तदानीम् अवशिष्टं वदति, तद् एव च ब्रह्माख्यम् । ","सोऽयꣳ चात्र विवेकः—साङ्ख्यꣳ हि ज्ञानꣳ, तच् छास्त्रꣳ खलु स्वरूपभूततद्विशेषम् अननुसन्धाय यत् तत्स्वरूपमात्रꣳ तदानीम् अवशिष्टꣳ वदति, तद् एव च ब्रह्माख्यम् । "
2056,tad eva prapañcāvacchinna-carama-pradeśe prapañca-layād vaikuṇṭha iva svarūpa-bhūta-viśeṣāprakāśād avaśiṣyamānatvena vaktuṁ yujyate |,तद् एव प्रपञ्चावच्छिन्नचरमप्रदेशे प्रपञ्चलयाद् वैकुण्ठ इव स्वरूपभूतविशेषाप्रकाशाद् अवशिष्यमानत्वेन वक्तुं युज्यते ।,तद् एव प्रपञ्चावच्छिन्नचरमप्रदेशे प्रपञ्चलयाद् वैकुण्ठ इव स्वरूपभूतविशेषाप्रकाशाद् अवशिष्यमानत्वेन वक्तुꣳ युज्यते ।
2057,tac ca sva-viśeṣya-mātraṁ svarūpa-śakti-viśiṣṭena vaikuṇṭha-sthena śrī-bhagavatā pṛthag iva tatrānubhūyata iti | ,तच् च स्वविशेष्यमात्रं स्वरूपशक्तिविशिष्टेन वैकुण्ठस्थेन श्रीभगवता पृथग् इव तत्रानुभूयत इति । ,तच् च स्वविशेष्यमात्रꣳ स्वरूपशक्तिविशिष्टेन वैकुण्ठस्थेन श्रीभगवता पृथग् इव तत्रानुभूयत इति । 
2058,tad evaṁ nirviśeṣatvena sparśa-rūpa-rahitasyāpi tasya bhagavat-prabhā-rūpatvam utprekṣya tad-abhinnatvena brahmatvaṁ vyapadiṣṭam | ,तद् एवं निर्विशेषत्वेन स्पर्शरूपरहितस्यापि तस्य भगवत्प्रभारूपत्वम् उत्प्रेक्ष्य तदभिन्नत्वेन ब्रह्मत्वं व्यपदिष्टम् । ,तद् एवꣳ निर्विशेषत्वेन स्पर्शरूपरहितस्यापि तस्य भगवत्प्रभारूपत्वम् उत्प्रेक्ष्य तदभिन्नत्वेन ब्रह्मत्वꣳ व्यपदिष्टम् । 
2059,tataḥ sparśa-rūpādi-mādhurī-dhāritayā sa-viśeṣasya sākṣād bhagavad-aṅga-jyotiṣaḥ sutarām eva tat sidhyati | yathoktaṁ śrī-harivaṁśe mahā-kāla-purākhyāne śrīmad-arjunaṁ prati svayaṁ bhagavatā—,ततः स्पर्शरूपादिमाधुरीधारितया सविशेषस्य साक्षाद् भगवदङ्गज्योतिषः सुतराम् एव तत् सिध्यति । यथोक्तं श्रीहरिवंशे महाकालपुराख्याने श्रीमदर्जुनं प्रति स्वयं भगवता—,ततः स्पर्शरूपादिमाधुरीधारितया सविशेषस्य साक्षाद् भगवदङ्गज्योतिषः सुतराम् एव तत् सिध्यति । यथोक्तꣳ श्रीहरिवꣳशे महाकालपुराख्याने श्रीमदर्जुनꣳ प्रति स्वयꣳ भगवता—
2060,brahma-tejo-mayaṁ divyaṁ mahad yad dṛṣṭavān asi |,ब्रह्मतेजोमयं दिव्यं महद् यद् दृष्टवान् असि ।,ब्रह्मतेजोमयꣳ दिव्यꣳ महद् यद् दृष्टवान् असि ।
2061,ahaṁ sa bharata-śreṣṭha mat-tejas tat sanātanam ||,अहं स भरतश्रेष्ठ मत्तेजस् तत् सनातनम् ॥,अहꣳ स भरतश्रेष्ठ मत्तेजस् तत् सनातनम् ॥
2063,tāṁ praviśya bhavantīha muktā yoga-vid-uttamāḥ ||,तां प्रविश्य भवन्तीह मुक्ता योगविदुत्तमाः ॥,ताꣳ प्रविश्य भवन्तीह मुक्ता योगविदुत्तमाः ॥
2064,sā sāṅkhyānāṁ gatiḥ pārtha yogināṁ ca tapasvinām |,सा साङ्ख्यानां गतिः पार्थ योगिनां च तपस्विनाम् ।,सा साङ्ख्यानाꣳ गतिः पार्थ योगिनाꣳ च तपस्विनाम् ।
2065,tat paraṁ paramaṁ brahma sarvaṁ vibhajate jagat || ,तत् परं परमं ब्रह्म सर्वं विभजते जगत् ॥ ,तत् परꣳ परमꣳ ब्रह्म सर्वꣳ विभजते जगत् ॥ 
2066,mām eva tad ghanaṁ tejo jñātum arhasi bhārata || [ha.vaṁ. 2.114.9-12] iti |,माम् एव तद् घनं तेजो ज्ञातुम् अर्हसि भारत ॥ [ह.वं. २.११४.९-१२] इति ।,माम् एव तद् घनꣳ तेजो ज्ञातुम् अर्हसि भारत ॥ [ह.वꣳ. २.११४.९-१२] इति ।
2067,prakṛtir iti tat-prabhātvena svarūpa-śaktitvam api tasya nirdiṣṭam | evaṁ pūrvodāhṛta-kaustubha-viṣayaka-viṣṇu-purāṇa-vākyam apy etad upodvalakatvena draṣṭavyam | tasmād dṛtaya iva ity api sādhv eva vyākhyātam ||,प्रकृतिर् इति तत्प्रभात्वेन स्वरूपशक्तित्वम् अपि तस्य निर्दिष्टम् । एवं पूर्वोदाहृतकौस्तुभविषयकविष्णुपुराणवाक्यम् अप्य् एतद् उपोद्वलकत्वेन द्रष्टव्यम् । तस्माद् दृतय इव इत्य् अपि साध्व् एव व्याख्यातम् ॥,प्रकृतिर् इति तत्प्रभात्वेन स्वरूपशक्तित्वम् अपि तस्य निर्दिष्टम् । एवꣳ पूर्वोदाहृतकौस्तुभविषयकविष्णुपुराणवाक्यम् अप्य् एतद् उपोद्वलकत्वेन द्रष्टव्यम् । तस्माद् दृतय इव इत्य् अपि साध्व् एव व्याख्यातम् ॥
2069,tataś ca yasmin parama-bṛhati sāmānyākāra-sattāyā api tad-aṅga-jyotiṣo’pi bṛhattvena brahmatvaṁ tasminn eva mukhyā tac-chabda-pravṛttiḥ | tathā ca brāhme—,ततश् च यस्मिन् परमबृहति सामान्याकारसत्ताया अपि तदङ्गज्योतिषोऽपि बृहत्त्वेन ब्रह्मत्वं तस्मिन्न् एव मुख्या तच्छब्दप्रवृत्तिः । तथा च ब्राह्मे—,ततश् च यस्मिन् परमबृहति सामान्याकारसत्ताया अपि तदङ्गज्योतिषोऽपि बृहत्त्वेन ब्रह्मत्वꣳ तस्मिन्न् एव मुख्या तच्छब्दप्रवृत्तिः । तथा च ब्राह्मे—
2073,pṛthag vaktuṁ guṇās tasya na śakyante’mitatvataḥ |,पृथग् वक्तुं गुणास् तस्य न शक्यन्तेऽमितत्वतः ।,पृथग् वक्तुꣳ गुणास् तस्य न शक्यन्तेऽमितत्वतः ।
2074,yato’to brahma-śabdena sarveṣāṁ grahaṇaṁ bhavet ||,यतोऽतो ब्रह्मशब्देन सर्वेषां ग्रहणं भवेत् ॥,यतोऽतो ब्रह्मशब्देन सर्वेषाꣳ ग्रहणꣳ भवेत् ॥
2076,amito hi guṇo yasmān nānyeṣāṁ tam ṛte vibhum || iti |,अमितो हि गुणो यस्मान् नान्येषां तम् ऋते विभुम् ॥ इति ।,अमितो हि गुणो यस्मान् नान्येषाꣳ तम् ऋते विभुम् ॥ इति ।
2077,"atra nirgalito’yaṁ mahā-prakaraṇārthaḥ—yad advayaṁ jñānaṁ, tad eva tattvam iti tattva-vido vadanti | tac ca vaiśiṣṭyaṁ vinaivopalabhyamānaṁ brahmeti śabdyate, vaiśiṣṭyena saha tu śrī-bhagavān iti | sa ca bhagavān pūrvodita-lakṣaṇa-śrī-mūrtyātmaka eva, na tv amūrtaḥ |","अत्र निर्गलितोऽयं महाप्रकरणार्थः—यद् अद्वयं ज्ञानं, तद् एव तत्त्वम् इति तत्त्वविदो वदन्ति । तच् च वैशिष्ट्यं विनैवोपलभ्यमानं ब्रह्मेति शब्द्यते, वैशिष्ट्येन सह तु श्रीभगवान् इति । स च भगवान् पूर्वोदितलक्षणश्रीमूर्त्यात्मक एव, न त्व् अमूर्तः ।","अत्र निर्गलितोऽयꣳ महाप्रकरणार्थः—यद् अद्वयꣳ ज्ञानꣳ, तद् एव तत्त्वम् इति तत्त्वविदो वदन्ति । तच् च वैशिष्ट्यꣳ विनैवोपलभ्यमानꣳ ब्रह्मेति शब्द्यते, वैशिष्ट्येन सह तु श्रीभगवान् इति । स च भगवान् पूर्वोदितलक्षणश्रीमूर्त्यात्मक एव, न त्व् अमूर्तः ।"
2078,"atha, bhūpa mūrtam amūrtaṁ ca paraṁ cāparam eva ca [vi.pu. 6.7.47] iti śrī-viṣṇu-purāṇa-padye tasya caturvidhatvam aṅgīkurvadbhir yady amūrtatvam api pṛthag aṅgīkartavyaṁ, tadā brahmatvavat tad-upāsaka-dṛṣṭi-yogyatānurūpam evāstu | tathā hi, yasya samīcīnā bhaktir asti tasya para-mūrtyā śyāmasundara-caturbhujādi-rūpayā prādurbhavati | yasyārvācīnopāsanā-rūpā, tasyāpara-mūrtyā pātāla-pādādi-kalpanā-mayy eva | yasya ca rūkṣaṁ jñānaṁ, tasya pareṇa brahma-lakṣaṇāmūrtatvena | yasya jñāna-pracurā bhaktiḥ, tasya tv apareṇeśvara-laksaṇa-mūrtatveneti | atrāparatvaṁ para-mūrty-āvirbhāvānantara-sopānatvena na brahmavad atīva mūrtatvānapekṣyam ity evam | na tv aśreṣṭhatva-vivakṣayeti jñeyam | para-mūrtāpekṣayāparatvaṁ vā | ","अथ, भूप मूर्तम् अमूर्तं च परं चापरम् एव च [वि.पु. ६.७.४७] इति श्रीविष्णुपुराणपद्ये तस्य चतुर्विधत्वम् अङ्गीकुर्वद्भिर् यद्य् अमूर्तत्वम् अपि पृथग् अङ्गीकर्तव्यं, तदा ब्रह्मत्ववत् तदुपासकदृष्टियोग्यतानुरूपम् एवास्तु । तथा हि, यस्य समीचीना भक्तिर् अस्ति तस्य परमूर्त्या श्यामसुन्दरचतुर्भुजादिरूपया प्रादुर्भवति । यस्यार्वाचीनोपासनारूपा, तस्यापरमूर्त्या पातालपादादिकल्पनामय्य् एव । यस्य च रूक्षं ज्ञानं, तस्य परेण ब्रह्मलक्षणामूर्तत्वेन । यस्य ज्ञानप्रचुरा भक्तिः, तस्य त्व् अपरेणेश्वरलक्सणमूर्तत्वेनेति । अत्रापरत्वं परमूर्त्याविर्भावानन्तरसोपानत्वेन न ब्रह्मवद् अतीव मूर्तत्वानपेक्ष्यम् इत्य् एवम् । न त्व् अश्रेष्ठत्वविवक्षयेति ज्ञेयम् । परमूर्तापेक्षयापरत्वं वा । ","अथ, भूप मूर्तम् अमूर्तꣳ च परꣳ चापरम् एव च [वि.पु. ६.७.४७] इति श्रीविष्णुपुराणपद्ये तस्य चतुर्विधत्वम् अङ्गीकुर्वद्भिर् यद्य् अमूर्तत्वम् अपि पृथग् अङ्गीकर्तव्यꣳ, तदा ब्रह्मत्ववत् तदुपासकदृष्टियोग्यतानुरूपम् एवास्तु । तथा हि, यस्य समीचीना भक्तिर् अस्ति तस्य परमूर्त्या श्यामसुन्दरचतुर्भुजादिरूपया प्रादुर्भवति । यस्यार्वाचीनोपासनारूपा, तस्यापरमूर्त्या पातालपादादिकल्पनामय्य् एव । यस्य च रूक्षꣳ ज्ञानꣳ, तस्य परेण ब्रह्मलक्षणामूर्तत्वेन । यस्य ज्ञानप्रचुरा भक्तिः, तस्य त्व् अपरेणेश्वरलक्सणमूर्तत्वेनेति । अत्रापरत्वꣳ परमूर्त्याविर्भावानन्तरसोपानत्वेन न ब्रह्मवद् अतीव मूर्तत्वानपेक्ष्यम् इत्य् एवम् । न त्व् अश्रेष्ठत्वविवक्षयेति ज्ञेयम् । परमूर्तापेक्षयापरत्वꣳ वा । "
2079,"tatraiva tad viśva-rūpaṁ vai rūpam rūpam anyad dharer mahat [vi.pu. 6.7.70] iti viśvādhiṣṭhānatvena nityatva-vibhūtve | mūrtaṁ bhagavato rūpaṁ sarvāpāśraya-niḥspṛham [vi.pu. 6.7.78] iti nirupādhitvam | cintayed brahma-bhūtaṁ tam [vi.pu. 6.7.83] iti para-tattva-lakṣaṇatvam | tri-bhāva-bhāvanātīta [vi.pu. 6.7.76] iti tatra prasiddha-karma-maya-jñāna-karma-samuccaya-maya-kevala-jñāna-maya-bhāvanā-trayātītatvena para-tattva-lakṣaṇatve’pi bhaktyaikāvirbhāvitatayā samyak-prakāśatvaṁ mūrtasyaiva vyañjitam | ata eva, śubhāśrayaḥ sa-cittasya sarvagasya tathātmanaḥ [vi.pu. 6.7.76] ity uktam |","तत्रैव तद् विश्वरूपं वै रूपम् रूपम् अन्यद् धरेर् महत् [वि.पु. ६.७.७०] इति विश्वाधिष्ठानत्वेन नित्यत्वविभूत्वे । मूर्तं भगवतो रूपं सर्वापाश्रयनिःस्पृहम् [वि.पु. ६.७.७८] इति निरुपाधित्वम् । चिन्तयेद् ब्रह्मभूतं तम् [वि.पु. ६.७.८३] इति परतत्त्वलक्षणत्वम् । त्रिभावभावनातीत [वि.पु. ६.७.७६] इति तत्र प्रसिद्धकर्ममयज्ञानकर्मसमुच्चयमयकेवलज्ञानमयभावनात्रयातीतत्वेन परतत्त्वलक्षणत्वेऽपि भक्त्यैकाविर्भाविततया सम्यक्प्रकाशत्वं मूर्तस्यैव व्यञ्जितम् । अत एव, शुभाश्रयः सचित्तस्य सर्वगस्य तथात्मनः [वि.पु. ६.७.७६] इत्य् उक्तम् ।","तत्रैव तद् विश्वरूपꣳ वै रूपम् रूपम् अन्यद् धरेर् महत् [वि.पु. ६.७.७०] इति विश्वाधिष्ठानत्वेन नित्यत्वविभूत्वे । मूर्तꣳ भगवतो रूपꣳ सर्वापाश्रयनिःस्पृहम् [वि.पु. ६.७.७८] इति निरुपाधित्वम् । चिन्तयेद् ब्रह्मभूतꣳ तम् [वि.पु. ६.७.८३] इति परतत्त्वलक्षणत्वम् । त्रिभावभावनातीत [वि.पु. ६.७.७६] इति तत्र प्रसिद्धकर्ममयज्ञानकर्मसमुच्चयमयकेवलज्ञानमयभावनात्रयातीतत्वेन परतत्त्वलक्षणत्वेऽपि भक्त्यैकाविर्भाविततया सम्यक्प्रकाशत्वꣳ मूर्तस्यैव व्यञ्जितम् । अत एव, शुभाश्रयः सचित्तस्य सर्वगस्य तथात्मनः [वि.पु. ६.७.७६] इत्य् उक्तम् ।"
2080,"tataś ca tasyāḥ śrī-mūrter api sakāśāt tad-ante pratyāhāroktiḥ, kevalābhedopāsakaṁ prati vyavasthāpitā bhavatīty apy anusandheyam | atra tad-viśva-rūpa-vairūpyam [vi.pu. 6.7.70] ity etat padyaṁ mūrta-param eva jñeyam,","ततश् च तस्याः श्रीमूर्तेर् अपि सकाशात् तदन्ते प्रत्याहारोक्तिः, केवलाभेदोपासकं प्रति व्यवस्थापिता भवतीत्य् अप्य् अनुसन्धेयम् । अत्र तद्विश्वरूपवैरूप्यम् [वि.पु. ६.७.७०] इत्य् एतत् पद्यं मूर्तपरम् एव ज्ञेयम्,","ततश् च तस्याः श्रीमूर्तेर् अपि सकाशात् तदन्ते प्रत्याहारोक्तिः, केवलाभेदोपासकꣳ प्रति व्यवस्थापिता भवतीत्य् अप्य् अनुसन्धेयम् । अत्र तद्विश्वरूपवैरूप्यम् [वि.पु. ६.७.७०] इत्य् एतत् पद्यꣳ मूर्तपरम् एव ज्ञेयम्,"
2083,"yataḥ prathamasya tṛtīye—yasyāmbhasi śayānasya yoga-nidrāṁ vitanvataḥ [bhā.pu. 1.3.2] ity-ady-ukta-laksaṇasya mūrtasyaiva tat-tad-avatāritvaṁ darśitam, etan nānāvatārāṇāṁ nidhānaṁ bījam avyayam [bhā.pu. 1.3.5] iti | ","यतः प्रथमस्य तृतीये—यस्याम्भसि शयानस्य योगनिद्रां वितन्वतः [भा.पु. १.३.२] इत्यद्युक्तलक्सणस्य मूर्तस्यैव तत्तदवतारित्वं दर्शितम्, एतन् नानावताराणां निधानं बीजम् अव्ययम् [भा.पु. १.३.५] इति । ","यतः प्रथमस्य तृतीये—यस्याम्भसि शयानस्य योगनिद्राꣳ वितन्वतः [भा.पु. १.३.२] इत्यद्युक्तलक्सणस्य मूर्तस्यैव तत्तदवतारित्वꣳ दर्शितम्, एतन् नानावताराणाꣳ निधानꣳ बीजम् अव्ययम् [भा.पु. १.३.५] इति । "
2084,“tad viśva-rūpa-vairūpyam” [vi.pu. 6.7.70] iti paṭhadbhiḥ śrī-rāmānuja-caraṇair api mūrta-paratvenaiva vyākhyātam—viśva-rūpād vairūpyaṁ vailaksaṇyaṁ yatra tad-viśva-vilakṣaṇaṁ mūrtaṁ svarūpam iti | ,“तद् विश्वरूपवैरूप्यम्” [वि.पु. ६.७.७०] इति पठद्भिः श्रीरामानुजचरणैर् अपि मूर्तपरत्वेनैव व्याख्यातम्—विश्वरूपाद् वैरूप्यं वैलक्सण्यं यत्र तद्विश्वविलक्षणं मूर्तं स्वरूपम् इति । ,“तद् विश्वरूपवैरूप्यम्” [वि.पु. ६.७.७०] इति पठद्भिः श्रीरामानुजचरणैर् अपि मूर्तपरत्वेनैव व्याख्यातम्—विश्वरूपाद् वैरूप्यꣳ वैलक्सण्यꣳ यत्र तद्विश्वविलक्षणꣳ मूर्तꣳ स्वरूपम् इति । 
2085,"tad evaṁ tasya vastutaḥ śrī-mūrty-ātmakatva eva siddhe, yat sarvataḥ pāṇi-pādādi-lakṣaṇā mūrtiḥ śrūyate, sāpi pūrvokta-lakṣaṇāyāḥ śrī-mūrter na pṛthag iti vibhutva-prakaraṇānte vyañjitam eva | ","तद् एवं तस्य वस्तुतः श्रीमूर्त्यात्मकत्व एव सिद्धे, यत् सर्वतः पाणिपादादिलक्षणा मूर्तिः श्रूयते, सापि पूर्वोक्तलक्षणायाः श्रीमूर्तेर् न पृथग् इति विभुत्वप्रकरणान्ते व्यञ्जितम् एव । ","तद् एवꣳ तस्य वस्तुतः श्रीमूर्त्यात्मकत्व एव सिद्धे, यत् सर्वतः पाणिपादादिलक्षणा मूर्तिः श्रूयते, सापि पूर्वोक्तलक्षणायाः श्रीमूर्तेर् न पृथग् इति विभुत्वप्रकरणान्ते व्यञ्जितम् एव । "
2089,reme śriyā’sau jagatāṁ jananyā ,रेमे श्रियाऽसौ जगतां जनन्या ,रेमे श्रियाऽसौ जगताꣳ जनन्या 
2090,sva-jyotsnayā candra ivāmṛtāṁśuḥ | [6.227.7] iti pādmottara-khaṇḍa-vacanam |,स्वज्योत्स्नया चन्द्र इवामृतांशुः । [६.२२७.७] इति पाद्मोत्तरखण्डवचनम् ।,स्वज्योत्स्नया चन्द्र इवामृताꣳशुः । [६.२२७.७] इति पाद्मोत्तरखण्डवचनम् ।
2091,atra para-brahma-svarūpa-śarīraḥ sarvato-bhāvena vigata-parimāṇo’pi nityaṁ kaiśorākāram eva prāptaḥ san śriyā saha rema ity arthaḥ | upeyivān ity uktāv api nityatvam apahata-pāpmetivat | tatraiva tadīya-tac-chrī-mūrty-adhiṣṭhātṛka-tripād-vibhūter api praghaṭṭakena vākya-samūhakena parama-nityatā-pratipādanāt | tathā coktaṁ tatraiva—,अत्र परब्रह्मस्वरूपशरीरः सर्वतोभावेन विगतपरिमाणोऽपि नित्यं कैशोराकारम् एव प्राप्तः सन् श्रिया सह रेम इत्य् अर्थः । उपेयिवान् इत्य् उक्ताव् अपि नित्यत्वम् अपहतपाप्मेतिवत् । तत्रैव तदीयतच्छ्रीमूर्त्यधिष्ठातृकत्रिपाद्विभूतेर् अपि प्रघट्टकेन वाक्यसमूहकेन परमनित्यताप्रतिपादनात् । तथा चोक्तं तत्रैव—,अत्र परब्रह्मस्वरूपशरीरः सर्वतोभावेन विगतपरिमाणोऽपि नित्यꣳ कैशोराकारम् एव प्राप्तः सन् श्रिया सह रेम इत्य् अर्थः । उपेयिवान् इत्य् उक्ताव् अपि नित्यत्वम् अपहतपाप्मेतिवत् । तत्रैव तदीयतच्छ्रीमूर्त्यधिष्ठातृकत्रिपाद्विभूतेर् अपि प्रघट्टकेन वाक्यसमूहकेन परमनित्यताप्रतिपादनात् । तथा चोक्तꣳ तत्रैव—
2092,acyutaṁ śāśvataṁ divyaṁ sadā yauvanam āśritam |,अच्युतं शाश्वतं दिव्यं सदा यौवनम् आश्रितम् ।,अच्युतꣳ शाश्वतꣳ दिव्यꣳ सदा यौवनम् आश्रितम् ।
2093,nityaṁ sambhogam īśvaryā śriyā bhūmyā ca saṁvṛtam || iti |,नित्यं सम्भोगम् ईश्वर्या श्रिया भूम्या च संवृतम् ॥ इति ।,नित्यꣳ सम्भोगम् ईश्वर्या श्रिया भूम्या च सꣳवृतम् ॥ इति ।
2094,tasmāt śrī-bhagavān yathokta-lakṣaṇa eva | sa eva vadantīty asya mukhyārtha-bhūtaṁ mūlaṁ tattvam iti paryavasānam | tad uktaṁ mokṣa-dharme śrī-nārāyaṇopākhyāne—,तस्मात् श्रीभगवान् यथोक्तलक्षण एव । स एव वदन्तीत्य् अस्य मुख्यार्थभूतं मूलं तत्त्वम् इति पर्यवसानम् । तद् उक्तं मोक्षधर्मे श्रीनारायणोपाख्याने—,तस्मात् श्रीभगवान् यथोक्तलक्षण एव । स एव वदन्तीत्य् अस्य मुख्यार्थभूतꣳ मूलꣳ तत्त्वम् इति पर्यवसानम् । तद् उक्तꣳ मोक्षधर्मे श्रीनारायणोपाख्याने—
2095,tattvaṁ jijñāsamānānāṁ hetubhiḥ sarvato-mukhaiḥ |,तत्त्वं जिज्ञासमानानां हेतुभिः सर्वतोमुखैः ।,तत्त्वꣳ जिज्ञासमानानाꣳ हेतुभिः सर्वतोमुखैः ।
2097,"nārāyaṇopaniṣadi ca—nārāyaṇaḥ paraṁ brahma tattvaṁ nārāyaṇaḥ param [ma.nā.u. 13.4] iti | atra śrī-rāmānujodāhṛtāḥ śrutayaś ca—yasya pṛthivī śarīram ity ārabhya, eṣa sarva-bhūtāntarātmā divyo deva eko nārāyaṇaḥ [subāla.u. 7.1] ity-ādyā bahvyaḥ | iha śrī-bhagavad-aṁśa-bhūtānāṁ puruṣādīnāṁ parama-tattva-vigrahatā-sādhanaṁ vākya-jātam api tasyāṁśinas tad-rūpa-vigrahatvaṁ kaimutyenābhivyanaktīti pūrvatra cottaratra ca granthe tathodāharaṇāni |","नारायणोपनिषदि च—नारायणः परं ब्रह्म तत्त्वं नारायणः परम् [म.ना.उ. १३.४] इति । अत्र श्रीरामानुजोदाहृताः श्रुतयश् च—यस्य पृथिवी शरीरम् इत्य् आरभ्य, एष सर्वभूतान्तरात्मा दिव्यो देव एको नारायणः [सुबाल.उ. ७.१] इत्याद्या बह्व्यः । इह श्रीभगवदंशभूतानां पुरुषादीनां परमतत्त्वविग्रहतासाधनं वाक्यजातम् अपि तस्यांशिनस् तद्रूपविग्रहत्वं कैमुत्येनाभिव्यनक्तीति पूर्वत्र चोत्तरत्र च ग्रन्थे तथोदाहरणानि ।","नारायणोपनिषदि च—नारायणः परꣳ ब्रह्म तत्त्वꣳ नारायणः परम् [म.ना.उ. १३.४] इति । अत्र श्रीरामानुजोदाहृताः श्रुतयश् च—यस्य पृथिवी शरीरम् इत्य् आरभ्य, एष सर्वभूतान्तरात्मा दिव्यो देव एको नारायणः [सुबाल.उ. ७.१] इत्याद्या बह्व्यः । इह श्रीभगवदꣳशभूतानाꣳ पुरुषादीनाꣳ परमतत्त्वविग्रहतासाधनꣳ वाक्यजातम् अपि तस्याꣳशिनस् तद्रूपविग्रहत्वꣳ कैमुत्येनाभिव्यनक्तीति पूर्वत्र चोत्तरत्र च ग्रन्थे तथोदाहरणानि ।"
2099,dve rūpe brahmaṇas tasya mūrtaṁ cāmūrtam eva ca |,द्वे रूपे ब्रह्मणस् तस्य मूर्तं चामूर्तम् एव च ।,द्वे रूपे ब्रह्मणस् तस्य मूर्तꣳ चामूर्तम् एव च ।
2101,akṣaraṁ tat paraṁ brahma kṣaraṁ sarvam idaṁ jagat || [vi.pu. 1.22.55],अक्षरं तत् परं ब्रह्म क्षरं सर्वम् इदं जगत् ॥ [वि.पु. १.२२.५५],अक्षरꣳ तत् परꣳ ब्रह्म क्षरꣳ सर्वम् इदꣳ जगत् ॥ [वि.पु. १.२२.५५]
2103,tad etad akṣaraṁ nityaṁ jagan-muni-varākhilam |,तद् एतद् अक्षरं नित्यं जगन्मुनिवराखिलम् ।,तद् एतद् अक्षरꣳ नित्यꣳ जगन्मुनिवराखिलम् ।
2105,"tad etad akṣarākhyaṁ para-brahma nityam akhilaṁ jagat tu āvirbhāvādi-bhedavad ity arthaḥ | tatrāvirbhāva-tirobhāvau śrī-viṣṇu-tad-aṁśānāṁ, janma-nāśau tv anyeṣām | ato jagaty āvirbhāvādi-kṛtyenaiva pūrveṣāṁ brahmādīnāṁ tad-antaḥ-pāta-vyapadeśaḥ, na vastuta ity arthaḥ | ","तद् एतद् अक्षराख्यं परब्रह्म नित्यम् अखिलं जगत् तु आविर्भावादिभेदवद् इत्य् अर्थः । तत्राविर्भावतिरोभावौ श्रीविष्णुतदंशानां, जन्मनाशौ त्व् अन्येषाम् । अतो जगत्य् आविर्भावादिकृत्येनैव पूर्वेषां ब्रह्मादीनां तदन्तःपातव्यपदेशः, न वस्तुत इत्य् अर्थः । ","तद् एतद् अक्षराख्यꣳ परब्रह्म नित्यम् अखिलꣳ जगत् तु आविर्भावादिभेदवद् इत्य् अर्थः । तत्राविर्भावतिरोभावौ श्रीविष्णुतदꣳशानाꣳ, जन्मनाशौ त्व् अन्येषाम् । अतो जगत्य् आविर्भावादिकृत्येनैव पूर्वेषाꣳ ब्रह्मादीनाꣳ तदन्तःपातव्यपदेशः, न वस्तुत इत्य् अर्थः । "
2106,atha sadā sva-dhāmni virājamānatvena kṣara-rūpato mūrtatvādinā cākṣarato’pi vilakṣaṇaṁ tṛtīyaṁ rūpaṁ bhagavataḥ paramaṁ svarūpam iti punar ucyate |,अथ सदा स्वधाम्नि विराजमानत्वेन क्षररूपतो मूर्तत्वादिना चाक्षरतोऽपि विलक्षणं तृतीयं रूपं भगवतः परमं स्वरूपम् इति पुनर् उच्यते ।,अथ सदा स्वधाम्नि विराजमानत्वेन क्षररूपतो मूर्तत्वादिना चाक्षरतोऽपि विलक्षणꣳ तृतीयꣳ रूपꣳ भगवतः परमꣳ स्वरूपम् इति पुनर् उच्यते ।
2107,sarva-śakti-mayo viṣṇuḥ svarūpaṁ brahmaṇo’param |,सर्वशक्तिमयो विष्णुः स्वरूपं ब्रह्मणोऽपरम् ।,सर्वशक्तिमयो विष्णुः स्वरूपꣳ ब्रह्मणोऽपरम् ।
2108,mūrtaṁ tad yogibhiḥ pūrvaṁ yogārambheṣu cintyate || [vi.pu. 1.22.61],मूर्तं तद् योगिभिः पूर्वं योगारम्भेषु चिन्त्यते ॥ [वि.पु. १.२२.६१],मूर्तꣳ तद् योगिभिः पूर्वꣳ योगारम्भेषु चिन्त्यते ॥ [वि.पु. १.२२.६१]
2109,sa paraḥ sarva-śaktīnāṁ brahmaṇaḥ samanantaram |,स परः सर्वशक्तीनां ब्रह्मणः समनन्तरम् ।,स परः सर्वशक्तीनाꣳ ब्रह्मणः समनन्तरम् ।
2110,mūrtaṁ brahma mahā-bhāga sarva-brahma-mayo hariḥ || [vi.pu. 1.22.63],मूर्तं ब्रह्म महाभाग सर्वब्रह्ममयो हरिः ॥ [वि.पु. १.२२.६३],मूर्तꣳ ब्रह्म महाभाग सर्वब्रह्ममयो हरिः ॥ [वि.पु. १.२२.६३]
2111,tatra sarvam idaṁ protam otaṁ caivākhilaṁ jagat || [vi.pu. 1.22.64] iti |,तत्र सर्वम् इदं प्रोतम् ओतं चैवाखिलं जगत् ॥ [वि.पु. १.२२.६४] इति ।,तत्र सर्वम् इदꣳ प्रोतम् ओतꣳ चैवाखिलꣳ जगत् ॥ [वि.पु. १.२२.६४] इति ।
2112,"brahma-sākṣāt-kārāt pūrvaṁ yogibhiś cintyate | tathā brahmaṇaḥ samanantaram upāsanānukrameṇa yathāgre’kṣarād anantaraṁ tad uktam, yathā—brahma-bhūtaḥ prasannātmā [gītā 18.55] ity-ādy-anusāreṇa brahma-sākṣātkārānantarāvirbhāvī ca sa ity arthaḥ | yataḥ sarvāsāṁ śaktīnāṁ svarūpa-bhūtādīnāṁ paramāśrayaḥ | ata eva sarva-brahma-mayo’khaṇḍa-brahma-svarūpaṁ ca, akṣarākhyasya pūrvasya śakti-hīnatvena khaṇḍitatvāt | yad vā, ata eva sarva-veda-vedya ity arthaḥ | tata eva ca tatra sarvam ity ādīti | evaṁ—","ब्रह्मसाक्षात्कारात् पूर्वं योगिभिश् चिन्त्यते । तथा ब्रह्मणः समनन्तरम् उपासनानुक्रमेण यथाग्रेऽक्षराद् अनन्तरं तद् उक्तम्, यथा—ब्रह्मभूतः प्रसन्नात्मा [गीता १८.५५] इत्याद्यनुसारेण ब्रह्मसाक्षात्कारानन्तराविर्भावी च स इत्य् अर्थः । यतः सर्वासां शक्तीनां स्वरूपभूतादीनां परमाश्रयः । अत एव सर्वब्रह्ममयोऽखण्डब्रह्मस्वरूपं च, अक्षराख्यस्य पूर्वस्य शक्तिहीनत्वेन खण्डितत्वात् । यद् वा, अत एव सर्ववेदवेद्य इत्य् अर्थः । तत एव च तत्र सर्वम् इत्य् आदीति । एवं—","ब्रह्मसाक्षात्कारात् पूर्वꣳ योगिभिश् चिन्त्यते । तथा ब्रह्मणः समनन्तरम् उपासनानुक्रमेण यथाग्रेऽक्षराद् अनन्तरꣳ तद् उक्तम्, यथा—ब्रह्मभूतः प्रसन्नात्मा [गीता १८.५५] इत्याद्यनुसारेण ब्रह्मसाक्षात्कारानन्तराविर्भावी च स इत्य् अर्थः । यतः सर्वासाꣳ शक्तीनाꣳ स्वरूपभूतादीनाꣳ परमाश्रयः । अत एव सर्वब्रह्ममयोऽखण्डब्रह्मस्वरूपꣳ च, अक्षराख्यस्य पूर्वस्य शक्तिहीनत्वेन खण्डितत्वात् । यद् वा, अत एव सर्ववेदवेद्य इत्य् अर्थः । तत एव च तत्र सर्वम् इत्य् आदीति । एवꣳ—"
2115,"atra yadyapi kūṭastho’kṣara ucyate [gītā 15.16] ity akṣara-śabdena śuddha-jīva eva prastūyate, tathāpi para-brahma eva ca lakṣaṇam, akṣaraṁ paramaṁ brahma [gītā 8.3] iti | tac ca tatra pūrvoktam iti | anayoś cin-mātra-vastutvenaikārthatvād iti tad etad abhipretya mallānām aśanir nṝṇāṁ naravara ity-ādau mūrtasyaiva svayaṁ bhagavata eva lakṣaṇatvam | sākṣād evāha—tattvaṁ paraṁ yoginām [bhā.pu. 10.43.17] iti | yogināṁ catuḥsanādīnām iti ||","अत्र यद्यपि कूटस्थोऽक्षर उच्यते [गीता १५.१६] इत्य् अक्षरशब्देन शुद्धजीव एव प्रस्तूयते, तथापि परब्रह्म एव च लक्षणम्, अक्षरं परमं ब्रह्म [गीता ८.३] इति । तच् च तत्र पूर्वोक्तम् इति । अनयोश् चिन्मात्रवस्तुत्वेनैकार्थत्वाद् इति तद् एतद् अभिप्रेत्य मल्लानाम् अशनिर् नॄणां नरवर इत्यादौ मूर्तस्यैव स्वयं भगवत एव लक्षणत्वम् । साक्षाद् एवाह—तत्त्वं परं योगिनाम् [भा.पु. १०.४३.१७] इति । योगिनां चतुःसनादीनाम् इति ॥","अत्र यद्यपि कूटस्थोऽक्षर उच्यते [गीता १५.१६] इत्य् अक्षरशब्देन शुद्धजीव एव प्रस्तूयते, तथापि परब्रह्म एव च लक्षणम्, अक्षरꣳ परमꣳ ब्रह्म [गीता ८.३] इति । तच् च तत्र पूर्वोक्तम् इति । अनयोश् चिन्मात्रवस्तुत्वेनैकार्थत्वाद् इति तद् एतद् अभिप्रेत्य मल्लानाम् अशनिर् नॄणाꣳ नरवर इत्यादौ मूर्तस्यैव स्वयꣳ भगवत एव लक्षणत्वम् । साक्षाद् एवाह—तत्त्वꣳ परꣳ योगिनाम् [भा.पु. १०.४३.१७] इति । योगिनाꣳ चतुःसनादीनाम् इति ॥"
2118,dharmaḥ projjhita-kaitavo’tra paramo nirmatsarāṇāṁ satāṁ,धर्मः प्रोज्झितकैतवोऽत्र परमो निर्मत्सराणां सतां,धर्मः प्रोज्झितकैतवोऽत्र परमो निर्मत्सराणाꣳ सताꣳ
2119,vedyaṁ vāstavam atra vastu śivadaṁ tāpa-trayonmūlanam |,वेद्यं वास्तवम् अत्र वस्तु शिवदं तापत्रयोन्मूलनम् ।,वेद्यꣳ वास्तवम् अत्र वस्तु शिवदꣳ तापत्रयोन्मूलनम् ।
2120,śrīmad-bhāgavate mahā-muni-kṛte kiṁ vā parair īśvaraḥ,श्रीमद्भागवते महामुनिकृते किं वा परैर् ईश्वरः,श्रीमद्भागवते महामुनिकृते किꣳ वा परैर् ईश्वरः
2122,[bhā.pu. 1.1.2],[भा।पु। १।१।२],[भा.पु. १.१.२]
2123,"atra yas tāvad dharmo nirūpyate sa khalu, sa vai puṁsāṁ paro dharmo yato bhaktir adhokṣaje [bhā.pu. 1.2.6] ity-ādikayā, ","अत्र यस् तावद् धर्मो निरूप्यते स खलु, स वै पुंसां परो धर्मो यतो भक्तिर् अधोक्षजे [भा।पु। १।२।६] इत्यादिकया, ","अत्र यस् तावद् धर्मो निरूप्यते स खलु, स वै पुꣳसाꣳ परो धर्मो यतो भक्तिर् अधोक्षजे [भा.पु. १.२.६] इत्यादिकया, "
2125,svānuṣṭhitasya dharmasya saṁsiddhir hari-toṣaṇam || [bhā.pu. 1.2.13],स्वानुष्ठितस्य धर्मस्य संसिद्धिर् हरितोषणम् ॥ [भा.पु. १.२.१३],स्वानुष्ठितस्य धर्मस्य सꣳसिद्धिर् हरितोषणम् ॥ [भा.पु. १.२.१३]
2126,ity-antayā rītyā bhagavat-santoṣaṇaika-tātparyeṇa śuddha-bhakty-utpādakatayā nirūpaṇāt parama eva | yataḥ so’pi tad-eka-tātparyatvāt pra-karṣeṇa ujjhitaṁ kaitavaṁ phalābhisandhi-laksaṇaṁ kapaṭaṁ yasmin tathā-bhūtaḥ | pra-śabdena sālokyādi-sarva-prakāra-mokṣābhisandhir api nirastaḥ | ,इत्यन्तया रीत्या भगवत्सन्तोषणैकतात्पर्येण शुद्धभक्त्युत्पादकतया निरूपणात् परम एव । यतः सोऽपि तदेकतात्पर्यत्वात् प्रकर्षेण उज्झितं कैतवं फलाभिसन्धिलक्सणं कपटं यस्मिन् तथाभूतः । प्रशब्देन सालोक्यादिसर्वप्रकारमोक्षाभिसन्धिर् अपि निरस्तः । ,इत्यन्तया रीत्या भगवत्सन्तोषणैकतात्पर्येण शुद्धभक्त्युत्पादकतया निरूपणात् परम एव । यतः सोऽपि तदेकतात्पर्यत्वात् प्रकर्षेण उज्झितꣳ कैतवꣳ फलाभिसन्धिलक्सणꣳ कपटꣳ यस्मिन् तथाभूतः । प्रशब्देन सालोक्यादिसर्वप्रकारमोक्षाभिसन्धिर् अपि निरस्तः । 
2127,"yata evāsau tad-eka-tātparyatvena nirmatsarāṇāṁ phala-kāmukasyeva parotkarṣāsahanaṁ matsaraḥ, tad-rahitānām eva, tad-upalakṣaṇatvena paśv-ālambhane dayālūnām eva ca, satāṁ sva-dharma-parāṇāṁ vidhīyate iti | evam īdṛśaṁ spaṣṭam anuktavataḥ karma-śāstrād upāsanā-śāstrāc cāsya  tat-tat-pratipādakāṁśe śraiṣṭhyam uktam, ubhayatraiva dharmotpatteḥ | tad evaṁ sati sākṣāt śravaṇa-kīrtanādi-rūpasya vārtātidūrata evāstām iti bhāvaḥ | ","यत एवासौ तदेकतात्पर्यत्वेन निर्मत्सराणां फलकामुकस्येव परोत्कर्षासहनं मत्सरः, तद्रहितानाम् एव, तदुपलक्षणत्वेन पश्वालम्भने दयालूनाम् एव च, सतां स्वधर्मपराणां विधीयते इति । एवम् ईदृशं स्पष्टम् अनुक्तवतः कर्मशास्त्राद् उपासनाशास्त्राच् चास्य  तत्तत्प्रतिपादकांशे श्रैष्ठ्यम् उक्तम्, उभयत्रैव धर्मोत्पत्तेः । तद् एवं सति साक्षात् श्रवणकीर्तनादिरूपस्य वार्तातिदूरत एवास्ताम् इति भावः । ","यत एवासौ तदेकतात्पर्यत्वेन निर्मत्सराणाꣳ फलकामुकस्येव परोत्कर्षासहनꣳ मत्सरः, तद्रहितानाम् एव, तदुपलक्षणत्वेन पश्वालम्भने दयालूनाम् एव च, सताꣳ स्वधर्मपराणाꣳ विधीयते इति । एवम् ईदृशꣳ स्पष्टम् अनुक्तवतः कर्मशास्त्राद् उपासनाशास्त्राच् चास्य  तत्तत्प्रतिपादकाꣳशे श्रैष्ठ्यम् उक्तम्, उभयत्रैव धर्मोत्पत्तेः । तद् एवꣳ सति साक्षात् श्रवणकीर्तनादिरूपस्य वार्तातिदूरत एवास्ताम् इति भावः । "
2128,atha jñāna-kāṇḍa-śākhābhyo’py asya pūrvavat śraiṣṭhyam āha—vedyam iti | bhagavad-bhakti-nirapekṣa-prāyeṣu teṣu pratipāditam api śreyaḥ-sṛtiṁ bhaktim udasya [bhā.pu. 10.14.4] ity-ādi-nyāyena vedyaṁ niśceyaṁ bhavatīty atraiva vedyam ity arthaḥ |,अथ ज्ञानकाण्डशाखाभ्योऽप्य् अस्य पूर्ववत् श्रैष्ठ्यम् आह—वेद्यम् इति । भगवद्भक्तिनिरपेक्षप्रायेषु तेषु प्रतिपादितम् अपि श्रेयःसृतिं भक्तिम् उदस्य [भा.पु. १०.१४.४] इत्यादिन्यायेन वेद्यं निश्चेयं भवतीत्य् अत्रैव वेद्यम् इत्य् अर्थः ।,अथ ज्ञानकाण्डशाखाभ्योऽप्य् अस्य पूर्ववत् श्रैष्ठ्यम् आह—वेद्यम् इति । भगवद्भक्तिनिरपेक्षप्रायेषु तेषु प्रतिपादितम् अपि श्रेयःसृतिꣳ भक्तिम् उदस्य [भा.पु. १०.१४.४] इत्यादिन्यायेन वेद्यꣳ निश्चेयꣳ भवतीत्य् अत्रैव वेद्यम् इत्य् अर्थः ।
2129,tan-mataika-deśi-śāstrebhyo vaiśiṣṭyam āha—śivaṁ svarūpaṁ paramānandaṁ dadāty anubhāvayatīti | tathā tāpa-trayam unmūlayati tan-mūla-bhūtāvidyā-paryantaṁ khaṇḍayatīti | tathānyatra muktāv anubhavāmanane hy apuruṣārthatvāpātaḥ syād iti tan-mananād atra tu vaiśiṣṭyam iti | na cāsya tat-tad-durlabha-vastu-sādhanatve tādṛśa-nirūpaṇa-sauṣṭhavam eva kāraṇam | ,तन्मतैकदेशिशास्त्रेभ्यो वैशिष्ट्यम् आह—शिवं स्वरूपं परमानन्दं ददात्य् अनुभावयतीति । तथा तापत्रयम् उन्मूलयति तन्मूलभूताविद्यापर्यन्तं खण्डयतीति । तथान्यत्र मुक्ताव् अनुभवामनने ह्य् अपुरुषार्थत्वापातः स्याद् इति तन्मननाद् अत्र तु वैशिष्ट्यम् इति । न चास्य तत्तद्दुर्लभवस्तुसाधनत्वे तादृशनिरूपणसौष्ठवम् एव कारणम् । ,तन्मतैकदेशिशास्त्रेभ्यो वैशिष्ट्यम् आह—शिवꣳ स्वरूपꣳ परमानन्दꣳ ददात्य् अनुभावयतीति । तथा तापत्रयम् उन्मूलयति तन्मूलभूताविद्यापर्यन्तꣳ खण्डयतीति । तथान्यत्र मुक्ताव् अनुभवामनने ह्य् अपुरुषार्थत्वापातः स्याद् इति तन्मननाद् अत्र तु वैशिष्ट्यम् इति । न चास्य तत्तद्दुर्लभवस्तुसाधनत्वे तादृशनिरूपणसौष्ठवम् एव कारणम् । 
2130,"api tu svarūpam apīty āha—śrīmad-bhāgavata iti | śrīmad-bhāgavatatvaṁ bhagavat-pratipādakatvaṁ, śrīmattvaṁ śrī-bhagavan-nāmāder iva tādṛśa-svābhāvika-śaktimattvam | nitya-yoge matup | ata eva samastatayaiva nirdiśya nīlotpalādivat tan-nāmatvam eva bodhitam, anyathā tv avimṛṣṭa-vidheyāṁśa-doṣaḥ syāt |","अपि तु स्वरूपम् अपीत्य् आह—श्रीमद्भागवत इति । श्रीमद्भागवतत्वं भगवत्प्रतिपादकत्वं, श्रीमत्त्वं श्रीभगवन्नामादेर् इव तादृशस्वाभाविकशक्तिमत्त्वम् । नित्ययोगे मतुप् । अत एव समस्ततयैव निर्दिश्य नीलोत्पलादिवत् तन्नामत्वम् एव बोधितम्, अन्यथा त्व् अविमृष्टविधेयांशदोषः स्यात् ।","अपि तु स्वरूपम् अपीत्य् आह—श्रीमद्भागवत इति । श्रीमद्भागवतत्वꣳ भगवत्प्रतिपादकत्वꣳ, श्रीमत्त्वꣳ श्रीभगवन्नामादेर् इव तादृशस्वाभाविकशक्तिमत्त्वम् । नित्ययोगे मतुप् । अत एव समस्ततयैव निर्दिश्य नीलोत्पलादिवत् तन्नामत्वम् एव बोधितम्, अन्यथा त्व् अविमृष्टविधेयाꣳशदोषः स्यात् ।"
2131,ata uktaṁ śrī-gāruḍe—grantho’ṣṭādaśa-sāhasraḥ śrīmad-bhāgavatābhidhaḥ iti | ṭīkā-kṛdbhir api śrīmad-bhāgavatābhidhaḥ sura-tarur iti | ataḥ kvacit kevala-bhāgavatākhyatvaṁ tu satya-bhāmā bhāmā itivat | ,अत उक्तं श्रीगारुडे—ग्रन्थोऽष्टादशसाहस्रः श्रीमद्भागवताभिधः इति । टीकाकृद्भिर् अपि श्रीमद्भागवताभिधः सुरतरुर् इति । अतः क्वचित् केवलभागवताख्यत्वं तु सत्यभामा भामा इतिवत् । ,अत उक्तꣳ श्रीगारुडे—ग्रन्थोऽष्टादशसाहस्रः श्रीमद्भागवताभिधः इति । टीकाकृद्भिर् अपि श्रीमद्भागवताभिधः सुरतरुर् इति । अतः क्वचित् केवलभागवताख्यत्वꣳ तु सत्यभामा भामा इतिवत् । 
2132,"tādṛśa-prabhāvatve kāraṇaṁ parama-śreṣṭha-kartṛkatvam apy āha—mahā-muniḥ śrī-bhagavān, tasyaiva parama-vicāra-pāraṅgatatvāt, mahā-prabhāva-gaṇa-śiromaṇitvāc ca | sa munir bhūtvā samacintayat iti śruteḥ | tena prathamaṁ catuḥ-ślokī-rūpeṇa saṅkṣepataḥ prakāśite, kasmai yena vibhāṣito’yam [bhā.pu. 12.13.19] ity-ādy-anusārena sampūrṇa eva vā prakāśite |","तादृशप्रभावत्वे कारणं परमश्रेष्ठकर्तृकत्वम् अप्य् आह—महामुनिः श्रीभगवान्, तस्यैव परमविचारपारङ्गतत्वात्, महाप्रभावगणशिरोमणित्वाच् च । स मुनिर् भूत्वा समचिन्तयत् इति श्रुतेः । तेन प्रथमं चतुःश्लोकीरूपेण सङ्क्षेपतः प्रकाशिते, कस्मै येन विभाषितोऽयम् [भा.पु. १२.१३.१९] इत्याद्यनुसारेन सम्पूर्ण एव वा प्रकाशिते ।","तादृशप्रभावत्वे कारणꣳ परमश्रेष्ठकर्तृकत्वम् अप्य् आह—महामुनिः श्रीभगवान्, तस्यैव परमविचारपारङ्गतत्वात्, महाप्रभावगणशिरोमणित्वाच् च । स मुनिर् भूत्वा समचिन्तयत् इति श्रुतेः । तेन प्रथमꣳ चतुःश्लोकीरूपेण सङ्क्षेपतः प्रकाशिते, कस्मै येन विभाषितोऽयम् [भा.पु. १२.१३.१९] इत्याद्यनुसारेन सम्पूर्ण एव वा प्रकाशिते ।"
2133,"tad evaṁ śraiṣṭhya-jātam anyatrāpi prāyaḥ sambhavatu nāma sarva-jñāna-śāstra-parama-jñeya-puruṣārtha-śiromaṇi-śrī-bhagavat-sākṣātkāras tatraiva sulabha iti vadan sarvordhva-prabhāvam āha—kiṁ vā iti | paraiḥ śāstrais tad-ukta-sādhanair vā, īśvaro bhagavān hṛdi kiṁ vā, sadya evāvarudhyate sthirīkriyate | vā-śabdaḥ kaṭākṣe | kintu vilambena kathañcid eva | atra tu śuśrūṣubhiḥ śrotum icchadbhir eva tat-kṣaṇād evāvarudhyate |","तद् एवं श्रैष्ठ्यजातम् अन्यत्रापि प्रायः सम्भवतु नाम सर्वज्ञानशास्त्रपरमज्ञेयपुरुषार्थशिरोमणिश्रीभगवत्साक्षात्कारस् तत्रैव सुलभ इति वदन् सर्वोर्ध्वप्रभावम् आह—किं वा इति । परैः शास्त्रैस् तदुक्तसाधनैर् वा, ईश्वरो भगवान् हृदि किं वा, सद्य एवावरुध्यते स्थिरीक्रियते । वाशब्दः कटाक्षे । किन्तु विलम्बेन कथञ्चिद् एव । अत्र तु शुश्रूषुभिः श्रोतुम् इच्छद्भिर् एव तत्क्षणाद् एवावरुध्यते ।","तद् एवꣳ श्रैष्ठ्यजातम् अन्यत्रापि प्रायः सम्भवतु नाम सर्वज्ञानशास्त्रपरमज्ञेयपुरुषार्थशिरोमणिश्रीभगवत्साक्षात्कारस् तत्रैव सुलभ इति वदन् सर्वोर्ध्वप्रभावम् आह—किꣳ वा इति । परैः शास्त्रैस् तदुक्तसाधनैर् वा, ईश्वरो भगवान् हृदि किꣳ वा, सद्य एवावरुध्यते स्थिरीक्रियते । वाशब्दः कटाक्षे । किन्तु विलम्बेन कथञ्चिद् एव । अत्र तु शुश्रूषुभिः श्रोतुम् इच्छद्भिर् एव तत्क्षणाद् एवावरुध्यते ।"
2134,"nanu idam eva tarhi sarve kim iti na śṛṇvanti ? tatrāha—kṛtibhir iti sukṛtibhir ity arthaḥ | śravaṇecchā tu tādṛśa-sukṛtiṁ vinā notpadyata iti bhāvaḥ | athavā, aparair mokṣa-paryanta-kāmanā-rahiteśvarārādhana-lakṣaṇa-dharma-brahma-sākṣātkārādibhir uktair anuktair vā sādhyais tair atra kiṁ vā kiyad vā māhātmyam upapannam ity arthaḥ | yato ya īśvaraḥ kṛtibhiḥ kathañcit tat-tat-sādhanānukrama-labdhayā bhaktyā kṛtārthaiḥ sadyas tad-eka-kṣaṇam eva vyāpya hṛdi sthirīkriyate sa evātra śrotum icchadbhir eva tat-kṣaṇam ārabhya sarvadaiveti | tasmād atra kāṇḍa-traya-rahasyasya pravyakta-pratipādanāder viśeṣata īśvarākarṣi-vidyā-rūpatvāc cedam eva sarva-śāstrebhyaḥ śreṣṭham | ata evātra “iti”-padasya trir-uktiḥ kṛtā | sā hi nirdhāraṇārtheti | ato nityam etad eva sarvair eva śrotavyam iti bhāvaḥ ||","ननु इदम् एव तर्हि सर्वे किम् इति न शृण्वन्ति ? तत्राह—कृतिभिर् इति सुकृतिभिर् इत्य् अर्थः । श्रवणेच्छा तु तादृशसुकृतिं विना नोत्पद्यत इति भावः । अथवा, अपरैर् मोक्षपर्यन्तकामनारहितेश्वराराधनलक्षणधर्मब्रह्मसाक्षात्कारादिभिर् उक्तैर् अनुक्तैर् वा साध्यैस् तैर् अत्र किं वा कियद् वा माहात्म्यम् उपपन्नम् इत्य् अर्थः । यतो य ईश्वरः कृतिभिः कथञ्चित् तत्तत्साधनानुक्रमलब्धया भक्त्या कृतार्थैः सद्यस् तदेकक्षणम् एव व्याप्य हृदि स्थिरीक्रियते स एवात्र श्रोतुम् इच्छद्भिर् एव तत्क्षणम् आरभ्य सर्वदैवेति । तस्माद् अत्र काण्डत्रयरहस्यस्य प्रव्यक्तप्रतिपादनादेर् विशेषत ईश्वराकर्षिविद्यारूपत्वाच् चेदम् एव सर्वशास्त्रेभ्यः श्रेष्ठम् । अत एवात्र “इति”-पदस्य त्रिरुक्तिः कृता । सा हि निर्धारणार्थेति । अतो नित्यम् एतद् एव सर्वैर् एव श्रोतव्यम् इति भावः ॥","ननु इदम् एव तर्हि सर्वे किम् इति न शृण्वन्ति ? तत्राह—कृतिभिर् इति सुकृतिभिर् इत्य् अर्थः । श्रवणेच्छा तु तादृशसुकृतिꣳ विना नोत्पद्यत इति भावः । अथवा, अपरैर् मोक्षपर्यन्तकामनारहितेश्वराराधनलक्षणधर्मब्रह्मसाक्षात्कारादिभिर् उक्तैर् अनुक्तैर् वा साध्यैस् तैर् अत्र किꣳ वा कियद् वा माहात्म्यम् उपपन्नम् इत्य् अर्थः । यतो य ईश्वरः कृतिभिः कथञ्चित् तत्तत्साधनानुक्रमलब्धया भक्त्या कृतार्थैः सद्यस् तदेकक्षणम् एव व्याप्य हृदि स्थिरीक्रियते स एवात्र श्रोतुम् इच्छद्भिर् एव तत्क्षणम् आरभ्य सर्वदैवेति । तस्माद् अत्र काण्डत्रयरहस्यस्य प्रव्यक्तप्रतिपादनादेर् विशेषत ईश्वराकर्षिविद्यारूपत्वाच् चेदम् एव सर्वशास्त्रेभ्यः श्रेष्ठम् । अत एवात्र “इति”-पदस्य त्रिरुक्तिः कृता । सा हि निर्धारणार्थेति । अतो नित्यम् एतद् एव सर्वैर् एव श्रोतव्यम् इति भावः ॥"
2136,tad evaṁ śrī-śuka-hṛdayam api saṅgamitaṁ syāt | ataś catuḥślokī-prasaṅge’pi śrī-bhagavān evārthaḥ | sa hi sva-jñānādy-upadeśena svam evopadideśa | tatra parama-bhāgavatāya brahmaṇe śrīmad-bhāgavatākhyaṁ nijaṁ śāstram upadeṣṭuṁ tat-pratipādyatamaṁ vastu-catuṣṭayaṁ pratijānīte |,तद् एवं श्रीशुकहृदयम् अपि सङ्गमितं स्यात् । अतश् चतुःश्लोकीप्रसङ्गेऽपि श्रीभगवान् एवार्थः । स हि स्वज्ञानाद्युपदेशेन स्वम् एवोपदिदेश । तत्र परमभागवताय ब्रह्मणे श्रीमद्भागवताख्यं निजं शास्त्रम् उपदेष्टुं तत्प्रतिपाद्यतमं वस्तुचतुष्टयं प्रतिजानीते ।,तद् एवꣳ श्रीशुकहृदयम् अपि सङ्गमितꣳ स्यात् । अतश् चतुःश्लोकीप्रसङ्गेऽपि श्रीभगवान् एवार्थः । स हि स्वज्ञानाद्युपदेशेन स्वम् एवोपदिदेश । तत्र परमभागवताय ब्रह्मणे श्रीमद्भागवताख्यꣳ निजꣳ शास्त्रम् उपदेष्टुꣳ तत्प्रतिपाद्यतमꣳ वस्तुचतुष्टयꣳ प्रतिजानीते ।
2137,jñānaṁ parama-guhyaṁ me,ज्ञानं परमगुह्यं मे,ज्ञानꣳ परमगुह्यꣳ मे
2139,sa-rahasyaṁ tad-aṅgaṁ ca,सरहस्यं तदङ्गं च,सरहस्यꣳ तदङ्गꣳ च
2140,gṛhāṇa gaditaṁ mayā || [bhā.pu. 2.9.30],गृहाण गदितं मया ॥ [भा.पु. २.९.३०],गृहाण गदितꣳ मया ॥ [भा.पु. २.९.३०]
2141,"me mama bhagavato jñānaṁ śabda-dvārā yāthārthya-nirdhāraṇaṁ mayā gaditaṁ sad gṛhāṇa ity anyo na jānātīti bhāvaḥ | yataḥ parama-guhyaṁ hy ajñānād api rahasyatamaṁ, muktānām api siddhānām [bhā.pu. 6.14.5] ity-ādeḥ | tac ca vijñānena tad-anubhāvenāpi yuktaṁ gṛhāṇa | na caitāvad eva, kiṁ ca, sa-rahasyaṁ, tatrāpi rahasyaṁ yat kim apy asti, tenāpi sahitam | tac ca prema-bhakti-rūpam ity agre vyañjayiṣyate | tathā tad-aṅgaṁ ca gṛhāṇa | tac ca sati tv aparādhākhya-vighne na jhaṭiti vijñāna-rahasye prakaṭayet | tasmāt tasya jñānasya sahāyaṁ ca gṛhāṇety arthaḥ | tac ca śravaṇādi-bhakti-rūpam ity agre vyañjayiṣyate | yad vā, sa-rahasyam iti tad-aṅgasyaiva viśeṣaṇaṁ jñeyam | suhṛdor iva mithaḥ saṁvardhakayor ekatrāvasthānāt ||","मे मम भगवतो ज्ञानं शब्दद्वारा याथार्थ्यनिर्धारणं मया गदितं सद् गृहाण इत्य् अन्यो न जानातीति भावः । यतः परमगुह्यं ह्य् अज्ञानाद् अपि रहस्यतमं, मुक्तानाम् अपि सिद्धानाम् [भा.पु. ६.१४.५] इत्यादेः । तच् च विज्ञानेन तदनुभावेनापि युक्तं गृहाण । न चैतावद् एव, किं च, सरहस्यं, तत्रापि रहस्यं यत् किम् अप्य् अस्ति, तेनापि सहितम् । तच् च प्रेमभक्तिरूपम् इत्य् अग्रे व्यञ्जयिष्यते । तथा तदङ्गं च गृहाण । तच् च सति त्व् अपराधाख्यविघ्ने न झटिति विज्ञानरहस्ये प्रकटयेत् । तस्मात् तस्य ज्ञानस्य सहायं च गृहाणेत्य् अर्थः । तच् च श्रवणादिभक्तिरूपम् इत्य् अग्रे व्यञ्जयिष्यते । यद् वा, सरहस्यम् इति तदङ्गस्यैव विशेषणं ज्ञेयम् । सुहृदोर् इव मिथः संवर्धकयोर् एकत्रावस्थानात् ॥","मे मम भगवतो ज्ञानꣳ शब्दद्वारा याथार्थ्यनिर्धारणꣳ मया गदितꣳ सद् गृहाण इत्य् अन्यो न जानातीति भावः । यतः परमगुह्यꣳ ह्य् अज्ञानाद् अपि रहस्यतमꣳ, मुक्तानाम् अपि सिद्धानाम् [भा.पु. ६.१४.५] इत्यादेः । तच् च विज्ञानेन तदनुभावेनापि युक्तꣳ गृहाण । न चैतावद् एव, किꣳ च, सरहस्यꣳ, तत्रापि रहस्यꣳ यत् किम् अप्य् अस्ति, तेनापि सहितम् । तच् च प्रेमभक्तिरूपम् इत्य् अग्रे व्यञ्जयिष्यते । तथा तदङ्गꣳ च गृहाण । तच् च सति त्व् अपराधाख्यविघ्ने न झटिति विज्ञानरहस्ये प्रकटयेत् । तस्मात् तस्य ज्ञानस्य सहायꣳ च गृहाणेत्य् अर्थः । तच् च श्रवणादिभक्तिरूपम् इत्य् अग्रे व्यञ्जयिष्यते । यद् वा, सरहस्यम् इति तदङ्गस्यैव विशेषणꣳ ज्ञेयम् । सुहृदोर् इव मिथः सꣳवर्धकयोर् एकत्रावस्थानात् ॥"
2142,atra sādhyayor vijñāna-rahasyayor āvirbhāvārtham āśiṣaṁ dadāti—,अत्र साध्ययोर् विज्ञानरहस्ययोर् आविर्भावार्थम् आशिषं ददाति—,अत्र साध्ययोर् विज्ञानरहस्ययोर् आविर्भावार्थम् आशिषꣳ ददाति—
2143,yāvān ahaṁ yathā-bhāvo,यावान् अहं यथाभावो,यावान् अहꣳ यथाभावो
2147,"yāvān svarūpato yat-parimāṇako’ham | yathā-bhāvaḥ sattā yasyeti, yal-lakṣaṇo’ham ity arthaḥ | yāni svarūpāntaraṅgāni rūpāṇi śyāmatva-catur-bhujatvādīni, guṇā bhakta-vātsalyādyāḥ karmāṇi tat-tal-līlā yasya sa yad-rūpa-guṇa-karmako’ham | tathaiva tena tena sarva-prakāreṇaiva tattva-vijñānaṁ yāthārthyānubhavo mad-anugrahāt te tavāstu bhavatād iti | ","यावान् स्वरूपतो यत्परिमाणकोऽहम् । यथाभावः सत्ता यस्येति, यल्लक्षणोऽहम् इत्य् अर्थः । यानि स्वरूपान्तरङ्गानि रूपाणि श्यामत्वचतुर्भुजत्वादीनि, गुणा भक्तवात्सल्याद्याः कर्माणि तत्तल्लीला यस्य स यद्रूपगुणकर्मकोऽहम् । तथैव तेन तेन सर्वप्रकारेणैव तत्त्वविज्ञानं याथार्थ्यानुभवो मदनुग्रहात् ते तवास्तु भवताद् इति । ","यावान् स्वरूपतो यत्परिमाणकोऽहम् । यथाभावः सत्ता यस्येति, यल्लक्षणोऽहम् इत्य् अर्थः । यानि स्वरूपान्तरङ्गानि रूपाणि श्यामत्वचतुर्भुजत्वादीनि, गुणा भक्तवात्सल्याद्याः कर्माणि तत्तल्लीला यस्य स यद्रूपगुणकर्मकोऽहम् । तथैव तेन तेन सर्वप्रकारेणैव तत्त्वविज्ञानꣳ याथार्थ्यानुभवो मदनुग्रहात् ते तवास्तु भवताद् इति । "
2148,"etena catuḥśloky-arthasya nirviśeṣatvaṁ svayam eva parāstam | vakṣyate ca catuḥślokīm evoddiśatā śrī-bhagavatā svayam uddhavaṁ prati—purā mayā ity-ādau, jñānaṁ paraṁ man-mahimāvabhāsam [bhā.pu. 3.4.13] iti | tatra vijñāna-padena rūpādīnām api svarūpa-bhūtatvaṁ vyaktam | atra vijñānāśīḥ spaṣṭā | rahasyāśīś ca paramānandātmaka-tat-tad-yāthārthyānubhavenāvaśyaṁ premodayāt ||","एतेन चतुःश्लोक्यर्थस्य निर्विशेषत्वं स्वयम् एव परास्तम् । वक्ष्यते च चतुःश्लोकीम् एवोद्दिशता श्रीभगवता स्वयम् उद्धवं प्रति—पुरा मया इत्यादौ, ज्ञानं परं मन्महिमावभासम् [भा.पु. ३.४.१३] इति । तत्र विज्ञानपदेन रूपादीनाम् अपि स्वरूपभूतत्वं व्यक्तम् । अत्र विज्ञानाशीः स्पष्टा । रहस्याशीश् च परमानन्दात्मकतत्तद्याथार्थ्यानुभवेनावश्यं प्रेमोदयात् ॥","एतेन चतुःश्लोक्यर्थस्य निर्विशेषत्वꣳ स्वयम् एव परास्तम् । वक्ष्यते च चतुःश्लोकीम् एवोद्दिशता श्रीभगवता स्वयम् उद्धवꣳ प्रति—पुरा मया इत्यादौ, ज्ञानꣳ परꣳ मन्महिमावभासम् [भा.पु. ३.४.१३] इति । तत्र विज्ञानपदेन रूपादीनाम् अपि स्वरूपभूतत्वꣳ व्यक्तम् । अत्र विज्ञानाशीः स्पष्टा । रहस्याशीश् च परमानन्दात्मकतत्तद्याथार्थ्यानुभवेनावश्यꣳ प्रेमोदयात् ॥"
2149,tad eva upadeśya-catuṣṭayaṁ catuḥślokyā nirūpayan prathamaṁ jñāna-vijñānārthaṁ sva-lakṣaṇaṁ pratipādayati dvābhyām | tatra jñānārtham āha—,तद् एव उपदेश्यचतुष्टयं चतुःश्लोक्या निरूपयन् प्रथमं ज्ञानविज्ञानार्थं स्वलक्षणं प्रतिपादयति द्वाभ्याम् । तत्र ज्ञानार्थम् आह—,तद् एव उपदेश्यचतुष्टयꣳ चतुःश्लोक्या निरूपयन् प्रथमꣳ ज्ञानविज्ञानार्थꣳ स्वलक्षणꣳ प्रतिपादयति द्वाभ्याम् । तत्र ज्ञानार्थम् आह—
2152,paścād ahaṁ yad etac ca,पश्चाद् अहं यद् एतच् च,पश्चाद् अहꣳ यद् एतच् च
2154,"atra ahaṁ-śabdena tad-vaktā mūrta evocyate, na tu nirviśeṣaṁ brahma, tad-aviṣayatvāt | ātma-jñāna-tātparyake tu, tat tvam asi itivat tvam evāsīr eva vaktum upayuktavāt | tataś cāyam arthaḥ—samprati bhavantaṁ prati prādurbhavann asau parama-manohara-śrī-vigraho’ham evāgre mahā-pralaya-kāle’py āsam eva | vāsudevo vā idam agra āsīn na brahmā na ca śaṅkaraḥ | eko nārāyaṇa āsīn na brahmā neśānaḥ [mahā.u. 1] ity-ādi-śrutibhyaḥ | bhagavān eka āsedam agra ātmātmanāṁ vibhuḥ [bhā.pu. 3.5.23] ity-ādi-tṛtīyāt | ato vaikuṇṭha-tat-pārṣad-ādīnām api tad-upāṅgatvād ahaṁ-padenaiva grahaṇaṁ rājāsau prayātītivat | tatas teṣāṁ ca tadvad eva sthitir bodhyate | ","अत्र अहंशब्देन तद्वक्ता मूर्त एवोच्यते, न तु निर्विशेषं ब्रह्म, तदविषयत्वात् । आत्मज्ञानतात्पर्यके तु, तत् त्वम् असि इतिवत् त्वम् एवासीर् एव वक्तुम् उपयुक्तवात् । ततश् चायम् अर्थः—सम्प्रति भवन्तं प्रति प्रादुर्भवन्न् असौ परममनोहरश्रीविग्रहोऽहम् एवाग्रे महाप्रलयकालेऽप्य् आसम् एव । वासुदेवो वा इदम् अग्र आसीन् न ब्रह्मा न च शङ्करः । एको नारायण आसीन् न ब्रह्मा नेशानः [महा.उ. १] इत्यादिश्रुतिभ्यः । भगवान् एक आसेदम् अग्र आत्मात्मनां विभुः [भा.पु. ३.५.२३] इत्यादितृतीयात् । अतो वैकुण्ठतत्पार्षदादीनाम् अपि तदुपाङ्गत्वाद् अहंपदेनैव ग्रहणं राजासौ प्रयातीतिवत् । ततस् तेषां च तद्वद् एव स्थितिर् बोध्यते । ","अत्र अहꣳशब्देन तद्वक्ता मूर्त एवोच्यते, न तु निर्विशेषꣳ ब्रह्म, तदविषयत्वात् । आत्मज्ञानतात्पर्यके तु, तत् त्वम् असि इतिवत् त्वम् एवासीर् एव वक्तुम् उपयुक्तवात् । ततश् चायम् अर्थः—सम्प्रति भवन्तꣳ प्रति प्रादुर्भवन्न् असौ परममनोहरश्रीविग्रहोऽहम् एवाग्रे महाप्रलयकालेऽप्य् आसम् एव । वासुदेवो वा इदम् अग्र आसीन् न ब्रह्मा न च शङ्करः । एको नारायण आसीन् न ब्रह्मा नेशानः [महा.उ. १] इत्यादिश्रुतिभ्यः । भगवान् एक आसेदम् अग्र आत्मात्मनाꣳ विभुः [भा.पु. ३.५.२३] इत्यादितृतीयात् । अतो वैकुण्ठतत्पार्षदादीनाम् अपि तदुपाङ्गत्वाद् अहꣳपदेनैव ग्रहणꣳ राजासौ प्रयातीतिवत् । ततस् तेषाꣳ च तद्वद् एव स्थितिर् बोध्यते । "
2157,muktātma-māyāṁ māyeśaḥ śete sarva-guhāśayaḥ || [bhā.pu. 2.8.10] iti |,मुक्तात्ममायां मायेशः शेते सर्वगुहाशयः ॥ [भा.पु. २.८.१०] इति ।,मुक्तात्ममायाꣳ मायेशः शेते सर्वगुहाशयः ॥ [भा.पु. २.८.१०] इति ।
2159,tattvānāṁ bhagavaṁs teṣāṁ katidhā prati-saṅkramaḥ |,तत्त्वानां भगवंस् तेषां कतिधा प्रतिसङ्क्रमः ।,तत्त्वानाꣳ भगवꣳस् तेषाꣳ कतिधा प्रतिसङ्क्रमः ।
2160,tatremaṁ ka upāsīran ka u svid anuśerata || [bhā.pu. 3.7.37] iti |,तत्रेमं क उपासीरन् क उ स्विद् अनुशेरत ॥ [भा.पु. ३.७.३७] इति ।,तत्रेमꣳ क उपासीरन् क उ स्विद् अनुशेरत ॥ [भा.पु. ३.७.३७] इति ।
2161,kāśīkhaṇḍe’py uktaṁ śrī-dhruva-carite—,काशीखण्डेऽप्य् उक्तं श्रीध्रुवचरिते—,काशीखण्डेऽप्य् उक्तꣳ श्रीध्रुवचरिते—
2162,na cyavante hi mad-bhaktā mahatyāṁ pralayāpadi |,न च्यवन्ते हि मद्भक्ता महत्यां प्रलयापदि ।,न च्यवन्ते हि मद्भक्ता महत्याꣳ प्रलयापदि ।
2164,"aham evety eva-kāreṇa kartr-antarasyārūpatvādikasya ca vyāvṛttiḥ | āsam eveti tatrāsambhāvanāyā nivṛttiḥ | tad uktaṁ, yad-rūpa-guṇa-karmakaḥ [bhā.pu. 2.9.32] iti | ","अहम् एवेत्य् एवकारेण कर्त्रन्तरस्यारूपत्वादिकस्य च व्यावृत्तिः । आसम् एवेति तत्रासम्भावनाया निवृत्तिः । तद् उक्तं, यद्रूपगुणकर्मकः [भा.पु. २.९.३२] इति । ","अहम् एवेत्य् एवकारेण कर्त्रन्तरस्यारूपत्वादिकस्य च व्यावृत्तिः । आसम् एवेति तत्रासम्भावनाया निवृत्तिः । तद् उक्तꣳ, यद्रूपगुणकर्मकः [भा.पु. २.९.३२] इति । "
2165,"ata eva yad vā, āsam eveti brahmādi-bahir-jana-jñāna-gocara-sṛṣṭy-ādi-lakṣaṇa-kriyāntarasyaiva vyāvṛttiḥ | na tu svāntaraṅga-līlāyā api | yathādhunāsau rājā kāryaṁ na kiñcit karotīty ukte rājya-sambandhi-kāryam eva niṣidhyate, na tu śayana-bhojanādikam apīti, tadvat | ","अत एव यद् वा, आसम् एवेति ब्रह्मादिबहिर्जनज्ञानगोचरसृष्ट्यादिलक्षणक्रियान्तरस्यैव व्यावृत्तिः । न तु स्वान्तरङ्गलीलाया अपि । यथाधुनासौ राजा कार्यं न किञ्चित् करोतीत्य् उक्ते राज्यसम्बन्धिकार्यम् एव निषिध्यते, न तु शयनभोजनादिकम् अपीति, तद्वत् । ","अत एव यद् वा, आसम् एवेति ब्रह्मादिबहिर्जनज्ञानगोचरसृष्ट्यादिलक्षणक्रियान्तरस्यैव व्यावृत्तिः । न तु स्वान्तरङ्गलीलाया अपि । यथाधुनासौ राजा कार्यꣳ न किञ्चित् करोतीत्य् उक्ते राज्यसम्बन्धिकार्यम् एव निषिध्यते, न तु शयनभोजनादिकम् अपीति, तद्वत् । "
2166,"yad vā, asa gati-dīpty-ādāneṣv ity asmāt āsaṁ sāmprataṁ bhavatā dṛśyamānair viśeṣair ebhir agre’pi virājamāna evātiṣṭham iti nirākāratvādikasyaiva viśeṣato vyāvṛttiḥ | ","यद् वा, अस गतिदीप्त्यादानेष्व् इत्य् अस्मात् आसं साम्प्रतं भवता दृश्यमानैर् विशेषैर् एभिर् अग्रेऽपि विराजमान एवातिष्ठम् इति निराकारत्वादिकस्यैव विशेषतो व्यावृत्तिः । ","यद् वा, अस गतिदीप्त्यादानेष्व् इत्य् अस्मात् आसꣳ साम्प्रतꣳ भवता दृश्यमानैर् विशेषैर् एभिर् अग्रेऽपि विराजमान एवातिष्ठम् इति निराकारत्वादिकस्यैव विशेषतो व्यावृत्तिः । "
2168,"nanu kvacin nirviśeṣam eva brahma āsīd iti śrūyate ? tatrāha—nānyad yat sad-asat-param iti | sat kāryam, asat kāraṇaṁ, tayoḥ paraṁ yad brahma, tan na matto’nyat | kvacid adhikāriṇi śāstre vā svarūpa-bhūta-viśeṣa-vyutpatty-asamarthe so’yam aham eva nirviśeṣatayā pratibhātīty arthaḥ | yadā tadānīṁ prapañce viśeṣābhāvān nirviśeṣa-cin-mātrākāreṇa, vikuṇṭhe tu sa-viśeṣa-bhagavad-rūpeṇeti śāstra-dvaya-vyavasthā | etena ca brahmaṇo hi pratiṣṭhāham [gītā 14.27] ity atroktaṁ bhagavaj-jñānam eva pratipāditam | ata evāsya parama-guhyatvam uktam |","ननु क्वचिन् निर्विशेषम् एव ब्रह्म आसीद् इति श्रूयते ? तत्राह—नान्यद् यत् सदसत्परम् इति । सत् कार्यम्, असत् कारणं, तयोः परं यद् ब्रह्म, तन् न मत्तोऽन्यत् । क्वचिद् अधिकारिणि शास्त्रे वा स्वरूपभूतविशेषव्युत्पत्त्यसमर्थे सोऽयम् अहम् एव निर्विशेषतया प्रतिभातीत्य् अर्थः । यदा तदानीं प्रपञ्चे विशेषाभावान् निर्विशेषचिन्मात्राकारेण, विकुण्ठे तु सविशेषभगवद्रूपेणेति शास्त्रद्वयव्यवस्था । एतेन च ब्रह्मणो हि प्रतिष्ठाहम् [गीता १४.२७] इत्य् अत्रोक्तं भगवज्ज्ञानम् एव प्रतिपादितम् । अत एवास्य परमगुह्यत्वम् उक्तम् ।","ननु क्वचिन् निर्विशेषम् एव ब्रह्म आसीद् इति श्रूयते ? तत्राह—नान्यद् यत् सदसत्परम् इति । सत् कार्यम्, असत् कारणꣳ, तयोः परꣳ यद् ब्रह्म, तन् न मत्तोऽन्यत् । क्वचिद् अधिकारिणि शास्त्रे वा स्वरूपभूतविशेषव्युत्पत्त्यसमर्थे सोऽयम् अहम् एव निर्विशेषतया प्रतिभातीत्य् अर्थः । यदा तदानीꣳ प्रपञ्चे विशेषाभावान् निर्विशेषचिन्मात्राकारेण, विकुण्ठे तु सविशेषभगवद्रूपेणेति शास्त्रद्वयव्यवस्था । एतेन च ब्रह्मणो हि प्रतिष्ठाहम् [गीता १४.२७] इत्य् अत्रोक्तꣳ भगवज्ज्ञानम् एव प्रतिपादितम् । अत एवास्य परमगुह्यत्वम् उक्तम् ।"
2169,"nanu sṛṣṭer anantaraṁ nopalabhyase ? tatrāha—paścāt sṛṣṭer anantaram apy aham evāsmy eva, vaikuṇṭheṣu bhagavad-ādy-ākāreṇa, prapañceṣv antaryāmy-ākāreṇeti śeṣaḥ | etena sṛṣṭi-sthiti-pralaya-hetur ahetur asya [bhā.pu. 11.3.35] ity-ādi pratipāditaṁ bhagavaj-jñānam evopadiṣṭam |","ननु सृष्टेर् अनन्तरं नोपलभ्यसे ? तत्राह—पश्चात् सृष्टेर् अनन्तरम् अप्य् अहम् एवास्म्य् एव, वैकुण्ठेषु भगवदाद्याकारेण, प्रपञ्चेष्व् अन्तर्याम्याकारेणेति शेषः । एतेन सृष्टिस्थितिप्रलयहेतुर् अहेतुर् अस्य [भा.पु. ११.३.३५] इत्यादि प्रतिपादितं भगवज्ज्ञानम् एवोपदिष्टम् ।","ननु सृष्टेर् अनन्तरꣳ नोपलभ्यसे ? तत्राह—पश्चात् सृष्टेर् अनन्तरम् अप्य् अहम् एवास्म्य् एव, वैकुण्ठेषु भगवदाद्याकारेण, प्रपञ्चेष्व् अन्तर्याम्याकारेणेति शेषः । एतेन सृष्टिस्थितिप्रलयहेतुर् अहेतुर् अस्य [भा.पु. ११.३.३५] इत्यादि प्रतिपादितꣳ भगवज्ज्ञानम् एवोपदिष्टम् ।"
2170,"nanu sarvatra ghaṭa-paṭākārā ye dṛśyante te tu tad-rūpāṇi na bhavantīti tavāpūrṇatva-prasaktiḥ syāt ? ity āśaṅkyāha—yad etad viśvaṁ tad apy aham, eva mad-ananyatvān mad-ātmakam evety arthaḥ | anena, ","ननु सर्वत्र घटपटाकारा ये दृश्यन्ते ते तु तद्रूपाणि न भवन्तीति तवापूर्णत्वप्रसक्तिः स्यात् ? इत्य् आशङ्क्याह—यद् एतद् विश्वं तद् अप्य् अहम्, एव मदनन्यत्वान् मदात्मकम् एवेत्य् अर्थः । अनेन, ","ननु सर्वत्र घटपटाकारा ये दृश्यन्ते ते तु तद्रूपाणि न भवन्तीति तवापूर्णत्वप्रसक्तिः स्यात् ? इत्य् आशङ्क्याह—यद् एतद् विश्वꣳ तद् अप्य् अहम्, एव मदनन्यत्वान् मदात्मकम् एवेत्य् अर्थः । अनेन, "
2171,so’yaṁ te’bhihitas tāta bhagavān viśva-bhāvanaḥ | ,सोऽयं तेऽभिहितस् तात भगवान् विश्वभावनः । ,सोऽयꣳ तेऽभिहितस् तात भगवान् विश्वभावनः । 
2173,ity-ādy-uktaṁ bhagavaj-jñānam evopadiṣṭam | ,इत्याद्युक्तं भगवज्ज्ञानम् एवोपदिष्टम् । ,इत्याद्युक्तꣳ भगवज्ज्ञानम् एवोपदिष्टम् । 
2175,bhavān eka āsedam agra ātmātmanāṁ vibhuḥ |,भवान् एक आसेदम् अग्र आत्मात्मनां विभुः ।,भवान् एक आसेदम् अग्र आत्मात्मनाꣳ विभुः ।
2177,ity uktaṁ bhagavaj-jñānam evopadiṣṭam | ,इत्य् उक्तं भगवज्ज्ञानम् एवोपदिष्टम् । ,इत्य् उक्तꣳ भगवज्ज्ञानम् एवोपदिष्टम् । 
2178,tathā pūrvaṁ svānugraha-prakāśyatvena pratijñātaṁ yāvattvaṁ sarva-kāla-deśāparikcchedyatva-jñāpanāyopadiṣṭam | evaṁ nānyad yat sad-asat-param ity anena brahmaṇo hi pratiṣṭhāham [gītā 14.27] iti jñāpanayā yathā-bhāvatvam | sarvākārāvayavi-bhagavad-ākāra-nirdeśena vilakṣaṇānanta-rūpatva-jñāpanayā yad-rūpatvam | sarvāśrayāti-nirdeśena vilakṣaṇānanta-guṇatva-jñāpanayā yad-guṇatvam | sṛṣṭi-sthiti-pralayopalakṣita-vividha-kriyāśrayatva-kathanena laukikānanta-karmatva-jñāpanayā yat-karmatvaṁ ca || ,तथा पूर्वं स्वानुग्रहप्रकाश्यत्वेन प्रतिज्ञातं यावत्त्वं सर्वकालदेशापरिक्च्छेद्यत्वज्ञापनायोपदिष्टम् । एवं नान्यद् यत् सदसत्परम् इत्य् अनेन ब्रह्मणो हि प्रतिष्ठाहम् [गीता १४.२७] इति ज्ञापनया यथाभावत्वम् । सर्वाकारावयविभगवदाकारनिर्देशेन विलक्षणानन्तरूपत्वज्ञापनया यद्रूपत्वम् । सर्वाश्रयातिनिर्देशेन विलक्षणानन्तगुणत्वज्ञापनया यद्गुणत्वम् । सृष्टिस्थितिप्रलयोपलक्षितविविधक्रियाश्रयत्वकथनेन लौकिकानन्तकर्मत्वज्ञापनया यत्कर्मत्वं च ॥ ,तथा पूर्वꣳ स्वानुग्रहप्रकाश्यत्वेन प्रतिज्ञातꣳ यावत्त्वꣳ सर्वकालदेशापरिक्च्छेद्यत्वज्ञापनायोपदिष्टम् । एवꣳ नान्यद् यत् सदसत्परम् इत्य् अनेन ब्रह्मणो हि प्रतिष्ठाहम् [गीता १४.२७] इति ज्ञापनया यथाभावत्वम् । सर्वाकारावयविभगवदाकारनिर्देशेन विलक्षणानन्तरूपत्वज्ञापनया यद्रूपत्वम् । सर्वाश्रयातिनिर्देशेन विलक्षणानन्तगुणत्वज्ञापनया यद्गुणत्वम् । सृष्टिस्थितिप्रलयोपलक्षितविविधक्रियाश्रयत्वकथनेन लौकिकानन्तकर्मत्वज्ञापनया यत्कर्मत्वꣳ च ॥ 
2179,atha tādṛśa-rūpādi-viśiṣṭasyātmano vyatireka-mukhena vijñānārthaṁ māyā-laksaṇam āha—,अथ तादृशरूपादिविशिष्टस्यात्मनो व्यतिरेकमुखेन विज्ञानार्थं मायालक्सणम् आह—,अथ तादृशरूपादिविशिष्टस्यात्मनो व्यतिरेकमुखेन विज्ञानार्थꣳ मायालक्सणम् आह—
2180,"ṛte’rtham [bhā.pu. 2.9.33] ity-ādi | pūrvaṁ vyākhyātam eva | saṅkṣepaś cāyam arthaḥ—parama-puruṣārtha-bhūtaṁ mām ṛte mad-darśanād anyatraiva yat pratīyeta, yac cātmani na pratīyeta, māṁ vinā svataḥ pratītir api yasya nāstīty arthaḥ, tad vastu ātmano mama parameśvarasya māyāṁ vidyāt | ","ऋतेऽर्थम् [भा.पु. २.९.३३] इत्यादि । पूर्वं व्याख्यातम् एव । सङ्क्षेपश् चायम् अर्थः—परमपुरुषार्थभूतं माम् ऋते मद्दर्शनाद् अन्यत्रैव यत् प्रतीयेत, यच् चात्मनि न प्रतीयेत, मां विना स्वतः प्रतीतिर् अपि यस्य नास्तीत्य् अर्थः, तद् वस्तु आत्मनो मम परमेश्वरस्य मायां विद्यात् । ","ऋतेऽर्थम् [भा.पु. २.९.३३] इत्यादि । पूर्वꣳ व्याख्यातम् एव । सङ्क्षेपश् चायम् अर्थः—परमपुरुषार्थभूतꣳ माम् ऋते मद्दर्शनाद् अन्यत्रैव यत् प्रतीयेत, यच् चात्मनि न प्रतीयेत, माꣳ विना स्वतः प्रतीतिर् अपि यस्य नास्तीत्य् अर्थः, तद् वस्तु आत्मनो मम परमेश्वरस्य मायाꣳ विद्यात् । "
2181,atra dṛṣṭāntaḥ—yathā’bhāsaḥ pratibimba-raśmiḥ | yathā ca tamas timiram iti | tatrābhāsasya tādṛśatvaṁ spaṣṭam eva | tamaso’pi jyotir darśanād anyatraiva pratīter jyotir-ātmakaṁ cakṣur vinā cāpratītir iti | ,अत्र दृष्टान्तः—यथाऽभासः प्रतिबिम्बरश्मिः । यथा च तमस् तिमिरम् इति । तत्राभासस्य तादृशत्वं स्पष्टम् एव । तमसोऽपि ज्योतिर् दर्शनाद् अन्यत्रैव प्रतीतेर् ज्योतिरात्मकं चक्षुर् विना चाप्रतीतिर् इति । ,अत्र दृष्टान्तः—यथाऽभासः प्रतिबिम्बरश्मिः । यथा च तमस् तिमिरम् इति । तत्राभासस्य तादृशत्वꣳ स्पष्टम् एव । तमसोऽपि ज्योतिर् दर्शनाद् अन्यत्रैव प्रतीतेर् ज्योतिरात्मकꣳ चक्षुर् विना चाप्रतीतिर् इति । 
2182,vidyād iti prathama-puruṣa-nirdeśasyāyaṁ bhāvaḥ—anyān praty eva khalv ayam upadeśaḥ | tvaṁ tu mad-datta-śaktyā sākṣād evānubhavann asīti | evaṁ māyika-dṛṣṭim atītyaiva rūpādi-viśiṣṭaṁ mām anubhaved iti | ,विद्याद् इति प्रथमपुरुषनिर्देशस्यायं भावः—अन्यान् प्रत्य् एव खल्व् अयम् उपदेशः । त्वं तु मद्दत्तशक्त्या साक्षाद् एवानुभवन्न् असीति । एवं मायिकदृष्टिम् अतीत्यैव रूपादिविशिष्टं माम् अनुभवेद् इति । ,विद्याद् इति प्रथमपुरुषनिर्देशस्यायꣳ भावः—अन्यान् प्रत्य् एव खल्व् अयम् उपदेशः । त्वꣳ तु मद्दत्तशक्त्या साक्षाद् एवानुभवन्न् असीति । एवꣳ मायिकदृष्टिम् अतीत्यैव रूपादिविशिष्टꣳ माम् अनुभवेद् इति । 
2183,vyatireka-mukhenānubhāvanasyāyaṁ bhāvaḥ | śabdena nirdhāritasyāpi sat-svarūpāder māyā-kāryāveśenaivānubhavo na bhavati | atas tad-arthaṁ māyā-tyājanam eva kartavyam iti | etena tad-avinābhāvāt premāpy anubhāvita iti gamyate ||,व्यतिरेकमुखेनानुभावनस्यायं भावः । शब्देन निर्धारितस्यापि सत्स्वरूपादेर् मायाकार्यावेशेनैवानुभवो न भवति । अतस् तदर्थं मायात्याजनम् एव कर्तव्यम् इति । एतेन तदविनाभावात् प्रेमाप्य् अनुभावित इति गम्यते ॥,व्यतिरेकमुखेनानुभावनस्यायꣳ भावः । शब्देन निर्धारितस्यापि सत्स्वरूपादेर् मायाकार्यावेशेनैवानुभवो न भवति । अतस् तदर्थꣳ मायात्याजनम् एव कर्तव्यम् इति । एतेन तदविनाभावात् प्रेमाप्य् अनुभावित इति गम्यते ॥
2184,atha tasyaiva premno rahasyatvaṁ bodhayati—,अथ तस्यैव प्रेम्नो रहस्यत्वं बोधयति—,अथ तस्यैव प्रेम्नो रहस्यत्वꣳ बोधयति—
2188,tathā teṣu na teṣv aham [bhā.pu. 2.9.34],तथा तेषु न तेष्व् अहम् [भा।पु। २।९।३४],तथा तेषु न तेष्व् अहम् [भा.पु. २.९.३४]
2189,"yathā mahā-bhūtāni bhūteṣv apraviṣṭāni bahiḥ-sthitāny api anupraviṣṭāny antaḥ-sthitāni bhānti, tathā lokātīta-vaikuṇṭha-sthitatvena apraviṣṭo’py ahaṁ teṣu tat-tad-guṇa-vikhyāteṣu na teṣu praṇata-janeṣu praviṣṭo hṛdi sthito’haṁ bhāmi | atra mahā-bhūtānām aṁśa-bhedena praveśāpraveśau tasya tu prakāśa-bhedeneti bhede’pi praveśāpraveśa-mātra-sāmyena dṛṣṭāntaḥ | tad evaṁ teṣāṁ tādṛg-ātma-vaśa-kāriṇī prema-bhaktir nāma rahasyam iti sūcitam | tathā ca brahma-saṁhitāyām—","यथा महाभूतानि भूतेष्व् अप्रविष्टानि बहिःस्थितान्य् अपि अनुप्रविष्टान्य् अन्तःस्थितानि भान्ति, तथा लोकातीतवैकुण्ठस्थितत्वेन अप्रविष्टोऽप्य् अहं तेषु तत्तद्गुणविख्यातेषु न तेषु प्रणतजनेषु प्रविष्टो हृदि स्थितोऽहं भामि । अत्र महाभूतानाम् अंशभेदेन प्रवेशाप्रवेशौ तस्य तु प्रकाशभेदेनेति भेदेऽपि प्रवेशाप्रवेशमात्रसाम्येन दृष्टान्तः । तद् एवं तेषां तादृगात्मवशकारिणी प्रेमभक्तिर् नाम रहस्यम् इति सूचितम् । तथा च ब्रह्मसंहितायाम्—","यथा महाभूतानि भूतेष्व् अप्रविष्टानि बहिःस्थितान्य् अपि अनुप्रविष्टान्य् अन्तःस्थितानि भान्ति, तथा लोकातीतवैकुण्ठस्थितत्वेन अप्रविष्टोऽप्य् अहꣳ तेषु तत्तद्गुणविख्यातेषु न तेषु प्रणतजनेषु प्रविष्टो हृदि स्थितोऽहꣳ भामि । अत्र महाभूतानाम् अꣳशभेदेन प्रवेशाप्रवेशौ तस्य तु प्रकाशभेदेनेति भेदेऽपि प्रवेशाप्रवेशमात्रसाम्येन दृष्टान्तः । तद् एवꣳ तेषाꣳ तादृगात्मवशकारिणी प्रेमभक्तिर् नाम रहस्यम् इति सूचितम् । तथा च ब्रह्मसꣳहितायाम्—"
2193,govindam ādi-puruṣaṁ tam ahaṁ bhajāmi || [bra.saṁ. 5.29],गोविन्दम् आदिपुरुषं तम् अहं भजामि ॥ [ब्र.सं. ५.२९],गोविन्दम् आदिपुरुषꣳ तम् अहꣳ भजामि ॥ [ब्र.सꣳ. ५.२९]
2196,yaṁ śyāmasundaram acintya-guṇa-svarūpaṁ ,यं श्यामसुन्दरम् अचिन्त्यगुणस्वरूपं ,यꣳ श्यामसुन्दरम् अचिन्त्यगुणस्वरूपꣳ 
2197,govindam ādi-puruṣaṁ tam ahaṁ bhajāmi || [bra.saṁ. 5.30],गोविन्दम् आदिपुरुषं तम् अहं भजामि ॥ [ब्र.सं. ५.३०],गोविन्दम् आदिपुरुषꣳ तम् अहꣳ भजामि ॥ [ब्र.सꣳ. ५.३०]
2198,acintya-guṇa-svarūpam api premākhyaṁ yad añjanaṁ tena cchuritavat uccaiḥ prakāśamānaṁ bhakti-rūpaṁ vilocanaṁ tena ity arthaḥ | ,अचिन्त्यगुणस्वरूपम् अपि प्रेमाख्यं यद् अञ्जनं तेन च्छुरितवत् उच्चैः प्रकाशमानं भक्तिरूपं विलोचनं तेन इत्य् अर्थः । ,अचिन्त्यगुणस्वरूपम् अपि प्रेमाख्यꣳ यद् अञ्जनꣳ तेन च्छुरितवत् उच्चैः प्रकाशमानꣳ भक्तिरूपꣳ विलोचनꣳ तेन इत्य् अर्थः । 
2199,ye bhajanti tu māṁ bhaktyā ,ये भजन्ति तु मां भक्त्या ,ये भजन्ति तु माꣳ भक्त्या 
2201,"yad vā, teṣu yathā tāni bahiḥ-sthitāni cāntaḥ-sthitāni ca bhānti, tadvat bhakteṣv aham antar-mano-vṛttiṣu bahir-indriya-vṛttiṣu ca visphurāmīti ca | bhakteṣu sarvathā’nanya-vṛttitā-hetur nāma kim api sva-prakāśaṁ premākhyam ānandātmakaṁ vastu mama rahasyam iti vyañjitam | tathaiva śrī-brahmaṇoktam—","यद् वा, तेषु यथा तानि बहिःस्थितानि चान्तःस्थितानि च भान्ति, तद्वत् भक्तेष्व् अहम् अन्तर्मनोवृत्तिषु बहिरिन्द्रियवृत्तिषु च विस्फुरामीति च । भक्तेषु सर्वथाऽनन्यवृत्तिताहेतुर् नाम किम् अपि स्वप्रकाशं प्रेमाख्यम् आनन्दात्मकं वस्तु मम रहस्यम् इति व्यञ्जितम् । तथैव श्रीब्रह्मणोक्तम्—","यद् वा, तेषु यथा तानि बहिःस्थितानि चान्तःस्थितानि च भान्ति, तद्वत् भक्तेष्व् अहम् अन्तर्मनोवृत्तिषु बहिरिन्द्रियवृत्तिषु च विस्फुरामीति च । भक्तेषु सर्वथाऽनन्यवृत्तिताहेतुर् नाम किम् अपि स्वप्रकाशꣳ प्रेमाख्यम् आनन्दात्मकꣳ वस्तु मम रहस्यम् इति व्यञ्जितम् । तथैव श्रीब्रह्मणोक्तम्—"
2206,"yadyapi vyākhyāntarānusāreṇāyam artho’palapanīyaḥ syāt, tathāpy asminn evārthe tātparyaṁ, pratijñā-catuṣṭaya-sādhanāyopakrāntatvāt, tad-anuktrama-gatatvāc ca | kiṁ ca, tasminn arthe na teṣv iti chinna-padam api vyarthaṁ syāt, dṛṣṭāntasyaiva kriyābhyām anvayopapatteḥ | api ca, rahasyatvaṁ nāma hy etad eva, yat parama-durlabhaṁ vastu duṣṭodāsīna-jana-dṛṣṭi-nivāraṇārthaṁ sādhāraṇa-vastv-antareṇācchādyate, yathā cintāmaṇiḥ sampuṭādinā | ata eva parokṣa-vādā ṛṣayaḥ parokṣaṁ ca mama priyam [bhā.pu. 11.21.35] iti śrī-bhagavad-vākyaṁ ca | ","यद्यपि व्याख्यान्तरानुसारेणायम् अर्थोऽपलपनीयः स्यात्, तथाप्य् अस्मिन्न् एवार्थे तात्पर्यं, प्रतिज्ञाचतुष्टयसाधनायोपक्रान्तत्वात्, तदनुक्त्रमगतत्वाच् च । किं च, तस्मिन्न् अर्थे न तेष्व् इति छिन्नपदम् अपि व्यर्थं स्यात्, दृष्टान्तस्यैव क्रियाभ्याम् अन्वयोपपत्तेः । अपि च, रहस्यत्वं नाम ह्य् एतद् एव, यत् परमदुर्लभं वस्तु दुष्टोदासीनजनदृष्टिनिवारणार्थं साधारणवस्त्वन्तरेणाच्छाद्यते, यथा चिन्तामणिः सम्पुटादिना । अत एव परोक्षवादा ऋषयः परोक्षं च मम प्रियम् [भा.पु. ११.२१.३५] इति श्रीभगवद्वाक्यं च । ","यद्यपि व्याख्यान्तरानुसारेणायम् अर्थोऽपलपनीयः स्यात्, तथाप्य् अस्मिन्न् एवार्थे तात्पर्यꣳ, प्रतिज्ञाचतुष्टयसाधनायोपक्रान्तत्वात्, तदनुक्त्रमगतत्वाच् च । किꣳ च, तस्मिन्न् अर्थे न तेष्व् इति छिन्नपदम् अपि व्यर्थꣳ स्यात्, दृष्टान्तस्यैव क्रियाभ्याम् अन्वयोपपत्तेः । अपि च, रहस्यत्वꣳ नाम ह्य् एतद् एव, यत् परमदुर्लभꣳ वस्तु दुष्टोदासीनजनदृष्टिनिवारणार्थꣳ साधारणवस्त्वन्तरेणाच्छाद्यते, यथा चिन्तामणिः सम्पुटादिना । अत एव परोक्षवादा ऋषयः परोक्षꣳ च मम प्रियम् [भा.पु. ११.२१.३५] इति श्रीभगवद्वाक्यꣳ च । "
2207,"tad eva ca parokṣaṁ kriyate, yad adeyaṁ virala-pracāraṁ mahad vastu bhavati | asyaivādeyatvaṁ virala-pracāratvaṁ mahattvaṁ ca, muktiṁ dadāti karhicit sma na bhakti-yogam [bhā.pu. 5.6.18] ity-ādiṣu bahutra vyaktam | ","तद् एव च परोक्षं क्रियते, यद् अदेयं विरलप्रचारं महद् वस्तु भवति । अस्यैवादेयत्वं विरलप्रचारत्वं महत्त्वं च, मुक्तिं ददाति कर्हिचित् स्म न भक्तियोगम् [भा.पु. ५.६.१८] इत्यादिषु बहुत्र व्यक्तम् । ","तद् एव च परोक्षꣳ क्रियते, यद् अदेयꣳ विरलप्रचारꣳ महद् वस्तु भवति । अस्यैवादेयत्वꣳ विरलप्रचारत्वꣳ महत्त्वꣳ च, मुक्तिꣳ ददाति कर्हिचित् स्म न भक्तियोगम् [भा.पु. ५.६.१८] इत्यादिषु बहुत्र व्यक्तम् । "
2208,"svayaṁ caitad eva śrī-bhagavatā parama-bhaktābhyām arjunoddhavābhyāṁ kaṇṭhoktyaiva kathitam—sarva-guhyatamaṁ bhūyaḥ śṛṇu me paramaṁ vacaḥ [gītā 18.64] ity-ādinā, sugopyam api vakṣyāmi [bhā.pu. 11.11.46] ity-ādinā ca |","स्वयं चैतद् एव श्रीभगवता परमभक्ताभ्याम् अर्जुनोद्धवाभ्यां कण्ठोक्त्यैव कथितम्—सर्वगुह्यतमं भूयः शृणु मे परमं वचः [गीता १८.६४] इत्यादिना, सुगोप्यम् अपि वक्ष्यामि [भा.पु. ११.११.४६] इत्यादिना च ।","स्वयꣳ चैतद् एव श्रीभगवता परमभक्ताभ्याम् अर्जुनोद्धवाभ्याꣳ कण्ठोक्त्यैव कथितम्—सर्वगुह्यतमꣳ भूयः शृणु मे परमꣳ वचः [गीता १८.६४] इत्यादिना, सुगोप्यम् अपि वक्ष्यामि [भा.पु. ११.११.४६] इत्यादिना च ।"
2209,idam eva rahasyaṁ śrī-nāradāya svayaṁ śrī-brahmaṇaiva prakaṭīkṛtam—,इदम् एव रहस्यं श्रीनारदाय स्वयं श्रीब्रह्मणैव प्रकटीकृतम्—,इदम् एव रहस्यꣳ श्रीनारदाय स्वयꣳ श्रीब्रह्मणैव प्रकटीकृतम्—
2210,idaṁ bhāgavataṁ nāma yan me bhagavatoditam |,इदं भागवतं नाम यन् मे भगवतोदितम् ।,इदꣳ भागवतꣳ नाम यन् मे भगवतोदितम् ।
2211,saṅgraho’yaṁ vibhūtīnāṁ tvam etad vipulī kuru || ,सङ्ग्रहोऽयं विभूतीनां त्वम् एतद् विपुली कुरु ॥ ,सङ्ग्रहोऽयꣳ विभूतीनाꣳ त्वम् एतद् विपुली कुरु ॥ 
2212,yathā harau bhagavati nṛṇāṁ bhaktir bhaviṣyati |,यथा हरौ भगवति नृणां भक्तिर् भविष्यति ।,यथा हरौ भगवति नृणाꣳ भक्तिर् भविष्यति ।
2214,tasmāt sādhu vyākhyātaṁ svāmi-caraṇair api rahasyaṁ bhaktir iti ||,तस्मात् साधु व्याख्यातं स्वामिचरणैर् अपि रहस्यं भक्तिर् इति ॥,तस्मात् साधु व्याख्यातꣳ स्वामिचरणैर् अपि रहस्यꣳ भक्तिर् इति ॥
2215,atha kathaṁ tathā-bhūtaṁ rahasyam udayeta ? ity apekṣāyāṁ krama-prāptaṁ tad-aṅga-bhūtaṁ tadīya-sādhanam upadiśati—,अथ कथं तथाभूतं रहस्यम् उदयेत ? इत्य् अपेक्षायां क्रमप्राप्तं तदङ्गभूतं तदीयसाधनम् उपदिशति—,अथ कथꣳ तथाभूतꣳ रहस्यम् उदयेत ? इत्य् अपेक्षायाꣳ क्रमप्राप्तꣳ तदङ्गभूतꣳ तदीयसाधनम् उपदिशति—
2216,etāvad eva jijñāsyaṁ,एतावद् एव जिज्ञास्यं,एतावद् एव जिज्ञास्यꣳ
2218,anvaya-vyatirekābhyāṁ,अन्वयव्यतिरेकाभ्यां,अन्वयव्यतिरेकाभ्याꣳ
2220,ātmano mama bhagavatas tattva-jijñāsunā prema-rūpaṁ yāthārthyaṁ rahasyam anubhavitum icchunā etāvad eva jijñāsyaṁ śrī-guru-caraṇebhyaḥ śikṣaṇīyam | kiṁ tat ? sad ekam eva anvaya-vyatirekābhyāṁ vidhi-niṣedhābhyāṁ sadā sarvatra syād upapadyate | yathā—,आत्मनो मम भगवतस् तत्त्वजिज्ञासुना प्रेमरूपं याथार्थ्यं रहस्यम् अनुभवितुम् इच्छुना एतावद् एव जिज्ञास्यं श्रीगुरुचरणेभ्यः शिक्षणीयम् । किं तत् ? सद् एकम् एव अन्वयव्यतिरेकाभ्यां विधिनिषेधाभ्यां सदा सर्वत्र स्याद् उपपद्यते । यथा—,आत्मनो मम भगवतस् तत्त्वजिज्ञासुना प्रेमरूपꣳ याथार्थ्यꣳ रहस्यम् अनुभवितुम् इच्छुना एतावद् एव जिज्ञास्यꣳ श्रीगुरुचरणेभ्यः शिक्षणीयम् । किꣳ तत् ? सद् एकम् एव अन्वयव्यतिरेकाभ्याꣳ विधिनिषेधाभ्याꣳ सदा सर्वत्र स्याद् उपपद्यते । यथा—
2221,na hy ato’nyaḥ śivaḥ panthā viśataḥ saṁsṛtāv iha |,न ह्य् अतोऽन्यः शिवः पन्था विशतः संसृताव् इह ।,न ह्य् अतोऽन्यः शिवः पन्था विशतः सꣳसृताव् इह ।
2223,iti vyatirekeṇopakramya tad-upasaṁhāre—,इति व्यतिरेकेणोपक्रम्य तदुपसंहारे—,इति व्यतिरेकेणोपक्रम्य तदुपसꣳहारे—
2227,"tasmāt sva-jñāna-vijñāna-rahasya-tad-aṅgānām upadeśena catuḥślokyām api svayaṁ śrī-bhagavān evopadiṣṭaḥ | ataḥ tasmai sva-lokaṁ bhagavān sabhājitaḥ [bhā.pu. 2.9.9] iti bhagavac-chabdena, dadarśa tatrākhila-sātvatāṁ patim [bhā.pu. 2.9.15] ity atra tāpanī-śruty-anukūlitaṁ śrī-kṛṣṇa-liṅgatvena ca | asya vaktuḥ śrī-bhagavattvam eva sphuṭam | na jātu tad-aṁśa-bhūta-nārāyaṇākhya-garbhoda-śāyi-puruṣatvam |","तस्मात् स्वज्ञानविज्ञानरहस्यतदङ्गानाम् उपदेशेन चतुःश्लोक्याम् अपि स्वयं श्रीभगवान् एवोपदिष्टः । अतः तस्मै स्वलोकं भगवान् सभाजितः [भा.पु. २.९.९] इति भगवच्छब्देन, ददर्श तत्राखिलसात्वतां पतिम् [भा.पु. २.९.१५] इत्य् अत्र तापनीश्रुत्यनुकूलितं श्रीकृष्णलिङ्गत्वेन च । अस्य वक्तुः श्रीभगवत्त्वम् एव स्फुटम् । न जातु तदंशभूतनारायणाख्यगर्भोदशायिपुरुषत्वम् ।","तस्मात् स्वज्ञानविज्ञानरहस्यतदङ्गानाम् उपदेशेन चतुःश्लोक्याम् अपि स्वयꣳ श्रीभगवान् एवोपदिष्टः । अतः तस्मै स्वलोकꣳ भगवान् सभाजितः [भा.पु. २.९.९] इति भगवच्छब्देन, ददर्श तत्राखिलसात्वताꣳ पतिम् [भा.पु. २.९.१५] इत्य् अत्र तापनीश्रुत्यनुकूलितꣳ श्रीकृष्णलिङ्गत्वेन च । अस्य वक्तुः श्रीभगवत्त्वम् एव स्फुटम् । न जातु तदꣳशभूतनारायणाख्यगर्भोदशायिपुरुषत्वम् ।"
2228,"ata evāsya mahā-purāṇasyāpi śrī-bhāgavatam ity eva vyākhyā | tathaivoktam—kasmai kena vibhāṣito’yam atulo jñāna-pradīpaḥ purā ity-ādau, tac chuddhaṁ vimalaṁ viśokam amṛtaṁ satyaṁ paraṁ dhīmahi [bhā.pu. 12.13.19] ity atra para-śabdena bhagavad-vaktṛtvam | ādyo’vatāraḥ puruṣaḥ parasya [bhā.pu. 2.6.42] iti dvitīye bhedābhidhānāt | ","अत एवास्य महापुराणस्यापि श्रीभागवतम् इत्य् एव व्याख्या । तथैवोक्तम्—कस्मै केन विभाषितोऽयम् अतुलो ज्ञानप्रदीपः पुरा इत्यादौ, तच् छुद्धं विमलं विशोकम् अमृतं सत्यं परं धीमहि [भा.पु. १२.१३.१९] इत्य् अत्र परशब्देन भगवद्वक्तृत्वम् । आद्योऽवतारः पुरुषः परस्य [भा.पु. २.६.४२] इति द्वितीये भेदाभिधानात् । ","अत एवास्य महापुराणस्यापि श्रीभागवतम् इत्य् एव व्याख्या । तथैवोक्तम्—कस्मै केन विभाषितोऽयम् अतुलो ज्ञानप्रदीपः पुरा इत्यादौ, तच् छुद्धꣳ विमलꣳ विशोकम् अमृतꣳ सत्यꣳ परꣳ धीमहि [भा.पु. १२.१३.१९] इत्य् अत्र परशब्देन भगवद्वक्तृत्वम् । आद्योऽवतारः पुरुषः परस्य [भा.पु. २.६.४२] इति द्वितीये भेदाभिधानात् । "
2230,idaṁ bhagavatā pūrvaṁ brahmaṇe nābhi-paṅkaje | ,इदं भगवता पूर्वं ब्रह्मणे नाभिपङ्कजे । ,इदꣳ भगवता पूर्वꣳ ब्रह्मणे नाभिपङ्कजे । 
2232,ity atrāpi bhagavac-chabda-prayogaḥ | śrī-nārāyaṇa-nābhi-paṅkaje sthitaṁ brahmāṇaṁ prati svayaṁ śrī-bhagavatā tatraiva vyāpi-mahā-vaikuṇṭhaṁ prakāśyedaṁ purāṇaṁ prakāśitam ity arthaḥ | anugataṁ caitat dvitīya-skandhetihāsasyeti |,इत्य् अत्रापि भगवच्छब्दप्रयोगः । श्रीनारायणनाभिपङ्कजे स्थितं ब्रह्माणं प्रति स्वयं श्रीभगवता तत्रैव व्यापिमहावैकुण्ठं प्रकाश्येदं पुराणं प्रकाशितम् इत्य् अर्थः । अनुगतं चैतत् द्वितीयस्कन्धेतिहासस्येति ।,इत्य् अत्रापि भगवच्छब्दप्रयोगः । श्रीनारायणनाभिपङ्कजे स्थितꣳ ब्रह्माणꣳ प्रति स्वयꣳ श्रीभगवता तत्रैव व्यापिमहावैकुण्ठꣳ प्रकाश्येदꣳ पुराणꣳ प्रकाशितम् इत्य् अर्थः । अनुगतꣳ चैतत् द्वितीयस्कन्धेतिहासस्येति ।
2234,"tad etat sarva-śāstrāṇāṁ samanvayas tasminn eva bhagavati | tathā ca, ","तद् एतत् सर्वशास्त्राणां समन्वयस् तस्मिन्न् एव भगवति । तथा च, ","तद् एतत् सर्वशास्त्राणाꣳ समन्वयस् तस्मिन्न् एव भगवति । तथा च, "
2237,tasmād enaṁ sarva-vedān adhītya ,तस्माद् एनं सर्ववेदान् अधीत्य ,तस्माद् एनꣳ सर्ववेदान् अधीत्य 
2239,yaṁ sarve devā ānamanti mumukṣavo brahma-vādinaś ca [nṛ.tā.u. 2.4.10] iti śrī-nṛsiṁha-tāpanyām |,यं सर्वे देवा आनमन्ति मुमुक्षवो ब्रह्मवादिनश् च [नृ.ता.उ. २.४.१०] इति श्रीनृसिंहतापन्याम् ।,यꣳ सर्वे देवा आनमन्ति मुमुक्षवो ब्रह्मवादिनश् च [नृ.ता.उ. २.४.१०] इति श्रीनृसिꣳहतापन्याम् ।
2240,"sarve vedā yat padam āmananti tapāṁsi sarvāṇi ca yad vadanti [ka.u. 1.2.15], nāveda-vin manute taṁ bṛhantaṁ sarvānubhūtam ātmānaṁ sāmparāye [?], taṁ tv aupaniṣadaṁ puruṣaṁ pṛcchāmi [bṛ.ā.u. 3.9.27] ity-ādir anyatra śrutau | ","सर्वे वेदा यत् पदम् आमनन्ति तपांसि सर्वाणि च यद् वदन्ति [क.उ. १.२.१५], नावेदविन् मनुते तं बृहन्तं सर्वानुभूतम् आत्मानं साम्पराये [?], तं त्व् औपनिषदं पुरुषं पृच्छामि [बृ.आ.उ. ३.९.२७] इत्यादिर् अन्यत्र श्रुतौ । ","सर्वे वेदा यत् पदम् आमनन्ति तपाꣳसि सर्वाणि च यद् वदन्ति [क.उ. १.२.१५], नावेदविन् मनुते तꣳ बृहन्तꣳ सर्वानुभूतम् आत्मानꣳ साम्पराये [?], तꣳ त्व् औपनिषदꣳ पुरुषꣳ पृच्छामि [बृ.आ.उ. ३.९.२७] इत्यादिर् अन्यत्र श्रुतौ । "
2241,"vedaiś ca sarvair aham eva vedyo vedānta-kṛd veda-vid eva cāham [gītā 15.15] iti śrī-gītopaniṣatsu, siddhānte punar eka eva bhagavān viṣṇuḥ samastāgama-vyāpāreṣu vivecana-vyatikaraṁ nīteṣu niścīyate [pa.pu. 5.97.27] iti pādme, sarva-nāmābhidheyaś ca sarva-vedeḍitaś ca sa iti skānde, natāḥ sma sarva-jagatāṁ vacasāṁ pratiṣṭhā yatra śāśvatī [vi.pu. 1.14.23] iti vaiṣṇave |","वेदैश् च सर्वैर् अहम् एव वेद्यो वेदान्तकृद् वेदविद् एव चाहम् [गीता १५.१५] इति श्रीगीतोपनिषत्सु, सिद्धान्ते पुनर् एक एव भगवान् विष्णुः समस्तागमव्यापारेषु विवेचनव्यतिकरं नीतेषु निश्चीयते [प.पु. ५.९७.२७] इति पाद्मे, सर्वनामाभिधेयश् च सर्ववेदेडितश् च स इति स्कान्दे, नताः स्म सर्वजगतां वचसां प्रतिष्ठा यत्र शाश्वती [वि.पु. १.१४.२३] इति वैष्णवे ।","वेदैश् च सर्वैर् अहम् एव वेद्यो वेदान्तकृद् वेदविद् एव चाहम् [गीता १५.१५] इति श्रीगीतोपनिषत्सु, सिद्धान्ते पुनर् एक एव भगवान् विष्णुः समस्तागमव्यापारेषु विवेचनव्यतिकरꣳ नीतेषु निश्चीयते [प.पु. ५.९७.२७] इति पाद्मे, सर्वनामाभिधेयश् च सर्ववेदेडितश् च स इति स्कान्दे, नताः स्म सर्वजगताꣳ वचसाꣳ प्रतिष्ठा यत्र शाश्वती [वि.पु. १.१४.२३] इति वैष्णवे ।"
2244,tad evaṁ sarva-veda-samanvayaṁ svasmin śrī-bhagavaty eva svayam āha—,तद् एवं सर्ववेदसमन्वयं स्वस्मिन् श्रीभगवत्य् एव स्वयम् आह—,तद् एवꣳ सर्ववेदसमन्वयꣳ स्वस्मिन् श्रीभगवत्य् एव स्वयम् आह—
2245,māṁ vidhatte’bhidhatte māṁ,मां विधत्तेऽभिधत्ते मां,माꣳ विधत्तेऽभिधत्ते माꣳ
2247,"mām eva yajña-puruṣaṁ vidhatte, śrutir mām eva tat-tad-devatā-rūpam abhidhatte | yac cākāśādi-prapañca-jātaṁ—tasmād vā etasmād ātmana ākāśaḥ sambhūtaḥ [tai.u. 2.1.3] ity-ādinā vikalpyāpohyate, tad apy aham eva | na mattaḥ pṛthag asti, sarvasya mad-ātmakatvād iti bhāvaḥ ||","माम् एव यज्ञपुरुषं विधत्ते, श्रुतिर् माम् एव तत्तद्देवतारूपम् अभिधत्ते । यच् चाकाशादिप्रपञ्चजातं—तस्माद् वा एतस्माद् आत्मन आकाशः सम्भूतः [तै.उ. २.१.३] इत्यादिना विकल्प्यापोह्यते, तद् अप्य् अहम् एव । न मत्तः पृथग् अस्ति, सर्वस्य मदात्मकत्वाद् इति भावः ॥","माम् एव यज्ञपुरुषꣳ विधत्ते, श्रुतिर् माम् एव तत्तद्देवतारूपम् अभिधत्ते । यच् चाकाशादिप्रपञ्चजातꣳ—तस्माद् वा एतस्माद् आत्मन आकाशः सम्भूतः [तै.उ. २.१.३] इत्यादिना विकल्प्यापोह्यते, तद् अप्य् अहम् एव । न मत्तः पृथग् अस्ति, सर्वस्य मदात्मकत्वाद् इति भावः ॥"
2249,"atha sarvaiś ca vedaiḥ paramo hi devo jijñāsyaḥ iti | prakaraṇāntaram aṣṭottara-śatama-vākyāt pūrvatra śrī-bhagavati sarva-śāstra-samanvaya evaṁ vivecanīyaḥ, yathā vedo dvividhaḥ—mantro brāhmaṇaṁ ca | mantro’pi dvividhaḥ—bhagavan-niṣṭho devatāntara-niṣṭhaś ca | tatrādyasya sākṣād eva tat-paratā, dvitīyas tu karmopāsanayor aṅgam iti—tad-gatyaiva gatiṁ bhajati |","अथ सर्वैश् च वेदैः परमो हि देवो जिज्ञास्यः इति । प्रकरणान्तरम् अष्टोत्तरशतमवाक्यात् पूर्वत्र श्रीभगवति सर्वशास्त्रसमन्वय एवं विवेचनीयः, यथा वेदो द्विविधः—मन्त्रो ब्राह्मणं च । मन्त्रोऽपि द्विविधः—भगवन्निष्ठो देवतान्तरनिष्ठश् च । तत्राद्यस्य साक्षाद् एव तत्परता, द्वितीयस् तु कर्मोपासनयोर् अङ्गम् इति—तद्गत्यैव गतिं भजति ।","अथ सर्वैश् च वेदैः परमो हि देवो जिज्ञास्यः इति । प्रकरणान्तरम् अष्टोत्तरशतमवाक्यात् पूर्वत्र श्रीभगवति सर्वशास्त्रसमन्वय एवꣳ विवेचनीयः, यथा वेदो द्विविधः—मन्त्रो ब्राह्मणꣳ च । मन्त्रोऽपि द्विविधः—भगवन्निष्ठो देवतान्तरनिष्ठश् च । तत्राद्यस्य साक्षाद् एव तत्परता, द्वितीयस् तु कर्मोपासनयोर् अङ्गम् इति—तद्गत्यैव गतिꣳ भजति ।"
2250,"atha brāhmaṇasya karmopāsti-jñāna-kāṇḍātmakās trayo bhedāḥ | tatra karmaṇo jaḍatvenāsvātantryāt sa eva phaladāteti tat-kāṇḍasya tat-paratvam eva | upāstir atra devatāntara-niṣṭhaiva gṛhyate, bhagavan-niṣṭhāyās tu jñānāntarbhāvāt | tataś copāsanā-kāṇḍasya anyāsāṁ devatānāṁ tadīyatvena tat-paratvam | jñāna-kāṇḍaṁ—brahma-bhagavat-pratipādakatvena dvivdidham—ubhayor api cid-eka-rasatvāt | jñāna-śabdenātra jñānaṁ bhaktiś cocyate | jñāne jñāna-śabdasya prādhānyato vṛttiḥ dhārtarāṣṭreṣu kaurava-śabdavat | tatra dvitīyaṁ—sākṣād eva bhagavat-param |","अथ ब्राह्मणस्य कर्मोपास्तिज्ञानकाण्डात्मकास् त्रयो भेदाः । तत्र कर्मणो जडत्वेनास्वातन्त्र्यात् स एव फलदातेति तत्काण्डस्य तत्परत्वम् एव । उपास्तिर् अत्र देवतान्तरनिष्ठैव गृह्यते, भगवन्निष्ठायास् तु ज्ञानान्तर्भावात् । ततश् चोपासनाकाण्डस्य अन्यासां देवतानां तदीयत्वेन तत्परत्वम् । ज्ञानकाण्डं—ब्रह्मभगवत्प्रतिपादकत्वेन द्विव्दिधम्—उभयोर् अपि चिदेकरसत्वात् । ज्ञानशब्देनात्र ज्ञानं भक्तिश् चोच्यते । ज्ञाने ज्ञानशब्दस्य प्राधान्यतो वृत्तिः धार्तराष्ट्रेषु कौरवशब्दवत् । तत्र द्वितीयं—साक्षाद् एव भगवत्परम् ।","अथ ब्राह्मणस्य कर्मोपास्तिज्ञानकाण्डात्मकास् त्रयो भेदाः । तत्र कर्मणो जडत्वेनास्वातन्त्र्यात् स एव फलदातेति तत्काण्डस्य तत्परत्वम् एव । उपास्तिर् अत्र देवतान्तरनिष्ठैव गृह्यते, भगवन्निष्ठायास् तु ज्ञानान्तर्भावात् । ततश् चोपासनाकाण्डस्य अन्यासाꣳ देवतानाꣳ तदीयत्वेन तत्परत्वम् । ज्ञानकाण्डꣳ—ब्रह्मभगवत्प्रतिपादकत्वेन द्विव्दिधम्—उभयोर् अपि चिदेकरसत्वात् । ज्ञानशब्देनात्र ज्ञानꣳ भक्तिश् चोच्यते । ज्ञाने ज्ञानशब्दस्य प्राधान्यतो वृत्तिः धार्तराष्ट्रेषु कौरवशब्दवत् । तत्र द्वितीयꣳ—साक्षाद् एव भगवत्परम् ।"
2251,prathamaṁ tadīya-sāmānyākāreṇa svarūpa-nirūpakatvāt tat-param | ,प्रथमं तदीयसामान्याकारेण स्वरूपनिरूपकत्वात् तत्परम् । ,प्रथमꣳ तदीयसामान्याकारेण स्वरूपनिरूपकत्वात् तत्परम् । 
2252,"atha veda-nirviśeṣāṇi tad-aṅgāny api śrī-bhagavad-upāsana-sādhanatvāt tatra samanvayante | yathā śrī-viṣṇu-sūktādīnāṁ kara-svarāder jñānāya śikṣā | ānupūrvyāḥ kalpaḥ | sādhutvasya vyākaraṇaṁ, padārthasya niruktam, śrī-viṣṇor mahotsavādi-samayasya jyotiḥ | mantrāṇāṁ chandaḥ | ","अथ वेदनिर्विशेषाणि तदङ्गान्य् अपि श्रीभगवदुपासनसाधनत्वात् तत्र समन्वयन्ते । यथा श्रीविष्णुसूक्तादीनां करस्वरादेर् ज्ञानाय शिक्षा । आनुपूर्व्याः कल्पः । साधुत्वस्य व्याकरणं, पदार्थस्य निरुक्तम्, श्रीविष्णोर् महोत्सवादिसमयस्य ज्योतिः । मन्त्राणां छन्दः । ","अथ वेदनिर्विशेषाणि तदङ्गान्य् अपि श्रीभगवदुपासनसाधनत्वात् तत्र समन्वयन्ते । यथा श्रीविष्णुसूक्तादीनाꣳ करस्वरादेर् ज्ञानाय शिक्षा । आनुपूर्व्याः कल्पः । साधुत्वस्य व्याकरणꣳ, पदार्थस्य निरुक्तम्, श्रीविष्णोर् महोत्सवादिसमयस्य ज्योतिः । मन्त्राणाꣳ छन्दः । "
2253,"atha vedānugāny aparāṇy api śāstrāṇi vakṣyamāṇa-hetoḥ samanvayante—tatra pūrvottara-mīmāṁse karma-jñāna-kāṇḍayos tātparyāvadhṛteḥ, gautama-kaṇāda-kapila-nyāyāḥ—īśvarāstitva-cid-acid-vastv-ādīnāṁ ūhanāt, patañjali-nyāyas tv īśvaropāsanoddeśāt | smṛty-ādīny aparāṇi tu kāṇḍa-trayam anugacchantīti pūrva-yukter eva, kāvyālaṅkāra-kāma-tantra-gāndharva-kalās tu tasya tat-tac-carita-mādhuryānubhava-vaiduṣya-siddheḥ | nītiḥ śilpaṁ ca, tat-sevā-cāturī-siddeḥ | āyur-veda-dhanur-vidye tad-upāsana-pratibandha-nirākaraṇataḥ ||","अथ वेदानुगान्य् अपराण्य् अपि शास्त्राणि वक्ष्यमाणहेतोः समन्वयन्ते—तत्र पूर्वोत्तरमीमांसे कर्मज्ञानकाण्डयोस् तात्पर्यावधृतेः, गौतमकणादकपिलन्यायाः—ईश्वरास्तित्वचिदचिद्वस्त्वादीनां ऊहनात्, पतञ्जलिन्यायस् त्व् ईश्वरोपासनोद्देशात् । स्मृत्यादीन्य् अपराणि तु काण्डत्रयम् अनुगच्छन्तीति पूर्वयुक्तेर् एव, काव्यालङ्कारकामतन्त्रगान्धर्वकलास् तु तस्य तत्तच्चरितमाधुर्यानुभववैदुष्यसिद्धेः । नीतिः शिल्पं च, तत्सेवाचातुरीसिद्देः । आयुर्वेदधनुर्विद्ये तदुपासनप्रतिबन्धनिराकरणतः ॥","अथ वेदानुगान्य् अपराण्य् अपि शास्त्राणि वक्ष्यमाणहेतोः समन्वयन्ते—तत्र पूर्वोत्तरमीमाꣳसे कर्मज्ञानकाण्डयोस् तात्पर्यावधृतेः, गौतमकणादकपिलन्यायाः—ईश्वरास्तित्वचिदचिद्वस्त्वादीनाꣳ ऊहनात्, पतञ्जलिन्यायस् त्व् ईश्वरोपासनोद्देशात् । स्मृत्यादीन्य् अपराणि तु काण्डत्रयम् अनुगच्छन्तीति पूर्वयुक्तेर् एव, काव्यालङ्कारकामतन्त्रगान्धर्वकलास् तु तस्य तत्तच्चरितमाधुर्यानुभववैदुष्यसिद्धेः । नीतिः शिल्पꣳ च, तत्सेवाचातुरीसिद्देः । आयुर्वेदधनुर्विद्ये तदुपासनप्रतिबन्धनिराकरणतः ॥"
2254,ittham abhipretyaivoktaṁ śrīmat-prahlādena—,इत्थम् अभिप्रेत्यैवोक्तं श्रीमत्प्रह्लादेन—,इत्थम् अभिप्रेत्यैवोक्तꣳ श्रीमत्प्रह्लादेन—
2257,manye tad etad akhilaṁ nigamasya satyaṁ,मन्ये तद् एतद् अखिलं निगमस्य सत्यं,मन्ये तद् एतद् अखिलꣳ निगमस्य सत्यꣳ
2258,svātmārpaṇaṁ sva-suhṛdaḥ paramasya puṁsaḥ || [bhā.pu. 7.6.26] iti |,स्वात्मार्पणं स्वसुहृदः परमस्य पुंसः ॥ [भा.पु. ७.६.२६] इति ।,स्वात्मार्पणꣳ स्वसुहृदः परमस्य पुꣳसः ॥ [भा.पु. ७.६.२६] इति ।
2259,tad evaṁ bhagavata eva sarva-vedārthatvaṁ darśitam | tatra rājñaḥ praśnaḥ | śrī-viṣṇu-rāta uvāca—,तद् एवं भगवत एव सर्ववेदार्थत्वं दर्शितम् । तत्र राज्ञः प्रश्नः । श्रीविष्णुरात उवाच—,तद् एवꣳ भगवत एव सर्ववेदार्थत्वꣳ दर्शितम् । तत्र राज्ञः प्रश्नः । श्रीविष्णुरात उवाच—
2262,kathaṁ caranti śrutayaḥ ,कथं चरन्ति श्रुतयः ,कथꣳ चरन्ति श्रुतयः 
2264,"asyārthaḥ—aśrutayas tāvac chabda-mātrasya sādhāraṇyād guṇeṣu sattvādiṣu vṛttir yāsāṁ tādṛśyo dṛśyante | brahma tu nirguṇaṁ sattvādi-guṇātītaṁ, tasmād eva anirdeśyam | tat-tad-guṇa-kārya-bhūta-jāti-guṇa-kriyākhyānāṁ guṇāntarāṇām abhāvāspadatvāt tādṛśa-dravyasyāpy aprasiddhatvād anirdeśyaṁ sattvādi-kārya-bhūtābhyāṁ sad-asadbhyāṁ kārya-kāraṇābhyāṁ param iti tena tenāsambandhaṁ cety arthaḥ | ","अस्यार्थः—अश्रुतयस् तावच् छब्दमात्रस्य साधारण्याद् गुणेषु सत्त्वादिषु वृत्तिर् यासां तादृश्यो दृश्यन्ते । ब्रह्म तु निर्गुणं सत्त्वादिगुणातीतं, तस्माद् एव अनिर्देश्यम् । तत्तद्गुणकार्यभूतजातिगुणक्रियाख्यानां गुणान्तराणाम् अभावास्पदत्वात् तादृशद्रव्यस्याप्य् अप्रसिद्धत्वाद् अनिर्देश्यं सत्त्वादिकार्यभूताभ्यां सदसद्भ्यां कार्यकारणाभ्यां परम् इति तेन तेनासम्बन्धं चेत्य् अर्थः । ","अस्यार्थः—अश्रुतयस् तावच् छब्दमात्रस्य साधारण्याद् गुणेषु सत्त्वादिषु वृत्तिर् यासाꣳ तादृश्यो दृश्यन्ते । ब्रह्म तु निर्गुणꣳ सत्त्वादिगुणातीतꣳ, तस्माद् एव अनिर्देश्यम् । तत्तद्गुणकार्यभूतजातिगुणक्रियाख्यानाꣳ गुणान्तराणाम् अभावास्पदत्वात् तादृशद्रव्यस्याप्य् अप्रसिद्धत्वाद् अनिर्देश्यꣳ सत्त्वादिकार्यभूताभ्याꣳ सदसद्भ्याꣳ कार्यकारणाभ्याꣳ परम् इति तेन तेनासम्बन्धꣳ चेत्य् अर्थः । "
2265,"tathā ca sati yathā ḍittha-vāci kasmiṁścid advitīye dravye tac-chabdasya mukhyā vṛttiḥ pravartate | yathā ca “siṁho devadattaḥ” ity atra gauṇyā vṛttyā śaurya-guṇa-yukte devadatte siṁha-śabdaḥ pravartate | yathā ca “gaṅgāyāṁ ghoṣaḥ” ity atra-lakṣaṇayā vṛttyā gaṅgā-śabdas tasminn ity asambandhe taṭe pravartate | tathā tat-tad-bhāvāspade brahmaṇi tayā tayā vṛttyā śrutayaḥ kathaṁ pravarteran ? śrutīnāṁ ca śāstra-yonitvāt [ve.sū. 1.1.3] iti-nyāyena tat-pratipādakatāyām ananyānāṁ tatra pravṛttir avaśyaṁ vaktavyā | svataḥ-pramāṇānāṁ ca tāsāṁ mukhyā pravṛttis tu viśeṣato vaktavyā | tasmāt tasmiṁs tāḥ sākṣād-rūpatayā mukhyayā vṛttyā kena prakāreṇa caranti | taṁ prakāraṁ viśeṣataḥ kṛpayāpi svayam upadiśeti | anyathā padārthatvāyogād apadārthasya ca vākyārthatvāyogān na śruti-gocaratvaṁ brahmaṇaḥ syād iti sthite kutastarāṁ tad uparicara-sphūrter bhagavatas tad-gocaratvaṁ, tat katham evaṁ sva-bhaktayoḥ [bhā.pu. 10.86.59] ity-ādau svatāṁ svataḥ-pramāṇa-bhūtānāṁ vedānāṁ mārgaṁ bhagavat-paratvam ādiśyety uktam iti |a ","तथा च सति यथा डित्थवाचि कस्मिंश्चिद् अद्वितीये द्रव्ये तच्छब्दस्य मुख्या वृत्तिः प्रवर्तते । यथा च “सिंहो देवदत्तः” इत्य् अत्र गौण्या वृत्त्या शौर्यगुणयुक्ते देवदत्ते सिंहशब्दः प्रवर्तते । यथा च “गङ्गायां घोषः” इत्य् अत्रलक्षणया वृत्त्या गङ्गाशब्दस् तस्मिन्न् इत्य् असम्बन्धे तटे प्रवर्तते । तथा तत्तद्भावास्पदे ब्रह्मणि तया तया वृत्त्या श्रुतयः कथं प्रवर्तेरन् ? श्रुतीनां च शास्त्रयोनित्वात् [वे.सू. १.१.३] इतिन्यायेन तत्प्रतिपादकतायाम् अनन्यानां तत्र प्रवृत्तिर् अवश्यं वक्तव्या । स्वतःप्रमाणानां च तासां मुख्या प्रवृत्तिस् तु विशेषतो वक्तव्या । तस्मात् तस्मिंस् ताः साक्षाद्रूपतया मुख्यया वृत्त्या केन प्रकारेण चरन्ति । तं प्रकारं विशेषतः कृपयापि स्वयम् उपदिशेति । अन्यथा पदार्थत्वायोगाद् अपदार्थस्य च वाक्यार्थत्वायोगान् न श्रुतिगोचरत्वं ब्रह्मणः स्याद् इति स्थिते कुतस्तरां तद् उपरिचरस्फूर्तेर् भगवतस् तद्गोचरत्वं, तत् कथम् एवं स्वभक्तयोः [भा.पु. १०.८६.५९] इत्यादौ स्वतां स्वतःप्रमाणभूतानां वेदानां मार्गं भगवत्परत्वम् आदिश्येत्य् उक्तम् इति ।अ ","तथा च सति यथा डित्थवाचि कस्मिꣳश्चिद् अद्वितीये द्रव्ये तच्छब्दस्य मुख्या वृत्तिः प्रवर्तते । यथा च “सिꣳहो देवदत्तः” इत्य् अत्र गौण्या वृत्त्या शौर्यगुणयुक्ते देवदत्ते सिꣳहशब्दः प्रवर्तते । यथा च “गङ्गायाꣳ घोषः” इत्य् अत्रलक्षणया वृत्त्या गङ्गाशब्दस् तस्मिन्न् इत्य् असम्बन्धे तटे प्रवर्तते । तथा तत्तद्भावास्पदे ब्रह्मणि तया तया वृत्त्या श्रुतयः कथꣳ प्रवर्तेरन् ? श्रुतीनाꣳ च शास्त्रयोनित्वात् [वे.सू. १.१.३] इतिन्यायेन तत्प्रतिपादकतायाम् अनन्यानाꣳ तत्र प्रवृत्तिर् अवश्यꣳ वक्तव्या । स्वतःप्रमाणानाꣳ च तासाꣳ मुख्या प्रवृत्तिस् तु विशेषतो वक्तव्या । तस्मात् तस्मिꣳस् ताः साक्षाद्रूपतया मुख्यया वृत्त्या केन प्रकारेण चरन्ति । तꣳ प्रकारꣳ विशेषतः कृपयापि स्वयम् उपदिशेति । अन्यथा पदार्थत्वायोगाद् अपदार्थस्य च वाक्यार्थत्वायोगान् न श्रुतिगोचरत्वꣳ ब्रह्मणः स्याद् इति स्थिते कुतस्तराꣳ तद् उपरिचरस्फूर्तेर् भगवतस् तद्गोचरत्वꣳ, तत् कथम् एवꣳ स्वभक्तयोः [भा.पु. १०.८६.५९] इत्यादौ स्वताꣳ स्वतःप्रमाणभूतानाꣳ वेदानाꣳ मार्गꣳ भगवत्परत्वम् आदिश्येत्य् उक्तम् इति ।अ "
2266,"bsvataḥ-prāmāṇya-siddhaye mukhya-vākyānāṁ tu sākṣāc-caraṇam avaśyaṁ vaktavyam | lakṣaṇādau pramāṇāntara-mūlatvāt | tato yatra lakṣaṇādikam api na sambhavati, tatra kathantarāṁ sākṣāc caraṇam iti bhāvaḥ ||b","ब्स्वतःप्रामाण्यसिद्धये मुख्यवाक्यानां तु साक्षाच्चरणम् अवश्यं वक्तव्यम् । लक्षणादौ प्रमाणान्तरमूलत्वात् । ततो यत्र लक्षणादिकम् अपि न सम्भवति, तत्र कथन्तरां साक्षाच् चरणम् इति भावः ॥ब्","ब्स्वतःप्रामाण्यसिद्धये मुख्यवाक्यानाꣳ तु साक्षाच्चरणम् अवश्यꣳ वक्तव्यम् । लक्षणादौ प्रमाणान्तरमूलत्वात् । ततो यत्र लक्षणादिकम् अपि न सम्भवति, तत्र कथन्तराꣳ साक्षाच् चरणम् इति भावः ॥ब्"
2270,mātrārthaṁ ca bhavārthaṁ ca ,मात्रार्थं च भवार्थं च ,मात्रार्थꣳ च भवार्थꣳ च 
2272,"buddhy-ādīn upādhīn janānām anuśāyināṁ jīvānāṁ mātrādy-arthaṁ prabhuḥ parameśvaro’sṛjat, na tu janāḥ svāvidyayāsṛjann iti vivarta-vādaḥ parihṛtaḥ | mīyanta iti mātrā viṣayāḥ, tad-artham | bhavārthaṁ bhavo janma-lakṣaṇaṁ karma tat-prabhṛti-karma-karaṇārtham ity arthaḥ | ātmane lokāntara-gāmine, ātmanas tat-tal-loka-bhogāyety arthaḥ | akalpanāya kalpanā-nivṛttaye muktaye ity arthaḥ | ","बुद्ध्यादीन् उपाधीन् जनानाम् अनुशायिनां जीवानां मात्राद्यर्थं प्रभुः परमेश्वरोऽसृजत्, न तु जनाः स्वाविद्ययासृजन्न् इति विवर्तवादः परिहृतः । मीयन्त इति मात्रा विषयाः, तदर्थम् । भवार्थं भवो जन्मलक्षणं कर्म तत्प्रभृतिकर्मकरणार्थम् इत्य् अर्थः । आत्मने लोकान्तरगामिने, आत्मनस् तत्तल्लोकभोगायेत्य् अर्थः । अकल्पनाय कल्पनानिवृत्तये मुक्तये इत्य् अर्थः । ","बुद्ध्यादीन् उपाधीन् जनानाम् अनुशायिनाꣳ जीवानाꣳ मात्राद्यर्थꣳ प्रभुः परमेश्वरोऽसृजत्, न तु जनाः स्वाविद्ययासृजन्न् इति विवर्तवादः परिहृतः । मीयन्त इति मात्रा विषयाः, तदर्थम् । भवार्थꣳ भवो जन्मलक्षणꣳ कर्म तत्प्रभृतिकर्मकरणार्थम् इत्य् अर्थः । आत्मने लोकान्तरगामिने, आत्मनस् तत्तल्लोकभोगायेत्य् अर्थः । अकल्पनाय कल्पनानिवृत्तये मुक्तये इत्य् अर्थः । "
2274,"etad uktaṁ bhavati—yasmāt svayam īśvaras tat-tad-arthaṁ tat-tat-sādhakatvena dṛśyamānānāṁ jīvānāṁ buddhy-ādīn sṛṣṭavān, tasmāt tat-tat-sampādana-śakti-nidhāna-yogyatāṁ teṣu kṛtavān iti labhyate | tatra trivarga-sampādikāḥ śaktayaḥ kalpanātmikā-māyā-vṛtty-avidyā-śakter aṁśāḥ, bahirmukha-karmātmakatvāt, svarūpānyathā-bhāva-saṁsāritva-hetutvāc ca | aparā mokṣa-sampādikā śaktir akalpanā-rūpā cic-chakter evāṁśaḥ, antar-mukha-jñāna-bhakti-rūpatvāt, svarūpānyathā-bhāva-saṁsāritva-ccheda-hetutvāc ca |","एतद् उक्तं भवति—यस्मात् स्वयम् ईश्वरस् तत्तदर्थं तत्तत्साधकत्वेन दृश्यमानानां जीवानां बुद्ध्यादीन् सृष्टवान्, तस्मात् तत्तत्सम्पादनशक्तिनिधानयोग्यतां तेषु कृतवान् इति लभ्यते । तत्र त्रिवर्गसम्पादिकाः शक्तयः कल्पनात्मिकामायावृत्त्यविद्याशक्तेर् अंशाः, बहिर्मुखकर्मात्मकत्वात्, स्वरूपान्यथाभावसंसारित्वहेतुत्वाच् च । अपरा मोक्षसम्पादिका शक्तिर् अकल्पनारूपा चिच्छक्तेर् एवांशः, अन्तर्मुखज्ञानभक्तिरूपत्वात्, स्वरूपान्यथाभावसंसारित्वच्छेदहेतुत्वाच् च ।","एतद् उक्तꣳ भवति—यस्मात् स्वयम् ईश्वरस् तत्तदर्थꣳ तत्तत्साधकत्वेन दृश्यमानानाꣳ जीवानाꣳ बुद्ध्यादीन् सृष्टवान्, तस्मात् तत्तत्सम्पादनशक्तिनिधानयोग्यताꣳ तेषु कृतवान् इति लभ्यते । तत्र त्रिवर्गसम्पादिकाः शक्तयः कल्पनात्मिकामायावृत्त्यविद्याशक्तेर् अꣳशाः, बहिर्मुखकर्मात्मकत्वात्, स्वरूपान्यथाभावसꣳसारित्वहेतुत्वाच् च । अपरा मोक्षसम्पादिका शक्तिर् अकल्पनारूपा चिच्छक्तेर् एवाꣳशः, अन्तर्मुखज्ञानभक्तिरूपत्वात्, स्वरूपान्यथाभावसꣳसारित्वच्छेदहेतुत्वाच् च ।"
2275,"evaṁ ca yāvaj jīvānāṁ bhagavad-bahirmukhatā, tāvat kevalaṁ kalpanātmikānām avidyā-śaktīnāṁ prakāśāt tat-pradhānā buddhy-ādayaḥ sa-guṇā eveti nirguṇaṁ sākṣān na kurvata ity evaṁ satyam eva | yadā tu tad-antarmukhatā, tadā teṣu cic-chakteḥ prādurbhāvāt taṁ sākṣāt-kurvata eva iti sthite, buddhy-ādi-mayatvād vacaso’pi tathā vyavahāraḥ sidhyati | tad atraivābhedena siddhāntitam ante—","एवं च यावज् जीवानां भगवद्बहिर्मुखता, तावत् केवलं कल्पनात्मिकानाम् अविद्याशक्तीनां प्रकाशात् तत्प्रधाना बुद्ध्यादयः सगुणा एवेति निर्गुणं साक्षान् न कुर्वत इत्य् एवं सत्यम् एव । यदा तु तदन्तर्मुखता, तदा तेषु चिच्छक्तेः प्रादुर्भावात् तं साक्षात्कुर्वत एव इति स्थिते, बुद्ध्यादिमयत्वाद् वचसोऽपि तथा व्यवहारः सिध्यति । तद् अत्रैवाभेदेन सिद्धान्तितम् अन्ते—","एवꣳ च यावज् जीवानाꣳ भगवद्बहिर्मुखता, तावत् केवलꣳ कल्पनात्मिकानाम् अविद्याशक्तीनाꣳ प्रकाशात् तत्प्रधाना बुद्ध्यादयः सगुणा एवेति निर्गुणꣳ साक्षान् न कुर्वत इत्य् एवꣳ सत्यम् एव । यदा तु तदन्तर्मुखता, तदा तेषु चिच्छक्तेः प्रादुर्भावात् तꣳ साक्षात्कुर्वत एव इति स्थिते, बुद्ध्यादिमयत्वाद् वचसोऽपि तथा व्यवहारः सिध्यति । तद् अत्रैवाभेदेन सिद्धान्तितम् अन्ते—"
2276,tad etad varṇitaṁ rājan yo naḥ praśnaḥ kṛtas tvayā |,तद् एतद् वर्णितं राजन् यो नः प्रश्नः कृतस् त्वया ।,तद् एतद् वर्णितꣳ राजन् यो नः प्रश्नः कृतस् त्वया ।
2278,"atra mana iti, tatra buddhy-ādau cic-chaktis tadīyāprākṛta-paramānanda-svarūpa-tādṛśa-guṇādi-svayaṁ-prakāśamayī vacasi ca tat-tan-nirdeśa-mayīti jñeyam | ato’prākṛta-tādṛśa-svarūpādyālambanena śrutayaś caranti [bhā.pu. 10.87.1] iti siddhāntayiṣyate | ","अत्र मन इति, तत्र बुद्ध्यादौ चिच्छक्तिस् तदीयाप्राकृतपरमानन्दस्वरूपतादृशगुणादिस्वयंप्रकाशमयी वचसि च तत्तन्निर्देशमयीति ज्ञेयम् । अतोऽप्राकृततादृशस्वरूपाद्यालम्बनेन श्रुतयश् चरन्ति [भा.पु. १०.८७.१] इति सिद्धान्तयिष्यते । ","अत्र मन इति, तत्र बुद्ध्यादौ चिच्छक्तिस् तदीयाप्राकृतपरमानन्दस्वरूपतादृशगुणादिस्वयꣳप्रकाशमयी वचसि च तत्तन्निर्देशमयीति ज्ञेयम् । अतोऽप्राकृततादृशस्वरूपाद्यालम्बनेन श्रुतयश् चरन्ति [भा.पु. १०.८७.१] इति सिद्धान्तयिष्यते । "
2279,"tad evaṁ pauruṣasyāpi vacaso bhagavac-caritraṁ siddham | yathoktam—yasmin prati ślokam abaddhavaty api [bhā.pu. 1.5.11] iti | tathā ca sati, tathāvidha-vaca-ādīnām ekāśrayasya sākṣād-bhagavan-niśvāsāvirbhāvino’pauruṣeyasya tac-cāritvaṁ kim uta | tasmāt sākṣāc caranty eva śrutayaḥ | vakṣyate ca—kvacid ajayātmanā ca carato’nucaren nigamaḥ [bhā.pu. 10.87.14] iti | tathā ca praṇavam uddiśyoktaṁ dvādaśe—","तद् एवं पौरुषस्यापि वचसो भगवच्चरित्रं सिद्धम् । यथोक्तम्—यस्मिन् प्रति श्लोकम् अबद्धवत्य् अपि [भा.पु. १.५.११] इति । तथा च सति, तथाविधवचआदीनाम् एकाश्रयस्य साक्षाद्भगवन्निश्वासाविर्भाविनोऽपौरुषेयस्य तच्चारित्वं किम् उत । तस्मात् साक्षाच् चरन्त्य् एव श्रुतयः । वक्ष्यते च—क्वचिद् अजयात्मना च चरतोऽनुचरेन् निगमः [भा.पु. १०.८७.१४] इति । तथा च प्रणवम् उद्दिश्योक्तं द्वादशे—","तद् एवꣳ पौरुषस्यापि वचसो भगवच्चरित्रꣳ सिद्धम् । यथोक्तम्—यस्मिन् प्रति श्लोकम् अबद्धवत्य् अपि [भा.पु. १.५.११] इति । तथा च सति, तथाविधवचआदीनाम् एकाश्रयस्य साक्षाद्भगवन्निश्वासाविर्भाविनोऽपौरुषेयस्य तच्चारित्वꣳ किम् उत । तस्मात् साक्षाच् चरन्त्य् एव श्रुतयः । वक्ष्यते च—क्वचिद् अजयात्मना च चरतोऽनुचरेन् निगमः [भा.पु. १०.८७.१४] इति । तथा च प्रणवम् उद्दिश्योक्तꣳ द्वादशे—"
2281,sa sarva-mantropaniṣad veda-bījaṁ sanātanam || [bhā.pu. 12.6.41] iti |,स सर्वमन्त्रोपनिषद् वेदबीजं सनातनम् ॥ [भा.पु. १२.६.४१] इति ।,स सर्वमन्त्रोपनिषद् वेदबीजꣳ सनातनम् ॥ [भा.पु. १२.६.४१] इति ।
2282,śrutau ca—om ity etad brahmaṇo nediṣṭhaṁ nāma [śruti] iti nediṣṭhaṁ lakṣaṇādi-vyavadhānaṁ vinety arthaḥ | ata eva kena ca prakāreṇa sākṣāc caranti sa kathyatām ity evaṁ rājābhiprāyaḥ | atra śabda-nirdeśyatve doṣas tv agre dyupatayaḥ [bhā.pu. 10.87.41] ity atra parihāryaḥ |,श्रुतौ च—ओम् इत्य् एतद् ब्रह्मणो नेदिष्ठं नाम [श्रुति] इति नेदिष्ठं लक्षणादिव्यवधानं विनेत्य् अर्थः । अत एव केन च प्रकारेण साक्षाच् चरन्ति स कथ्यताम् इत्य् एवं राजाभिप्रायः । अत्र शब्दनिर्देश्यत्वे दोषस् त्व् अग्रे द्युपतयः [भा.पु. १०.८७.४१] इत्य् अत्र परिहार्यः ।,श्रुतौ च—ॐ इत्य् एतद् ब्रह्मणो नेदिष्ठꣳ नाम [श्रुति] इति नेदिष्ठꣳ लक्षणादिव्यवधानꣳ विनेत्य् अर्थः । अत एव केन च प्रकारेण साक्षाच् चरन्ति स कथ्यताम् इत्य् एवꣳ राजाभिप्रायः । अत्र शब्दनिर्देश्यत्वे दोषस् त्व् अग्रे द्युपतयः [भा.पु. १०.८७.४१] इत्य् अत्र परिहार्यः ।
2283,"atha śrutiṣv api yāḥ kāścit trivarga-paratvena bahirmukhāḥ pratīyante, tāsām apy antarmukhatāyām eva paryavasānam | tathā hi—parameśvarasya satata-paramārtha-bahirmukhatā-parāhata-jīva-nikāya-viṣaya-kṛpā-vilāsa-paryavasāyi-niḥśvāsa-rūpāḥ śrutayaḥ prathamataḥ sva-viṣayakaṁ viśvāsaṁ janayitum adṛṣṭa-vastv-anabhijñān satataṁ dṛṣṭam aihikam evārtham īhamānāṁs tān prati tat-sampādakaṁ putreṣṭy-ādikaṁ vidadhati | tataś ca tena jāta-viśvāsān aihikasyātyantam asthiratvaṁ pradarśya, divyānanda-camatkāra-vicitrasya pāralaukika-svargādi-lakṣaṇa-tat-tat-kāmasya janake’gniṣṭomādau pravartayanti | tatas teṣāṁ nirantara-tad-abhyāsād dharma eva ruciṁ janayanti | ","अथ श्रुतिष्व् अपि याः काश्चित् त्रिवर्गपरत्वेन बहिर्मुखाः प्रतीयन्ते, तासाम् अप्य् अन्तर्मुखतायाम् एव पर्यवसानम् । तथा हि—परमेश्वरस्य सततपरमार्थबहिर्मुखतापराहतजीवनिकायविषयकृपाविलासपर्यवसायिनिःश्वासरूपाः श्रुतयः प्रथमतः स्वविषयकं विश्वासं जनयितुम् अदृष्टवस्त्वनभिज्ञान् सततं दृष्टम् ऐहिकम् एवार्थम् ईहमानांस् तान् प्रति तत्सम्पादकं पुत्रेष्ट्यादिकं विदधति । ततश् च तेन जातविश्वासान् ऐहिकस्यात्यन्तम् अस्थिरत्वं प्रदर्श्य, दिव्यानन्दचमत्कारविचित्रस्य पारलौकिकस्वर्गादिलक्षणतत्तत्कामस्य जनकेऽग्निष्टोमादौ प्रवर्तयन्ति । ततस् तेषां निरन्तरतदभ्यासाद् धर्म एव रुचिं जनयन्ति । ","अथ श्रुतिष्व् अपि याः काश्चित् त्रिवर्गपरत्वेन बहिर्मुखाः प्रतीयन्ते, तासाम् अप्य् अन्तर्मुखतायाम् एव पर्यवसानम् । तथा हि—परमेश्वरस्य सततपरमार्थबहिर्मुखतापराहतजीवनिकायविषयकृपाविलासपर्यवसायिनिःश्वासरूपाः श्रुतयः प्रथमतः स्वविषयकꣳ विश्वासꣳ जनयितुम् अदृष्टवस्त्वनभिज्ञान् सततꣳ दृष्टम् ऐहिकम् एवार्थम् ईहमानाꣳस् तान् प्रति तत्सम्पादकꣳ पुत्रेष्ट्यादिकꣳ विदधति । ततश् च तेन जातविश्वासान् ऐहिकस्यात्यन्तम् अस्थिरत्वꣳ प्रदर्श्य, दिव्यानन्दचमत्कारविचित्रस्य पारलौकिकस्वर्गादिलक्षणतत्तत्कामस्य जनकेऽग्निष्टोमादौ प्रवर्तयन्ति । ततस् तेषाꣳ निरन्तरतदभ्यासाद् धर्म एव रुचिꣳ जनयन्ति । "
2284,atha labdha-dharma-rucīnāṁ śuddhāntaḥ-karaṇānāṁ tad-artha-vicāra-parāṇāṁ jagad apy anityam iti jñānavatāṁ saṁsāra-bhaya-dīnānāṁ nirvāṇānandābhilāṣaṁ sampādayanti | nirvāṇānandaś ca para-tattvāvirbhāva-rūpa eveti | tad uktam śrī-sūtena—,अथ लब्धधर्मरुचीनां शुद्धान्तःकरणानां तदर्थविचारपराणां जगद् अप्य् अनित्यम् इति ज्ञानवतां संसारभयदीनानां निर्वाणानन्दाभिलाषं सम्पादयन्ति । निर्वाणानन्दश् च परतत्त्वाविर्भावरूप एवेति । तद् उक्तम् श्रीसूतेन—,अथ लब्धधर्मरुचीनाꣳ शुद्धान्तःकरणानाꣳ तदर्थविचारपराणाꣳ जगद् अप्य् अनित्यम् इति ज्ञानवताꣳ सꣳसारभयदीनानाꣳ निर्वाणानन्दाभिलाषꣳ सम्पादयन्ति । निर्वाणानन्दश् च परतत्त्वाविर्भावरूप एवेति । तद् उक्तम् श्रीसूतेन—
2289,"tataś ca yathā buddhy-ādayo’ntarmukhatā-tāratamyena cic-chaktyāvirbhāvāt pare tattve tāratamyena caranti, tathā śruti-lakṣaṇaṁ vacanam api cic-chakti-prakāśānukrameṇa traiguṇya-viṣayatvam atikramya kevala-nairguṇya-viṣayam eva sat, tasmin nirguṇe tattve samyag eva carituṁ śaknoti, aguṇa-vṛttitvena yogyatvāt | tad uktaṁ dvādaśe praṇavam upalakṣya—","ततश् च यथा बुद्ध्यादयोऽन्तर्मुखतातारतम्येन चिच्छक्त्याविर्भावात् परे तत्त्वे तारतम्येन चरन्ति, तथा श्रुतिलक्षणं वचनम् अपि चिच्छक्तिप्रकाशानुक्रमेण त्रैगुण्यविषयत्वम् अतिक्रम्य केवलनैर्गुण्यविषयम् एव सत्, तस्मिन् निर्गुणे तत्त्वे सम्यग् एव चरितुं शक्नोति, अगुणवृत्तित्वेन योग्यत्वात् । तद् उक्तं द्वादशे प्रणवम् उपलक्ष्य—","ततश् च यथा बुद्ध्यादयोऽन्तर्मुखतातारतम्येन चिच्छक्त्याविर्भावात् परे तत्त्वे तारतम्येन चरन्ति, तथा श्रुतिलक्षणꣳ वचनम् अपि चिच्छक्तिप्रकाशानुक्रमेण त्रैगुण्यविषयत्वम् अतिक्रम्य केवलनैर्गुण्यविषयम् एव सत्, तस्मिन् निर्गुणे तत्त्वे सम्यग् एव चरितुꣳ शक्नोति, अगुणवृत्तित्वेन योग्यत्वात् । तद् उक्तꣳ द्वादशे प्रणवम् उपलक्ष्य—"
2290,tato’bhūt trivṛd oṁkāro yo’vyakta-prabhavaḥ svarāṭ |,ततोऽभूत् त्रिवृद् ओंकारो योऽव्यक्तप्रभवः स्वराट् ।,ततोऽभूत् त्रिवृद् ओꣳकारो योऽव्यक्तप्रभवः स्वराट् ।
2291,yat tal liṅgaṁ bhagavato  brahmaṇaḥ paramātmanaḥ || [bhā.pu. 12.6.39] iti ||,यत् तल् लिङ्गं भगवतो  ब्रह्मणः परमात्मनः ॥ [भा.पु. १२.६.३९] इति ॥,यत् तल् लिङ्गꣳ भगवतो  ब्रह्मणः परमात्मनः ॥ [भा.पु. १२.६.३९] इति ॥
2292,"tatra tat tattvaṁ dvidhā sphurati—bhagavad-rūpeṇa, brahma-rūpeṇa ceti | cic-chaktir api dvidhā—tadīya-svayaṁ-prakāśādi-maya-bhakti-rūpeṇa, tan-maya-jñāna-rūpeṇa ca | tato bhakti-maya-śrutayo bhagavati caranti, jñāna-maya-śrutayo brahmaṇīti sāmānyataḥ siddhāntitam || ","तत्र तत् तत्त्वं द्विधा स्फुरति—भगवद्रूपेण, ब्रह्मरूपेण चेति । चिच्छक्तिर् अपि द्विधा—तदीयस्वयंप्रकाशादिमयभक्तिरूपेण, तन्मयज्ञानरूपेण च । ततो भक्तिमयश्रुतयो भगवति चरन्ति, ज्ञानमयश्रुतयो ब्रह्मणीति सामान्यतः सिद्धान्तितम् ॥ ","तत्र तत् तत्त्वꣳ द्विधा स्फुरति—भगवद्रूपेण, ब्रह्मरूपेण चेति । चिच्छक्तिर् अपि द्विधा—तदीयस्वयꣳप्रकाशादिमयभक्तिरूपेण, तन्मयज्ञानरूपेण च । ततो भक्तिमयश्रुतयो भगवति चरन्ति, ज्ञानमयश्रुतयो ब्रह्मणीति सामान्यतः सिद्धान्तितम् ॥ "
2293,atha tatra tatra viśeṣaṁ vaktuṁ tadīya evetihāsa upakṣipyate—śrī-sanandana uvāca—,अथ तत्र तत्र विशेषं वक्तुं तदीय एवेतिहास उपक्षिप्यते—श्रीसनन्दन उवाच—,अथ तत्र तत्र विशेषꣳ वक्तुꣳ तदीय एवेतिहास उपक्षिप्यते—श्रीसनन्दन उवाच—
2295,śayānaṁ saha śaktibhiḥ |,शयानं सह शक्तिभिः ।,शयानꣳ सह शक्तिभिः ।
2298,"svayaṁ nirmitam idaṁ viśvaṁ laya-samaye āpīya saṁhṛtya śaktibhiḥ saha śayānaṁ prakṛtiṁ puruṣaṁ tad-aṁśāṁś cātma-sātkṛtya tat-kāryaṁ prati nimīlitākṣaṁ paraṁ bhagavantaṁ tad-ante pralaya-kālāvasāna-prāye tal-liṅgais tat-pratipādakair vākyaiḥ śrutayaḥ prabodhayāñcakruḥ prātaḥ prabodhana-stuti-bhaṅgyā tuṣṭuvur ity arthaḥ | asya bhagavattvam eva gamyate, na tu puruṣatvam |  ","स्वयं निर्मितम् इदं विश्वं लयसमये आपीय संहृत्य शक्तिभिः सह शयानं प्रकृतिं पुरुषं तदंशांश् चात्मसात्कृत्य तत्कार्यं प्रति निमीलिताक्षं परं भगवन्तं तदन्ते प्रलयकालावसानप्राये तल्लिङ्गैस् तत्प्रतिपादकैर् वाक्यैः श्रुतयः प्रबोधयाञ्चक्रुः प्रातः प्रबोधनस्तुतिभङ्ग्या तुष्टुवुर् इत्य् अर्थः । अस्य भगवत्त्वम् एव गम्यते, न तु पुरुषत्वम् ।  ","स्वयꣳ निर्मितम् इदꣳ विश्वꣳ लयसमये आपीय सꣳहृत्य शक्तिभिः सह शयानꣳ प्रकृतिꣳ पुरुषꣳ तदꣳशाꣳश् चात्मसात्कृत्य तत्कार्यꣳ प्रति निमीलिताक्षꣳ परꣳ भगवन्तꣳ तदन्ते प्रलयकालावसानप्राये तल्लिङ्गैस् तत्प्रतिपादकैर् वाक्यैः श्रुतयः प्रबोधयाञ्चक्रुः प्रातः प्रबोधनस्तुतिभङ्ग्या तुष्टुवुर् इत्य् अर्थः । अस्य भगवत्त्वम् एव गम्यते, न तु पुरुषत्वम् ।  "
2299,bhagavān eka āsedam agra ātmātmanāṁ vibhuḥ | ,भगवान् एक आसेदम् अग्र आत्मात्मनां विभुः । ,भगवान् एक आसेदम् अग्र आत्मात्मनाꣳ विभुः । 
2301,iti tṛtīya-skandha-prakaraṇe tadānīṁ puruṣasya tad-antar-bhāva-śravaṇāt ||,इति तृतीयस्कन्धप्रकरणे तदानीं पुरुषस्य तदन्तर्भावश्रवणात् ॥,इति तृतीयस्कन्धप्रकरणे तदानीꣳ पुरुषस्य तदन्तर्भावश्रवणात् ॥
2303,yathā śayānaṁ samrājaṁ ,यथा शयानं सम्राजं ,यथा शयानꣳ सम्राजꣳ 
2307,"tasya samrājaḥ parākramo yatra taiḥ, na tu nirviśeṣatva-vyañjakaiḥ śobhanaiḥ ślokaiḥ | yathā śayānaṁ samrājam ity asyāyam abhiprāyaḥ—yathā rātrau samrāṭ mahiṣībhiḥ krīḍann api bahiḥ-kāryaṁ parityajyāntar-gṛhādau sthitatvāt taj-janaiḥ śayāna evocyate, vandibhiś ca tat-prabhāva-maya-śloka-kṛta-prabodhana-bhaṅgyā stūyate, tathāyaṁ bhagavān tadānīṁ jagat-kāryākṛta-dṛṣṭir nigūḍhaṁ nija-dhāmni nija-parikaraiḥ krīḍann apīti, anujīvina ity anena te yathā tan-marmajñāḥ, tathā tā apīti sūcitam ||","तस्य सम्राजः पराक्रमो यत्र तैः, न तु निर्विशेषत्वव्यञ्जकैः शोभनैः श्लोकैः । यथा शयानं सम्राजम् इत्य् अस्यायम् अभिप्रायः—यथा रात्रौ सम्राट् महिषीभिः क्रीडन्न् अपि बहिःकार्यं परित्यज्यान्तर्गृहादौ स्थितत्वात् तज्जनैः शयान एवोच्यते, वन्दिभिश् च तत्प्रभावमयश्लोककृतप्रबोधनभङ्ग्या स्तूयते, तथायं भगवान् तदानीं जगत्कार्याकृतदृष्टिर् निगूढं निजधाम्नि निजपरिकरैः क्रीडन्न् अपीति, अनुजीविन इत्य् अनेन ते यथा तन्मर्मज्ञाः, तथा ता अपीति सूचितम् ॥","तस्य सम्राजः पराक्रमो यत्र तैः, न तु निर्विशेषत्वव्यञ्जकैः शोभनैः श्लोकैः । यथा शयानꣳ सम्राजम् इत्य् अस्यायम् अभिप्रायः—यथा रात्रौ सम्राट् महिषीभिः क्रीडन्न् अपि बहिःकार्यꣳ परित्यज्यान्तर्गृहादौ स्थितत्वात् तज्जनैः शयान एवोच्यते, वन्दिभिश् च तत्प्रभावमयश्लोककृतप्रबोधनभङ्ग्या स्तूयते, तथायꣳ भगवान् तदानीꣳ जगत्कार्याकृतदृष्टिर् निगूढꣳ निजधाम्नि निजपरिकरैः क्रीडन्न् अपीति, अनुजीविन इत्य् अनेन ते यथा तन्मर्मज्ञाः, तथा ता अपीति सूचितम् ॥"
2308,tatra prathamato jñānādi-guṇa-gaṇa-sevitena samyag-darśana-kāraṇena bhakti-yogenānubhūyamānaṁ bhagavad-ākāram akhaṇḍam eva tattvaṁ sva-pratipādyatvena darśayantyo brahma-svarūpam api tathātvena kroḍīkurvantyaḥ śrutaya ūcuḥ—,तत्र प्रथमतो ज्ञानादिगुणगणसेवितेन सम्यग्दर्शनकारणेन भक्तियोगेनानुभूयमानं भगवदाकारम् अखण्डम् एव तत्त्वं स्वप्रतिपाद्यत्वेन दर्शयन्त्यो ब्रह्मस्वरूपम् अपि तथात्वेन क्रोडीकुर्वन्त्यः श्रुतय ऊचुः—,तत्र प्रथमतो ज्ञानादिगुणगणसेवितेन सम्यग्दर्शनकारणेन भक्तियोगेनानुभूयमानꣳ भगवदाकारम् अखण्डम् एव तत्त्वꣳ स्वप्रतिपाद्यत्वेन दर्शयन्त्यो ब्रह्मस्वरूपम् अपि तथात्वेन क्रोडीकुर्वन्त्यः श्रुतय ऊचुः—
2309,jaya jaya jahy ajām ajita doṣa-gṛbhīta-guṇāṁ,जय जय जह्य् अजाम् अजित दोषगृभीतगुणां,जय जय जह्य् अजाम् अजित दोषगृभीतगुणाꣳ
2313,"bhoḥ ajita ! jaya jaya nijotkarṣam āviṣkuru | ādare vīpsā | atrājiteti sambodhanenedaṁ labhyate, nāma-vyāharaṇaṁ viṣṇor yatas tad-viṣayā matiḥ [bhā.pu. 6.2.10] iti nyāyena nāmnā bhagavān asau sākṣād abhimukhīkriyata iti liṅgād eva tac-chrī-vigrahavat tad api tat-svarūpa-bhūtam eva bhavati, tad-vijātīyena tad-abhimukhī-karaṇānarhatvāt | ata eva bhaya-dveṣādau śrī-mūrteḥ sphūrter iva sāṅketyādāv apy asya prabhāvaḥ śrūyate | viśeṣataś cātra śruti-vidvad-anubhavāv api pūrvam eva pramāṇīkṛtau | tasmād yat tattvaṁ śrī-vigraha-rūpeṇa cakṣur-ādāv udayate, tad eva nāma-rūpeṇa vāg-ādāv iti sthitam | tasmān nāma-nāminoḥ svarūpābhedena tat-sākṣāt-kāre tat-sākṣāt-kāra evety ataḥ kiṁ vaktavyam anyatrānyavad bhagavati śrutayo’pi jāty-ādi-kṛta-saṁjñā-saṁjñi-saṅketādi-rītyā rūḍhy-ādi-vṛttibhiś carantīti | yāsāṁ śruty-abhidhānāṁ vallīnāṁ sākṣāt tathā-bhūtāni nāmāny eva phalānīti | ","भोः अजित ! जय जय निजोत्कर्षम् आविष्कुरु । आदरे वीप्सा । अत्राजितेति सम्बोधनेनेदं लभ्यते, नामव्याहरणं विष्णोर् यतस् तद्विषया मतिः [भा.पु. ६.२.१०] इति न्यायेन नाम्ना भगवान् असौ साक्षाद् अभिमुखीक्रियत इति लिङ्गाद् एव तच्छ्रीविग्रहवत् तद् अपि तत्स्वरूपभूतम् एव भवति, तद्विजातीयेन तदभिमुखीकरणानर्हत्वात् । अत एव भयद्वेषादौ श्रीमूर्तेः स्फूर्तेर् इव साङ्केत्यादाव् अप्य् अस्य प्रभावः श्रूयते । विशेषतश् चात्र श्रुतिविद्वदनुभवाव् अपि पूर्वम् एव प्रमाणीकृतौ । तस्माद् यत् तत्त्वं श्रीविग्रहरूपेण चक्षुरादाव् उदयते, तद् एव नामरूपेण वागादाव् इति स्थितम् । तस्मान् नामनामिनोः स्वरूपाभेदेन तत्साक्षात्कारे तत्साक्षात्कार एवेत्य् अतः किं वक्तव्यम् अन्यत्रान्यवद् भगवति श्रुतयोऽपि जात्यादिकृतसंज्ञासंज्ञिसङ्केतादिरीत्या रूढ्यादिवृत्तिभिश् चरन्तीति । यासां श्रुत्यभिधानां वल्लीनां साक्षात् तथाभूतानि नामान्य् एव फलानीति । ","भोः अजित ! जय जय निजोत्कर्षम् आविष्कुरु । आदरे वीप्सा । अत्राजितेति सम्बोधनेनेदꣳ लभ्यते, नामव्याहरणꣳ विष्णोर् यतस् तद्विषया मतिः [भा.पु. ६.२.१०] इति न्यायेन नाम्ना भगवान् असौ साक्षाद् अभिमुखीक्रियत इति लिङ्गाद् एव तच्छ्रीविग्रहवत् तद् अपि तत्स्वरूपभूतम् एव भवति, तद्विजातीयेन तदभिमुखीकरणानर्हत्वात् । अत एव भयद्वेषादौ श्रीमूर्तेः स्फूर्तेर् इव साङ्केत्यादाव् अप्य् अस्य प्रभावः श्रूयते । विशेषतश् चात्र श्रुतिविद्वदनुभवाव् अपि पूर्वम् एव प्रमाणीकृतौ । तस्माद् यत् तत्त्वꣳ श्रीविग्रहरूपेण चक्षुरादाव् उदयते, तद् एव नामरूपेण वागादाव् इति स्थितम् । तस्मान् नामनामिनोः स्वरूपाभेदेन तत्साक्षात्कारे तत्साक्षात्कार एवेत्य् अतः किꣳ वक्तव्यम् अन्यत्रान्यवद् भगवति श्रुतयोऽपि जात्यादिकृतसꣳज्ञासꣳज्ञिसङ्केतादिरीत्या रूढ्यादिवृत्तिभिश् चरन्तीति । यासाꣳ श्रुत्यभिधानाꣳ वल्लीनाꣳ साक्षात् तथाभूतानि नामान्य् एव फलानीति । "
2314,"utkarṣam āviṣkurv ity anena itthaṁ sarvotkṛṣṭatā-guṇa-yogena mukhyayaiva vṛttyā śrutayas tasmiṁś carantīti darśitam | śrutayaś ca—na te mahi tvām anv aśnuvanti [?], na tat-samaś cābhyadhikaś ca dṛśyate [śve.u. 6.8] ity-ādyāḥ | atra śrutayo jaya jayeti sva-bhaktyāviṣkārāt bhaktim eva tat-prakāśe hetuṁ gamayanti | ","उत्कर्षम् आविष्कुर्व् इत्य् अनेन इत्थं सर्वोत्कृष्टतागुणयोगेन मुख्ययैव वृत्त्या श्रुतयस् तस्मिंश् चरन्तीति दर्शितम् । श्रुतयश् च—न ते महि त्वाम् अन्व् अश्नुवन्ति [?], न तत्समश् चाभ्यधिकश् च दृश्यते [श्वे.उ. ६.८] इत्याद्याः । अत्र श्रुतयो जय जयेति स्वभक्त्याविष्कारात् भक्तिम् एव तत्प्रकाशे हेतुं गमयन्ति । ","उत्कर्षम् आविष्कुर्व् इत्य् अनेन इत्थꣳ सर्वोत्कृष्टतागुणयोगेन मुख्ययैव वृत्त्या श्रुतयस् तस्मिꣳश् चरन्तीति दर्शितम् । श्रुतयश् च—न ते महि त्वाम् अन्व् अश्नुवन्ति [?], न तत्समश् चाभ्यधिकश् च दृश्यते [श्वे.उ. ६.८] इत्याद्याः । अत्र श्रुतयो जय जयेति स्वभक्त्याविष्कारात् भक्तिम् एव तत्प्रकाशे हेतुꣳ गमयन्ति । "
2315,kena vyāpāreṇotkarṣam āviṣkaravāṇi ? ity āśaṅkya māyā-nirasana-dvārā sva-bhakti-dānenaivety āhuḥ—ajāṁ māyāṁ jahi | ,केन व्यापारेणोत्कर्षम् आविष्करवाणि ? इत्य् आशङ्क्य मायानिरसनद्वारा स्वभक्तिदानेनैवेत्य् आहुः—अजां मायां जहि । ,केन व्यापारेणोत्कर्षम् आविष्करवाणि ? इत्य् आशङ्क्य मायानिरसनद्वारा स्वभक्तिदानेनैवेत्य् आहुः—अजाꣳ मायाꣳ जहि । 
2316,"nanu māyā nāma vidyāvidyā-vṛttikā śaktiḥ | tarhi tad-dhanane vidyāyā api hatiḥ syāt ? ity atra āha—doṣa-gṛbhīta-guṇāṁ, jīvānām ātma-vismṛti-hetāv avidyā-lakṣaṇe doṣe eva gṛbhīto gṛhītas tat-smṛti-hetu-vidyā-lakṣaṇo guṇo yayā tām | svayam eva svāveśenāvidyā-lakṣaṇaṁ doṣam utpādya kvacid eva kadācid eva kathañcid eva kañcid eva jīvaṁ tyajatīti tasyās tyāgātmaka-vidyākhya-guṇo’pi doṣa eva | tasmāt tāṁ nirmūlāṁ vidhāya jīvebhyo nija-caraṇāravinda-viṣayāṁ bhaktim eva diśeti tātparyam |","ननु माया नाम विद्याविद्यावृत्तिका शक्तिः । तर्हि तद्धनने विद्याया अपि हतिः स्यात् ? इत्य् अत्र आह—दोषगृभीतगुणां, जीवानाम् आत्मविस्मृतिहेताव् अविद्यालक्षणे दोषे एव गृभीतो गृहीतस् तत्स्मृतिहेतुविद्यालक्षणो गुणो यया ताम् । स्वयम् एव स्वावेशेनाविद्यालक्षणं दोषम् उत्पाद्य क्वचिद् एव कदाचिद् एव कथञ्चिद् एव कञ्चिद् एव जीवं त्यजतीति तस्यास् त्यागात्मकविद्याख्यगुणोऽपि दोष एव । तस्मात् तां निर्मूलां विधाय जीवेभ्यो निजचरणारविन्दविषयां भक्तिम् एव दिशेति तात्पर्यम् ।","ननु माया नाम विद्याविद्यावृत्तिका शक्तिः । तर्हि तद्धनने विद्याया अपि हतिः स्यात् ? इत्य् अत्र आह—दोषगृभीतगुणाꣳ, जीवानाम् आत्मविस्मृतिहेताव् अविद्यालक्षणे दोषे एव गृभीतो गृहीतस् तत्स्मृतिहेतुविद्यालक्षणो गुणो यया ताम् । स्वयम् एव स्वावेशेनाविद्यालक्षणꣳ दोषम् उत्पाद्य क्वचिद् एव कदाचिद् एव कथञ्चिद् एव कञ्चिद् एव जीवꣳ त्यजतीति तस्यास् त्यागात्मकविद्याख्यगुणोऽपि दोष एव । तस्मात् ताꣳ निर्मूलाꣳ विधाय जीवेभ्यो निजचरणारविन्दविषयाꣳ भक्तिम् एव दिशेति तात्पर्यम् ।"
2317,"ato māyā-ghātana-yogya-śaktitvena tad-atītatvaṁ vyapadiśya sac-cid-ānanda-ghanatvaṁ bhagavato vyañjayantyo’tan-nirasana-mukhena tātparya-vṛttyā śrutayaś carantīti vyañjitam | śrutayaś ca—māyāṁ tu prakṛtiṁ vidyān mayinaṁ tu maheśvaram [śve.u. 4.10] iti, ajām ekām [śve.u. 4.5] iti, sarvasyādhipatiḥ sarvasyeśānaḥ [bṛ.ā.u. 4.6.1], sa vā eṣa neti neti [bṛ.ā.u. 4.4.22] ity-ādyāḥ | ","अतो मायाघातनयोग्यशक्तित्वेन तदतीतत्वं व्यपदिश्य सच्चिदानन्दघनत्वं भगवतो व्यञ्जयन्त्योऽतन्निरसनमुखेन तात्पर्यवृत्त्या श्रुतयश् चरन्तीति व्यञ्जितम् । श्रुतयश् च—मायां तु प्रकृतिं विद्यान् मयिनं तु महेश्वरम् [श्वे.उ. ४.१०] इति, अजाम् एकाम् [श्वे.उ. ४.५] इति, सर्वस्याधिपतिः सर्वस्येशानः [बृ.आ.उ. ४.६.१], स वा एष नेति नेति [बृ.आ.उ. ४.४.२२] इत्याद्याः । ","अतो मायाघातनयोग्यशक्तित्वेन तदतीतत्वꣳ व्यपदिश्य सच्चिदानन्दघनत्वꣳ भगवतो व्यञ्जयन्त्योऽतन्निरसनमुखेन तात्पर्यवृत्त्या श्रुतयश् चरन्तीति व्यञ्जितम् । श्रुतयश् च—मायाꣳ तु प्रकृतिꣳ विद्यान् मयिनꣳ तु महेश्वरम् [श्वे.उ. ४.१०] इति, अजाम् एकाम् [श्वे.उ. ४.५] इति, सर्वस्याधिपतिः सर्वस्येशानः [बृ.आ.उ. ४.६.१], स वा एष नेति नेति [बृ.आ.उ. ४.४.२२] इत्याद्याः । "
2318,"nanu māyā-nāśaṁ samprārthya mama tad-upādhikam aiśvaryādikam api nāśayitum icchathety atra samādadhate—tvam iti | yad yasmāt tvam ātmanā svarūpeṇaiva samavaruddha-samasta-bhagaḥ prāpta-tripād-vibhūty-ākhya-sarvaiśvaryādir asi, tasmāt tava tayā tucchayā tad-upādhikair aiśvaryādibhir vā kim ity arthaḥ |","ननु मायानाशं सम्प्रार्थ्य मम तदुपाधिकम् ऐश्वर्यादिकम् अपि नाशयितुम् इच्छथेत्य् अत्र समादधते—त्वम् इति । यद् यस्मात् त्वम् आत्मना स्वरूपेणैव समवरुद्धसमस्तभगः प्राप्तत्रिपाद्विभूत्याख्यसर्वैश्वर्यादिर् असि, तस्मात् तव तया तुच्छया तदुपाधिकैर् ऐश्वर्यादिभिर् वा किम् इत्य् अर्थः ।","ननु मायानाशꣳ सम्प्रार्थ्य मम तदुपाधिकम् ऐश्वर्यादिकम् अपि नाशयितुम् इच्छथेत्य् अत्र समादधते—त्वम् इति । यद् यस्मात् त्वम् आत्मना स्वरूपेणैव समवरुद्धसमस्तभगः प्राप्तत्रिपाद्विभूत्याख्यसर्वैश्वर्यादिर् असि, तस्मात् तव तया तुच्छया तदुपाधिकैर् ऐश्वर्यादिभिर् वा किम् इत्य् अर्थः ।"
2319,"tathā ca, sa yad ajayā tv ajām [bhā.pu. 10.87.38] ity atra padye ṭīkā—","तथा च, स यद् अजया त्व् अजाम् [भा।पु। १०।८७।३८] इत्य् अत्र पद्ये टीका—","तथा च, स यद् अजया त्व् अजाम् [भा.पु. १०.८७.३८] इत्य् अत्र पद्ये टीका—"
2320,"nahi nirantarāhlādi-saṁvit-kāma-dhenu-vṛnda-pater ajayā kṛtyam iti | tathā na hy anyeṣām iva deśa-kālādi-paricchinnaṁ tavāṣṭa-guṇitam aiśvaryaṁ, api tu paripūrṇa-svarūpānubandhitvād aparimitam ity arthaḥ | ity eṣā |","नहि निरन्तराह्लादिसंवित्कामधेनुवृन्दपतेर् अजया कृत्यम् इति । तथा न ह्य् अन्येषाम् इव देशकालादिपरिच्छिन्नं तवाष्टगुणितम् ऐश्वर्यं, अपि तु परिपूर्णस्वरूपानुबन्धित्वाद् अपरिमितम् इत्य् अर्थः । इत्य् एषा ।","नहि निरन्तराह्लादिसꣳवित्कामधेनुवृन्दपतेर् अजया कृत्यम् इति । तथा न ह्य् अन्येषाम् इव देशकालादिपरिच्छिन्नꣳ तवाष्टगुणितम् ऐश्वर्यꣳ, अपि तु परिपूर्णस्वरूपानुबन्धित्वाद् अपरिमितम् इत्य् अर्थः । इत्य् एषा ।"
2321,"atrātma-śabdena svarūpa-mātra-vācakena, tathā bhaga-śabdena svarūpa-bhūta-guṇa-vācakenedaṁ dhvanyate—svarūpādi-śabdā īśvarādi-śabdāś ca svarūpa-mātrāvalambanayā svarūpa-bhūta-guṇāvalambanayāpi rūḍhyā nirdeṣṭuṁ śaknuvantīti | śrutayaś ca—yad-ātmako bhagavān tad-ātmikā vyaktiḥ [?] ity-ādyāḥ, parāsya śaktir vividhaiva śrūyate [śve.u. 6.8] ity-ādikāś ca | ","अत्रात्मशब्देन स्वरूपमात्रवाचकेन, तथा भगशब्देन स्वरूपभूतगुणवाचकेनेदं ध्वन्यते—स्वरूपादिशब्दा ईश्वरादिशब्दाश् च स्वरूपमात्रावलम्बनया स्वरूपभूतगुणावलम्बनयापि रूढ्या निर्देष्टुं शक्नुवन्तीति । श्रुतयश् च—यदात्मको भगवान् तदात्मिका व्यक्तिः [?] इत्याद्याः, परास्य शक्तिर् विविधैव श्रूयते [श्वे.उ. ६.८] इत्यादिकाश् च । ","अत्रात्मशब्देन स्वरूपमात्रवाचकेन, तथा भगशब्देन स्वरूपभूतगुणवाचकेनेदꣳ ध्वन्यते—स्वरूपादिशब्दा ईश्वरादिशब्दाश् च स्वरूपमात्रावलम्बनया स्वरूपभूतगुणावलम्बनयापि रूढ्या निर्देष्टुꣳ शक्नुवन्तीति । श्रुतयश् च—यदात्मको भगवान् तदात्मिका व्यक्तिः [?] इत्याद्याः, परास्य शक्तिर् विविधैव श्रूयते [श्वे.उ. ६.८] इत्यादिकाश् च । "
2322,"sā ca svarūpa-śaktiḥ sarvair evāvagamyata ity āhuḥ—agāni sthāvarāṇi jaganti jaṅgamāni okāṁsi śarīrāṇi yeṣāṁ, teṣāṁ sarveṣām eva jīvānāṁ yā akhilāḥ śaktayas tāsām avabodhaka iti sambodhanam | teṣu vicitra-śakti-vyañjakatā-darśanān māyāyā api tvad-īkṣaṇenaiva kṣamatvāt tvaṁ svarūpa-bhūtāśeṣa-śakti-laharī-ratnākara ity anumīyata ity arthaḥ | ","सा च स्वरूपशक्तिः सर्वैर् एवावगम्यत इत्य् आहुः—अगानि स्थावराणि जगन्ति जङ्गमानि ओकांसि शरीराणि येषां, तेषां सर्वेषाम् एव जीवानां या अखिलाः शक्तयस् तासाम् अवबोधक इति सम्बोधनम् । तेषु विचित्रशक्तिव्यञ्जकतादर्शनान् मायाया अपि त्वदीक्षणेनैव क्षमत्वात् त्वं स्वरूपभूताशेषशक्तिलहरीरत्नाकर इत्य् अनुमीयत इत्य् अर्थः । ","सा च स्वरूपशक्तिः सर्वैर् एवावगम्यत इत्य् आहुः—अगानि स्थावराणि जगन्ति जङ्गमानि ओकाꣳसि शरीराणि येषाꣳ, तेषाꣳ सर्वेषाम् एव जीवानाꣳ या अखिलाः शक्तयस् तासाम् अवबोधक इति सम्बोधनम् । तेषु विचित्रशक्तिव्यञ्जकतादर्शनान् मायाया अपि त्वदीक्षणेनैव क्षमत्वात् त्वꣳ स्वरूपभूताशेषशक्तिलहरीरत्नाकर इत्य् अनुमीयत इत्य् अर्थः । "
2323,"yad vā, nanu māyā-hananena tad-upādher jīvasya tu śakti-hāniḥ syāt ? tatrāhuḥ—aga- iti | atha pūrvavad eva | tataḥ svarūpa-śaktyaiva pratyuta teṣāṁ sukhaika-pradā pūrṇā śaktir bhaviṣyatīti bhāvaḥ | atretthaṁ taṭastha-lakṣaṇena śrutayaś carantīty uktam | śrutayaś ca—ko hy evānyād [tai.u. 2.7] ity-ādikāḥ, prāṇasya prāṇam [bṛ.ā.u. 4.4.18] ity-ādikāḥ, tam eva bhāntam [kaṭha.u. 2.2.15] ity-ādikāḥ, dehānte devas tārakaṁ brahma vyācaṣṭe [nṛ.tā.u. 1.7] iti, yasya deve parā bhaktir [śve.u. 6.23] ity-ādyāś ca |","यद् वा, ननु मायाहननेन तदुपाधेर् जीवस्य तु शक्तिहानिः स्यात् ? तत्राहुः—अग- इति । अथ पूर्ववद् एव । ततः स्वरूपशक्त्यैव प्रत्युत तेषां सुखैकप्रदा पूर्णा शक्तिर् भविष्यतीति भावः । अत्रेत्थं तटस्थलक्षणेन श्रुतयश् चरन्तीत्य् उक्तम् । श्रुतयश् च—को ह्य् एवान्याद् [तै.उ. २.७] इत्यादिकाः, प्राणस्य प्राणम् [बृ.आ.उ. ४.४.१८] इत्यादिकाः, तम् एव भान्तम् [कठ.उ. २.२.१५] इत्यादिकाः, देहान्ते देवस् तारकं ब्रह्म व्याचष्टे [नृ.ता.उ. १.७] इति, यस्य देवे परा भक्तिर् [श्वे.उ. ६.२३] इत्याद्याश् च ।","यद् वा, ननु मायाहननेन तदुपाधेर् जीवस्य तु शक्तिहानिः स्यात् ? तत्राहुः—अग- इति । अथ पूर्ववद् एव । ततः स्वरूपशक्त्यैव प्रत्युत तेषाꣳ सुखैकप्रदा पूर्णा शक्तिर् भविष्यतीति भावः । अत्रेत्थꣳ तटस्थलक्षणेन श्रुतयश् चरन्तीत्य् उक्तम् । श्रुतयश् च—को ह्य् एवान्याद् [तै.उ. २.७] इत्यादिकाः, प्राणस्य प्राणम् [बृ.आ.उ. ४.४.१८] इत्यादिकाः, तम् एव भान्तम् [कठ.उ. २.२.१५] इत्यादिकाः, देहान्ते देवस् तारकꣳ ब्रह्म व्याचष्टे [नृ.ता.उ. १.७] इति, यस्य देवे परा भक्तिर् [श्वे.उ. ६.२३] इत्याद्याश् च ।"
2324,"nanu viśeṣato bhavatyaḥ kathaṁ jānanti yad ajayā mama kṛtyaṁ nāsti, tathā sac-cid-ānanda-ghana eva svarūpa-śaktyā samavaruddha-samasta-bhagaḥ ? iti tatrāhuḥ—kvacid iti | kvacit kadācit sṛṣṭy-ādi-samaye puruṣa-rūpeṇa ajayā māyayā carataḥ krīḍataḥ nityaṁ ca svarūpa-śaktyāviṣkṛta-svarūpa-bhūta-bhagena satya-jñānānandaika-rasenātmanā caratas tavāsmal-lakṣaṇo nigamaḥ śabda-rūpeṇa devatā-rūpeṇa ca anucaret sevate | tasmād vayaṁ tat sarvaṁ jānīma ity arthaḥ | karmaṇi ṣaṣṭhī | ","ननु विशेषतो भवत्यः कथं जानन्ति यद् अजया मम कृत्यं नास्ति, तथा सच्चिदानन्दघन एव स्वरूपशक्त्या समवरुद्धसमस्तभगः ? इति तत्राहुः—क्वचिद् इति । क्वचित् कदाचित् सृष्ट्यादिसमये पुरुषरूपेण अजया मायया चरतः क्रीडतः नित्यं च स्वरूपशक्त्याविष्कृतस्वरूपभूतभगेन सत्यज्ञानानन्दैकरसेनात्मना चरतस् तवास्मल्लक्षणो निगमः शब्दरूपेण देवतारूपेण च अनुचरेत् सेवते । तस्माद् वयं तत् सर्वं जानीम इत्य् अर्थः । कर्मणि षष्ठी । ","ननु विशेषतो भवत्यः कथꣳ जानन्ति यद् अजया मम कृत्यꣳ नास्ति, तथा सच्चिदानन्दघन एव स्वरूपशक्त्या समवरुद्धसमस्तभगः ? इति तत्राहुः—क्वचिद् इति । क्वचित् कदाचित् सृष्ट्यादिसमये पुरुषरूपेण अजया मायया चरतः क्रीडतः नित्यꣳ च स्वरूपशक्त्याविष्कृतस्वरूपभूतभगेन सत्यज्ञानानन्दैकरसेनात्मना चरतस् तवास्मल्लक्षणो निगमः शब्दरूपेण देवतारूपेण च अनुचरेत् सेवते । तस्माद् वयꣳ तत् सर्वꣳ जानीम इत्य् अर्थः । कर्मणि षष्ठी । "
2325,"etad uktaṁ bhavati—atra dvividho vedaḥ—traiguṇya-viṣayaḥ, nistraiguṇya-viṣayaś ca | tatra traiguṇya-viṣayas trividhaḥ | prathama-prakāras tāvat tad-avalambana-tāṭasthyena tal-lakṣakaḥ | yathā, yato vā imāni bhūtāni [tai.u. 3.1.1] ity-ādiḥ | dvitīya-prakāraś ca triguṇa-maya-tad-īśitavyādi-varṇanādi-dvārā tan-mahimādi-darśakaḥ | yathā indro yato’vasitasya rājā [ṛ.ve. 1.38.15] ity-ādiḥ | tṛtīya-prakāraś ca traiguṇya-nirāsena parama-vastūddeśakaḥ | so’py ayaṁ dvividhaḥ—niṣedha-dvārā, sāmānādhikaraṇya-dvārā ca | tatra pūrva-dvārā asthūlam anaṇu [bṛ.ā.u. 3.8.8], neti neti [bṛ.ā.u. 3.9.26] ity-ādiḥ | uttara-dvārā, sarvaṁ khalv idaṁ brahma [bṛ.ā.u. 3.14.1], tat tvam asi [chā.u. 6.8.7] ity-ādiḥ | ","एतद् उक्तं भवति—अत्र द्विविधो वेदः—त्रैगुण्यविषयः, निस्त्रैगुण्यविषयश् च । तत्र त्रैगुण्यविषयस् त्रिविधः । प्रथमप्रकारस् तावत् तदवलम्बनताटस्थ्येन तल्लक्षकः । यथा, यतो वा इमानि भूतानि [तै.उ. ३.१.१] इत्यादिः । द्वितीयप्रकारश् च त्रिगुणमयतदीशितव्यादिवर्णनादिद्वारा तन्महिमादिदर्शकः । यथा इन्द्रो यतोऽवसितस्य राजा [ऋ.वे. १.३८.१५] इत्यादिः । तृतीयप्रकारश् च त्रैगुण्यनिरासेन परमवस्तूद्देशकः । सोऽप्य् अयं द्विविधः—निषेधद्वारा, सामानाधिकरण्यद्वारा च । तत्र पूर्वद्वारा अस्थूलम् अनणु [बृ.आ.उ. ३.८.८], नेति नेति [बृ.आ.उ. ३.९.२६] इत्यादिः । उत्तरद्वारा, सर्वं खल्व् इदं ब्रह्म [बृ.आ.उ. ३.१४.१], तत् त्वम् असि [छा.उ. ६.८.७] इत्यादिः । ","एतद् उक्तꣳ भवति—अत्र द्विविधो वेदः—त्रैगुण्यविषयः, निस्त्रैगुण्यविषयश् च । तत्र त्रैगुण्यविषयस् त्रिविधः । प्रथमप्रकारस् तावत् तदवलम्बनताटस्थ्येन तल्लक्षकः । यथा, यतो वा इमानि भूतानि [तै.उ. ३.१.१] इत्यादिः । द्वितीयप्रकारश् च त्रिगुणमयतदीशितव्यादिवर्णनादिद्वारा तन्महिमादिदर्शकः । यथा इन्द्रो यतोऽवसितस्य राजा [ऋ.वे. १.३८.१५] इत्यादिः । तृतीयप्रकारश् च त्रैगुण्यनिरासेन परमवस्तूद्देशकः । सोऽप्य् अयꣳ द्विविधः—निषेधद्वारा, सामानाधिकरण्यद्वारा च । तत्र पूर्वद्वारा अस्थूलम् अनणु [बृ.आ.उ. ३.८.८], नेति नेति [बृ.आ.उ. ३.९.२६] इत्यादिः । उत्तरद्वारा, सर्वꣳ खल्व् इदꣳ ब्रह्म [बृ.आ.उ. ३.१४.१], तत् त्वम् असि [छा.उ. ६.८.७] इत्यादिः । "
2326,"pūrva-vākye taj-jātatvād iti hetoḥ sarvasyaiva brahmatvaṁ nirdiśya tatrāviṣkṛtaḥ sad idam iti pratīti-paramāśrayo yo’ṁśaḥ sa eva śuddhaṁ brahmety uddiśyate | uttara-vākye tvaṁ-padārthasya tadvac cid-ākāra-tac-chakti-rūpatvena tat-padārthaikyaṁ yad upapādyate, tenāpi tat-padārtho brahmaivoddiśyate | tat-padārtha-jñānaṁ vinā tvaṁ-padārtha-jñāna-mātram akiñcit-karam iti tat-padopanyāsaḥ | traiguṇyātikramas tūbhayatrāpi | atra traiguṇya-nirāsena tad-uddeśena yatra tadīya-dharmāḥ spaṣṭam eva gamyate, tatra bhagavat-paratvam | yatra tv aspaṣṭaṁ, tatra brahma-paratvam ity avagantavyam | vyākhyātas traiguṇya-viṣayaḥ | tad etad ajayā carato’nucared iti vyākhyātam | ","पूर्ववाक्ये तज्जातत्वाद् इति हेतोः सर्वस्यैव ब्रह्मत्वं निर्दिश्य तत्राविष्कृतः सद् इदम् इति प्रतीतिपरमाश्रयो योऽंशः स एव शुद्धं ब्रह्मेत्य् उद्दिश्यते । उत्तरवाक्ये त्वंपदार्थस्य तद्वच् चिदाकारतच्छक्तिरूपत्वेन तत्पदार्थैक्यं यद् उपपाद्यते, तेनापि तत्पदार्थो ब्रह्मैवोद्दिश्यते । तत्पदार्थज्ञानं विना त्वंपदार्थज्ञानमात्रम् अकिञ्चित्करम् इति तत्पदोपन्यासः । त्रैगुण्यातिक्रमस् तूभयत्रापि । अत्र त्रैगुण्यनिरासेन तदुद्देशेन यत्र तदीयधर्माः स्पष्टम् एव गम्यते, तत्र भगवत्परत्वम् । यत्र त्व् अस्पष्टं, तत्र ब्रह्मपरत्वम् इत्य् अवगन्तव्यम् । व्याख्यातस् त्रैगुण्यविषयः । तद् एतद् अजया चरतोऽनुचरेद् इति व्याख्यातम् । ","पूर्ववाक्ये तज्जातत्वाद् इति हेतोः सर्वस्यैव ब्रह्मत्वꣳ निर्दिश्य तत्राविष्कृतः सद् इदम् इति प्रतीतिपरमाश्रयो योऽꣳशः स एव शुद्धꣳ ब्रह्मेत्य् उद्दिश्यते । उत्तरवाक्ये त्वꣳपदार्थस्य तद्वच् चिदाकारतच्छक्तिरूपत्वेन तत्पदार्थैक्यꣳ यद् उपपाद्यते, तेनापि तत्पदार्थो ब्रह्मैवोद्दिश्यते । तत्पदार्थज्ञानꣳ विना त्वꣳपदार्थज्ञानमात्रम् अकिञ्चित्करम् इति तत्पदोपन्यासः । त्रैगुण्यातिक्रमस् तूभयत्रापि । अत्र त्रैगुण्यनिरासेन तदुद्देशेन यत्र तदीयधर्माः स्पष्टम् एव गम्यते, तत्र भगवत्परत्वम् । यत्र त्व् अस्पष्टꣳ, तत्र ब्रह्मपरत्वम् इत्य् अवगन्तव्यम् । व्याख्यातस् त्रैगुण्यविषयः । तद् एतद् अजया चरतोऽनुचरेद् इति व्याख्यातम् । "
2328,na tasya kāryaṁ karaṇaṁ ca vidyate ,न तस्य कार्यं करणं च विद्यते ,न तस्य कार्यꣳ करणꣳ च विद्यते 
2332,"tad etad ātmanā carato’nucaren nigamaḥ iti vyākhyātam | ataḥ śrutes tac-cāritvaṁ siddham | sākṣāc-cāritvaṁ ca nistraiguṇyānāṁ svata eva, anyeṣāṁ tu tad-eka-vākyatayā jñeyam | māyā-nirasanārtham eva tat-tad-guṇānuvādaḥ kriyate | paścād akhaṇḍam eva tāṁ nirasya sākṣād-bhagavat-svarūpa-guṇādikaṁ nirdiśyata iti tad eka-vākyatā-dyotanayā sa eṣa eva siddhānto’sminn upakrama-vākye samuddiṣṭaḥ | tathopasaṁhāre ca—śrutayas tvayi hi phalanty atan-nirasanena bhavan-nidhanāḥ [bhā.pu. 10.87.41] iti | śrutayaś ca madhva-bhāṣya-pramāṇitāḥ—na cakṣur na śrotraṁ na tarko na smṛtir vedo hy evainaṁ vedayati [ve.sū. 2.1.3-dhṛta-bhāllaveya-śrutiḥ] ity-ādyāḥ, aupaniṣadaḥ puruṣaḥ [bṛ.ā.u. 3.9.26] ity-ādyāś ca ||","तद् एतद् आत्मना चरतोऽनुचरेन् निगमः इति व्याख्यातम् । अतः श्रुतेस् तच्चारित्वं सिद्धम् । साक्षाच्चारित्वं च निस्त्रैगुण्यानां स्वत एव, अन्येषां तु तदेकवाक्यतया ज्ञेयम् । मायानिरसनार्थम् एव तत्तद्गुणानुवादः क्रियते । पश्चाद् अखण्डम् एव तां निरस्य साक्षाद्भगवत्स्वरूपगुणादिकं निर्दिश्यत इति तद् एकवाक्यताद्योतनया स एष एव सिद्धान्तोऽस्मिन्न् उपक्रमवाक्ये समुद्दिष्टः । तथोपसंहारे च—श्रुतयस् त्वयि हि फलन्त्य् अतन्निरसनेन भवन्निधनाः [भा.पु. १०.८७.४१] इति । श्रुतयश् च मध्वभाष्यप्रमाणिताः—न चक्षुर् न श्रोत्रं न तर्को न स्मृतिर् वेदो ह्य् एवैनं वेदयति [वे.सू. २.१.३-धृतभाल्लवेयश्रुतिः] इत्याद्याः, औपनिषदः पुरुषः [बृ.आ.उ. ३.९.२६] इत्याद्याश् च ॥","तद् एतद् आत्मना चरतोऽनुचरेन् निगमः इति व्याख्यातम् । अतः श्रुतेस् तच्चारित्वꣳ सिद्धम् । साक्षाच्चारित्वꣳ च निस्त्रैगुण्यानाꣳ स्वत एव, अन्येषाꣳ तु तदेकवाक्यतया ज्ञेयम् । मायानिरसनार्थम् एव तत्तद्गुणानुवादः क्रियते । पश्चाद् अखण्डम् एव ताꣳ निरस्य साक्षाद्भगवत्स्वरूपगुणादिकꣳ निर्दिश्यत इति तद् एकवाक्यताद्योतनया स एष एव सिद्धान्तोऽस्मिन्न् उपक्रमवाक्ये समुद्दिष्टः । तथोपसꣳहारे च—श्रुतयस् त्वयि हि फलन्त्य् अतन्निरसनेन भवन्निधनाः [भा.पु. १०.८७.४१] इति । श्रुतयश् च मध्वभाष्यप्रमाणिताः—न चक्षुर् न श्रोत्रꣳ न तर्को न स्मृतिर् वेदो ह्य् एवैनꣳ वेदयति [वे.सू. २.१.३-धृतभाल्लवेयश्रुतिः] इत्याद्याः, औपनिषदः पुरुषः [बृ.आ.उ. ३.९.२६] इत्याद्याश् च ॥"
2333,"atha viśeṣato brahmaṇy api yathā caranti, brahmaṇi carantīnām api yathā bhagavaty eva paryavasānaṁ, tathaivoddiśanti—","अथ विशेषतो ब्रह्मण्य् अपि यथा चरन्ति, ब्रह्मणि चरन्तीनाम् अपि यथा भगवत्य् एव पर्यवसानं, तथैवोद्दिशन्ति—","अथ विशेषतो ब्रह्मण्य् अपि यथा चरन्ति, ब्रह्मणि चरन्तीनाम् अपि यथा भगवत्य् एव पर्यवसानꣳ, तथैवोद्दिशन्ति—"
2336,ata ṛṣayo dadhus tvayi mano-vacanācaritaṁ ,अत ऋषयो दधुस् त्वयि मनोवचनाचरितं ,अत ऋषयो दधुस् त्वयि मनोवचनाचरितꣳ 
2338,"etat sarvaṁ bṛhad brahmaiva upalabdham avagatam | tat kathaṁ ? vikṛter viśvasya sakāśād avaśiṣyamāṇatvena | kiṁ iva ? mṛd iva | y8 viKer ghaṭādeḥ sakāśād avaśiṣyamāṇatvena sarvaṁ ghaṭādi-dravyaṁ mṛd evopalabdhā dṛṣṭā, tathā bṛhad apīty arthaḥ | tatra hetuḥ—yato bṛhataḥ sakāśād vikṛter udayāsta-mayau avayanti manyante śrutayaḥ, yato vā imāni [tai.u. 3.1.1] ity ādyāḥ | tasmān mṛt-sāmyaṁ tasya yujyata iti bhāvaḥ | ","एतत् सर्वं बृहद् ब्रह्मैव उपलब्धम् अवगतम् । तत् कथं ? विकृतेर् विश्वस्य सकाशाद् अवशिष्यमाणत्वेन । किं इव ? मृद् इव । य्८ विकेर् घटादेः सकाशाद् अवशिष्यमाणत्वेन सर्वं घटादिद्रव्यं मृद् एवोपलब्धा दृष्टा, तथा बृहद् अपीत्य् अर्थः । तत्र हेतुः—यतो बृहतः सकाशाद् विकृतेर् उदयास्तमयौ अवयन्ति मन्यन्ते श्रुतयः, यतो वा इमानि [तै.उ. ३.१.१] इत्य् आद्याः । तस्मान् मृत्साम्यं तस्य युज्यत इति भावः । ","एतत् सर्वꣳ बृहद् ब्रह्मैव उपलब्धम् अवगतम् । तत् कथꣳ ? विकृतेर् विश्वस्य सकाशाद् अवशिष्यमाणत्वेन । किꣳ इव ? मृद् इव । य्८ विकेर् घटादेः सकाशाद् अवशिष्यमाणत्वेन सर्वꣳ घटादिद्रव्यꣳ मृद् एवोपलब्धा दृष्टा, तथा बृहद् अपीत्य् अर्थः । तत्र हेतुः—यतो बृहतः सकाशाद् विकृतेर् उदयास्तमयौ अवयन्ति मन्यन्ते श्रुतयः, यतो वा इमानि [तै.उ. ३.१.१] इत्य् आद्याः । तस्मान् मृत्साम्यꣳ तस्य युज्यत इति भावः । "
2339,"tarhi kathaṁ tad-vikāri tvam api na ? ity āhuḥ—avikṛtāt, śrutes tu śabda-mūlatvāt [ve.sū. 2.1.27] iti nyāyenācintya-śaktyā tathāpy avikṛtam eva yat, tasmād ity arthaḥ | yadyapy atrāpi sa-śaktikam eva bṛhad upapadyate, tathāpy āviṣkṛta-bhagavattvenānupādānāt brahmaivopapāditaṁ bhavati, sarvathā śakti-parityāge tad-upapādānāsāmarthyāt tucchatvāpātāc ca | tasmād atra brahmaivodāhṛtam | ata eva mṛn-mātra-dṛṣṭāntena kartṛtvādikam api tatra nopasthāpitam | ","तर्हि कथं तद्विकारि त्वम् अपि न ? इत्य् आहुः—अविकृतात्, श्रुतेस् तु शब्दमूलत्वात् [वे.सू. २.१.२७] इति न्यायेनाचिन्त्यशक्त्या तथाप्य् अविकृतम् एव यत्, तस्माद् इत्य् अर्थः । यद्यप्य् अत्रापि सशक्तिकम् एव बृहद् उपपद्यते, तथाप्य् आविष्कृतभगवत्त्वेनानुपादानात् ब्रह्मैवोपपादितं भवति, सर्वथा शक्तिपरित्यागे तदुपपादानासामर्थ्यात् तुच्छत्वापाताच् च । तस्माद् अत्र ब्रह्मैवोदाहृतम् । अत एव मृन्मात्रदृष्टान्तेन कर्तृत्वादिकम् अपि तत्र नोपस्थापितम् । ","तर्हि कथꣳ तद्विकारि त्वम् अपि न ? इत्य् आहुः—अविकृतात्, श्रुतेस् तु शब्दमूलत्वात् [वे.सू. २.१.२७] इति न्यायेनाचिन्त्यशक्त्या तथाप्य् अविकृतम् एव यत्, तस्माद् इत्य् अर्थः । यद्यप्य् अत्रापि सशक्तिकम् एव बृहद् उपपद्यते, तथाप्य् आविष्कृतभगवत्त्वेनानुपादानात् ब्रह्मैवोपपादितꣳ भवति, सर्वथा शक्तिपरित्यागे तदुपपादानासामर्थ्यात् तुच्छत्वापाताच् च । तस्माद् अत्र ब्रह्मैवोदाहृतम् । अत एव मृन्मात्रदृष्टान्तेन कर्तृत्वादिकम् अपि तत्र नोपस्थापितम् । "
2340,"tad etad brahma-pratipādanam api śrī-bhagavaty eva paryavasyatīty āhuḥ—ata iti | ato brahma-pratipādanād api ṛṣayo vedās tvayi śrī-bhagavaty eva manasa ācaritaṁ tātparyaṁ, vacanasyācaritam abhidhānaṁ ca dadhur dhṛtavantaḥ | dvayor eka-vastutvād bhagādīnām āviṣkārānāviṣkāra-darśana-mātreṇa bheda-kalpanāc ca tatrārthāntara-nyāsaḥ | ","तद् एतद् ब्रह्मप्रतिपादनम् अपि श्रीभगवत्य् एव पर्यवस्यतीत्य् आहुः—अत इति । अतो ब्रह्मप्रतिपादनाद् अपि ऋषयो वेदास् त्वयि श्रीभगवत्य् एव मनस आचरितं तात्पर्यं, वचनस्याचरितम् अभिधानं च दधुर् धृतवन्तः । द्वयोर् एकवस्तुत्वाद् भगादीनाम् आविष्कारानाविष्कारदर्शनमात्रेण भेदकल्पनाच् च तत्रार्थान्तरन्यासः । ","तद् एतद् ब्रह्मप्रतिपादनम् अपि श्रीभगवत्य् एव पर्यवस्यतीत्य् आहुः—अत इति । अतो ब्रह्मप्रतिपादनाद् अपि ऋषयो वेदास् त्वयि श्रीभगवत्य् एव मनस आचरितꣳ तात्पर्यꣳ, वचनस्याचरितम् अभिधानꣳ च दधुर् धृतवन्तः । द्वयोर् एकवस्तुत्वाद् भगादीनाम् आविष्कारानाविष्कारदर्शनमात्रेण भेदकल्पनाच् च तत्रार्थान्तरन्यासः । "
2341,"nṝṇāṁ bhū-carāṇāṁ samyag-darśinām asamyag-darśināṁ vā bhuvi dattāni nikṣiptāni padāni katham ayathā bhavanti ? bhuvaṁ na prāpnuvanti, api tu tatraiva paryavasyanti | tasmād yathā katham api pratipādayantu, phalitaṁ tu tvayy eva bhavatīti bhāvaḥ | tad uktaṁ—","नॄणां भूचराणां सम्यग्दर्शिनाम् असम्यग्दर्शिनां वा भुवि दत्तानि निक्षिप्तानि पदानि कथम् अयथा भवन्ति ? भुवं न प्राप्नुवन्ति, अपि तु तत्रैव पर्यवस्यन्ति । तस्माद् यथा कथम् अपि प्रतिपादयन्तु, फलितं तु त्वय्य् एव भवतीति भावः । तद् उक्तं—","नॄणाꣳ भूचराणाꣳ सम्यग्दर्शिनाम् असम्यग्दर्शिनाꣳ वा भुवि दत्तानि निक्षिप्तानि पदानि कथम् अयथा भवन्ति ? भुवꣳ न प्राप्नुवन्ति, अपि तु तत्रैव पर्यवस्यन्ति । तस्माद् यथा कथम् अपि प्रतिपादयन्तु, फलितꣳ तु त्वय्य् एव भवतीति भावः । तद् उक्तꣳ—"
2344,"atra śrutayaś madhva-bhāṣya-pramāṇitāḥ—hanta tam eva puruṣaṁ sarvāṇi nāmāny abhivadanti | yathā nadyaḥ syandamānāḥ samudrāyaṇāḥ samudram abhiviśanti, evam evaitāni nāmāni sarvāṇi puruṣam abhiviśanti iti ||","अत्र श्रुतयश् मध्वभाष्यप्रमाणिताः—हन्त तम् एव पुरुषं सर्वाणि नामान्य् अभिवदन्ति । यथा नद्यः स्यन्दमानाः समुद्रायणाः समुद्रम् अभिविशन्ति, एवम् एवैतानि नामानि सर्वाणि पुरुषम् अभिविशन्ति इति ॥","अत्र श्रुतयश् मध्वभाष्यप्रमाणिताः—हन्त तम् एव पुरुषꣳ सर्वाणि नामान्य् अभिवदन्ति । यथा नद्यः स्यन्दमानाः समुद्रायणाः समुद्रम् अभिविशन्ति, एवम् एवैतानि नामानि सर्वाणि पुरुषम् अभिविशन्ति इति ॥"
2345,tad evaṁ bhagavattvena brahmatvena ca tvam eva tātparyābhidhānābhyāṁ sarva-nigama-gocara ity uktam | tac ca yathārtham eva na tu kālpanikam ity āhuḥ—,तद् एवं भगवत्त्वेन ब्रह्मत्वेन च त्वम् एव तात्पर्याभिधानाभ्यां सर्वनिगमगोचर इत्य् उक्तम् । तच् च यथार्थम् एव न तु काल्पनिकम् इत्य् आहुः—,तद् एवꣳ भगवत्त्वेन ब्रह्मत्वेन च त्वम् एव तात्पर्याभिधानाभ्याꣳ सर्वनिगमगोचर इत्य् उक्तम् । तच् च यथार्थम् एव न तु काल्पनिकम् इत्य् आहुः—
2347,kṣapaṇa-kathāmṛtām avagāhya tapāṁsi jahuḥ |,क्षपणकथामृताम् अवगाह्य तपांसि जहुः ।,क्षपणकथामृताम् अवगाह्य तपाꣳसि जहुः ।
2350,"bhos try-adhipate ! trayāṇāṁ brahmādīnāṁ patis tat-tad-avatārī nārāyaṇākhyaḥ puruṣas tasyāpy uparicara-svarūpatvād adhipatir bhagavān | tato he sarveśvareśvara ! yasmāt tvayy eva vedānāṁ tātparyam abhidhānaṁ ca paryavasitam iti, ato hetor eva sūrayo vivekinaḥ paramparā-tvat-pratipādana-mayaṁ veda-bhāgam api parityajya kevalaṁ tavākhila-loka-mala-kṣapaṇa-kathāmṛtābdhiṁ sakala-loka-vṛjina-nirasana-hetu-kīrti-sudhā-sindhum avagāhya śraddhayā niṣevya, tapaḥ-prādhānyena tāpakatvena vā tapāṁsi karmāṇi tāni jahus tyaktavantaḥ | teṣāṁ sādhakānām api yadi tatraivaṁ, tadā kim uta vaktavyaṁ ? svadhāma-vidhutāśaya-kāla-guṇāḥ śuddhātma-svarūpa-sphuraṇena nirjitam antaḥkaraṇaṁ jarādi-hetuḥ kāla-prabhāvaḥ sattvādayo guṇāś ca yais te, ye punaḥ tavājasra-sukhānubhava-svarūpaṁ padaṁ brahmākhyaṁ tattvaṁ bhajanti, te tam avagāhya tāni jahur iti | kiṁ tarhi brahma-mātrānubhva-niṣṭhām api jahur ity arthaḥ | ","भोस् त्र्यधिपते ! त्रयाणां ब्रह्मादीनां पतिस् तत्तदवतारी नारायणाख्यः पुरुषस् तस्याप्य् उपरिचरस्वरूपत्वाद् अधिपतिर् भगवान् । ततो हे सर्वेश्वरेश्वर ! यस्मात् त्वय्य् एव वेदानां तात्पर्यम् अभिधानं च पर्यवसितम् इति, अतो हेतोर् एव सूरयो विवेकिनः परम्परात्वत्प्रतिपादनमयं वेदभागम् अपि परित्यज्य केवलं तवाखिललोकमलक्षपणकथामृताब्धिं सकललोकवृजिननिरसनहेतुकीर्तिसुधासिन्धुम् अवगाह्य श्रद्धया निषेव्य, तपःप्राधान्येन तापकत्वेन वा तपांसि कर्माणि तानि जहुस् त्यक्तवन्तः । तेषां साधकानाम् अपि यदि तत्रैवं, तदा किम् उत वक्तव्यं ? स्वधामविधुताशयकालगुणाः शुद्धात्मस्वरूपस्फुरणेन निर्जितम् अन्तःकरणं जरादिहेतुः कालप्रभावः सत्त्वादयो गुणाश् च यैस् ते, ये पुनः तवाजस्रसुखानुभवस्वरूपं पदं ब्रह्माख्यं तत्त्वं भजन्ति, ते तम् अवगाह्य तानि जहुर् इति । किं तर्हि ब्रह्ममात्रानुभ्वनिष्ठाम् अपि जहुर् इत्य् अर्थः । ","भोस् त्र्यधिपते ! त्रयाणाꣳ ब्रह्मादीनाꣳ पतिस् तत्तदवतारी नारायणाख्यः पुरुषस् तस्याप्य् उपरिचरस्वरूपत्वाद् अधिपतिर् भगवान् । ततो हे सर्वेश्वरेश्वर ! यस्मात् त्वय्य् एव वेदानाꣳ तात्पर्यम् अभिधानꣳ च पर्यवसितम् इति, अतो हेतोर् एव सूरयो विवेकिनः परम्परात्वत्प्रतिपादनमयꣳ वेदभागम् अपि परित्यज्य केवलꣳ तवाखिललोकमलक्षपणकथामृताब्धिꣳ सकललोकवृजिननिरसनहेतुकीर्तिसुधासिन्धुम् अवगाह्य श्रद्धया निषेव्य, तपःप्राधान्येन तापकत्वेन वा तपाꣳसि कर्माणि तानि जहुस् त्यक्तवन्तः । तेषाꣳ साधकानाम् अपि यदि तत्रैवꣳ, तदा किम् उत वक्तव्यꣳ ? स्वधामविधुताशयकालगुणाः शुद्धात्मस्वरूपस्फुरणेन निर्जितम् अन्तःकरणꣳ जरादिहेतुः कालप्रभावः सत्त्वादयो गुणाश् च यैस् ते, ये पुनः तवाजस्रसुखानुभवस्वरूपꣳ पदꣳ ब्रह्माख्यꣳ तत्त्वꣳ भजन्ति, ते तम् अवगाह्य तानि जहुर् इति । किꣳ तर्हि ब्रह्ममात्रानुभ्वनिष्ठाम् अपि जहुर् इत्य् अर्थः । "
2351,"etad uktaṁ bhavati—atra tāvat trividhā janāḥ—mugdhā vivekinaḥ kṛtārthāś ceti | tatra sarvān evādhikṛtya vedānām akalpanāmayatvenaiva bhagavan-nirdeśakatā dṛśyate | tathā hi yadi tathātvenaiva sā na dṛśyeta, tadā vastutas tat-sambandhābhāvād akhila-loka-mala-kṣapaṇatvena pada-padārtha-jñāna-hīnānāṁ mugdhānām api yat pāpa-hāritvaṁ vedāntar-vartinyā bhagavat-kathāyāḥ prasiddhaṁ, tan na syāt, aspṛṣṭānala-loha-dāhakatāvat | ","एतद् उक्तं भवति—अत्र तावत् त्रिविधा जनाः—मुग्धा विवेकिनः कृतार्थाश् चेति । तत्र सर्वान् एवाधिकृत्य वेदानाम् अकल्पनामयत्वेनैव भगवन्निर्देशकता दृश्यते । तथा हि यदि तथात्वेनैव सा न दृश्येत, तदा वस्तुतस् तत्सम्बन्धाभावाद् अखिललोकमलक्षपणत्वेन पदपदार्थज्ञानहीनानां मुग्धानाम् अपि यत् पापहारित्वं वेदान्तर्वर्तिन्या भगवत्कथायाः प्रसिद्धं, तन् न स्यात्, अस्पृष्टानललोहदाहकतावत् । ","एतद् उक्तꣳ भवति—अत्र तावत् त्रिविधा जनाः—मुग्धा विवेकिनः कृतार्थाश् चेति । तत्र सर्वान् एवाधिकृत्य वेदानाम् अकल्पनामयत्वेनैव भगवन्निर्देशकता दृश्यते । तथा हि यदि तथात्वेनैव सा न दृश्येत, तदा वस्तुतस् तत्सम्बन्धाभावाद् अखिललोकमलक्षपणत्वेन पदपदार्थज्ञानहीनानाꣳ मुग्धानाम् अपि यत् पापहारित्वꣳ वेदान्तर्वर्तिन्या भगवत्कथायाः प्रसिद्धꣳ, तन् न स्यात्, अस्पृष्टानललोहदाहकतावत् । "
2352,"kiṁ ca, tasyāḥ kalpanāmayatve sati vivekinas tu na tatra pravarteran, bandhyāyāḥ suprajastva-guṇa-śravaṇavat | pravartantāṁ vā tad-āveśena sva-dharmaṁ punar na tyajeyuḥ | rāja-yaśaso gaṅgātva-śravaṇena tīrthāntara-sevanavat | ","किं च, तस्याः कल्पनामयत्वे सति विवेकिनस् तु न तत्र प्रवर्तेरन्, बन्ध्यायाः सुप्रजस्त्वगुणश्रवणवत् । प्रवर्तन्तां वा तदावेशेन स्वधर्मं पुनर् न त्यजेयुः । राजयशसो गङ्गात्वश्रवणेन तीर्थान्तरसेवनवत् । ","किꣳ च, तस्याः कल्पनामयत्वे सति विवेकिनस् तु न तत्र प्रवर्तेरन्, बन्ध्यायाः सुप्रजस्त्वगुणश्रवणवत् । प्रवर्तन्ताꣳ वा तदावेशेन स्वधर्मꣳ पुनर् न त्यजेयुः । राजयशसो गङ्गात्वश्रवणेन तीर्थान्तरसेवनवत् । "
2353,"api ca, tathā sati ye punar ātmārāmatvena parama-kṛtārthās te tad-anādareṇa tat-kathāṁ naivāvagāheran | amṛta-sarasīm avagāḍhā āropita-tad-adhika-guṇaka-nadīvat | śrūyate ca tasyās tat-tad-guṇakatvam | yathā vaiṣṇave—hanti kaluṣaṁ śrotraṁ sa yāto hariḥ [vi.pu. 6.8.57] ity ādau | atraiva, tvad-agavamī na vetti [bhā.pu. 10.87.40] ity-ādau | prathame, harer guṇākṣipta-matiḥ [bhā.pu. 1.7.11] ity-ādau | tasmād guṇānāṁ guṇādi-pratipādaka-vedānāṁ ca bhagavatā sambandhaḥ svābhāvika eva sarvatheti siddham |  ","अपि च, तथा सति ये पुनर् आत्मारामत्वेन परमकृतार्थास् ते तदनादरेण तत्कथां नैवावगाहेरन् । अमृतसरसीम् अवगाढा आरोपिततदधिकगुणकनदीवत् । श्रूयते च तस्यास् तत्तद्गुणकत्वम् । यथा वैष्णवे—हन्ति कलुषं श्रोत्रं स यातो हरिः [वि.पु. ६.८.५७] इत्य् आदौ । अत्रैव, त्वदगवमी न वेत्ति [भा.पु. १०.८७.४०] इत्यादौ । प्रथमे, हरेर् गुणाक्षिप्तमतिः [भा.पु. १.७.११] इत्यादौ । तस्माद् गुणानां गुणादिप्रतिपादकवेदानां च भगवता सम्बन्धः स्वाभाविक एव सर्वथेति सिद्धम् ।  ","अपि च, तथा सति ये पुनर् आत्मारामत्वेन परमकृतार्थास् ते तदनादरेण तत्कथाꣳ नैवावगाहेरन् । अमृतसरसीम् अवगाढा आरोपिततदधिकगुणकनदीवत् । श्रूयते च तस्यास् तत्तद्गुणकत्वम् । यथा वैष्णवे—हन्ति कलुषꣳ श्रोत्रꣳ स यातो हरिः [वि.पु. ६.८.५७] इत्य् आदौ । अत्रैव, त्वदगवमी न वेत्ति [भा.पु. १०.८७.४०] इत्यादौ । प्रथमे, हरेर् गुणाक्षिप्तमतिः [भा.पु. १.७.११] इत्यादौ । तस्माद् गुणानाꣳ गुणादिप्रतिपादकवेदानाꣳ च भगवता सम्बन्धः स्वाभाविक एव सर्वथेति सिद्धम् ।  "
2354,atra śrutayaḥ—om āsya jānanta [ṛ.ve. 1.156.3] ity-ādyāḥ | yathā puṣkara-palāśam āpo na śliṣyanti evam evaṁ-vidaṁ pāpaṁ karma na śliṣyati [chā.u. 4.14.3],अत्र श्रुतयः—ओम् आस्य जानन्त [ऋ.वे. १.१५६.३] इत्याद्याः । यथा पुष्करपलाशम् आपो न श्लिष्यन्ति एवम् एवंविदं पापं कर्म न श्लिष्यति [छा.उ. ४.१४.३],अत्र श्रुतयः—ॐ आस्य जानन्त [ऋ.वे. १.१५६.३] इत्याद्याः । यथा पुष्करपलाशम् आपो न श्लिष्यन्ति एवम् एवꣳविदꣳ पापꣳ कर्म न श्लिष्यति [छा.उ. ४.१४.३]
2357,evaṁ ha vāva na tapati kim ahaṁ ,एवं ह वाव न तपति किम् अहं ,एवꣳ ह वाव न तपति किम् अहꣳ 
2358,sādhu karavaṁ kim ahaṁ nākaravam || ity-ādyāḥ |,साधु करवं किम् अहं नाकरवम् ॥ इत्याद्याः ।,साधु करवꣳ किम् अहꣳ नाकरवम् ॥ इत्याद्याः ।
2359,muktā hy enam upāsata ity-ādyāś ca | evam anye’pi ślokā upāsanādi-vākyānāṁ bhagavat-paratā-darśakā yathāyathaṁ yojayitavyā ity abhipretya noddhiyante | ,मुक्ता ह्य् एनम् उपासत इत्याद्याश् च । एवम् अन्येऽपि श्लोका उपासनादिवाक्यानां भगवत्परतादर्शका यथायथं योजयितव्या इत्य् अभिप्रेत्य नोद्धियन्ते । ,मुक्ता ह्य् एनम् उपासत इत्याद्याश् च । एवम् अन्येऽपि श्लोका उपासनादिवाक्यानाꣳ भगवत्परतादर्शका यथायथꣳ योजयितव्या इत्य् अभिप्रेत्य नोद्धियन्ते । 
2360,"nanu tarhi bhavan-mate śabda-nirdeśyatve prākṛtatvam eva tatrāpatati ? kiṁ ca, śrutibhir api yato vāco nivartante aprāpya manasā saha [tai.u. 2.9], avacanenaiva provāca [mādhva-bhāṣya 1.1.5], yad-vācānabhyuditaṁ yena vāg abhyudyate [kena.u. 1.4], yat śrotraṁ na śṛṇoti yena śrotram idaṁ śrutam [kena.u. 1.7] ity-ādau śabda-nirdeśyatvam eva tasya niṣidhyata ity āśaṅkāyām ucyate—yathā sākṣān-nirdeśyatve doṣas tathā lakṣyatve’pi kathaṁ na syāt ? ubhayatrāpi śabda-vṛtti-viṣayatvenāviśeṣāt | ","ननु तर्हि भवन्मते शब्दनिर्देश्यत्वे प्राकृतत्वम् एव तत्रापतति ? किं च, श्रुतिभिर् अपि यतो वाचो निवर्तन्ते अप्राप्य मनसा सह [तै.उ. २.९], अवचनेनैव प्रोवाच [माध्वभाष्य १.१.५], यद्वाचानभ्युदितं येन वाग् अभ्युद्यते [केन.उ. १.४], यत् श्रोत्रं न शृणोति येन श्रोत्रम् इदं श्रुतम् [केन.उ. १.७] इत्यादौ शब्दनिर्देश्यत्वम् एव तस्य निषिध्यत इत्य् आशङ्कायाम् उच्यते—यथा साक्षान्निर्देश्यत्वे दोषस् तथा लक्ष्यत्वेऽपि कथं न स्यात् ? उभयत्रापि शब्दवृत्तिविषयत्वेनाविशेषात् । ","ननु तर्हि भवन्मते शब्दनिर्देश्यत्वे प्राकृतत्वम् एव तत्रापतति ? किꣳ च, श्रुतिभिर् अपि यतो वाचो निवर्तन्ते अप्राप्य मनसा सह [तै.उ. २.९], अवचनेनैव प्रोवाच [माध्वभाष्य १.१.५], यद्वाचानभ्युदितꣳ येन वाग् अभ्युद्यते [केन.उ. १.४], यत् श्रोत्रꣳ न शृणोति येन श्रोत्रम् इदꣳ श्रुतम् [केन.उ. १.७] इत्यादौ शब्दनिर्देश्यत्वम् एव तस्य निषिध्यत इत्य् आशङ्कायाम् उच्यते—यथा साक्षान्निर्देश्यत्वे दोषस् तथा लक्ष्यत्वेऽपि कथꣳ न स्यात् ? उभयत्रापि शब्दवृत्तिविषयत्वेनाविशेषात् । "
2361,"kiṁ ca, na tasya prākṛtavat sākṣān-nirdeśyatvaṁ, kintv anirdeśyatvenaiva tathā nirdeśyatvam iti siddhāntyate |","किं च, न तस्य प्राकृतवत् साक्षान्निर्देश्यत्वं, किन्त्व् अनिर्देश्यत्वेनैव तथा निर्देश्यत्वम् इति सिद्धान्त्यते ।","किꣳ च, न तस्य प्राकृतवत् साक्षान्निर्देश्यत्वꣳ, किन्त्व् अनिर्देश्यत्वेनैव तथा निर्देश्यत्वम् इति सिद्धान्त्यते ।"
2362,tathaiva hi tāsāṁ mahā-vākyopasaṁhāraḥ—,तथैव हि तासां महावाक्योपसंहारः—,तथैव हि तासाꣳ महावाक्योपसꣳहारः—
2365,kha iva rajāṁsi vānti vayasā saha yac chrutayas ,ख इव रजांसि वान्ति वयसा सह यच् छ्रुतयस् ,ख इव रजाꣳसि वान्ति वयसा सह यच् छ्रुतयस् 
2367,"atra svarūpa-guṇayor dvayor api dvidhaivānirdeśyatvam, ānantyena idam itthaṁ tad iti nirdeśāsambhavena ca | tatra prathamam ānantyam āhuḥ—he bhagavan ! te tava antam etāvattvaṁ dyupatayaḥ svargādi-loka-patayo brahmādayo’pi na yayur na viduḥ | tat kutaḥ ? anantatayā, yad antavad vastu tat kim api na bhavasīti | āsatāṁ te, yasmāt tvam api ātmano’ntaṁ na yāsi | ","अत्र स्वरूपगुणयोर् द्वयोर् अपि द्विधैवानिर्देश्यत्वम्, आनन्त्येन इदम् इत्थं तद् इति निर्देशासम्भवेन च । तत्र प्रथमम् आनन्त्यम् आहुः—हे भगवन् ! ते तव अन्तम् एतावत्त्वं द्युपतयः स्वर्गादिलोकपतयो ब्रह्मादयोऽपि न ययुर् न विदुः । तत् कुतः ? अनन्ततया, यद् अन्तवद् वस्तु तत् किम् अपि न भवसीति । आसतां ते, यस्मात् त्वम् अपि आत्मनोऽन्तं न यासि । ","अत्र स्वरूपगुणयोर् द्वयोर् अपि द्विधैवानिर्देश्यत्वम्, आनन्त्येन इदम् इत्थꣳ तद् इति निर्देशासम्भवेन च । तत्र प्रथमम् आनन्त्यम् आहुः—हे भगवन् ! ते तव अन्तम् एतावत्त्वꣳ द्युपतयः स्वर्गादिलोकपतयो ब्रह्मादयोऽपि न ययुर् न विदुः । तत् कुतः ? अनन्ततया, यद् अन्तवद् वस्तु तत् किम् अपि न भवसीति । आसताꣳ ते, यस्मात् त्वम् अपि आत्मनोऽन्तꣳ न यासि । "
2368,"kutas tarhi sarvajñatā sarva-śaktitā vā ? tatrāpy āhuḥ—anantatayeti antābhāvenaiva, na hi śaśa-viṣāṇājñānaṁ sārvajñyaṁ, tad-aprāptir vā śakti-vaibhavaṁ vihanti | śrutiś ca—yo’syādhyakṣaḥ parame vyoman | so’ṅga veda yadi vā na veda [ṛg-veda 10.130.18] iti | ","कुतस् तर्हि सर्वज्ञता सर्वशक्तिता वा ? तत्राप्य् आहुः—अनन्ततयेति अन्ताभावेनैव, न हि शशविषाणाज्ञानं सार्वज्ञ्यं, तदप्राप्तिर् वा शक्तिवैभवं विहन्ति । श्रुतिश् च—योऽस्याध्यक्षः परमे व्योमन् । सोऽङ्ग वेद यदि वा न वेद [ऋग्वेद १०.१३०.१८] इति । ","कुतस् तर्हि सर्वज्ञता सर्वशक्तिता वा ? तत्राप्य् आहुः—अनन्ततयेति अन्ताभावेनैव, न हि शशविषाणाज्ञानꣳ सार्वज्ञ्यꣳ, तदप्राप्तिर् वा शक्तिवैभवꣳ विहन्ति । श्रुतिश् च—योऽस्याध्यक्षः परमे व्योमन् । सोऽङ्ग वेद यदि वा न वेद [ऋग्वेद १०.१३०.१८] इति । "
2370,"nanu aho sāvaraṇā uttarottara-daśa-guṇa-saptāvaraṇa-yuktā aṇḍa-nicayā vānti paribhramanti vayasā kāla-cakreṇa khe rajāṁsi iva saha ekadaiva, na tu paryāyeṇa | anena brahmāṇḍānām anantānāṁ tatra bhramaṇāt svarūpa-gatam ānantyaṁ teṣāṁ vicitra-guṇānām āśrayatvāt guṇa-gataṁ ca jñeyam | śrutayaś  ca—yad ūrdhvaṁ gārgi divaḥ yad arvāk pṛthivyā yad antaraṁ dyāv āpṛthivī ime yad bhūtaṁ bhavac ca bhaviṣyac ca [bṛ.ā.u. 3.7.3] ity-ādyāḥ | viṣṇor nu kaṁ vīryāṇi prāvocaṁ yaṁ pārthivāni vimame rajāṁsi [ṛ.ve. 1.154.1] ity-ādyāś ca |","ननु अहो सावरणा उत्तरोत्तरदशगुणसप्तावरणयुक्ता अण्डनिचया वान्ति परिभ्रमन्ति वयसा कालचक्रेण खे रजांसि इव सह एकदैव, न तु पर्यायेण । अनेन ब्रह्माण्डानाम् अनन्तानां तत्र भ्रमणात् स्वरूपगतम् आनन्त्यं तेषां विचित्रगुणानाम् आश्रयत्वात् गुणगतं च ज्ञेयम् । श्रुतयश्  च—यद् ऊर्ध्वं गार्गि दिवः यद् अर्वाक् पृथिव्या यद् अन्तरं द्याव् आपृथिवी इमे यद् भूतं भवच् च भविष्यच् च [बृ.आ.उ. ३.७.३] इत्याद्याः । विष्णोर् नु कं वीर्याणि प्रावोचं यं पार्थिवानि विममे रजांसि [ऋ.वे. १.१५४.१] इत्याद्याश् च ।","ननु अहो सावरणा उत्तरोत्तरदशगुणसप्तावरणयुक्ता अण्डनिचया वान्ति परिभ्रमन्ति वयसा कालचक्रेण खे रजाꣳसि इव सह एकदैव, न तु पर्यायेण । अनेन ब्रह्माण्डानाम् अनन्तानाꣳ तत्र भ्रमणात् स्वरूपगतम् आनन्त्यꣳ तेषाꣳ विचित्रगुणानाम् आश्रयत्वात् गुणगतꣳ च ज्ञेयम् । श्रुतयश्  च—यद् ऊर्ध्वꣳ गार्गि दिवः यद् अर्वाक् पृथिव्या यद् अन्तरꣳ द्याव् आपृथिवी इमे यद् भूतꣳ भवच् च भविष्यच् च [बृ.आ.उ. ३.७.३] इत्याद्याः । विष्णोर् नु कꣳ वीर्याणि प्रावोचꣳ यꣳ पार्थिवानि विममे रजाꣳसि [ऋ.वे. १.१५४.१] इत्याद्याश् च ।"
2371,"hi yasmād | evam ataḥ śrutayaś tvayi phalanti | ataḥ śrutāv api prājāpatyānandataḥ śata-guṇānandatvam abhidhāya, punar yato vāca [tai.u. 2.4.1] ity-ādinā anantatvena vāg-atīta-saṅkhyānandatvaṁ brahmaṇa uktam | yad uktam—","हि यस्माद् । एवम् अतः श्रुतयश् त्वयि फलन्ति । अतः श्रुताव् अपि प्राजापत्यानन्दतः शतगुणानन्दत्वम् अभिधाय, पुनर् यतो वाच [तै.उ. २.४.१] इत्यादिना अनन्तत्वेन वागतीतसङ्ख्यानन्दत्वं ब्रह्मण उक्तम् । यद् उक्तम्—","हि यस्माद् । एवम् अतः श्रुतयश् त्वयि फलन्ति । अतः श्रुताव् अपि प्राजापत्यानन्दतः शतगुणानन्दत्वम् अभिधाय, पुनर् यतो वाच [तै.उ. २.४.१] इत्यादिना अनन्तत्वेन वागतीतसङ्ख्यानन्दत्वꣳ ब्रह्मण उक्तम् । यद् उक्तम्—"
2372,na tad īdṛg iti jñeyaṁ na vācyaṁ na ca tarkyate |,न तद् ईदृग् इति ज्ञेयं न वाच्यं न च तर्क्यते ।,न तद् ईदृग् इति ज्ञेयꣳ न वाच्यꣳ न च तर्क्यते ।
2373,paśyanto’pi na jānanti mero rūpaṁ vipaścitaḥ || iti ||,पश्यन्तोऽपि न जानन्ति मेरो रूपं विपश्चितः ॥ इति ॥,पश्यन्तोऽपि न जानन्ति मेरो रूपꣳ विपश्चितः ॥ इति ॥
2375,"yat tu satyaṁ jñānam [tai.u. 2.1.2] ity ādau svarūpasya sākṣād eva nirdeśaḥ, svābhāvikī jñāna-bala-kriyā ca [śve.u. 6.8] ity ādau guṇasya ca śrūyate, tatra ca tathaiva ity āhuḥ—atan-nirasanena bhavan-nidhanā iti | atat prākṛtaṁ yad vastu tan nirasyaiva bhavat-paryavasānāt | ","यत् तु सत्यं ज्ञानम् [तै.उ. २.१.२] इत्य् आदौ स्वरूपस्य साक्षाद् एव निर्देशः, स्वाभाविकी ज्ञानबलक्रिया च [श्वे.उ. ६.८] इत्य् आदौ गुणस्य च श्रूयते, तत्र च तथैव इत्य् आहुः—अतन्निरसनेन भवन्निधना इति । अतत् प्राकृतं यद् वस्तु तन् निरस्यैव भवत्पर्यवसानात् । ","यत् तु सत्यꣳ ज्ञानम् [तै.उ. २.१.२] इत्य् आदौ स्वरूपस्य साक्षाद् एव निर्देशः, स्वाभाविकी ज्ञानबलक्रिया च [श्वे.उ. ६.८] इत्य् आदौ गुणस्य च श्रूयते, तत्र च तथैव इत्य् आहुः—अतन्निरसनेन भवन्निधना इति । अतत् प्राकृतꣳ यद् वस्तु तन् निरस्यैव भवत्पर्यवसानात् । "
2376,"ayam arthaḥ—buddhir jñānam asaṁmoham [gītā 10.4] ity-ādinā, hrīr dhīr bhīr etat sarvaṁ mana eva [bṛ.ā.u. 1.5.3] ity-ādinā ca yat prākṛtaṁ jñānādikam abhidhīyate, tat sarvaṁ brahma na bhavati iti, neti neti [bṛ.ā.u. 2.3.6] ity-ādinā, na tasya kāryaṁ karaṇaṁ ca vidyate [śve.u. 6.8] ity-ādinā ca niṣidhyate |","अयम् अर्थः—बुद्धिर् ज्ञानम् असंमोहम् [गीता १०.४] इत्यादिना, ह्रीर् धीर् भीर् एतत् सर्वं मन एव [बृ.आ.उ. १.५.३] इत्यादिना च यत् प्राकृतं ज्ञानादिकम् अभिधीयते, तत् सर्वं ब्रह्म न भवति इति, नेति नेति [बृ.आ.उ. २.३.६] इत्यादिना, न तस्य कार्यं करणं च विद्यते [श्वे.उ. ६.८] इत्यादिना च निषिध्यते ।","अयम् अर्थः—बुद्धिर् ज्ञानम् असꣳमोहम् [गीता १०.४] इत्यादिना, ह्रीर् धीर् भीर् एतत् सर्वꣳ मन एव [बृ.आ.उ. १.५.३] इत्यादिना च यत् प्राकृतꣳ ज्ञानादिकम् अभिधीयते, तत् सर्वꣳ ब्रह्म न भवति इति, नेति नेति [बृ.आ.उ. २.३.६] इत्यादिना, न तस्य कार्यꣳ करणꣳ च विद्यते [श्वे.उ. ६.८] इत्यादिना च निषिध्यते ।"
2377,"atha ca, satya-jñānādi-vākyena, svābhāvikī jñāna-bala-kriyā ca [śve.u. 6.8] ity-ādi-vākyena ca tad abhidhīyate | na tasmāt prākṛtād anyad eva taj-jñānādi iti teṣāṁ jñānādi-śabdānām atan-nirasanenaiva tvayi paryavasānam iti | tataś ca buddhy-agocara-vastutvād anirdeśyatvaṁ, tathāpi tad-rūpaṁ kiñcid astīty uddiśyamānatvān nirdeśyatvaṁ ca |","अथ च, सत्यज्ञानादिवाक्येन, स्वाभाविकी ज्ञानबलक्रिया च [श्वे.उ. ६.८] इत्यादिवाक्येन च तद् अभिधीयते । न तस्मात् प्राकृताद् अन्यद् एव तज्ज्ञानादि इति तेषां ज्ञानादिशब्दानाम् अतन्निरसनेनैव त्वयि पर्यवसानम् इति । ततश् च बुद्ध्यगोचरवस्तुत्वाद् अनिर्देश्यत्वं, तथापि तद्रूपं किञ्चिद् अस्तीत्य् उद्दिश्यमानत्वान् निर्देश्यत्वं च ।","अथ च, सत्यज्ञानादिवाक्येन, स्वाभाविकी ज्ञानबलक्रिया च [श्वे.उ. ६.८] इत्यादिवाक्येन च तद् अभिधीयते । न तस्मात् प्राकृताद् अन्यद् एव तज्ज्ञानादि इति तेषाꣳ ज्ञानादिशब्दानाम् अतन्निरसनेनैव त्वयि पर्यवसानम् इति । ततश् च बुद्ध्यगोचरवस्तुत्वाद् अनिर्देश्यत्वꣳ, तथापि तद्रूपꣳ किञ्चिद् अस्तीत्य् उद्दिश्यमानत्वान् निर्देश्यत्वꣳ च ।"
2378,"tathāparokṣa-jñāne ca daśamas tvam asītivad vākya-mātreṇaiva tasya sva-prakāśa-rūpasyāpi vastuno viśuddha-citte suprakāśa-darśanāt śruti-śabdasya svaprakāśatā-śaktimayatvam evāvasīyate | śabda-brahma paraṁ brahma mamobhe śāśvatī tanū [bhā.pu. 6.16.51] iti | vedasya ceśvarātmatvāt [bhā.pu. 11.3.44] iti | vedo nārāyaṇaḥ sākṣāt svayambhūr iti śuśruma [bhā.pu. 6.1.40] iti | kiṁ vā parair īśvaraḥ sadyo hṛdy avarudhyate’tra kṛtibhiḥ śuśrūṣubhis tat-kṣaṇāt [bhā.pu. 1.1.2] iti | ata eva, aupaniṣadaḥ puruṣaḥ [bṛ.ā.u. 3.9.26] ity atropaniṣan-mātra-gamyatvaṁ śrutir bodhayati, cāksuṣaṁ rūpam itivat |","तथापरोक्षज्ञाने च दशमस् त्वम् असीतिवद् वाक्यमात्रेणैव तस्य स्वप्रकाशरूपस्यापि वस्तुनो विशुद्धचित्ते सुप्रकाशदर्शनात् श्रुतिशब्दस्य स्वप्रकाशताशक्तिमयत्वम् एवावसीयते । शब्दब्रह्म परं ब्रह्म ममोभे शाश्वती तनू [भा.पु. ६.१६.५१] इति । वेदस्य चेश्वरात्मत्वात् [भा.पु. ११.३.४४] इति । वेदो नारायणः साक्षात् स्वयम्भूर् इति शुश्रुम [भा.पु. ६.१.४०] इति । किं वा परैर् ईश्वरः सद्यो हृद्य् अवरुध्यतेऽत्र कृतिभिः शुश्रूषुभिस् तत्क्षणात् [भा.पु. १.१.२] इति । अत एव, औपनिषदः पुरुषः [बृ.आ.उ. ३.९.२६] इत्य् अत्रोपनिषन्मात्रगम्यत्वं श्रुतिर् बोधयति, चाक्सुषं रूपम् इतिवत् ।","तथापरोक्षज्ञाने च दशमस् त्वम् असीतिवद् वाक्यमात्रेणैव तस्य स्वप्रकाशरूपस्यापि वस्तुनो विशुद्धचित्ते सुप्रकाशदर्शनात् श्रुतिशब्दस्य स्वप्रकाशताशक्तिमयत्वम् एवावसीयते । शब्दब्रह्म परꣳ ब्रह्म ममोभे शाश्वती तनू [भा.पु. ६.१६.५१] इति । वेदस्य चेश्वरात्मत्वात् [भा.पु. ११.३.४४] इति । वेदो नारायणः साक्षात् स्वयम्भूर् इति शुश्रुम [भा.पु. ६.१.४०] इति । किꣳ वा परैर् ईश्वरः सद्यो हृद्य् अवरुध्यतेऽत्र कृतिभिः शुश्रूषुभिस् तत्क्षणात् [भा.पु. १.१.२] इति । अत एव, औपनिषदः पुरुषः [बृ.आ.उ. ३.९.२६] इत्य् अत्रोपनिषन्मात्रगम्यत्वꣳ श्रुतिर् बोधयति, चाक्सुषꣳ रूपम् इतिवत् ।"
2379,"tataś ca, śrutimayyā sva-prakāśatā-śaktyā prākṛta-tat-tad-vastu-jātaṁ tama iva nirasya svayaṁ prakāśate | tasmān na tatrāpi nirdeśyatvam | nahi svena prakāśena raviḥ prakāśyo bhavati yathā tena ghaṭa iti vaktuṁ yujyate, svābhinnatvāt | yadi ca śakti-śaktimator bheda-pakṣaḥ svīkriyate tadā nirdeśyatvam apīty atrānirdeśyatvenaiva nirdeśyatvaṁ siddham | ata evoktaṁ gāruḍe—","ततश् च, श्रुतिमय्या स्वप्रकाशताशक्त्या प्राकृततत्तद्वस्तुजातं तम इव निरस्य स्वयं प्रकाशते । तस्मान् न तत्रापि निर्देश्यत्वम् । नहि स्वेन प्रकाशेन रविः प्रकाश्यो भवति यथा तेन घट इति वक्तुं युज्यते, स्वाभिन्नत्वात् । यदि च शक्तिशक्तिमतोर् भेदपक्षः स्वीक्रियते तदा निर्देश्यत्वम् अपीत्य् अत्रानिर्देश्यत्वेनैव निर्देश्यत्वं सिद्धम् । अत एवोक्तं गारुडे—","ततश् च, श्रुतिमय्या स्वप्रकाशताशक्त्या प्राकृततत्तद्वस्तुजातꣳ तम इव निरस्य स्वयꣳ प्रकाशते । तस्मान् न तत्रापि निर्देश्यत्वम् । नहि स्वेन प्रकाशेन रविः प्रकाश्यो भवति यथा तेन घट इति वक्तुꣳ युज्यते, स्वाभिन्नत्वात् । यदि च शक्तिशक्तिमतोर् भेदपक्षः स्वीक्रियते तदा निर्देश्यत्वम् अपीत्य् अत्रानिर्देश्यत्वेनैव निर्देश्यत्वꣳ सिद्धम् । अत एवोक्तꣳ गारुडे—"
2380,aprasiddher avācyaṁ tad vācyaṁ sarvāgamoktitaḥ |,अप्रसिद्धेर् अवाच्यं तद् वाच्यं सर्वागमोक्तितः ।,अप्रसिद्धेर् अवाच्यꣳ तद् वाच्यꣳ सर्वागमोक्तितः ।
2381,atarkyaṁ tarkyam ajñeyaṁ jñeyam evaṁ paraṁ smṛtam || iti |,अतर्क्यं तर्क्यम् अज्ञेयं ज्ञेयम् एवं परं स्मृतम् ॥ इति ।,अतर्क्यꣳ तर्क्यम् अज्ञेयꣳ ज्ञेयम् एवꣳ परꣳ स्मृतम् ॥ इति ।
2382,śrutau ca—anyad eva tad viditād atho’viditād adhi [ke.u. 1.3] iti | idam abhipretyoktaṁ śrī-parāśareṇāpi—,श्रुतौ च—अन्यद् एव तद् विदिताद् अथोऽविदिताद् अधि [के.उ. १.३] इति । इदम् अभिप्रेत्योक्तं श्रीपराशरेणापि—,श्रुतौ च—अन्यद् एव तद् विदिताद् अथोऽविदिताद् अधि [के.उ. १.३] इति । इदम् अभिप्रेत्योक्तꣳ श्रीपराशरेणापि—
2383,yasmin brahmaṇi sarva-śakti-nilaye mānāni no mānināṁ ,यस्मिन् ब्रह्मणि सर्वशक्तिनिलये मानानि नो मानिनां ,यस्मिन् ब्रह्मणि सर्वशक्तिनिलये मानानि नो मानिनाꣳ 
2384,niṣṭhāyai prabhavanti hanti kaluṣaṁ śrotraṁ sa yāto harir ||  [vi.pu. 6.8.59] iti |,निष्ठायै प्रभवन्ति हन्ति कलुषं श्रोत्रं स यातो हरिर् ॥  [वि.पु. ६.८.५९] इति ।,निष्ठायै प्रभवन्ति हन्ति कलुषꣳ श्रोत्रꣳ स यातो हरिर् ॥  [वि.पु. ६.८.५९] इति ।
2385,nanv āviṣkṛta-śakter bhagavad-ākhyasya brahmaṇaḥ sva-prakāśatā-śakti-rūpatvaṁ vedasya sambhavati | tataś cānāviṣkṛta-śakter brahmaṇaḥ prakāśas tasmāt katham ? ity ucyate—asman-mate tasyāpi prakāśo bhagavac-chaktyaiva | tad uktam—,नन्व् आविष्कृतशक्तेर् भगवदाख्यस्य ब्रह्मणः स्वप्रकाशताशक्तिरूपत्वं वेदस्य सम्भवति । ततश् चानाविष्कृतशक्तेर् ब्रह्मणः प्रकाशस् तस्मात् कथम् ? इत्य् उच्यते—अस्मन्मते तस्यापि प्रकाशो भगवच्छक्त्यैव । तद् उक्तम्—,नन्व् आविष्कृतशक्तेर् भगवदाख्यस्य ब्रह्मणः स्वप्रकाशताशक्तिरूपत्वꣳ वेदस्य सम्भवति । ततश् चानाविष्कृतशक्तेर् ब्रह्मणः प्रकाशस् तस्मात् कथम् ? इत्य् उच्यते—अस्मन्मते तस्यापि प्रकाशो भगवच्छक्त्यैव । तद् उक्तम्—
2386,madīyaṁ mahimānaṁ ca para-brahmeti śabditam | ,मदीयं महिमानं च परब्रह्मेति शब्दितम् । ,मदीयꣳ महिमानꣳ च परब्रह्मेति शब्दितम् । 
2387,vetsyasy anugṛhītaṁ me sampraśnair vivṛtaṁ hṛdi || [bhā.pu. 8.24.38] iti |,वेत्स्यस्य् अनुगृहीतं मे सम्प्रश्नैर् विवृतं हृदि ॥ [भा.पु. ८.२४.३८] इति ।,वेत्स्यस्य् अनुगृहीतꣳ मे सम्प्रश्नैर् विवृतꣳ हृदि ॥ [भा.पु. ८.२४.३८] इति ।
2388,"na caitena para-prakāśyatvam āpatati, brahma-bhagavator abhinna-vastutvāt | atra laukika-śabdenāpi yaḥ kaścit tad-upadeśaḥ, sa tu tasya tad-anugates tayā śrutyaivānugṛhītatayā sambhavatīty uktam | atas tad-anuśīlanāvasare tad-bhakty-anubhāva-rūpasya tac-chabdasya tu sutarāṁ tat-svarūpa-śakti-vilāsa-mayatvān na tatra niṣedhaḥ | kiṁ tarhi mano-vilāsa-mayasyaiveti sarvam anavadyam | ata eva suparṇa-śrutau—prakṛtiś ca prākṛtaṁ ca yan na jighranti jighranti, yan na paśyanti paśyanti, yan na śṛṇvanti śṛṇvanti, yan jānanti jānanti ca iti |","न चैतेन परप्रकाश्यत्वम् आपतति, ब्रह्मभगवतोर् अभिन्नवस्तुत्वात् । अत्र लौकिकशब्देनापि यः कश्चित् तदुपदेशः, स तु तस्य तदनुगतेस् तया श्रुत्यैवानुगृहीततया सम्भवतीत्य् उक्तम् । अतस् तदनुशीलनावसरे तद्भक्त्यनुभावरूपस्य तच्छब्दस्य तु सुतरां तत्स्वरूपशक्तिविलासमयत्वान् न तत्र निषेधः । किं तर्हि मनोविलासमयस्यैवेति सर्वम् अनवद्यम् । अत एव सुपर्णश्रुतौ—प्रकृतिश् च प्राकृतं च यन् न जिघ्रन्ति जिघ्रन्ति, यन् न पश्यन्ति पश्यन्ति, यन् न शृण्वन्ति शृण्वन्ति, यन् जानन्ति जानन्ति च इति ।","न चैतेन परप्रकाश्यत्वम् आपतति, ब्रह्मभगवतोर् अभिन्नवस्तुत्वात् । अत्र लौकिकशब्देनापि यः कश्चित् तदुपदेशः, स तु तस्य तदनुगतेस् तया श्रुत्यैवानुगृहीततया सम्भवतीत्य् उक्तम् । अतस् तदनुशीलनावसरे तद्भक्त्यनुभावरूपस्य तच्छब्दस्य तु सुतराꣳ तत्स्वरूपशक्तिविलासमयत्वान् न तत्र निषेधः । किꣳ तर्हि मनोविलासमयस्यैवेति सर्वम् अनवद्यम् । अत एव सुपर्णश्रुतौ—प्रकृतिश् च प्राकृतꣳ च यन् न जिघ्रन्ति जिघ्रन्ति, यन् न पश्यन्ति पश्यन्ति, यन् न शृण्वन्ति शृण्वन्ति, यन् जानन्ति जानन्ति च इति ।"
2390,athaikam eva svarūpaṁ śaktitvena śaktimattvena ca virājatīti | yasya śakteḥ svarūpa-bhūtatvaṁ nirūpitaṁ tac-chakti-mattā-prādhānyena virājamānaṁ bhagavat-saṁjñām āpnoti tac ca vyākhyātam | tad eva ca śaktitva-prādhānyena virājamānaṁ lakṣmī-saṁjñām āpnotīti darśayituṁ tasyāḥ sva-vṛtti-bhedenānantāyāḥ kiyanto bhedā darśyante | yathā—,अथैकम् एव स्वरूपं शक्तित्वेन शक्तिमत्त्वेन च विराजतीति । यस्य शक्तेः स्वरूपभूतत्वं निरूपितं तच्छक्तिमत्ताप्राधान्येन विराजमानं भगवत्संज्ञाम् आप्नोति तच् च व्याख्यातम् । तद् एव च शक्तित्वप्राधान्येन विराजमानं लक्ष्मीसंज्ञाम् आप्नोतीति दर्शयितुं तस्याः स्ववृत्तिभेदेनानन्तायाः कियन्तो भेदा दर्श्यन्ते । यथा—,अथैकम् एव स्वरूपꣳ शक्तित्वेन शक्तिमत्त्वेन च विराजतीति । यस्य शक्तेः स्वरूपभूतत्वꣳ निरूपितꣳ तच्छक्तिमत्ताप्राधान्येन विराजमानꣳ भगवत्सꣳज्ञाम् आप्नोति तच् च व्याख्यातम् । तद् एव च शक्तित्वप्राधान्येन विराजमानꣳ लक्ष्मीसꣳज्ञाम् आप्नोतीति दर्शयितुꣳ तस्याः स्ववृत्तिभेदेनानन्तायाः कियन्तो भेदा दर्श्यन्ते । यथा—
2395,"śaktir mahā-lakṣmī-rūpā svarūpa-bhūtā | śakti-śabdasya prathama-pravṛtty-āśraya-rūpā bhagavad-antaraṅga-mahā-śaktiḥ | māyā ca bahiraṅgā śaktiḥ | śry-ādayas tu tayor eva vṛtti-rūpāḥ, tāsāṁ sarvāsām api prākṛtāprākṛtābhedena śrūyamānatvāt | tataḥ śriyety ādau śakti-vṛtti-rūpayā māyā-vṛtti-rūpayā ceti sarvatra jñeyam | ","शक्तिर् महालक्ष्मीरूपा स्वरूपभूता । शक्तिशब्दस्य प्रथमप्रवृत्त्याश्रयरूपा भगवदन्तरङ्गमहाशक्तिः । माया च बहिरङ्गा शक्तिः । श्र्यादयस् तु तयोर् एव वृत्तिरूपाः, तासां सर्वासाम् अपि प्राकृताप्राकृताभेदेन श्रूयमानत्वात् । ततः श्रियेत्य् आदौ शक्तिवृत्तिरूपया मायावृत्तिरूपया चेति सर्वत्र ज्ञेयम् । ","शक्तिर् महालक्ष्मीरूपा स्वरूपभूता । शक्तिशब्दस्य प्रथमप्रवृत्त्याश्रयरूपा भगवदन्तरङ्गमहाशक्तिः । माया च बहिरङ्गा शक्तिः । श्र्यादयस् तु तयोर् एव वृत्तिरूपाः, तासाꣳ सर्वासाम् अपि प्राकृताप्राकृताभेदेन श्रूयमानत्वात् । ततः श्रियेत्य् आदौ शक्तिवृत्तिरूपया मायावृत्तिरूपया चेति सर्वत्र ज्ञेयम् । "
2396,"tatra pūrvasyā bhedaḥ—śrīr bhāgavatī sampat, na tv iyaṁ mahā-lakṣmī-rūpā, tasyā mūla-śaktitvāt | tad agre vivaraṇīyam | uttarasyā bhedaḥ—śrīr jāgatī sampat | imām evādhikṛtya, sva eva dhiṣṇye’bhiratasya kiṁ tayā [bhā.pu. 4.20.28] iti, na śrīr viraktam api māṁ vijahāti [bhā.pu. 3.16.7] ity-ādi-vākyam | yata uktaṁ caturtha-śeṣe śrī-nāradena—","तत्र पूर्वस्या भेदः—श्रीर् भागवती सम्पत्, न त्व् इयं महालक्ष्मीरूपा, तस्या मूलशक्तित्वात् । तद् अग्रे विवरणीयम् । उत्तरस्या भेदः—श्रीर् जागती सम्पत् । इमाम् एवाधिकृत्य, स्व एव धिष्ण्येऽभिरतस्य किं तया [भा.पु. ४.२०.२८] इति, न श्रीर् विरक्तम् अपि मां विजहाति [भा.पु. ३.१६.७] इत्यादिवाक्यम् । यत उक्तं चतुर्थशेषे श्रीनारदेन—","तत्र पूर्वस्या भेदः—श्रीर् भागवती सम्पत्, न त्व् इयꣳ महालक्ष्मीरूपा, तस्या मूलशक्तित्वात् । तद् अग्रे विवरणीयम् । उत्तरस्या भेदः—श्रीर् जागती सम्पत् । इमाम् एवाधिकृत्य, स्व एव धिष्ण्येऽभिरतस्य किꣳ तया [भा.पु. ४.२०.२८] इति, न श्रीर् विरक्तम् अपि माꣳ विजहाति [भा.पु. ३.१६.७] इत्यादिवाक्यम् । यत उक्तꣳ चतुर्थशेषे श्रीनारदेन—"
2397,śriyam anucaratīṁ tad-arthinaś ca ,श्रियम् अनुचरतीं तदर्थिनश् च ,श्रियम् अनुचरतीꣳ तदर्थिनश् च 
2398,dvipada-patīn vibudhāṁś ca yaḥ sva-pūrṇaḥ | ,द्विपदपतीन् विबुधांश् च यः स्वपूर्णः । ,द्विपदपतीन् विबुधाꣳश् च यः स्वपूर्णः । 
2401,tatra tad-arthi-dvipada-patyādi-saha-bhāva upajīvyaḥ | tathā durvāsasaḥ śāpa-naṣṭāyās trailokya-lakṣmyā āvirbhāvaṁ sākṣād-bhagavat-preyasī-rūpā svayaṁ kṣīrodād āvirbhūya dṛṣṭyā kṛtavatīti śrūyate | evam aparāpi | tatra ilā bhūs tad upalakṣaṇatvena līlā api | tatra ca pūrvasyā bhedo vidyā tattvāvabodha-kāraṇaṁ saṁvid-ākhyāyās tad-vṛtter vṛtti-viśeṣaḥ | uttarasyā bhedas tasyā eva vidyāyāḥ prakāśa-dvāram | avidyā-lakṣaṇo bhedaḥ pūrvasyā bhagavati vibhutvādi-vismṛti-hetur mātṛ-bhāvādimaya-premānanda-vṛtti-viśeṣaḥ | ata eva gopī-janāvidyā -kalā-prerakaḥ [go.tā.u. 1.8] iti tāpanyāṁ śrutau | yathāvasaram etad api vivaraṇīyam |,तत्र तदर्थिद्विपदपत्यादिसहभाव उपजीव्यः । तथा दुर्वाससः शापनष्टायास् त्रैलोक्यलक्ष्म्या आविर्भावं साक्षाद्भगवत्प्रेयसीरूपा स्वयं क्षीरोदाद् आविर्भूय दृष्ट्या कृतवतीति श्रूयते । एवम् अपरापि । तत्र इला भूस् तद् उपलक्षणत्वेन लीला अपि । तत्र च पूर्वस्या भेदो विद्या तत्त्वावबोधकारणं संविदाख्यायास् तद्वृत्तेर् वृत्तिविशेषः । उत्तरस्या भेदस् तस्या एव विद्यायाः प्रकाशद्वारम् । अविद्यालक्षणो भेदः पूर्वस्या भगवति विभुत्वादिविस्मृतिहेतुर् मातृभावादिमयप्रेमानन्दवृत्तिविशेषः । अत एव गोपीजनाविद्या -कलाप्रेरकः [गो.ता.उ. १.८] इति तापन्यां श्रुतौ । यथावसरम् एतद् अपि विवरणीयम् ।,तत्र तदर्थिद्विपदपत्यादिसहभाव उपजीव्यः । तथा दुर्वाससः शापनष्टायास् त्रैलोक्यलक्ष्म्या आविर्भावꣳ साक्षाद्भगवत्प्रेयसीरूपा स्वयꣳ क्षीरोदाद् आविर्भूय दृष्ट्या कृतवतीति श्रूयते । एवम् अपरापि । तत्र इला भूस् तद् उपलक्षणत्वेन लीला अपि । तत्र च पूर्वस्या भेदो विद्या तत्त्वावबोधकारणꣳ सꣳविदाख्यायास् तद्वृत्तेर् वृत्तिविशेषः । उत्तरस्या भेदस् तस्या एव विद्यायाः प्रकाशद्वारम् । अविद्यालक्षणो भेदः पूर्वस्या भगवति विभुत्वादिविस्मृतिहेतुर् मातृभावादिमयप्रेमानन्दवृत्तिविशेषः । अत एव गोपीजनाविद्या -कलाप्रेरकः [गो.ता.उ. १.८] इति तापन्याꣳ श्रुतौ । यथावसरम् एतद् अपि विवरणीयम् ।
2402,"uttarasyāḥ sa bhedaḥ saṁsāriṇaṁ sva-svarūpa-vismṛty-ādi-hetur āvaraṇātmaka-vṛtti-viśeṣaḥ, ca-kārāt pūrvasyāḥ | sandhinī-saṁvit-hlādinī-bhakty-ādhāra-śakti-mūrti-vimalā-jayā-yogā prahvīśānānugrahādayaś ca jñeyāḥ | atra sandhiny eva satyā, jayaivotkarṣiṇī, yogaiva yogamāyā, saṁvid eva jñānājñāna-śaktiḥ śuddha-sattvaṁ ceti jñeyam | prahvī vicitrānanta-sāmarthya-hetuḥ, īśānā sarvādhikāritā-śakti-hetur iti bhedaḥ | evam uttarasyāś ca yathāyatham anyā jñeyāḥ | tad evam apy atra māyā-vṛttayo na vivriyante, bahiraṅga-sevitvāt | mūle tu sevā-mātra-sādhāraṇyena gaṇitāḥ | bahiraṅga-sevitvaṁ ca tasyā bhagavad-aṁśa-bhūta-puruṣasya vidūra-vartitayaivāśrityatvāt | ","उत्तरस्याः स भेदः संसारिणं स्वस्वरूपविस्मृत्यादिहेतुर् आवरणात्मकवृत्तिविशेषः, चकारात् पूर्वस्याः । सन्धिनीसंविथ्लादिनीभक्त्याधारशक्तिमूर्तिविमलाजयायोगा प्रह्वीशानानुग्रहादयश् च ज्ञेयाः । अत्र सन्धिन्य् एव सत्या, जयैवोत्कर्षिणी, योगैव योगमाया, संविद् एव ज्ञानाज्ञानशक्तिः शुद्धसत्त्वं चेति ज्ञेयम् । प्रह्वी विचित्रानन्तसामर्थ्यहेतुः, ईशाना सर्वाधिकारिताशक्तिहेतुर् इति भेदः । एवम् उत्तरस्याश् च यथायथम् अन्या ज्ञेयाः । तद् एवम् अप्य् अत्र मायावृत्तयो न विव्रियन्ते, बहिरङ्गसेवित्वात् । मूले तु सेवामात्रसाधारण्येन गणिताः । बहिरङ्गसेवित्वं च तस्या भगवदंशभूतपुरुषस्य विदूरवर्तितयैवाश्रित्यत्वात् । ","उत्तरस्याः स भेदः सꣳसारिणꣳ स्वस्वरूपविस्मृत्यादिहेतुर् आवरणात्मकवृत्तिविशेषः, चकारात् पूर्वस्याः । सन्धिनीसꣳविथ्लादिनीभक्त्याधारशक्तिमूर्तिविमलाजयायोगा प्रह्वीशानानुग्रहादयश् च ज्ञेयाः । अत्र सन्धिन्य् एव सत्या, जयैवोत्कर्षिणी, योगैव योगमाया, सꣳविद् एव ज्ञानाज्ञानशक्तिः शुद्धसत्त्वꣳ चेति ज्ञेयम् । प्रह्वी विचित्रानन्तसामर्थ्यहेतुः, ईशाना सर्वाधिकारिताशक्तिहेतुर् इति भेदः । एवम् उत्तरस्याश् च यथायथम् अन्या ज्ञेयाः । तद् एवम् अप्य् अत्र मायावृत्तयो न विव्रियन्ते, बहिरङ्गसेवित्वात् । मूले तु सेवामात्रसाधारण्येन गणिताः । बहिरङ्गसेवित्वꣳ च तस्या भगवदꣳशभूतपुरुषस्य विदूरवर्तितयैवाश्रित्यत्वात् । "
2403,tathā ca daśamasya sapta-triṁśe nāradena bhagavān śrī-kṛṣṇa evāstāvi—,तथा च दशमस्य सप्तत्रिंशे नारदेन भगवान् श्रीकृष्ण एवास्तावि—,तथा च दशमस्य सप्तत्रिꣳशे नारदेन भगवान् श्रीकृष्ण एवास्तावि—
2404,viśuddha-vijñāna-ghanaṁ sva-saṁsthayā ,विशुद्धविज्ञानघनं स्वसंस्थया ,विशुद्धविज्ञानघनꣳ स्वसꣳस्थया 
2407,guṇa-pravāhaṁ bhagavantam īmahi ||,गुणप्रवाहं भगवन्तम् ईमहि ॥,गुणप्रवाहꣳ भगवन्तम् ईमहि ॥
2408,tvām īśvaraṁ svāśrayam ātma-māyayā ,त्वाम् ईश्वरं स्वाश्रयम् आत्ममायया ,त्वाम् ईश्वरꣳ स्वाश्रयम् आत्ममायया 
2410,krīḍārtham abhyātta-manuṣya-vigrahaṁ ,क्रीडार्थम् अभ्यात्तमनुष्यविग्रहं ,क्रीडार्थम् अभ्यात्तमनुष्यविग्रहꣳ 
2411,nato’smi dhuryaṁ yadu-vṛṣṇi-sātvatām || [bhā.pu. 10.37.23-24] iti |,नतोऽस्मि धुर्यं यदुवृष्णिसात्वताम् ॥ [भा.पु. १०.३७.२३-२४] इति ।,नतोऽस्मि धुर्यꣳ यदुवृष्णिसात्वताम् ॥ [भा.पु. १०.३७.२३-२४] इति ।
2412,"anayor arthaḥ—viśuddhaṁ yad vijñānaṁ parama-tattvaṁ, tad eva ghanaḥ śrī-vigraho yasya | sva-saṁsthayā svarūpa-kāreṇa svarūpa-śaktyaiva vā samyag āptā ivāptā nitya-siddhāḥ pūrṇā vā sarve’rthā aiśvaryādayo yatra | ata eva na vidyate atitucchatvāt moghe vṛthā-bhūte jagat-kārye vāñchitaṁ vāñchā yasya | ","अनयोर् अर्थः—विशुद्धं यद् विज्ञानं परमतत्त्वं, तद् एव घनः श्रीविग्रहो यस्य । स्वसंस्थया स्वरूपकारेण स्वरूपशक्त्यैव वा सम्यग् आप्ता इवाप्ता नित्यसिद्धाः पूर्णा वा सर्वेऽर्था ऐश्वर्यादयो यत्र । अत एव न विद्यते अतितुच्छत्वात् मोघे वृथाभूते जगत्कार्ये वाञ्छितं वाञ्छा यस्य । ","अनयोर् अर्थः—विशुद्धꣳ यद् विज्ञानꣳ परमतत्त्वꣳ, तद् एव घनः श्रीविग्रहो यस्य । स्वसꣳस्थया स्वरूपकारेण स्वरूपशक्त्यैव वा सम्यग् आप्ता इवाप्ता नित्यसिद्धाः पूर्णा वा सर्वेऽर्था ऐश्वर्यादयो यत्र । अत एव न विद्यते अतितुच्छत्वात् मोघे वृथाभूते जगत्कार्ये वाञ्छितꣳ वाञ्छा यस्य । "
2413,"kvacid avāñchitasyāpi sambandho dṛśyate ? ity āśaṅkyāha—sva-tejasā svarūpa-śakti-prabhāveṇa nityam eva nivṛtto dūrībhūto māyā-guṇa-pravāhaḥ, tat-paramparā yasmāt | ittham eva, yuktaṁ virahitaṁ śaktyā guṇa-mayyātma-māyayā  [bhā.pu. 4.12.6] ity uktam | ātma-māyayā svarūpa-bhūtayā śaktyā yuktam, guṇa-mayyā virahitam iti | taṁ bhagavantaṁ śaraṇaṁ vrajema | ","क्वचिद् अवाञ्छितस्यापि सम्बन्धो दृश्यते ? इत्य् आशङ्क्याह—स्वतेजसा स्वरूपशक्तिप्रभावेण नित्यम् एव निवृत्तो दूरीभूतो मायागुणप्रवाहः, तत्परम्परा यस्मात् । इत्थम् एव, युक्तं विरहितं शक्त्या गुणमय्यात्ममायया  [भा.पु. ४.१२.६] इत्य् उक्तम् । आत्ममायया स्वरूपभूतया शक्त्या युक्तम्, गुणमय्या विरहितम् इति । तं भगवन्तं शरणं व्रजेम । ","क्वचिद् अवाञ्छितस्यापि सम्बन्धो दृश्यते ? इत्य् आशङ्क्याह—स्वतेजसा स्वरूपशक्तिप्रभावेण नित्यम् एव निवृत्तो दूरीभूतो मायागुणप्रवाहः, तत्परम्परा यस्मात् । इत्थम् एव, युक्तꣳ विरहितꣳ शक्त्या गुणमय्यात्ममायया  [भा.पु. ४.१२.६] इत्य् उक्तम् । आत्ममायया स्वरूपभूतया शक्त्या युक्तम्, गुणमय्या विरहितम् इति । तꣳ भगवन्तꣳ शरणꣳ व्रजेम । "
2414,"tathā tvāṁ śrī-kṛṣṇākhyaṁ bhagavantam eva svāṁśeneśvaram antaryāmi-puruṣam api santaṁ nato’smi | kathambhūtam ? īśvaraṁ svarūpa-śaktyā svāśrayam api ātma-māyayā, ātmātra jīvātmā tad-viṣayayā māyayā | vinirmitā aśeṣa-viśeṣākārā kalpanā yena | yad vā, ātma-māyayā svarūpa-śaktyā svāśrayam, vinirmitā aśeṣa-viśeṣā yayā tathābhūtā kalpanā māyā-śaktir yasya | ","तथा त्वां श्रीकृष्णाख्यं भगवन्तम् एव स्वांशेनेश्वरम् अन्तर्यामिपुरुषम् अपि सन्तं नतोऽस्मि । कथम्भूतम् ? ईश्वरं स्वरूपशक्त्या स्वाश्रयम् अपि आत्ममायया, आत्मात्र जीवात्मा तद्विषयया मायया । विनिर्मिता अशेषविशेषाकारा कल्पना येन । यद् वा, आत्ममायया स्वरूपशक्त्या स्वाश्रयम्, विनिर्मिता अशेषविशेषा यया तथाभूता कल्पना मायाशक्तिर् यस्य । ","तथा त्वाꣳ श्रीकृष्णाख्यꣳ भगवन्तम् एव स्वाꣳशेनेश्वरम् अन्तर्यामिपुरुषम् अपि सन्तꣳ नतोऽस्मि । कथम्भूतम् ? ईश्वरꣳ स्वरूपशक्त्या स्वाश्रयम् अपि आत्ममायया, आत्मात्र जीवात्मा तद्विषयया मायया । विनिर्मिता अशेषविशेषाकारा कल्पना येन । यद् वा, आत्ममायया स्वरूपशक्त्या स्वाश्रयम्, विनिर्मिता अशेषविशेषा यया तथाभूता कल्पना मायाशक्तिर् यस्य । "
2415,kīdṛśaṁ tvām ? samprati tvad-āvirbhāva-samaye tasyāpīśvarasya tvayi bhagavaty eva praveśāt | yugapad-vicitra-tat-tac-chakti-prakāśena yā krīḍā tad-artham abhyāttaḥ abhi bhaktābhimukhyena āttaḥ ānītaḥ prakaṭito manuṣyākāro narākṛtiḥ paraṁ brahmeti smaraṇāt tad-rūpo bhagavad-ākhyo vigraho yena | tam eva punar viśinaṣṭi | yadu-vṛṣṭi-sātvatāṁ dhuryam | teṣāṁ nitya-parikarāṇāṁ prema-bhāravaham iti | athavā mūla-padye śaktyeti sarvatraiva viśeṣya-padam | śrīr mūla-rūpā | puṣṭy-ādayas tad-aṁśāḥ | vidyā jñānam | ā samīcīnā vidyā bhaktiḥ | rāja-vidyā rāja-guhyam [gītā 9.2] ity ādy ukteḥ | māyā bahiraṅgā | tad-vṛttayaḥ śry-ādayas tu pṛthak jñeyāḥ | śiṣṭaṁ samam | ,कीदृशं त्वाम् ? सम्प्रति त्वदाविर्भावसमये तस्यापीश्वरस्य त्वयि भगवत्य् एव प्रवेशात् । युगपद्विचित्रतत्तच्छक्तिप्रकाशेन या क्रीडा तदर्थम् अभ्यात्तः अभि भक्ताभिमुख्येन आत्तः आनीतः प्रकटितो मनुष्याकारो नराकृतिः परं ब्रह्मेति स्मरणात् तद्रूपो भगवदाख्यो विग्रहो येन । तम् एव पुनर् विशिनष्टि । यदुवृष्टिसात्वतां धुर्यम् । तेषां नित्यपरिकराणां प्रेमभारवहम् इति । अथवा मूलपद्ये शक्त्येति सर्वत्रैव विशेष्यपदम् । श्रीर् मूलरूपा । पुष्ट्यादयस् तदंशाः । विद्या ज्ञानम् । आ समीचीना विद्या भक्तिः । राजविद्या राजगुह्यम् [गीता ९.२] इत्य् आद्य् उक्तेः । माया बहिरङ्गा । तद्वृत्तयः श्र्यादयस् तु पृथक् ज्ञेयाः । शिष्टं समम् । ,कीदृशꣳ त्वाम् ? सम्प्रति त्वदाविर्भावसमये तस्यापीश्वरस्य त्वयि भगवत्य् एव प्रवेशात् । युगपद्विचित्रतत्तच्छक्तिप्रकाशेन या क्रीडा तदर्थम् अभ्यात्तः अभि भक्ताभिमुख्येन आत्तः आनीतः प्रकटितो मनुष्याकारो नराकृतिः परꣳ ब्रह्मेति स्मरणात् तद्रूपो भगवदाख्यो विग्रहो येन । तम् एव पुनर् विशिनष्टि । यदुवृष्टिसात्वताꣳ धुर्यम् । तेषाꣳ नित्यपरिकराणाꣳ प्रेमभारवहम् इति । अथवा मूलपद्ये शक्त्येति सर्वत्रैव विशेष्यपदम् । श्रीर् मूलरूपा । पुष्ट्यादयस् तदꣳशाः । विद्या ज्ञानम् । आ समीचीना विद्या भक्तिः । राजविद्या राजगुह्यम् [गीता ९.२] इत्य् आद्य् उक्तेः । माया बहिरङ्गा । तद्वृत्तयः श्र्यादयस् तु पृथक् ज्ञेयाः । शिष्टꣳ समम् । 
2416,tataś cātra śuddha-bhagavat-prakaraṇe svarūpa-śakti-vṛttiṣv eva gaṇanāyāṁ paryavasitāsu vivecanīyam idam | prathamaṁ tāvad ekasyaiva tattvasya saccidānandatvāc chaktir apy ekā tridhā bhidyate | tad uktaṁ viṣṇu-purāṇe śrī-dhruveṇa—,ततश् चात्र शुद्धभगवत्प्रकरणे स्वरूपशक्तिवृत्तिष्व् एव गणनायां पर्यवसितासु विवेचनीयम् इदम् । प्रथमं तावद् एकस्यैव तत्त्वस्य सच्चिदानन्दत्वाच् छक्तिर् अप्य् एका त्रिधा भिद्यते । तद् उक्तं विष्णुपुराणे श्रीध्रुवेण—,ततश् चात्र शुद्धभगवत्प्रकरणे स्वरूपशक्तिवृत्तिष्व् एव गणनायाꣳ पर्यवसितासु विवेचनीयम् इदम् । प्रथमꣳ तावद् एकस्यैव तत्त्वस्य सच्चिदानन्दत्वाच् छक्तिर् अप्य् एका त्रिधा भिद्यते । तद् उक्तꣳ विष्णुपुराणे श्रीध्रुवेण—
2417,hlādinī sandhinī saṁvit tvayy ekā sarva-saṁsthitau |,ह्लादिनी सन्धिनी संवित् त्वय्य् एका सर्वसंस्थितौ ।,ह्लादिनी सन्धिनी सꣳवित् त्वय्य् एका सर्वसꣳस्थितौ ।
2419,vyākhyātaṁ ca svāmibhiḥ—,व्याख्यातं च स्वामिभिः—,व्याख्यातꣳ च स्वामिभिः—
2420,"hlādinī āhlāda-karī, sandhinī santatā, saṁvid vidyā-śaktiḥ | ekā mukhyā avyabhicāriṇī svarūpa-bhūteti yāvat | sā sarva-saṁsthitau sarvasya samyak sthitir yasmāt tasmin sarvādhiṣṭhāna-bhūte tvayy eva na tu jīveṣu ca sā guṇa-mayī trividhā sā tvayi nāsti | ","ह्लादिनी आह्लादकरी, सन्धिनी सन्तता, संविद् विद्याशक्तिः । एका मुख्या अव्यभिचारिणी स्वरूपभूतेति यावत् । सा सर्वसंस्थितौ सर्वस्य सम्यक् स्थितिर् यस्मात् तस्मिन् सर्वाधिष्ठानभूते त्वय्य् एव न तु जीवेषु च सा गुणमयी त्रिविधा सा त्वयि नास्ति । ","ह्लादिनी आह्लादकरी, सन्धिनी सन्तता, सꣳविद् विद्याशक्तिः । एका मुख्या अव्यभिचारिणी स्वरूपभूतेति यावत् । सा सर्वसꣳस्थितौ सर्वस्य सम्यक् स्थितिर् यस्मात् तस्मिन् सर्वाधिष्ठानभूते त्वय्य् एव न तु जीवेषु च सा गुणमयी त्रिविधा सा त्वयि नास्ति । "
2421,tām evāha—hlāda-tāpa-karī miśrā iti | hlāda-karī manaḥ-prasādotthā sāttvikī | tāpa-karī viṣaya-viyogādiṣu tāpa-karī tāmasī | tad-ubhaya-miśrā viṣaya-janyā rājasī | tatra hetuḥ sattvādi-guṇa-varjite | tad uktaṁ sarvajña-sūktau—,ताम् एवाह—ह्लादतापकरी मिश्रा इति । ह्लादकरी मनःप्रसादोत्था सात्त्विकी । तापकरी विषयवियोगादिषु तापकरी तामसी । तदुभयमिश्रा विषयजन्या राजसी । तत्र हेतुः सत्त्वादिगुणवर्जिते । तद् उक्तं सर्वज्ञसूक्तौ—,ताम् एवाह—ह्लादतापकरी मिश्रा इति । ह्लादकरी मनःप्रसादोत्था सात्त्विकी । तापकरी विषयवियोगादिषु तापकरी तामसी । तदुभयमिश्रा विषयजन्या राजसी । तत्र हेतुः सत्त्वादिगुणवर्जिते । तद् उक्तꣳ सर्वज्ञसूक्तौ—
2422,hlādinyā saṁvid-āśliṣṭaḥ,ह्लादिन्या संविदाश्लिष्टः,ह्लादिन्या सꣳविदाश्लिष्टः
2424,svāvidyā-saṁvṛto jīvaḥ,स्वाविद्यासंवृतो जीवः,स्वाविद्यासꣳवृतो जीवः
2426,"atra kramād utkarṣeṇa sandhinī-saṁvid-dhlādinyo jñeyāḥ | tatra ca sati ghaṭānāṁ ghaṭatvam iva sarveṣāṁ satāṁ vastūnāṁ pratīter nimittam iti kvacit sattā-svarūpatvena āmnāto’py asau bhagavān, sad eva somyedam agra āsīt [chā.u. 6.2.1] ity atra sad-rūpatvena vyapadiśyamānā yayā sattāṁ dadhāti dhārayati ca, sā sarva-deśa-kāla-dravyādi-prāpti-karī sandhinī | tathā saṁvid-rūpo’pi yayā saṁvetti saṁvedayati ca, sā saṁvit | tathā hlāda-rūpo’pi yayā saṁvid-utkaṭa-rūpayā taṁ hlādaṁ saṁvetti saṁvedayati ca, sā hlādinīti vivecanīyam | ","अत्र क्रमाद् उत्कर्षेण सन्धिनीसंविद्ध्लादिन्यो ज्ञेयाः । तत्र च सति घटानां घटत्वम् इव सर्वेषां सतां वस्तूनां प्रतीतेर् निमित्तम् इति क्वचित् सत्तास्वरूपत्वेन आम्नातोऽप्य् असौ भगवान्, सद् एव सोम्येदम् अग्र आसीत् [छा.उ. ६.२.१] इत्य् अत्र सद्रूपत्वेन व्यपदिश्यमाना यया सत्तां दधाति धारयति च, सा सर्वदेशकालद्रव्यादिप्राप्तिकरी सन्धिनी । तथा संविद्रूपोऽपि यया संवेत्ति संवेदयति च, सा संवित् । तथा ह्लादरूपोऽपि यया संविदुत्कटरूपया तं ह्लादं संवेत्ति संवेदयति च, सा ह्लादिनीति विवेचनीयम् । ","अत्र क्रमाद् उत्कर्षेण सन्धिनीसꣳविद्ध्लादिन्यो ज्ञेयाः । तत्र च सति घटानाꣳ घटत्वम् इव सर्वेषाꣳ सताꣳ वस्तूनाꣳ प्रतीतेर् निमित्तम् इति क्वचित् सत्तास्वरूपत्वेन आम्नातोऽप्य् असौ भगवान्, सद् एव सोम्येदम् अग्र आसीत् [छा.उ. ६.२.१] इत्य् अत्र सद्रूपत्वेन व्यपदिश्यमाना यया सत्ताꣳ दधाति धारयति च, सा सर्वदेशकालद्रव्यादिप्राप्तिकरी सन्धिनी । तथा सꣳविद्रूपोऽपि यया सꣳवेत्ति सꣳवेदयति च, सा सꣳवित् । तथा ह्लादरूपोऽपि यया सꣳविदुत्कटरूपया तꣳ ह्लादꣳ सꣳवेत्ति सꣳवेदयति च, सा ह्लादिनीति विवेचनीयम् । "
2427,tad evaṁ tasyā mūla-śaktes try-ātmakatvena siddhe yena sva-prakāśatā-lakṣaṇena tad-vṛtti-viśeṣeṇa svarūpaṁ vā svayaṁ svarūpa-śaktir vā viśiṣṭaṁ vāvirbhavati tad viśuddha-sattvam | tac cānya-nirapekṣyas tat-prakāśa iti jñāpana-jñāna-vṛttikatvāt saṁvid eva | asya māyayā sparśābhāvāt viśuddhatvam ||,तद् एवं तस्या मूलशक्तेस् त्र्यात्मकत्वेन सिद्धे येन स्वप्रकाशतालक्षणेन तद्वृत्तिविशेषेण स्वरूपं वा स्वयं स्वरूपशक्तिर् वा विशिष्टं वाविर्भवति तद् विशुद्धसत्त्वम् । तच् चान्यनिरपेक्ष्यस् तत्प्रकाश इति ज्ञापनज्ञानवृत्तिकत्वात् संविद् एव । अस्य मायया स्पर्शाभावात् विशुद्धत्वम् ॥,तद् एवꣳ तस्या मूलशक्तेस् त्र्यात्मकत्वेन सिद्धे येन स्वप्रकाशतालक्षणेन तद्वृत्तिविशेषेण स्वरूपꣳ वा स्वयꣳ स्वरूपशक्तिर् वा विशिष्टꣳ वाविर्भवति तद् विशुद्धसत्त्वम् । तच् चान्यनिरपेक्ष्यस् तत्प्रकाश इति ज्ञापनज्ञानवृत्तिकत्वात् सꣳविद् एव । अस्य मायया स्पर्शाभावात् विशुद्धत्वम् ॥
2428,ktatra cedam eva viśuddha-sattvaṁ sandhiny-aṁśa-pradhānaṁ ced ādhāra-śaktiḥ | saṁvid-aṁśa-pradhānam ātma-vidyā | hlādinī-sārāṁśa-pradhānaṁ guhya-vidyā | yugapat śakti-traya-pradhānaṁ mūrtiḥ | atrādhāra-śaktyā bhagavad-dhāma prakāśate | tad uktaṁ—yat sātvatāḥ puruṣa-rūpam uśanti sattvaṁ loko yataḥ [bhā.pu. 12.8.46] iti | ,क्तत्र चेदम् एव विशुद्धसत्त्वं सन्धिन्यंशप्रधानं चेद् आधारशक्तिः । संविदंशप्रधानम् आत्मविद्या । ह्लादिनीसारांशप्रधानं गुह्यविद्या । युगपत् शक्तित्रयप्रधानं मूर्तिः । अत्राधारशक्त्या भगवद्धाम प्रकाशते । तद् उक्तं—यत् सात्वताः पुरुषरूपम् उशन्ति सत्त्वं लोको यतः [भा.पु. १२.८.४६] इति । ,क्तत्र चेदम् एव विशुद्धसत्त्वꣳ सन्धिन्यꣳशप्रधानꣳ चेद् आधारशक्तिः । सꣳविदꣳशप्रधानम् आत्मविद्या । ह्लादिनीसाराꣳशप्रधानꣳ गुह्यविद्या । युगपत् शक्तित्रयप्रधानꣳ मूर्तिः । अत्राधारशक्त्या भगवद्धाम प्रकाशते । तद् उक्तꣳ—यत् सात्वताः पुरुषरूपम् उशन्ति सत्त्वꣳ लोको यतः [भा.पु. १२.८.४६] इति । 
2429,tathā jñāna-tat-pravartaka-lakṣaṇa-vṛtti-dvayakayātma-vidyayā tad-vṛtti-rūpam upāsakāśrayaṁ jñānaṁ prakāśate | evaṁ bhakti-tat-pravartaka-lakṣaṇa-vṛtti-dvayakayā guhya-vidyayā tad-vṛtti-rūpā prīty-ātmikā bhaktiḥ prakāśate | ,तथा ज्ञानतत्प्रवर्तकलक्षणवृत्तिद्वयकयात्मविद्यया तद्वृत्तिरूपम् उपासकाश्रयं ज्ञानं प्रकाशते । एवं भक्तितत्प्रवर्तकलक्षणवृत्तिद्वयकया गुह्यविद्यया तद्वृत्तिरूपा प्रीत्यात्मिका भक्तिः प्रकाशते । ,तथा ज्ञानतत्प्रवर्तकलक्षणवृत्तिद्वयकयात्मविद्यया तद्वृत्तिरूपम् उपासकाश्रयꣳ ज्ञानꣳ प्रकाशते । एवꣳ भक्तितत्प्रवर्तकलक्षणवृत्तिद्वयकया गुह्यविद्यया तद्वृत्तिरूपा प्रीत्यात्मिका भक्तिः प्रकाशते । 
2433,ātma-vidyā ca devi tvaṁ,आत्मविद्या च देवि त्वं,आत्मविद्या च देवि त्वꣳ
2435,yajña-vidyā karma | mahā-vidyā aṣṭāṅga-yogaḥ | guhya-vidyā bhaktiḥ | ātma-vidyā jñānam | tat-tat-sarvāśrayatvāt tvam eva tat-tad-rūpā vividhānāṁ muktīnām anyeṣāṁ ca vividhānāṁ phalānāṁ dātrī bhavasīty arthaḥ |k,यज्ञविद्या कर्म । महाविद्या अष्टाङ्गयोगः । गुह्यविद्या भक्तिः । आत्मविद्या ज्ञानम् । तत्तत्सर्वाश्रयत्वात् त्वम् एव तत्तद्रूपा विविधानां मुक्तीनाम् अन्येषां च विविधानां फलानां दात्री भवसीत्य् अर्थः ।क्,यज्ञविद्या कर्म । महाविद्या अष्टाङ्गयोगः । गुह्यविद्या भक्तिः । आत्मविद्या ज्ञानम् । तत्तत्सर्वाश्रयत्वात् त्वम् एव तत्तद्रूपा विविधानाꣳ मुक्तीनाम् अन्येषाꣳ च विविधानाꣳ फलानाꣳ दात्री भवसीत्य् अर्थः ।क्
2436,atha mūrtyā para-tattvātmakaḥ śrī-vigrahaḥ prakāśate | iyam eva vasudevākhyā | tad uktaṁ caturthasya tṛtīye mahādevena—,अथ मूर्त्या परतत्त्वात्मकः श्रीविग्रहः प्रकाशते । इयम् एव वसुदेवाख्या । तद् उक्तं चतुर्थस्य तृतीये महादेवेन—,अथ मूर्त्या परतत्त्वात्मकः श्रीविग्रहः प्रकाशते । इयम् एव वसुदेवाख्या । तद् उक्तꣳ चतुर्थस्य तृतीये महादेवेन—
2437,sattvaṁ viśuddhaṁ vasudeva-śabditaṁ,सत्त्वं विशुद्धं वसुदेवशब्दितं,सत्त्वꣳ विशुद्धꣳ वसुदेवशब्दितꣳ
2441,"asyārthaḥ—viśuddhaṁ svarūpa-śakti-vṛttitvāj jāḍyāṁśenāpi rahitam iti viśeṣeṇa śuddhaṁ, tad eva vasudeva-śabdenoktam | kutas tasya sattvatā vasudevatā vā ? tatrāha—yad yasmāt tatra tasmin pumān vāsudeva īyate prakāśate | ādye tāvad agocara-gocaratā-hetutvena loka-prasiddha-sattva-sāmyāt sattvatā vyaktā | ","अस्यार्थः—विशुद्धं स्वरूपशक्तिवृत्तित्वाज् जाड्यांशेनापि रहितम् इति विशेषेण शुद्धं, तद् एव वसुदेवशब्देनोक्तम् । कुतस् तस्य सत्त्वता वसुदेवता वा ? तत्राह—यद् यस्मात् तत्र तस्मिन् पुमान् वासुदेव ईयते प्रकाशते । आद्ये तावद् अगोचरगोचरताहेतुत्वेन लोकप्रसिद्धसत्त्वसाम्यात् सत्त्वता व्यक्ता । ","अस्यार्थः—विशुद्धꣳ स्वरूपशक्तिवृत्तित्वाज् जाड्याꣳशेनापि रहितम् इति विशेषेण शुद्धꣳ, तद् एव वसुदेवशब्देनोक्तम् । कुतस् तस्य सत्त्वता वसुदेवता वा ? तत्राह—यद् यस्मात् तत्र तस्मिन् पुमान् वासुदेव ईयते प्रकाशते । आद्ये तावद् अगोचरगोचरताहेतुत्वेन लोकप्रसिद्धसत्त्वसाम्यात् सत्त्वता व्यक्ता । "
2442,dvitīye tv ayaṁ arthaḥ—vasudeve bhavati pratīyata iti vāsudevaḥ parameśvaraḥ prasiddhaḥ | sa ca viśuddha-sattvaṁ pratīyate | ataḥ pratyayārthena prasiddhena prakṛty-artho nirdhāryate | tataś ca vāsayati devam iti vyutpattyā va vasaty asminn iti vā vasuḥ | tathā dīvyati dyotata iti devaḥ | sa cāsau sa ceti vāsudevaḥ | dharma iṣṭaṁ dhanaṁ nṝṇāṁ [bhā.pu. 11.19.39] iti svayaṁ bhagavad-ukte vasubhir bhagavad-dharma-lakṣaṇaiḥ puṇyaiḥ prakāśata iti vā vasudevaḥ | tasmād vasudeva-śabditaṁ viśuddha-sattvam | ,द्वितीये त्व् अयं अर्थः—वसुदेवे भवति प्रतीयत इति वासुदेवः परमेश्वरः प्रसिद्धः । स च विशुद्धसत्त्वं प्रतीयते । अतः प्रत्ययार्थेन प्रसिद्धेन प्रकृत्यर्थो निर्धार्यते । ततश् च वासयति देवम् इति व्युत्पत्त्या व वसत्य् अस्मिन्न् इति वा वसुः । तथा दीव्यति द्योतत इति देवः । स चासौ स चेति वासुदेवः । धर्म इष्टं धनं नॄणां [भा.पु. ११.१९.३९] इति स्वयं भगवदुक्ते वसुभिर् भगवद्धर्मलक्षणैः पुण्यैः प्रकाशत इति वा वसुदेवः । तस्माद् वसुदेवशब्दितं विशुद्धसत्त्वम् । ,द्वितीये त्व् अयꣳ अर्थः—वसुदेवे भवति प्रतीयत इति वासुदेवः परमेश्वरः प्रसिद्धः । स च विशुद्धसत्त्वꣳ प्रतीयते । अतः प्रत्ययार्थेन प्रसिद्धेन प्रकृत्यर्थो निर्धार्यते । ततश् च वासयति देवम् इति व्युत्पत्त्या व वसत्य् अस्मिन्न् इति वा वसुः । तथा दीव्यति द्योतत इति देवः । स चासौ स चेति वासुदेवः । धर्म इष्टꣳ धनꣳ नॄणाꣳ [भा.पु. ११.१९.३९] इति स्वयꣳ भगवदुक्ते वसुभिर् भगवद्धर्मलक्षणैः पुण्यैः प्रकाशत इति वा वसुदेवः । तस्माद् वसुदेवशब्दितꣳ विशुद्धसत्त्वम् । 
2443,itthaṁ svayaṁ prakāśa-jyotir-eka-vigraha-bhagavaj-jñāna-hetutvena—,इत्थं स्वयं प्रकाशज्योतिरेकविग्रहभगवज्ज्ञानहेतुत्वेन—,इत्थꣳ स्वयꣳ प्रकाशज्योतिरेकविग्रहभगवज्ज्ञानहेतुत्वेन—
2444,kaivalyaṁ sāttvikaṁ jñānaṁ ,कैवल्यं सात्त्विकं ज्ञानं ,कैवल्यꣳ सात्त्विकꣳ ज्ञानꣳ 
2445,rajo vaikalpikaṁ tu yat | ,रजो वैकल्पिकं तु यत् । ,रजो वैकल्पिकꣳ तु यत् । 
2446,prākṛtaṁ tāmasaṁ jñānaṁ,प्राकृतं तामसं ज्ञानं,प्राकृतꣳ तामसꣳ ज्ञानꣳ
2447,man-niṣṭham nirguṇaṁ smṛtam || [bhā.pu. 11.25.24] ity ādau |,मन्निष्ठम् निर्गुणं स्मृतम् ॥ [भा.पु. ११.२५.२४] इत्य् आदौ ।,मन्निष्ठम् निर्गुणꣳ स्मृतम् ॥ [भा.पु. ११.२५.२४] इत्य् आदौ ।
2448,"bahutra guṇātītāvasthāyām eva bhagavaj-jñāna-śravaṇena na ca siddham | atra viśuddha-padāvagataṁ svarūpa-śakti-vṛtti-bhūta-svaprakāśatā-lakṣaṇatvaṁ tasya vyaktam | tataś ca sattve pratīyata ity atra karaṇa evādhikaraṇa-vivakṣā | svarūpa-śakti-vṛttitvam eva viśadayati | apāvṛta āvaraṇa-śūnyaḥ san prakāśate | prākṛtaṁ sattvaṁ cet, tarhi tatra pratiphalanam evāvasīyate | tataś ca darpaṇe mukhasyeva tad-antargatatayā tasya tatrāvṛtatvenaiva prakāśaḥ syād iti bhāvaḥ | ","बहुत्र गुणातीतावस्थायाम् एव भगवज्ज्ञानश्रवणेन न च सिद्धम् । अत्र विशुद्धपदावगतं स्वरूपशक्तिवृत्तिभूतस्वप्रकाशतालक्षणत्वं तस्य व्यक्तम् । ततश् च सत्त्वे प्रतीयत इत्य् अत्र करण एवाधिकरणविवक्षा । स्वरूपशक्तिवृत्तित्वम् एव विशदयति । अपावृत आवरणशून्यः सन् प्रकाशते । प्राकृतं सत्त्वं चेत्, तर्हि तत्र प्रतिफलनम् एवावसीयते । ततश् च दर्पणे मुखस्येव तदन्तर्गततया तस्य तत्रावृतत्वेनैव प्रकाशः स्याद् इति भावः । ","बहुत्र गुणातीतावस्थायाम् एव भगवज्ज्ञानश्रवणेन न च सिद्धम् । अत्र विशुद्धपदावगतꣳ स्वरूपशक्तिवृत्तिभूतस्वप्रकाशतालक्षणत्वꣳ तस्य व्यक्तम् । ततश् च सत्त्वे प्रतीयत इत्य् अत्र करण एवाधिकरणविवक्षा । स्वरूपशक्तिवृत्तित्वम् एव विशदयति । अपावृत आवरणशून्यः सन् प्रकाशते । प्राकृतꣳ सत्त्वꣳ चेत्, तर्हि तत्र प्रतिफलनम् एवावसीयते । ततश् च दर्पणे मुखस्येव तदन्तर्गततया तस्य तत्रावृतत्वेनैव प्रकाशः स्याद् इति भावः । "
2449,phalitārtham āha—evambhūte sattve tasmin nityam eva prakāśamāno bhagavān me mayā manasā viśeṣeṇa dhīyate cintyata ity arthaḥ | tat sattvaṁ tādātmyāpannenaiva manasā cintayituṁ śakyate iti paryavasitam | ,फलितार्थम् आह—एवम्भूते सत्त्वे तस्मिन् नित्यम् एव प्रकाशमानो भगवान् मे मया मनसा विशेषेण धीयते चिन्त्यत इत्य् अर्थः । तत् सत्त्वं तादात्म्यापन्नेनैव मनसा चिन्तयितुं शक्यते इति पर्यवसितम् । ,फलितार्थम् आह—एवम्भूते सत्त्वे तस्मिन् नित्यम् एव प्रकाशमानो भगवान् मे मया मनसा विशेषेण धीयते चिन्त्यत इत्य् अर्थः । तत् सत्त्वꣳ तादात्म्यापन्नेनैव मनसा चिन्तयितुꣳ शक्यते इति पर्यवसितम् । 
2450,"nanu kevalena manasaiva cintyatāṁ, kiṁ tena sattvena ? tatrāha—hi yasmād adhokṣajaḥ adhaḥ-kṛtam atikrāntam akṣajam indriya-jñānaṁ yena saḥ | ","ननु केवलेन मनसैव चिन्त्यतां, किं तेन सत्त्वेन ? तत्राह—हि यस्माद् अधोक्षजः अधःकृतम् अतिक्रान्तम् अक्षजम् इन्द्रियज्ञानं येन सः । ","ननु केवलेन मनसैव चिन्त्यताꣳ, किꣳ तेन सत्त्वेन ? तत्राह—हि यस्माद् अधोक्षजः अधःकृतम् अतिक्रान्तम् अक्षजम् इन्द्रियज्ञानꣳ येन सः । "
2452,"tathā yato bhagavad-vigraha-prakāśaka-viśuddha-sattvasya mūrtitvaṁ vasudevatvaṁ ca, tata eva tat-prādurbhāva-viśeṣe dharma-patnyā mūrtitvaṁ prasiddham | ","तथा यतो भगवद्विग्रहप्रकाशकविशुद्धसत्त्वस्य मूर्तित्वं वसुदेवत्वं च, तत एव तत्प्रादुर्भावविशेषे धर्मपत्न्या मूर्तित्वं प्रसिद्धम् । ","तथा यतो भगवद्विग्रहप्रकाशकविशुद्धसत्त्वस्य मूर्तित्वꣳ वसुदेवत्वꣳ च, तत एव तत्प्रादुर्भावविशेषे धर्मपत्न्या मूर्तित्वꣳ प्रसिद्धम् । "
2453,śrīmad-ānakadundubhau ca vasudevatvam iti vivecanīyam | atra śraddhā-puṣṭy-ādi-lakṣaṇa-prādurbhūtaṁ bhagavac-chakty-aṁśa-rūpasya bhaginītayā pāṭha-sāhacaryeṇa mūrtes tasyās tac-chakty-aṁśa-prādurbhāvatvam upalabhyate | turye dharma-kalā-sarge nara-nārāyaṇāv ṛṣī [bhā.pu. 1.3.9] ity atra kalā-śabdena ca śaktir evābhidhīyate | tataḥ śakti-lakṣaṇāyāṁ tasyāṁ ca nara-nārāyaṇākhya-bhagavat-prakāśa-phala-darśanāt vasudevākhya-śuddha-sattva-rūpatvam evāvasīyate | ,श्रीमदानकदुन्दुभौ च वसुदेवत्वम् इति विवेचनीयम् । अत्र श्रद्धापुष्ट्यादिलक्षणप्रादुर्भूतं भगवच्छक्त्यंशरूपस्य भगिनीतया पाठसाहचर्येण मूर्तेस् तस्यास् तच्छक्त्यंशप्रादुर्भावत्वम् उपलभ्यते । तुर्ये धर्मकलासर्गे नरनारायणाव् ऋषी [भा.पु. १.३.९] इत्य् अत्र कलाशब्देन च शक्तिर् एवाभिधीयते । ततः शक्तिलक्षणायां तस्यां च नरनारायणाख्यभगवत्प्रकाशफलदर्शनात् वसुदेवाख्यशुद्धसत्त्वरूपत्वम् एवावसीयते । ,श्रीमदानकदुन्दुभौ च वसुदेवत्वम् इति विवेचनीयम् । अत्र श्रद्धापुष्ट्यादिलक्षणप्रादुर्भूतꣳ भगवच्छक्त्यꣳशरूपस्य भगिनीतया पाठसाहचर्येण मूर्तेस् तस्यास् तच्छक्त्यꣳशप्रादुर्भावत्वम् उपलभ्यते । तुर्ये धर्मकलासर्गे नरनारायणाव् ऋषी [भा.पु. १.३.९] इत्य् अत्र कलाशब्देन च शक्तिर् एवाभिधीयते । ततः शक्तिलक्षणायाꣳ तस्याꣳ च नरनारायणाख्यभगवत्प्रकाशफलदर्शनात् वसुदेवाख्यशुद्धसत्त्वरूपत्वम् एवावसीयते । 
2454,"tad evam eva tasyā mūrtir ity ākhyā’py uktā | tathā ca śraddhādyā viśadārthatayā vimucya saiva niruktā caturthe—mūrtiḥ sarva-guṇotpattir nara-nārāyaṇāv ṛṣī [bhā.pu. 4.1.52] iti | sarva-guṇasya bhagavata utpattiḥ prakāśo yasyāḥ, sā tāv asūteti pūrveṇānvayaḥ | bhagavad-ākhyāyāḥ sac-cid-ānanda-mūrteḥ prakāśa-hetutvāt mūrtir ity arthaḥ | tathaiva tat-prakāśa-phalatva-darśanena ca nāmaikyena ca śrīmad-ānakadundubher api śuddha-sattvāvirbhāvatvaṁ jñeyam | tac coktaṁ navame—","तद् एवम् एव तस्या मूर्तिर् इत्य् आख्याऽप्य् उक्ता । तथा च श्रद्धाद्या विशदार्थतया विमुच्य सैव निरुक्ता चतुर्थे—मूर्तिः सर्वगुणोत्पत्तिर् नरनारायणाव् ऋषी [भा.पु. ४.१.५२] इति । सर्वगुणस्य भगवत उत्पत्तिः प्रकाशो यस्याः, सा ताव् असूतेति पूर्वेणान्वयः । भगवदाख्यायाः सच्चिदानन्दमूर्तेः प्रकाशहेतुत्वात् मूर्तिर् इत्य् अर्थः । तथैव तत्प्रकाशफलत्वदर्शनेन च नामैक्येन च श्रीमदानकदुन्दुभेर् अपि शुद्धसत्त्वाविर्भावत्वं ज्ञेयम् । तच् चोक्तं नवमे—","तद् एवम् एव तस्या मूर्तिर् इत्य् आख्याऽप्य् उक्ता । तथा च श्रद्धाद्या विशदार्थतया विमुच्य सैव निरुक्ता चतुर्थे—मूर्तिः सर्वगुणोत्पत्तिर् नरनारायणाव् ऋषी [भा.पु. ४.१.५२] इति । सर्वगुणस्य भगवत उत्पत्तिः प्रकाशो यस्याः, सा ताव् असूतेति पूर्वेणान्वयः । भगवदाख्यायाः सच्चिदानन्दमूर्तेः प्रकाशहेतुत्वात् मूर्तिर् इत्य् अर्थः । तथैव तत्प्रकाशफलत्वदर्शनेन च नामैक्येन च श्रीमदानकदुन्दुभेर् अपि शुद्धसत्त्वाविर्भावत्वꣳ ज्ञेयम् । तच् चोक्तꣳ नवमे—"
2455,vasudevaṁ hareḥ sthānaṁ,वसुदेवं हरेः स्थानं,वसुदेवꣳ हरेः स्थानꣳ
2457,"anyathā hareḥ sthānam iti viśeṣaṇasyākiñcitkaratvaṁ syād iti | tad evaṁ hlādiny-ādy-ekatamāṁśa-viśeṣa-pradhānena viśuddha-sattvena yathāyathaṁ śrī-prabhṛtīnām api prādurbhāvo vivektavyaḥ | tatra ca tāsāṁ bhagavati sampad-rūpatvaṁ tad-anugrāhye sampat-sampādaka-rūpatvaṁ sampad-aṁśa-rūpatvaṁ cety-ādi-trirūpatvaṁ jñeyam | tatra tāsāṁ kevala-śakti-mātratvenāmūrtānāṁ bhagavad-vigrahādyaikātmyena sthitiḥ, tad-adhiṣṭhātrī-rūpatvena mūrtīnāṁ tu tat-tad-āvaraṇatayeti dvirūpatvam api jñeyam iti dik ||","अन्यथा हरेः स्थानम् इति विशेषणस्याकिञ्चित्करत्वं स्याद् इति । तद् एवं ह्लादिन्याद्येकतमांशविशेषप्रधानेन विशुद्धसत्त्वेन यथायथं श्रीप्रभृतीनाम् अपि प्रादुर्भावो विवेक्तव्यः । तत्र च तासां भगवति सम्पद्रूपत्वं तदनुग्राह्ये सम्पत्सम्पादकरूपत्वं सम्पदंशरूपत्वं चेत्यादित्रिरूपत्वं ज्ञेयम् । तत्र तासां केवलशक्तिमात्रत्वेनामूर्तानां भगवद्विग्रहाद्यैकात्म्येन स्थितिः, तदधिष्ठात्रीरूपत्वेन मूर्तीनां तु तत्तदावरणतयेति द्विरूपत्वम् अपि ज्ञेयम् इति दिक् ॥","अन्यथा हरेः स्थानम् इति विशेषणस्याकिञ्चित्करत्वꣳ स्याद् इति । तद् एवꣳ ह्लादिन्याद्येकतमाꣳशविशेषप्रधानेन विशुद्धसत्त्वेन यथायथꣳ श्रीप्रभृतीनाम् अपि प्रादुर्भावो विवेक्तव्यः । तत्र च तासाꣳ भगवति सम्पद्रूपत्वꣳ तदनुग्राह्ये सम्पत्सम्पादकरूपत्वꣳ सम्पदꣳशरूपत्वꣳ चेत्यादित्रिरूपत्वꣳ ज्ञेयम् । तत्र तासाꣳ केवलशक्तिमात्रत्वेनामूर्तानाꣳ भगवद्विग्रहाद्यैकात्म्येन स्थितिः, तदधिष्ठात्रीरूपत्वेन मूर्तीनाꣳ तु तत्तदावरणतयेति द्विरूपत्वम् अपि ज्ञेयम् इति दिक् ॥"
2459,lathaivaṁ bhūtānanta-vṛttikā yā svarūpa-śaktiḥ sā tv iha bhagavad-dhāmāṁśa-vartinī mūrtimatī lakṣmīr evety āha—,लथैवं भूतानन्तवृत्तिका या स्वरूपशक्तिः सा त्व् इह भगवद्धामांशवर्तिनी मूर्तिमती लक्ष्मीर् एवेत्य् आह—,लथैवꣳ भूतानन्तवृत्तिका या स्वरूपशक्तिः सा त्व् इह भगवद्धामाꣳशवर्तिनी मूर्तिमती लक्ष्मीर् एवेत्य् आह—
2463,"atra sākṣāc-chabdena vilajjamānayā yasya sthātum īkṣā-pathe’muyā [bhā.pu. 2.5.13] ity-ādy uktā māyā neti dhvanitam | tatrānapāyitvaṁ, yathā śrī-hāyaśīrṣa-pañcarātre—","अत्र साक्षाच्छब्देन विलज्जमानया यस्य स्थातुम् ईक्षापथेऽमुया [भा.पु. २.५.१३] इत्याद्य् उक्ता माया नेति ध्वनितम् । तत्रानपायित्वं, यथा श्रीहायशीर्षपञ्चरात्रे—","अत्र साक्षाच्छब्देन विलज्जमानया यस्य स्थातुम् ईक्षापथेऽमुया [भा.पु. २.५.१३] इत्याद्य् उक्ता माया नेति ध्वनितम् । तत्रानपायित्वꣳ, यथा श्रीहायशीर्षपञ्चरात्रे—"
2466,na viṣṇunā vinā devī na hariḥ padmajāṁ vinā || iti |,न विष्णुना विना देवी न हरिः पद्मजां विना ॥ इति ।,न विष्णुना विना देवी न हरिः पद्मजाꣳ विना ॥ इति ।
2469,yathā sarva-gato viṣṇus tathaiveyaṁ dvijottama || [vi.pu. 1.8.17]k iti |,यथा सर्वगतो विष्णुस् तथैवेयं द्विजोत्तम ॥ [वि.पु. १.८.१७]क् इति ।,यथा सर्वगतो विष्णुस् तथैवेयꣳ द्विजोत्तम ॥ [वि.पु. १.८.१७]क् इति ।
2471,evaṁ yathā jagat-svāmī deva-devo janārdanaḥ |,एवं यथा जगत्स्वामी देवदेवो जनार्दनः ।,एवꣳ यथा जगत्स्वामी देवदेवो जनार्दनः ।
2472,avatāraṁ karoty eṣā tathā śrīs tat-sahāyinī || [vi.pu. 1.9.140] iti |,अवतारं करोत्य् एषा तथा श्रीस् तत्सहायिनी ॥ [वि.पु. १.९.१४०] इति ।,अवतारꣳ करोत्य् एषा तथा श्रीस् तत्सहायिनी ॥ [वि.पु. १.९.१४०] इति ।
2474,aparaṁ tv akṣaraṁ yā sā prakṛtir jaḍa-rūpikā |,अपरं त्व् अक्षरं या सा प्रकृतिर् जडरूपिका ।,अपरꣳ त्व् अक्षरꣳ या सा प्रकृतिर् जडरूपिका ।
2475,śrīḥ parā prakṛtiḥ proktā cetanā viṣṇu-saṁśrayā ||,श्रीः परा प्रकृतिः प्रोक्ता चेतना विष्णुसंश्रया ॥,श्रीः परा प्रकृतिः प्रोक्ता चेतना विष्णुसꣳश्रया ॥
2476,tām akṣaraṁ paraṁ prāhuḥ parataḥ param akṣaram | ,ताम् अक्षरं परं प्राहुः परतः परम् अक्षरम् । ,ताम् अक्षरꣳ परꣳ प्राहुः परतः परम् अक्षरम् । 
2483,atra svāmibhir eva vyākhyātaṁ ca—,अत्र स्वामिभिर् एव व्याख्यातं च—,अत्र स्वामिभिर् एव व्याख्यातꣳ च—
2484,kalā-kāṣṭhā-nimeṣādi-kāla eva sūtravat sūtraṁ jagac-ceṣṭā-niyāmakatvāt tasya gocare viṣaye yasya śaktir lakṣmīr na vartate | svarūpābhinnatvān nityaiva sā kālādhīnā na bhavatīty arthaḥ | ata eva tasyāḥ svarūpābhedāc chuddhasyety uktam ||,कलाकाष्ठानिमेषादिकाल एव सूत्रवत् सूत्रं जगच्चेष्टानियामकत्वात् तस्य गोचरे विषये यस्य शक्तिर् लक्ष्मीर् न वर्तते । स्वरूपाभिन्नत्वान् नित्यैव सा कालाधीना न भवतीत्य् अर्थः । अत एव तस्याः स्वरूपाभेदाच् छुद्धस्येत्य् उक्तम् ॥,कलाकाष्ठानिमेषादिकाल एव सूत्रवत् सूत्रꣳ जगच्चेष्टानियामकत्वात् तस्य गोचरे विषये यस्य शक्तिर् लक्ष्मीर् न वर्तते । स्वरूपाभिन्नत्वान् नित्यैव सा कालाधीना न भवतीत्य् अर्थः । अत एव तस्याः स्वरूपाभेदाच् छुद्धस्येत्य् उक्तम् ॥
2485,"nanu yadi lakṣmīs tat-svarūpābhinnā kathaṁ tarhi lakṣmyāḥ patiḥ ity ucyate ? tatrāha—procyate iti parā cāsau mā ca lakṣmīs tasyā īśo yaḥ, śuddhaḥ kevalo’pi upacārato bheda-vivaśayā procyate | dvitīyo yac-chabdaḥ prasiddhau iti ||","ननु यदि लक्ष्मीस् तत्स्वरूपाभिन्ना कथं तर्हि लक्ष्म्याः पतिः इत्य् उच्यते ? तत्राह—प्रोच्यते इति परा चासौ मा च लक्ष्मीस् तस्या ईशो यः, शुद्धः केवलोऽपि उपचारतो भेदविवशया प्रोच्यते । द्वितीयो यच्छब्दः प्रसिद्धौ इति ॥","ननु यदि लक्ष्मीस् तत्स्वरूपाभिन्ना कथꣳ तर्हि लक्ष्म्याः पतिः इत्य् उच्यते ? तत्राह—प्रोच्यते इति परा चासौ मा च लक्ष्मीस् तस्या ईशो यः, शुद्धः केवलोऽपि उपचारतो भेदविवशया प्रोच्यते । द्वितीयो यच्छब्दः प्रसिद्धौ इति ॥"
2486,evam evābhipretya prārthitaṁ śrī-brahmaṇā tṛtīye—,एवम् एवाभिप्रेत्य प्रार्थितं श्रीब्रह्मणा तृतीये—,एवम् एवाभिप्रेत्य प्रार्थितꣳ श्रीब्रह्मणा तृतीये—
2489,tasmin sva-vikramam idaṁ sṛjato’pi ceto ,तस्मिन् स्वविक्रमम् इदं सृजतोऽपि चेतो ,तस्मिन् स्वविक्रमम् इदꣳ सृजतोऽपि चेतो 
2490,yuñjīta karma śamalaṁ ca yathā vijahyām || [bhā.pu. 3.9.23] iti | ,युञ्जीत कर्म शमलं च यथा विजह्याम् ॥ [भा.पु. ३.९.२३] इति । ,युञ्जीत कर्म शमलꣳ च यथा विजह्याम् ॥ [भा.पु. ३.९.२३] इति । 
2493,dṛṣṭvā taṁ mahad adbhutam | ,दृष्ट्वा तं महद् अद्भुतम् । ,दृष्ट्वा तꣳ महद् अद्भुतम् । 
2495,sā nopeyāya śaṅkitā || [bhā.pu. 7.9.2] iti śrī-nṛsiṁha-prādurbhūtāv uktam |,सा नोपेयाय शङ्किता ॥ [भा.पु. ७.९.२] इति श्रीनृसिंहप्रादुर्भूताव् उक्तम् ।,सा नोपेयाय शङ्किता ॥ [भा.पु. ७.९.२] इति श्रीनृसिꣳहप्रादुर्भूताव् उक्तम् ।
2496,tatrādṛṣṭāśruta-pūrvatvaṁ sambhramād eva jātam ity ūhyam | tasmāt sādhu vyākhyātaṁ anapāyinī bhagavatīty-ādi ||,तत्रादृष्टाश्रुतपूर्वत्वं सम्भ्रमाद् एव जातम् इत्य् ऊह्यम् । तस्मात् साधु व्याख्यातं अनपायिनी भगवतीत्यादि ॥,तत्रादृष्टाश्रुतपूर्वत्वꣳ सम्भ्रमाद् एव जातम् इत्य् ऊह्यम् । तस्मात् साधु व्याख्यातꣳ अनपायिनी भगवतीत्यादि ॥
2498,"tad evaṁ saccidānandaika-rūpaḥ svarūpa-bhūtācintya-vicitrānanta-śakti-yukto dharmatva eva dharmitvaṁ, nirbhedatva eva nānā-bhedavattvam, aparūpitva eva rūpitvaṁ, vyāpakatva eva madhyamatvaṁ, satyam evety-ādi-paraspara-viruddhānanta-guṇa-nidhiḥ | sthūla-sūkṣma-vilakṣaṇa-sva-prakāśākhaṇḍa-sva-svarūpa-bhūta-śrī-vigrahas tathābhūta-bhagavad-ākhyā-mukhyaika-vigraha-vyañjita-tādṛśānanta-vigrahas tādṛśa-svānurūpa-svarūpa-śaktyāvirbhāva-lakṣaṇa-lakṣmī-rañjita-vāmāṁśaḥ sva-prabhā-viśeṣākāra-paricchada-parikara-nija-dhāmasu virājamānākāraḥ svarūpa-śakti-vilāsa-lakṣaṇādbhuta-guṇa-līlādi-camatkāritātmārāmādi-gaṇo nija-sāmānya-prakāśākāra-brahma-tattvo nijāśrayaika-jīvana-jīvākhya-taṭastha-śaktir ananta-prapañca-vyañjita-svābhāsa-śakti-guṇo bhagavān iti vidvad-upalabdhārtha-śabdair vyañjitam | ","तद् एवं सच्चिदानन्दैकरूपः स्वरूपभूताचिन्त्यविचित्रानन्तशक्तियुक्तो धर्मत्व एव धर्मित्वं, निर्भेदत्व एव नानाभेदवत्त्वम्, अपरूपित्व एव रूपित्वं, व्यापकत्व एव मध्यमत्वं, सत्यम् एवेत्यादिपरस्परविरुद्धानन्तगुणनिधिः । स्थूलसूक्ष्मविलक्षणस्वप्रकाशाखण्डस्वस्वरूपभूतश्रीविग्रहस् तथाभूतभगवदाख्यामुख्यैकविग्रहव्यञ्जिततादृशानन्तविग्रहस् तादृशस्वानुरूपस्वरूपशक्त्याविर्भावलक्षणलक्ष्मीरञ्जितवामांशः स्वप्रभाविशेषाकारपरिच्छदपरिकरनिजधामसु विराजमानाकारः स्वरूपशक्तिविलासलक्षणाद्भुतगुणलीलादिचमत्कारितात्मारामादिगणो निजसामान्यप्रकाशाकारब्रह्मतत्त्वो निजाश्रयैकजीवनजीवाख्यतटस्थशक्तिर् अनन्तप्रपञ्चव्यञ्जितस्वाभासशक्तिगुणो भगवान् इति विद्वदुपलब्धार्थशब्दैर् व्यञ्जितम् । ","तद् एवꣳ सच्चिदानन्दैकरूपः स्वरूपभूताचिन्त्यविचित्रानन्तशक्तियुक्तो धर्मत्व एव धर्मित्वꣳ, निर्भेदत्व एव नानाभेदवत्त्वम्, अपरूपित्व एव रूपित्वꣳ, व्यापकत्व एव मध्यमत्वꣳ, सत्यम् एवेत्यादिपरस्परविरुद्धानन्तगुणनिधिः । स्थूलसूक्ष्मविलक्षणस्वप्रकाशाखण्डस्वस्वरूपभूतश्रीविग्रहस् तथाभूतभगवदाख्यामुख्यैकविग्रहव्यञ्जिततादृशानन्तविग्रहस् तादृशस्वानुरूपस्वरूपशक्त्याविर्भावलक्षणलक्ष्मीरञ्जितवामाꣳशः स्वप्रभाविशेषाकारपरिच्छदपरिकरनिजधामसु विराजमानाकारः स्वरूपशक्तिविलासलक्षणाद्भुतगुणलीलादिचमत्कारितात्मारामादिगणो निजसामान्यप्रकाशाकारब्रह्मतत्त्वो निजाश्रयैकजीवनजीवाख्यतटस्थशक्तिर् अनन्तप्रपञ्चव्यञ्जितस्वाभासशक्तिगुणो भगवान् इति विद्वदुपलब्धार्थशब्दैर् व्यञ्जितम् । "
2499,"tatra tat-svabhāvaṁ vastv-antaram apaśyatām aviduṣām asambhāvanā na yukteti vividiṣūn śraddhāpayituṁ prakriyate | tatraikena ślokena tasyāviduṣāṁ jñānāgocaratvaṁ, kintu vedaika-vedyatvam evety āhuḥ—","तत्र तत्स्वभावं वस्त्वन्तरम् अपश्यताम् अविदुषाम् असम्भावना न युक्तेति विविदिषून् श्रद्धापयितुं प्रक्रियते । तत्रैकेन श्लोकेन तस्याविदुषां ज्ञानागोचरत्वं, किन्तु वेदैकवेद्यत्वम् एवेत्य् आहुः—","तत्र तत्स्वभावꣳ वस्त्वन्तरम् अपश्यताम् अविदुषाम् असम्भावना न युक्तेति विविदिषून् श्रद्धापयितुꣳ प्रक्रियते । तत्रैकेन श्लोकेन तस्याविदुषाꣳ ज्ञानागोचरत्वꣳ, किन्तु वेदैकवेद्यत्वम् एवेत्य् आहुः—"
2500,ka iha nu veda batāvara-janma-layo’gra-saraṁ ,क इह नु वेद बतावरजन्मलयोऽग्रसरं ,क इह नु वेद बतावरजन्मलयोऽग्रसरꣳ 
2502,tarhi na san na cāsad ubhayaṁ na ca kāla-javaḥ ,तर्हि न सन् न चासद् उभयं न च कालजवः ,तर्हि न सन् न चासद् उभयꣳ न च कालजवः 
2504,"bata aho he bhagavan iha jagati agra-saraṁ pūrva-siddhaṁ tvāṁ avara-janma-layaḥ arvācīnotpatti-nāśavān ko nu pumān veda jānāti | īśvarasya pūrva-siddhāv anyasya cārvācīnatve kāraṇaṁ vadantyo jñāna-kāraṇābhāvam āhuḥ—yata udagād iti | yatas tvatta eva ṛṣir brahmā utpannaḥ | ato’rvācīnāḥ sarve | yadā tu bhavān śāstraṁ sva-vijñāpakaṁ vedam avakṛṣya vaikuṇṭha evākṛṣya śayīta jagat-kāryaṁ prati dṛṣṭiṁ nimīlayati, tarhi tadā anuśāyināṁ jīvānāṁ jñāna-sādhanaṁ nāsti | yatas tadā na sat sthūlam ākāśādi, na cāsat sūkṣmaṁ mahad-ādi, na cobhayaṁ sad-asadbhyām ārabdhaṁ śarīram | na ca kāla-javaḥ tan-nimittī-bhūtaṁ kāla-vaiṣamyam | evaṁ sati tatra tadā kim api indriya-prāṇādy api na | ","बत अहो हे भगवन् इह जगति अग्रसरं पूर्वसिद्धं त्वां अवरजन्मलयः अर्वाचीनोत्पत्तिनाशवान् को नु पुमान् वेद जानाति । ईश्वरस्य पूर्वसिद्धाव् अन्यस्य चार्वाचीनत्वे कारणं वदन्त्यो ज्ञानकारणाभावम् आहुः—यत उदगाद् इति । यतस् त्वत्त एव ऋषिर् ब्रह्मा उत्पन्नः । अतोऽर्वाचीनाः सर्वे । यदा तु भवान् शास्त्रं स्वविज्ञापकं वेदम् अवकृष्य वैकुण्ठ एवाकृष्य शयीत जगत्कार्यं प्रति दृष्टिं निमीलयति, तर्हि तदा अनुशायिनां जीवानां ज्ञानसाधनं नास्ति । यतस् तदा न सत् स्थूलम् आकाशादि, न चासत् सूक्ष्मं महदादि, न चोभयं सदसद्भ्याम् आरब्धं शरीरम् । न च कालजवः तन्निमित्तीभूतं कालवैषम्यम् । एवं सति तत्र तदा किम् अपि इन्द्रियप्राणाद्य् अपि न । ","बत अहो हे भगवन् इह जगति अग्रसरꣳ पूर्वसिद्धꣳ त्वाꣳ अवरजन्मलयः अर्वाचीनोत्पत्तिनाशवान् को नु पुमान् वेद जानाति । ईश्वरस्य पूर्वसिद्धाव् अन्यस्य चार्वाचीनत्वे कारणꣳ वदन्त्यो ज्ञानकारणाभावम् आहुः—यत उदगाद् इति । यतस् त्वत्त एव ऋषिर् ब्रह्मा उत्पन्नः । अतोऽर्वाचीनाः सर्वे । यदा तु भवान् शास्त्रꣳ स्वविज्ञापकꣳ वेदम् अवकृष्य वैकुण्ठ एवाकृष्य शयीत जगत्कार्यꣳ प्रति दृष्टिꣳ निमीलयति, तर्हि तदा अनुशायिनाꣳ जीवानाꣳ ज्ञानसाधनꣳ नास्ति । यतस् तदा न सत् स्थूलम् आकाशादि, न चासत् सूक्ष्मꣳ महदादि, न चोभयꣳ सदसद्भ्याम् आरब्धꣳ शरीरम् । न च कालजवः तन्निमित्तीभूतꣳ कालवैषम्यम् । एवꣳ सति तत्र तदा किम् अपि इन्द्रियप्राणाद्य् अपि न । "
2505,"ayam arthaḥ—yadā sṛṣṭi-samaye veda-pracāritaṁ tādṛśa-bhagavaj-jñānaṁ tadārvāk-sṛṣṭi-gatatvāt dehādy-upādhi-kṛtāntaratvāt kāla-karma-vaśena malina-sattvāt teṣām tad-avadhāraṇe sāmarthyaṁ nāsti | yadā tu pralaye samaye na bahv-antaram api, tadāpi teṣāṁ vedāntardhāna-mahā-tamo-maya-suṣuptibhyāṁ sādhanābhāvān na tavānubhava-sāmarthyam iti | ","अयम् अर्थः—यदा सृष्टिसमये वेदप्रचारितं तादृशभगवज्ज्ञानं तदार्वाक्सृष्टिगतत्वात् देहाद्युपाधिकृतान्तरत्वात् कालकर्मवशेन मलिनसत्त्वात् तेषाम् तदवधारणे सामर्थ्यं नास्ति । यदा तु प्रलये समये न बह्वन्तरम् अपि, तदापि तेषां वेदान्तर्धानमहातमोमयसुषुप्तिभ्यां साधनाभावान् न तवानुभवसामर्थ्यम् इति । ","अयम् अर्थः—यदा सृष्टिसमये वेदप्रचारितꣳ तादृशभगवज्ज्ञानꣳ तदार्वाक्सृष्टिगतत्वात् देहाद्युपाधिकृतान्तरत्वात् कालकर्मवशेन मलिनसत्त्वात् तेषाम् तदवधारणे सामर्थ्यꣳ नास्ति । यदा तु प्रलये समये न बह्वन्तरम् अपि, तदापि तेषाꣳ वेदान्तर्धानमहातमोमयसुषुप्तिभ्याꣳ साधनाभावान् न तवानुभवसामर्थ्यम् इति । "
2507,na taṁ vidātha ya imā jajānānyad ,न तं विदाथ य इमा जजानान्यद् ,न तꣳ विदाथ य इमा जजानान्यद् 
2508,yuṣmākam antaraṁ babhūva [ṛ.ve. 10.82.17]  ,युष्माकम् अन्तरं बभूव [ऋ।वे। १०।८२।१७]  ,युष्माकम् अन्तरꣳ बभूव [ऋ.वे. १०.८२.१७]  
2511,kuta ājātā kuta iyaṁ visṛṣṭiḥ | ,कुत आजाता कुत इयं विसृष्टिः । ,कुत आजाता कुत इयꣳ विसृष्टिः । 
2514,anejad ekaṁ manaso javīyo ,अनेजद् एकं मनसो जवीयो ,अनेजद् एकꣳ मनसो जवीयो 
2515,nainaṁ devā āpnuvan pūrvam arṣat | ,नैनं देवा आप्नुवन् पूर्वम् अर्षत् । ,नैनꣳ देवा आप्नुवन् पूर्वम् अर्षत् । 
2518,na cakṣur na śrotraṁ na tarko na smṛtir vedo hy evainaṁ vedayati ity ādyāḥ | ,न चक्षुर् न श्रोत्रं न तर्को न स्मृतिर् वेदो ह्य् एवैनं वेदयति इत्य् आद्याः । ,न चक्षुर् न श्रोत्रꣳ न तर्को न स्मृतिर् वेदो ह्य् एवैनꣳ वेदयति इत्य् आद्याः । 
2520,atha tat-pūrvakaṁ viduṣāṁ bhaktyaiva sākṣād anubhavanīyatvam āha tribhiḥ—,अथ तत्पूर्वकं विदुषां भक्त्यैव साक्षाद् अनुभवनीयत्वम् आह त्रिभिः—,अथ तत्पूर्वकꣳ विदुषाꣳ भक्त्यैव साक्षाद् अनुभवनीयत्वम् आह त्रिभिः—
2521,na paśyati tvāṁ param ātmano’jano,न पश्यति त्वां परम् आत्मनोऽजनो,न पश्यति त्वाꣳ परम् आत्मनोऽजनो
2525,"ajano’jo brahmāpi tvām adyāpi na paśyati, na ca budhyate | kathambhūtam ? ātmanaḥ paraṁ pratyag-rūpam | kair hetubhir api na budhyate na paśyati ca ? samādhi-yuktibhiḥ brahma-samādhināpy aparokṣaṁ na paśyati | yuktibhiḥ parokṣam api na samyag budhyata ity arthaḥ | ","अजनोऽजो ब्रह्मापि त्वाम् अद्यापि न पश्यति, न च बुध्यते । कथम्भूतम् ? आत्मनः परं प्रत्यग्रूपम् । कैर् हेतुभिर् अपि न बुध्यते न पश्यति च ? समाधियुक्तिभिः ब्रह्मसमाधिनाप्य् अपरोक्षं न पश्यति । युक्तिभिः परोक्षम् अपि न सम्यग् बुध्यत इत्य् अर्थः । ","अजनोऽजो ब्रह्मापि त्वाम् अद्यापि न पश्यति, न च बुध्यते । कथम्भूतम् ? आत्मनः परꣳ प्रत्यग्रूपम् । कैर् हेतुभिर् अपि न बुध्यते न पश्यति च ? समाधियुक्तिभिः ब्रह्मसमाधिनाप्य् अपरोक्षꣳ न पश्यति । युक्तिभिः परोक्षम् अपि न सम्यग् बुध्यत इत्य् अर्थः । "
2526,apare’rvācīnās tu kutas tvāṁ paśyeyur budhyeran vā ? arvācīnatve hetuḥ—tasya brahmaṇaḥ | manaś ca śarīraṁ ca dhīś ca sattva-tamo-rajaḥ-kāryāṇi tābhir vividhā ye deva-tiryaṅ-narāṇāṁ sargās teṣu sṛṣṭāḥ | tatrāpi vayam aprakāśā ajñāḥ kutaḥ paśyema ? ity arthaḥ | ,अपरेऽर्वाचीनास् तु कुतस् त्वां पश्येयुर् बुध्येरन् वा ? अर्वाचीनत्वे हेतुः—तस्य ब्रह्मणः । मनश् च शरीरं च धीश् च सत्त्वतमोरजःकार्याणि ताभिर् विविधा ये देवतिर्यङ्नराणां सर्गास् तेषु सृष्टाः । तत्रापि वयम् अप्रकाशा अज्ञाः कुतः पश्येम ? इत्य् अर्थः । ,अपरेऽर्वाचीनास् तु कुतस् त्वाꣳ पश्येयुर् बुध्येरन् वा ? अर्वाचीनत्वे हेतुः—तस्य ब्रह्मणः । मनश् च शरीरꣳ च धीश् च सत्त्वतमोरजःकार्याणि ताभिर् विविधा ये देवतिर्यङ्नराणाꣳ सर्गास् तेषु सृष्टाः । तत्रापि वयम् अप्रकाशा अज्ञाः कुतः पश्येम ? इत्य् अर्थः । 
2527,apare tarhi kiṁ paśyanti ? tatrāha—,अपरे तर्हि किं पश्यन्ति ? तत्राह—,अपरे तर्हि किꣳ पश्यन्ति ? तत्राह—
2530,man-māyayā mohita-cetasas tvāṁ ,मन्मायया मोहितचेतसस् त्वां ,मन्मायया मोहितचेतसस् त्वाꣳ 
2531,viduḥ sva-saṁsthaṁ na bahiḥ prakāśāḥ || [bhā.pu. 9.8.22],विदुः स्वसंस्थं न बहिः प्रकाशाः ॥ [भा.पु. ९.८.२२],विदुः स्वसꣳस्थꣳ न बहिः प्रकाशाः ॥ [भा.पु. ९.८.२२]
2532,"ye deha-bhājas te svasmin samyak-sthitam api tvāṁ na viduḥ, kintu guṇān eva vipaśyanti | kadācic ca kevalaṁ tama eva paśyanti, yatas triguṇā buddhir eva pradhānaṁ yeṣāṁ | buddhi-paratantratayā jāgrat-svapnayor viṣayān paśyanti | suṣuptau tu tama eva, na tu vastuto nirguṇānāṁ sarveṣāṁ ātmārāmāṇām ātma-bhūtaṁ tvām | sarvatra hetuḥ—yat yataḥ māyayā yasya tava māyayā vā mohitaṁ ceto yeṣāṁ te | ","ये देहभाजस् ते स्वस्मिन् सम्यक्स्थितम् अपि त्वां न विदुः, किन्तु गुणान् एव विपश्यन्ति । कदाचिच् च केवलं तम एव पश्यन्ति, यतस् त्रिगुणा बुद्धिर् एव प्रधानं येषां । बुद्धिपरतन्त्रतया जाग्रत्स्वप्नयोर् विषयान् पश्यन्ति । सुषुप्तौ तु तम एव, न तु वस्तुतो निर्गुणानां सर्वेषां आत्मारामाणाम् आत्मभूतं त्वाम् । सर्वत्र हेतुः—यत् यतः मायया यस्य तव मायया वा मोहितं चेतो येषां ते । ","ये देहभाजस् ते स्वस्मिन् सम्यक्स्थितम् अपि त्वाꣳ न विदुः, किन्तु गुणान् एव विपश्यन्ति । कदाचिच् च केवलꣳ तम एव पश्यन्ति, यतस् त्रिगुणा बुद्धिर् एव प्रधानꣳ येषाꣳ । बुद्धिपरतन्त्रतया जाग्रत्स्वप्नयोर् विषयान् पश्यन्ति । सुषुप्तौ तु तम एव, न तु वस्तुतो निर्गुणानाꣳ सर्वेषाꣳ आत्मारामाणाम् आत्मभूतꣳ त्वाम् । सर्वत्र हेतुः—यत् यतः मायया यस्य तव मायया वा मोहितꣳ चेतो येषाꣳ ते । "
2533,"tathāpi tvaṁ vicāreṇa jñāsyasīti cet, maivam | yato nāsmad-vidhānāṁ jñāna-gocaras tvaṁ, kintu bhaktānām evety āha—","तथापि त्वं विचारेण ज्ञास्यसीति चेत्, मैवम् । यतो नास्मद्विधानां ज्ञानगोचरस् त्वं, किन्तु भक्तानाम् एवेत्य् आह—","तथापि त्वꣳ विचारेण ज्ञास्यसीति चेत्, मैवम् । यतो नास्मद्विधानाꣳ ज्ञानगोचरस् त्वꣳ, किन्तु भक्तानाम् एवेत्य् आह—"
2534,taṁ tvām ahaṁ jñāna-ghanaṁ svabhāva-,तं त्वाम् अहं ज्ञानघनं स्वभाव-,तꣳ त्वाम् अहꣳ ज्ञानघनꣳ स्वभाव-
2536,sanandanādyair munibhir vibhāvyaṁ,सनन्दनाद्यैर् मुनिभिर् विभाव्यं,सनन्दनाद्यैर् मुनिभिर् विभाव्यꣳ
2537,kathaṁ vimūḍhaḥ paribhāvayāmi || [bhā.pu. 9.8.23],कथं विमूढः परिभावयामि ॥ [भा.पु. ९.८.२३],कथꣳ विमूढः परिभावयामि ॥ [भा.पु. ९.८.२३]
2538,taṁ nānāścarya-vṛttika-para-śakti-nidhānaṁ tvāṁ kathaṁ paribhāvayāmi ? kiṁ-svarūpaṁ ? jñāna-ghanaṁ satya-jñānānantānandaika-rasa-mūrtiṁ ata eva anirdeśya-vapur iti sahasra-nāma-stave | ,तं नानाश्चर्यवृत्तिकपरशक्तिनिधानं त्वां कथं परिभावयामि ? किंस्वरूपं ? ज्ञानघनं सत्यज्ञानानन्तानन्दैकरसमूर्तिं अत एव अनिर्देश्यवपुर् इति सहस्रनामस्तवे । ,तꣳ नानाश्चर्यवृत्तिकपरशक्तिनिधानꣳ त्वाꣳ कथꣳ परिभावयामि ? किꣳस्वरूपꣳ ? ज्ञानघनꣳ सत्यज्ञानानन्तानन्दैकरसमूर्तिꣳ अत एव अनिर्देश्यवपुर् इति सहस्रनामस्तवे । 
2539,"ayaṁ bhāvaḥ—jñāna-ghanatvān na tāvat jñāna-viṣayas tvaṁ, vicāra-viṣayatve’pi māyā-guṇair abhibhūto’haṁ na vicāre samartha iti |","अयं भावः—ज्ञानघनत्वान् न तावत् ज्ञानविषयस् त्वं, विचारविषयत्वेऽपि मायागुणैर् अभिभूतोऽहं न विचारे समर्थ इति ।","अयꣳ भावः—ज्ञानघनत्वान् न तावत् ज्ञानविषयस् त्वꣳ, विचारविषयत्वेऽपि मायागुणैर् अभिभूतोऽहꣳ न विचारे समर्थ इति ।"
2540,"nanu tarhi mama tathāvidhatve kiṁ pramāṇaṁ ? tatrāha—svena tvadīyena bhāvena bhaktyā svasyātmano bhāvenāvirbhāvenaiva vā pradhvastā māyā-guṇa-prakāra-kṛta-mohā yebhyas taiḥ sanandanādyair bhagavat-tattva-vidbhir munibhir vibhāvyaṁ vicāryaṁ sākṣād anubhavanīyaṁ cety arthaḥ | tasmād ulūkaiḥ prakāśa-guṇakatvenāsammate’pi ravau yathānyair upalabhyamāna-tad-guṇakatvam asty eva, tathārvāg-dṛṣṭibhir asambhāvyamānam api tvayi tad-guṇakatvaṁ tad-bhakta-vidvat-pratyakṣa-siddham asty eveti bhāvaḥ | ","ननु तर्हि मम तथाविधत्वे किं प्रमाणं ? तत्राह—स्वेन त्वदीयेन भावेन भक्त्या स्वस्यात्मनो भावेनाविर्भावेनैव वा प्रध्वस्ता मायागुणप्रकारकृतमोहा येभ्यस् तैः सनन्दनाद्यैर् भगवत्तत्त्वविद्भिर् मुनिभिर् विभाव्यं विचार्यं साक्षाद् अनुभवनीयं चेत्य् अर्थः । तस्माद् उलूकैः प्रकाशगुणकत्वेनासम्मतेऽपि रवौ यथान्यैर् उपलभ्यमानतद्गुणकत्वम् अस्त्य् एव, तथार्वाग्दृष्टिभिर् असम्भाव्यमानम् अपि त्वयि तद्गुणकत्वं तद्भक्तविद्वत्प्रत्यक्षसिद्धम् अस्त्य् एवेति भावः । ","ननु तर्हि मम तथाविधत्वे किꣳ प्रमाणꣳ ? तत्राह—स्वेन त्वदीयेन भावेन भक्त्या स्वस्यात्मनो भावेनाविर्भावेनैव वा प्रध्वस्ता मायागुणप्रकारकृतमोहा येभ्यस् तैः सनन्दनाद्यैर् भगवत्तत्त्वविद्भिर् मुनिभिर् विभाव्यꣳ विचार्यꣳ साक्षाद् अनुभवनीयꣳ चेत्य् अर्थः । तस्माद् उलूकैः प्रकाशगुणकत्वेनासम्मतेऽपि रवौ यथान्यैर् उपलभ्यमानतद्गुणकत्वम् अस्त्य् एव, तथार्वाग्दृष्टिभिर् असम्भाव्यमानम् अपि त्वयि तद्गुणकत्वꣳ तद्भक्तविद्वत्प्रत्यक्षसिद्धम् अस्त्य् एवेति भावः । "
2546,bhaktir evainaṁ nayati,भक्तिर् एवैनं नयति,भक्तिर् एवैनꣳ नयति
2547,bhaktir evainaṁ darśayati |,भक्तिर् एवैनं दर्शयति ।,भक्तिर् एवैनꣳ दर्शयति ।
2553,tasyaiṣa ātmā vivṛṇute tanūṁ svām [kaṭha.u. 1.2.23] ity-ādyā ca ||,तस्यैष आत्मा विवृणुते तनूं स्वाम् [कठ.उ. १.२.२३] इत्याद्या च ॥,तस्यैष आत्मा विवृणुते तनूꣳ स्वाम् [कठ.उ. १.२.२३] इत्याद्या च ॥
2554,|| 9.8 || aṁśumān śrī-kapila-devam || 101-102 ||,॥ ९.८ ॥ अंशुमान् श्रीकपिलदेवम् ॥ १०१-१०२ ॥,॥ ९.८ ॥ अꣳशुमान् श्रीकपिलदेवम् ॥ १०१-१०२ ॥
2559,samāpto’yaṁ śrī-śrī-bhagavat-sandarbhaḥ ||,समाप्तोऽयं श्रीश्रीभगवत्सन्दर्भः ॥,समाप्तोऽयꣳ श्रीश्रीभगवत्सन्दर्भः ॥
2560,mūlaṁ 122. lekhyāḥ 2740 ślokāḥ.,मूलं १२२। लेख्याः २७४० श्लोकाः।,मूलꣳ १२२. लेख्याः २७४० श्लोकाः.
2562,śrī-sarva-saṁvādinyāḥ śrī-jīva-gosvāmi-pāda-viracitāyāḥ sāra-niṣkarṣaḥ ,श्रीसर्वसंवादिन्याः श्रीजीवगोस्वामिपादविरचितायाः सारनिष्कर्षः ,श्रीसर्वसꣳवादिन्याः श्रीजीवगोस्वामिपादविरचितायाः सारनिष्कर्षः 
2563,"sarva-saṁvādiny-ākhyāyāṁ sva-racita-bhagavat-sandarbhānuvyākhyāyāṁ vaiṣṇava-kula-cūḍāmaṇi-śrī-jīva-gosvāmi-pādā bhāgavatokta-diśā bhagavat-svarūpaṁ nirṇayāmāsuḥ | advaya-jñānātmaka-para-tattva-rūpaṁ para-brahma eva bhagavān | na khalu tasya śaktimattvena sva-gata-bheda-śaṅkayādvayatvaṁ vyāhanyate | śaktes tat-svarūpānatiriktatvena tad-abhinnatvāt | śaktir nāma kāryānyathānupapatti-siddhau vastuto dharma-viśeṣaḥ | sā tu sarvasminn upādāne nimitte ca kāraṇe svarūpa-bhūtaiva mantavyā, kārya-viśeṣotpattau tat-kāraṇatvena vastu-viśeṣa-svīkārānarthakya-prasaṅgāt | brahmaṇa eva jagad-ādi-kārya-darśanena svarūpa-śaktis tāvad avaśyam evāṅgīkāryā | bṛhattvād bṛṁhaṇatvāc ca yad brahma paramaṁ viduḥ iti viṣṇu-purāṇaṁ ca bṛhattvena tasya śaktimattvaṁ darśayati | parāsya śaktir vividhaiva śrūyate svābhāvikī jñāna-bala-kriyā ca [śve.u. 6.4] iti śrutau ca-kāreṇa tv ajñānādikaṁ pratiṣidhya svarūpa-jñānādi-śaktitvam eva sthāpyate | śakteḥ śaktimat-svarūpād abhinnatvena cintayitum aśakyatvād bhedo bhinnatvena cintayitum aśakyatvād abhedaś ca pratīyete | ataḥ śakti-śaktimator bhedābhedāv aṅgīkriyete, tau cācinyāv iti |","सर्वसंवादिन्याख्यायां स्वरचितभगवत्सन्दर्भानुव्याख्यायां वैष्णवकुलचूडामणिश्रीजीवगोस्वामिपादा भागवतोक्तदिशा भगवत्स्वरूपं निर्णयामासुः । अद्वयज्ञानात्मकपरतत्त्वरूपं परब्रह्म एव भगवान् । न खलु तस्य शक्तिमत्त्वेन स्वगतभेदशङ्कयाद्वयत्वं व्याहन्यते । शक्तेस् तत्स्वरूपानतिरिक्तत्वेन तदभिन्नत्वात् । शक्तिर् नाम कार्यान्यथानुपपत्तिसिद्धौ वस्तुतो धर्मविशेषः । सा तु सर्वस्मिन्न् उपादाने निमित्ते च कारणे स्वरूपभूतैव मन्तव्या, कार्यविशेषोत्पत्तौ तत्कारणत्वेन वस्तुविशेषस्वीकारानर्थक्यप्रसङ्गात् । ब्रह्मण एव जगदादिकार्यदर्शनेन स्वरूपशक्तिस् तावद् अवश्यम् एवाङ्गीकार्या । बृहत्त्वाद् बृंहणत्वाच् च यद् ब्रह्म परमं विदुः इति विष्णुपुराणं च बृहत्त्वेन तस्य शक्तिमत्त्वं दर्शयति । परास्य शक्तिर् विविधैव श्रूयते स्वाभाविकी ज्ञानबलक्रिया च [श्वे.उ. ६.४] इति श्रुतौ चकारेण त्व् अज्ञानादिकं प्रतिषिध्य स्वरूपज्ञानादिशक्तित्वम् एव स्थाप्यते । शक्तेः शक्तिमत्स्वरूपाद् अभिन्नत्वेन चिन्तयितुम् अशक्यत्वाद् भेदो भिन्नत्वेन चिन्तयितुम् अशक्यत्वाद् अभेदश् च प्रतीयेते । अतः शक्तिशक्तिमतोर् भेदाभेदाव् अङ्गीक्रियेते, तौ चाचिन्याव् इति ।","सर्वसꣳवादिन्याख्यायाꣳ स्वरचितभगवत्सन्दर्भानुव्याख्यायाꣳ वैष्णवकुलचूडामणिश्रीजीवगोस्वामिपादा भागवतोक्तदिशा भगवत्स्वरूपꣳ निर्णयामासुः । अद्वयज्ञानात्मकपरतत्त्वरूपꣳ परब्रह्म एव भगवान् । न खलु तस्य शक्तिमत्त्वेन स्वगतभेदशङ्कयाद्वयत्वꣳ व्याहन्यते । शक्तेस् तत्स्वरूपानतिरिक्तत्वेन तदभिन्नत्वात् । शक्तिर् नाम कार्यान्यथानुपपत्तिसिद्धौ वस्तुतो धर्मविशेषः । सा तु सर्वस्मिन्न् उपादाने निमित्ते च कारणे स्वरूपभूतैव मन्तव्या, कार्यविशेषोत्पत्तौ तत्कारणत्वेन वस्तुविशेषस्वीकारानर्थक्यप्रसङ्गात् । ब्रह्मण एव जगदादिकार्यदर्शनेन स्वरूपशक्तिस् तावद् अवश्यम् एवाङ्गीकार्या । बृहत्त्वाद् बृꣳहणत्वाच् च यद् ब्रह्म परमꣳ विदुः इति विष्णुपुराणꣳ च बृहत्त्वेन तस्य शक्तिमत्त्वꣳ दर्शयति । परास्य शक्तिर् विविधैव श्रूयते स्वाभाविकी ज्ञानबलक्रिया च [श्वे.उ. ६.४] इति श्रुतौ चकारेण त्व् अज्ञानादिकꣳ प्रतिषिध्य स्वरूपज्ञानादिशक्तित्वम् एव स्थाप्यते । शक्तेः शक्तिमत्स्वरूपाद् अभिन्नत्वेन चिन्तयितुम् अशक्यत्वाद् भेदो भिन्नत्वेन चिन्तयितुम् अशक्यत्वाद् अभेदश् च प्रतीयेते । अतः शक्तिशक्तिमतोर् भेदाभेदाव् अङ्गीक्रियेते, तौ चाचिन्याव् इति ।"
2564,"para-brahmaṇaḥ śaktir hi trividhaḥ—antaraṅgā taṭasthā bahiraṅgā ceti | tasya svarūpa-bhūtā cic-chaktir evāntaraṅgā, uttarayor anantaraṅgatvaṁ tābhyāṁ parameśvarasyāliptatayā, śaktitvaṁ nitya-tad-āśritatayā tad-vyatirekeṇa svato’siddhatayā tat-kāryopayogitayā ca | anayor bahiraṅgā hi cic-chakter antarā māyākhyā | taṭasthā jīva-śaktiḥ | evaṁ paraspara-virodhi-śakti-gaṇāśrayatvaṁ para-brahmaṇo jagati dṛṣṭa-śrutānāṁ paraspara-virodhināṁ sarveṣām eva dharmāṇāṁ yugapad ekāśrayatvāt saṅgataṁ bhavati | tāsāṁ ca śaktināṁ tasminn abhivyakty-upalabdhau prācuryeṇa bhagavat-saṁjñā tad-anupalabdhau prācuryeṇa brahma-saṁjñeti viśeṣo’vagantavyaḥ |","परब्रह्मणः शक्तिर् हि त्रिविधः—अन्तरङ्गा तटस्था बहिरङ्गा चेति । तस्य स्वरूपभूता चिच्छक्तिर् एवान्तरङ्गा, उत्तरयोर् अनन्तरङ्गत्वं ताभ्यां परमेश्वरस्यालिप्ततया, शक्तित्वं नित्यतदाश्रिततया तद्व्यतिरेकेण स्वतोऽसिद्धतया तत्कार्योपयोगितया च । अनयोर् बहिरङ्गा हि चिच्छक्तेर् अन्तरा मायाख्या । तटस्था जीवशक्तिः । एवं परस्परविरोधिशक्तिगणाश्रयत्वं परब्रह्मणो जगति दृष्टश्रुतानां परस्परविरोधिनां सर्वेषाम् एव धर्माणां युगपद् एकाश्रयत्वात् सङ्गतं भवति । तासां च शक्तिनां तस्मिन्न् अभिव्यक्त्युपलब्धौ प्राचुर्येण भगवत्संज्ञा तदनुपलब्धौ प्राचुर्येण ब्रह्मसंज्ञेति विशेषोऽवगन्तव्यः ।","परब्रह्मणः शक्तिर् हि त्रिविधः—अन्तरङ्गा तटस्था बहिरङ्गा चेति । तस्य स्वरूपभूता चिच्छक्तिर् एवान्तरङ्गा, उत्तरयोर् अनन्तरङ्गत्वꣳ ताभ्याꣳ परमेश्वरस्यालिप्ततया, शक्तित्वꣳ नित्यतदाश्रिततया तद्व्यतिरेकेण स्वतोऽसिद्धतया तत्कार्योपयोगितया च । अनयोर् बहिरङ्गा हि चिच्छक्तेर् अन्तरा मायाख्या । तटस्था जीवशक्तिः । एवꣳ परस्परविरोधिशक्तिगणाश्रयत्वꣳ परब्रह्मणो जगति दृष्टश्रुतानाꣳ परस्परविरोधिनाꣳ सर्वेषाम् एव धर्माणाꣳ युगपद् एकाश्रयत्वात् सङ्गतꣳ भवति । तासाꣳ च शक्तिनाꣳ तस्मिन्न् अभिव्यक्त्युपलब्धौ प्राचुर्येण भगवत्सꣳज्ञा तदनुपलब्धौ प्राचुर्येण ब्रह्मसꣳज्ञेति विशेषोऽवगन्तव्यः ।"
2565,"sa-viśeṣa-brahma-vādo vaiṣṇava-śāstreṣu varīvartate | tatra upādhi-saṁyoge brahmaṇaḥ sa-viśeṣatvaṁ tad-abhāve ca nirviśeṣatvam iti prāyaśa ācāryāṇām abhiprāyaḥ | śrī-jīva-gosvāmi-pādānāṁ mate sarvatraivopādhi-sambandhe tad-asambandhe ca tasya sa-viśeṣatvam evopalabhyate | upādhi-sambandhe sa-viśeṣatvaṁ spaṣṭam eva | tad-asambandhe’pi sa-viśeṣatve, sad eva saumyedam agra āsīt [chā.u. 6.4.2] iti śruti-vacanaṁ pramāṇam | atredaṁ-śabdena sattā gamyate, tādātmyenāmnātatvāt | na ca tad-upādhi-doṣeṇa brahmaṇo liptatvaṁ śaṅkyam | tasmin satāpi tena tad-asparśāt | apahata-pāpmā [chā.u. 8.1.5] ity-ādi-śruteḥ | sad-idamor avirodhas tayos tādātmyenaiva sāmānādhikaraṇyād bhavati | tac ca sāmānādhikaraṇaṁ sa-viśeṣatva-kalpanayā subodham eva jāyate | sa-viśeṣa-brahma-jñānasyāvidyā-nivṛttir eva kāryam |","सविशेषब्रह्मवादो वैष्णवशास्त्रेषु वरीवर्तते । तत्र उपाधिसंयोगे ब्रह्मणः सविशेषत्वं तदभावे च निर्विशेषत्वम् इति प्रायश आचार्याणाम् अभिप्रायः । श्रीजीवगोस्वामिपादानां मते सर्वत्रैवोपाधिसम्बन्धे तदसम्बन्धे च तस्य सविशेषत्वम् एवोपलभ्यते । उपाधिसम्बन्धे सविशेषत्वं स्पष्टम् एव । तदसम्बन्धेऽपि सविशेषत्वे, सद् एव सौम्येदम् अग्र आसीत् [छा.उ. ६.४.२] इति श्रुतिवचनं प्रमाणम् । अत्रेदंशब्देन सत्ता गम्यते, तादात्म्येनाम्नातत्वात् । न च तदुपाधिदोषेण ब्रह्मणो लिप्तत्वं शङ्क्यम् । तस्मिन् सतापि तेन तदस्पर्शात् । अपहतपाप्मा [छा.उ. ८.१.५] इत्यादिश्रुतेः । सदिदमोर् अविरोधस् तयोस् तादात्म्येनैव सामानाधिकरण्याद् भवति । तच् च सामानाधिकरणं सविशेषत्वकल्पनया सुबोधम् एव जायते । सविशेषब्रह्मज्ञानस्याविद्यानिवृत्तिर् एव कार्यम् ।","सविशेषब्रह्मवादो वैष्णवशास्त्रेषु वरीवर्तते । तत्र उपाधिसꣳयोगे ब्रह्मणः सविशेषत्वꣳ तदभावे च निर्विशेषत्वम् इति प्रायश आचार्याणाम् अभिप्रायः । श्रीजीवगोस्वामिपादानाꣳ मते सर्वत्रैवोपाधिसम्बन्धे तदसम्बन्धे च तस्य सविशेषत्वम् एवोपलभ्यते । उपाधिसम्बन्धे सविशेषत्वꣳ स्पष्टम् एव । तदसम्बन्धेऽपि सविशेषत्वे, सद् एव सौम्येदम् अग्र आसीत् [छा.उ. ६.४.२] इति श्रुतिवचनꣳ प्रमाणम् । अत्रेदꣳशब्देन सत्ता गम्यते, तादात्म्येनाम्नातत्वात् । न च तदुपाधिदोषेण ब्रह्मणो लिप्तत्वꣳ शङ्क्यम् । तस्मिन् सतापि तेन तदस्पर्शात् । अपहतपाप्मा [छा.उ. ८.१.५] इत्यादिश्रुतेः । सदिदमोर् अविरोधस् तयोस् तादात्म्येनैव सामानाधिकरण्याद् भवति । तच् च सामानाधिकरणꣳ सविशेषत्वकल्पनया सुबोधम् एव जायते । सविशेषब्रह्मज्ञानस्याविद्यानिवृत्तिर् एव कार्यम् ।"
2566,"para-brahmaṇo bhaga-saṁjñitair aiśvaryādibhir upetatve’pi nādvayatva-hāniḥ, teṣāṁ tat-svarūpa-bhūtatvāt | arūpatvena prasiddhe ca tasmin rūpavattvaṁ na virudhyate | vijñānānandātmakasya tad-rūpasyāprākṛtatvena tat-svarūpānatiriktatvāt | evaṁ, vijñānānandaṁ brahma [bṛ.ā.u. 3.9.28] iti bhinnatvenopalabhyamānābhyām api vijñānānandābhyāṁ na tasya dvy-ātmakatvaṁ gamyate, kintv ekam eva vastu svarūpa-prakāśa-vaiśiṣṭyena bhinnatayā nirūpyate—kenāpi jñānam iti kenāpi ānandam iti ca | satyatvānandatvayor api na tad-bheda-bodhakatvaṁ tayos tad-dharmatvena nirūpaṇāt |","परब्रह्मणो भगसंज्ञितैर् ऐश्वर्यादिभिर् उपेतत्वेऽपि नाद्वयत्वहानिः, तेषां तत्स्वरूपभूतत्वात् । अरूपत्वेन प्रसिद्धे च तस्मिन् रूपवत्त्वं न विरुध्यते । विज्ञानानन्दात्मकस्य तद्रूपस्याप्राकृतत्वेन तत्स्वरूपानतिरिक्तत्वात् । एवं, विज्ञानानन्दं ब्रह्म [बृ.आ.उ. ३.९.२८] इति भिन्नत्वेनोपलभ्यमानाभ्याम् अपि विज्ञानानन्दाभ्यां न तस्य द्व्यात्मकत्वं गम्यते, किन्त्व् एकम् एव वस्तु स्वरूपप्रकाशवैशिष्ट्येन भिन्नतया निरूप्यते—केनापि ज्ञानम् इति केनापि आनन्दम् इति च । सत्यत्वानन्दत्वयोर् अपि न तद्भेदबोधकत्वं तयोस् तद्धर्मत्वेन निरूपणात् ।","परब्रह्मणो भगसꣳज्ञितैर् ऐश्वर्यादिभिर् उपेतत्वेऽपि नाद्वयत्वहानिः, तेषाꣳ तत्स्वरूपभूतत्वात् । अरूपत्वेन प्रसिद्धे च तस्मिन् रूपवत्त्वꣳ न विरुध्यते । विज्ञानानन्दात्मकस्य तद्रूपस्याप्राकृतत्वेन तत्स्वरूपानतिरिक्तत्वात् । एवꣳ, विज्ञानानन्दꣳ ब्रह्म [बृ.आ.उ. ३.९.२८] इति भिन्नत्वेनोपलभ्यमानाभ्याम् अपि विज्ञानानन्दाभ्याꣳ न तस्य द्व्यात्मकत्वꣳ गम्यते, किन्त्व् एकम् एव वस्तु स्वरूपप्रकाशवैशिष्ट्येन भिन्नतया निरूप्यते—केनापि ज्ञानम् इति केनापि आनन्दम् इति च । सत्यत्वानन्दत्वयोर् अपि न तद्भेदबोधकत्वꣳ तयोस् तद्धर्मत्वेन निरूपणात् ।"
2567,"para-brahmaṇa ānanda-rūpatvaṁ śruti-smṛti-suprasiddham eva | ānando hy ayaṁ laukikānanda-vilakṣaṇo duḥkhātiyogitvāt jīvānāṁ puruṣārthatvāc ca | na khalu anna-mayaṁ prāṇa-mayaṁ [tai. 2.5] ity-ādi-śrutiṣu ānanda-maya-śabdena paraṁ brahma ucyate, na vā kiṁ vānnamayādivad brahmaṇo’rthāntaraṁ gamyata iti saṁśayaḥ kāryaḥ | anna-mayādi-pravāha-patitve’pi ānanda-mayasya sarvāntaratvāt arundhatī-darśanavat para-brahma-rūpatvam eva prasajyate | ānanda-maya-para-brahmaṇa ānanda-mayam eva śarīram | anyeṣām anna-mayasya prasiddha-śārīratvaṁ, netaro’nupapatteḥ [ve.sū. 1.1.17] ity ādau svayaṁ sūtra-kṛtā niṣiddham eva | ānanda-maya-śabde mayaṭaḥ prayogo vikāra-śabdān neti cen, na prācuryāt [ve.sū. 1.1.13] iti sūtra-vacanāt prācuryārthe eva, tatra, sa eko mānuṣa ānandaḥ [tai.ā. 8] iti śruti-coditaṁ jīvānandāpekṣayā brahmānandasya niratiśayatvam eva pramāṇam | mayaṭo vikārārtha-paratvaṁ śuddha-brahmaṇaḥ sarva-vikārātītatvenaiva nirasyate | api ca pracurānandasyaiva brahmaṇo lokānanda-hetutvaṁ saṅgacchate | yathā pracura-prakāśasyaiva sūryasya sarva-prakāśakatvaṁ sambhavati, na tuccha-prakāśasya tārakādeḥ | ānandasya jñānākāratvāt tasya cānantatvādibhir miśratve’pi tad-rūpatvān nārtha-bhedaḥ syāt |","परब्रह्मण आनन्दरूपत्वं श्रुतिस्मृतिसुप्रसिद्धम् एव । आनन्दो ह्य् अयं लौकिकानन्दविलक्षणो दुःखातियोगित्वात् जीवानां पुरुषार्थत्वाच् च । न खलु अन्नमयं प्राणमयं [तै. २.५] इत्यादिश्रुतिषु आनन्दमयशब्देन परं ब्रह्म उच्यते, न वा किं वान्नमयादिवद् ब्रह्मणोऽर्थान्तरं गम्यत इति संशयः कार्यः । अन्नमयादिप्रवाहपतित्वेऽपि आनन्दमयस्य सर्वान्तरत्वात् अरुन्धतीदर्शनवत् परब्रह्मरूपत्वम् एव प्रसज्यते । आनन्दमयपरब्रह्मण आनन्दमयम् एव शरीरम् । अन्येषाम् अन्नमयस्य प्रसिद्धशारीरत्वं, नेतरोऽनुपपत्तेः [वे.सू. १.१.१७] इत्य् आदौ स्वयं सूत्रकृता निषिद्धम् एव । आनन्दमयशब्दे मयटः प्रयोगो विकारशब्दान् नेति चेन्, न प्राचुर्यात् [वे.सू. १.१.१३] इति सूत्रवचनात् प्राचुर्यार्थे एव, तत्र, स एको मानुष आनन्दः [तै.आ. ८] इति श्रुतिचोदितं जीवानन्दापेक्षया ब्रह्मानन्दस्य निरतिशयत्वम् एव प्रमाणम् । मयटो विकारार्थपरत्वं शुद्धब्रह्मणः सर्वविकारातीतत्वेनैव निरस्यते । अपि च प्रचुरानन्दस्यैव ब्रह्मणो लोकानन्दहेतुत्वं सङ्गच्छते । यथा प्रचुरप्रकाशस्यैव सूर्यस्य सर्वप्रकाशकत्वं सम्भवति, न तुच्छप्रकाशस्य तारकादेः । आनन्दस्य ज्ञानाकारत्वात् तस्य चानन्तत्वादिभिर् मिश्रत्वेऽपि तद्रूपत्वान् नार्थभेदः स्यात् ।","परब्रह्मण आनन्दरूपत्वꣳ श्रुतिस्मृतिसुप्रसिद्धम् एव । आनन्दो ह्य् अयꣳ लौकिकानन्दविलक्षणो दुःखातियोगित्वात् जीवानाꣳ पुरुषार्थत्वाच् च । न खलु अन्नमयꣳ प्राणमयꣳ [तै. २.५] इत्यादिश्रुतिषु आनन्दमयशब्देन परꣳ ब्रह्म उच्यते, न वा किꣳ वान्नमयादिवद् ब्रह्मणोऽर्थान्तरꣳ गम्यत इति सꣳशयः कार्यः । अन्नमयादिप्रवाहपतित्वेऽपि आनन्दमयस्य सर्वान्तरत्वात् अरुन्धतीदर्शनवत् परब्रह्मरूपत्वम् एव प्रसज्यते । आनन्दमयपरब्रह्मण आनन्दमयम् एव शरीरम् । अन्येषाम् अन्नमयस्य प्रसिद्धशारीरत्वꣳ, नेतरोऽनुपपत्तेः [वे.सू. १.१.१७] इत्य् आदौ स्वयꣳ सूत्रकृता निषिद्धम् एव । आनन्दमयशब्दे मयटः प्रयोगो विकारशब्दान् नेति चेन्, न प्राचुर्यात् [वे.सू. १.१.१३] इति सूत्रवचनात् प्राचुर्यार्थे एव, तत्र, स एको मानुष आनन्दः [तै.आ. ८] इति श्रुतिचोदितꣳ जीवानन्दापेक्षया ब्रह्मानन्दस्य निरतिशयत्वम् एव प्रमाणम् । मयटो विकारार्थपरत्वꣳ शुद्धब्रह्मणः सर्वविकारातीतत्वेनैव निरस्यते । अपि च प्रचुरानन्दस्यैव ब्रह्मणो लोकानन्दहेतुत्वꣳ सङ्गच्छते । यथा प्रचुरप्रकाशस्यैव सूर्यस्य सर्वप्रकाशकत्वꣳ सम्भवति, न तुच्छप्रकाशस्य तारकादेः । आनन्दस्य ज्ञानाकारत्वात् तस्य चानन्तत्वादिभिर् मिश्रत्वेऽपि तद्रूपत्वान् नार्थभेदः स्यात् ।"
2568,"evaṁ para-brahmaṇaḥ svarūpaṁ nirṇīya tatraiva bhagavac-chabdaḥ pravartate, nānyatra ity udghoṣitaṁ vaiṣṇava-mukhyena | tan-mate āviṣkṛta-ṣāḍguṇya eva bhagavac-chabda-prayogāt para-brahmaṇas tad-upetatvena tatra mukhya eva bhagavac-chabdo’nyatra tu pūjyatva-pratipādane nimitte aupacārikaḥ | akṣarārtha-niruktyāpi bhagavac-chabdasya para-brahma-vācakatvaṁ viṣṇu-purāṇādau dṛśyate | tad yathā—","एवं परब्रह्मणः स्वरूपं निर्णीय तत्रैव भगवच्छब्दः प्रवर्तते, नान्यत्र इत्य् उद्घोषितं वैष्णवमुख्येन । तन्मते आविष्कृतषाड्गुण्य एव भगवच्छब्दप्रयोगात् परब्रह्मणस् तदुपेतत्वेन तत्र मुख्य एव भगवच्छब्दोऽन्यत्र तु पूज्यत्वप्रतिपादने निमित्ते औपचारिकः । अक्षरार्थनिरुक्त्यापि भगवच्छब्दस्य परब्रह्मवाचकत्वं विष्णुपुराणादौ दृश्यते । तद् यथा—","एवꣳ परब्रह्मणः स्वरूपꣳ निर्णीय तत्रैव भगवच्छब्दः प्रवर्तते, नान्यत्र इत्य् उद्घोषितꣳ वैष्णवमुख्येन । तन्मते आविष्कृतषाड्गुण्य एव भगवच्छब्दप्रयोगात् परब्रह्मणस् तदुपेतत्वेन तत्र मुख्य एव भगवच्छब्दोऽन्यत्र तु पूज्यत्वप्रतिपादने निमित्ते औपचारिकः । अक्षरार्थनिरुक्त्यापि भगवच्छब्दस्य परब्रह्मवाचकत्वꣳ विष्णुपुराणादौ दृश्यते । तद् यथा—"
2571,"evaṁ-bhūte śrī-bhagavaty eva sarva-śāstra-samanvayo vivecanīyaḥ | yathā mantra-brāhmaṇātmakasya dvi-vidha-vedasya bhagavat-paratvaṁ, tathā vedānugānāṁ mīmāṁsādi-śāstrāṇāṁ kāvyālaṅkāra-kāma-tantra-gāndharva-kalānāṁ nīyāyurveda-dhanurvidyānām api | anyathā teṣāṁ vaiyarthya-prasaṅga āpadyate ||","एवंभूते श्रीभगवत्य् एव सर्वशास्त्रसमन्वयो विवेचनीयः । यथा मन्त्रब्राह्मणात्मकस्य द्विविधवेदस्य भगवत्परत्वं, तथा वेदानुगानां मीमांसादिशास्त्राणां काव्यालङ्कारकामतन्त्रगान्धर्वकलानां नीयायुर्वेदधनुर्विद्यानाम् अपि । अन्यथा तेषां वैयर्थ्यप्रसङ्ग आपद्यते ॥","एवꣳभूते श्रीभगवत्य् एव सर्वशास्त्रसमन्वयो विवेचनीयः । यथा मन्त्रब्राह्मणात्मकस्य द्विविधवेदस्य भगवत्परत्वꣳ, तथा वेदानुगानाꣳ मीमाꣳसादिशास्त्राणाꣳ काव्यालङ्कारकामतन्त्रगान्धर्वकलानाꣳ नीयायुर्वेदधनुर्विद्यानाम् अपि । अन्यथा तेषाꣳ वैयर्थ्यप्रसङ्ग आपद्यते ॥"
2572,śrī-sarva-saṁvādinī,श्रीसर्वसंवादिनी,श्रीसर्वसꣳवादिनी
2574,"atha pañca-catvāriṁśasya vākyasya vyākhyānte idaṁ vicāryam—yat yasya tasya śrī-vigrahasya paricchinnatve’py aparicchinnatvaṁ śrūyate, tac ca yuktam, acintya-śaktitvāt, sarveṣāṁ vibhutvādi-parama-śaktīnām ekāśrayatvāc ca | yathaiva hi śrī-kṛṣṇa-vigraham adhikṛtyojjagau mūle’pi, yathā ca daharākāśa-saṁjñasya parameśvarasya, tathā hi, daharaṁ puṇḍarīkaṁ veśma dahare’sminn antarākāśaḥ [chā.u. 8.1.1] ity uktvocyate, yāvān vā ayam ākāśas tāvān eṣo’ntar-hṛdaya akāśaḥ [chā.u. 8.1.3] iti | dṛṣṭāntaś cāyam iṣuvad gacchati savitetivad atyantaṁ mahattvam eva nirdiśati |","अथ पञ्चचत्वारिंशस्य वाक्यस्य व्याख्यान्ते इदं विचार्यम्—यत् यस्य तस्य श्रीविग्रहस्य परिच्छिन्नत्वेऽप्य् अपरिच्छिन्नत्वं श्रूयते, तच् च युक्तम्, अचिन्त्यशक्तित्वात्, सर्वेषां विभुत्वादिपरमशक्तीनाम् एकाश्रयत्वाच् च । यथैव हि श्रीकृष्णविग्रहम् अधिकृत्योज्जगौ मूलेऽपि, यथा च दहराकाशसंज्ञस्य परमेश्वरस्य, तथा हि, दहरं पुण्डरीकं वेश्म दहरेऽस्मिन्न् अन्तराकाशः [छा.उ. ८.१.१] इत्य् उक्त्वोच्यते, यावान् वा अयम् आकाशस् तावान् एषोऽन्तर्हृदय अकाशः [छा.उ. ८.१.३] इति । दृष्टान्तश् चायम् इषुवद् गच्छति सवितेतिवद् अत्यन्तं महत्त्वम् एव निर्दिशति ।","अथ पञ्चचत्वारिꣳशस्य वाक्यस्य व्याख्यान्ते इदꣳ विचार्यम्—यत् यस्य तस्य श्रीविग्रहस्य परिच्छिन्नत्वेऽप्य् अपरिच्छिन्नत्वꣳ श्रूयते, तच् च युक्तम्, अचिन्त्यशक्तित्वात्, सर्वेषाꣳ विभुत्वादिपरमशक्तीनाम् एकाश्रयत्वाच् च । यथैव हि श्रीकृष्णविग्रहम् अधिकृत्योज्जगौ मूलेऽपि, यथा च दहराकाशसꣳज्ञस्य परमेश्वरस्य, तथा हि, दहरꣳ पुण्डरीकꣳ वेश्म दहरेऽस्मिन्न् अन्तराकाशः [छा.उ. ८.१.१] इत्य् उक्त्वोच्यते, यावान् वा अयम् आकाशस् तावान् एषोऽन्तर्हृदय अकाशः [छा.उ. ८.१.३] इति । दृष्टान्तश् चायम् इषुवद् गच्छति सवितेतिवद् अत्यन्तꣳ महत्त्वम् एव निर्दिशति ।"
2575,"vākyāntarāṇi ca—jyāyān pṛthivyā jyāyān antarikṣāt [chā.u. 3.14.3] iti, ubhe asmin dyāv-āpṛthivī antar eva samāhite ubhāv agniś ca vāyuś ca sūryācandramasāv ubhau vidyun nakṣatrāṇi yac cāsyehāsti yac ca nāsti sarvaṁ tad asmin samāhitam iti [chā.u. 8.1.3] iti ca |","वाक्यान्तराणि च—ज्यायान् पृथिव्या ज्यायान् अन्तरिक्षात् [छा.उ. ३.१४.३] इति, उभे अस्मिन् द्यावापृथिवी अन्तर् एव समाहिते उभाव् अग्निश् च वायुश् च सूर्याचन्द्रमसाव् उभौ विद्युन् नक्षत्राणि यच् चास्येहास्ति यच् च नास्ति सर्वं तद् अस्मिन् समाहितम् इति [छा.उ. ८.१.३] इति च ।","वाक्यान्तराणि च—ज्यायान् पृथिव्या ज्यायान् अन्तरिक्षात् [छा.उ. ३.१४.३] इति, उभे अस्मिन् द्यावापृथिवी अन्तर् एव समाहिते उभाव् अग्निश् च वायुश् च सूर्याचन्द्रमसाव् उभौ विद्युन् नक्षत्राणि यच् चास्येहास्ति यच् च नास्ति सर्वꣳ तद् अस्मिन् समाहितम् इति [छा.उ. ८.१.३] इति च ।"
2576,atra yāvatā hṛdaya-puṇḍarīkāntarvartitvaṁ bhāvatā eva sarva-vyāpakatvam acintyāṁ śaktiṁ vinā na sambhavati | nahi ghaṭa-varty-ākāśo yāvān tāvaty eva candra-sūryādy-ādhāratvaṁ yujyate iti | na ca hṛt-puṇḍarīke brahmaṇaḥ pratibimbatvāt sarva-samāveśaḥ sambhāvīti | vibhoḥ paricchinnopādhau sāmastyena pratibimbatvam adṛṣṭa-caram |,अत्र यावता हृदयपुण्डरीकान्तर्वर्तित्वं भावता एव सर्वव्यापकत्वम् अचिन्त्यां शक्तिं विना न सम्भवति । नहि घटवर्त्याकाशो यावान् तावत्य् एव चन्द्रसूर्याद्याधारत्वं युज्यते इति । न च हृत्पुण्डरीके ब्रह्मणः प्रतिबिम्बत्वात् सर्वसमावेशः सम्भावीति । विभोः परिच्छिन्नोपाधौ सामस्त्येन प्रतिबिम्बत्वम् अदृष्टचरम् ।,अत्र यावता हृदयपुण्डरीकान्तर्वर्तित्वꣳ भावता एव सर्वव्यापकत्वम् अचिन्त्याꣳ शक्तिꣳ विना न सम्भवति । नहि घटवर्त्याकाशो यावान् तावत्य् एव चन्द्रसूर्याद्याधारत्वꣳ युज्यते इति । न च हृत्पुण्डरीके ब्रह्मणः प्रतिबिम्बत्वात् सर्वसमावेशः सम्भावीति । विभोः परिच्छिन्नोपाधौ सामस्त्येन प्रतिबिम्बत्वम् अदृष्टचरम् ।
2577,"na hi ghaṭādāv ākāśaṁ sāmastyena pratibimbatvam āpadyeteti | tasmād acintyaiva śaktir yogamāyākhyā tatrābhyupagamanīyā | evam evaikair brahma-sūtreṣu vaiśvānarākhyasya prādeśa-mātratvena śrutasya parama-puruṣasya vicāre siddhāntitam | sampatter iti jaiminis tathā hi darśayati [ve.sū. 1.2.32], yathā sampattir acintyaiśvaryaṁ śrutiś ca tathā darśayati—yas tv etam evaṁ prādeśa-mātram abhivimānam ātmānaṁ vaiśvānaram upāste [chā.u. 5.18.1] iti | mitatvena sarvato vigatamānatvena ca darśanāt | tatraiva, prādeśa-mātre tasyā ha vā etasātmano vaiśvānarasya mūrdhaiva sutejāś cakṣur viśva-rūpaḥ [chā.u. 5.18.2] ity-ādinā trailokya-samāveśanāc ceti |","न हि घटादाव् आकाशं सामस्त्येन प्रतिबिम्बत्वम् आपद्येतेति । तस्माद् अचिन्त्यैव शक्तिर् योगमायाख्या तत्राभ्युपगमनीया । एवम् एवैकैर् ब्रह्मसूत्रेषु वैश्वानराख्यस्य प्रादेशमात्रत्वेन श्रुतस्य परमपुरुषस्य विचारे सिद्धान्तितम् । सम्पत्तेर् इति जैमिनिस् तथा हि दर्शयति [वे.सू. १.२.३२], यथा सम्पत्तिर् अचिन्त्यैश्वर्यं श्रुतिश् च तथा दर्शयति—यस् त्व् एतम् एवं प्रादेशमात्रम् अभिविमानम् आत्मानं वैश्वानरम् उपास्ते [छा.उ. ५.१८.१] इति । मितत्वेन सर्वतो विगतमानत्वेन च दर्शनात् । तत्रैव, प्रादेशमात्रे तस्या ह वा एतसात्मनो वैश्वानरस्य मूर्धैव सुतेजाश् चक्षुर् विश्वरूपः [छा.उ. ५.१८.२] इत्यादिना त्रैलोक्यसमावेशनाच् चेति ।","न हि घटादाव् आकाशꣳ सामस्त्येन प्रतिबिम्बत्वम् आपद्येतेति । तस्माद् अचिन्त्यैव शक्तिर् योगमायाख्या तत्राभ्युपगमनीया । एवम् एवैकैर् ब्रह्मसूत्रेषु वैश्वानराख्यस्य प्रादेशमात्रत्वेन श्रुतस्य परमपुरुषस्य विचारे सिद्धान्तितम् । सम्पत्तेर् इति जैमिनिस् तथा हि दर्शयति [वे.सू. १.२.३२], यथा सम्पत्तिर् अचिन्त्यैश्वर्यꣳ श्रुतिश् च तथा दर्शयति—यस् त्व् एतम् एवꣳ प्रादेशमात्रम् अभिविमानम् आत्मानꣳ वैश्वानरम् उपास्ते [छा.उ. ५.१८.१] इति । मितत्वेन सर्वतो विगतमानत्वेन च दर्शनात् । तत्रैव, प्रादेशमात्रे तस्या ह वा एतसात्मनो वैश्वानरस्य मूर्धैव सुतेजाश् चक्षुर् विश्वरूपः [छा.उ. ५.१८.२] इत्यादिना त्रैलोक्यसमावेशनाच् चेति ।"
2578,"atha śrī-vigraha-prasaṅge sūtra-catuṣṭayasya mādhva-bhāṣye, yathā—arūpavad eva hi tat-pradhānatvāt [ve.sū. 3.2.14], iti | asya sūtrasya bhāṣyaṁ, yathā—prakṛty-ādi-pravartakatvena tad-uttamatvān naiva rūpavad brahma hi, śabdād asthūlam anaṇu [bṛ.ā.u. 3.8.8] ity-ādi-śruteś ca |","अथ श्रीविग्रहप्रसङ्गे सूत्रचतुष्टयस्य माध्वभाष्ये, यथा—अरूपवद् एव हि तत्प्रधानत्वात् [वे.सू. ३.२.१४], इति । अस्य सूत्रस्य भाष्यं, यथा—प्रकृत्यादिप्रवर्तकत्वेन तदुत्तमत्वान् नैव रूपवद् ब्रह्म हि, शब्दाद् अस्थूलम् अनणु [बृ.आ.उ. ३.८.८] इत्यादिश्रुतेश् च ।","अथ श्रीविग्रहप्रसङ्गे सूत्रचतुष्टयस्य माध्वभाष्ये, यथा—अरूपवद् एव हि तत्प्रधानत्वात् [वे.सू. ३.२.१४], इति । अस्य सूत्रस्य भाष्यꣳ, यथा—प्रकृत्यादिप्रवर्तकत्वेन तदुत्तमत्वान् नैव रूपवद् ब्रह्म हि, शब्दाद् अस्थूलम् अनणु [बृ.आ.उ. ३.८.८] इत्यादिश्रुतेश् च ।"
2581,prakāśavac cāvaiyarthyāt [ve.sū. 3.2.15] iti | bhāṣyaṁ—,प्रकाशवच् चावैयर्थ्यात् [वे.सू. ३.२.१५] इति । भाष्यं—,प्रकाशवच् चावैयर्थ्यात् [वे.सू. ३.२.१५] इति । भाष्यꣳ—
2582,"yadā paśyaḥ paśyate rukma-varṇaṁ [mu.u. 1.3], śyāmāc chabalaṁ prapadye [chā.u. 8.13.1] suvarṇa-jyotiḥ [tai.u. 3.10.6] ity-ādi-śrutināṁ ca na vaiyarthyaṁ vilakṣaṇa-rūpatvāt, yathā cakṣur-ādi-prakāśe vidyamāne’pi vailakṣaṇyād aprakāśatvādi-vyavahāraḥ ||","यदा पश्यः पश्यते रुक्मवर्णं [मु.उ. १.३], श्यामाच् छबलं प्रपद्ये [छा.उ. ८.१३.१] सुवर्णज्योतिः [तै.उ. ३.१०.६] इत्यादिश्रुतिनां च न वैयर्थ्यं विलक्षणरूपत्वात्, यथा चक्षुरादिप्रकाशे विद्यमानेऽपि वैलक्षण्याद् अप्रकाशत्वादिव्यवहारः ॥","यदा पश्यः पश्यते रुक्मवर्णꣳ [मु.उ. १.३], श्यामाच् छबलꣳ प्रपद्ये [छा.उ. ८.१३.१] सुवर्णज्योतिः [तै.उ. ३.१०.६] इत्यादिश्रुतिनाꣳ च न वैयर्थ्यꣳ विलक्षणरूपत्वात्, यथा चक्षुरादिप्रकाशे विद्यमानेऽपि वैलक्षण्याद् अप्रकाशत्वादिव्यवहारः ॥"
2583,āha ca tan-mātraṁ [ve.sū. 3.2.16] iti | bhāṣyam—vailakṣaṇyaṁ cocyate—,आह च तन्मात्रं [वे.सू. ३.२.१६] इति । भाष्यम्—वैलक्षण्यं चोच्यते—,आह च तन्मात्रꣳ [वे.सू. ३.२.१६] इति । भाष्यम्—वैलक्षण्यꣳ चोच्यते—
2584,ānanda-mātram ajaraṁ purāṇaṁ,आनन्दमात्रम् अजरं पुराणं,आनन्दमात्रम् अजरꣳ पुराणꣳ
2585,ekaṁ santaṁ bahudhā dṛśyamānam |,एकं सन्तं बहुधा दृश्यमानम् ।,एकꣳ सन्तꣳ बहुधा दृश्यमानम् ।
2586,tam ātma-sthaṁ ye tu paśyanti dhīrās,तम् आत्मस्थं ये तु पश्यन्ति धीरास्,तम् आत्मस्थꣳ ये तु पश्यन्ति धीरास्
2587,teṣāṁ sukhaṁ śāśvataṁ netareṣām || [śve.u. 6.12] iti caturveda-śikhāyām ||,तेषां सुखं शाश्वतं नेतरेषाम् ॥ [श्वे.उ. ६.१२] इति चतुर्वेदशिखायाम् ॥,तेषाꣳ सुखꣳ शाश्वतꣳ नेतरेषाम् ॥ [श्वे.उ. ६.१२] इति चतुर्वेदशिखायाम् ॥
2588,darśayati cātho api smaryate [ve.sū. 3.2.17] iti | bhāṣyam—darśayati cānanda-svarūpam—tad-vijñānena paripaśyanti dhīrā ānanda-rūpam ajaraṁ yad vibhāti [mu.u. 2.2.7] iti śrutiḥ | ,दर्शयति चाथो अपि स्मर्यते [वे.सू. ३.२.१७] इति । भाष्यम्—दर्शयति चानन्दस्वरूपम्—तद्विज्ञानेन परिपश्यन्ति धीरा आनन्दरूपम् अजरं यद् विभाति [मु.उ. २.२.७] इति श्रुतिः । ,दर्शयति चाथो अपि स्मर्यते [वे.सू. ३.२.१७] इति । भाष्यम्—दर्शयति चानन्दस्वरूपम्—तद्विज्ञानेन परिपश्यन्ति धीरा आनन्दरूपम् अजरꣳ यद् विभाति [मु.उ. २.२.७] इति श्रुतिः । 
2589,śuddha-sphaṭika-saṅkāśaṁ vāsudevaṁ nirañjanaḥ |,शुद्धस्फटिकसङ्काशं वासुदेवं निरञ्जनः ।,शुद्धस्फटिकसङ्काशꣳ वासुदेवꣳ निरञ्जनः ।
2590,cintayīta yatir nānyaṁ jñāna-rūpād ṛte hareḥ || iti mātsya iti |,चिन्तयीत यतिर् नान्यं ज्ञानरूपाद् ऋते हरेः ॥ इति मात्स्य इति ।,चिन्तयीत यतिर् नान्यꣳ ज्ञानरूपाद् ऋते हरेः ॥ इति मात्स्य इति ।
2591,"atra, ānandaṁ brahmaṇo rūpaṁ bheda-nirdeśaś ca śrūyate | tathā mādhva-bhāṣya evodāhṛtaṁ śruty-antaraṁ ca—","अत्र, आनन्दं ब्रह्मणो रूपं भेदनिर्देशश् च श्रूयते । तथा माध्वभाष्य एवोदाहृतं श्रुत्यन्तरं च—","अत्र, आनन्दꣳ ब्रह्मणो रूपꣳ भेदनिर्देशश् च श्रूयते । तथा माध्वभाष्य एवोदाहृतꣳ श्रुत्यन्तरꣳ च—"
2594,śrī-rāmānuja-caraṇāś caivaṁ vadanti—antas tad-dharmopadeśāt [ve.sū. 1.1.20] ity atra bhāṣyam—,श्रीरामानुजचरणाश् चैवं वदन्ति—अन्तस् तद्धर्मोपदेशात् [वे।सू। १।१।२०] इत्य् अत्र भाष्यम्—,श्रीरामानुजचरणाश् चैवꣳ वदन्ति—अन्तस् तद्धर्मोपदेशात् [वे.सू. १.१.२०] इत्य् अत्र भाष्यम्—
2595,parasyeva brahmaṇo nikhila-heya pratyanīkānanta-jñānānandaika-svarūpatayā sakaletara-vilakṣaṇasya svābhāvikānatiśayāsaṅkhyeya-kalyāṇa-guṇa-gaṇāś ca santi | tadvad eva svābhimatānurūpaika-rūpācintya-divyādbhuta-nitya-niravadya-niratiśayaujjvalya-saundarya-saugandha-saukumārya-lāvaṇya-yauvanādy-ananta-guṇa-nidhi divya-rūpam api svābhāvikam asti | tad evopāsakānugraheṇa tat-tat-pratipattyānurūpa-saṁsthānaṁ karoty apāra-kāruṇya-sauśīlya-vātsalyaudārya-jalanidhi-nirastākhila-heya-gandhopahata-pāpmā paraṁ brahma puruṣottamo nārāyaṇa iti |,परस्येव ब्रह्मणो निखिलहेय प्रत्यनीकानन्तज्ञानानन्दैकस्वरूपतया सकलेतरविलक्षणस्य स्वाभाविकानतिशयासङ्ख्येयकल्याणगुणगणाश् च सन्ति । तद्वद् एव स्वाभिमतानुरूपैकरूपाचिन्त्यदिव्याद्भुतनित्यनिरवद्यनिरतिशयौज्ज्वल्यसौन्दर्यसौगन्धसौकुमार्यलावण्ययौवनाद्यनन्तगुणनिधि दिव्यरूपम् अपि स्वाभाविकम् अस्ति । तद् एवोपासकानुग्रहेण तत्तत्प्रतिपत्त्यानुरूपसंस्थानं करोत्य् अपारकारुण्यसौशील्यवात्सल्यौदार्यजलनिधिनिरस्ताखिलहेयगन्धोपहतपाप्मा परं ब्रह्म पुरुषोत्तमो नारायण इति ।,परस्येव ब्रह्मणो निखिलहेय प्रत्यनीकानन्तज्ञानानन्दैकस्वरूपतया सकलेतरविलक्षणस्य स्वाभाविकानतिशयासङ्ख्येयकल्याणगुणगणाश् च सन्ति । तद्वद् एव स्वाभिमतानुरूपैकरूपाचिन्त्यदिव्याद्भुतनित्यनिरवद्यनिरतिशयौज्ज्वल्यसौन्दर्यसौगन्धसौकुमार्यलावण्ययौवनाद्यनन्तगुणनिधि दिव्यरूपम् अपि स्वाभाविकम् अस्ति । तद् एवोपासकानुग्रहेण तत्तत्प्रतिपत्त्यानुरूपसꣳस्थानꣳ करोत्य् अपारकारुण्यसौशील्यवात्सल्यौदार्यजलनिधिनिरस्ताखिलहेयगन्धोपहतपाप्मा परꣳ ब्रह्म पुरुषोत्तमो नारायण इति ।
2596,"yato vā imāni bhūtāni jāyante [tai.u. 3.1], sad eva somyedam agra āsīt [chā.u. 6.2.1], ātmā vā idam eka evāgra āsīt [ai.u. 1.1.1], eko hi vai nārāyaṇa āsīt, na brahmā neśānaḥ [mahā.u. 1.1] ity-ādiṣu nikhila-jagad-eka-kāraṇatayāvagatasya parasya brahmaṇaḥ, satyaṁ jñānam anantaṁ brahma [tai.ā. 1], vijñānam ānandaṁ brahma [bṛ.ā.u. 5.9.18] ity-ādiṣv evambhūtaṁ svarūpam ity avagamyate | nirguṇaṁ [ātmopaniṣat], nirañjanaṁ [śve.u. 6.19], apahata-pāpmā vijaro vimṛtyur viśoko vijghaṁso’pipāsaḥ satya-kāmaḥ satya-saṅkalpaḥ [chā.u. 8.5.1] ||","यतो वा इमानि भूतानि जायन्ते [तै.उ. ३.१], सद् एव सोम्येदम् अग्र आसीत् [छा.उ. ६.२.१], आत्मा वा इदम् एक एवाग्र आसीत् [ऐ.उ. १.१.१], एको हि वै नारायण आसीत्, न ब्रह्मा नेशानः [महा.उ. १.१] इत्यादिषु निखिलजगदेककारणतयावगतस्य परस्य ब्रह्मणः, सत्यं ज्ञानम् अनन्तं ब्रह्म [तै.आ. १], विज्ञानम् आनन्दं ब्रह्म [बृ.आ.उ. ५.९.१८] इत्यादिष्व् एवम्भूतं स्वरूपम् इत्य् अवगम्यते । निर्गुणं [आत्मोपनिषत्], निरञ्जनं [श्वे.उ. ६.१९], अपहतपाप्मा विजरो विमृत्युर् विशोको विज्घंसोऽपिपासः सत्यकामः सत्यसङ्कल्पः [छा.उ. ८.५.१] ॥","यतो वा इमानि भूतानि जायन्ते [तै.उ. ३.१], सद् एव सोम्येदम् अग्र आसीत् [छा.उ. ६.२.१], आत्मा वा इदम् एक एवाग्र आसीत् [ऐ.उ. १.१.१], एको हि वै नारायण आसीत्, न ब्रह्मा नेशानः [महा.उ. १.१] इत्यादिषु निखिलजगदेककारणतयावगतस्य परस्य ब्रह्मणः, सत्यꣳ ज्ञानम् अनन्तꣳ ब्रह्म [तै.आ. १], विज्ञानम् आनन्दꣳ ब्रह्म [बृ.आ.उ. ५.९.१८] इत्यादिष्व् एवम्भूतꣳ स्वरूपम् इत्य् अवगम्यते । निर्गुणꣳ [आत्मोपनिषत्], निरञ्जनꣳ [श्वे.उ. ६.१९], अपहतपाप्मा विजरो विमृत्युर् विशोको विज्घꣳसोऽपिपासः सत्यकामः सत्यसङ्कल्पः [छा.उ. ८.५.१] ॥"
2597,na tasya kāryaṁ karaṇaṁ ca vidyate,न तस्य कार्यं करणं च विद्यते,न तस्य कार्यꣳ करणꣳ च विद्यते
2601,tam īśvarāṇāṁ paramaṁ maheśvaraṁ,तम् ईश्वराणां परमं महेश्वरं,तम् ईश्वराणाꣳ परमꣳ महेश्वरꣳ
2602,taṁ devatānāṁ paramaṁ ca daivatam |,तं देवतानां परमं च दैवतम् ।,तꣳ देवतानाꣳ परमꣳ च दैवतम् ।
2603,patiṁ patīnāṁ paramaṁ parastād,पतिं पतीनां परमं परस्ताद्,पतिꣳ पतीनाꣳ परमꣳ परस्ताद्
2604,"vidāma devaṁ bhuvaneśam īḍyam || [śve.u. 6.7],","विदाम देवं भुवनेशम् ईड्यम् ॥ [श्वे.उ. ६.७],","विदाम देवꣳ भुवनेशम् ईड्यम् ॥ [श्वे.उ. ६.७],"
2607,vedāham etaṁ puruṣaṁ mahāntam,वेदाहम् एतं पुरुषं महान्तम्,वेदाहम् एतꣳ पुरुषꣳ महान्तम्
2608,āditya-varṇaṁ tamasaḥ parastāt || [yajuḥ 3.12],आदित्यवर्णं तमसः परस्तात् ॥ [यजुः ३.१२],आदित्यवर्णꣳ तमसः परस्तात् ॥ [यजुः ३.१२]
2609,sarve nimeṣā jajñire vidyutaḥ puruṣād adhi [tai.nārā. 1] ity-ādiṣu parasya brahmaṇaḥ prākṛta-heya-guṇān prākṛta-heya-deha-sambandhaṁ tan-mūla-karma-vaśyatā-sambandhaṁ ca pratiṣidhya kalyāṇa-guṇān kalyāṇa-rūpaṁ ca vadanti |,सर्वे निमेषा जज्ञिरे विद्युतः पुरुषाद् अधि [तै.नारा. १] इत्यादिषु परस्य ब्रह्मणः प्राकृतहेयगुणान् प्राकृतहेयदेहसम्बन्धं तन्मूलकर्मवश्यतासम्बन्धं च प्रतिषिध्य कल्याणगुणान् कल्याणरूपं च वदन्ति ।,सर्वे निमेषा जज्ञिरे विद्युतः पुरुषाद् अधि [तै.नारा. १] इत्यादिषु परस्य ब्रह्मणः प्राकृतहेयगुणान् प्राकृतहेयदेहसम्बन्धꣳ तन्मूलकर्मवश्यतासम्बन्धꣳ च प्रतिषिध्य कल्याणगुणान् कल्याणरूपꣳ च वदन्ति ।
2610,"tad idaṁ svābhāvikam eva rūpam upāsakānugraheṇa tat-pratipatty-anuguṇākāraṁ deva-manuṣyādi-saṁsthānaṁ karoti svecchayeva parama-kāruṇiko bhagavān | tad idam āha śrutiḥ—ajāyamāno bahudhā vijāyate iti | smṛtiś ca—ajo’pi sann avyayātmā bhūtānām īśvaro’pi san [gītā 4.6] iti | na paritrāṇāya sādhūnām ity-ādi, sādhavo hy upāsakāḥ | tat-paritrāṇam evoddeśyam ānuṣaṅgikas tu duṣkṛtāṁ vināśaḥ | saṅkalpa-mātreṇa tad-utpatteḥ | prakṛtiṁ svām adhiṣṭhāya ity-ādi | prakṛtiṁ svām iti prakṛtiḥ svabhāvaḥ | svam eva svabhāvam āsthāya na saṁsāriṇaṁ svabhāvam ity arthaḥ | ","तद् इदं स्वाभाविकम् एव रूपम् उपासकानुग्रहेण तत्प्रतिपत्त्यनुगुणाकारं देवमनुष्यादिसंस्थानं करोति स्वेच्छयेव परमकारुणिको भगवान् । तद् इदम् आह श्रुतिः—अजायमानो बहुधा विजायते इति । स्मृतिश् च—अजोऽपि सन्न् अव्ययात्मा भूतानाम् ईश्वरोऽपि सन् [गीता ४.६] इति । न परित्राणाय साधूनाम् इत्यादि, साधवो ह्य् उपासकाः । तत्परित्राणम् एवोद्देश्यम् आनुषङ्गिकस् तु दुष्कृतां विनाशः । सङ्कल्पमात्रेण तदुत्पत्तेः । प्रकृतिं स्वाम् अधिष्ठाय इत्यादि । प्रकृतिं स्वाम् इति प्रकृतिः स्वभावः । स्वम् एव स्वभावम् आस्थाय न संसारिणं स्वभावम् इत्य् अर्थः । ","तद् इदꣳ स्वाभाविकम् एव रूपम् उपासकानुग्रहेण तत्प्रतिपत्त्यनुगुणाकारꣳ देवमनुष्यादिसꣳस्थानꣳ करोति स्वेच्छयेव परमकारुणिको भगवान् । तद् इदम् आह श्रुतिः—अजायमानो बहुधा विजायते इति । स्मृतिश् च—अजोऽपि सन्न् अव्ययात्मा भूतानाम् ईश्वरोऽपि सन् [गीता ४.६] इति । न परित्राणाय साधूनाम् इत्यादि, साधवो ह्य् उपासकाः । तत्परित्राणम् एवोद्देश्यम् आनुषङ्गिकस् तु दुष्कृताꣳ विनाशः । सङ्कल्पमात्रेण तदुत्पत्तेः । प्रकृतिꣳ स्वाम् अधिष्ठाय इत्यादि । प्रकृतिꣳ स्वाम् इति प्रकृतिः स्वभावः । स्वम् एव स्वभावम् आस्थाय न सꣳसारिणꣳ स्वभावम् इत्य् अर्थः । "
2611,ātmanā yayeti sva-saṅkalpa-rūpeṇa jñānenety arthaḥ | māyā vayūnaṁ jñānaṁ [veda-nirghaṇṭau dharma-varge 22] iti jñāna-paryāyam api māyā-śabdaṁ nirghaṇṭukā adhīyate | āha ca bhagavān parāśaraḥ—,आत्मना ययेति स्वसङ्कल्परूपेण ज्ञानेनेत्य् अर्थः । माया वयूनं ज्ञानं [वेदनिर्घण्टौ धर्मवर्गे २२] इति ज्ञानपर्यायम् अपि मायाशब्दं निर्घण्टुका अधीयते । आह च भगवान् पराशरः—,आत्मना ययेति स्वसङ्कल्परूपेण ज्ञानेनेत्य् अर्थः । माया वयूनꣳ ज्ञानꣳ [वेदनिर्घण्टौ धर्मवर्गे २२] इति ज्ञानपर्यायम् अपि मायाशब्दꣳ निर्घण्टुका अधीयते । आह च भगवान् पराशरः—
2613,tad viśva-rūpa-vairūpyaṁ rūpam anyad dharer mahat ||,तद् विश्वरूपवैरूप्यं रूपम् अन्यद् धरेर् महत् ॥,तद् विश्वरूपवैरूप्यꣳ रूपम् अन्यद् धरेर् महत् ॥
2617,mahābhārate cāvatāra-rūpasyāpy aprākṛtatvam ucyate—na bhūta-sarvgātma-saṁsthāno deho’sya paramātmanaḥ iti mahābhārate udyoga-parvaṇi | ataḥ parasyaiva brahmaṇa evaṁ-rūpa-rūpavattvād ayam api tasyaiva dharmaḥ [śrī-bhāṣya 2.1.20] iti ||,महाभारते चावताररूपस्याप्य् अप्राकृतत्वम् उच्यते—न भूतसर्व्गात्मसंस्थानो देहोऽस्य परमात्मनः इति महाभारते उद्योगपर्वणि । अतः परस्यैव ब्रह्मण एवंरूपरूपवत्त्वाद् अयम् अपि तस्यैव धर्मः [श्रीभाष्य २.१.२०] इति ॥,महाभारते चावताररूपस्याप्य् अप्राकृतत्वम् उच्यते—न भूतसर्व्गात्मसꣳस्थानो देहोऽस्य परमात्मनः इति महाभारते उद्योगपर्वणि । अतः परस्यैव ब्रह्मण एवꣳरूपरूपवत्त्वाद् अयम् अपि तस्यैव धर्मः [श्रीभाष्य २.१.२०] इति ॥
2618,"tatra tair api viśvarūpād vailakṣaṇyavattvena svarūpāntaraṅga-dharmatvena svarūpāntaraṅga-dharmāṇāṁ tat-tad-avyava-sanniveśānāṁ svarūpam eva dharmi bhaved ity evaṁ tad evāyavī-deha ity āgatatvena, yugapad api samasta-śakti-prādurbhāva-kartṛtvena ca svarūpatvam evāṅgīkṛtaṁ, pūrṇatvaṁ ca |","तत्र तैर् अपि विश्वरूपाद् वैलक्षण्यवत्त्वेन स्वरूपान्तरङ्गधर्मत्वेन स्वरूपान्तरङ्गधर्माणां तत्तदव्यवसन्निवेशानां स्वरूपम् एव धर्मि भवेद् इत्य् एवं तद् एवायवीदेह इत्य् आगतत्वेन, युगपद् अपि समस्तशक्तिप्रादुर्भावकर्तृत्वेन च स्वरूपत्वम् एवाङ्गीकृतं, पूर्णत्वं च ।","तत्र तैर् अपि विश्वरूपाद् वैलक्षण्यवत्त्वेन स्वरूपान्तरङ्गधर्मत्वेन स्वरूपान्तरङ्गधर्माणाꣳ तत्तदव्यवसन्निवेशानाꣳ स्वरूपम् एव धर्मि भवेद् इत्य् एवꣳ तद् एवायवीदेह इत्य् आगतत्वेन, युगपद् अपि समस्तशक्तिप्रादुर्भावकर्तृत्वेन च स्वरूपत्वम् एवाङ्गीकृतꣳ, पूर्णत्वꣳ च ।"
2619,"tāś ca śaktayo nijecchātmaka-svābhāvika-śaktimayya iti tāsām api tad-rūpatvaṁ dhvanitam | ataḥ kartṛtvam apy atra prādurbhāvayitṛtvam eva, na tu kalpayitṛtvam iti | tathā, mano-mayaḥ prāṇa-śarīro bhā-rūpaḥ satya-kāmaḥ satya-saṅkalpaḥ ākāśātmā sarva-karmā sarva-kāmaḥ sarva-gandhaḥ sarva-rasaḥ sarvam idam abhyātto’vākyanādaraḥ [chā.u. 3.14.2] ity api | ","ताश् च शक्तयो निजेच्छात्मकस्वाभाविकशक्तिमय्य इति तासाम् अपि तद्रूपत्वं ध्वनितम् । अतः कर्तृत्वम् अप्य् अत्र प्रादुर्भावयितृत्वम् एव, न तु कल्पयितृत्वम् इति । तथा, मनोमयः प्राणशरीरो भारूपः सत्यकामः सत्यसङ्कल्पः आकाशात्मा सर्वकर्मा सर्वकामः सर्वगन्धः सर्वरसः सर्वम् इदम् अभ्यात्तोऽवाक्यनादरः [छा.उ. ३.१४.२] इत्य् अपि । ","ताश् च शक्तयो निजेच्छात्मकस्वाभाविकशक्तिमय्य इति तासाम् अपि तद्रूपत्वꣳ ध्वनितम् । अतः कर्तृत्वम् अप्य् अत्र प्रादुर्भावयितृत्वम् एव, न तु कल्पयितृत्वम् इति । तथा, मनोमयः प्राणशरीरो भारूपः सत्यकामः सत्यसङ्कल्पः आकाशात्मा सर्वकर्मा सर्वकामः सर्वगन्धः सर्वरसः सर्वम् इदम् अभ्यात्तोऽवाक्यनादरः [छा.उ. ३.१४.२] इत्य् अपि । "
2620,ta idam āhuḥ—mano-mayaḥ pariśuddhena manasaikyena grāhyaḥ | prāṇa-śarīraḥ iti jagati sarveṣāṁ prāṇānāṁ dhārakaḥ | bhā-rūpaḥ bhā-svarūpaḥ | aprākṛta-svāsādharaṇa-niratiśaya-kalyāṇa-divā-rūpatvena niratiśaya-dīpti-yukta ity arthaḥ | ākāśātmā ākāśavat sūkṣma-svaccha-rūpaṁ sakaletara-kāraṇasyātma-bhūta iti | ākāśātmā svayaṁ ca prakāśate’syāṁś ca prakāśayatīti vākāśātmā | evaṁ sarva-karmā kriyate iti karma | sarvaṁ jagad asya karma sarvā vā kriyā yasyāsau sarva-karmā | sarva-kāmaḥ kāmantya iti kāmā bhogya-bhogopakaraṇādayas te pari sarva-vidhās tasya santīty arthaḥ | sarva-gandhaḥ sarva-rasaḥ aśabdam asparśaṁ [ka.u. 1.3.15] ity-ādinā prākṛta-gandhādi-niṣedhād aprākṛtasyāsādhāraṇā niravadyā niratiśayāḥ kalyāṇāḥ sva-bhogya-bhūtāḥ sarva-vidhā gandha-rasās tasya santīty arthaḥ | sarvam idam abhyātta uktam idaṁ paryantaṁ sarvam idaṁ kalyāṇa-guṇa-jātaṁ svīkṛtavān | abhyāttaḥ iti bhuktā brāhmaṇāḥ itivat kartari ktaḥ pratipattavyaḥ | avākī vāg uktiḥ sāsya nāstīty avākī | kutaḥ ? ity āha—anādaraḥ | avāpta-samasta-kāmatvenādartavyābhāvād ādara-rahitaḥ | ata evāvākī ajalpāka iti | ,त इदम् आहुः—मनोमयः परिशुद्धेन मनसैक्येन ग्राह्यः । प्राणशरीरः इति जगति सर्वेषां प्राणानां धारकः । भारूपः भास्वरूपः । अप्राकृतस्वासाधरणनिरतिशयकल्याणदिवारूपत्वेन निरतिशयदीप्तियुक्त इत्य् अर्थः । आकाशात्मा आकाशवत् सूक्ष्मस्वच्छरूपं सकलेतरकारणस्यात्मभूत इति । आकाशात्मा स्वयं च प्रकाशतेऽस्यांश् च प्रकाशयतीति वाकाशात्मा । एवं सर्वकर्मा क्रियते इति कर्म । सर्वं जगद् अस्य कर्म सर्वा वा क्रिया यस्यासौ सर्वकर्मा । सर्वकामः कामन्त्य इति कामा भोग्यभोगोपकरणादयस् ते परि सर्वविधास् तस्य सन्तीत्य् अर्थः । सर्वगन्धः सर्वरसः अशब्दम् अस्पर्शं [क.उ. १.३.१५] इत्यादिना प्राकृतगन्धादिनिषेधाद् अप्राकृतस्यासाधारणा निरवद्या निरतिशयाः कल्याणाः स्वभोग्यभूताः सर्वविधा गन्धरसास् तस्य सन्तीत्य् अर्थः । सर्वम् इदम् अभ्यात्त उक्तम् इदं पर्यन्तं सर्वम् इदं कल्याणगुणजातं स्वीकृतवान् । अभ्यात्तः इति भुक्ता ब्राह्मणाः इतिवत् कर्तरि क्तः प्रतिपत्तव्यः । अवाकी वाग् उक्तिः सास्य नास्तीत्य् अवाकी । कुतः ? इत्य् आह—अनादरः । अवाप्तसमस्तकामत्वेनादर्तव्याभावाद् आदररहितः । अत एवावाकी अजल्पाक इति । ,त इदम् आहुः—मनोमयः परिशुद्धेन मनसैक्येन ग्राह्यः । प्राणशरीरः इति जगति सर्वेषाꣳ प्राणानाꣳ धारकः । भारूपः भास्वरूपः । अप्राकृतस्वासाधरणनिरतिशयकल्याणदिवारूपत्वेन निरतिशयदीप्तियुक्त इत्य् अर्थः । आकाशात्मा आकाशवत् सूक्ष्मस्वच्छरूपꣳ सकलेतरकारणस्यात्मभूत इति । आकाशात्मा स्वयꣳ च प्रकाशतेऽस्याꣳश् च प्रकाशयतीति वाकाशात्मा । एवꣳ सर्वकर्मा क्रियते इति कर्म । सर्वꣳ जगद् अस्य कर्म सर्वा वा क्रिया यस्यासौ सर्वकर्मा । सर्वकामः कामन्त्य इति कामा भोग्यभोगोपकरणादयस् ते परि सर्वविधास् तस्य सन्तीत्य् अर्थः । सर्वगन्धः सर्वरसः अशब्दम् अस्पर्शꣳ [क.उ. १.३.१५] इत्यादिना प्राकृतगन्धादिनिषेधाद् अप्राकृतस्यासाधारणा निरवद्या निरतिशयाः कल्याणाः स्वभोग्यभूताः सर्वविधा गन्धरसास् तस्य सन्तीत्य् अर्थः । सर्वम् इदम् अभ्यात्त उक्तम् इदꣳ पर्यन्तꣳ सर्वम् इदꣳ कल्याणगुणजातꣳ स्वीकृतवान् । अभ्यात्तः इति भुक्ता ब्राह्मणाः इतिवत् कर्तरि क्तः प्रतिपत्तव्यः । अवाकी वाग् उक्तिः सास्य नास्तीत्य् अवाकी । कुतः ? इत्य् आह—अनादरः । अवाप्तसमस्तकामत्वेनादर्तव्याभावाद् आदररहितः । अत एवावाकी अजल्पाक इति । 
2621,atra prāṇa-śarīra iti prāṇavad upāsakānāṁ parama-preṣṭha-śarīra ity arthaḥ ity api | tathā prāṇayati sarvam iti prāṇaṁ paraṁ brahmaiva śarīraṁ yasya sa ity arthaḥ | ity api ca vyākhyānaṁ ghaṭate ||,अत्र प्राणशरीर इति प्राणवद् उपासकानां परमप्रेष्ठशरीर इत्य् अर्थः इत्य् अपि । तथा प्राणयति सर्वम् इति प्राणं परं ब्रह्मैव शरीरं यस्य स इत्य् अर्थः । इत्य् अपि च व्याख्यानं घटते ॥,अत्र प्राणशरीर इति प्राणवद् उपासकानाꣳ परमप्रेष्ठशरीर इत्य् अर्थः इत्य् अपि । तथा प्राणयति सर्वम् इति प्राणꣳ परꣳ ब्रह्मैव शरीरꣳ यस्य स इत्य् अर्थः । इत्य् अपि च व्याख्यानꣳ घटते ॥
2622,"pṛthivy-ādi | atra yad aṇḍam aṇḍāntara-gocaraṁ ca ity-ādi-padya evaṁ vivecanīyam | yadyapi śrī-rāmānujīyair nirviśeṣaṁ brahma na manyate, tathāpi sa-viśeṣaṁ manyamānair viśeṣātiriktaṁ mantavyam eva | tac ca brahma-śabdenoktaṁ viśiṣṭa-brahmaṇo guṇa-bhūtam iti, so’śnute sarvān kāmān saha brahmaṇā vipaścitā [tai.u. 2.1.1] ity atra saha-śabda-balena tair eva vyākhyātam | tac cāgre mūla eva vivecanīyam |","पृथिव्यादि । अत्र यद् अण्डम् अण्डान्तरगोचरं च इत्यादिपद्य एवं विवेचनीयम् । यद्यपि श्रीरामानुजीयैर् निर्विशेषं ब्रह्म न मन्यते, तथापि सविशेषं मन्यमानैर् विशेषातिरिक्तं मन्तव्यम् एव । तच् च ब्रह्मशब्देनोक्तं विशिष्टब्रह्मणो गुणभूतम् इति, सोऽश्नुते सर्वान् कामान् सह ब्रह्मणा विपश्चिता [तै.उ. २.१.१] इत्य् अत्र सहशब्दबलेन तैर् एव व्याख्यातम् । तच् चाग्रे मूल एव विवेचनीयम् ।","पृथिव्यादि । अत्र यद् अण्डम् अण्डान्तरगोचरꣳ च इत्यादिपद्य एवꣳ विवेचनीयम् । यद्यपि श्रीरामानुजीयैर् निर्विशेषꣳ ब्रह्म न मन्यते, तथापि सविशेषꣳ मन्यमानैर् विशेषातिरिक्तꣳ मन्तव्यम् एव । तच् च ब्रह्मशब्देनोक्तꣳ विशिष्टब्रह्मणो गुणभूतम् इति, सोऽश्नुते सर्वान् कामान् सह ब्रह्मणा विपश्चिता [तै.उ. २.१.१] इत्य् अत्र सहशब्दबलेन तैर् एव व्याख्यातम् । तच् चाग्रे मूल एव विवेचनीयम् ।"
2624,"sa vā eṣa puruṣo’nna-rasa-mayaḥ | tasyedam eva śiraḥ, ayaṁ dakṣiṇaḥ pakṣaḥ, ayam uttara-pakṣaḥ, ayam ātmā, idaṁ pucchaṁ pratiṣṭhā | [tai.u. 2.1]","स वा एष पुरुषोऽन्नरसमयः । तस्येदम् एव शिरः, अयं दक्षिणः पक्षः, अयम् उत्तरपक्षः, अयम् आत्मा, इदं पुच्छं प्रतिष्ठा । [तै.उ. २.१]","स वा एष पुरुषोऽन्नरसमयः । तस्येदम् एव शिरः, अयꣳ दक्षिणः पक्षः, अयम् उत्तरपक्षः, अयम् आत्मा, इदꣳ पुच्छꣳ प्रतिष्ठा । [तै.उ. २.१]"
2625,"tasmād vā etasmād anna-rasa-mayāt | anyo’ntara ātmā prāṇa-mayaḥ | tenaiṣa pūrṇaḥ | sa vā eṣa puruṣa-vidha eva | tasya puruṣa-vidhatām | anvayaṁ puruṣa-vidhaḥ | tasya prāṇam eva śiraḥ, vyāno dakṣiṇaḥ pakṣaḥ, apāna uttaraḥ pakṣaḥ, ākāśa ātmā, pṛthivī pucchaṁ pratiṣṭhā | [tai.u. 2.2]","तस्माद् वा एतस्माद् अन्नरसमयात् । अन्योऽन्तर आत्मा प्राणमयः । तेनैष पूर्णः । स वा एष पुरुषविध एव । तस्य पुरुषविधताम् । अन्वयं पुरुषविधः । तस्य प्राणम् एव शिरः, व्यानो दक्षिणः पक्षः, अपान उत्तरः पक्षः, आकाश आत्मा, पृथिवी पुच्छं प्रतिष्ठा । [तै.उ. २.२]","तस्माद् वा एतस्माद् अन्नरसमयात् । अन्योऽन्तर आत्मा प्राणमयः । तेनैष पूर्णः । स वा एष पुरुषविध एव । तस्य पुरुषविधताम् । अन्वयꣳ पुरुषविधः । तस्य प्राणम् एव शिरः, व्यानो दक्षिणः पक्षः, अपान उत्तरः पक्षः, आकाश आत्मा, पृथिवी पुच्छꣳ प्रतिष्ठा । [तै.उ. २.२]"
2626,"tasyaiṣa eva śārīra ātmā | yaḥ pūrvasya, tasmād vā etasmāt prāṇa-mayād anyo’ntara ātmā mano-mayaḥ, tenaiṣa pūrṇaḥ | sa vā eṣa puruṣa-vidha eva, tasya puruṣa-vidhatām anvayaṁ puruṣa-vidhaḥ, tasya yajur eva śiraḥ, ṛg dakṣiṇaḥ pakṣaḥ, sāmottaraḥ pakṣaḥ, ādeśa ātmā, atha sarvāṅgirasaḥ pucchaṁ pratiṣṭhā | [tai.u. 2.3]","तस्यैष एव शारीर आत्मा । यः पूर्वस्य, तस्माद् वा एतस्मात् प्राणमयाद् अन्योऽन्तर आत्मा मनोमयः, तेनैष पूर्णः । स वा एष पुरुषविध एव, तस्य पुरुषविधताम् अन्वयं पुरुषविधः, तस्य यजुर् एव शिरः, ऋग् दक्षिणः पक्षः, सामोत्तरः पक्षः, आदेश आत्मा, अथ सर्वाङ्गिरसः पुच्छं प्रतिष्ठा । [तै.उ. २.३]","तस्यैष एव शारीर आत्मा । यः पूर्वस्य, तस्माद् वा एतस्मात् प्राणमयाद् अन्योऽन्तर आत्मा मनोमयः, तेनैष पूर्णः । स वा एष पुरुषविध एव, तस्य पुरुषविधताम् अन्वयꣳ पुरुषविधः, तस्य यजुर् एव शिरः, ऋग् दक्षिणः पक्षः, सामोत्तरः पक्षः, आदेश आत्मा, अथ सर्वाङ्गिरसः पुच्छꣳ प्रतिष्ठा । [तै.उ. २.३]"
2627,"tasyaiṣa eva śārīra ātmā | yaḥ pūrvasya, tasmād vā etasmān mano-mayād anyo’ntara ātmā vijñānamayaḥ, tenaiṣa pūrṇaḥ | sa vā eṣa puruṣa-vidha eva | tasya śraddhaiva śiraḥ, ṛtaṁ dakṣiṇaḥ pakṣaḥ, satyam uttaraḥ pakṣaḥ, yoga ātmā, mahaḥ pucchaṁ pratiṣṭhā | [tai.u. 2.4]","तस्यैष एव शारीर आत्मा । यः पूर्वस्य, तस्माद् वा एतस्मान् मनोमयाद् अन्योऽन्तर आत्मा विज्ञानमयः, तेनैष पूर्णः । स वा एष पुरुषविध एव । तस्य श्रद्धैव शिरः, ऋतं दक्षिणः पक्षः, सत्यम् उत्तरः पक्षः, योग आत्मा, महः पुच्छं प्रतिष्ठा । [तै.उ. २.४]","तस्यैष एव शारीर आत्मा । यः पूर्वस्य, तस्माद् वा एतस्मान् मनोमयाद् अन्योऽन्तर आत्मा विज्ञानमयः, तेनैष पूर्णः । स वा एष पुरुषविध एव । तस्य श्रद्धैव शिरः, ऋतꣳ दक्षिणः पक्षः, सत्यम् उत्तरः पक्षः, योग आत्मा, महः पुच्छꣳ प्रतिष्ठा । [तै.उ. २.४]"
2628,"tasyaiṣa eva śārīra ātmā | yaḥ pūrvasya, tasmād vā etasmād vijñāna-mayād anyo’ntara ātmā ānanda-mayaḥ, tenaiṣa pūrṇaḥ | sa vā eṣa puruṣa-vidhatām anvayaṁ, puruṣa-vidhaḥ | tasya priyam eva śiraḥ, modo dakṣiṇaḥ pakṣaḥ, pramoda uttaraḥ pakṣaḥ, ānanda ātmā, brahma pucchaṁ pratiṣṭhā | [tai.u. 2.5] iti |","तस्यैष एव शारीर आत्मा । यः पूर्वस्य, तस्माद् वा एतस्माद् विज्ञानमयाद् अन्योऽन्तर आत्मा आनन्दमयः, तेनैष पूर्णः । स वा एष पुरुषविधताम् अन्वयं, पुरुषविधः । तस्य प्रियम् एव शिरः, मोदो दक्षिणः पक्षः, प्रमोद उत्तरः पक्षः, आनन्द आत्मा, ब्रह्म पुच्छं प्रतिष्ठा । [तै.उ. २.५] इति ।","तस्यैष एव शारीर आत्मा । यः पूर्वस्य, तस्माद् वा एतस्माद् विज्ञानमयाद् अन्योऽन्तर आत्मा आनन्दमयः, तेनैष पूर्णः । स वा एष पुरुषविधताम् अन्वयꣳ, पुरुषविधः । तस्य प्रियम् एव शिरः, मोदो दक्षिणः पक्षः, प्रमोद उत्तरः पक्षः, आनन्द आत्मा, ब्रह्म पुच्छꣳ प्रतिष्ठा । [तै.उ. २.५] इति ।"
2629,"ayam arthaḥ—sa vā-śabdaḥ prasiddhau niścaye vā | eṣa mṛj-jalāgni-piṇḍa-lakṣaṇaḥ puruṣaḥ anna-rasa-mayaḥ anna-rasa-prācuryavān | yad vā, anna-raso nāmānna-vikāraḥ, tena tvag-ādi-rūpaḥ sarvo’pi tad-vikāro gṛhyate | tataś ca jala-vikārādibhir īṣan-miśratvāt tat-pracuraḥ kaivalyābhāvenāṁśasyaivānna-rasa-vikāratve sati saṁśinas tad-vikāratva-vivakṣānarhatvāt prāṇa-mayādāv api śuddha-vāyu-vigrahādīnāṁ rūpāntara-prāptādarśanāt pṛthivy-abhimāni-devatādi-lakṣaṇaḥ pucchādīnāṁ tad-vikāratvābhāvāt | vikāra-śabdāt [ve.sū. 1.1.13] ity-ādau sūtra-kārāṇām asvārasyāt | nadvyacāś iti niṣedhāc ca, na tu tad-vikāra iti | idaṁ prasiddhaṁ śira eva śiraḥ, na tūttarottaratrevātrāpi kalpanā-mayam |","अयम् अर्थः—स वाशब्दः प्रसिद्धौ निश्चये वा । एष मृज्जलाग्निपिण्डलक्षणः पुरुषः अन्नरसमयः अन्नरसप्राचुर्यवान् । यद् वा, अन्नरसो नामान्नविकारः, तेन त्वगादिरूपः सर्वोऽपि तद्विकारो गृह्यते । ततश् च जलविकारादिभिर् ईषन्मिश्रत्वात् तत्प्रचुरः कैवल्याभावेनांशस्यैवान्नरसविकारत्वे सति संशिनस् तद्विकारत्वविवक्षानर्हत्वात् प्राणमयादाव् अपि शुद्धवायुविग्रहादीनां रूपान्तरप्राप्तादर्शनात् पृथिव्यभिमानिदेवतादिलक्षणः पुच्छादीनां तद्विकारत्वाभावात् । विकारशब्दात् [वे.सू. १.१.१३] इत्यादौ सूत्रकाराणाम् अस्वारस्यात् । नद्व्यचाश् इति निषेधाच् च, न तु तद्विकार इति । इदं प्रसिद्धं शिर एव शिरः, न तूत्तरोत्तरत्रेवात्रापि कल्पनामयम् ।","अयम् अर्थः—स वाशब्दः प्रसिद्धौ निश्चये वा । एष मृज्जलाग्निपिण्डलक्षणः पुरुषः अन्नरसमयः अन्नरसप्राचुर्यवान् । यद् वा, अन्नरसो नामान्नविकारः, तेन त्वगादिरूपः सर्वोऽपि तद्विकारो गृह्यते । ततश् च जलविकारादिभिर् ईषन्मिश्रत्वात् तत्प्रचुरः कैवल्याभावेनाꣳशस्यैवान्नरसविकारत्वे सति सꣳशिनस् तद्विकारत्वविवक्षानर्हत्वात् प्राणमयादाव् अपि शुद्धवायुविग्रहादीनाꣳ रूपान्तरप्राप्तादर्शनात् पृथिव्यभिमानिदेवतादिलक्षणः पुच्छादीनाꣳ तद्विकारत्वाभावात् । विकारशब्दात् [वे.सू. १.१.१३] इत्यादौ सूत्रकाराणाम् अस्वारस्यात् । नद्व्यचाश् इति निषेधाच् च, न तु तद्विकार इति । इदꣳ प्रसिद्धꣳ शिर एव शिरः, न तूत्तरोत्तरत्रेवात्रापि कल्पनामयम् ।"
2630,evaṁ pakṣādiṣv api vyākhyeyam | pakṣo bāhuḥ | uttaro vāmaḥ | madhyama-deha-bhāga ātmāṅgānām | madhyaṁ hy eṣām ātmā iti śruteḥ | idam api nābher adhastāt yad aṅgaṁ taṁ puccham iva puccham adho-lambana-sāmyāt | tad eva ca prakarṣeṇa tiṣṭhaty asyām iti pratiṣṭhā āśrayaḥ | śākhā-candra-darśanavad antaratamatva-jñānārthaṁ loka-prasiddham ātmānam anūdya tasyāntaram antarātmānaṁ śāstra-prasiddha-sādhanādi-krameṇa praveśayan prāṇa-mayādīn apy āha tatra manaso dhāraṇārthaṁ tad-ādhāraḥ prāṇo dhārya iti |,एवं पक्षादिष्व् अपि व्याख्येयम् । पक्षो बाहुः । उत्तरो वामः । मध्यमदेहभाग आत्माङ्गानाम् । मध्यं ह्य् एषाम् आत्मा इति श्रुतेः । इदम् अपि नाभेर् अधस्तात् यद् अङ्गं तं पुच्छम् इव पुच्छम् अधोलम्बनसाम्यात् । तद् एव च प्रकर्षेण तिष्ठत्य् अस्याम् इति प्रतिष्ठा आश्रयः । शाखाचन्द्रदर्शनवद् अन्तरतमत्वज्ञानार्थं लोकप्रसिद्धम् आत्मानम् अनूद्य तस्यान्तरम् अन्तरात्मानं शास्त्रप्रसिद्धसाधनादिक्रमेण प्रवेशयन् प्राणमयादीन् अप्य् आह तत्र मनसो धारणार्थं तदाधारः प्राणो धार्य इति ।,एवꣳ पक्षादिष्व् अपि व्याख्येयम् । पक्षो बाहुः । उत्तरो वामः । मध्यमदेहभाग आत्माङ्गानाम् । मध्यꣳ ह्य् एषाम् आत्मा इति श्रुतेः । इदम् अपि नाभेर् अधस्तात् यद् अङ्गꣳ तꣳ पुच्छम् इव पुच्छम् अधोलम्बनसाम्यात् । तद् एव च प्रकर्षेण तिष्ठत्य् अस्याम् इति प्रतिष्ठा आश्रयः । शाखाचन्द्रदर्शनवद् अन्तरतमत्वज्ञानार्थꣳ लोकप्रसिद्धम् आत्मानम् अनूद्य तस्यान्तरम् अन्तरात्मानꣳ शास्त्रप्रसिद्धसाधनादिक्रमेण प्रवेशयन् प्राणमयादीन् अप्य् आह तत्र मनसो धारणार्थꣳ तदाधारः प्राणो धार्य इति ।
2631,"prathamaṁ prāṇamayam āha—tasmād iti | antaras tad-apagamād anna-rasa-mayasya dṛteḥ eṣo’nna-rasa-mayas tena pūrṇo vāyuneva dṛtiḥ, sa ca puruṣa-vidhaḥ puruṣākāraḥ | kathaṁ tasya pūrvasyānna-rasamayasya puruṣa-vidhatām eva lakṣīkṛtya viśeṣaṁ bodhayitum ayam api rūpaka-kalpitaiḥ śira-pakṣādibhiḥ puruṣākāra eva varṇyate iti |","प्रथमं प्राणमयम् आह—तस्माद् इति । अन्तरस् तदपगमाद् अन्नरसमयस्य दृतेः एषोऽन्नरसमयस् तेन पूर्णो वायुनेव दृतिः, स च पुरुषविधः पुरुषाकारः । कथं तस्य पूर्वस्यान्नरसमयस्य पुरुषविधताम् एव लक्षीकृत्य विशेषं बोधयितुम् अयम् अपि रूपककल्पितैः शिरपक्षादिभिः पुरुषाकार एव वर्ण्यते इति ।","प्रथमꣳ प्राणमयम् आह—तस्माद् इति । अन्तरस् तदपगमाद् अन्नरसमयस्य दृतेः एषोऽन्नरसमयस् तेन पूर्णो वायुनेव दृतिः, स च पुरुषविधः पुरुषाकारः । कथꣳ तस्य पूर्वस्यान्नरसमयस्य पुरुषविधताम् एव लक्षीकृत्य विशेषꣳ बोधयितुम् अयम् अपि रूपककल्पितैः शिरपक्षादिभिः पुरुषाकार एव वर्ण्यते इति ।"
2632,"tad eva rūpakaṁ darśayati—tasya prāṇa-mayasya prāṇaṁ hṛdi-stho vāyur eva prathama-dhāryatvena śiraḥ kalpyate | evaṁ sādhana-krameṇaiva dakṣiṇa-pakṣatvādi-kramo jñeyaḥ | ākāśaḥ ākāśa-stha-vṛtti-viśeṣaḥ samānākhyaḥ, prāṇa-vṛtty-adhikārāt | madhya-sthatvāditarā paryanta-vṛttīr apekṣyātmā pṛthivī tad-abhimāninī devatā ādhyātmikasya prāṇasya dhārayitrī sthiti-hetutvāt, saiṣāṁ puruṣasyāpānam avaṣṭabhya [praśna.u. 3.8] śruty-antarāt | ","तद् एव रूपकं दर्शयति—तस्य प्राणमयस्य प्राणं हृदिस्थो वायुर् एव प्रथमधार्यत्वेन शिरः कल्प्यते । एवं साधनक्रमेणैव दक्षिणपक्षत्वादिक्रमो ज्ञेयः । आकाशः आकाशस्थवृत्तिविशेषः समानाख्यः, प्राणवृत्त्यधिकारात् । मध्यस्थत्वादितरा पर्यन्तवृत्तीर् अपेक्ष्यात्मा पृथिवी तदभिमानिनी देवता आध्यात्मिकस्य प्राणस्य धारयित्री स्थितिहेतुत्वात्, सैषां पुरुषस्यापानम् अवष्टभ्य [प्रश्न.उ. ३.८] श्रुत्यन्तरात् । ","तद् एव रूपकꣳ दर्शयति—तस्य प्राणमयस्य प्राणꣳ हृदिस्थो वायुर् एव प्रथमधार्यत्वेन शिरः कल्प्यते । एवꣳ साधनक्रमेणैव दक्षिणपक्षत्वादिक्रमो ज्ञेयः । आकाशः आकाशस्थवृत्तिविशेषः समानाख्यः, प्राणवृत्त्यधिकारात् । मध्यस्थत्वादितरा पर्यन्तवृत्तीर् अपेक्ष्यात्मा पृथिवी तदभिमानिनी देवता आध्यात्मिकस्य प्राणस्य धारयित्री स्थितिहेतुत्वात्, सैषाꣳ पुरुषस्यापानम् अवष्टभ्य [प्रश्न.उ. ३.८] श्रुत्यन्तरात् । "
2633,"tasya prāṇa-mayasya eṣa tasmād vā etasmād ātmana ākāśaḥ sambhūtaḥ ity atropakrānta evātmā śārīra ātmā tad-rūpa-śarīrāntaryāmī | katham-bhūtaḥ ? yaḥ pūrvasya anna-mayasyāpi śārīra ātmā | evaṁ yaḥ pūrvasya prāṇa-mayasya ity-ādikam uttaratrāpi yojyam | yasya pṛthivī śarīraṁ, yasyāpaḥ śarīraṁ, yasya tejaḥ śarīraṁ, yasya vāyuḥ śarīraṁ [bṛ.ā.u. 3.7.9] ity-ādy-antaryāmi-śruteḥ | ","तस्य प्राणमयस्य एष तस्माद् वा एतस्माद् आत्मन आकाशः सम्भूतः इत्य् अत्रोपक्रान्त एवात्मा शारीर आत्मा तद्रूपशरीरान्तर्यामी । कथम्भूतः ? यः पूर्वस्य अन्नमयस्यापि शारीर आत्मा । एवं यः पूर्वस्य प्राणमयस्य इत्यादिकम् उत्तरत्रापि योज्यम् । यस्य पृथिवी शरीरं, यस्यापः शरीरं, यस्य तेजः शरीरं, यस्य वायुः शरीरं [बृ.आ.उ. ३.७.९] इत्याद्यन्तर्यामिश्रुतेः । ","तस्य प्राणमयस्य एष तस्माद् वा एतस्माद् आत्मन आकाशः सम्भूतः इत्य् अत्रोपक्रान्त एवात्मा शारीर आत्मा तद्रूपशरीरान्तर्यामी । कथम्भूतः ? यः पूर्वस्य अन्नमयस्यापि शारीर आत्मा । एवꣳ यः पूर्वस्य प्राणमयस्य इत्यादिकम् उत्तरत्रापि योज्यम् । यस्य पृथिवी शरीरꣳ, यस्यापः शरीरꣳ, यस्य तेजः शरीरꣳ, यस्य वायुः शरीरꣳ [बृ.आ.उ. ३.७.९] इत्याद्यन्तर्यामिश्रुतेः । "
2634,"yat tv ānanda-mayās te’pi tasyaiṣa eva śārīra ātmeti śrūyate tat tu tasyaupacārika-bheda-nirdeśenānanyatvam eva bodhayati | nātmāntaraṁ vijñāna-mayād anyo’ntara ātmetivad anyā—prastāvāt | prāṇa-mayāntokte yaḥ pūrvasyety atrānyair api tathābhyupagamāt | tataś ca eṣa pūrvokta ānanda-maya-tātparyāvasāna-viveka ātmaiva tasya, śārīra ātmā iti yojyam | evaṁ prāṇa-dhāraṇayā mano-vaśaṁ kṛtya tac ca mano-vaidika-niṣkāma-karmātmakatayā dhāraṇīyam ity āśayena manomayam āha—manaḥ saṅkalpādy-ātmakam antaḥkaraṇam | yajur iti, aniyatākṣara-pāda-viśeṣo mantra-viśeṣaḥ | taj-jāti-vacano’pi yajuḥ-śabdaḥ | tasya śirastvaṁ prāthamyāt yajuṣā hi havir dīyate | evam ṛk-sāmayor api vaiśiṣṭyaṁ jñeyam | ādeśo’tra brāhmaṇaḥ, ādeṣṭavya-viśeṣān nirdiśati asyātmatvaṁ pravartakatvāt | ","यत् त्व् आनन्दमयास् तेऽपि तस्यैष एव शारीर आत्मेति श्रूयते तत् तु तस्यौपचारिकभेदनिर्देशेनानन्यत्वम् एव बोधयति । नात्मान्तरं विज्ञानमयाद् अन्योऽन्तर आत्मेतिवद् अन्या—प्रस्तावात् । प्राणमयान्तोक्ते यः पूर्वस्येत्य् अत्रान्यैर् अपि तथाभ्युपगमात् । ततश् च एष पूर्वोक्त आनन्दमयतात्पर्यावसानविवेक आत्मैव तस्य, शारीर आत्मा इति योज्यम् । एवं प्राणधारणया मनोवशं कृत्य तच् च मनोवैदिकनिष्कामकर्मात्मकतया धारणीयम् इत्य् आशयेन मनोमयम् आह—मनः सङ्कल्पाद्यात्मकम् अन्तःकरणम् । यजुर् इति, अनियताक्षरपादविशेषो मन्त्रविशेषः । तज्जातिवचनोऽपि यजुःशब्दः । तस्य शिरस्त्वं प्राथम्यात् यजुषा हि हविर् दीयते । एवम् ऋक्सामयोर् अपि वैशिष्ट्यं ज्ञेयम् । आदेशोऽत्र ब्राह्मणः, आदेष्टव्यविशेषान् निर्दिशति अस्यात्मत्वं प्रवर्तकत्वात् । ","यत् त्व् आनन्दमयास् तेऽपि तस्यैष एव शारीर आत्मेति श्रूयते तत् तु तस्यौपचारिकभेदनिर्देशेनानन्यत्वम् एव बोधयति । नात्मान्तरꣳ विज्ञानमयाद् अन्योऽन्तर आत्मेतिवद् अन्या—प्रस्तावात् । प्राणमयान्तोक्ते यः पूर्वस्येत्य् अत्रान्यैर् अपि तथाभ्युपगमात् । ततश् च एष पूर्वोक्त आनन्दमयतात्पर्यावसानविवेक आत्मैव तस्य, शारीर आत्मा इति योज्यम् । एवꣳ प्राणधारणया मनोवशꣳ कृत्य तच् च मनोवैदिकनिष्कामकर्मात्मकतया धारणीयम् इत्य् आशयेन मनोमयम् आह—मनः सङ्कल्पाद्यात्मकम् अन्तःकरणम् । यजुर् इति, अनियताक्षरपादविशेषो मन्त्रविशेषः । तज्जातिवचनोऽपि यजुःशब्दः । तस्य शिरस्त्वꣳ प्राथम्यात् यजुषा हि हविर् दीयते । एवम् ऋक्सामयोर् अपि वैशिष्ट्यꣳ ज्ञेयम् । आदेशोऽत्र ब्राह्मणः, आदेष्टव्यविशेषान् निर्दिशति अस्यात्मत्वꣳ प्रवर्तकत्वात् । "
2635,atharvaṇā aṅgirasā dṛṣṭā mantrā brāhmaṇaṁ ca śānty-ādi-pratiṣṭhā-hetu-karma-prādhānatvāt pucchaṁ pratiṣṭhā | mano-mayatvaṁ caiṣāṁ mano-vṛttyā vāvirbhāvatvena tat-prācuryāt | tad-vikāratve tu pauruṣeyatvāpātaḥ syāt |,अथर्वणा अङ्गिरसा दृष्टा मन्त्रा ब्राह्मणं च शान्त्यादिप्रतिष्ठाहेतुकर्मप्राधानत्वात् पुच्छं प्रतिष्ठा । मनोमयत्वं चैषां मनोवृत्त्या वाविर्भावत्वेन तत्प्राचुर्यात् । तद्विकारत्वे तु पौरुषेयत्वापातः स्यात् ।,अथर्वणा अङ्गिरसा दृष्टा मन्त्रा ब्राह्मणꣳ च शान्त्यादिप्रतिष्ठाहेतुकर्मप्राधानत्वात् पुच्छꣳ प्रतिष्ठा । मनोमयत्वꣳ चैषाꣳ मनोवृत्त्या वाविर्भावत्वेन तत्प्राचुर्यात् । तद्विकारत्वे तु पौरुषेयत्वापातः स्यात् ।
2636,atra pāramārthika-pathasyaiva prakṛtatvāt vyāvahārika-saṅkalpādy-ātmaka-manomayatvaṁ na prayujyate | prāṇa-dhāraṇāyāḥ pūrvam eva hi tyaktaṁ tat | evam uttaratrāpi |,अत्र पारमार्थिकपथस्यैव प्रकृतत्वात् व्यावहारिकसङ्कल्पाद्यात्मकमनोमयत्वं न प्रयुज्यते । प्राणधारणायाः पूर्वम् एव हि त्यक्तं तत् । एवम् उत्तरत्रापि ।,अत्र पारमार्थिकपथस्यैव प्रकृतत्वात् व्यावहारिकसङ्कल्पाद्यात्मकमनोमयत्वꣳ न प्रयुज्यते । प्राणधारणायाः पूर्वम् एव हि त्यक्तꣳ तत् । एवम् उत्तरत्रापि ।
2637,"tathaiva vijñānamayam āha—śraddhā, adhyātma-śāstre yāthārthya-pratītiḥ | ṛtaṁ śāstrārtha-niścitā buddhiḥ | satyaṁ tad-arthānubhava-prayatnaḥ | yogo yuktiḥ | samādhānaṁ—ātmā śraddhādīnām etat sākṣātkārāṅgatvāt | mahaḥ—tat-tat-sarva-prakāśa-hetutvenottamataraṁ śuddha-jīva-rūpaṁ yasyaiva prasiddhena vijñānātmatvenāsya vijñāna ātmatvenāsya vijñāna-mayatvam ucyate | yo vijñāne tiṣṭhan, vijñānād antaro yaṁ vijñānaṁ na veda, yasya vijñānaṁ śarīraṁ [bṛ.ā.u. 3.7.22] iti jīvāntaryāmi-pratipādaka-śruteḥ | atra sthāna eva—ya ātmani tiṣṭhan [śa.brā. 14.6.7.30] ity-ādi-śruty-antarāt | pratiṣṭhā teṣāṁ sarveṣām āśrayaḥ | ","तथैव विज्ञानमयम् आह—श्रद्धा, अध्यात्मशास्त्रे याथार्थ्यप्रतीतिः । ऋतं शास्त्रार्थनिश्चिता बुद्धिः । सत्यं तदर्थानुभवप्रयत्नः । योगो युक्तिः । समाधानं—आत्मा श्रद्धादीनाम् एतत् साक्षात्काराङ्गत्वात् । महः—तत्तत्सर्वप्रकाशहेतुत्वेनोत्तमतरं शुद्धजीवरूपं यस्यैव प्रसिद्धेन विज्ञानात्मत्वेनास्य विज्ञान आत्मत्वेनास्य विज्ञानमयत्वम् उच्यते । यो विज्ञाने तिष्ठन्, विज्ञानाद् अन्तरो यं विज्ञानं न वेद, यस्य विज्ञानं शरीरं [बृ.आ.उ. ३.७.२२] इति जीवान्तर्यामिप्रतिपादकश्रुतेः । अत्र स्थान एव—य आत्मनि तिष्ठन् [श.ब्रा. १४.६.७.३०] इत्यादिश्रुत्यन्तरात् । प्रतिष्ठा तेषां सर्वेषाम् आश्रयः । ","तथैव विज्ञानमयम् आह—श्रद्धा, अध्यात्मशास्त्रे याथार्थ्यप्रतीतिः । ऋतꣳ शास्त्रार्थनिश्चिता बुद्धिः । सत्यꣳ तदर्थानुभवप्रयत्नः । योगो युक्तिः । समाधानꣳ—आत्मा श्रद्धादीनाम् एतत् साक्षात्काराङ्गत्वात् । महः—तत्तत्सर्वप्रकाशहेतुत्वेनोत्तमतरꣳ शुद्धजीवरूपꣳ यस्यैव प्रसिद्धेन विज्ञानात्मत्वेनास्य विज्ञान आत्मत्वेनास्य विज्ञानमयत्वम् उच्यते । यो विज्ञाने तिष्ठन्, विज्ञानाद् अन्तरो यꣳ विज्ञानꣳ न वेद, यस्य विज्ञानꣳ शरीरꣳ [बृ.आ.उ. ३.७.२२] इति जीवान्तर्यामिप्रतिपादकश्रुतेः । अत्र स्थान एव—य आत्मनि तिष्ठन् [श.ब्रा. १४.६.७.३०] इत्यादिश्रुत्यन्तरात् । प्रतिष्ठा तेषाꣳ सर्वेषाम् आश्रयः । "
2638,"tad evaṁ śuddha-jīva-paryantam uktvā tathā tathā labdhāntarāṇāṁ punaḥ sarvāntaratamatvena tatraiva pūrvopakrānta-mukhyātmatvaṁ paryavasāyayan—ānanda-mayam upadiśati | evaṁ pūrva-pūrvaṁ śāstrīya-paramārtha-prakriyaiva labdhā, na tu vyavahārikī | tato neṣṭa-putra-darśanajānandādikaṁ priyādibdair vyākhyeyaṁ, kintv ekasyaiva paramānandasya brahmaṇa uttarottaro dayotkarṣa-tāratamyaṁ, tat-tan-nāma-bhedaḥ | ānandasya sāmānyatvena priyādiṣu vyāpty-apekṣayā ātmatva-rūpakaṁ brahmaṇas tu sarvottaroditatvena pucchatva-rūpakam iti |","तद् एवं शुद्धजीवपर्यन्तम् उक्त्वा तथा तथा लब्धान्तराणां पुनः सर्वान्तरतमत्वेन तत्रैव पूर्वोपक्रान्तमुख्यात्मत्वं पर्यवसाययन्—आनन्दमयम् उपदिशति । एवं पूर्वपूर्वं शास्त्रीयपरमार्थप्रक्रियैव लब्धा, न तु व्यवहारिकी । ततो नेष्टपुत्रदर्शनजानन्दादिकं प्रियादिब्दैर् व्याख्येयं, किन्त्व् एकस्यैव परमानन्दस्य ब्रह्मण उत्तरोत्तरो दयोत्कर्षतारतम्यं, तत्तन्नामभेदः । आनन्दस्य सामान्यत्वेन प्रियादिषु व्याप्त्यपेक्षया आत्मत्वरूपकं ब्रह्मणस् तु सर्वोत्तरोदितत्वेन पुच्छत्वरूपकम् इति ।","तद् एवꣳ शुद्धजीवपर्यन्तम् उक्त्वा तथा तथा लब्धान्तराणाꣳ पुनः सर्वान्तरतमत्वेन तत्रैव पूर्वोपक्रान्तमुख्यात्मत्वꣳ पर्यवसाययन्—आनन्दमयम् उपदिशति । एवꣳ पूर्वपूर्वꣳ शास्त्रीयपरमार्थप्रक्रियैव लब्धा, न तु व्यवहारिकी । ततो नेष्टपुत्रदर्शनजानन्दादिकꣳ प्रियादिब्दैर् व्याख्येयꣳ, किन्त्व् एकस्यैव परमानन्दस्य ब्रह्मण उत्तरोत्तरो दयोत्कर्षतारतम्यꣳ, तत्तन्नामभेदः । आनन्दस्य सामान्यत्वेन प्रियादिषु व्याप्त्यपेक्षया आत्मत्वरूपकꣳ ब्रह्मणस् तु सर्वोत्तरोदितत्वेन पुच्छत्वरूपकम् इति ।"
2640,"tatas tasya tu tat-tad-viśeṣavattve paramākhaṇḍatvam iti, brahmaṇo hi pratiṣṭhāhaṁ [gītā 14.27] ity etad gītārtho’pi śruti-hṛdaya-gata eva boddhavyaḥ |","ततस् तस्य तु तत्तद्विशेषवत्त्वे परमाखण्डत्वम् इति, ब्रह्मणो हि प्रतिष्ठाहं [गीता १४.२७] इत्य् एतद् गीतार्थोऽपि श्रुतिहृदयगत एव बोद्धव्यः ।","ततस् तस्य तु तत्तद्विशेषवत्त्वे परमाखण्डत्वम् इति, ब्रह्मणो हि प्रतिष्ठाहꣳ [गीता १४.२७] इत्य् एतद् गीतार्थोऽपि श्रुतिहृदयगत एव बोद्धव्यः ।"
2641,"atha śrī-bhagavataḥ pūrṇa-tattvākāratva-nirdhāraṇa-prakaraṇe ekonaśatatamād vākyāt pūrvatra mokṣa-dharma-vacanānantaraṁ śrī-madhva-bhāṣyād eva tad-āhāryāṇi, yathā prathama-sūtre—","अथ श्रीभगवतः पूर्णतत्त्वाकारत्वनिर्धारणप्रकरणे एकोनशततमाद् वाक्यात् पूर्वत्र मोक्षधर्मवचनानन्तरं श्रीमध्वभाष्याद् एव तदाहार्याणि, यथा प्रथमसूत्रे—","अथ श्रीभगवतः पूर्णतत्त्वाकारत्वनिर्धारणप्रकरणे एकोनशततमाद् वाक्यात् पूर्वत्र मोक्षधर्मवचनानन्तरꣳ श्रीमध्वभाष्याद् एव तदाहार्याणि, यथा प्रथमसूत्रे—"
2645,"ity ārabhya, tad eva brahma paramaṁ kavīnām ity-antā śrutiḥ, tathā—","इत्य् आरभ्य, तद् एव ब्रह्म परमं कवीनाम् इत्यन्ता श्रुतिः, तथा—","इत्य् आरभ्य, तद् एव ब्रह्म परमꣳ कवीनाम् इत्यन्ता श्रुतिः, तथा—"
2646,yaṁ kāmaye tvaṁ tam ugraṁ kṛṇomi,यं कामये त्वं तम् उग्रं कृणोमि,यꣳ कामये त्वꣳ तम् उग्रꣳ कृणोमि
2647,taṁ brahmāṇaṁ tam ṛṣis taṁ sumedhām || [ṛ.ve. 10.125.5],तं ब्रह्माणं तम् ऋषिस् तं सुमेधाम् ॥ [ऋ.वे. १०.१२५.५],तꣳ ब्रह्माणꣳ तम् ऋषिस् तꣳ सुमेधाम् ॥ [ऋ.वे. १०.१२५.५]
2649,antaḥ samudre manasā carantaṁ,अन्तः समुद्रे मनसा चरन्तं,अन्तः समुद्रे मनसा चरन्तꣳ
2652,marīcīnāṁ padam icchanti vedhasaḥ || [tai.ā. 3.11.1],मरीचीनां पदम् इच्छन्ति वेधसः ॥ [तै.आ. ३.११.१],मरीचीनाꣳ पदम् इच्छन्ति वेधसः ॥ [तै.आ. ३.११.१]
2653,yasyāṇḍa-kośaṁ sūkṣmam āhuḥ ity-ādi-tad-dharmopadeśāt | sa hi pralaya-samudra-śāyī tasya ca viśvam aṇḍā-kośaḥ ||,यस्याण्डकोशं सूक्ष्मम् आहुः इत्यादितद्धर्मोपदेशात् । स हि प्रलयसमुद्रशायी तस्य च विश्वम् अण्डाकोशः ॥,यस्याण्डकोशꣳ सूक्ष्मम् आहुः इत्यादितद्धर्मोपदेशात् । स हि प्रलयसमुद्रशायी तस्य च विश्वम् अण्डाकोशः ॥
2656,tad aṇḍam abhavadd haimaṁ sahasrāṁśusama-prabham | ,तद् अण्डम् अभवद्द् हैमं सहस्रांशुसमप्रभम् । ,तद् अण्डम् अभवद्द् हैमꣳ सहस्राꣳशुसमप्रभम् । 
2657,tasmiñ jajñe svayaṁ brahmā sarvalokapitāmahaḥ ||,तस्मिञ् जज्ञे स्वयं ब्रह्मा सर्वलोकपितामहः ॥,तस्मिञ् जज्ञे स्वयꣳ ब्रह्मा सर्वलोकपितामहः ॥
2659,tā yad asyāyanaṁ pūrvaṁ tena nārāyaṇaḥ smṛtaḥ || [manu 1.8-10] iti |,ता यद् अस्यायनं पूर्वं तेन नारायणः स्मृतः ॥ [मनु १.८-१०] इति ।,ता यद् अस्यायनꣳ पूर्वꣳ तेन नारायणः स्मृतः ॥ [मनु १.८-१०] इति ।
2660,"atha navottara-śatatamāṅkam ārabhya brahman ity-ādi-prakaraṇe viśeṣaḥ kaścid darśyate—brahma ced avacanīyaṁ bhavati, tarhy avacanīya-padenocyate iti vācyatvam evāyāti | tenāpi lakṣyate ced vastutas tadval lakṣyaṁ, lakṣya-gaṅgā-śabdavat tasyāpy avacanīyatvābhāve vacanīyatvam eva siddhyati |","अथ नवोत्तरशततमाङ्कम् आरभ्य ब्रह्मन् इत्यादिप्रकरणे विशेषः कश्चिद् दर्श्यते—ब्रह्म चेद् अवचनीयं भवति, तर्ह्य् अवचनीयपदेनोच्यते इति वाच्यत्वम् एवायाति । तेनापि लक्ष्यते चेद् वस्तुतस् तद्वल् लक्ष्यं, लक्ष्यगङ्गाशब्दवत् तस्याप्य् अवचनीयत्वाभावे वचनीयत्वम् एव सिद्ध्यति ।","अथ नवोत्तरशततमाङ्कम् आरभ्य ब्रह्मन् इत्यादिप्रकरणे विशेषः कश्चिद् दर्श्यते—ब्रह्म चेद् अवचनीयꣳ भवति, तर्ह्य् अवचनीयपदेनोच्यते इति वाच्यत्वम् एवायाति । तेनापि लक्ष्यते चेद् वस्तुतस् तद्वल् लक्ष्यꣳ, लक्ष्यगङ्गाशब्दवत् तस्याप्य् अवचनीयत्वाभावे वचनीयत्वम् एव सिद्ध्यति ।"
2661,vacanīyatvāvacanīyatvābhāve tu anirvacanīyatvāpātaḥ | sa ca mithyā iti “ghaṭṭa-kuṭyāṁ prabhātaṁ”  evaṁ lakṣya-śabdenocyate ced vacanīyatva-siddhiḥ | lakṣyate cel lakṣyatva-cyutiḥ gaṅgā-śabda-lakṣyasyālakṣyatvaval lakṣya-śabda-lakṣyasyālakṣyatvāt | dvitīya-lakṣya-śabdena tasya lakṣatvam iti ced anavasthāyām api lakṣya-pada-vācyatvānatikrama eva syāt | evaṁ nirviśeṣa-sva-prakāśa-paramārtha-sad ity-ādi-śabdair brahmocyate ced vācyatva-siddhiḥ | na ca tair api lakṣyate—tat-tac-chabda-mukhyārthasyānyasyābhāvāt | nitviśeṣādi-śabdānāṁ viśeṣābhāva-viśiṣṭaṁ vā tad-upalakṣitaṁ vā brahma cet tat-tac-chabda-vācyatvaṁ durnivāram | ,वचनीयत्वावचनीयत्वाभावे तु अनिर्वचनीयत्वापातः । स च मिथ्या इति “घट्टकुट्यां प्रभातं”  एवं लक्ष्यशब्देनोच्यते चेद् वचनीयत्वसिद्धिः । लक्ष्यते चेल् लक्ष्यत्वच्युतिः गङ्गाशब्दलक्ष्यस्यालक्ष्यत्ववल् लक्ष्यशब्दलक्ष्यस्यालक्ष्यत्वात् । द्वितीयलक्ष्यशब्देन तस्य लक्षत्वम् इति चेद् अनवस्थायाम् अपि लक्ष्यपदवाच्यत्वानतिक्रम एव स्यात् । एवं निर्विशेषस्वप्रकाशपरमार्थसद् इत्यादिशब्दैर् ब्रह्मोच्यते चेद् वाच्यत्वसिद्धिः । न च तैर् अपि लक्ष्यते—तत्तच्छब्दमुख्यार्थस्यान्यस्याभावात् । नित्विशेषादिशब्दानां विशेषाभावविशिष्टं वा तदुपलक्षितं वा ब्रह्म चेत् तत्तच्छब्दवाच्यत्वं दुर्निवारम् । ,वचनीयत्वावचनीयत्वाभावे तु अनिर्वचनीयत्वापातः । स च मिथ्या इति “घट्टकुट्याꣳ प्रभातꣳ”  एवꣳ लक्ष्यशब्देनोच्यते चेद् वचनीयत्वसिद्धिः । लक्ष्यते चेल् लक्ष्यत्वच्युतिः गङ्गाशब्दलक्ष्यस्यालक्ष्यत्ववल् लक्ष्यशब्दलक्ष्यस्यालक्ष्यत्वात् । द्वितीयलक्ष्यशब्देन तस्य लक्षत्वम् इति चेद् अनवस्थायाम् अपि लक्ष्यपदवाच्यत्वानतिक्रम एव स्यात् । एवꣳ निर्विशेषस्वप्रकाशपरमार्थसद् इत्यादिशब्दैर् ब्रह्मोच्यते चेद् वाच्यत्वसिद्धिः । न च तैर् अपि लक्ष्यते—तत्तच्छब्दमुख्यार्थस्यान्यस्याभावात् । नित्विशेषादिशब्दानाꣳ विशेषाभावविशिष्टꣳ वा तदुपलक्षितꣳ वा ब्रह्म चेत् तत्तच्छब्दवाच्यत्वꣳ दुर्निवारम् । 
2662,"kiṁ ca, nirguṇa-sva-prakāśād eva brahmatve yad yad brahmatayeṣṭaṁ tat-tad-arthā brahmeti sādhu-samarthito brahma-vādaḥ | tathā tan-mate sphuṭam aśabdam ity-ādi-śabda-vācyatvasya, yato vāco [tai.u. 2.4.1] ity atrāpi yac-chabda-vācyatvasya niṣedhane sva-vyāghāta-pātaḥ syāt | atha kasmād ucyate brahma iti, tasmād ucyate paraṁ brahma [atharva-śiraḥ 44] iti śrutyā, paramātmeti cāpy ukteḥ [gītā 13.22] iti vacasāṁ vācyam uttamam iti śrī-gītādinā ca, vācyatvaṁ sākṣād evocyate |","किं च, निर्गुणस्वप्रकाशाद् एव ब्रह्मत्वे यद् यद् ब्रह्मतयेष्टं तत्तदर्था ब्रह्मेति साधुसमर्थितो ब्रह्मवादः । तथा तन्मते स्फुटम् अशब्दम् इत्यादिशब्दवाच्यत्वस्य, यतो वाचो [तै.उ. २.४.१] इत्य् अत्रापि यच्छब्दवाच्यत्वस्य निषेधने स्वव्याघातपातः स्यात् । अथ कस्माद् उच्यते ब्रह्म इति, तस्माद् उच्यते परं ब्रह्म [अथर्वशिरः ४४] इति श्रुत्या, परमात्मेति चाप्य् उक्तेः [गीता १३.२२] इति वचसां वाच्यम् उत्तमम् इति श्रीगीतादिना च, वाच्यत्वं साक्षाद् एवोच्यते ।","किꣳ च, निर्गुणस्वप्रकाशाद् एव ब्रह्मत्वे यद् यद् ब्रह्मतयेष्टꣳ तत्तदर्था ब्रह्मेति साधुसमर्थितो ब्रह्मवादः । तथा तन्मते स्फुटम् अशब्दम् इत्यादिशब्दवाच्यत्वस्य, यतो वाचो [तै.उ. २.४.१] इत्य् अत्रापि यच्छब्दवाच्यत्वस्य निषेधने स्वव्याघातपातः स्यात् । अथ कस्माद् उच्यते ब्रह्म इति, तस्माद् उच्यते परꣳ ब्रह्म [अथर्वशिरः ४४] इति श्रुत्या, परमात्मेति चाप्य् उक्तेः [गीता १३.२२] इति वचसाꣳ वाच्यम् उत्तमम् इति श्रीगीतादिना च, वाच्यत्वꣳ साक्षाद् एवोच्यते ।"
2663,"atrānumānāni ca, vedānta-tātparya-viṣayo brahma vācyam | vastutvāl lakṣyatvāc ca ghaṭavat | paramārtha-sad-ādi-padaṁ kasyacid vācakaṁ padatvāt ghaṭa-padavat | satya-jñānādi-vākyaṁ vācyārthavat vākyatvād agnihotrādi-vākyavad iti | ","अत्रानुमानानि च, वेदान्ततात्पर्यविषयो ब्रह्म वाच्यम् । वस्तुत्वाल् लक्ष्यत्वाच् च घटवत् । परमार्थसदादिपदं कस्यचिद् वाचकं पदत्वात् घटपदवत् । सत्यज्ञानादिवाक्यं वाच्यार्थवत् वाक्यत्वाद् अग्निहोत्रादिवाक्यवद् इति । ","अत्रानुमानानि च, वेदान्ततात्पर्यविषयो ब्रह्म वाच्यम् । वस्तुत्वाल् लक्ष्यत्वाच् च घटवत् । परमार्थसदादिपदꣳ कस्यचिद् वाचकꣳ पदत्वात् घटपदवत् । सत्यज्ञानादिवाक्यꣳ वाच्यार्थवत् वाक्यत्वाद् अग्निहोत्रादिवाक्यवद् इति । "
2664,"vipakṣa-lakṣyatvaṁ na syāt, tathā hi—lākṣaṇika-śabdo na svata evārtha-gocara-dhī-hetuḥ, tatrāgṛhīta-śaktitvāt | kintu pūrva-dhīsthe vācyārthe’nupapatti-darśane sati tat-tyāgena svarūpato vācyārtha-sambandhitvena cāvagatasyārthāntarasya bodhakaḥ | gaṅgā-śabdādau tathādarśanāt anyathātiprasaṅgāt | ","विपक्षलक्ष्यत्वं न स्यात्, तथा हि—लाक्षणिकशब्दो न स्वत एवार्थगोचरधीहेतुः, तत्रागृहीतशक्तित्वात् । किन्तु पूर्वधीस्थे वाच्यार्थेऽनुपपत्तिदर्शने सति तत्त्यागेन स्वरूपतो वाच्यार्थसम्बन्धित्वेन चावगतस्यार्थान्तरस्य बोधकः । गङ्गाशब्दादौ तथादर्शनात् अन्यथातिप्रसङ्गात् । ","विपक्षलक्ष्यत्वꣳ न स्यात्, तथा हि—लाक्षणिकशब्दो न स्वत एवार्थगोचरधीहेतुः, तत्रागृहीतशक्तित्वात् । किन्तु पूर्वधीस्थे वाच्यार्थेऽनुपपत्तिदर्शने सति तत्त्यागेन स्वरूपतो वाच्यार्थसम्बन्धित्वेन चावगतस्यार्थान्तरस्य बोधकः । गङ्गाशब्दादौ तथादर्शनात् अन्यथातिप्रसङ्गात् । "
2666,iti śrī-jīva-kṛta-śrī-bhagavat-sandarbhasyānuvyākhyāyāṁ ,इति श्रीजीवकृतश्रीभगवत्सन्दर्भस्यानुव्याख्यायां ,इति श्रीजीवकृतश्रीभगवत्सन्दर्भस्यानुव्याख्यायाꣳ 
2667,sarva-saṁvādinyāṁ dvitīyaḥ sandarbhaḥ ||,सर्वसंवादिन्यां द्वितीयः सन्दर्भः ॥,सर्वसꣳवादिन्याꣳ द्वितीयः सन्दर्भः ॥
