paragraph_index,original_iast,run_count
4,"tad eva sad-ācāreṇa draḍhayati—tasmād iti | he bhagavan ! tava śuklāṁ tanuṁ śrī-nārāyaṇākhyām | atha tāvakānāṁ ca śuklāṁ tanuṁ narākhyām | yad yasmāt sātvatāḥ sattvam eva puruṣasyeśvarasya rūpam uśanti manyante, na tv anyad rajas tamaś ceti | atra hetuḥ, yataḥ sattvāl loko vaikuṇṭḥākhyo lokatve saty apy abhayaṁ ca bhoge saty apy ātma-sukhaṁ ca | [bhā.dī. 12.8.45-46] ity eṣā ||",2
5,tad etat teṣām eva svārasyāntarādinā tyajati—bhagavad-vigraham iti |,4
6,"atha śrī-bhagavad-āvirbhāve dvitīya-skandha-prakaraṇa-samāptāv asya vākyasya cūrṇikātaḥ prāg idaṁ vicāryam | tatrādvaita-vādina evaṁ vadanti—sajātīya-vijātīya-svagata-bheda-rahitaṁ jñānam eva paraṁ tattvam iti | vadanti [bhā.pu. 1.2.11] ity ādāv advaya-padena labhyate, tac ca bhāva-sādhanam | tarhy eva tasyādvaya-viśeṣa-labdhena sajātīyādi-bheda-rāhityenānantatvaṁ satyam upapadyate | anyathā kāraka-sādhane jñeya-jñāna-tat-sādhanaiḥ pravibhāge sāntatvam eva syāt | tathā kartṛ-sādhane jñānasya kartṛtayā vikriyamāṇasya karaṇādi-sādhane ca vāsyādivad jaḍatayā pratipannasyāsatyatvam eva ca syāt | tasmāj jñapty-avabodha-paryāyaṁ taj jñānaṁ nāma tattvaṁ śaktimad iti na yujyate | ",3
13,"śaktiś ca kāraṇasya kārya-niyamārthā kalpyamānā nānyā asatī vā kāryaṁ niyacchet, asattvāviśeṣād anyatvāviśeṣāc ca | tasmāt kāraṇasyātma-bhūtā śaktiḥ, śakteś cātma-bhūtaṁ kāryam | [śaṅkara-bhāṣya 2.3.18] iti | ",5
15,ata eva kasmād ucyate brahma “bṛṁhati bṛṁhayati ca” iti | bṛhattvād bṛṁhaṇatvāc ca yad brahma paramaṁ viduḥ iti viṣṇu-purāṇaṁ ca bṛṁhaṇatvena śaktimattvaṁ darśayati | tat-sannidhāna-balenaiva tathātathā-bhāve’nyeṣām aṅgīkṛte’pi śaktir eva paryavasyatīti |,3
16,pravṛtteś ca [ve.sū. 2.2.2] ity atrādvaita-śārīraka-kṛtāpi—,2
17,"nanu tava dehādi-saṁyuktasyāpy ātmano vijñāna-svarūpa-mātravyatirekeṇa pravṛtty-anupapatter anupapannaṁ pravartakatvam iti cet, na | ayaskāntavad rūpādivac ca pravṛtti-rahitasyāpi pravartakatvopapatteḥ || iti |",3
20,"asaty api karmaṇi savitā prakāśate iti kartṛtva-vyapadeśa-darśanāt, evam asaty api jñāna-karmaṇi brahmaṇaḥ tad aikṣata iti kartṛtva-vyapadeśopapatter na vaiṣamyam || [śāṅkara-bhāṣya 1.1.5] iti |",4
21,tathā tadīya-sahasra-nāma-bhāṣye—svarūpa-sāmarthyena na cyuto na cyavate na cyaviṣyata ity acyutaḥ | śāśvataṁ śivam acyutam iti śruter iti |,3
22,"tasmād vastunaḥ śaktiḥ kārya-pūrvottara-kāle’pi mantrāder ivāsty eva, kārya-kālaṁ prāpya tu vyaktībhavatīty eva viśeṣaḥ | tad brahmaṇo’pi bhaviṣyati | evam advaita-śārīrake’py uktam— viṣayābhāvād iyam acetayamānatā, na caitanyābhāvād iti [śāṅkara-bhāṣya 2.3.18] iti |",3
32,nirviśeṣa-vastu-vādibhir nirviśeṣa-vastunīdaṁ pramāṇam iti na śakyate vaktum | sa-viśeṣa-vastu-viṣayatvāt sarva-pramāṇānāṁ [śrī-bhāṣyaḥ] ,2
34,"yas tu svānubhava-siddhaṁ nirviśeṣatvam iti sva-goṣṭhī-niṣṭha-samayaḥ, so’py ātma-sākṣika-sa-viśeṣānubhavād eva nirastaḥ || [śrī-bhāṣyaḥ]",2
36,"śabdasya tu viśeṣeṇa sa-viśeṣa eva vastuny abhidhāna-sāmarthyaṁ, pada-vākya-rūpeṇa pravṛtteḥ | prakṛti-pratyaya-yogena hi padatvam | prakṛti-pratyayayor artha-bhedena padasyaiva viśiṣṭārtha-pratipādanam avarjanīyam | pada-bhedaś cārtha-bheda-nibandhanaḥ | pada-saṅghāta-rūpasya vākyasyāneka-padārtha-saṁsarga-viśeṣābhidhāyitvena nirviśeṣa-vastu-pratipādanāsāmarthyāt na nirviśeṣa-vastuni śabdaḥ pramāṇam || [śrī-bhāṣyaḥ] iti ||
",4
37,"tasmāt sa-viśeṣatvam eva siddham, sa ca viśeṣaḥ śaktir eva | tataś ca śakti-leśaṁ vinā na kvacid avagamyate vastu-tattvam iti sarvānubhava-siddham | śrutiś ca kevalasyaiva tasya svānubhavam abhidadhāti—brahma vā idam agra āsīt tad ātmānam avaidahaṁ brahmāsmi [bṛ.ā.u. 1.4.10] iti | ",3
38,"na hi draṣṭur dṛṣṭer viparilopo vidyate’vināśitvān, na tu tad dvitīyam asti | tato’nyad vibhaktaṁ yat paśyet || [bṛ.ā.u. 4.3.23] iti | ",2
39,"atra śrī-madhvācāryānusṛtaṁ vyākhyānam—ubhaya-vyapadeśāt tv ahi-kuṇḍalavat [ve.sū. 3.2.27] iti, satyaṁ jñānam anantaṁ brahma [tai.u. 2.1.2], yaḥ sarvajñaḥ [mu.u. 1.1.9], eṣa evātmā paramānandaḥ [bṛ.chā.maitreyaḥ], ānandaṁ brahmaṇo vidvān [tai.u. 2.4] ity-ādāv ubhaya-vyapadeśāt yujyate brahmaṇo jñānāditvaṁ jñānādimattvaṁ ca | tu-śabdaḥ śrutir evātra pramāṇam iti nirdhārayati | ataḥ svasminn evābheda-bheda-nirdeśa-lakṣaṇobhaya-vyapadeśād ahi-kuṇḍalavat tvaṁ bhavitum arhati, yathā ahir ity abhedaḥ, kuṇḍalābhoga-prāṁśutvādibhir bheda evam ihāpi |",11
40,"prakāśāśravad vā tejastvāt [ve.sū. 3.2.28] ity atra, ",2
41,"athavā prakāśāśrayavad eva tat-pratipattavyam | yathā, prakāśaḥ sāvitras tad-āśrayaḥ savitā ca nātyanta-bhinnau, ubhayor api tejastvāviśeṣāt | atha ca bheda-vyapadeśa-bhājau bhavataḥ—evam ihāpīti || [śāṅkara-bhāṣya]",2
42,"pūrvavad vā [ve.sū. 3.2.29] iti, athavā svātmanā cottarayoḥ [ve.sū. 2.3.20] ity atrottara-śabdavad anantaram evottarayoḥ prakāśāśrayayoḥ, pūrvo yaḥ prakāśaḥ tadvad va mantavyam | tataś ca tasya yathā prakāśaika-rūpatve’pi sva-para-prakāśana-śaktitvam upalabhyate evaṁ jñānānanda-svarūpasya brahmaṇo’pi sva-para-jñānānanda-hetu-rūpa-śaktitvam |",2
43,atra svayaṁ svaṁ jānātīti svārthā ca sphūrtir iti na prakāśavat pārārthya-mātram iti vivektavyam | tad evam ubhaya-vyapadeśāt sādhayitvā śruty-antarataś ca sādhayati—pratiṣedhāc ca [ve.sū. 3.2.30] iti |,3
44,"na ca vaktavyaṁ tatra sarvajñatvādi-vastv-antaram, yato neha nānāsti kiñcana [bṛ.ā.u. 4.4.19] iti, tathā—",3
48,svābhāvikī jñāna-bala-kriyā ca || [śve.u. 6.8] iti |,2
49,"ca-kāreṇa tv ajñānādikaṁ pratiṣidhya svarūpa-jñānādi-śaktitvam eva sthāpyate | itthaṁ śrī-svāmi-caraṇair api, tvam arka-dṛk sarva-dṛśāṁ samīkṣaṇaḥ [bhā.pu. 8.24.50] ity atra śrī-matsya-deva-stutau vyākhyātam—",4
50,arka-prakāśavat svata eva dṛg jñānaṁ yasya so’rka-dṛk | ataḥ sarva-dṛśāṁ sarvendriyāṇāṁ samīkṣaṇaḥ prakāśakaḥ || iti |,2
51,evaṁ ca śrī-rāmānuja-caraṇair uktam—jñāna-svarūpasya ca tasya jñātṛ-svarūpatvaṁ maṇi-dyumaṇi-dīpādivad yuktam evety uktam || [śrī-bhāṣya],3
52,"advaita-guruṇāpi, īkṣater āśabdaṁ [ve.sū. 1.1.5] ity atra sāṅkhya-pūrva-pakṣam ākṣipataivaṁ vyākhyam, yathā—",3
53,"yad apy uktaṁ prāg-utpatter brahmaṇaḥ śarīrādi-sambandham antareṇekṣitṛtvam anupapannam iti | na tac-codyam avatarati savitṛ-prakāśavad brahmaṇo jñāna-svarūpa-nityatve jñāna-sādhanāpekṣānupapatteḥ | api ca, avidyādimataḥ saṁsāriṇaḥ śarīrādy-apekṣā-jñānotpattiḥ syāt, na jñāna-pratibandha-kāraṇa-śūnyasyeśvarasya | mantrau cemau īśvarasya śarīrādy-anapekṣatām anāvaraṇa-jñānatāṁ ca darśayataḥ—na tasya kāryaṁ [śve.u. 6.8] ity ādi, apāṇi-pādaḥ [śve.u. 3.19] ity-ādīni || iti |",6
54,"jñāna-nityatve jñāna-viṣaya-svātantrya-vyapadeśo nopapadyata iti cet ? na, pratatoṣṇa-prakāśo’pi savitari dahati, prakāśayatīti—svātantrya-vyapadeśa-darśanād iti ca | ittham evādvaita-śārīraka eka-vijñāna-vāda-nirākaraṇe, nābhāva upalabdheḥ [ve.sū. 2.1.18] ity asya vyākhyāne sākṣitvaṁ caitanyasya dṛśyate | tasmād ekasyaiva tattvasya svarūpatvaṁ, svarūpatvāparityāgenaiva śaktitvaṁ ca siddham |",3
56,"tac chaktiḥ parameśvarasya vimalā caitanyam evocyate, sā satyaiva parā jaḍā bhagavataḥ śaktis tv avidyocyate | saṁsargāc ca mithas tayor bhagavataḥ śaktyor jagaj jāyate tac-chaktyā sa-vikārayā bhagavataś cic-chaktir udricyate || iti |",3
59,avidyā karma-saṁjñānyā tṛtīyā śaktir iṣyate || [vi.pu. 6.7.61] iti |,2
60,atra viṣṇu-śaktiḥ viṣṇoḥ svarūpa-bhūtā parā cit-svarūpā śaktiḥ parama-pada-para-brahma-para-tattvādy-ākhyā proktā | pratyastamita-bhedaṁ yat tat sattā-mātraṁ [vi.pu. 6.7.53] ity atra prāg-uktaṁ svarūpam eva kāryonmukhaṁ śakti-śabdenoktam iti ||,3
67,vijñātā caiva kārtsnyena trividhā bhāva-bhāvanā || [vi.pu. 6.8.7] iti |,3
69,"nāga-patnī-stutau caivaṁ tair vyākhyātam, jñāna-vijñāna-nidhaye [bhā.pu. 10.16.40] ity ādau—",3
71,ayam arthaḥ—aguṇatvād avikāraṁ brahma-jñapti-mātratvāt kāraṇātītaṁ prakṛti-pravartako’nanta-śaktir vijñāna-nidhitvād īśvaraḥ kāraṇaṁ tad ubhayātmane nama iti || [bhāvārtha-dīpikā],2
75,"kiṁ ca, brahmaṇo lakṣaṇa-vicāre’py abheda-vādibhir api tādṛśa-svagata-bheda-vṛttir aparihāryā dṛśyate | tathā hi—vijñānam ānandaṁ brahma [bṛ.ā.u. 3.9.28] iti | kim iha vijñānānanda-śabdāv ekārthau bhinnārthau vā ? nādyaḥ, paunaruktyāt | antyaś cet, vijñānatvam ānandatvaṁ ca tatraikasminn eveti tādṛśa-svagata-bhedāpattiḥ | atha tau jāḍya-duḥkha-pratiyogi-parau tau vyāvartya tvat-pratiyogi yad ekaṁ vastu tad eva brahmeti pratipādayataḥ tad apy ayuktam | tad-dvaya-vyāvṛttir yathā-svaṁ [atra pakṣe svarūpa-viśeṣaṇa-mātraṁ] dvayam evopasthāpayituṁ yuktā | anupasthāpane vā śūnya-vāda-prasaṅga iti | ",6
76,"kiṁ ca, yad ekam upasthāpyate, tat kiṁ tayor ekataraṁ tābhyām anyad eva vā ? ekatarad iti cet anyatara-parityāge ko hetuḥ ? ekatarasya vā kathaṁ dvi-pratiyogitā ? athānanda-mātre dvayor api pratiyogitopalabhyate iti | tad eva lāghavenāvaśiṣṭam iti cet ? ānande vijñānatvam apy astīty āyātam | tat-pratiyogitvena tat-pratīteḥ | tato vijñānaṁ punar-uktam eveti doṣāntaraṁ ca tenaiva tat-tad-vyāvṛtti-siddheḥ | kiṁ vā, vijñānasya vijñāne’smiṁś cānugatatvenāvyabhicārāt tad evāvaśiṣṭam astu tataś cānandatāhānyā puruṣārthatvābhāvaś ca |",7
87,"tathā ca tābhyāṁ śabdābhyāṁ svatas tatra praveśāsāmarthye sati, brahma-śabdasya bṛhattva-nirukti-balāt, satyaṁ jñānam anantaṁ brahma ity ādāv anantatvena ca śrutatvāj jahal-lakṣaṇayā te atitucche parityājye tayos tirguṇa-mayatvena ca jaḍa-duḥkhaika-rūpayor api sva-sānnidhyena tattāsphorakam anirdeśaym eka-rūpam eva vastūpasthāpyate | yena cetayate viśvam, eṣa hy evānandayati [tai.u. 2.7.1] śabdaś ca tathā tasmāt tat-tad-upādhi-parityāgāyaiva śabda-dvayopanyāso, na tu dvi-dharmatā-vivakṣayā | tathā tat-tad-upādhāv eva tat-tad-bheda-vyavahāro na tūpahite tatrety etad api parihṛtaṁ bhavati |",8
90,"tataś ca tatra tatra pārthakyenodayād asty eva svarūpa-dharma-bhedaḥ | tatrāpi nīlādy-ākāra-vṛttau pārthakyam atisphuṭam eva | yadi tatra jaḍa-pratiyogitā-duḥkha-pratiyogitayor bhedo na syāt, tadā tasyām api vṛttau sukham upalabhyataiva svagataika-deśānaṅgīkṛtetareka-deśodaya-virodhāt | ata eva ānandādayaḥ pradhānasya [ve.sū. 3.3.11] iti bhedenāpy upakrāntavantaḥ sūtrakārāḥ |",3
93,"na ca jāti-guṇādi-hīnatayā tatra śabdaḥ sākṣān na pravarteta iti yad-vākyaṁ svarūpa-śabdavat tasya svarūpālambana-saṅketena ca pravartayituṁ śakyatvāt | yat tu yato vāco nivartante [tai.u. 2.4.1] ity ādikaṁ śrūyate, tad idam īdṛśam iyaṁ parimāṇaṁ veti nirdeśāsāmarthya-param eva alaukikatvād anantatvāt |",3
94,agre’pi sayuktika-vicāraṇaṁ svayam eva bhavatā tattā-śabdena parāmṛṣṭāyāḥ sukhatāyāḥ sphorakam anirdeśyam avyavahāryaṁ vastv ekam ity uktvā tat-tac-chabda-pravartanāt | etasyaivānandasyānyāni bhūtāni mātrām upajīvanti [bṛ.ā.u. 4.3.32] ity ādiṣu śrutiṣv api tatraiva mukhya-vṛtty-ānanda-śabda-pravṛtti-darśanāt | adṛṣṭam avyavahāryam avyapadeśyaṁ sukham ity ādiṣv api tathā-bhūtatve’pi sukha-śabda-prayogāt | ānanda-mayo’bhyāsāt [ve.sū. 1.1.12] ity ādi-nyāya-prasiddhāc ca |,7
95,"kiṁ cedaṁ pṛcchāmaḥ, tad ānanda-rūpaṁ bhavati na vā ? bhavati cet, āyātā asya tat-saṁjñā duḥkha-pratiyogitvaṁ ca, neti cet apuruṣārthatvam | tasmātd ānanda-rūpaṁ bhavati | kintu na loka-prasiddhānanda-rūpaṁ tad ity eva vācyam iti sthite tv asmākam eva samīcīnaḥ panthāḥ | evaṁ satyaṁ jñānam anantaṁ [tai.u. 2.1.1] ity atrāpi satyatvādi-dharma-bhedas tatra vivecanīyaḥ | atrāpy asatya-jaḍa-paricchinna-vyāvartam api dharma-viśeṣa eva ||",4
96,"yady evam ucyate, yathā—śauklyādikasya kārṣṇādi-vyāvartanam api tat-padārtha-svarūpam eva na dharmāntaraṁ tatheti, tadā tad-vyāvṛtti-yogyatāstīty avaśyaṁ mantavyam | yogyatā ca—śaktir eveti “ghaṭṭa-kuṭyām eva prabhātam” | ghaṭṭa-kuṭī-prabhāta-nyāyaḥ, ghaṭṭo nadī-tīrādi-sthānaṁ, ghāṭa iti bhāṣāyāṁ prasiddhas tatra kuṭī vaṇig-ādibhyo rāja-grāhya-bhāga-grāhaka-rāja-bhṛtya-nivāsārtha-sthāna-viśeṣaḥ | yathā ghaṭṭa-kuṭī-sthebhyaḥ kara-grāhibhyo bhītyā rātrau palāyitānāṁ pathityatāṁ vaṇijāṁ dūre gatvāpi yathā bhrānti-vaśāt tatra ghaṭṭa-kuṭyām eva prabhātodayas tathā prakṛte’pi | ",4
99,"tatraivānyatroktaṁ—satyaṁ jñānam anantaṁ brahma [tai.u. 2.1.1] ity atrāpi sāmānādhikaraṇyasyāneka-viśeṣaṇa-viśiṣṭaikārthbhidhāna-vyutpattyā na nirviśeṣa-vastu-siddhiḥ | pravṛtti-nimitta-bhedenaikārtha-vṛttitvaṁ hi sāmānādhikaraṇyam | tatra satya-jñānādi-pada-mukhyārthair guṇais tat-tad-guṇa-virodhy-ākāra-pratyanīkākārair vā ekasminn evārthe padānāṁ pravṛttau nimitta-bhedo’vaśyāśrayaṇīyaḥ | iyāṁś ca viśeṣaḥ—ekasmin pakṣe padānāṁ mukhyārthatā, aparasmiṁś ca teṣāṁ lakṣaṇā | na cājñānādīnāṁ pratyanīkatā vastu-svarūpam eva | ekenaiva padena svarūpaṁ pratipannam iti padāntara-prayoga-vaiyarthyāt | tathā sati sāmānādhikaraṇyāsiddhiś ca, ekasmin vastuni vartamānānāṁ padānāṁ nimitta-bhedānāśrayaṇāt | na caikasyaivārthasya viśeṣaṇa-bhedena viśiṣṭatā-bhedād anekārthatvaṁ padānāṁ sāmānādhikaraṇya-virodhi | ekasyaiva vastuna aneka-viśeṣaṇa-viśiṣṭatā-pratipādana-paratvāt sāmānādhikaraṇasya | bhinna-pravṛtti-nimittānāṁ śabdānām ekasminn arthe vṛttiḥ sāmānādhikaraṇyam iti hi śābdikāḥ |",5
105,nānyaḥ panthā vidyate’yanāya || [śve.u. 3.8],2
108,ya enaṁ vidur amṛtās te bhavanti || [ma.nā.u. 1.8],2
109,"evaṁ sūtra-kāram ata eva tasyānandaika-rūpatayā prakāśe’py udaya-bhedā ānanda-mayo’bhyāsād iti dṛśyate, yathā hi ānanda-mayo’bhyāsāt [ve.sū. 1.1.12] ity ādi-prakaraṇam | taittirīyake—anna-mayaṁ prāṇa-mayaṁ mano-mayaṁ vijñāna-mayaṁ ca śiraḥ-pakṣādi-rūpakeṇānukramyāmnāyate | tasmād vā etasmād vijñāna-mayād anyo’ntarāntā ānanda-mayaḥ—tasya priyam eva, śiro modo dakṣiṇaḥ pakṣa, modo dakṣiṇaḥ pakṣaḥ, pramoda uttaraḥ pakṣaḥ | ānanda ātmā | brahma pucchaṁ pratiṣṭhā || iti | ",7
110,"tatra saṁśayaḥ—kim idam ānanda-maya-śabdena param eva brahmocyate ? kiṁ vānna-mayādivad brahmaṇo’rthāntaram iti ? tatra brahma pucchaṁ pratiṣṭheti, brahma-śabda-yoga-balena puccha-śabda-vyapadiṣṭasyaiva brahmatve labdha ity ucyate—ānanda-mayo’bhyāsāt [ve.sū. 1.1.12] brahma-śabdo’trādhikāra-labdhaḥ | sa cānanda-maya iti prathamānta-pāṭhāt prathamānta eva anusmaryate | ākāśas tal-liṅgāt [ve.sū. 1.1.23] ity ādivat |",5
111,"tataś cāyam arthaḥ—ānandamaya-sannidhāne—so’kāmayata bahu syāṁ prajāyeya [tai.u. 2.6.2] iti | tat-prabhṛtyante caitam ānanda-mayam upasaṅkrāmatīti | tathā caturveda-śikhāyām api—sa śiraḥ sa dakṣiṇaḥ pakṣaḥ, sa utaṁraḥ pakṣaḥ, sa ātmā, sa pucchaḥ iti cābhyāsa śravaṇād ānanda-maya ātmaiva para-brahma | asann eva sa bhavati [tai.u. 2.6.1] ity ādikaṁ tv artha-vādaḥ praśaṁsā-vākyam eva, nābhyāsa-vākyaṁ śloka-śabdenoktatvāt praśaṁsā-garbhatvāc ca |",7
114,"na ca priyādīnām iṣṭa-putra-darśanajādi-lakṣaṇa-laukikānandatvam ucitam | pāramārthika-pathārohānukrama-prakriyāyā eva pūrva-pūrvātmasūpakrāntatvāt | yathā, tasya yajur eva śiraḥ [tai.u. 2.3] ity ādi |",3
115,"ata evālaukika-viśeṣavattve sati tasya, yato vāco nivartante ity ādi-mahimā ca saṅgataḥ syāt | atrānandasyaikasyaivodayāpacayopacaya-mātra-vivakṣitatvena priyādi-bhedān na vijñāna-mayādivat pṛthag guṇatvam ||",3
116,"ata eva tṛtīye adhyāye tṛtīya-pāde sūtra-kārair api, ānandādayaḥ pradhānasya [ve.sū. 3.3.11] ity anenānandādīnām ekatroktānām api sarvatropāsanāyāṁ samāhṛtiś cintitā | priyādīnāṁ tu sā parihṛtā | priya-śiras tv ādya-prāptir upacayāpacayau hi bhede [ve.sū. 3.3.12] ity anena tatraikasyaivānnamayādi-kramopāsakasya upāsanā bhūmikāroha-sthāna-bhede hi priyādi-śabdas tasyaiva ānanda-mayasya brahmaṇaḥ udayopacayāpacayau vivakṣitau | tato nānyatropāsanāyāṁ teṣām ānandāmayaḥ pradhānasya iti nyāyena prāptir ity arthaḥ | ",10
117,"nanu etam ānanda-mayam upasaṅkrāmati ity asyāḥ śruteḥ para-brahma-viṣayatvaṁ nāsti, anna-mayādīnām upasaṅkramitavyānāṁ pravāha-patitatvāt ? naivaṁ, tat-pravāha-patitatve’pi sarvāntaratvāt arundhatī-darśanavat pratipādya-rūpatvam eva prasajyeta | na copasaṅkramārthatvena tasya paratvaṁ pratihanyate, tad-āvirbhāva-mātrārthatvāt, yathā brahma-vid āpnoti paraṁ [tai.u. 2.1.2] iti |",3
119,"puccha-vādinām api puccha-pravāha-patitatvena brahmaṇo’pi pūrvavat pucchatvam evāpateta | tatra yadi vacanāntara-svārasyenāvayavatā syāt, tarhi ihāpi pūrva-darśitatvena bhaviṣyati | tathā, tasyaiṣa eva śārīra ātmā yaḥ pūrvasya tasmād vā etasmāt ity aneātmatvenopakrāntasyānanda-mayasyaiva sarvatra śārīratvaṁ pratipadyate | śruti-nirdiṣṭa-pṛthivy-ādi-lakṣaṇa-śarīrāntaryāmitvāpekṣayeti śarīratva-śravaṇam api na doṣāya | ",3
120,"yad vānanda-mayatve’pi tasyaiva eva śārīra ātmā ity anena tasyāpy ātmānyaḥ śrūyate, tat tu tasyātmāntaraṁ nāstīti vivakṣayā, śilā-putrasya tu śilā-putra eva śarīram itivat | yathānyeṣām anna-mayasya prasiddha-śārīratva-niṣedhas tu—netaro’nupapatteḥ [ve.sū. 1.1.17] ity-ādau svayam eva sūtra-kāraiḥ kariṣyate |",5
121,"tasmād ānanda-maya-śabdena para-brahmevocyate | tathā so’kāmayata [tai.u.] iti, raso vai saḥ [tai.u. 2.6.1] iti puṁ-liṅgenaiva nirdeśād api sa eva, na tu puccham | tata etam ānanda-mayam ity atrāntima-vākye ca tan-nirdeśaḥ saṁvadate | tasmād vā etasmād ātmanaḥ śabdākarṣeṇa tan-nirdeśa-gatiś ca viprakarṣātiśaya eva parāhataḥ |",7
122,"kiṁ ca, satyaṁ jñānam anantaṁ brahma iti yal lakṣitaṁ tad eva tasmād vā etasmād ātmanaḥ ity anena nirdiśyate | tasya ca sarvāntaratvenātmatvaṁ vyañjayad vākyaṁ taṁ tam atikramya, anyo’ntara ātmānanda-mayaḥ [tai.ā. 5.2] ity ānanda-maya evātmatvaṁ samāpayati | tata ātmā śabda-karṣaṇenāpi sa evādyataḥ syāt | na cātmatvenānirdiṣṭaṁ puccham iti |",9
123,"evaṁ śrutibhir api puruṣa-vidho’nvayo’tra caramo’nna-mayādiṣu yaḥ, sad-asataḥ paraṁ tvam atha yad eṣv avaśeṣam ṛtaṁ [bhā.pu. 10.87.17] ity atrānna-mayādi-sāhacaryāt caramo’yam iti puṁliṅga-nirdeśāc cānanda-maya eva paraṁ brahmety aṅgīkriyate |",3
124,caturveda-śikhā tu spaṣṭam eva vyācaṣṭe sa-śira ity ādinā | tasmād ānanda-maya ātmā para-brahmaiveti sthitam |,3
125,"atha tatrāpy āśaṅkā sūtrayati—vikāra-śabdān neti cen na prācuryāt [ve.sū. 1.1.13] | atra prācurya eva mayaḍ-vihitaḥ, na vikāra ity arthaḥ | tad eka-vastuny api prācuryaṁ yujyate | pracura-prakāśo raviḥ itivat prācuryaṁ hy atra prakāśasya candrādy-apekṣayā | tataś ca prakāśaḥ prācuryeṇa prastuto’treti vivaruyā prakāśamayo raviḥ ity api syāt |",3
126,"tat prakṛta-vacane mayaṭ [pā. 5.4.27] iti smṛter viṣayatvaṁ dṛśyate iti | atreti bheda-vivakṣā ca pratimāyāḥ śarīram itivat, prayujyate ca—brahma-tejo-mayaṁ divyam iti śrī-hari-vaṁśe | ātmā jñāna-mayaḥ śuddhaḥ iti |",6
128,"tat-pracuratvaṁ hi tat-prabhūtatvaṁ tac cetarasya sattāṁ nāvagamayati, api tu tasyālpatvaṁ nivarayati | itara-sad-bhāvāsad-bhāvau tu pramāṇāntarāvaseyau | iha ca pramāṇāntareṇa tad-abhāvo’vagamyate | apahata-pāpmā [chā.u. 8.1.5] ity ādinā tāvad eva vaktavyam |",3
129,brahmānandasya prabhūtatvam anyānandasyālpatvam apekṣata iti | ucyate ca tat—sa eko mānuṣa ānandaḥ [tai.ā. 8] ity ādinā jīvānandāpekṣayā brahmānando niratiśaya-daśāpannaḥ prastuta itīti ||,3
130,"ata evānanda-mayaṁ prastutya—raso vai saḥ, rasaṁ hy evāyaṁ labdhvānandī bhavati | ko hy evānyāt, kaḥ prāṇyāt yad eṣa ākāśa ānando na syāt | eṣa hy evānandayati [tai.u. 2.7], saiṣānandasya mīmāṁsā bhavati [tai.u. 2.8] etam ānandamayam upasaṅkrāmayati, ānandaṁ brahmaṇo vidvān na bibheti kutaścana [tai.u. 2.9] ity ānandānanda-mayayor ekārthatā-vinyāsenābhyāso dṛśyate | ",7
131,ānando brahmeti vyajānāt [tai.u. 3.6] ity ādivat tattvam eva sphuṭam abhyasyati | tad eka-svarūpe’py ānanda-maye priyādi-bhedaś ca prātastya-sāṅgavīya-mādhyāhnika-bhedavad bhāvānuprakāśe | ,2
132,"ata evaitasminn ānanda-maye vastv antarābhāva-vvakṣayaivoktam—yadā hy evaiṣa etasminn udaram antaraṁ kurute | atha tasya bhayaṁ bhavati [tai.u. 2.6] iti | kiṁ vā, yadā hy evaiṣa etasminn adṛśye’nātmye’nirukte’nilayane’bhayaṁ pratiṣṭhāṁ vindate | atha so’bhayaṁ gato bhavati [tai.u. 2.6] iti pūrvokteḥ sarvathā tan-niṣṭhaiva kartavyā | tatra vyavadhāna-kartur bhayaṁ bhavatīty arthaḥ | tad uktaṁ śrī-parāśareṇa—",5
134,yan-muhūrtaṁ kṣaṇaṁ vāpi vāsudevo na cintyate || iti |,4
137,pravāha-praveśe tu brahma-puccham ity atra puccha-śabdo’pi duṣyed ity avocāmaḥ—kiṁ vānnamayādiṣv api na sarvatra vikārārthatādhigamyate | tan-mate’pi prāṇa-maya eva tyaktatvāt | tatra hi prāṇāpānādiṣu prāṇa-vṛtteḥ prācuryād eva mayaṭ | pṛthivī pucchaṁ pratiṣṭhā [tai.u. 2.2.1] ity atra ca pṛthivy-abhimāni-devatāyāṁ prāṇa-vikāratvābhāvaḥ |,6
139,"kiṁ ca, ānanda-śabdena tatra śuddha-brahmaiva mataṁ tasya ca vikāro na sambhavati | tasmān na vikārārthatā-prāptiḥ | hetv-antareṇa sūtrayati—tad-dhetu-vyapadeśāc ca [ve.sū. 1.1.15] iti | itaś ca prācuryārthe mayaṭ, na tu vikārārthe | yasmād ānanda-hetutvaṁ tasyaivopadiśati śrutiḥ—eṣa hy evānandayati [tai.u. 2.7] iti ānandayatīty arthaḥ | yathā, loke pracura-prakāśa-lakṣaṇaḥ sūryādir eva sarvaṁ prakāśayati, na tuccha-prakāśa-lakṣaṇa-kṣudra-tārakādiḥ |",3
140,"na ca prakāśa-vikāra-pracuro’pi jalādiḥ | tathā sarvato’pi pracurānanda-lakṣaṇaṁ brahmaiva sarvam ānandayet | anena hetu-vyapadeśena prācuryasya svarūpātiśaya-paratvena vyajyate | prakāśa-yuktena ca ratnādinā yat-prakāśanam, tad api tatra-sthitena prakāśenaiva bhavati, na tu pārthivāṁśena | tasmād ānanda evānandayati, tad etat vyañjitam eva-kāreṇa | śrutyā—eṣa hy eva [tai.u. 2.6] iti |",3
141,nanu pucche brahma-śabda-saṁyogāt tasya brahmeti saṁjñā yuktā | kathaṁ nāmānanda-mayasya tat-saṁjñā ? tatrāpi sūtrayati—māntra-varṇikam eva ca gīyate [ve.sū. 1.1.15] iti | satyaṁ jñānam anantaṁ brahma [tai.u. 2.1] iti mantra-varṇoditaṁ brahmaivānna-mayāditvena gīyate tad-adhikāra-patitatvāt |,5
142,"tathā hi, brahma-vid āpnoti param iti jīvasya prāpyatayā brahma nirdiṣṭam | tad eṣābhyuktā iti tad brahmābhimukhīkṛtya pratipādyatayā parigṛhya ṛg eṣā adhotṛbhir uktety arthaḥ | tasya ca tasmād vā etasmād ātmanaḥ [tai.ā. 5] ity atrātma-śabdenāpi nirdiṣṭasya brahmaṇa ātma-tātparyāvasānam ānanda-maya eva darśitam | tatraivāntaratamatva-samāpteḥ | tasmāt tatraiva tātparya-vasānāt tad-ānanda-viśeṣopalabdhi-yutodayasyānanda-mayasya para-brahmatvaṁ tena mantreṇa sidhyati |",9
143,"ānandasyāpi jñānākāratvāt tasya cānantatvādibhir miśratve’pi tad-rūpatvān nārtha-bhedaś ca | śrutiś ca—prajñāna-ghana evānanda-mayaḥ [ma.u. 5] iti | tad eva ca brahmatvaṁ tat-tad-viśeṣopalabdhi-rahitodaye pucche’pi priyādibhyo’dhikatva-vivakṣayā brahma-pucchaṁ pratiṣṭhety anena punar vyapadiśyate, na tu tasyaiva pradhānatvena | ata eva—",3
145,asti brahmeti ced veda santam enaṁ tato viduḥ || iti | ,3
148,evaṁ netaro’nupapatteḥ [ve.sū. 1.1.16] ity ādi-sūtrāṇy api ānanda-mayasya jīvatva-niṣedha-parāṇīti | tasya para-brahmatvam eva taiḥ sādhyate ity alam ativistareṇa ||,3
149,"yadi ca sūtra-kārasya vedāntārthānabhijñatāṁ nigūḍham abhiprāyatā tat-pramāda-mārjana-sva-cāturī-vyaṅga-bhaṅgyā tad-ānanda-maya-sūtram evaṁ vyākhyeyam—ānanda-maya ity atra brahma pucchaṁ pratiṣṭhā iti sva-pradhānam eva brahmopadiśyata iti | tathā vikāra-sūtre ca vikāra-śabdenāvayavaḥ, prācurya-śabdena, sādṛśyaṁ vyākhyeyam | tadā sūtra-kārasyāśābdikataiva ca prasajyeta, tat-tac-chabdādibhis tat-tad-arthānabhidhānāt | mayaṭ-pratyaya-vikāra-prācurya-śabdānām anantara-nirdiṣṭānām anyārthatvaṁ na vā bālakasyāpi hṛdayam ārohati |",3
152,astobham anavadyaṁ ca sūtraṁ sūtra-vido viduḥ || iti |,2
155,etasyaivānandasyānyāni bhūtāni mātrām upajīvanti [tai.ā. 3.3.32] iti śrutiś ca tathaivāha—niravayava-śabda-vyākpaś ca prākṛtāvayva-rāhityādinā parihṛtaḥ | ittham eva tasya nirupādher eva svata ānanda-prakāśānantyaṁ vyañjayan sandoha-śabdam āhaikādaśe śrī-dattātreyaḥ—kevalānubhavānanda-sandoho nirupādhikaḥ [bhā.pu. 11.9.18] iti | ata evāprākṛtāvayavatvena tasyānaśvaratvaṁ ca yuktam |,7
156,"tathā janmādy asya [ve.sū. 1.1.2] ity-ādeḥ, śrutatvāc ca [ve.sū. 1.1.12] ity-antasya granthasya tātparyaṁ tathaivaṁ vyākhyam |",5
158,"ata eva nirviśeṣa-cin-mātra-brahma-vādo’pi sūtra-kāreṇābhiḥ śrutibhir nirasto veditavyaḥ | pāramārthika-mukhyekṣaṇādi-guṇa-yogi-jijñāsyaṁ brahmeti, gauṇaś cen nātma-śabdāt [ve.sū. 1.1.6] ity ādau sthāpanāt nirviśeṣa-vāde hi sākṣitvam apy apāramārthikam | vedānta-vedyaṁ brahma ca jijñāsyatayā pratijñātam | tac ca cetanam iti, īkṣater nāśabdaṁ [ve.sū. 1.1.5] ity ādibhiḥ sūtraiḥ pratipādyate | cetanatvaṁ nāma caitanya-guṇa-yogaḥ | ata īkṣaṇa-guṇa-virahiṇaḥ, pradhāna-tulyatvam eva || [śrī-bhāṣyaṁ 1.1.2] iti |",5
159,"tad-vāde doṣa eva pratyāvartata iti kiṁ bahunā, na sthānato’pi parasyobhaya-liṅgaṁ sarvatra hi [ve.sū. 3.2.11] ity adhikaraṇe sarveṣām eva vākyānāṁ sa-viśeṣa-paratvam eva darśitam asti | tathā hi tad-arthaḥ—sarva-karmā sarva-kāmaḥ sarva-gandhaḥ sarva-rasaḥ [chā.u. 3.14.3] ity-evam-ādikaṁ parasya brahmaṇaḥ sa-viśeṣatva-cihnam | asthūlam anaṇv-ahrasam adīrghaṁ [bṛ.ā.u. 3.8.8] ity-evam-ādikaṁ nirviśeṣatva-cihnam | tad etad ubhayaṁ cihnaṁ paramasya na sambhavati, virodhāt |",9
161,"sad eva saumyedam agra āsīt [chā.u. 6.2.1] ity atredaṁ-śabdena tasyāpi sattā tādātmyenāgre sthiter āmnātatvāt, na ca tad-upādhi-doṣeṇa tal-liptam | tasmin satāpi tena tad-asparśāt | apahata-pāpmā [chā.u. 8.1.5] ity-ādi-śruteḥ | tad-anantaram eka-vijñānena sarva-vijñāna-pratijñā ca sa-viśeṣatvam eva bodhayati |",6
162,"evaṁ jagad-upādānatvādi-vākyaṁ jagaj-jīva-tādātmya-vākyaṁ ca | atra nirviśeṣatve—sad eva somyedaṁ [chā.u. 6.2.1] ity upakrama-virodhaḥ | tad-avirodhas tu sad-idamor iva tayos tādātmyenaiva sāmānādhikaraṇād bhavati | tathā ca, sa-viśeṣatve eva sāmānādhikaraṇam | tathāgre paramātma-sandarbhākhye tṛtīya-sandarbhe vakṣyāmaḥ |",3
163,"sad evedam ity upakrama-virodhād eva ca nirupādhivat pratīyamāne, ekam evādvitīyaṁ brahma [chā.u. 6.2.2] ity atrāpi nedaṁ-śabda-vācyasyābhāvaṁ bodhayati | kiṁ tarhi idaṁ-śabda-vācyasyāpi tac-chaktitvam eva bodhayati | tatraikam ity anena jagad-upādānasya brahmaṇaḥ ekatvam eva, na tu paramāṇuvad bāhulyam | ",4
164,"advitīyam ity anena tasya sva-śakty-eka-sahāyatvaṁ, na tu kulālavan mṛttikādi-lakṣaṇa-vastv-antara-sāhāyyam iti gamyate | eva-kāro’trāsambhāvanā-nivṛtty-arthaḥ | tasyāvyaktasya tac-chaktitve’py upādhitva-pratyayo bahiraṅgatvād eveti jñeyam | tathopādhi-pratiṣedha-vākye—atha parā yayā tad-akṣaram adhigamyate, yat tad dṛśyam agrāhyaṁ [mu.u. 1.1.5] ity ādau, prākṛta-heya-guṇān pratiṣidhya nityatva-vibhutvādi-kalyāṇa-guṇa-yogo brahmaṇaḥ pratipādyate—nityaṁ vibhuṁ sarva-gataṁ [mu.u. 1.1.6] ity ādinā | evaṁ nirguṇaṁ nirañjanam ity-ādīnām api prākṛta-heya-guṇa-viṣaya-niṣedha-paratvam eva | sarvato-niṣedhe svābhyupagatāḥ sisādhayiṣitā nityatādayaś ca niṣiddhāḥ syuḥ | jñāna-mātra-svarūpa-vādinyo’pi brahmaṇo jñāna-svarūpatām abhidadhati | tathāpi tat-svarūpatva eva tasya jñātṛtvam astīti na nirviśeṣatvaṁ tat-tat-pratipāditam | evam ānando brahmety atrāpi jñeyam |",8
165,"kiṁ ca, tatra tatra brahma-śabdenaiva sa-viśeṣatvaṁ spaṣṭī-kṛtaṁ, bṛṁhaṇārthatvāt | ata eva ḥaṁ brahmaṇo vidvān [tai.u. 2.4.1] ity ādau bheda-nirdeśaś ca | yato vāco nivartante [tai.u. 2.6] ity ādi-vākyaṁ cālaukikatvād ānantyāc ca saṅgacchate | ata eva brahma te bruvāṇi, brahma-vid āpnoti param iti na virudhyate | ",7
166,"yatra hi dvaitam iva bhavati, tad-itara itaraṁ paśyati, yatra tv asya sarvam ātmaivābhūt, tat kena kaṁ paśyet ity ādau, neha nānāsti kiñcana, mṛtyoḥ sa mṛtyum āpnoti ya iha nāneva paśyati ity ādau ca jīva-māyayos tac-chaktitayā kṛtsnasya jagato brahma-kāryatayā sarveṣāṁ tad-antaryāmikatayā ca tad-ātmakatvenaikyāt | tat-pratyānīka-nānātvaṁ pratiṣidhyate | na tat sarvathā asya sarvam iti svarūpa-bhedāṅgīkārāt | bahu syāṁ prajāyeya [tai.u. 2.6.1] iti nirvikārasyaiva sato’cintyāśaktyā kārya-bhāva-bhedāṅgīkārāc ca | pratyakṣādi-sakala-pramāṇān avagataṁ brahmaṇo nānātvaṁ pratipādya tad eva pratiṣedha-vākyena bādhyata ity upahāsyam idam | [śrī-bhāṣya 1.1.1] ",9
167,"neha ity ādau | iha brahmaṇi yat kiñcanāsti, tan nānā nāsti, kintu svarūpātmakevety arthaḥ, nānā-śabda-vaiyarthyāt | ",2
168,"yatra nānyat paśyati, nānyac chṛṇoti, nānyad vijānāti sa bhūmā | atha yatrānyat paśyati, anyac chṛṇoti, anyad vijānāti, tad alpam | yo vai bhūmā, tad amṛtaṁ [chā.u. 7.24.1], atha yad alpaṁ tan martyam ity ādau ca | ayam arthaḥ—nānyaṁ paśytīti tan-mātra-darśanād avagamyate rūpavattvam, tathā nānyac chṛṇotīti śabdavattvaṁ ca tasya darśitam | etad apy upalakṣaṇaṁ, sparśādimattvaṁ ca jñeyam | sarva-gandhaḥ sarva-rasaḥ [chā.u. 3.14.4] ity-ādi-śruteḥ | evaṁ bahir-indriyeṣu sphūrtir darśitā | nānyad vijānātīti tathaivāntaḥkaraṇeṣu sphuratīty āha—tatrānya-darśanādi-niṣedhas tasyānanta-vivakṣayā, kṛtsnasya jagato’pi tad-vibhūty-antargatatva-vivakṣayā ca, śuddhe citte jagato’pi tad-vibhūti-rūpatvena yathārthāyāṁ sphūrtau na duḥkhadatvam | tad uktaṁ—mayā santuṣṭa-manasaḥ sarvāḥ sukha-mayā diśaḥ iti | ",18
169,"tathaiva vākya-śeṣaḥ— sa vā eṣa evaṁ paśyann evaṁ manvāna evaṁ vijānann ātma-ratir ātma-krīḍa ātma-mithuna ātmānandaḥ, sa svarāḍ bhavati tasya sarveṣu lokeṣu kāma-cāro bhavati | atha ye’nyathāto vidur anya-rājānas te kṣayya-lokā bhavanti teṣāṁ sarveṣu lokeṣv akāma-cāro bhavati [chā.u. 7.25.2] iti | tasmād atrāpi sa-viśeṣam eva pratipādyate | evam anyatrāpy unneyam | tasmāt sādhv eva vyākhyam—na sthānato’pi [ve.sū. 3.2.11] iti | na ca sa-viśeṣaṁ brahma nirviśeṣa-brahmaṇo bhinnam iti vaktavyaṁ pratiśākham ekam eva brahma sarvatra gīyata iti | ",5
170,"sarve vedā yat-padam āmananti [ka.u. 1.2.15] iti śruteḥ | tad etad apy āha—na bhedād iti cen, na, pratyekam atad-vacanāt [ve.sū. 3.2.12] | ata eva, ekam evādvitīyaṁ brahma ity eke paṭhanti | tad etad apy āha—api caivam eke [ve.sū. 3.2.13] iti | ",9
173,pramāṇeṣv anavasthānād vikalpāt sa virajyate || [bhā.pu. 11.19.17] ,2
179,"nanu nirbhede’pi tasmin nityaṁ sva-gata-bheda-pratītir api nithyaivāstu, śukti-rajatavad anirvacanīyatvāt, avidyā-tat-kāryāpohāvaśiṣṭa-tādṛśa-svarūpe’py anirvacanīyatve sarva-mūla-nāśāpatteḥ | na ca yatra yatra nirvaktum aśakyatvaṁ, tatra tatra mithyātvam iti vyāptir asti, brahmaṇy avyāpteḥ | anirukte’nilayane [tai.u. 2.7.1] ity ādi-śruteḥ | loke’pi mitho-virodha-guṇa-dhāritvenaiva yukty-asiddhatvād anirvacanīya-tridoṣa-ghnaika-vyaktauṣadhi-dravyādi-darśanena vyabhicāraḥ | ata eva acintyo hi maṇi-mantra-mahauṣadhīnāṁ prabhāva iti acintyāḥ khalu ye bhāvā na tāṁs tarkeṇa yojayet [ma.bhā.] ity uktam | tasmāt tadvad acintya-svabhāvatayā mitho-virodhi-dharmavad eva tat tattvam ity ucyatām | tatra tasya tādṛśatvājñāne vaidyaka-vidyānugata-tan-niṣedhakānubhavaḥ pramāṇam | prastutasyāpi vedaikānugata-vidvad-anubhava eva pramāṇam | tathā ca paiṅgī śrutiḥ—yo viruddho’viruddho manur amanur vāg avāg indro’nindraḥ pravṛttir apravṛttiḥ sa paramātmā iti | ata eva śruty-antaram—naiṣā tarkeṇa matir apaneyā [ka.u. 1.2.9] iti | evaṁ śrī-viṣṇu-purāṇe, yasmin brahmaṇi sarva-śakti-nilaye mānāni no mānināṁ niṣṭhāyai prabhavanti [vi.pu. 6.8.5] iti | nārada-pañcarātre ca, ",13
186,tasmai namo’nanta-guṇāya bhūmne || [bhā.pu. 6.4.31] iti ||,2
189,vacasām ātma-saṁvedyaṁ taj jñānaṁ brahma-saṁjñitam || [vi.pu. 6.7.53] ||,2
194,kathaṁ sargādi-kartṛtvaṁ brahmaṇo’bhyupagamyate || [vi.pu. 1.3.1] ||,2
198,bhavanti tapasāṁ śreṣṭha pāvakasya yathoṣṇatā || [vi.pu. 1.3.2] ||16|| iti |,2
199,"vyākhyaṁ ca śrīdhar-svāmibhiḥ—loke hi sarveṣāṁ bhāvānāṁ maṇi-mantrādīnāṁ śaktayo’cintyaṁ tarkāsahaṁ kāryānyathānupapatti-pramāṇakaṁ yaj jñānaṁ tasya gocarāḥ santi | yad vā, acintyāḥ bhinnābhinnatvādi-vikalpaiś cintayitum aśakyāḥ kevalam arthāpatti-jñāna-gocarāḥ santi | yata evam ato brahmaṇo’pi tās tathāvidhāḥ sargādyāḥ sargādi-hetu-bhūtā bhāva-śaktayaḥ svabhāva-siddhā śaktayaḥ santy eva, pāvakasya dāhakatvādi-śaktivat | ato guṇādi-hīnasyāpy acintya-śaktimattvāt brahmaṇaḥ sargādi-kartṛtvaṁ ghaṭata ity arthaḥ | śrutiś ca—na tasya kāryaṁ karaṇaṁ ca vidyate [śve.u. 6.8] ity ādiḥ, māyāṁ tu prakṛtiṁ vidyān māyinaṁ ca maheśvaraṁ [śve.u. 4.10] ity ādiś ca |",6
200,"yad vā, evaṁ yojanā—sarveṣāṁ bhāvānāṁ (maṇi-mantrādīnāṁ) pāvakasyoṣṇatā-śaktivad acintya-jñāna-gocarāḥ śaktayaḥ santy eva | brahmaṇaḥ punas tāḥ svabhāva-bhūtāḥ svarūpād abhinnā śaktayaḥ—parāsya śaktir vividhaiva śrūyate svābhāvikī jñāna-bala-kriyā ca [śve.u. 6.8] ity ādi śruteḥ | ato maṇi-mantrādibhir agny-auṣṇyavan na kenacid vihantuṁ śakyante | ata eva tasya niraṅkuśam aiśvaryaṁ—sa vā ayam asya sarvasya vaśī sarvasyeśānaḥ sarvasyādhipatiḥ [bṛ.ā.u. 4.4.22] ity ādi śruteḥ | ",5
201,"“tapasā śreṣṭha” iti sambodhanaṁ yā kācid api tapaḥ-śaktiḥ sā tasyaiveti sūcayati | yata evam ato brahmaṇo hetoḥ sargādyā bhavanti, nātra kācid anupapattir ity arthaḥ iti |",3
202,"atra māyāṁ tu prakṛtiṁ vidyāt [śve.u. 4.10] ity atra māyāyā api svabhāvatvam utkam, prakṛtes tat-paryāyatvāt | ata eva “māyinaṁ” iti nitya-yoga eva matv-arthīyaḥ | maheśvare māyāstīti maheśvaratvaṁ tu tasya māyātaḥ param iti vyaktam | uttarasyāṁ yojanāyāṁ māyāyāḥ svarūpād abhinnatvaṁ, bahiraṅgatve’pi tad-ekāśrayatvāt | tataḥ sutarām eva sā maheśvaratva-vyañjikānyā śaktiḥ svarūpa-bhūteti | tathā prathamāyāṁ yojanāyāṁ “sargādyāḥ” ity atra “ādyāḥ”-grahaṇena sthiti-pralaya-mayyo jagat-kāryāḥ śaktayo gṛhyante | svarūpaiśvaryādi-prakāśa-vṛttika-śaktayo’pi śaktitvenaikye’pi bahutva-nirdeśas tat-tad-vṛtti-bheda-vivakṣayā |",4
204,"yadi nirviśeṣa-jñāna-rūpa-brahmādhiṣṭhāna-bhrama-pratipādana-paraṁ śāstraṁ, tarhi nirguṇasya ity ādi codyam, śaktayaḥ ity ādi-parihāraś ca na ghaṭate | tathā hi sati nirguṇasya brahmaṇaḥ pāramārthikaḥ sargaḥ, api tu bhrama-kalpita iti codya-parihārau syātām | utpatty-ādi-kāryaṁ sattvādi-guṇa-yuktāparipūrṇaṁ karma-vaśyeṣu dṛṣṭam iti tat-tad-bhāva-rahitasya kathaṁ sambhavatīti codyam | dṛṣṭa-sakala-visajātīyasya brahmaṇo yathodita-svabhāvasyaiva jalādi-vijātīyasyāgny-āder auṣṇyādi-śakti-yogavat sarva-śakti-yogo na virudhyata iti parihāraḥ || [ve.sū. 1.1.1 śrī-bhāṣye, 88 anucchede] iti ||",2
205,"śrī-bhagavad-upaniṣatsu, na svabhāva-śakti-mattvenaivopadiṣṭaṁ—",2
217,jñānaṁ jñeyaṁ jñāna-gamyaṁ hṛdi sarvasya viṣṭhitam || [gītā 13.12-17] iti |,2
218,"evaṁ brahma-sūtre ca—śrutes tu śabda-mūlatvāt [ve.sū. 2.1.27] iti | ataḥ śakteḥ svābhāvikācintyatve sati tasya śaktitvam apy ajñāna-kalpitam iti nāṅgīkurvanti | yatrāsambhava-sambhāvayitrī dustarkā svābhāvikī śaktir nāsti, tatraiva tad-aṅgīkāropapatteḥ, gauravāpatteś ca |",3
221,"vivādādhyāsitram ajñānaṁ na jñāna-mātra-brahmāśrayam | ajñānatvāc chuktikādy-ajñānavat, jñātr-āśrayaṁ hi tat iti || brahma nājñānāśrayaḥ, jñātṛtva-virahād ghaṭādivat [ve.sū. 1.1.1 śrī-bhāṣye, 102 anucchede] ||",4
228,jñāni-jñāna-paricchedyā vande tām īśvarīṁ parām || [vi.pu. 1.19.76-7] iti |,2
229,"anayor arthaḥ—he sureśvara ! surādi-pālana-śakti-prakāśaka ! he sarvātman ! sarvādi-kāraṇatvena sajjananādi-śakti-nidhāna ! tavāparā para-svarūpāyāś cic-chakter itarā bahiraṅgā jīva-māyā guṇa-māyety-ākhyā yā śaktiḥ sarva-bhūteṣu sarveṣu jīveṣv adhikṛtya vartate, tasyai namaḥ | tasyāḥ sakāśād ātmānaṁ vidāyaṁ kartum iti bhāvaḥ | kathaṁ-bhūtā ? guṇāśrayā—guṇāḥ svayaṁ guṇa-sāmya-rūpāyā jaḍāyāḥ prakṛter vṛtti-viśeṣāḥ sattvādayas ta evāśrayo yasyā sā | māyā-śaktis tūrṇa-nābhir iva hi guṇāsāmyāvasthāt svaikadeśastha-kośa-viśeṣād guṇa-jālaṁ prakāśya tad āśritya ca tac cākacikya-mukha-baddhān kīṭān iva jīvān adhikaroti | śāśvatāyā iti svābhāvikatvaṁ vyaktam | asyāḥ prāk-kathanam etad-dvāraiva prathamata sānumeyety abhiprāyeṇa | ",18
230,"atha vācāṁ manasāṁ cātīto’tikrānto gocaro viṣayo yayā, sā yasmād aviśeṣaṇā dṛṣṭa-jāti-guṇādibhir viśeṣayitum aśakyā | evaṁ-bhūtā yā śaktis tām īśvarīm īśvarasya tavāntaraṅgatvād ardhāṅga-bhūtāṁ cic-chaktir ātma-māyeti nāmnīm | parāṁ parasyā bahiraṅgāyā āśraya-bhūtāṁ vande staumi | tām anusartum iti bhāvaḥ | ",13
231,"nanv evaṁ-bhūtā katham astīti jñāyate ? tatrāha—jñāti-jñāna-paricchedyeti, jñāninām aśuddha-jīvānāṁ jāti-śabdādi-viṣayāṇi prādeśikāni jñānāni, taiḥ paricchedyā, sarvataḥ prasaradbhir nirjharodakair mahā-sarovat sarva-gatatvenāvagamyā | vastutas tasyā eva sarva-pravartakatvād idam uktam—prāṇasya prāṇam uta cakṣuṣaś cakṣur uta śrotrasya śrotram annasyānnaṁ manaso manaḥ [bṛ.ā.u. 4.4.17] iti śruteḥ | ",5
232,"yad vā, jñānī jīvaḥ, jñānaṁ ca, tad ubhayam api paricchedyaṁ bāhyaṁ ghaṭādivat prakāśyaṁ yasyā sā | tam eva bhāntam anubhāti sarvaṁ [śve.u. 6.14] ity ādi-śruteḥ | ",3
233,"kiṁ vā, jñānina ā-brahma-stamba-paryantā ye jīvās teṣāṁ yaj jñānaṁ, jñānopalakṣitā sarvāpi bāhyābhyantara-ceṣṭā tat paricchedyaṁ pravartanīyaṁ yayā sā, ko hy evānyāt kaḥ prāṇyāt, yad eṣa ākāśa ānando na syāt [tai.u. 2.7.1] iti śruteḥ | ",3
234,"athavā, jñānī śuddho jīvas tasya yan nijaṁ jñānaṁ pramātrādīnāṁ sākṣitvādhyāsyatā mātra-pratītya ca māyā-mohitatva-liṅgāvagatācchanna-sva-jñānatvena ca kaivalye tad-abhāve svarūpa-sukhāsphūrti-doṣa-prasaṅgena ca, na hi draṣṭur dṛṣṭer viparilopo vidyate [bṛ.ā.u. 4.2.32] ity-ādi-śrutyā ca svarūpa-bhūtaṁ lakṣyate | tena jñānena paricchedya yasmāt tathā-bhūta-jñānopalakṣitā svarūpa-śaktiḥ śuddha-jīva-brahmaṇi dṛśyate | tasmāt parasmin brahmaṇi tu sānantātmikaiva vartata iti sambhāvanīyety arthaḥ | yathā gabhasti-leśe dṛṣṭā śaktir gabhasti-mālinīti, ya ātmānam antaro yamayati [śata.brā. 14.6.7.30] iti śruter iti | ",5
235,"yad vā, jñānī sṛṣṭy-ādi-vidyā-nidhiḥ parameśvaras tasya yan nijaṁ jñānaṁ, tena paricchedyā—avagamyā sṛṣṭi-sthiti-saṁhārādi-darśanāt tasmin yā śaktir lakṣyate, yaiva ca māyeti gīyate, sā tasya mantrādi-vidām iva vidyā-viśeṣa eva | tat-sādṛśyāt svābhāvikatvaṁ tv atra viśeṣaḥ | tatas tasyā vidyā-viśeṣatve, vidyāyāś ca puruṣasya nija-jñāna-dhāryatve, tan-nija-jñānasya tāvan-mātra-dhārakatāyām evāsamāptatve ca vaśīkṛta-māyasya parameśvarasya yan nijaṁ jñānaṁ, tan māyā māyikaṁ vā na bhavati | tasmāt tenaiva svarūpa-bhūta-jñānena tad-ātmikā śaktir lakṣyate—māyāṁ tu prakṛtiṁ vidyān māyinaṁ ca maheśvaraṁ [śve.u. 4.10] iti śruteḥ | idaṁ vā ekasminn eva svarūpe jñānīti jñānam iti ca paricchedyaṁ yayā sā | pūrvavad vā [ve.sū. 3.2.30] iti nyāyāt | sa bhagavaḥ kasmin pratiṣṭhita iti ? sve mahimni [chā.u. 7.24.1] iti śruteḥ | itthaṁ vā, jñānī vidvān, tasya jñānenānubhavena paricchedyā avagamyā | vaikuṇṭhādiṣu śrī-bhagavatas tat-tan-nija-vaibhavānāṁ śuddhānanda-vilāsa-mātratāṁ prati pramāṇena vidvad-anubhavenaiva prameyety arthaḥ, te dhyāna-yogānugatā apaśyan, devātma-śaktiṁ sva-guṇair nigūḍhāṁ [śve.u. 1.3] iti śruteḥ | tad evam antaraṅgāpara-paryāyā svarūpa-śaktir darśitā |",9
239,"iti caturveda-śikhāyāṁ [ve.sū. 3.2.38 mādhva-bhāṣya-dhṛtāyām] māyā-śabdasya dvidhā vṛttir ināṁuttam | tasyā ekasyā eva svarūpa-śakter vṛtti-bhedena bhedā api svīkṛtāḥ—parāsya śaktir vividhaiva śrūyate [śve.u. 6.8] iti śruteḥ | tathā ca, ",3
242,"iti caturveda-śikhāyāṁ [ve.sū. 2.1.30 mādhva-bhāṣya-dhṛtāyām], aśrutaṁ śrotṛ adṛṣṭaṁ draṣṭṛ ity ādir anyatra [bṛ.ā.u. 3.7.27, 3.8.11, ve.sū. 1.3.10 dhṛta-mādhva-bhāṣya-dhṛtāyām] | ata eva brahma-sāyujya-pratipādikā mādhyandina-śrutir api tasya sarva-śaktimattvaṁ svarūpa-siddham evety aṅgīkaroti, sa vā eṣa brahma-niṣṭha idaṁ śarīraṁ martyam atisṛtya brahmābhisampadya brahmaṇā paśyati, brahmaṇā śṛṇoti, brahmaṇaivedaṁ sarvam anubhavati [ve.sū. 4.4.5 mādhva-bhāṣya-dhṛtā śrutiḥ] iti | eka-vijñānena sarva-vijñāna-pratijñā ca tathaiva kalpyate, yenāśrutaṁ śrutaṁ bhavaty amataṁ matam avijñātaṁ vijñātaṁ [chā.u. 6.1.3] iti vākyāntaraṁ ca | sarvasya tādṛśa-tan-nija-śakti-vṛndānugatatvān nirviśeṣa-vastu-jñāne sarva-jñānāsambhavāc ca | ata eva sa brahma-vidyāṁ sarva-vidyā-pratiṣṭhām atharvāya jyeṣṭha-putrāya prāha [mu.u. 1.1.1] iti cānyatra, yathā, somyaikena mṛt-piṇḍena sarvaṁ mṛṇ-mayaṁ vijñātaṁ [chā.u. 6.1.4] iti dṛṣṭānto’pi | ekasmin mṛt-piṇḍe ghaṭa-śarāvādi-vikārān āvirbhāvya, darśanayā tat-tad-vijñāna-sambhavāt sat-kārya-vādāṅgīkārāc ca | mṛd-vikārasya rajju-sarpādivad asatyatvaṁ śuśrūṣor asiddham iti vivarta-vādaś ca na tac-chruti-svāramya-siddhaḥ | tasmāt sādhūktaṁ śrī-parāśareṇa—sarva-śakti-nilaye [vi.pu. 6.8.57] iti |",14
243,"tad evam ekasyaiva vastuno’cintya-jñāna-gocaratayā śruty-eka-nirdhāritatayā ca nānā-śaktitve sati tad-ātmikā eva bhaga-saṁjñitā aiśvaryādayo ṣaḍ bhaveyuḥ, yenādvayam eva tat tattvaṁ bhagavān api tad advayaṁ jñānaṁ śabdyata iti teṣāṁ para-brahma-dharmāṇāṁ para-brahmaṇaḥ pratyag-rūpatvāt sva-prakāśatvam eva, na tu jaḍatvam | na hi jyotir-dharmasya ślaukyādikasya tamo-rūpatvam | tac ca sva-prakāśatvam indriya-karaṇaka-grahaṇābhāve sati svarūpeṇa tāni prakāśya teṣu prakāśamānatvaṁ nāma kvacid anidriyeṣv apy acetaneṣv api tasya prakāśaḥ śrūyate, yathā vaṁśī-vādyasya, vana-latās tarava ātmani viṣṇuṁ [bhā.pu. 10.35.9] ity ādau, tarhi bhagna-gatayaḥ sarito vai [bhā.pu. 10.35.7] ity ādau ca | ",5
246,bheṣajaṁ bhagavat-prāptir ekāntātyantikī matā || [vi.pu. 6.5.59] iti |,2
249,tat-prāpti-hetur jñānaṁ ca karma coktaṁ mahāmune || [vi.pu. 6.5.60] iti |,2
250,"atra yatnasya sādhana-viṣayatvāt sādhanam āha—tat-prāptīti | karma ca sattva-śuddhi-dvārā, jñānaṁ sākṣāt | tac ca jñānaṁ dvividham ity āhārdhena, āgamotthaṁ vivekāc ca dvidhā jñānaṁ tathocyate [vi.pu. 6.5.61] | tad vivṛṇoty aparārdhena, śabda-brahmāgama-mayaṁ paraṁ brahma vivekajaṁ [vi.pu. 6.5.61] iti | atra āgama-mayam āgamotthaṁ jñānam | śabda-brahma—śabdāt satyaṁ jñānam anantaṁ brahma [tai.u. 2.1.2] ity ādi-vākyāj jāyamānaṁ brahma śravaṇajaṁ jñānam āgamottham ity arthaḥ | dehādi-viviktātmākāra-citta-vṛttau nididhyāsanāyāṁ prakāśamānaṁ paraṁ brahma vivekajaṁ jñānam ity arthaḥ | vṛtti-vyaṅgyasya brahmaṇa eva jñānābhidheyatvād brahmaiva jñānam ināṁuttam | ",8
253,yathā sūryas tathā jñānaṁ yad viprarṣe vivekajam || [vi.pu. 6.5.62] iti |,2
257,tad etac chrūyatām atra sambandhe gadato mayā || [vi.pu. 6.5.63] iti |,2
260,śabda-brahmaṇi niṣṇātaḥ paraṁ brahmādhigacchati || [vi.pu. 6.5.64] iti |,2
263,parayā tv akṣara-prāptir ṛgvedādi-mayāparā || [vi.pu. 6.5.65] iti |,2
265,"atha parā yayā tad akṣaram adhigamyate, yat tad adṛśyam agrāhyaṁ [mu.u. 1.1.5-6] ity-ādy atharva-śruty-uktaṁ para-vidyā-viṣayam akṣarākhyaṁ paraṁ tattvam āha tribhiḥ—",3
271,śruti-vākyoditaṁ sūkṣmaṁ tad viṣṇoḥ paramaṁ padam || [vi.pu. 6.5.66-68] iti |,2
274,vācako bhagavac-chabdas tasyādyasyākṣarātmanaḥ || [vi.pu. 6.5.69] ,2
277,jñāyate yena tat jñānaṁ param anyat trayī-mayam || [vi.pu. 6.5.70] iti |,2
283,maitreya bhagavac-chabdaḥ sarva-kāraṇa-kāraṇe || [vi.pu. 6.5.71-72] iti |,2
284,"aśabdeti pūjāyāṁ nimitta-bhūtāyām āviṣkṛta-ṣāḍguṇyena bhagavac-chabdaḥ prayujyate, tatrāpi guṇānāṁ svarūpābhinnatvād upacārāt matv-arthīyaḥ prayujyate, tad-bheda-vivakṣāyām | itthaṁ-bhūte mukhya eva bhagavac-chabdo vartata ity āha—śuddha iti | śuddhe’saṅge mahā-vibhūty-ākhye’cintyaiśvarye | evam eṣa mahā-śabdo bhagavān iti sattama iti vakṣyamāṇānusāreṇa prākṛta-ghaṭa-paṭādi-śabdānām agocarasya tad-atītasya parasyāpi brahmaṇas tasyaiva bhagavac-chabdaḥ, nānyasya | anyasya tu pūjāyāṁ pūjyatva-pratipādane nimitte aupacārika eva kriyate, yataḥ śuddha ity ādi | śuddha eva sati mahā-vibhūty-ākhyā khyātir yasya tasmin | tathaiva vakṣyate hi—evam eṣa mahā-śabdaḥ [vi.pu. 6.5.76] ity ādi-sārdha-pāda-dvayena tv anyatra hy upacārataḥ [vi.pu. 6.5.77] ity antena |",8
286,netā gamayitā sraṣṭā gakārārthas tathā mune || [vi.pu. 6.5.73] iti |,2
287,"atra akṣarārtha-niruktyā bhagavac-chabdasya parameśvara-vācakatvam āha—sambhartety ādinā | sambhartā poṣakaḥ, bhartā ādhāraḥ ity artha-dvayenānvitaḥ | netā karma-jñāna-phala-prāpakaḥ | netṛtvaṁ prayojya-gamana-garbham iti ga-kārārthaḥ | gamayitā pralaye kāryāṇāṁ kāraṇaṁ prati | sraṣṭā punar api teṣām udgamayitā sarga-karteti vā ga-kārārthaḥ |",2
291,jñāna-vairāgyayoś caiva ṣaṇṇāṁ bhaga itīṅganā || [vi.pu. 6.5.74],2
295,sa ca bhūteṣv aśeṣeṣu vakārārthas tato’vyayaḥ || [vi.pu. 6.5.75] iti |,2
298,parama-brahma-bhūtasya vāsudevasya nātyagaḥ || [vi.pu. 6.5.76] iti |,2
303,śabdo’yaṁ nopacāreṇa hy anyatra hy upacārataḥ || [vi.pu. 6.5.77] iti |,2
307,vetti vidyām avidyāṁ ca sa vācyo bhagavān iti || [vi.pu. 6.5.78] iti |,2
310,bhagavac-chabda-vācyāni vinā heyair guṇādibhiḥ || [vi.pu. 6.5.79] iti |,2
314,bhūteṣu ca sa sarvātmā vāsudevas tataḥ smṛtaḥ || [vi.pu. 6.5.80] iti |,2
315,atra vasanād vāsanāc ca vāsuḥ | sādhanāt sādhur itivat | dyotanād devaḥ | vāsuś cāsau devaś ceti vāsudevaḥ | tad uktaṁ mokṣa-dharme—vasanād dyotanāc caiva vāsudevaṁ tato viduḥ iti | janakādayo bhagavan-nāmālocana-niṣṭhayaiva brahma-jñānaṁ prāptā iti darśayann āha ṣaḍbhiḥ—,3
317,nāma-vyākhyām anantasya vāsudevasya tattvataḥ || [vi.pu. 6.5.81] spaṣṭam |,2
319,dhātā vidhātā jagatāṁ vāsudevas tataḥ prabhuḥ || [vi.pu. 6.5.82] iti |,2
324,tenāstṛtaṁ yad-bhuvanāntarāle || [vi.pu. 6.5.83] iti |,2
329,saṁsādhitāśeṣa-jagad-dhito yaḥ || [vi.pu. 6.5.84] iti |,2
338,samasta-śaktiḥ parameśvarākhyaḥ || [vi.pu. 6.5.85-86] iti |,2
343,taj-jñānam ajñānam ato’nyad uktam || [vi.pu. 6.5.87] iti |,2
345,"atraitad uktaṁ bhavati | sa evaṁ-bhūta aiśvaryādi-guṇa-yukto yena jñānena tad-eka-rūpam eva tattvam ity eva jñāyate | tad eva jñānam ity asya kiṁ vivakṣitaṁ ? kim atad-aṁśānāṁ tat-tad-guṇānāṁ parityāgena bheda-gandha-rahitaṁ taj jñāyate | kiṁ vācintya-jñāna-gocaratayaikam eva tattvaṁ guṇa-guṇi-rūpam itīttham evābhedaṁ taj jñāyate iti | ucyate—jñāna-śakti-balaiśvarya ity atra heya-guṇa-miśratā-niṣedhāt tathā, guṇāṁś doṣāṁś ca mune vyatītaḥ iti, samasta-kalyāṇa-guṇātmako hi iti guṇāntara-niṣedha-pūrvaka-tadātma-bhūta-guṇāntara-sthāpanena teṣāṁ svarūpa-rūpatā-pratipādāc ca te parityaktuṁ na śakyante | ata eva asta-doṣam ity evoktam, na tu asta-tad-guṇa-doṣam iti | tasmāt teṣām api yena yathāvasthitānām eva svarūpatvaṁ jñāyate, taj-jñānam ity eva tātparyam | ata eva bhagopalakṣaṇatvena kevalādvaya-svarūpam evocyate | iti ca pratyākhyātam, bhagavac-chabdena bhagavataś ca bhagasya ca vācyatva-svīkārāt, tad etad bhagavad-vācyaṁ svarūpaṁ paramātmanaḥ ity anena jñāna-śakti-balaiśvarya-vīrya-tejāṁsy aśeṣataḥ, bhagavac-chabda-vācyāni ity anena ca |",5
346,"evaṁ ca bhagasyāpi svarūpa-bhūtatvam eva vyaktam | tad-vyaktaye eva ca śuddha-svarūpa-nirūpaṇa eva, vibhuṁ sarva-gatam ity atra prabhutā-vācaka-viśeṣaṇaṁ dattam |",3
347,evam advaita-śārīraka-kṛtāpi—jñānaiśvarya-śakti-bala-tejāṁsi guṇā ātmānam evaite bhagavanto vāsudevāḥ iti pāñcarātrikaṁ matam utthāpitam | śruti-purāṇādibhiḥ ślāghite tasminn api sākṣāc-chrī-bhagavan-mate svarūpa-śakti-vṛtti-viśeṣāṇāṁ teṣāṁ guṇānāṁ guṇitaikya-vṛttau dūṣaṇaṁ tv advaita-vāda-sthāpanāgraheṇaiva kḷptam | tad-āgraheṇa—kāraṇasyātma-bhūtā śaktiḥ ity ātma-vacanaṁ nānusaṁhitam iti | śrī-bhagavad-upaniṣatsu ca—paraṁ bhāvam ajānanto mama bhūta-maheśvaram ity anena bhūtaṁ paramārtha-satyaṁ maheśvara-lakṣaṇam eva svasya paraṁ tattvam ināṁuttam | ata eva śrī-svāmibhir api tatra tatra tathā vyākhyātam | tathā ca pādmottara-khaṇḍe—,5
349,vartate nirupādhiś ca vāsudeve’khilātmani || iti |,2
350,"tasmād bhaga-viśiṣṭasyaiva bhagavato brahmavat para-vidyā-mātra-vyaṅgatvena sva-prakāśatvaṁ spaṣṭam eva | atra śruty-antaraṁ ca śrī-mādhva-bhāṣya-pramāṇitam atha dve vāva veditavye—parā aparā ca | tatra ye vedādyā yāny aṅgāni yānu upāṅgāni sāparā | atha parā—yayā sa harir veditavyo yo’sāv adṛśyo nirguṇaḥ paraḥ paramātma [ve.sū. 1.2.21 mādhva-bhāṣya-dhṛtam] iti | koṭaravya-śrutāv api teṣāṁ guṇānāṁ para-vidyā-mātra-vyaṅgyatvaṁ vyañjitam—adṛśyam avyavahāryam avyapadeśyaṁ sukhaṁ jñānam ojo balam iti, brahmaṇas tasmād brahmety ācakṣate [ve.sū. 3.2.33 mādhva-bhāṣya-dhṛtam] iti | anyatra ca—",9
352,nityānandāvyayaṁ pūrṇaṁ paraṁ jñānaṁ vidhīyate || iti |,2
355,avibhinnāpi svecchādi-bhedair api vibhāṣyate || iti |,2
358,śakti-śaktimatoś cāpi na bhedaḥ kaścid iṣyate || iti |,2
360,satyaḥ so’sya mahi mahimā gṛṇeśavo yajñeṣu vipra-rājye iti |,2
361,ato māyika-sarva-niṣedhāvadhi-svarūpam uktvā paścāt tasyaivaiśvaryādikam ucyate—eṣa sarveśvaraḥ [bṛ.ā.u. 4.4.22] ity ādi | ato guṇa-guṇinor nābheda-pakṣe’pi tad-eka-rūpam iti vacanaṁ guṇānām antaraṅgatvena guṇinā saha tulyatvāt tādātmyāpatteś ca saṅgacchata eva |,3
363,vedyaṁ vāstavam atra vastv ity asya viśeṣaṇābhyām eva ,2
364,śivadaṁ tāpa-trayonmūlanam [bhā.pu. 1.1.2] iti |,2
372,tasmai namo’nanta-guṇāya bhūmne || [bhā.pu. 6.4.31] ,2
378,ānanda-mātram avikāram ahaṁ prapadye || [bhā.pu. 4.9.16],2
384,namaḥ parasmai puruṣāya vedhase || [bhā.pu. 4.17.33],4
385,ṭīkā ca—anuruṇaddhy anuvartate karoti | dravyāṇi mahā-bhūtāni | kriyā indriyāṇi | kārakā devāḥ | cetanā buddhiḥ | ātmā’haṅkāraḥ | taiḥ sva-śakti-rūpaiḥ samunnaddhāḥ samutkaṭā niruddhāḥ śaktayo yasya ity eṣā ||,6
388,ātmeśvaro’tarkya-sahasra-śaktiḥ [bhā.pu. 3.33.3] iti |,2
389,spaṣṭam | uktaṁ cācintyatvaṁ śrutes tu śabda-mūlatvād [ve.sū. 2.1.27] ity ādau | ātmani caivaṁ vicitrāś ca hi [ve.sū. 2.1.28] ity-ādau ca || ,5
395,brahmaiva bhāti sad asac ca tayoḥ paraṁ yat || [bhā.pu. 11.3.37],3
398,"śakteḥ svābhāvika-rūpatvaṁ sa-pramāṇaṁ spaṣṭayati—ādau yad ekaṁ brahma tad eva sattvaṁ rajas tama iti tri-vṛt pradhānam | tataḥ kriyā-śaktyā sūtraṁ, jñāna-śaktyā mahān iti | tato’ham ahaṅkāra iti | tad eva ca jīvaṁ śuddha-svarūpaṁ jīvātmānaṁ tad-upalakṣaṇakaṁ vaikuṇṭhādi-vaibhavaṁ ca pravadanti vedāḥ | te ca—sad eva saumyedam agra āsīd [chā.u. 6.2.1] ity ādyāḥ |",4
399,"ādāv ekaṁ, tatas tat-tad-rūpam iti śakteḥ svābhāvikatvam āyātam, anyasyāsad-bhāvenaupādhikatvāyogāt | svarūpa-vaibhavasyāṅga-pratyaṅgavan nitya-siddhatve’pi, sūrya-sattayā tad-raśmi-paramāṇu-vṛndasyeva, tat-sattayā labdha-sattākatvāt tad-upādānakatvaṁ tad-ādikatvaṁ ca syāt, tasya bhāsā sarvam idaṁ vibhāti [ka.u. 2.2.15] iti śruteḥ |",3
402,kathaṁ sargādi-kartṛtvaṁ brahmaṇo’bhyupagamyate || [vi.pu. 1.3.1],2
406,bhavanti tapasāṁ śreṣṭha pāvakasya yathoṣṇatā || [vi.pu. 1.3.2],2
413,svābhāvikī jñāna-bala-kriyā ca || [śve.u. 6.8],2
415,māyinaṁ tu maheśvaram || [śve.u. 4.10] ity ādayaś ca |,2
416,"yady evaṁ yojanā—sarveṣāṁ bhāvānāṁ pāvakasyoṣṇatā-śaktivad acintya-jñāna-gocarāḥ śaktayaḥ santy eva | brahmaṇaḥ punas tāḥ svabhāva-bhūtāḥ svarūpād abhinnāḥ śaktayaḥ, parāsya śaktir vividhaiva śrūyate [śve.u. 6.8] iti śruteḥ |",5
417,"ato maṇi-mantrādibhir agny-auṣṇyavan na kenacid vihantuṁ śakyante | ata eva tasya niraṅkuśam aiśvaryam | tathā ca śrutiḥ—sa vā ayam asya sarvasya vaśī sarvasyeśānaḥ sarvasyādhipatiḥ [bṛ.ā.u. 4.4.22] ity ādiḥ | yata evaṁ ato brahmaṇo hetoḥ sargādyā bhavanti, nātra kācid anupapattiḥ ity eṣā | ",5
419,"tad evaṁ nirviśeṣatām avalambya praśne siddhe, parihāre tu prathama-yojanāyāṁ nirviśeṣa-pakṣam anādṛtya brahmaṇi kartṛtva-pratipatty-arthaṁ śaktayaḥ sādhitāḥ | dvitīya-yojanāyāṁ tatra ca viśeṣa-pratipatty-arthaṁ, yathā jalādiṣu kadācid uṣṇatādikam āgantukaṁ syāt, tathā brahmaṇi na syād iti nirdhāritam, na tat samaś cābhyadhikaś ca dṛśyate [śve.u. 6.8] iti śruteḥ | tathā maṇi-mantrādibhir iti vyatireka eva dṛṣṭānta ity ato brahma-śaktayas tu nānyena parābhūtā ity etac ca darśitam | ubhayatra ca svarūpa-śakti-prabhāva-mātreṇa  prākṛta-sattvādi-guṇa-pariṇāma-rūpa-sargādi-sādhakatvād āveśābhāvena tad-doṣasyālepaś ca darśitaḥ |",3
420,"kiṁ ca, brahma-padena sarvaṁ khalv idaṁ brahma [chā.u. 3.14.1] iti prasiddhiṁ vyajya, sattvādi-guṇamaya-māyāyās tad-ananyatve’pi, nirguṇasyeti prākṛta-guṇair aspṛṣṭatvam aṅgīkṛtya teṣāṁ bahiraṅgatvaṁ svīkṛtam | tad etad eva māyāṁ ca prakṛtiṁ vidyāt [śve.u. 4.10] ity eṣā śrutiḥ svīcakāra | māyāṁ ca tad-apāśrayām [bhā.pu. 1.7.4] itivan maheśvaratvān māyāyā bahiraṅgāyā āśraya iti tāṁ parābhūya sthitam iti ca labhyate | tasmāt pūrvavad atrāpi śakti-mātrasya svābhāvikatvaṁ māyā-doṣāspṛṣṭatvaṁ ca sādhitam | ",13
421,"ata eva nyāya-prayogaś cāyaṁ—brahma svābhāvika-śaktimad vastutvād agnivat, vyatireke śaśa-viṣāṇādivad iti | śrutau ca—",5
423,māyinaṁ tu maheśvaraṁ [śve.u. 4.10] iti |,2
427,svābhāvikī jñāna-bala-kriyā ca || [śve.u. 6.8] iti |,2
431,sarvataḥ pāṇi-pādaṁ tad [gītā 13.12-13] ity ādi |,2
434,parasya brahmaṇaḥ śaktis tathedam akhilaṁ jagat || [vi.pu. 1.22.56] iti ||,2
435,"yasya bhāsā sarvam idaṁ vibhāti [ka.u. 2.2.15] iti śruteḥ | atra vyāpakatvādinā tat-tat-samāveśādy-anupapattiś ca śakter acintyatvenaiva parāhatā | durghaṭatvaṁ hy acintyatvam | śaktiś ca tridhā—antaraṅgā, taṭasthā, bahiraṅgā ca | tatrāntaraṅgayā svarūpa-śakty-ākhyayā sūrya-tan-maṇḍala-sthānīya-pūrṇenaiva svarūpeṇa vaikuṇṭhādi-svarūpa-vaibhava-rūpeṇa ca tad avatiṣṭhate | taṭasthayā raśmi-sthānīya-cid-ekātma-śuddha-jīva-rūpeṇa, bahiraṅgayā māyākhyayā praticchavi-gata-varṇa-śāvalya-sthānīya-tadīya-bahiraṅga-vaibhava-jaḍātma-pradhāna-rūpeṇa ceti caturdhātvam | ata eva tad-ātmakatvena jīvasyaiva taṭastha-śaktitvam, pradhānasya ca māyāntarbhūtatvam abhipretya śakti-trayaṁ śrī-viṣṇu-purāṇe gaṇitam—",5
437,avidyā-karma-saṁjñānyā tṛtīyā śaktir iṣyate || [vi.pu. 6.7.61],2
439,sarva-bhūteṣu bhūpāla tāratamyena vartate || [vi.pu. 6.7.63] iti |,2
440,"avidyā-karma kāryaṁ yasyāḥ sā, tat-saṁjñā māyety arthaḥ | yadyapīyaṁ bahiraṅgā, tathāpy asyās taṭastha-śaktimayam api jīvam āvarituṁ sāmarthyam astīty āha—tayeti | tāratamyena tat-kṛtāvaraṇasya brahmādi-sthāvarānteṣu deheṣu laghu-guru-bhāvena vartate ity arthaḥ | tad uktam—yayā sammohito jīva [bhā.pu. 1.7.5] iti |*ata eva jīvasya raśmi-sthānīyatvān maṇḍala-vilakṣaṇatvaṁ māyā-vyavadhāna-tirodhāpanīya-vaibhavatvaṁ yuktam | tad-anantaraṁ coktaṁ tayā [māyayā] kṣetrajña-śaktiḥ sā tāratamyena vartata iti | yayaivācintya-māyayā cid-rūpatā-nirvikāratādi-guṇa-rahitasya pradhānasya jaḍatvam vikāritvaṁ ceti jñeyam |* pradhānasya māyā-vyaṅgatvaṁ cāgre darśayiṣyate | ",7
443,"tad evaṁ sarvābhir militvā cid-acic-chaktir bhagavān | evam eva parameśvaratvena stūyamānaṁ brahmāṇaṁ prati hiraṇyakaśipunāpy uktam—cid-acic-chakti-yuktāya [bhā.pu. 7.3.34] iti | cid-vastunaś cid-vastv-antarāśrayatvaṁ, raśmy-ābhāsādi-jyotiṣo jyotir-maṇḍalāśrayatvam iva | tatra taṭasthākhyā jīva-śaktir yathāvasaraṁ paramātma-sandarbhe vivaraṇīyā | ",8
444,"atha antaraṅgākhyā-vivaraṇāya bahiraṅgāpy uddiśyate, yataḥ parāparā ceti śrī-viṣṇu-purāṇe śrūyate—",5
448,jñāni-jñāna-paricchedyā vande tām īśvarīṁ parām || [vi.pu. 1.19.76-7] iti |,2
449,"saiṣā bahu-vṛttikaiva jñeyā, parāsya śaktir vividhaiva śrūyate [śve.u. 6.8] iti śruteḥ ||",3
454,yathābhāso yathā tamaḥ || [bhā.pu. 2.9.33],3
456,"tatra jīva-māyākhyasya prathamāṁśasya tādṛśatvaṁ dṛṣṭāntena spaṣṭayann asambhāvanāṁ nirasyati—yathābhāsa iti | ābhāso jyotir-bimbasya svīya-prakāśād vyavahita-pradeśe kathañcid ucchalita-praticchavi-viśeṣaḥ | sa yathā tasmād bahir eva pratīyate, na ca taṁ vinā tasya pratītiḥ, tathā sāpīty arthaḥ | anena praticchavi-paryāyābhāsa-dharmatvena tasyām ābhāsākhyatvam api dhvanitam | atas tat-kāryasyābhāsākhyatvaṁ kvacit ābhāsaś ca nirodhaś ca [bhā.pu. 2.10.7] ity ādau | ",7
457,"atra sa yathā kvacid atyantodbhaṭātmā sva-cākcikya-cchaṭāpatita-netrāṇāṁ netra-prakāśam āvṛṇoti | tam āvṛtya ca svenātyantodbhaṭa-tejastvenaiva draṣṭṛ-netraṁ vyākulayan, svopakaṇṭhe varṇa-śāvalyam udgirati | kadācit tad eva pṛthag-bhāvena nānākāratayā pariṇamayati | tatheyam api jīva-jñānam āvṛṇoti | sattvādi-guṇa-sāmya-rūpāṁ guṇa-māyākhyāṁ jaḍāṁ prakṛtim udgirati | kadācit pṛthag-bhūtān sattvādi-guṇān nānākāratayā pariṇamayati ceti jñeyam | tad uktam—eka-deśa-sthitasyāgneḥ [vi.pu. 1.22.56] ity ādi | ",3
458,"tathā ca, āyurveda-vidaḥ—",2
462,akarod viśvam akhilam anityaṁ nāṭakākṛtiḥ || [śā.saṁ. 5.48-49] iti ||,4
464,"athaivaṁ siddhaṁ jīva-māyākhyam, guṇa-māyākhyaṁ dvitīyam apy aṁśaṁ dṛṣṭāntena spaṣṭayati—yathā tama iti | tamaḥ-śabdenātra pūrvoktaṁ tamaḥ-prāyaṁ varṇa-śāvalyam ucyate | tad yathā tan-mūla-jyotiṣy asad api tad-āśrayatvaṁ vinā na sambhavati, tadvad iyam apīti | ",5
468,tamo moho mahā-mohas tāmisro hy andha-saṁjñitaḥ || [bhā.pu. 3.20.18] ity atra |,4
469,"yathā ca, kvāhaṁ tamo-mahad-aham [bhā.pu. 10.14.11] ity ādau | pūrvatrāvidyā-vidyākhya-nimitta-śakti-vṛttikatvāj jīva-viṣayakatvena jīva-māyātvam | uttaratra svīya-tat-tad-guṇa-maya-mahad-ādy-upādāna-śakti-vṛttikatvād guṇa-māyātvam |",3
470,tathā sasarja [bhā.pu. 3.20.18] ity-ādau chāyā-śaktiṁ māyām avalambya sṛṣṭy-ārambhe brahmā svayam avidyām āvirbhāvitavān ity arthaḥ | ,5
472,bandha-mokṣa-karī ādye māyayā me vinirmite || [bhā.pu. 11.11.3] ity uktatvāt | ,2
473,anayor āvirbhāva-bhedaś ca śrūyate | tatra pūrvasyāḥ pādme śrī-kṛṣṇa-satyabhāmā-saṁvādīya-kārttika-māhātmye deva-gaṇa-kṛta-māyā-stutau—,3
477,aham eva tridhā bhinnā tiṣṭhāmi trividhair guṇaiḥ || [pa.pu. 6.104.22-23] ity ādi ||,2
478,uttarasyāḥ pādmottara-khaṇḍe asaṅkhyaṁ prakṛti-sthānaṁ niviḍa-dhvāntam avayayam iti || ,3
482,antar bahiś ca vitataṁ vyomavat tan nato’smy aham || [bhā.pu. 6.16.23],3
486,sthāneṣu tad-draṣṭr-apadeśam eti || [bhā.pu. 6.16.24],3
487,"ṭīkā ca—yad brahma vyomavad vitatam api asavaḥ prāṇāḥ kriyā-śaktya na spṛśanti, mana-ādīni ca jñāna-śaktyā na viduḥ, tad brahma nato’smi | teṣaṁ tad-ajñāne hetum āha—dehendriyādayo’mī yad-aṁśa-viddhā yac-caitanyāṁśenāviṣṭāḥ santaḥ karmasu sva-sva-viṣayeṣu pracaranti jāgrat-svapnayoḥ | anyadā suṣupti-mūrcchādau naiva pracaranti, yathā aprataptaṁ lohaṁ na dahati | ato yathā loham agni-śaktyaiva dāhakaṁ sad agniṁ vinā na dahati, evaṁ brahma-gata-jñāna-kriyā-śaktibhyāṁ pravartamānā dehādayas tan na spṛśanti na viduś ceti bhāvaḥ | ity eṣā |",3
488,"atrādvaita-śārīrake’pi sāṅkhyam ākṣipyoktam, yathā—atha punaḥ sākṣi-nimittam īkṣitṛtvaṁ pradhānasya kalpyeta yathāgni-nimittam ayaḥ-piṇḍāder dagdhṛtvaṁ, tathā sati yan nimittam īkṣitatṛtvaṁ pradhānasya, tad eva sarvajñaṁ mukhyaṁ jagataḥ kāraṇam [śaṅkara-bhāṣya, 1.1.5] iti |",4
489,"śrutiś cātra—tam eva bhāntam anubhāti sarvam [ka.u. 2.2.15], ko hy anyāt kaḥ prāṇyāt yad eṣa ākāśa ānando na syāt [tai.u. 2.7.1], cakṣuṣaś cakṣur uta śrotrasya śrotram [bṛ.ā.u. 4.4.18] ity ādyā |",7
490,"atha prakṛtasyāvaśiṣṭatā ṭīkā—jīvas tarhi draṣṭṛtvāj jānātu ? nety āha—sthāneṣu jāgrad-ādiṣu draṣṭr-apadeśaṁ draṣṭṛ-saṁjñāṁ tad evaiti prāpnoti, nānyo jīvo nāmāsti, nānyo’to’sti draṣṭā [bṛ.ā.u. 3.7.23] ity-ādi śruteḥ | yad vā, draṣṭr-apadeśaṁ draṣṭṛ-saṁjñaṁ jīvam api tad evaiti jānāti, na tu jīvas taj jānātīty arthaḥ ity eṣā | ",7
491,"tad uktam—tritayaṁ tatra yo veda sa ātmā svāśrayāśrayaḥ [bhā.pu. 2.10.9] iti | śrutau ca jīvo nāmāto’nyaḥ svayaṁ siddho nāsti, parantu tad-ātmaka evety arthaḥ | tathāto’nyo draṣṭā nāsti, sarva-draṣṭus tasyāparo draṣṭā nāstīty artha iti vyākhyeyam || ",5
492,|| 6.16 || śrī-nāradaś citraketum ||19||,2
497,na veda sarvajñam anantam īḍe || [bhā.pu. 6.4.25],2
498,"dehaś cāsavaś ca prāṇā akṣāṇīndriyāṇi ca, manavo’ntaḥ-karaṇāni, bhūtāni ca, mātrāś ca tan-mātrāṇi, ātmānaṁ sva-svarūpam, anyaṁ sva-sva-viṣaya-vargaṁ, tayoḥ paraṁ devatā-vargaṁ ca na viduḥ | pumān jīvas tu sarvam ātmānaṁ sva-svarūpaṁ, tad anyaṁ pramātāraṁ, tayoḥ padaṁ dehādy-artha-jātaṁ tad-adhiṣṭhātṛ-devatā-vargaṁ ca veda, tathā dehādi-mūla-bhūtān guṇāṁś ca sattvādīn veda | tat-taj-jño’py asau yaṁ sarvajñaṁ dehādi-jīvāntāśeṣa-jñātāraṁ na veda tam anantaṁ, mahad-guṇatvād yam anantam āhuḥ [bhā.pu. 1.18.19] iti | ",5
499,"ata eva hi yatra hi dvaitam iva bhavati tad itara itaraṁ paśyati [bṛ.ā.u. 2.4.4] ity ārabhya jīvasyetara-dṛṣṭatvam uktvā, yatra svasya sarvam ātmaivābhūt, tat kena kaḥ paśyet? ity-ādinā tasya paramātma-draṣṭṛtvaṁ niṣiddhya paramātmanas tu tat-tat-sarva-draṣṭṛtvaṁ sva-draṣṭṛtvam apy astīti, vijñātāram are kena vijānīyāt [bṛ.ā.u. 2.4.14] ity anenāha | asya jīvasya tad-adhiṣṭhana-bhūtasya ya ātmā paramātmā sa eva yatra svasmin svarūpe tac-chakyādikaṁ sarvam abhūt na tu vastv-antara-praveśenety arthaḥ |",12
500,"ayam arthaḥ—yatra māyā-vaibhave dvaitam iva bhavati, tan-mūlakatvāt tad-ananyad api māyākhyācintya-śakti-hetukatayā jaḍa-malina-naśvaratvena tad-vilakṣaṇatayā sampāditam | tataḥ svatantra-sattākam iva muhur jāyate ity arthaḥ | tat tu tatra itaro jīva itaraṁ padārthaṁ paśyati, tasya karaṇa-dṛśyayor mitho yogyatvād iti bhāvaḥ | yatra tu svarūpa-vaibhave tasya jīvasya raśmi-sthānīyasya maṇḍala-sthānīyo ya ātmā paramātmā, sa eva svarūpa-śaktyā sarvam abhūt, anādita eva bhavann āste, na tu tat-praveśena, tat tatra itaraḥ sa jīvaḥ kenetareṇa karaṇa-bhūtena kaṁ padārthaṁ paśyet, na kenāpi kam api paśyed ity arthaḥ | na hi raśmayaḥ sva-śaktyā sūrya-maṇḍalāntargata-vaibhavaṁ prakāśayeyuḥ, na cārciṣo vahniṁ nirdaheyur iti bhāvaḥ | tad evaṁ sati, yasya khalv evam anantaṁ svarūpa-vaibhavaṁ taṁ vijñātāraṁ sarvajñaṁ paramātmānaṁ kenetareṇa karaṇena vijānīyāt ? na kenāpīty arthaḥ | tad evaṁ jñāna-śaktau tatra siddhāyāṁ kriyecchā-śaktī ca lakṣyete || ",5
501,|| 6.4 || dakṣaḥ śrī-puruṣottamam ||20||,2
504,kālo vaśī-kṛta-visṛjya-visarga-śaktiḥ | [bhā.pu. 7.9.22] iti |,3
505,"sva-dhāmnā cic-chaktyā, yataḥ kālo māyā-prerakaḥ iti ṭīkā ca | ātmā tv atra jīvaḥ, tasya guṇāḥ sattvādayaḥ, sattvaṁ rajas tama iti guṇā jīvasya naiva me [bhā.pu. 11.25.12] ity uktatvāt || ",4
506,|| 7.9 || prahlādaḥ śrī-narasiṁham ||21||,2
511,grāvṇo namas te guṇa-karma-sākṣiṇe || [bhā.pu. 5.18.38] ,3
512,"ṭīkā ca—yasyekṣitur jīvārtham īpsitam | atyantānicchāyām īkṣaṇāyogāt | svārthaṁ tu nepsitam | viśva-sthity-ādi-sva-guṇair māyā karoti | tasyā jaḍatve’pīśvara-sannidhānāt pravṛtti-dṛṣṭāntenāha, yathāyo lohaṁ grāvṇo’yaskāntān nimittād bhramati | tad-āśrayaṁ tad-abhimukhaṁ sat | guṇānāṁ karmaṇāṁ ca jīvādṛṣṭānāṁ sākṣiṇe tasmai namaḥ ity eṣā || ",3
513,|| 5.18 || bhūḥ śrī-varāha-devam ||22||,2
518,kaivalye sthita ātmani || [bhā.pu. 1.7.23],2
522,kevalānubhavānanda-sandoho nirupādhikaḥ || [bhā.pu. 11.9.18],2
523,"ity ekādaśokta-rītyā kaivalyākhye kevalānubhavānande ātmani sva-svarūpe sthitaḥ anubhūta-svarūpa-sukha ity arthaḥ | tad uktaṁ ṣaṣṭhe devair api—svayam upalabdha-nija-sukhānubhavo bhavān [bhā.pu. 6.9.33] iti | sandoha-śabdena caikādaśe vaicitrī darśitā, sā ca śakti-vaicitryād eva bhavatīti | ata evam asty eva svarūpa-śaktiḥ | ",3
528,svacchanda-śaktiṁ kapilaṁ prapadye || [bhā.pu. 3.24.33] ity atra |,2
529,"paraṁ parameśvaram | tatra hetuḥ—svacchandāḥ śaktayo yasya | tā evāha—pradhānaṁ prakṛti-rūpam, puruṣaṁ tad-adhiṣṭhātāram, mahāntaṁ mahat-tattva-svarūpam, kālaṁ teṣāṁ kṣobhakam, trivṛtam ahaṅkāra-bhūtam, lokātmakaṁ tat-pālātmakaṁ ca | tad evaṁ māyayā pradhānādi-rūpatām uktvā cic-chaktyā niṣprapañcatām āha | ātmānubhūtyā cic-chaktyānugataḥ svasmin līnaḥ prapañco yasya tam | kaviṁ sarvajñaṁ pradhānādy-āvirbhāva-sākṣiṇam ity arthaḥ iti | ",4
532,pratyag-dhāmā svayaṁ-jyotir viśvaṁ yena samanvitam || [bhā.pu. 3.26.3] iti,2
535,ātma-māyā tad-icchā syāt guṇa-māyā jaḍātmikā || [mahā-saṁhitā] iti |,2
536,"asyārthaḥ—śrīr atra jagat-pālana-śaktiḥ, bhūs tat-sṛṣṭi-śaktiḥ, durgā tat-pralaya-śaktiḥ | tat-tad-rūpena yā bhedaṁ prāptā, sā jīva-viṣayā tac-chaktir jīva-māyety ucyate | ",2
537,pādme śrī-kṛṣṇa-satyabhāmā-saṁvāde—aham eva tridhā bhinnā tiṣṭhāmi trividhair guṇaiḥ [pa.pu. 6.104.23]  ity etad-vākyānantaraṁ—,6
539,gaurīṁ lakṣmīṁ dharāṁ caiva praṇemur bhakti-tat-parāḥ || [pa.pu. 6.104.26] iti |,4
540,ekādaśe ca—	,3
542,trivarṇā varṇitāsmābhiḥ kiṁ bhūyaḥ śrotum icchasi || [bhā.pu. 11.3.16] iti |,2
546,mahatītara-māyaiśyaṁ nihanty ātmani yuñjataḥ || [bhā.pu. 10.13.45] ,2
551,pravadanti sanātanam || iti caturveda-śikhādyā śrutiś ca | ,4
556,śabda-tattvārtha-vedibhiḥ || iti śabda-mahodadhau |,2
557,triguṇātmikātra jagat-sṛṣṭy-ādi-śaktiḥ | sā ca dvidhety uktam eva | māyā syāc chāmbarī buddhiḥ iti trikāṇḍa-śeṣaḥ | māyā dambhe kṛpāyāṁ ca iti viśva-prakāśe | ,8
558,"vyākhyātaṁ ca ṭīkā-kṛdbhir ekādaśe kālo māyā-maye jīve [bhā.pu. 11.24.27] ity atra māyā-pravartake jñāna-maye vā iti | navame, dauṣmantir atyagān māyāṁ devānāṁ gurum āyayau [bhā.pu. 9.20.27] ity atra ṭīkā ca—devānām api māyāṁ vaibhavam iti | tṛtīye’pi āpuḥ parāṁ mudam [bhā.pu. 3.15.26] ity-ādau yoga-māya-śabdena sanakādāv aṣṭāṅga-yoga-prabhāvaṁ vyākhyāya, parameśvare tu cic-chakti-vilāso vyākhyātaḥ |",18
563,yathā vā—tvam ādyaḥ puruṣaḥ [bhā.pu. 1.7.23] ity ādi-mūla-padām evam avatāryam | śrī-vaikuṇṭhe māyaṁ niṣedhann api sākṣāt tām evāha—tvam ādya iti | kaivalye mokṣākhye śrī-vaikuṇṭha-lakṣaṇe ātmani svāṁśa eva sthitaḥ | kiṁ kṛtvā ? tatrātivirājamānayā cic-chaktyā māyāṁ dūre sthitām api tiraskṛtyaiva | mataṁ caitan-māyādikaṁ niṣedhatā śrī-śukadevena |,5
567,anuvratā yatra surāsurārcitāḥ || [bhā.pu. 2.9.10] iti |,2
568,moksaṁ paraṁ padaṁ liṅgam amṛtaṁ viṣṇu-mandiram [pa.pu. 6.227.79] iti pādmottara-khaṇḍe vaikuṇṭha-paryāya-śabdāḥ || ,2
570,ata ūrdhvaṁ guṇādīnāṁ svarūpātmatā-nigamanāt svarūpa-śaktir eva punar api vivriyate yāvat sandarbha-samāptiḥ | tatra guṇānāṁ svarūpātmatām āhuḥ—,4
574,mahasi mahīyase’ṣṭa-guṇite’parimeya-bhagaḥ || [bhā.pu. 10.87.38],2
575,ṭīkā ca— sa tu jīvo yad yasmāt ajayā māyayā ajām avidyām anuśayīta āliṅget | tataś ca guṇāṁś ca dehendriyādīn juṣan sevamānaḥ ātmatayā adhyasyan | tad-anu tad-anantaraṁ sarūpatāṁ tad-dharma-yogaṁ ca juṣan apeta-bhagaḥ pihitānandādi-guṇaḥ san mṛtyuṁ saṁsāraṁ bhajati prāpnoti | tvam uta tvaṁ tu jahāsi tāṁ māyām | ,31
576,"nanu sā mayy evāsti kathaṁ tyāgas tatrāha—ahir iva tvacam iti | ayaṁ bhāvaḥ—yathā bhujaṅgaḥ svagatam api kañcukaṁ guṇa-buddhyā nābhimanyate, tathā tvam ajāṁ māyāṁ | na hi nirantarāhlāda-saṁvit-kāmadhenu-vṛnda-pater ajayā kṛtyam iti tām upekṣase | ",3
577,kuta etat ? tad āha—ātta-bhago nitya-prāptaiśvaryaḥ | mahasi paramaiśvarye aṣṭa-guṇite aṇimādy-aṣṭa-vibhūtimati | mahīyase pūjyase virājase | ,9
578,"kathambhūtaḥ ? aparimeya-bhagaḥ aparimeyaiśvaryaḥ | na tv anyeṣām iva deśa-kāla-paricchinnaṁ tavāṣṭa-guṇitam aiśvaryam, api tu paripūrṇa-svarūpānubandhitvād aparimitam ity arthaḥ | ity eṣā |",4
579,"tathā ca tatraiva pūrvam uktaṁ—tvam asi yad ātmanā samavaruddha-samasta-bhagaḥ [bhā.pu. 10.87.14] iti | yad vā, ahir iva tvacam ity atra tvak-śabdena parityaktā jīrṇa-tvag evocyate | sa yathā tāṁ jahātīti tat-samīpam api na vrajati, tathā tvam api māyā-samīpaṁ na yāsīty arthaḥ | ",3
582,samāpta-sarvārtham amogha-vāñchitam || [bhā.pu. 10.37.22] iti |,2
585,tāsām aṣṭau mat-pradhānā daśaiva guṇa-hetavaḥ || [bhā.pu. 11.15.3] iti |,2
586,agre ca—etā me siddhayaḥ saumya aṣṭāv autpattikā matāḥ | [bhā.pu. 11.15.5] iti |,3
589,māyayāntarhitaiśvarya īyate guṇa-sargayā || [bhā.pu. 7.6.23],2
590,"ṭīkā ca—nanu sa eva cet sarvatra, tarhi sarvatra sarvajñatādy upalabhyeta ? tatrāha—guṇātmakaḥ sargo yasyās tayā māyayā antarhitam aiśvaryaṁ yena ity eṣā | atra bhagavad-aiśvaryasya māyayāntarhitatvena, guṇa-sargayeti māyāyā viśeṣaṇa-vinyāsena ca tad-atītatvaṁ bodhayati svarūpavat | ataḥ parameśvara iti viśeṣaṇam api tat-sahayogena pūrvam eva dattam iti jñeyam | śrutayaś ca—",3
594,jahāty enāṁ bhukta-bhogām ajo’nyaḥ || [śve.u. 4.5],2
595,"yad-ātmako bhagavāṁs tad-ātmikā vyaktiḥ | kim-ātmako bhagavān ? jñānātmaka aiśvaryātmakaḥ śakty-ātmakaś ca | daivātma-śaktiṁ sva-guṇair nigūḍhām [śve.u. 1.3] ity-ādyāḥ | atra sva-guṇair iti yātīta-gocarā vācām [vi.pu. 1.19.76] ity uktaiḥ svīya-svabhāvair ity arthaḥ | atra śrī-viṣṇu-purāṇe ṣaṣṭhāṁśe, nirastātiśayāhlāda- [vi.pu. 6.5.59] ity-ādi-prakaraṇaṁ tadīya-śrīdhara-svāmi-ṭīkā cānusandheyā ||",11
601,sāmyāsaṅgādayo’guṇāḥ || [bhā.pu. 11.13.40],2
602,"ṭīkā ca—katham-bhūtāḥ ? aguṇāḥ, guṇa-pariṇāma-rūpā na bhavanti, kintu nityā ity arthaḥ ity eṣā | ",3
603,tathā ca nārada-pañcarātre jitaṁ-te-stotre—namaḥ sarva-guṇātīta-ṣaḍ-guṇāyādi-vedhase iti | ,3
611,naiva jānanti yad rūpaṁ sendrā api surāsurāḥ || iti ||,3
613,anyatra ca śrī-haṁsa-vākya-sthitādi-grahaṇa-kroḍī-kṛtān tān bahūn eva satyaṁ śaucam [bhā.pu. 1.16.27] ity-ādibhir gaṇayitvāha—,5
617,na viyanti sma karhicit || [bhā.pu. 1.16.30],2
618,ṭīkā ca—ete ekonacatvāriṁśat | anye ca brahmaṇyatva-śaraṇyatvādayo mahānto guṇā yasmin nityāḥ sahajā na viyanti na kṣīyante sma | ity eṣā |,3
621,na yad-vibhūteḥ pariṇāma-hetuḥ || [vi.pu. 4.1.84] iti |,2
627,loka-sṛṣṭi-vikalpanā || [bhā.pu. 10.28.6],2
629,bhagavato guṇa-maye sthūla-rūpa āveśitaṁ mano hy aguṇe’pi sūkṣmatama ātma-jyotiṣi pare brahmaṇi bhagavati vāsudevākhye kṣamam āveśitum [bhā.pu. 5.16.3] iti | ,5
635,vimohitā vikatthante mamāham iti durdhiyaḥ || [bhā.pu. 2.5.12-13],2
642,bhavān ekaḥ śiṣyate śeṣa-saṁjñaḥ || [bhā.pu. 10.3.25],2
647,taṁ tveśānaṁ kṣema-dhāma prapadye || [bhā.pu. 10.3.26],2
648,"he avyakta-bandho sānnidhya-mātreṇa prakṛti-pravartaka ceṣṭā nimeṣonmeṣa-rūpām | śrutiś ca—sarve nimeṣā jajñire vidyutaḥ puruṣād adhi [mahā-nārāyaṇa.u. 1.8] iti | sarve nimeṣādayaḥ kālāvayavāḥ, viśeṣeṇa dyotate vidyut, puruṣaḥ paramātmeti śruti-padārthaḥ | sarvatra sṛṣṭi-saṁhārayor nimittaṁ kāla eva, tasya tu tad-aṅga-ceṣṭā-rūpatvāt tau tatra na sambhavata eveti bhāvaḥ | tatra hetv-antaraṁ kṣema-dhāmeti | tvā tvām | atra svābhīṣṭāt tasmād āvirbhāvād eva kaṁsa-bhayaṁ kaimutyena vāritavatī | tathaiva spaṣṭaṁ punar āha—",7
652,svasthaḥ śete mṛtyur asmād apaiti || [bhā.pu. 10.3.27],2
653,"lokān prāpya nirbhayaṁ bhayābhāvam | tvat-pādābjaṁ tu prāpyety ubhayatrāpy anvayaḥ | atra tvat-pādābjam iti śrī-vigraham eva tathā vispaṣṭaṁ sādhitavatī | ata evāmṛta-vapur iti sahasra-nāma-stotre | mṛtaṁ maraṇaṁ tad-rahitaṁ vapur asyety amṛta-vapur iti śaṅkara-bhāṣye’pi | ādyeti janmābhāvo’pi darśitaḥ, sa-janmani sarvatra sāditvasyaiva siddheḥ | tad uktam—prādurāsīd yathā prācyāṁ diśīndur iva puṣkalaḥ [bhā.pu. 10.3.8] iti |",7
654,"śrutiś cātra—sa brahmaṇā sṛjati, sa rudreṇa vilāpayati, so’nutpattir alaya eva hariḥ paraḥ paramānandaḥ iti mahopaniṣadi || ",6
655,|| 10.3 || śrī-devakī-devī śrī-bhagavantam ||29||,2
657, nanu tasyārūpatvaṁ vedaiḥ prastūyate—asthūlam anaṇu [bṛ.ā.u. 3.8.8] ity-ādibhiḥ | ,3
661,tam āhur ādyaṁ puruṣaṁ mahāntam || [śve.u. 3.19] ity-ādibhiś ca |,2
663,"kiṁ ca, atha yad ataḥ paro divo jyotir dīpyate viśvataḥ pṛṣṭheṣu sarvataḥ pṛṣṭheṣv anuttameṣūttameṣu lokeṣv idaṁ vāva tad yad idam asminn antaḥ puruṣe jyotiḥ [chā.u. 3.13.7] iti | atra jyotiḥ-śabdenaiva prasiddhaṁ brahma brahmatvaṁ cāsya prakaraṇa-balāt sūtra-kṛdbhiḥ sādhitaṁ, tatas tasya jyotiṣṭve sati rūpitvam eva siddhyati | ",3
664,"nanu, vācaivāyaṁ jyotiṣās te [bṛ.ā.u. 4.3.5], mano-jyotir juṣatāṁ [tai.brā. 1.6.3.3] ity-ādi-darśanāt nātra tac-chabda-cakṣur-anugrāhake tejasi vartate | kiṁ tarhi yad yasyāvabhāsakaṁ tad eva tatra jyotir ucyata iti | brahmaṇo’pi caitanya-mātrasya sarvāvabhāsakatvāt jyotiṣṭvaṁ satyam | yadyapi tat-svarūpatvād api jyotiṣṭvaṁ bhavet, tathāpi prasiddhārthaṁ yat jyotiṣṭvaṁ, tad api tasyāvagamyate śruty-antarāt | tathā hi—",5
668,tasya bhāsā sarvam idaṁ vibhāti || [ka.u. 2.2.15] iti samāmananti |,2
669,"atra tejaḥ-svabhāvānāṁ sūryādīnāṁ, tatra bhāna-pratiṣedhāt pūrvavat jyotī-rūpatvam evopapadyate | sūryo’vabhāsamāne candra-tārakādi na bhāsata itivat | evaṁ samāna-svabhāva evānukāra-darśanāc ca tad-rūpatvam eva—gacchantam anugacchantītivat | yat tu vahniṁ dahantam anudahati sutaptaṁ loham ity atra vāyuṁ vahantaṁ tam anuvahati raja ity atra cānyathātvaṁ, tatrāpi dahana-vahana-kriyayos tatraiva mukhyatvam iti | brahmaṇy api tādṛśa-jyotiṣṭvasya tathātvam | evaṁ tad-bhāsā sarvasya bhāsamānatve’pi tad-rūpatvaṁ siddhyati | ata evānumānam iti siddham | sūryam anubhānti raśmaya itivat, na tu dīpo dīpāntaram anubhātītivad viruddham | atas tasya prasiddhārtha-jyotī-rūpatve sarva-paratve ca śruti-śabdeṣv eva sati kiṁ-nāmānyathā-gati-kriyayā, śrutes tu śabda-mūlatvāt [ve.sū. 1.1.5] itivat | tathā hi—bhā-rūpaḥ satya-saṅkalpaḥ iti |",8
671,tac chubhraṁ jyotiṣaṁ jyotis tad yadātma-vido viduḥ || [mu.u. 2.2.10] iti |,2
672,"brahma hy anyad vyanakti brahmānyena na vyajyate—ātmanaiva jyotiṣāste [bṛ.ā.u. 4.3.6], agṛhyo na hi gṛhyate [bṛ.ā.u. 3.9.26], tena sūryas tapati tejaseddhaḥ iti ca | tathā coktam—",8
674,yac candramasi yac cāgnau tat tejo viddhi māmakam || [gītā 15.12] iti |,2
675,tasmād rūpavad eva tad iti sthitam | jyotiś caraṇābhidhānāt [bṛ.ā.u. 1.6.24] ity adhikaraṇe śrī-rāmānuja-caraṇāś caiva ācakṣyate | ,3
677,pādo’sya sarvā bhūtāni tripādasyāmṛtaṁ divi || [chā.u. 3.12.6] iti |,2
680,āditya-varṇaṁ tamasaḥ parastāt [śve.u. 3.8] ,2
682,"kiṁ ca, śyāmāc chabalaṁ prapadye [chā.u. 8.13.1] suvarṇa-jyotiḥ iti | tasya haitasya catvāri rūpāṇi śuklaṁ raktaṁ raukmaṁ kṛṣṇaṁ [tai.ā. 3.10.6] iti, yadā paśyaḥ paśyate rukma-varṇaṁ kartāram īśaṁ puruṣaṁ brahma-yoniṁ [mu.u. 3.1.3], sa aikṣata [ai.u. 1.1.1, bṛ.ā.u. 1.2.5] iti | sarve’nimeṣājajñire vidyutaḥ puruṣādadhi [ma.nā.u. 1.8] iti | sa cakṣuṣā paśyati rūpam asya [ma.nā.u. 1.11] iti, yam evaiṣa vṛṇute tena labhyas tasyaiṣa ātmā vivṛṇute tanūṁ svāṁ [mu.u. 3.2.3, ka.u. 2.1.3] iti | buddhi-mattāṅga-pratyaṅgavattāṁ bhagavato lakṣayāmahe, buddhimān manovān aṅga-pratyaṅgavān ity-ādyaiḥ, prakāśavac cāvaiyarthyāt [ve.sū. 2.2.41], rūpopanyāsāc ca [ve.sū. 1.2.23] ity ādau mādhva-bhāṣyādi-pramāṇitair vedaiḥ—paśyate, vivṛṇute, lakṣayāmahe ity ādy abhyasta-vidvat-pratyakṣa-pakṣapāta-balavattarair virodhāt, apāṇi-pādādi-vedānāṁ na tathārthaḥ saṅgacchate iti na tāvat tasyārūpatvaṁ pratipāditam ||",25
684,"abhidhyāyater atathā-bhūtam api vastu karma bhavati, manoratha-kalpitasyāpy abhidhyāyati-karmatvāt | īkṣates tu tathā-bhūtam eva vastu loke karma dṛṣṭam, iti || [1.3.13] iti |",2
685,"anyatrāpi darśanasya yathārthopalabdhārthatvaṁ dṛṣṭam, yathā—dṛṣṭa evātmanīśvaraḥ [mā.u. 2.2.8] ity ādau | tasmāt apāda-pāṇy-ādi-vedaiḥ katham ete viruddheran ? tasya rūpasya brahmaṇi svarūpa-bhūta-sarva-śaktitva-sthāpnayā, sarvair yuktā śaktibhir devatāsya ity ādau nitya-rūpeti viśeṣopadeśena ca nityatvaṁ siddham eva | svarūpa-nityatvaṁ tu tatra śāśvatātmā ity anenaivoktam | ata eva vivṛṇute ity evoktam, na tu kalpayatīti |",9
686,"atrodāhariṣyante ca śruti-smṛtayaḥ—udāhṛtā ca, yatra nānyat paśyati ity-ādi tad ittham anya-prākṛta-rūpa-sādṛśyena kutarka-viśeṣaś ca parihṛtaḥ, vailakṣaṇyāt, kālātyayāpadiṣṭatvāt, śāstra-yonitvāt [ve.sū. 1.1.3] ity nyāyena śabdaika-prāmāṇyāt | ",5
688,tathā vikalpo’py aṣṭa-doṣa-duṣṭatvena kriyāyām iva vastuni tasyāsambhavān na syād iti rūpitva-śrutir eva sarvopamardinī |,3
691,"tathā ca, prakāśavac cāvaiśeṣyaṁ [ve.sū. 3.2.25] ity atra vyākhyātaṁ mādhva-bhāṣye—agny-ādivat sthūla-sūkṣmatva-viśeṣāt tasya tādṛśatvaṁ na sambhavati | nāsau sthūlo na sūkṣmaṁ para eva sa bhavati, tasmād āhuḥ paramam iti māṇḍavya-śruteḥ | ",7
693,sarvatraika-prakāro’sau sarva-rūpeṣu vartate || iti gāruḍāt |,2
695,sarvatrāvyakta-rūpo’sau yata eva janārdanaḥ || iti kaurmād iti ||,2
696,yasmād avyakta-vyakta-bhāvau tasmin na staḥ tasmāt tābhyām atiriktaṁ rūpaṁ—yat tat prāhur avyaktam ādyaṁ [bhā.pu. 10.3.11] ity ādau prasiddhaṁ yad avyaktākhyaṁ paraṁ tattvaṁ rūpaṁ vigraho yasyeti kaurma-vacanārthaḥ | asya pūrṇa-parama-tattvākāratvam agre mūla-grantha eve vivecanīyaṁ | ata eva bahu-vrīhir ayam aupacārikeṇaiva bhedena boddhavyaḥ |,5
697,"ata eva tasya rūpasya para-vidyaika-vyaṅgya-sva-prakāśa-para-brahmatvaṁ—yadā paśyaḥ paśyataḥ ity asyānte tad-darśana-mātreṇāśeṣa-karmāvadhūnana-pūrvaka-parama-siddhi-prāpti-liṅgato vyañjitam—tadā pumān puṇya-pāpe vidhūya nirañjanaṁ pātmaṁ sāmyam upaiti ity anena | bhidyate hṛdaya-granthiḥ ity-ādi-śruti-sāmānyaṁ, tathā parāpi śrutir āditya-puruṣam adhikṛtya sarva-pāpmātyaya-kathanottaram eva rūpaṁ varṇayantī tasya rūpasya pāpmāpara-paryāya-māyika-doṣa-rāhityam evāṅgīkaroti—eṣa ātmāpahata-pāpmā [chā.u. 8.1.5] iti śruti-sāmānyāt | taj-jñāninām api pāpmātyaya-liṅgāt kaimutyena ca tad eva draḍhayati—",7
698,"atha ya eṣo’ntarāditye hiraṇmayaḥ puruṣo dṛśyate, hiraṇya-śmaśrur hiraṇya-keśa āpraṇakhāt sarva eva suvarṇaḥ | tasya yathā kapy-āsaṁ sarva eva puṇḍarīkam evam akṣiṇī | tasyod iti nāma | sa eṣa sarvebhyaḥ pāpmabhya uditaḥ | udeti ha vai sarvebhyaḥ pāpmabhyo ya evaṁ veda || [chā.u. 1.6.6-7] iti |",4
699,"kiṁ ca, nāsad āsīd ākhye [ṛ.ve. 10.129.1] iti brahma-sūkte brahmaṇi prākṛtātītasya prāṇasya sad-bhāva-śravaṇena tat-tan-niṣedha-vākyam | aprāṇo hy amanāṁ śubhraḥ [mu.u. 2.1.2] ity-ādikaṁ prākṛta-viṣayam eveti gamyate, yathā—",5
703,tasmād dhānyatra paraḥ kiñcanāsa || [ṛ.ve. 10.129.2] ,2
704,atra sa ānīd iti prāṇa-karmopādānāt prāg-utpatteḥ santam eva prāṇaṁ sūcayati | evaṁ vā are’sya mahato bhūtasya niḥśvasitam etat [bṛ.ā.u. 2.3.10] iti śruty-antare ca tat sad-bhāvas tasmiṁl lakṣyate | tatra avātam iti viśeṣaṇāt tu prākṛta-vātatvaṁ niṣedhatīti spaṣṭam eva | tatas tathā-vidha-prāṇatva-śravaṇena tat-sahacāriṇaḥ śrī-vigrahasya sad-bhāvas tādṛśa-bhāvaś ca gamyata eva—,5
706,upāsakānāṁ kāryārthaṁ brahmaṇo rūpa-kalpanā || [rā.tā.u. 1.1.7] iti ca |,2
707,evaṁ vyākhyāyate—rāmaṁ vande sac-cid-ānanda-rūpaṁ gadāri-śaṅkhābja-dharam iti | tatraiva vakṣyamāṇatvāt | pṛthak-śarīra-dhāritā-rahitasya rūpa-kalpanā aṣṭa-vidha-pratimā-racanaṁ vidhīyata ity arthaḥ | ,5
708,sa ca śrī-vigraho’nanta-rūpātmaka eva śrutyāntare teṣāṁ rūpāṇām etāvattva-niṣedhāt | tathā hi—mūrtaṁ caivāmūrtaṁ ca [bṛ.ā.u. 2.3.1] ity upakramyāmūrta-rūpasya ca puruṣa-śabdoditasya mahārajanādi-rūpāṇi darśayitvā tad-anantaram—athāta ādeśo neti neti [bṛ.ā.u. 2.3.6] ity atra samāpty-arthatvāt iyattā-vācakena iti-śabdena prakṛta-rūpasya etāvattvaṁ niṣedhati |,5
710,evam āha sūtrakāraḥ—prakṛtaitāvattvaṁ hi pratiṣedhati tato bravīti ca bhūyaḥ [ve.sū. 3.2.22] iti | atra rūpa-mātra-niṣedhe śruty-abhiprete sati mahārajanādi-sadṛśa-rūpam aloka-prasiddhaṁ svayam upadiśya punar niṣedha-kāriṇyās tasyā unmatta-pralapitā syāt sūtrakārasya ca etāvattvam iti saṅkhyātmaka-bhāva-prayogo’samīkṣya kāritāyai bhavet | etad-rūpaṁ ca—niṣedhatīty eva sūcayituṁ kathañcid uktaṁ syād iti |,3
711,tathā utpatti-sthiti-layety-ādi-padye—yad rūpaṁ dhruvam akṛtam [bhā.pu. 5.25.9] iti | yasya śrī-saṅkarṣaṇasya rūpaṁ dhruvam anantaṁ akṛtaṁ cānādi | ata eva varṣādhipopāsanā-varṇane bhavenāpi tad-rūpam adhikṛtyoktam—,5
713,nirīkṣato hy aṇv api dṛṣṭir ajyate | [bhā.pu. 5.17.19] iti |,2
714,"yat tu tatra tad eva rūpam adhikṛtya śrī-śukena—yā vai kalā bhagavatas tāmasi [bhā.pu. 5.25.1] iti | tathā bhavānī-nāthair [bhā.pu. 5.17.16] iti gadye, tāmasīṁ mūrtim ity uktam, tan nijāṁśa-śiva-dvārā tamo-guṇopakārakatvena jñeyam | ",7
715,utpatti-sthiti-laya ity-ādi-padyānantaraṁ śrī-śukenaiva śrī-nārada-vākyam anūktam—mūrtiṁ na puru-kṛpayā babhāra sattvaṁ saṁśuddhaṁ sadasad idaṁ vibhāti yatra [bhā.pu. 5.25.10] iti | tasmān nityam eva sarvaṁ bhagavad-rūpam |,6
716,tathā ca pādmottara-khaṇḍe tat-stutiḥ—anādi-nidhanānanta-vapuṣe viśva-rūpiṇe [pa.pu. 6.239.15] iti |,5
717,"yad atra skāndādau kvacid bhrāmakam asti, tat tu tat-tat-purāṇānāṁ tāmasa-kalpa-kathā-mayatvāt, tat-tat-kalpeṣu ca śrī-bhagavatā sva-mahimāvaraṇād yuktam eva | tad iti na bhagavattva-pratipādana-param, śuṣka-vairāgya-śiva-mahimādi-tātparyakatvāt | tatas tat-paratvābhāvān na tatra yāthārthyaṁ ca | tathāvidhaṁ śivādi-pratipādakaṁ śāstraṁ ca vaiṣṇavair na grāhyam iti skānda eva ṣaṇmukhaṁ prati śrī-śivenoktam—śiva-śāstre’pi tad grāhyaṁ viṣṇu-śāstropayogi yat iti | ata eva pādmottara-khaṇḍādau tathā-vidha-purāṇānām api tāmasatvam evoktam | ",3
718,"na caivaṁ teṣāṁ purāṇānām aprāmāṇyam āpatitam, paramātma-sandarbhe darśayitvāyiṣyāmānena matsya-purāṇa-vacanānusāreṇa tāmasa-rājasa-kalpa-kathāmayatvaṁ teṣāṁ, sāttvika-kalpa-kathāmayatvaṁ tu viṣṇu-pratipādakānāṁ tat-tad-guṇamayatvam iti tat-tat-kalpaṁ prāpya śrī-viṣṇur eva tathātmānaṁ pratyāyata iti | tathā tathaiva ca tat-tat-purāṇaṁ prastauti | tasmād yathā-dṛṣṭam eva tat-tad-vacanaṁ nānyathatvaṁ vahati | kintu sattvāt sañjāyate jñānam [gītā 14.17] iti brahma-kāṇḍasyeva sāttvika-purāṇānāṁ sarvordhva-jñānam ity eva labhyate | tac ca sāttvika-purāṇa eva dṛśyate ca | tad api paramātma-sandarbhe lekhyam | pādma-pātāla-khaṇḍa-vaiśākha-māhātmye ca—vyāmohāya carācarasya jagatas te te purāṇāgamāḥ [pa.pu. 5.97.27] ity uktam | ",12
719,śrī-bhāgavatenāpi—evaṁ vadanti rājarṣe [bhā.pu. 10.77.30] ity-ādinā tādṛśaṁ mataṁ na matam | tad idaṁ tu śrī-kṛṣṇa-sandarbhe viśiṣya sthāpayiṣyāmaḥ | ,3
720,sva-mataṁ tu—satyaṁ śaucaṁ dayā kṣāntir [bhā.pu. 1.16.27] ity-ādinā śrī-pṛthivī-vākyena kānti-maha-ojo-balānām api svābhāvikatvam avyabhicāritvaṁ darśayatā darśitam | naṣṭe loka [bhā.pu. 10.3.25] ity ādinā śrī-devakī-vākyena ca | tasmāt sādhūktaṁ yad rūpaṁ dhruvam akṛtam [bhā.pu. 5.25.9] iti || ,8
721,|| 5.25|| śrī-śukaḥ ||30||,2
726,gopikolūkhale dāmnā babandha prākṛtaṁ yathā || [bhā.pu. 10.9.13-14],2
727,"ṭīkā ca—bandhanaṁ hi bahiḥ-parītena dāmnā antarāvṛtasya bhavati | tathā pūrvāpara-vibhāgavato vastunaḥ pūrvato dāma dhṛtvā paritaḥ pariveṣṭanena bhavati | na tv etad astīty āha—na cāntar iti | kiṁ ca, vyāpakena vyāpyasya bandho bhavati | tac cātra viparītam ity āha—pūrvāparam iti | kiṁ ca, tad-vyatiriktasya cābhāvān na bandha ity āha—jagac ca yaḥ iti | taṁ martya-liṅgam adhokṣajam ātmajaṁ matvā babandheti | ity eṣā ||",3
728,"jagac ca yaḥ ity atra yasya kāraṇasya vyatirekeṇa kāryasya jagato vyatirekaḥ syād iti, tad-ananyasya jagatas tac-chaktyaiva, śaktes tad-aṁśāṁśa-rūpayā rajjvā kathaṁ bandhaḥ syāt ? na hi vahnim arciṣo daheyur iti bhāvaḥ |",2
729,"taṁ martya-liṅgam ity ādau | ṭīkā-kṛtām ayam abhiprāyaḥ—nanu sarva-vyāpakaṁ kathaṁ babandha ? na hi brahmāṇḍa-golakādikam api kaścid badhnāti | tatrāha—martya-liṅgaṁ manuṣya-vigraham | tarhi kathaṁ vyāpakatvam ? tatrāha—adhokṣajam adhaḥ-kṛtam indriyajaṁ jñānaṁ yena, taṁ sarvendriya-jñānāgocaraṁ pratyakṣādi-pramāṇair acintya-svarūpam ity arthaḥ | tasmāt tad-ākāratve’pi tasmin vibhutvam asty eveti bhāvaḥ | adhokṣajatvād evāvyaktatvam api vyākhyātam iti tan noddhṛtam | ",2
730,"nanu manuṣya-vigrahatve’py aparityakta-vibhutvaṁ kathaṁ mātur nāsphurat ? tatrāha—ātmajaṁ matvā iti | vatsalādy-abhidha-prema-rasa-viśeṣasya svabhāvo’yam | yad asau svānanda-pūreṇa tasya tādṛśatvaṁ praty anubhava-paddhatim āvṛṇotīty arthaḥ | itthaṁ cātad-vīrya-kovidatvaṁ tasyā māhātmyam eva, taṁ rajjubhir baddham api kartus tasya prema-rasasyānubhāva-rūpatvāt | tad uktam—nemaṁ viriñco na bhava [bhā.pu. 10.9.20] ity-ādi |",8
731,"prākṛtaṁ yathā ity anena adhokṣajam ity anena ca vastuno vyāpakatvaṁ māyayā tu martya-liṅgatvam ity api parihṛtam | yad dhi tarka-gocaro bhavati, tatraiva kadācid asambhava-rīti-darśanena sābhyupagamyate | yat tu svata eva tad-atītaṁ, tatra tat-svīkṛtir atīva-mūrkhatā | yathā bāḍava-nāmno vahner jala-nidhi-madhya eva dedīpyamānatāyām aindrajālikatā-svīkaraṇam | śrutiś ca—arvāg devā asya visarjanenātha ko veda yata ābabhūva [ṛ.ve. 10.129.6] ity ādyā |",8
737,govindam ādi-puruṣaṁ tam ahaṁ bhajāmi || [bra.saṁ. 5.40] iti |,2
738,śrutiś ca madhva-bhāṣya-pramāṇitā—asthūlo’naṇur amadhyamo madhyamo’vyāpako vyāpako harir ādir anādir aviśvo viśvaḥ saguṇo nirguṇa iti |,3
739,"tathaiva nṛṣiṁha-tāpanī ca—turīyam aturīyam, ātmānam anātmānam, ugram anugram, vīram avīraṁ, mahāntam amahāntaṁ, viṣṇum aviṣṇuṁ, jvalantam ajvalantaṁ, sarvato-mukham asarvato-mukham [nṛ.tā.u. 2.3] ity-ādikā |",3
742,viruddha-dharma-rūpo’sāv aiśvaryāt puruṣottamaḥ || iti ||,2
745,jaṭharāntāyutāṁśānta-sthita-brahmāṇḍa-dhāriṇe || iti ||,2
749,na ca mat-sthāni bhūtāni paśya me yogam aiśvaram | [gītā 9.4-5] iti |,2
756,vātādhva-roma-vivarasya ca te mahitvam || [bhā.pu. 10.14.11],2
761,tavāsti kukṣeḥ kiyad apy anantaḥ || [bhā.pu. 10.14.12],2
767,kintv īśvara tvan na vinirgato’smi || [bhā.pu. 10.14.13],2
773,tac cāpi satyaṁ na tavaiva māyā || [bhā.pu. 10.14.14],2
776,"tarhi sa nārāyaṇas tvaṁ na bhavasīti, mamāpy anyathā nārāyaṇatvam astīti bhavatābhipretaṁ | tat katham ? ity asyottaraṁ tenaiva sambodhanena vyañjayati—adhīśeti | īśaḥ pravartakaḥ | tataś ca nārasya ayanaṁ pravṛttir yasmāt, sa nārāyaṇaḥ | tato’py adhikaiśvaryād adhīśas tvam api nārāyaṇaḥ, yathā maṇḍaleśvaro’pi nṛpatis teṣām adhipo’pi nṛpatir iti | śrī-kṛṣṇasyaiva sākṣāt-svayaṁ-bhagavattvena tasmād api paratvaṁ kṛṣṇa-sandarbhe prabandhena darśayiṣyate | ",3
779,"tasya tāny ayanaṁ pūrvaṁ tena nārāyaṇaḥ smṛtaḥ || iti,",2
782,ayanaṁ tasya tāḥ pūrvaṁ tena nārāyaṇaḥ smṛtaḥ || [vi.pu. 1.4.6],4
784,"tarhi kathaṁ prasiddhi-parityāgenānyathā nirvakṣi ? ity ata āha—satyaṁ neti | tat-pralayodadhi-jalādy-āśrayatvaṁ satyaṁ na, kintu tathā-jñānaṁ tavaiva māyety arthaḥ | māyātra pratāraṇa-śaktiḥ, māyā dambhe kṛpāyāṁ ca iti viśva-prakāśāt | durvitarkya-svarūpa-śaktyaiva paricchinnāparicchinnāyās tvan-mūrter jalādibhir aparicchedād iti bhāvaḥ |",6
787,antar bahiś ca tat sarvaṁ vyāpya nārāyaṇaḥ sthitaḥ || iti ||,2
788,tan-mūrter jalādibhir aparicchede svānubhavaṁ pramāṇayati—,2
792,kiṁ no sapady eva punar vyadarśi || [bhā.pu. 10.14.15],2
794,"yadi ca tad-vapur māyā-mātraṁ, māyā syāc chāmbarī-buddhyor iti trikāṇḍa-śeṣa-rītyā mithyābhivyañjaka-kalā-viśeṣa-darśita-mātraṁ syāt, tarhi kiṁ vā rūḍha-samādhi-yoga-virūḍha-bodhena mayā hṛdi tadaiva suṣṭhu saccidānanda-ghanatvena dṛṣṭaṁ, samādhy-anantaraṁ kiṁ vā punaḥ sapady eva no vyadarśi na dṛṣṭam | atas tvan-mūrter māyāmayatvaṁ deśa-viśeṣa-kṛta-paricchedaś ca satyo na bhavatīty arthaḥ | ",3
796,"atra tac cāpi satyam [bhā.pu. 10.14.14] ity atra, tac cāpi aṅgaṁ satyam eva, na tu virāḍvan māyeti | tac cej jalasthe [bhā.pu. 10.14.15] ity atra ca, taj-jalasthaṁ sad-rūpaṁ tava vapur yadi jagat syāt, prapañcāntaḥ-pāti syād iti vyākurvanti, tasmād evaṁ nārāyaṇāṅgakasya bhagavad-vigrahasya viśvo’pi prapañco’ntarbhūta iti svayaṁ bhagavatā darśitam | śrīmatyā jananyaivānubhūtam ity āha—",5
800,māyātvam eva prakaṭīkṛtaṁ te || [bhā.pu. 10.14.16],2
806,kim idaṁ māyayā vinā || [bhā.pu. 10.14.17],2
808,"ayam arthaḥ—svasya vraje’ntar-bhūtatā-darśanenaiva samaṁ vrajasya svasminn antar-bhūtatāṁ darśayan, tac cāntar-bahir-darśanaṁ kiṁ svapna etad uta deva-māyā [bhā.pu. 10.8.40] ity-ādau śrī-jananyā eva vicāre svāpnikatva-māyikatva-bimba-pratibimbatvānām ayogyatvād ekam evety abhijñāpayan, kiṁ svapna ity-ādāv eva, yaḥ kaścana autpattika ātma-yogaḥ [bhā.pu. 10.8.40] ity anena carama-pakṣāvasitayā durvitarkya-svarūpa-śaktyaiva madhyama-parimāṇa-viśeṣa eva sarva-vyāpako’smīti svayam eva bhagavān jananīṁ prati yugapad ubhayātmakaṁ nija-dharma-viśeṣaṁ darśitavān | ata eva dvitīye gṛhṇīta yad yad upabandham amuṣya mātā ity ādau, pratibodhitāsīt [bhā.pu. 2.7.30] ity uktam | tasmāt tava kukṣau sarvam idaṁ yathā bhāti, iha bahir api tathā, tad-antar-bhūto’pi tad-vyāpako’sīti prakāreṇaiva, tvayi tat sarvaṁ bhātīti | ",19
814,tāvanty eva jaganty abhūs tad amitaṁ brahmādvayaṁ śiṣyate || ,2
817,"katham etad-ākāra-rūpasya mama tādṛśatvam ? tatrāha—eko’si iti | vraja-suhṛd-ādi-rūpaṁ yad yasmād āvirbhūtaṁ, tat tad akhilam adhunā tirodhāna-samaye yena punar anena śrī-vigraha-rūpeṇāvaśiṣyate, tad advayaṁ brahmaivety arthaḥ | aśeṣa- prāpañcikāprāpañcika-vastūnāṁ prādurbhāva-sthiti-tirobhāva-darśanena tal-lakṣaṇākrāntatvād iti bhāvaḥ | tataś cāsya brahmatve siddhe vyāpakatvam api sidhyatīti tātparyam | ",5
822,iva tvam eṣo’nta iva trinetraḥ || [bhā.pu. 10.14.19],2
827,viśvaṁ puruṣa-rūpeṇa paripāti tri-śakti-dhṛk || [bhā.pu. 2.6.30] iti |,2
833,prabho vidhātaḥ sad-anugrahāya ca || [bhā.pu. 10.14.20],2
840,vistārayan krīḍasi yoga-māyām || [bhā.pu. 10.14.21],2
841,"kva vā, kathaṁ vā, kati vā, kadā vā, yoga-māyāṁ dustarkyāṁ cic-chaktiṁ vistārayan tathā tathā pravartayan krīḍasīti bhavata ūtīr līlās trilokyāṁ ko vetti? na ko’pīty arthaḥ | yasyāmataṁ tasya mataṁ mataṁ yasya na veda saḥ [kena.u. 2.3] iti bhāvaḥ | ",3
843,"tathaivākrūreṇa stutaṁ bahu-mūrty-eka-mūrtikam [bhā.pu. 10.40.7] iti | tathā śrutiḥ—ekaṁ santaṁ bahudhā dṛśyamānam iti | tato yadā yādṛśaṁ yeṣām upāsanā-phalodaya-bhūmikāvasthānaṁ, tadā tathaiva te paśyanti | tathā ca—prajñāntara-pṛthaktvavad dṛṣṭiś ca tad uktiṁ [ve.sū. 3.3.50] ity atra brahma-sūtre madhva-bhāṣyam—upāsanā-bhedād darśana-bheda iti | dṛṣṭāntaś ca—yathaikam eva paṭṭa-vastra-viśeṣa-picchāvayava-viśeṣādi-dravyaṁ nānā-varṇamaya-pradhānaika-varṇam api kutaścit sthāna-viśeṣād datta-cakṣuṣo janasya kenāpi varṇa-viśeṣeṇa pratibhātīti | atrākhaṇḍa-paṭṭa-vastra-viśeṣādi-sthānīyaṁ nija-pradhāna-bhāsāntar-bhāvita-tat-tad-rūpāntaraṁ śrī-kṛṣṇa-rūpaṁ, tat-tad-varṇa-cchavi-sthānīyāni rūpāntarāṇīti jñeyam | yathā śrī-nārada-pañcarātre—",12
845,rūpa-bhedam avāpnoti dhyāna-bhedāt tathā vibhuḥ || iti | ,3
851,saṁpaśyator divya-gatir yathā naṭaḥ || [bhā.pu. 8.18.12],2
852,"arthaś cāyam—yad vapuḥ śarīraṁ na kenāpi vyajyate, yā cit pūrṇānandas tat-svarūpam eva, yad vibhūṣaṇāyudhair bhāti, tad vapus tadā prapañce’pi vyaktaṁ yathā syāt tathā adhārayat sthāpitavān | punaś ca, tenaiva vapuṣā vāmano baṭur babhūva hariḥ | eva-kāreṇa pariṇāma-veṣāntara-yogādikaṁ niṣiddham | kadā ? pitroḥ sampaśyatoḥ | tenaiva vapuṣā | tad-bhāve hetuḥ—divyāḥ paramācintyāḥ, yad gataṁ bhavac ca bhaviṣyac ca [bṛ.ā.u. 3.9.3] ity-ādi-śruteḥ | svasminn eva nitya-sthitānāṁ nānā-saṁsthānānāṁ prakāśanāprakāśana-rūpā gatayaś ceṣṭā yasya saḥ | ",7
853,"tatrālaksita-svadharma-mātrollāsāṁśe dṛṣṭānta-leśaḥ—yathā naṭa iti | naṭo’pi kaścid āścaryatamā divyā parama-vismāpikā gatir hastaka-rūpā ceṣṭā yasya tathābhūtaḥ san, tenaiva rūpeṇa vaiṣamyādikam anurīkṛtyāpi nānākāratāṁ yathā darśayati | svargyo naṭo vā divya-gatiḥ | tataś ca tat-tad-anukaraṇaṁ tasyātyanta-tad-ākāram eva bhavati, atra parameśvaraṁ vinā anyasya sarvāṁśe tādṛśatvābhāvāt | na ca dṛṣṭānte khaṇḍatva-doṣaḥ prapañcanīyaḥ | yathā bhakṣita-kīṭa-pariṇāma-lālā-jāta-tantu-sādhano’py ūrṇa-nābhaḥ parameśvarasya jagat-sṛṣṭāv ananya-sādhakatve dṛṣṭāntaḥ śrūyate, yathorṇa-nābhir hṛdayāt [bhā.pu. 11.9.21] ity-ādi, tadvat |",7
858,tat tad vapuḥ praṇayase sad-anugrahāya || [bhā.pu. 3.9.11] iti |,2
861,yāni yāni ca rocante sva-janānām arūpiṇaḥ || [bhā.pu. 3.24.30],2
864,ātmānaṁ darśayāñcakrur māyā viṣṇu-vinirmitā || [bhā.pu. 9.21.15] iti |,2
865,ṭīkā ca—tribhuvanādhīśāḥ brahmādayaḥ māyās tadīya-dhairya-parīkṣārthaṁ prathamaṁ māyayā vṛṣalādi-rūpeṇa pratītāḥ santa ity arthaḥ | ity eṣā | ,3
866,anabhirūpatve hetuḥ—arūpiṇa iti | prākṛta-rūpa-rahitasyeti | ṭīkā ca—aprākṛtatvena kutsitatvāsambhavād iti bhāvaḥ | ,2
874,māyāta udyad api yat sad ivāvabhāti || [bhā.pu. 10.14.22],2
875,"yasmād evaṁ prapañcāprapañca-vastūnāṁ sarveṣām api tattva-vigraho’si, tasmād eva nitya-sukha-bodhana-laksaṇā yā tanus tat-svarūpe’nante tvayy evāśeṣam idaṁ jagad avabhāti ity anvayaḥ | ",9
876,"kathambhūtaṁ ? sat udyad api yat muhur udbhavat tirobhavac ca | yad yasmin muhur jāyate līyate ca, tat tasminn evāvabhāti, bhuvi tad-vikāra iveti bhāvaḥ | ",5
877,"tarhi kiṁ mama vikāritvaṁ ? nety āha—māyāto māyayā tvadīyācintya-śakti-viśeṣeṇa vikārādi-rahitasyaiva, śrutes tu śabda-mūlatvāt [ve.sū. 2.1.17] ity-ādau pariṇāma-svīkārāt | muhur udbhava-tirobhavatvād eva svapnābhaṁ tat-tulyaṁ, na tv ajñāna-mātra-kalpitatvād api, vaidharmyāc ca na svapnādivat [ve.sū. 2.2.29] iti nyāyena | tathā, avidyā-vṛttika-māyā-kāryatvāc ca asta-dhiṣaṇaṁ, jīva-paramātma-jñāna-lopa-kartṛ | ubhayasmād api hetoḥ puru-duḥkha-duḥkhaṁ, tadīya-sukhābhāsasyāpi vastuno duḥkha-rūpatvāt | vinā tvat-sattayā asat-svarūpaṁ, śaśa-viṣāṇa-tulyaṁ | tad evaṁ-bhūtam api sad ivānaśvaram ivābhāti mugdhānām iti śeṣaḥ | upalakṣaṇaṁ caitad vyavahāra-jñāna-maya-mahad-ādy-ātmakatvāt jñānodbodhakam iva svargādy-ātmakatvāt sukham iva ca | ",15
882,gṛheṣu dvy-aṣṭa-sāhasraṁ striya eka udāvahat || [bhā.pu. 10.69.2],2
887,savidhaṁ jagṛhe pāṇin anurūpaḥ svamāyayā || [bhā.pu. 3.3.8] ,2
889,ittham eva pañcame lokādhiṣṭhātuḥ śrī-bhagavad-vigrahasya teṣām [bhā.pu. 5.20.40] ity ādi gadyopadiṣṭasya tādṛśatvaṁ vyākhyātaṁ śrī-svāmi-caraṇaiḥ—mahā-vibhūteḥ pāramaiśvaryasya patitvād ekayaiva mūrtyā samantād āsta iti | ,9
891,yathopayeme bhagavān tāvad-rūpa-dharo’vyayaḥ || [bhā.pu. 10.59.42] ,2
894,sarvathā tat-svarūpaiva sa prakāśa itīryate || [la.bhā. 1.1.21] iti |,4
901,santam ekaṁ dadarśa ha || [bhā.pu. 10.69.41],2
902,"sarva-geheṣu tam eva, na tu tasyāṁśān | ekam eva santaṁ, na tu kāya-vyūhena bahu-rūpam | ekaṁ santaṁ bahudhā dṛśyamānam iti śruteḥ, na cāntar na bahir yasya [bhā.pu. 10.9.11] ity-ādinā vibhutva-siddheś ca | ha sphuṭam eva | dadarśa bhagavad-datta-śaktyā sākṣād evānubhūtavān, na tu kevalam anumitavān nārada iti śeṣaḥ | ",5
907,vismito jāta-kautukaḥ || [bhā.pu. 10.69.42],2
908,tatra ca yogamāyā durghaṭa-ghaṭanī cic-chaktiḥ | tṛtīye sanakādīnāṁ vaikuṇṭha-gamane yogamāyā-śabdena parameśvare tu prayujyamānena cic-chaktir ucyate [bhā.dī. 3.15.26] iti svāmibhir api vyākhyātam asti | ,7
909,"jāta-kautuko munir muhur dṛṣṭvā vismito’bhūt | kāya-vyūhas tāvat tādṛśeṣv api bahuṣv eva sambhavati, taṁ vināpi madhyamākāre’pi tasmin sarva-vyāpakatva apūrvam iti tasyāpi vismayaṁ hetur nānyatheti spaṣṭam eva yathoktaṁ jñeyam | anena sarvataḥ pāṇi-pādaṁ tat [gītā 13.14] iti tādṛśyāṁ śrī-mūrtyām eva vyākhyātaṁ bhavati | ata eva, na sthānato’pi parasyobhaya-liṅgaṁ sarvatra hi [ve.sū. 3.2.11] iti sūtraṁ tattva-vādibhir evaṁ yojitam—",6
910,sthānāpekṣayāpi paramātmano na bhinnaṁ rūpaṁ | hi yasmāt | tad-rūpatvaṁ sarvatraiva | sarva-bhūteṣv evam eva brahma ity ācakṣata iti śruteḥ | ,4
912,aiśvaryād rūpam ekaṁ ca sūryavad badhudheyate || iti mātsyāt |,3
914,samadhigato’smi vidhūta-bheda-mohaḥ || [bhā.pu. 1.9.42] iti bhāgavatāc ca || iti |,4
915,"evaṁ na bhedād iti cen, na, pratyekam atad-vacanāt [ve.sū. 3.2.12] ity etasya, api caivam ekam [ve.sū. 3.2.13] ity etasya ca sūtrasya vyākhyānaṁ tad-bhāṣye dṛśyam || ",7
921,samadhi-gato’smi vidhūta-bheda-mohaḥ || [bhā.pu. 1.9.42],2
924,prādeśa-mātraṁ puruṣaṁ vasantam || [bhā.pu. 2.2.8] ,2
930,"amīlita-dṛg vyadhārayat [bhā.pu. 1.9.30] iti, kṛṣṇa evaṁ bhagavati mano-vāk-kāya-vṛttibhiḥ [bhā.pu. 1.9.43] ity upakramopasaṁhārādibhir atra śrī-vigraha eva prastūyate | tato nedaṁ padyaṁ brahma-paraṁ vyākhyeyam | tad evaṁ paricchinnatvāparicchinnatvayor yugapat-sthiter acaraṁ caram eva ca [gītā 13.14] ity etad apy atra susaṅgacchate | ato vibhutve’pi līlāyā yāthārthyaṁ sidhyati || ",11
934,brahmābhipraiti nityatva-vibhutve bhagavat-tanor || iti | ,4
943,paśyāmy amuṣminn u ha viśva-mūrtau || [bhā.pu. 8.6.8-9],2
945,"tan-mūrteḥ sanātanatvam aparimeyatvaṁ copapādayati—rūpam iti | he puruṣarṣabha! he dhātaḥ ! etat tava rūpaṁ vaidikena tāntrikeṇa ca yogenopāyena śreyo’rthibhiḥ sadā ijyaṁ pūjyaṁ, ato nedam idānīm apūrvaṁ jātam iti bhāvaḥ | ",3
946,"nanu yūyaṁ devāḥ pūjyatvena prasiddhāḥ ? satyaṁ, sarve’py atraivāntarbhūtā ity āha | u aho, ha sphuṭam | amuṣmiṁs tvayi no’smāṁs trilokāṁś ca saha paśyāmi | tatra hetuḥ—viśvaṁ mūrtau yasya, atas tavaitad rūpaṁ paricchinnam api na bhavatīty arthaḥ | ity eṣā |",2
947,"atra nirvāṇa-sukhārṇavāya ity arṇavatva-rūpakeṇa nirvāṇa-sukha-mātratvaṁ nirasya, tato’py adhika-mahā-sukhatvam darśitam | tad uktaṁ śrī-dhruvena—",3
951,kiṁ tv antakāsi-lulitāt patatāṁ vimānāt || [bhā.pu. 4.9.10] iti |,2
952,"tathā aṇor aṇimne iti procya, aparimeya-dhāmne ity ukter acintya-śaktitva-rūpeṇa mahānubhāvatvena sarva-parimāṇādhāratvaṁ tava darśitam iti viśeṣo’pi jñeyaḥ ||",6
958,niṣedha-śeṣo jayatād aśeṣaḥ || [bhā.pu. 8.3.24],2
962,tatrākhilāmara-mayo harir āvirāsīt || [bhā.pu. 8.3.30],2
963,"yasya brahmādayo devā [bhā.pu. 8.3.22-23] ity-ādi-prāktana-padya-dvayena yasmāt sarva-kāraṇa-kāraṇatvaṁ vyañjitaṁ, tasmād devādīnāṁ madhye ko’pi na bhavati | vailakṣaṇyaṁ sāttvikatva-bhautikatvādi-hīnataiva strītva-puruṣatva-hīnatā ca prākṛta-tat-tad-dharma-rāhityam | ata eva na ṣaṇḍha ity uktam | tasmān na ko’pi jantuḥ | ",4
964,"kāraṇa-bhūtaḥ sattvādir guṇaḥ puṇya-pāpa-lakṣaṇaṁ karma ca nety āha—nāyaṁ guṇaḥ karmeti | tayor api pravartakatvād iti bhāvaḥ | kiṁ bahunā, yad atra sat sthūlam asat sūkṣmaṁ, tad ekam api na bhavati, sva-prakāśa-rūpatvād iti bhāvaḥ | kintu sarvasya niṣedhe’vadhitvena śiṣyata iti śeṣaḥ | māyayā tat-tad-aśeṣātmakaś ca jayatāt, mad-vimokṣaṇāyāvirbhavatu iti ṭīkā ca |",3
966,evam āvirbhāvaṁ prārthayamāne śrī-gajendre yad rūpeṇāvirbhūtaṁ tat khalu tādṛśam eva bhavitum arhatīti sādhūktaṁ sthūla-sūkṣma-vastv-atiriktas tava śrī-vigraha iti | anyathā tv apāṇi-pāda-rūpatvenaiva tac cetasy āvirbhūya tad vidadhyāt | tad uktaṁ svecchāmayasya [bhā.pu. 10.14.2] iti | ,4
973,syān me’nudṛśya iha yasya bhavāpavargaḥ || [bhā.pu. 10.64.26],2
974,"ṭīkā ca—he vibho ! sa tvaṁ mamākṣa-pathaḥ locana-gocaraḥ etac citram ity arthaḥ | kim atrāścaryaṁ ? tad āha para ātmā, ata eva yogeśvarair api śruti-dṛśā amala-hṛdi vibhāvyaś cintyaḥ | yato’dhokṣajaḥ akṣajam aindriyakaṁ jñānaṁ tad adhaḥ arvāg eva yasya saḥ | yasya hi bhavāpavargo bhavet tasya bhavān anudṛśyaḥ syāt | uru-vyasanena kṛkalāsa-bhava-duḥkhena andha-buddhes tu mama etac citram ity arthaḥ | ity eṣā |",3
975,darśana-kāraṇaṁ tūktaṁ nārāyaṇādhyātme—,3
977,tām ṛte paramātmānaṁ kaḥ paśyetāmṛtaṁ prabhum || iti |,2
979,na cakṣuṣā paśyati rūpam asya || [kaṭha.u. 2.3.9],3
981,tasyaiṣa ātmā vivṛṇute tanuṁ svām || [kaṭha.u. 1.2.23],2
982,"na sandṛśe tiṣṭhati rūpam asya [kaṭha.u. 2.3.9, śve.u. 4.20] ity-ādikaṁ ca kutracit | evam eva nārāyaṇīye mokṣa-dharme nāradaṁ prati śrī-śvetadvīpa-patinoktam—",4
986,sarva-bhūta-guṇair yuktaṁ naivaṁ tvaṁ jñātum arhasi || [ma.bhā. 12.306.42-43],3
987,"yathā’nyo rūpavān iti hetor dṛśyate, tathāyam apīty etat tvayā na jñeyam | tataś ca svasya rūpitve’py adṛśyatvam uktvā, nija-rūpasyāprākṛtatvam eva darśitam | tad-darśane ca parama-kṛpā-mayy akuṇṭhā mamecchaiva kāraṇam ity āha—icchann iti | naśyeyam adṛśyatām āpadyeyam | tatra svātantryaṁ jagad-vilakṣaṇatvaṁ ca hetum āha—īśa ity ādi | tathāpi māṁ sarva-bhūta-guṇair yuktaṁ yat paśyasi, tad-yuktatvena yat pratyeṣi, eṣā māyā mayaiva sṛṣṭā mama māyayaiva tathā bhānam ity arthaḥ | tasmin—naivam ity-ādi | māyātra pratāraṇa-śaktiḥ | ",7
990,sākṣāt taṁ darśayāmāsa dṛśyo nānyena kenacit || [ma.bhā. 12.323.11] iti |,2
993,yasya prasādaṁ kurute sa vai taṁ draṣṭum arhati || [ma.bhā. 12.323.18] iti |,2
994,tad evaṁ śrutāv apy adṛśyatvādayo dharmāḥ śrī-vigrahasyaivoktāḥ | śruty-antaraṁ ca na cakṣuṣā paśyati rūpam asya [kaṭha.u. 2.3.9] iti || ,3
1000,sva-māyayā tāny anukālam ṛcchati || [bhā.pu. 8.3.8],2
1001,ayam arthaḥ—avasthāntara-prāptir vikāraḥ | tatra prathama-vikāro—janma iti | apūrṇasya nija-pūrty-arthā ceṣṭā—karma iti | mano-grāhyasya vastuno vyavahārārthaṁ kenāpi saṅketitaḥ śabdaḥ—nāma iti | cakṣuṣā grāhyo guṇaḥ—rūpam iti | sattvādi-prākṛta-guṇa-nidāno dravyasyotkarṣa-hetu-dharma-viśeṣa-dharma-viśeṣo guṇa iti prakṛtije loke dṛśyate | ,11
1002,"yasya ca sarvadā svarūpa-sthatvāt pūrṇatvān manaso’py agocaratvāt svaprakāśatvāt prakṛty-atītvāt tāni na vidyante, tathāpi yas tāni ṛcchati prāpnoti tasmai nama [bhā.pu. 8.3.9] ity uttara-ślokenānvayaḥ | ",5
1003,"ata eva śrutyāpi—niṣkalaṁ niṣkriyaṁ śāntam [śve.u. 6.19] ity ādau, aśabdam asparśam arūpam avyayam [kaṭha.u. 1.3.15] ity ādau ca tan niṣidhyāpi sarva-karmā sarva-kāmaḥ sarva-gandhaḥ sarva-rasa [chā.u. 3.14.4] ity ādau vidhīyate | ",7
1004,guṇa-doṣa iti aparamārthatvād guṇa eva doṣa ity arthaḥ | tato rūḍha-doṣas tu sarvathā na sambhavaty eveti vyajyate | tathā ca kaurme—,6
1007,guṇā viruddhā api tu samāhāryāś ca sarvataḥ || iti |,2
1008,"ayam ātmāpahata-pāpmā [chā.u. 8.7.1] ity-ādyāḥ śrutayaś ca, etaṁ saṁyad vāma ity ācakṣate etaṁ sarvāṇi vāmāny abhisaṁyanti, eṣa u eva vāmanīḥ, eṣa hi sarvāṇi vāmāni nayati, eṣa u eva bhāmanīḥ, eṣa sarveṣu vedeṣu bhāti [chā.u. 4.15.2-4] ity ādyā ca | ata eva sarva-gandhaḥ [chā.u. 3.14.4] ity-ādau gandhādi-śabdena saugandhādikam evocyate | ",7
1010,"nanv ekatra teṣāṁ janmādīnāṁ bhāvābhāvayor virodha ity āśaṅkya tad-avirodhe hetum āha—sva-māyayā iti | anyathānupapatti-pramitā dustarkyā svarūpa-śaktir eva tatra hetuḥ | ata eva svarūpa-bhūtatvena tebhyaḥ prākṛtebhyo vilakṣaṇatvāt tāny api na vidyanta iti ca vaktuṁ na śakyata iti bhāvaḥ | yathā śaṅkara-śārīrake samākarṣād [ve.sū. 1.4.15] ity atra nāma-rūpa-vyākṛta-vastu-viṣayaḥ svacchandaḥ prāyeṇa prasiddha iti tad-vyakaraṇābhāvāpekṣayā prāg-utpatteḥ sad eva brahma śrutāv asad ity ucyate ity uktam, tathaiva jñeyam | ",8
1011,ata eva śrī-viṣṇu-purāṇe—guṇāṁś ca doṣāṁś ca mune vyatīta [vi.pu. 6.5.83] ity uktvā punar āha—samasta-kalyāṇa-guṇātmako hi [vi.pu. 6.5.84] iti | tathā—,5
1013,bhagavac-chabda-vācyāni vinā heyair guṇādibhiḥ || [vi.pu. 6.5.79] iti |,2
1016,prākṛtair heya-saṁyuktair guṇair hīnatvam ucyate || iti |,2
1017,na ca sva-māyayā ity anyathārthaṁ mantavyam | ,3
1019,ato māyā-mayaṁ viṣṇuṁ pravadanti sanātanam || [caturveda-śikhā.u] iti śruteḥ ||,4
1020,ātma-māyā tad-icchā syāt iti mahā-saṁhitātaḥ |,2
1022,māyā-śabdena bhaṇyante śabda-tattvārtha-vedibhiḥ || iti śabda-mahodadheḥ |,2
1023,"māyā vayunaṁ jñānam iti nighaṇṭoḥ, māyā syāc chāmbarī-buddhyoḥ iti trikāṇḍa-śeṣāc ca,",5
1027,"guṇa-pravāhaṁ bhagavantam īmahi || [bhā.pu. 10.37.23] iti śrī-nārada-vākyāt,",3
1028,sva-sukha-nibhṛta-  [bhā.pu. 12.12.69] ity-ādi-vaktṛ-hṛdaya-virodhāc ca | tataḥ sarvathā cic-chaktyā ity arthaḥ | ataḥ svāmibhir api yoga-māyā-śabdena cic-chaktir vyākhyātā [bhāvārtha-dīpikā 3.15.26] | ,4
1030,"nanu kathaṁ janma-karmaṇor nityatvam ? te hi kriye | kriyātvaṁ ca prati nijāṁśam apy ārambha-parisamāptibhyām eva sidhyatīti te vinā sva-svarūpa-hāny-āpattiḥ ? naiṣa doṣaḥ | śrī-bhagavati sadaivākārānantyāt prakāśānantyāt janma-karma-lakṣaṇa-līlānantyād ananta-prapañcānanta-vaikuṇṭha-gata-tat-tal-līlā-sthāna-tat-tal-līlā-parikarāṇāṁ vyakti-prakāśayor ānantyāc ca | yata evaṁ satyor api tat-tad-ākāra-prakāśa-gatayos tad-ārambha-samāptyor ekatraiva te te janma-karmaṇor aṁśā yāvat samāpyante na samāpyante vā, tāvad evānyatrāpy ārabdhā bhavatīty evaṁ śrī-bhagavati vicchedābhāvān nitye eva tatra te janma-karmaṇī vartete | tatra te kvacit kiñcid vilakṣaṇatvenārabhyete te kvacid aikarūpyeṇa ceti jñeyam, viśeṣaṇa-bhedād viśeṣaṇaikyāc ca | eka evākāraḥ prakāśa-bhedena pṛthak kriyāspadaṁ bhavatīti citraṁ bataitad ekena vapuṣā [bhā.pu. 10.69.2] ity ādau pratipāditam | tataḥ kriyā-bhedāt tat-tat-kriyātmakeṣu prakāśa-bhedeṣv abhimāna-bhedaś ca gamyate | tathā sati, ekatraikatra līlā-krama-janita-rasodbodhaś ca jāyate |",9
1031,"nanu kathaṁ te eva janma-karmaṇī vartete ity uktaṁ, pṛthag-ārabdhatvād anye eva te ? ucyate—kāla-bhedenoditānām api samāna-rūpāṇāṁ kriyāṇām ekatvam | yathā śaṅkara-śārīrake—dvir-go-śabdobhayam uccaritaḥ, na tu dvau go-śabdau [1.3.28] iti | tathaiva dviḥ pākaḥ kṛto’nena na tu dvidhā pākaḥ kṛto’neneti pratītyā bhaviṣyati | tato janma-karmaṇor api nityatā yuktaiva | ata evāgamādāv api bhūta-pūrva-līlopāsana-vidhānaṁ yuktam | ",5
1032,tathā coktam madhva-bhāṣye—paramātma-sambandhitvena nityatvāt trivikramatvādiṣv apy upasaṁhāryatvaṁ yujyate [3.3.21] iti | anumataṁ caitat śrutyā—yad gataṁ bhavac ca bhaviṣyac ca [bṛ.ā.u. 3.8.4] ity anayaiva | upasaṁhāryatvam upāsanāyām upādeyatvam ity arthaḥ | ,10
1033,"tatra tasya janmanaḥ prākṛtāt tasmād vilakṣaṇatvaṁ prākṛta-janmānukaraṇenāvirbhāva-mātratvaṁ, kvacit tad-ananukaraṇena vā | ajāyamānā bahudhā vijāyate [śukla-yajuḥ 31.17] iti śrutiḥ |  ",4
1036,āvirāsīd yathā prācyāṁ diśīndur iva puṣkalaḥ || [bhā.pu. 10.3.8] iti |,2
1041,stambhe sabhāyāṁ na mṛgaṁ na mānuṣam || [bhā.pu. 7.8.17] iti |,2
1042,kārdamaṁ vīryam āpannaḥ [bhā.pu. 3.24.6] ity atra śrī-kapila-devāvatāra-prasaṅge kardamasya bhakti-sāmarthya-vaśībhūta ity eva vyākhyeyam | vīrya-śabda-nyāsas tu prasiddhaṁ putratvam api śliṣṭaṁ bhavatīty evam arthaḥ | ,2
1043,"tathā karmaṇo vailakṣaṇyaṁ svarūpānanda-vilāsa-mātratvam | tad yathā, lokavat tu līlā-kaivalyam [ve.sū. 2.1.33] iti | vyākhyātaṁ ca tattva-vādibhiḥ, yathā—loke mattasya sukhodrekād eva nṛtyādi-līlā, na tu prayojanāpekṣayā, evam eveśvarasya iti | nārāyaṇa-saṁhitāyāṁ ca—",5
1047,muktā apy āpta-kāmāḥ syuḥ kim utāsyākhilātmanaḥ || iti | ,2
1048,"na conmatta-dṛṣṭāntenāsarvajñatvaṁ prasañjayitavyam, svarūpānandodrekeṇa sva-prayojanam ananusandhāyaiva līlāyate ity etad-aṁśenaiva svīkārāt | ucchvāsa-praśvāsa-dṛṣṭānte’pi suṣupty-ādau tad-doṣāpātāt | tasmāt svarūpānanda-svābhāvikyena tal-līlā | śrutiś ca—devasyaiva svabhāvo’yam āpta-kāmasya kā spṛhā [māṇḍūkya-kārikā 9] iti |",3
1049,atra prākṛta-sṛṣṭy-ādi-gatasya sākṣād-bhagavac-ceṣṭātmakasya vīkṣaṇādi-karmaṇo vastutas tu tathā-vidhatve vaikuṇṭhādi-gatasya kaimutyam evāpatitam | yathoktaṁ nāga-patnībhiḥ avyākṛta-vihārāya [bhā.pu. 10.16.47] iti | ata eva śrī-śukādīnām api tal-līlā-śravaṇe rāgataḥ pravṛttir yujyate | ataś ca—,5
1051,varṇayanti sma kavayo veda-guhyāni hṛt-pateḥ || [bhā.pu. 1.3.35] ,2
1052,"ity atra janma-guhyādhyāya-padye’py evam eva vyākhyeyam | yatreme sad-asad-rūpe [bhā.pu. 1.3.33-4] ity-ādibhyām avyavahita-padyābhyāṁ yathā svarūpa-samyag-jñānenaiva kṛtasyāvidyā-kṛtātmādhyāsa-sad-asad-rūpa-niṣedhasya hetor brahma-darśanaṁ bhavati, yathā ca māyoparatāv eva svarūpa-sampattir bhavatīty uktam, evam eva kavaya ātmārāmāḥ, hṛt-pateḥ paramātmano janmāni karmāṇi ca varṇayanti | tat-tat-pratiṣedhe tad-uparatau caiva satyāṁ taj-janma-karmānubhava-sampattī bhavata ity arthaḥ | sampattir atra sākṣād darśanam | tasmāt svarūpānandātiśayita-bhagavad-ānanda-vilāsa-rūpāṇy eva tānīti bhāvaḥ | ata eva prākṛta-vailakṣaṇyād akartur ajanasya ity uktam | ata eva veda-guhyāni api tānīti | ",16
1053,"yathā akrūra-stutau tvayoditaḥ [bhā.pu. 10.48.23-24] ity-ādi-dvayaṁ ṭīkāyām evettham utthāpitam—nanu tarhi mamāvatārās tac-caritāni ca śukti-rajata-vad avidyā-kalpitāny eva kim ? nahi nahi, iyaṁ tu tava līlety āha dvayena—tvayodita iti iti |",7
1054,tathaiva ca bhagavat-svarūpa-sāmyenoktaṁ vaiṣṇave—,3
1056,yasyākhila-pramāṇānaṁ sa viṣṇur garbhagas tava || [vi.pu. 5.2.19] iti |,4
1057,rūpa-karmeti vā pāṭhāntaram | ittham evābhipretaṁ śrī-gītopaniṣadbhiḥ—janma-karma ca me divyam evaṁ yo vetti tattvataḥ [gītā 4.9] iti |,6
1058,tathā nāmno vailakṣaṇyaṁ vāṅ-manasāgocara-guṇāvalambitvena svataḥ-siddhatvam | tad yathā vāsudevādhyātme—aprasiddhes tad-guṇānām anāmāsau prakīrtitaḥ iti | brāhme—anāmā so’prasiddhatvād arūpo bhūta-varjanāt iti | ,9
1059,ata eva nāma-karma-svarūpāṇi iti pūrvodāharaṇānusāreṇāsyāpi vaiṣṇava-vākyasyāyam evārthaḥ—,3
1063,tataḥ kṛṣṇācyutānanta-viṣṇu-nāmabhir īḍyase || [vi.pu. 5.18.53-54],2
1064,"ity etad-vaiṣṇava-vacanānantaram api na viruddham | tathā hi—atrāpātataḥ pratītārthatāyāṁ kalpanā-śabdo vyarthaḥ syāt, nāma-jāty-ādayo na vidyante ity anenaiva vivakṣitārtha-siddheḥ, svayam eva brahmājādi-śabdānāṁ paramārtha-pratipādaka-nāmatayā svīkṛteś ca, ajām ekāṁ lohita-śukla-kṛṣṇām [śve.u. 4.5] ity-ādiṣv ajāyamānatva-lakṣaṇa-jātiś ca dṛśyata eva | tathā nāmādi-kalpanā na vidyante ity uktyā svayaṁ kṛṣṇādi-nāma-kalpanoktir viruddhā syāt | kalpanayā vā katham īḍyatā syāt ? kalpanāyā aniyatatvāc ca kathaṁ kṛṣṇādinām naiyatyam ucyate ? ",7
1065,"tasmān nāma-karma-svarūpāṇīty anusārāc cāyam arthaḥ—yathā yatra nāma-jāty-ādīnāṁ nāmani kṛṣṇādīni jātayo devatva-manuṣyatva-kṣatriyatvādi-līlāḥ, tad-ādīnāṁ kalpanā na vidyante | kintu sva-saṁsthayā samāpta-sarvārtham [bhā.pu. 10.37.22] ity-ukta-diśā svarūpa-siddha-nitya-śakti-vilāsa-rūpāṇy eva tānīty arthaḥ | tataś ca yato yasmāt sarvasyāpi dṛṣṭasya vastunaḥ kalpanāṁ nāmādi-racanāmṛte’dhigamo vyavahārika-bodho na bhavati | tatas tasmād eva hetoḥ kalpanā-mayaṁ nāma tan-nāminaṁ cārthaṁ sarvam avajñāya nikhila-pramāṇa-paricchedāgocaratvena vedātmatayā svataḥ-siddhaiḥ kṛṣṇādi-nāmopalakṣaṇaiḥ prasiddhair eva nāmabhiḥ svataḥ-siddhas tvam eveḍyase, munibhir vedaiś ca ślāghyase | na tu kalpanā-mayair anyais tvam api ślāghyase, tādṛśa-mahimabhis tair eva tava mahimā vyaktībhavatīti | yad vā, tair eveḍyase vyakta-māhātmīkriyasa iti |",6
1068,"kintu kṛṣṇādīnāṁ caturṇāṁ nāmnāṁ upalaksaṇatvam eva jñeyam | nārāyaṇādi-nāmnām api sāṅketyādau tathā prabhāva-śravaṇāt | varṇā eva tu śabdā iti bhagavān upavarṣaḥ [jai.sū. 1.5.5 śavara-bhāṣye] ity anena, tasya ca nityatvād [ve.sū. 2.4.17] ity anena ca nyāyena varṇatayaiva nityatvam asya veda-sāra-varṇātmaka-nāmnaḥ sidhyati | tathaiva gopāla-tāpanī-śrutau nāma-mayāṣṭadaśākṣara-prasaṅge brahma-vākyam—teṣv akṣareṣu bhaviṣyaj-jagad-rūpaṁ prakāśayann [go.tā.u. 1.26] iti |",7
1069,atrāvara-kāla-jāta-śabdādi-maya-jagat-kāraṇatvena tad-vailakṣaṇyāt svataḥ-siddhatvaṁ tathā bhagavat-svarūpābhinnatvaṁ ca tad-vailakṣaṇyaṁ nāmnaḥ | tad yathā śrutau—oṁ āsya jānanto nāma cid viviktana mahas te viṣṇo sumatiṁ bhajāmahe | oṁ tat sat [ṛ.ve. 1.156.3] ity ādi | ,5
1073,so’pi bandha-ksayān muktiṁ labhec cedi-patir yathā || iti |,2
1074,tathā śrī-bhagavata iva tasya nāmnaḥ sakṛd api sākṣātkāraḥ saṁsāra-dhvaṁsako bhavati | yathā skānde—,3
1076,baddhaḥ parikaras tena mokṣāya gamanaṁ prati || iti |,4
1077,"śrutau ca praṇavam uddiśya—om ity etat brahmaṇo nediṣṭaṁ nāma… yasmād uccāryamāṇa eva saṁsāra-bhayāt tārayati, tasmād ucyate tāraḥ ity-ādi bahutaram | ",3
1078,"na cāsyārtha-vādatvaṁ cintyam, tathārtha-vādo hari-nāmni kalpanam iti padma-purāṇānusāreṇāparādhāpātāt | yasya tu gṛhīta-nāmno’pi punaḥ saṁsāras tasya, ",3
1086,netre jalaṁ gātra-ruheṣu harṣaḥ || [bhā.pu. 2.3.24] ,2
1091,bhṛgu-vara nara-mātraṁ tārayet kṛṣṇa-nāma || iti ||,2
1094,aṣṭākṣara-svarūpena mukheṣu parivartate || iti | ,2
1095,"upaniṣatsu ca praṇavam uddiśya—oṁ ity etad akṣaram idaṁ sarvaṁ [chā.u. 2.23.3], oṁkāra evedaṁ sarvam [mā.u. 1],",6
1103,oṁkāro vidito yena sa munir netaro janaḥ || [āgama-kārikā 26-29] iti |,2
1104,na tu parameśvarasyaiva tat-tad-yogyatā-sambhavād varṇa-mātrasya tathoktiḥ stuti-rūpaiveti mantavyam | avatārāntaravat parameśvarasyaiva varṇa-rūpeṇāvatāro’yam iti asminn arthe tenaiva śruti-balenāṅgīkṛte tad-abhedena tat-sambhavāt | tasmān nāma-nāminor abheda eva | tad uktaṁ pādme—,3
1106,pūrṇaḥ śuddho nitya-mukto’bhinnatvān nāma-nāminoḥ || iti ||,2
1108,"nanu, tathā-vidhaṁ nāmādikaṁ kathaṁ puruṣendriya-janyaṁ bhavati ? na, veda-mātrasya bhagavataiva puruṣendriyādiṣv āvirbhāvanāt | yathoktam ekādaśe svayaṁ śrī-bhagavatā—śabda-brahma sudurbodham [bhā.pu. 11.21.36] ity ārabhya, ",7
1110,bhūteṣu ghoṣa-rūpeṇa viśeṣa-pūrṇeva lakṣyate || [bhā.pu. 11.21.37] iti ||,2
1111,"dvādaśasya ṣaṣṭhe veda-vyasana-prasaṅge, kṣīṇāyuṣaḥ [bhā.pu. 12.6.47] ity ādau | ṭīkā ca—tarhi puruṣa-buddhi-prabhavatvān nādaraṇīyaṁ syād ity āśaṅkyāha hṛdi-sthācyuta-coditeti |  ity eṣā | kasmai yena vibhāsito’yam [bhā.pu. 12.13.19] ity-ādau tad-rūpeṇety-ādivat | ",13
1116,deva kriyāyāṁ pratiyanty athāpi hi || [bhā.pu. 10.2.36] iti ||,2
1119,brahmaṇe darśayan rūpam avyalīka-vratād ṛtaḥ || [bhā.pu. 2.9.4] ity atra |,2
1120,"ṭīkā ca—yac coktam aṣṭamādhyaye parameśvarasyāpi deha-sambandhāviśeṣāt kathaṁ tad-bhaktyā mokṣaḥ syāt ? iti, āsīd yad udarāt padmam [bhā.pu. 2.8.8] ity-ādinā | tatrāha—ātma-tattva-viśuddhy-artham iti | ātmano jīvasya tattva-viśuddhy-arthaṁ tattva-jñānārthaṁ tad bhaved eva | kiṁ tat ? yat tapa-ādinā sva-bhajanaṁ bhagavān brahmaṇa āha | kiṁ kurvan ? ṛtaṁ satyaṁ cid-ghanaṁ rūpaṁ darśayan | darśane hetuḥ—avyalīkena tapasādṛtaḥ sevitaḥ san | ayaṁ bhāvaḥ—jīvasyāvidyayā mithyā-bhūta-deha-sambandhaḥ, īśvarasya tu yogamāyayā cid-ghana-vigrahāvirbhāva iti mahān viśeṣaḥ | atas tad-bhajane mokṣopapattir iti | ity eṣā ||",15
1121,"ata eva, sa tvaṁ tri-loka-sthitaye [bhā.pu. 10.3.20-21] ity-ādi-dvaye śrīmad-ānaka-dundubhināpi samāhitam | atra hy ayam arthaḥ—sa prapañcasya sṛṣṭi-sthiti-pralaya-kartā tvaṁ triloka-sthitaye yadā tasya sthitim icchasi, tadā sva-māyayā svāśritayā māyā-śaktyā kṛtvā, ātmanaḥ śuklaṁ varṇaṁ svena sṛṣṭāṁ dharma-parāṁ viprādi-jātiṁ bibharṣi pālayasi | atra sattva-mayy eva sva-māyā jñeyā, niṣkṛṣṭatvād upayuktatvāc ca | ",17
1122,"atha yadā sargam icchasi, tadā rajasā rajo-mayyā sva-māyayā kṛtvā, upabṛṁhitaṁ raktam kāminaṁ viprādi-varṇaṁ bibharṣi | yadā ca janātyayam icchasi, tadā tamo-mayyā kṛtvā kṛṣṇaṁ malinaṁ pāpa-rataṁ taṁ bibharṣi | athavā, yadā sthitim icchasi, tadātmanaḥ śrī-viṣṇu-rūpasya śuklaṁ śuddhaṁ guṇa-saṅkara-rahitam ity arthaḥ | śiva-brahmavat tasya tat-saṅgābhāvāt | ",11
1123,"tathaiva siddhāntitaṁ śrī-śukadevena—śivaḥ śakti-yutaḥ śaśvat triliṅgo guṇa-saṁvṛtaḥ [bhā.pu. 10.88.3] ity ādau, harir hi nirguṇaḥ sākṣāt puruṣaḥ prakṛteḥ paraḥ [bhā.pu. 10.88.5] ity ādi | ata eva—",5
1125,svakārthānām iva rajaḥ-sattvābhyāṁ sraṣṭṛ-pālakāḥ || [bhā.pu. 10.13.50] iti |,2
1126,"atra sāttvikatva-rājasatve utprekṣite eva, na tu vastutayā nirūpite | varṇaṁ rūpaṁ, na tu kānti-mātram | guṇa-mayatva-svīkāre’pi tat-tad-guṇa-vyañjakākārasyāpy apekṣyatvāt, na tu śvetaṁ varṇam iti vyākhyeyaṁ | śrī-viṣṇu-rūpasya pālanārthaṁ guṇāvatārasya paramātma-sandarbhe kṣīroda-śāyitvena sthāpayiṣyamāṇasya tatra śyāmatvenātiprasiddheḥ, janātyaya-heto rudrasya śvetatātiprasiddhyā tad-vaiparītya-pātāt | tathaiva hi gobhilokta-sandhyopāsanāyām | ato’tra brahmaṇo na śoṇa-varṇatve tātparyam | na ca tat-tad-guṇānāṁ tat-tad-varṇa-niyamaḥ, parama-tāmasānāṁ bakādīnāṁ śuklatva-darśanāt, sāttvika-guṇopāsyānāṁ śrī-bādarāyaṇa-śukādīnāṁ śyāmatva-śravaṇāc ca | sva-māyayā bhakteṣu kṛpayā bibharṣi, jagati dhārayasi, prakaṭayasīty arthaḥ | raktaṁ rajomayatvena sisṛksādi-rāga-bahulam | kṛṣṇaṁ tamomayatvena svarūpa-prakāśa-rahitam ity arthaḥ |",3
1128,tamasas tu rajas tasmāt sattvaṁ yad brahma-darśanam || [bhā.pu. 1.2.24] ity ukteḥ |,4
1129,"nanu, katham anyārthena vākyena loka-bhrāmakaṁ varṇayasi, yataḥ samprati janātyayārthaṁ kṛṣṇo’yaṁ varṇo mayā tamasā gṛhīta ity artho’py āyāti ? tad etad āśaṅkya pariharann āha—tvam asya [bhā.pu. 10.3.21] iti  | nirvyūhyamānā itas tataś cālyamānāḥ | ",14
1132,tamaso yakṣa-rakṣāṁsi tat-kālānuguṇo’bhajat || [bhā.pu. 7.1.8] iti |,2
1133,tasmān na tamaḥ-kṛto’yaṁ varṇa iti rajaḥ-sattvābhyāṁ rakta-śuklāv eva bhavata iti pūrva-pakṣi-matam | tataś ca pāriśeṣya-pramāṇena svarūpa-śakti-vyañjitatvam evātrāpi paryavasyati iti bhāvaḥ | tathaiva tam evārthaṁ śrī-devakī-devy api sambhrameṇa prāg eva vivṛtavatī—rūpaṁ yat tat prāhur avyaktam ādyām [bhā.pu. 10.3.24] iti |,3
1134,atha prakṛtam anusarāmaḥ | tathā guṇasya vailakṣaṇyam ātmārāmāṇām apy ākarṣaṇa-liṅga- gamyādbhuta-rūpatvam | tad yathā śrī-sūtoktau—ātmārāmāś ca munayaḥ [bhā.pu. 1.7.10] ity ādau | harer guṇākṣipta-matir [bhā.pu. 1.7.11] ity-ādi ca | ata evoktaṁ viṣṇu-dharmottare—,5
1140,amāyī hīśvaro yasmāt tasmāt taṁ paramaṁ viduḥ || iti ||,2
1141,"atha na vidyate [bhā.pu. 8.3.8] ity asya prakṛta-ślokasya vyākhyātāvaśeṣaḥ | tad evaṁ svarūpa-śakti-vilāsa-rūpatvena teṣāṁ prākṛtād vailakṣaṇyaṁ sādhitam | tatra āśaṅkate—nanu bhavantu sva-svarūpa-bhūtāny eva tāni, tathāpi svarupasyaiva pūrṇatvāt tat-tat-prāptau kiṁ prayojanaṁ ? tatrāha—lokāpyaya-sambhavāya, loko bhakta-janaḥ, tasyāpyayaḥ saṁsāra-dhvaṁsaḥ, tat-pūrvakaḥ sambhavo bhakti-sukha-prāptiḥ | bhū prāptau, tad-artham | etad apy upalakṣaṇaṁ, nitya-pārṣadānām api bhakti-sukhotkarṣārtham | ",9
1144,svānāṁ cānanya-bhāvānām anudhyānāya cāsakṛt || [bhā.pu. 1.7.25] iti |,2
1145,"asyārthaḥ—yathānye puruṣādayo’vatārāḥ, tathāyaṁ cāvatāraḥ sākṣād-bhagavataḥ śrī-kṛṣṇākhyasya tavaiva prākaṭyaṁ, parama-bhaktāyā bhuvo bhāra-jihīrṣayā jāto’pi, anyeṣāṁ svānāṁ bhaktānām asakṛc ca muhur apy anudhyānāya nija-bhajana-saukhyāya bhavati | ",11
1146,nanu tarhi bhakta-saukhyam eva prayojanaṁ jātam iti pūrṇānandasya tasyeha prayojana-matiḥ kutaḥ [pūrvam uddhṛte mādhva-bhāṣya-dhṛta-nārāyaṇa-saṁhitā-dhṛta-śloke] ity etat katham upapadyeta ? tatrāha—ananya-bhāvānām iti | anyathā sarva-jña-śiromaṇer nirdoṣasya tasya tan-mātrāpekṣakānāṁ teṣām upekṣāyām akāruṇya-doṣaḥ prayujyeta iti bhāvaḥ | ātmārāme’pi kāruṇya-guṇāvakāśo guṇā viruddhā api tu samāhāryāś ca sarvataḥ [kūrma.pu.] iti smaraṇāt vicitra-guṇa-nidhāne śrī-bhagavaty eva sambhavati | tato’nyatra tu sañcarita-tad-guṇāṁśe tadīya eva yaḥ pratipadam eva sāścaryaṁ śruty-ādibhir uccair gīyate | yaś cāviriñcim āpāmara-janam ākarṣann eva vartate | tad uktaṁ svayam eva—,12
1150,bhajāmy amīṣām anuvṛtti-vṛttaye || [bhā.pu. 10.32.19-20] ity ādi |,2
1151,tasmāt parama-samarthasya tasya kṛpā-lakṣaṇaṁ bhakta-jana-sukha-prayojanakatvaṁ nāma ko’pi svarūpānanda-vilāsa-bhūta-paramāścarya-svabhāva-viśeṣa iti mūla-padye’py anukālam ṛcchati ity anenaiva darśitam | ataḥ prayojanāntara-matitvaṁ tu tasmin nāsty eva | tat-prayojanatvaṁ ca tasya parama-samarthasyānanda-vilāsa eveti dik | yathoktam—,5
1153,samarthasya tu tasyaiva sukhāyaiva kṛpālutā || iti ||,2
1159,vidadhati yatra ye tv adhikṛtā bhavataś cakitāḥ || [bhā.pu. 10.87.28],2
1162,vayam api te samāḥ samadṛśo’ṅghri-saroja-sudhāḥ || [bhā.pu. 10.87.23],2
1164,"ānanda-mātram ajaraṁ purāṇam ekaṁ santaṁ bahudhā dṛśyamānaṁ [?], neha nānāsti kiñcana [bṛ.ā.u. 4.4.19] ity-ādi-śruteḥ, ānanda-mātra-kara-pāda-mukhodarādiḥ [nā.pa.] ity-ādi-smṛteś ca | ",6
1165,"nanu, mayi tathābhūta-svarūpa-śaktīnām astitāyāṁ kiṁ pramāṇam ? tatrāhuḥ—akhila-kāraka-śakti-dharaḥ iti | akhilebhyaḥ prāṇibhyaḥ kārakāṇi karaṇāni cakṣur-ādi-golakāni, teṣu śaktīś cendriyāṇi dharasi dadāsīti, tathā sarveṣu teṣu tat-tad-dhāraṇāt tās tu tvayi svataḥ-siddhā avyayāḥ pūrṇā eva santīti bhāvaḥ | tathā ca śrutiḥ—prāṇasya prāṇam uta cakṣuṣaś cakṣuḥ [bṛ.ā.u. 4.4.18] iti ādyā, svābhāvikī jñāna-bala-kriyā ca [śve.u. 6.8] ity ādyā ca |",10
1168,jñānaṁ svataḥ śvasanato bala-bhoja īhā || [bhā.pu. 11.4.4] iti |,2
1169,ata eva vikaraṇatvān neti cet tad uktam [ve.sū. 2.1.32] ity atra sūtrakāro’pi | tad uktam ity anena śrutes tu śabda-mūlatvāt [ve.sū. 2.1.27] ity-ukta-rītyaiva śruty-eka-gamyaṁ tarkātītaṁ tasya vikaraṇatvaṁ sakaraṇatvaṁ ca sādhitavān | śrutiś ca—na tasya kāryaṁ karaṇaṁ ca vidyate [śve.u. 6.8] ity-ādyā |,7
1170,"athavā, akhila-kāraka-śakti-dharo’pi tvam asāv akaraṇa evety anvayaḥ | kutaḥ ? svarāḍ ity-ādi | ataḥ sarvato vilakṣaṇa-mahimatvād animiṣā devā indrādayas tat-pūjyā viśva-sṛjo brahmādayo’pi tava tubhyaṁ balim upahāraṁ tad uccaiḥ śirobhir vahanti | ",21
1171,ajayā teṣām adhikāriṇyā māyayāpi sahitāḥ | sāpi ābhāsa-śakti-rūpā svarūpānanda-śakti-mayāya tubhyam ātma-sampad-udbhāvanārthaṁ balim haratīty arthaḥ | ,2
1172,samadanti ca manuṣyair dattaṁ havya-kavyādi-lakṣaṇaṁ baliṁ bhakṣayanti ca | atra dṛṣṭāntaḥ—varṣa-bhuja iti | varṣaṁ khaṇḍa-maṇḍalam | ,5
1175,bhīṣāsmād agniś cendraś ca mṛtyur dhāvati pañcamaḥ || [tai.u. 2.8.1] iti śruteḥ | ,2
1177,"athāpy āstāṁ mahā-śaktir māyaivāśraya ity ata āhuḥ—ajayā iti | nanu jīvā api nijendriyādhiṣṭhātṝṇām āśrayā bhavanti | tatrāhuḥ—vidadhati iti | viṣaya-bhoga-dvāreṣv indriyeṣu bhavatā viśva-patinā dattādhikārāṇāṁ devānām evādhikāryāḥ katipaya-grāma-bhaumikā iva jīvā iti na teṣām āśrayāḥ, kintu bhavān eva teṣām adhikārakatvād āśraya iti bhāvaḥ ||",5
1183,yā te padābja-makarandam ajighratī strī || [bhā.pu. 10.60.45],2
1184,"atha śrī-bhagavati keśādīnāṁ śrūyamāṇānām ānanda-svarūpatvam, anyeṣāṁ tv abhāva eveti vailakṣaṇyaṁ spaṣṭam eva | ata eva hi hiraṇyakaśipuṁ prati tan-māraka-jana-niṣedha-lakṣaṇa-brahma-vara-dānam api saṅgacchate, vyasubhir vāsumadbhir vā surāsura-mahoragaiḥ [bhā.pu. 7.3.37] iti | na caitat karaṇasya niṣedha-paraṁ, kintu kartur eva, kartṛ-prakaraṇāt, aprāṇibhiḥ prāṇibhir vety uktes tasyaiva prāptatvāt | hantur jīvad-deha-sāmye’pi sa-prāṇa-bhāgān niṣkrāntasya kartanīya-nakhāgra-bhāgasya tyakta-prāṇatvāc ca |",7
1185,"tasmād asmākam aprāṇo hy amanāḥ śubhraḥ [mu.u. 2.1.2] iti, asya mahato bhūtasya niḥśvasitam etad [bṛ.ā.u. 2.4.10] iti ca śrutir nāsaṅgateti | ata evoktaṁ vārāhe—",7
1187,na yogitvād īśvaratvāt satya-rūpo’cyuto vibhuḥ || iti ||,2
1189,"tathā ca prayogaḥ—īśvaraḥ sa-vigrahaḥ jñānecchā-prayatnavat-kartṛtvāt kulālādivat | sa ca vigraho nityaḥ, īśvara-karaṇatvāt taj-jñānādivad iti | ata eva vilakṣaṇatvam api | jīvac-chavam iti caitanya-yogena jīvantaṁ, svatas tu śavam | tataḥ śrī-bhagavad-vigrahas tu cid-eka-rasatvāt sadā jīvann eveti vailakṣaṇyaṁ yuktaṁ, nityānanda-cid-rūpatvād bhajanīyatvaṁ ca yuktam iti bhāvaḥ || ",6
1195,samaṁ paraṁ hy anukūlaṁ bṛhat tat || [bhā.pu. 6.4.32],2
1196,"astīti yogaḥ sthūlopāsanā-śāstram | tatra hi yad bhagavato nāma-rūpitvaṁ śrūyate, tad dṛṣṭa-kalpanā-lāghavād ghaṭa-paṭādi-lakṣaṇākhila-nāma-dheyatvaṁ pātāla-pādādikatvaṁ ceti vidhīyate | nāstīti sāṅkhyaṁ jñāna-śāstraṁ | tatra hi niṣedha-śrutibhis tasya nāma-rūpitvaṁ yan niṣidhyate, tat prāpañcika-nāma-rūpitvasya kalpitatvāt sarvathaiva nāstīti niścīyate | tad uktam ubhaya-matasyaiva prāk—sa sarva-nāmā sa ca viśva-rūpaḥ ity ādinā, yad yan niruktaṁ vacasā nirūpitam [bhā.pu. 6.4.28-29] ity-ādinā ca | astīti nāstīti ca vastuni niṣṭhā yayoḥ | ",12
1197,"tam eva vivādaṁ sphuṭayati—bhinnau, astīti nāstīty evambhūtau viruddhau dharmau yayos tayoḥ | ",5
1198,"nanv āstām anayor bhinna-viṣayatvaṁ, nety āha—eka-sthayoḥ samāna-viṣayayoḥ | tad evaṁ vivāde sati, yat kiñcit samaṁ samañjasatvenaiva avekṣitaṁ pratītaṁ vastu, tad dvayor api bṛhan mahad anukūlaṁ bhavati | kiṁ tat samañjasaṁ ? yat paraṁ nāma-rūpād atyanta-tad-abhāvāc ca vilakṣaṇaṁ, yatra yugapan nāma-rūpitvam anāma-rūpitvam api vaktuṁ śakyate, tad vilakṣaṇaṁ kim api nāma-rūpa-lakṣaṇam eva vastv ity arthaḥ | ",15
1204,nātaḥ paraṁ parama vedmi na yatra vādaḥ || [bhā.pu. 4.9.13] iti |,4
1205,"atra rūpa-śabdasyaivobhayatra viśeṣyatvena, bhūpa rūpam arūpaṁ ca paraṁ cāparam eva ca [vi.pu. 6.7.47] iti vaiṣṇava-vākyānusāreṇa ca | ataḥ paraṁ caturbhujāditva-lakṣaṇaṁ rūpaṁ vapur ity arthaḥ | tac cāgre darśayiṣyate | tan na vedmi, etat-paryantaṁ kālaṁ nājñāsiṣam ity arthaḥ | ",11
1210,bheje sa mahyaṁ paramaḥ prasīdatu || [bhā.pu. 6.4.33],2
1211,"yo nāma-rūpa-rahita eva nāmāni rūpāṇi ca bheje prakaṭitavān | janma-karmabhiḥ saha tāni ca prakaṭitavān ity arthaḥ | vyatireke doṣam āha—ananta iti | yadi tasmin nāma-rūpitvādikaṁ nāsti, tarhi tac-chaktimattvaṁ prati sāntatvam eva prasajyeteti | tad uktaṁ pracetobhiḥ—na hy antas tvad-vibhūtīnāṁ so’nanta iti gīyase [bhā.pu. 4.30.31] iti | ",7
1214,amāyī hīśvaro yasmāt tasmāt taṁ paramaṁ viduḥ || ity ukteḥ |,4
1215,"nanu, sarva-nāma-viśva-rūpatve tad-rāhitye ca santy eva tat-tad-upāsakāḥ pramāṇam | atra tu ke syuḥ ? ity āśaṅkyāha—pāda-mūlaṁ bhajatām anugrahārtham iti | yoga-sāṅkhyayos tat tattvaṁ na samyak prakāśate, kintu bhaktāv eva | bhaktir evainaṁ nayati, bhaktir evainaṁ darśayati ity-ādi-śruteḥ | tasmād yuktaṁ tayor vivāda-mātratvam iti bhāvaḥ | ata eva vakṣyate’nantaram eva—",7
1218,kṛta-pādaḥ suparṇāṁse [bhā.pu. 6.4.35-6] ity-ādeḥ |,2
1219,pāda-mūlaṁ bhajatām ity anena tān prati rūpa-prākaṭyāt pūrvam api rūpam asty eveti vyañjitam | caraṇaṁ pavitraṁ vitataṁ purāṇam ity-ādi-śruteḥ | bheje ity atīta-nirdeśaḥ prāmāṇya-dārḍhyāyānāditvaṁ bodhayati | ananta-padasya ca nāmāni rūpāṇi cānantāny eveti bhāvaḥ | atra prākṛta-nāma-rūpa-rahito’pi iti ṭīkā ca ||,9
1233,yo’nādṛto naraka-bhāgbhir asat-prasaṅgaiḥ || [bhā.pu. 3.9.2-4],2
1234,"ṭīkā ca—nanu tvam api samyak na jānāsi yat tvayā dṛṣṭaṁ rūpam etad api guṇātmakam eva, nirguṇaṁ brahmaiva tu satyaṁ ? tatrāha—rūpam iti dvābhyām | avabodha-rasodayena cic-chakty-āvirbhāvena śaśvan nivṛttam tamo yasmāt, tasya tava yad etad rūpaṁ tvayaiva svātantryeṇa satām upāsakānām anugrahāya gṛhītam āviṣkṛtam | avatāra-śatasya śuddha-sattvātmakasya yad ekaṁ bījaṁ mūlam, tat-pradarśanārthaṁ guṇāvatāra-bījatvaṁ darśayati—yan-nābhīti |",25
1235,"he parama ! aviddha-varcaḥ anāvṛta-prakāśam, ato’vikalpaṁ nirbhedam, ata evānanda-mātram | evam-bhūtaṁ yad bhavataḥ svarūpaṁ, tad ato rūpāt paraṁ bhinnaṁ na paśyāmi, kintv idam eva tat | ataḥ kāraṇāt te tava ada idaṁ rūpam āśrito’smi | ",23
1236,"yogyatvād apīty āha—ekam upāsyeṣu mukhyaṁ, yad viśva-sṛjam | ata eva aviśvaṁ viśvasmād anyat | kiṁ ca, bhūtendriyātmakaṁ bhūtānām indriyāṇāṁ cātmānaṁ kāraṇam ity arthaḥ |",9
1237,"nanv evam api sopādhikam etad arvācīnam evety āśaṅkyāha tad vai tad evedaṁ, he bhuvana-maṅgala ! yatas te tvayā no’smākam upāsakānāṁ maṅgalāya dhyāne darśitam | na hy avyakta-vartmābhiniveśita-cittānām asmākaṁ sopādhikaṁ darśanaṁ dātuṁ yuktam iti bhāvaḥ | atas tubhyaṁ namo’nuvidhema anuvṛttyā karavāma | tarhi kim iti kecin māṁ nādriyante ? tatrāha—yo’nādṛta iti | asat-prasaṅgair nirīśvara-kutarka-niṣṭhaiḥ | ity eṣā ||",16
1238,"atra kalpitam apy arthāntaraṁ yasya vidvad-guṇa-gurutvān na sambhavaty eveti vyañjitam—na hy avyakta-vartmeti | uktaṁ caitat stutitaḥ prāk avyakta-vartmābhiniveśitātmā [bhā.pu. 3.8.33] iti | māṁ nādriyante iti vigraha-rūpaṁ mām ity evārthaḥ, vigrahy eva para-brahmatvena sthāpitatvāt | ata eva ye vigraham etādṛśatayā na manyante, te vidvad-anubhava-viruddha-matayo neśvaram api manyanta iti, ata āha—nirīśvara iti | yata eva—",3
1242,nāpaiṣi nātha hṛdayāmbu-ruhāt sva-puṁsām || [bhā.pu. 3.9.5] ,2
1249,ato hi mām ṛṣabhaṁ prāhur āryāḥ || [bhā.pu. 5.5.19],2
1250,idaṁ manuṣyākāra-śarīraṁ hi niścitaṁ durvibhāvyaṁ durvitarkyaṁ yat tattvaṁ tad eva | yatraiva dharmo bhāgavata-lakṣaṇas tatraiva me hṛdayaṁ manaḥ | yad yasmāt tad-viparītādi-lakṣaṇo’dharmo mayā pṛṣṭhe kṛtaḥ | tataḥ parāṅ-mukho’ham ity arthaḥ | ata eva vaktur asya ṛṣabhadevasya ca sarvāntima-līlāpi vyājenāntardhānam eva prākṛta-loka-pratīty-anusāreṇaiva tu tathā varṇitam | ātmārāmatā-rīti-darśanārtham | tad uktam—yogināṁ sāmparāya-vidhim anuśikṣayan iti [bhā.pu. 5.6.6] | ataḥ svakalevaraṁ jihāsur ity atra kaevara-śabdasya prapañca evārthaḥ | upāsanā-śāstre tasya tathā prasiddheḥ | ,3
1251,tathā—atha samīra-vega-vidhūta-veṇu-vikarṣaṇa-jātogra-dāvānalas tad vanam ālelihānaḥ saha tena dadāha [bhā.pu. 5.6.8] ity asya vāstavārthe tu tena saheti kartṛ-sāhāyye tṛtīyā | gauṇa-mukhya-nyāyena kartary eva prāthamika-pravṛtteḥ | tataś ca dāvānalas tad-vana-varti-tarv-ādi-jīvānāṁ sthūlaṁ dehaṁ dadāha | ṛṣabhadevas tu sūkṣmaṁ deham iti tasya sarva-moksadatvam anusandheyam |,3
1253,kosalās te yayuḥ sthānaṁ yatra gacchanti yoginaḥ || [bhā.pu. 9.11.22] itivat |,2
1260,mama dṛśi-gocara eṣa āvir ātmā || [bhā.pu. 1.9.41],2
1261,ṭīkā ca—eṣa jagatām ātmā mama dṛśi-gocaro dṛṣṭi-pathaḥ sann āviḥ prakaṭo vartate | aho bhāgyam iti bhāvaḥ ity eṣā || ,3
1263,tathaiva ca—rūpaṁ yat tad ity ādau sa tvaṁ sākṣād viṣṇur adhyātma-dīpaḥ [bhā.pu. 10.3.24] iti |,7
1264,"yat tat kim api rūpaṁ vastu prāhur vedāḥ | kiṁ tad vastu ? tad āha—avyaktam ity-ādi...  evambhūtaṁ kim api kārya-kalpaṁ vastu yat, sa eva sākṣād akṣi-gocaras tvaṁ viṣṇur iti | ",14
1265,tathā ca pādme nirmāṇa-khaṇḍe śrī-bhagavantaṁ prati śrī-veda-vyāsa-vākyam—,4
1268,vadanti veda-śirasaś cākṣuṣaṁ nātha me’stu tad || [pa.pu. 5.73.13] iti |,4
1269,"tatra hetuḥ—adhyātma-dīpaḥ, dehi-tat-kāraṇa-kārya-saṅgha-prakāśakatvenāvabhāsana ity arthaḥ | evambhūtasya na tava bhaya-śaṅketi bhāvaḥ ity eṣa prakaraṇānurūpaḥ śrī-svāmi-darśita-bhāvārtho’pi śrī-vigraha-para eva, anyatra bhaya-sambhāvanānutpatteḥ ||",5
1275,api hy upaniṣad-dṛśām || [bhā.pu. 10.13.54],2
1276,"ṭīkā ca—sarveṣāṁ mūrtimattve’py aviśeṣam āha—satya-jñāneti | satyāś ca jñāna-rūpāś ca anantāś ca ānanda-rūpāś ca | tatrāpi tad-eka-mātrā vijātīya-sambheda-rahitāḥ | tatrāpi ca eka-rasāḥ sadaika-rūpā mūrtayo yeṣāṁ te | yad vā, satya-jñānādi-mātraika-rasaṁ yad brahma, tad eva mūrtir yeṣām iti | ata eva upaniṣad ātma-jñānaṁ saiva dṛk cakṣur yeṣāṁ, teṣām api hi niścitam | aspṛṣṭa-bhūri-māhātmyāḥ na spṛṣṭaṁ sparśa-yogyaṁ bhūri māhātmyaṁ yeṣāṁ, te tathā-bhūtāḥ sarve vyadṛśyanteti | ity eṣā |",27
1277,"atra mātra-padaṁ tad-varṇādīnāṁ svarūpāntaraṅga-dharmatvaṁ bodhayati | na hy atrāparasminn arthe mūrti-śabdaḥ kevalātma-para iti svāminaḥ śrī-śuka-devasya vā matam, lakṣaṇāyāḥ kaṣṭa-kalpanāmayatvāt, aspṛṣṭety atra aspṛṣṭeti bhūri-māhātmyeti apīti upaniṣad-dṛg iti pada-catuṣṭayasyaiva vyastasya samastasya ca svārasya-bhaṅga-prasaṅgāt, ukta-prakārānurodhāt, te’cakṣatākṣa-viṣayaṁ sva-samādhi-bhāgyam [bhā.pu. 3.15.38] ity-ady-udāhariṣyamāṇānusārāt, sva-sukha- [bhā.pu. 12.12.69] ity-ādi śrī-śuka-hṛdaya-virodhāc ca | ",9
1278,"ata eva viśuddha-vijñāna-ghanaṁ [bhā.pu. 10.37.20], viśuddha-jñāna-mūrtaye [bhā.pu. 10.27.21], tvayy eva nitya-sukha-bodha-tanau [bhā.pu. 10.14.22] ity-ādi-vākyāni ca na lākṣaṇikatayā kadarthanīyāni |",7
1279,"tathaiva ānanda-mūrtim upaguhya dṛśātma-labdham [bhā.pu. 10.41.25] ity ādau,",3
1281,ānanda-mūrtim ajahād atidīrgha-tāpam || [bhā.pu. 10.48.6] ,2
1282,ity ādau ca darśanāliṅganābyām anyārthatvaṁ vyavacchidyate | uktaṁ ca mahāvārāhe—,3
1286,deha-dehi-bhidā cātra neśvare vidyate kvacit || iti ||,4
1290,jagad-dhitāya so’py atra dehīvābhāti māyayā || [bhā.pu. 10.14.55],2
1291,"enaṁ naumīḍya te’bhra-vapuṣe [bhā.pu. 10.14.1] ity-ādi-varṇita-rūpam avehi mat-prasāda-labdha-vidvattayaivānubhava, na tu tarkādīnāṁ vicārayety arthaḥ | evambhūto’pi māyayā kṛpayā jagad-dhitāya sarvasyāpi svātmānaṁ prati cittākarṣaṇāya dehīva jīva ivābhāti krīḍati | iva-śabdena śrī-kṛṣṇas tu jīvavat pṛthag-dehaṁ praviṣṭavān iti gamyate | ",18
1294,āśīs tathānubhajataḥ puruṣārtha-mūrteḥ [bhā.pu. 4.9.17] ity atra |,2
1295,ṭīkā ca—he bhagavan puruṣārthaḥ paramānandaḥ sa eva mūrtir yasya tasy atava pāda-padmam āśiṣo rājyādeḥ sakāśāt satyā | āśīḥ paramārtha-phalaṁ hi niścitaṁ kasya tena prakāreṇa tvam eva puruṣārtha ity evaṁ niṣkāmatayā anubhjataḥ | ity eṣā ||,3
1301,śābdaṁ brahma dadhad vapuḥ || [bhā.pu. 3.21.7],2
1308,pūrṇo’dvayo mukta upādhito’mṛtaḥ || [bhā.pu. 10.14.23],2
1309,naumīḍya te [bhā.pu. 10.14.1] ity ādinā stutyatvena pratijñā-rūpo’yam abhra-vapur-ādi-lakṣaṇatvam eka eva sarveṣām ātmā paramāśrayaḥ | tad uktam—eko’si prathamam [bhā.pu. 10.14.18] iti iti ca | kṛṣṇam enam avehi tvam ātmānam akhilātmanām [bhā.pu. 10.14.55]iti ca  | yatas tvam ātmā tata eva satyaḥ | paramāśrayasya satyatām abalambyaivānyeṣāṁ satyatvāt tvayy eva satyatvasya mukhyā viśrāntir iti bhāvaḥ | tad uktam—satya-vrataṁ satya-param [bhā.pu. 10.2.26] ity ādi | ,8
1311,satyāt satyaṁ ca govindas tasmāt satyo hi nāmataḥ || [ma.bhā. 5.68.12] ity udyama-parvaṇi ca |,2
1312,"na ca tvayi janmādayo vikārāḥ santīty āha ādyaḥ kāraṇam | eko’si prathamam ity ādau [bhā.pu. 10.14.18] tādṛśatva-dṛṣṭeḥ | ato na janma, kintu pratyakṣatvaṁ harer janma na vikāraḥ kathañcana iti pādma-rītikam eva | ata eva skānde—",9
1314,āropayanti janimat pañca-bhūtātmakaṁ jaḍam || iti ||,2
1315,"ādyatve hetuḥ | puruṣaḥ puruṣākāra eva san purāṇaḥ purāpi navaḥ kāryāt pūrvam api vartamāna ity arthaḥ | śrutiś ca—ātmaivedam agra āsīt puruṣa-vidha [bṛ.ā.u. 1.4.1] iti | ata eva janmāntarāstitva-lakṣaṇaṁ vikāraṁ vārayati nityaḥ sanātana-mūrtiḥ | tathā pūrvavan madhyamākāratve’pi pūrṇa iti vṛddhim | ajasra-sukho nityam eva sukha-rūpa iti pariṇāmam | sukhasya puṁstvaṁ chāndasaṁ, vijñānam ānandaṁ brahma [bṛ.ā.u. 3.9.28] ity atrānandasya napuṁsakatvavat |",5
1316,"tathā akṣara ity apakṣayam | amṛta iti vināśam | pūrṇatve hetuḥ | ananta advaya iti deśa-kāla-pariccheda-rahitaḥ | vastu-pariccheda-rahito’pi | anyasya tac-chaktitvāt taṁ vinānavasthānāt | atrāmṛtatvopapādanāya caturvidha-kriyā-phalatvaṁ ca vārayati | tatrotpattir ādya ity anenaiva nirākṛtā | śiṣṭa-trayaṁ svayaṁjyotir nirañjana upādhito mukta iti pada-trayeṇa | tatra ca prāptiḥ kriyayā jñānena vā bhavet | kriyayā prāptir ātma-padenaiva nirākṛtā, sarva-pratyag-rūpatvāt | tathā jñānataḥ prāptiṁ vārayati | svayaṁjyotir iti | tad uktaṁ brahmāṇaṁ prati śrī-bhagavatā manīṣitānubhāvo’yaṁ mama lokāvalokanam [bhā.pu. 2.9.22] iti | ",3
1317,"ṭīkā ca—etac ca mat-kṛpayaiva tvayā prāptam ity āha | manīṣitam icchā, tubhyaṁ dātavyam iti yā mamecchā tasyā anubhāvo’yam | ko’sau? tam āha—mama lokasyāvalokanaṁ yat | ity eṣā | tad uktam—nityāvyakto’pi bhagavān īkṣyate nija-śaktitaḥ | iti |",6
1318,"nanu, śrī-bhagavatoddhavaṁ prati vāsudevo bhagavatām [bhā.pu. 11.16.29] ity ādikaṁ vibhūti-madhye gaṇayitvā sarvānte manovikārā evaite [bhā.pu. 11.16.41] ity uktam | satyam | tad-gaṇanaṁ prācurya-vivakṣayā kṣatriṇo gacchantītivat | tatraiva hi—",5
1320,vikāraḥ puruṣo’vyaktaṁ rajaḥ sattvaṁ tamaḥ param || [bhā.pu. 11.16.37] ity atra |,2
1321,para-śabdena brahmāpi tan-madhye gaṇitam asti | tad evaṁ prāptir niṣiddhā | atha vikṛtir api tuṣāpākaraṇenāvadhātena vrīhīṇām ivopādhyapākareṇena bhavet | tac cāsaṅgatvān na sambhaved ity āha mukta upādhita iti | tad uktam—viśuddha-jñāna-mūrtaye [bhā.pu. 10.27.21] viśuddha-vijñāna-ghanaṁ [bhā.pu. 10.37.20] ity ādau ca | tasmān mama niśita-śarair vibhidyamāna-tvaci [bhā.pu. 1.9.34] ity-ādikaṁ tu māyika-līlā-varṇanam eva | ,7
1325,na nūnaṁ te samaranty anu || [bhā.pu. 10.77.30] ity ādi nyāyena vāstavatva-virodhāt | ,2
1326,tathā hi skānde—,2
1330,manuṣyān madhyayā dṛṣṭyā na mukteṣu kadācana || iti ||,2
1334,"atha śrī-vigrahasya pūrṇa-svarūpa-lakṣaṇatvaṁ tadvat | atha śrī-vigrahasya pūrṇa-svarūpa-lakṣaṇatvaṁ sādhitaṁ, tac ca yuktam, sarva-śakti-yukta-parama-vastv-eka-rūpatvāt tasya | tatra yo nijāntaraṅga-nitya-dharmaḥ śrī-vigrahatāgamas tat tat saṁsthāna-lakṣaṇas tad viśiṣṭaṁ paramānanda-lakṣaṇaṁ vastv eva śrī-vigrahaḥ | sa eva cāntaraṅga-dharmāntarāṇāṁ, aiśvaryādīnām api nityāśrayatvāt svayaṁ bhagavān, yathā śuddha-khaṇḍa-laḍḍukam | yato yathā laḍḍukatāgamaka-saṁsthāna-viśiṣṭa-khaṇḍam eva laḍḍukaṁ tad eva khaṇḍa-svābhāvika-saugandhyādimac ceti lokaiḥ pratīyate prayujyate ca tathā rūpaṁ yad etat [bhā.pu. 3.9.2] ity ādiṣu paraṁ tattvam eva śrī-vigrahaḥ sa eva ca bhagavān iti vidvadbhiḥ pratīyate prayujyate caiveti |",3
1337,catur-bhujaṁ śaṅkha-gadādy-udāyudham | [bhā.pu. 10.3.9] ity ādi ||,2
1347,sadā sarvatra sarva-gaḥ || [bhā.pu. 6.8.32-33],2
1348,"aikātmyānubhāvānāṁ kevala-parama-svarūpa-dṛṣṭi-parāṇāṁ vikalpa-rahitaḥ paramānandaika-rasa-parama-svarūpatayā sphurann api, yathā yena prakāreṇa, sveṣu sva-svāmitayā bhajatsu yā māyā kṛpā, tayā hetunā, svayaṁ vicitra-śakti-mayena svarūpeṇaiva kāraṇa-bhūtena bhūṣaṇādy-ākhyāḥ śaktīḥ śakti-mayāvirbhāvāt dhatte gocarayati | tenaiva vidvad-anubhava-lakṣaṇena satya-pramāṇena, tad yadi satyaṁ syāt, tadety arthaḥ | tair eva bhūṣaṇādi-lakṣaṇaiḥ sarvaiḥ svarūpair vicitra-svarūpāvirbhāvair naḥ pātu | ",26
1349,ata eva śrī-viṣṇu-dharme bali-kṛta-cakra-stave—yasya rūpam anirdeśyam api yogibhir uttamair ity-ādi | tad-anantaraṁ ca—,3
1351,trailokyam akhilaṁ daityo dṛṣṭavān bhūr bhuvādikam || iti ||,2
1353,atra tṛtīye caityasya tattvam amalaṁ maṇim asya kaṇṭhe [bhā.pu. 3.28.28] ity api sahāyam | ato dvādaśe’pi kaustubha-vyapadeśena svātma-jyotir bibharty ajaḥ [bhā.pu. 12.11.10] ity-ādikaṁ virāḍ-gatatvenopāsanārtham abheda-dṛṣṭyā darśitam eva yathā-sambhavaṁ sākṣāc chrī-vigrahatvenāpy anusandheyam | tathā hi śrī-viṣṇu-purāṇe—,8
1355,bibharti kaustubha-maṇi-svarūpaṁ bhagavān harir || [vi.pu. 1.22.68] iti ||,2
1357,"atha śrī-vaikuṇṭha-lokasyāpi tādṛśatvaṁ tasmai sva-lokaṁ bhagavān sabhājitaḥ [bhā.pu. 2.9.9] ity atra sādhitam eva | punar api durdhiyāṁ pratīty-arthaṁ sādhyate | yataḥ, ",5
1373,mahar-janas-tapaḥ-satyaṁ bhakti-yogasya mad-gatiḥ || ,3
1375,"siddhānāṁ yogādibhiḥ tritayāt paraṁ mahar-lokādi || bhūmer adhaś cātalādi | trilokyāṁ pātālādika-bhūrbhuvaḥ svaś ceti | karmaṇāṁ gārhasthya-dharmāṇāṁ tapo vānaprasthena brahmacaryaṁ ca | tatra brahmacaryeṇopakurvāṇa-naiṣṭhika-bhedena kramān mahar-janaś ca, vānasthena tapaḥ, nyāsena satyaṁ, yoga-tāratamyena tu sarvam iti jñeyam | mad-gatiḥ śrī-vaikuṇṭha-lokaḥ bhakti-yoga-prāpyatvena vakṣyamāṇaḥ, yan na vrajanti [bhā.pu. 3.15.23] ity ādi-vākya-sāhāyyāt loka-prakaraṇāc ca | uktaṁ ca tṛtīye devān prati brahmaṇaiva tat-saṅkulaṁ hari-padān atimātra-dṛṣṭaiḥ [bhā.pu. 3.15.20] ity-ādi | ṭīkā ca—punar vaikuṇṭham eva viśinaṣṭi | yat saṅkulaṁ vyāptaṁ bhavati | kaiḥ ? hari-padayor ānatiḥ praṇāmas tāvan-mātreṇa dṛṣṭair bhaktānāṁ vimānair na karmādi-prāpyaiḥ | ity eṣā |",14
1376,"evam eva śrutiś ca—parīkṣya lokān karma-citān brāhmaṇo nirvedam āyān nāstyakṛtaḥ kṛtena [mu.u. 1.2.12] iti | atrāpy akṛta ity asya viśeṣyaṁ loka ity eva, tat-prasakteḥ | ",8
1377,"īśvaraḥ sarva-bhūtānām [gītā 18.61] ity ādau,",3
1386,padaṁ yathāhaṁ vibudhāḥ kalātyaye || [bhā.pu. 4.24.29],3
1387,"tato’pi puṇyātiśayena mām eti, bhāgavatas tu atha dehānte avyākṛtaṁ, nāma-rūpe vyākaravāṇi [chā.u. 6.3.2] iti śruti-prasiddha-vyākaraṇāviṣayaṁ prapañcātītaṁ vaiṣṇavaṁ padaṁ vaikuṇṭham eti | yathāhaṁ rudro bhūtvādhikārikatayā vartamānaḥ, vibudhā devāś cādhikārikāḥ kalātyaye adhikārānte liṅga-bhaṅge saty eṣyantīti, yāvad adhikāram avasthitir ādhikārikāṇām [ve.sū. 3.3.33] iti nyāyena ||29||",20
1397,sakhā guruḥ suhṛdo daivam iṣṭam || [bhā.pu. 3.25.37-38],3
1401,iti tasmai varān dattvā śriyaś cānvaya-vardhinīm || [bhā.pu. 10.41.51-52] iti |,2
1402,"atas teṣāṁ tatrānāsaktiś ca dyotitā | “avidyā-nivṛtty-anantaram” iti “mama kṛpayācitām” iti ca teṣām anartha-rūpatvaṁ khaṇḍitam | kiṁ vā, māyayācitāṁ brahma-lokādi-gatāṁ sampattim apīti teṣāṁ sarva-vaśīkāritvam eva darśitaṁ, na tu tad-bhogaḥ | tasyāti-tucchatvena teṣv anarhatvāt | śrutiś cātra—tad yatheha karma-jito lokaḥ kṣīyate evam evāmutra puṇya-jito lokaḥ kṣīyate [chā.u. 8.1.6] ity anantaraṁ atha ya ihātmānam anuvidya vrajanty etāṁś ca satya-kāmāṁs teṣāṁ sarveṣu lokeṣu kāma-cāro bhavati iti |",5
1403,"nanv evaṁ tarhi lokatvāviśeṣāt svargādivat bhoktṛ-bhogyānāṁ kadācid vināśaḥ syāt | tatrāha—śānta-rūpe śāntam avikṛtaṁ rūpaṁ yasya tasmin vaikuṇṭhe mat-parās tad-vāsino lokāḥ kadācid api na naṅkṣyanti bhogya-hīnā na bhavanti | animiṣo me hetiḥ madīyaṁ kāla-cakraṁ no leḍhi, tān na grasate, na sa punar āvartate [chā.u. 8.15.1] iti śruteḥ |",3
1407,punar janma na vidyate || [gītā 8.16] iti śrī-gītopaniṣadbhyaḥ |,2
1408,sahasra-nāma-bhāṣye’py uktam—param utkṛṣṭam ayanaṁ sthānaṁ punar-āvṛtti-śaṅkā-rahitam iti parāyaṇaḥ | puṁliṅga-pakṣe bahu-vrīhir iti | ,3
1412,yānty añjasācyuta-padam acyuta-priya-bāndhavāḥ || [bhā.pu. 4.12.37] iti |,2
1416,dvijā dhāmākutobhayam || [bhā.pu. 12.11.19] iti |,3
1421,tamo-layās tu nirayaṁ yānti mām eva nirguṇāḥ || [bhā.pu. 11.25.22],2
1426,tāmasaṁ dyūta-sadanaṁ man-niketaṁ tu nirguṇam || [bhā.pu. 11.25.25],2
1431,śāntānāṁ nyasta-daṇḍānāṁ yato nāvartate gataḥ || [bhā.pu. 10.88.25-26],2
1438,brahma-lokaḥ sanātanaḥ || [bhā.pu. 2.5.39],2
1439,"ṭīkā ca—brahma-lokaḥ vaikuṇṭhākhyaḥ | sanātano nityaḥ, na tu sṛjya-prapañcāntar-varti ity eṣa | brahma-bhūto loko brahma-lokaḥ ||",3
1445,tāṁs tān kṣipanty aśaraṇeṣu tamaḥsu hanta || [bhā.pu. 3.15.23],2
1449,vaiklavya-bāṣpa-kalayā pulakī-kṛtāṅgāḥ || [bhā.pu. 3.15.25],2
1450,"yad vaikuṇṭhaṁ, yac ca no’smākam upari-sthitaṁ, naḥ spṛhaṇīya-śīlā iti vā | dūre yamo yeṣāṁ te siddhatvena dūrīkṛta-yama-niyamāḥ santo vā vrajantīti | bhartur mithaḥ suyaśasaḥ ity anena tathā-vidhāyā bhakter mokṣa-sukha-tiraskāritva-prasiddhiḥ sūcitā | nātyantikaṁ vigaṇayanty apīty ādau, ye’ṅga tvad-aṅghri-śaraṇā bhavataḥ kathāyāṁ kīrtanya-tīrtha-yaśasaḥ kuśalā rasajñā [bhā.pu. 3.15.48] iti sanakādy-ukteḥ |",5
1456,tad brahma paramaṁ viduḥ || [bhā.pu. 11.20.37],2
1457,"me pathaḥ jñāna-karma-bhakti-lakṣaṇān mat-prāpty-upāyān, jñāna-karmaṇor api bhakteṣu bhakteḥ prathamataḥ kvacit kadācit kiñcit sāhāyya-kāritvāt | kṣemaṁ mad-bhakti-maṅgala-mayaṁ yat sthānaṁ paramaṁ brahmeti vidur jānanti | ittham evodāhariṣyate ca—",10
1461,yad dhi paśyanti munayo guṇāpāyo samāhitā || [bhā.pu. 10.28.14-15] iti |,2
1472,hṛdopaguhyārha-padaṁ pade pade || [bhā.pu. 2.2.17-18],2
1473,"atat cid-vyatiriktam | neti netīty evam utsraṣṭum icchavo daurātmyaṁ bhagavad-ātmanor abheda-dṛṣṭiṁ visṛjya, arhasya śrī-bhagavataḥ, padaṁ caraṇāravindaṁ, pade pade pratikṣaṇaṁ hṛdā upaguhya āśliṣya, nānyasmin sauhṛdaṁ yeṣāṁ tathābhūtāḥ santo yad āmananti jānanti, tad vaiṣṇavaṁ padaṁ śrī-vaikuṇṭham iti brahma-svarūpam eva tad iti tātparyam | anena prema-lakṣaṇa-sādhana-liṅgena nirākāra-rūpam arthāntaraṁ nirastam | ",30
1474,"atra nirākāra-parāyaṇasyāpi muktā-phala-ṭīkā-kṛto daivābhivyañjitā gīr yathā—tat paraṁ padaṁ vaiṣṇavam āmananti, adhikṛtādhiṣṭhita-rājādhiṣṭhitatvavat | brahmādi-padānām api | viṣṇunādhiṣṭhitatvāt param ity uktam | viṣṇunaivādhiṣṭhitam ity artha iti | ",4
1475,ata eva śrutāv api tasya sva-mahimaika-pratiṣṭhitatvaṁ sa bhagavaḥ kasmin pratiṣṭhita iti sve mahimni [chā.u. 7.24.1] iti | ata evoktaṁ ka itthā veda yatra saḥ [ka.u. 1.2.25] iti ||,7
1477,ka itthā [ka.u. 1.2.25] ity-ādi-śruter arthatvenāpi spaṣṭam āha—,4
1481,sakarmakam atad-vidaḥ || [bhā.pu. 4.29.48],2
1484,evaṁ ca oṁ namas te’stu bhagavan ity-ādi-gadye—,4
1485,paramahaṁsa-parivrājakaiḥ parameṇātma-yoga-samādhinā paribhāvita-parisphuṭa-pāramahaṁsya-dharmeṇodghāṭita-tamaḥ-kapāṭa-dvāre citte’pāvṛta ātma-loke svayam upalabdha-nija-sukhānubhavo bhavān || [bhā.pu. 6.9.33],2
1486,tamaḥ prakṛtir ajñānaṁ vā | ātma-loke sva-svarūpe loke | eṣa ātma-loka eṣa brahma-lokaḥ [bṛ.ā.u. 4.3.32] iti | divye brahma-pure hy eṣa paramātmā pratiṣṭhitaḥ [mu.u. 2.2.7] ity-ādi-śrutau | ,5
1490,vidanti tat kavayo yoga-niṣṭhāḥ || iti pippalāda-śākhāyām | ,3
1492,bibhrājate yad yatayo viśanti || iti parasyām |,2
1497,viṣṇor yat paramaṁ padam || [nṛ.tā.u. 5.10] iti śrī-nṛsiṁha-tāpanyām | ,2
1510,viveka-jñāna-vṛddhaṁ ca tad viṣṇoḥ paramaṁ padam || [vi.pu. 2.8.93-98],4
1511,tāpanī-śrutau ca yatra na vāyur vātī ity-ādikaṁ prākṛta-tat-tan-mātra-niṣedhātmakaṁ tatrāpi tat-tac-chravaṇāt | ,5
1513,naicchan mukti-pater muktiṁ paścāt-tāpam upeyivān || [bhā.pu. 4.9.29] iti | ,2
1516,bhava-cchidaḥ pāda-mūlaṁ gatvā yāce yad antavat || [bhā.pu. 4.9.31] ,2
1517,iti śrī-dhruvasyāpūrṇaṁ-manyatā śrūyate | tad-ucca-pada-kāmanayaiva tat-prārthitavatā tena labdha-manorathātīta-vareṇāpi sva-saṅkalpam eva tiraskartum uktam iti ghaṭate | tatra hy evoktaṁ śrī-vidureṇa—sudurlabhaṁ yat paramaṁ padaṁ harer [bhā.pu. 4.9.28] iti | svayaṁ śrī-dhruva-priyeṇa—,3
1519,upariṣṭād ṛṣibhyas tvaṁ yato nāvartate gataḥ || [bhā.pu. 4.9.25] iti |,2
1520,"śrī-pārṣadābhyām api—ātiṣṭha jagatāṁ vandyaṁ tad viṣṇoḥ paramaṁ padam [bhā.pu. 4.12.26] iti | śrī-sutena ca—dhruvasya vaikuṇṭha-padādhirohaṇam [bhā.pu. 4.13.1] iti | pañcame jyotiś-cakra-varṇane ca—viṣṇor yat paramaṁ padaṁ pradakṣiṇaṁ prakrāmanti iti [bhā.pu. 5.22.17] | yad viṣṇoḥ paramaṁ padam abhivadanti [bhā.pu. 5.23.1] iti ca | prapañcāntargatatve’pi tad-dharmam uktatvaṁ, vikārāvarti ca tathā hi sthitim āha [ve.sū. 4.4.19] iti nyāyena | ",13
1521,"ato’smin loke prāpañcikasya bahir-aṁśasyaiva pralayo jñeyaḥ | tasya tu tadānīm antardhānam eva | etad ālambyaiva hiraṇyakaśipunoktam—kim anyaiḥ kāla-nirdhūtaiḥ kalpānte vaiṣṇavādibhiḥ [bhā.pu. 7.3.11] iti | ato’dyāpi ye tathā vadanti, te’pi tat-tulyā iti bhāvaḥ |",3
1571,tasya tripād-vibhūtes tu rūpaṁ vakṣyāmi vistarāt || [pa.pu. 6.227.57-80] ity-ādi ||,6
1578,aprākṛtaṁ surair vandyam ayutārka-sama-prabham || iti ||,2
1581,apratyakṣaṁ nirupamaṁ parānandam atīndriyam || iti ||,2
1590,labhante te’cyuta-sthānaṁ śrutir eṣā sanātanī || iti ||,2
1591,skānde śrī-sanat-kumāra-mārkaṇḍeya-saṁvāde—,2
1593,sa yāti viṣṇu-lokaṁ vai dāha-pralaya-varjitam || iti |,2
1594,"atra pada-dhāmādi-śabdena sthāna-vācakena, svarūpe tv arūḍhena yadi kaścit kathañcit svarūpam eva vācayati, tarhy anyatra tat-prasaṅge te’bhigacchanti mat-sthānaṁ yad brahma paramaṁ viduḥ ity-ādau sākṣād eva sthāna-śabda-nigadena tan nirasanīyam | ",3
1595,"yadi tatrāpi ca-kārādy-adhyāhārādi-dainyena pūrva-darśitetihāsa-samuccayasya paraṁ brahmeti yad vidur iti viśeṣaṇa-viruddhaṁ vākya-bhedam evāṅgīkaroti, tarhi sva-mate tatra tatrokta-loka-śabdaḥ sahāyī-kartavyaḥ | ",3
1596,"tataś ca, pada-dhāma-sthāna-loka-rūpāṇāṁ teṣāṁ śabdānāṁ ekatra vastuni prayogāt parasparam anyārthaṁ dūrīkurvantas te kaṁ vā na bodhayanti svam arthaṁ, yathā bhagavān harir viṣṇur ayam iti | ",2
1598,tasmāt oṁ namas te [bhā.pu. 6.9.33] ity ādi-padyam api sādhv eva vyākhyātam ||,3
1605,samīḍitaḥ puṣkara-viṣṭarādibhiḥ || [bhā.pu. 3.19.28],2
1606,sādayitvā hatvā | pavitrāropa-prasaṅge caivam āha bodhāyanaḥ—,3
1608,sa yāti paramaṁ sthānaṁ yatra devo nṛkeśarī || iti |,2
1622,tri-daśānām agamyaṁ tu sthānaṁ divyam iti śrutiḥ || iti ||,2
1628,ramayā prārthyamānena devyā tat-priya-kāmyayā || [bhā.pu. 8.5.4-5],2
1629,"yathā bhagavata āvirbhāva-mātraṁ janmeti bhaṇyate, tathaiva vaikuṇṭhasyāpi kalpanam āvirbhāvanam eva, na tu prākṛtavat kṛtrimatvam, ubhayatrāpi nityatvāt, ity abhiprāyeṇa tat-sāmyenāha—jajña iti | śrī-vikuṇṭhā-sutasyaivedaṁ vaikuṇṭham, mūla-vaikuṇṭhaṁ tu sṛṣṭeḥ prāk śrī-brahmaṇā dṛṣṭam iti dvitīye prasiddham eva | sa tan-niketaṁ parimṛśya śūnyam apaśyamānaḥ kupito nanāda [bhā.pu. 8.19.11] ity uktam | tat-sthānaṁ tu svargādi-gatam eva jñeyam ||",3
1631,"tad evaṁ śrī-vaikuṇṭhasya svarūpa-bhūtatve siddhe, tad-aṅga-bhūtānāṁ śrī-pārṣadānāṁ tādṛśatvaṁ sutarāṁ siddham eva | yuktaṁ caiva tat-sevakānāṁ—nādevo devam arcayet iti tat-sadṛśatā-bhāvanām antareṇoddeśenāpi tat-sevāyām anadhikārāt, sākṣāt tu sākṣād eva tat-sadṛśatvam iti | tad evaṁ nitya-pārṣadānāṁ kaimutyam evāpatitam | ata evāha—",3
1633,vaikuṇṭha-pura-vāsinām | [bhā.pu. 7.1.35],2
1634,janma-hetu-bhūtaiḥ prākṛtair dehendriyāsubhir hīnānāṁ śuddha-sattva-maya-dehānām ity arthaḥ || ,3
1640,śarad-amburuhekṣaṇam || [bhā.pu. 6.9.29],2
1647,kālātmanopanaya māṁ nija-bhṛtya-pārśvam || [bhā.pu. 7.9.24],2
1657,sarve pañcopaniṣat-sva-rūpayā veda-varcasaḥ || [pa.pu. 6.228.1-4] ity-ādi ||,2
1663,nityaṁ sambhogam īśvaryā śriyā bhūmyā ca saṁvṛttam ||  [pa.pu. 6.227.11-13] iti ||,2
1668,puruṣasya duratyayaḥ || [bhā.pu. 2.6.18],2
1669,"amṛtādi-dvayaṁ tat-tṛtīyatvena vakṣyamāṇasya kṣemasyāpy upalakṣaṇam | śrutau ca—utāmṛtatvasyeśāna [ṛk.saṁ. 10.90.2] ity atrāmṛtatvaṁ tad-yugalopalakṣaṇam | atra dharmi-pradhāna-nirdeśaḥ, śrutau tu tatra dharma-mātra-nirdeśasyāpi tatraiva tātparyam | tatrāmṛtaṁ—sva-dṛṣṭavadbhir puruṣair abhiṣṭutam ity ādau paraṁ na yat-param [bhā.pu. 2.9.9] ity-ādy uktānusāreṇa paramānandaḥ | ata eva, amṛtaṁ viṣṇu-mandiram [pa.pu. 6.227.79] iti tat-paryāyaḥ | ",7
1670,abhayaṁ—na ca kāla-vikrama [bhā.pu. 2.9.10] ity-ādi bhaya-mātrābhāvaḥ | ata eva dvijā dhāmākuto-bhayam [bhā.pu. 12.11.19] ity uktam | ,6
1671,"kṣemaṁ, na yatra māyā [bhā.pu. 2.9.10] ity-ādy-uktānusāreṇa bhagavad-bahirmukhatā-kara-guṇa-sambandhābhāvād bhagavad-bhajana-maṅgalāśrayatvaṁ jñeyam | tathā ca nāradīye—",4
1673,dvijendra tava mayy astu bhaktir avyabhicāriṇī || iti ||,2
1674,"ata eva, kṣemaṁ vindanti mat-sthānam [bhā.pu. 11.20.37] ity uktam |",3
1675,"tatra tat-tac-chabdena lakṣaṇā-maya-kaṣṭa-kalpanayā jana-lokādi-vācyatāṁ niṣedhan hetuṁ nyasyati—martyaṁ, brahmaṇo’pi bhayaṁ matto dviparārdha-parāyuṣa [bhā.pu. 11.10.30] ity-ādi-nyāyena maraṇa-dharmakam | ",7
1676,annaṁ karmādi-phalaṁ trilokyādikaṁ | yad yasmād atyagāt atikramyaiva tatra virājata iti | eṣa amṛtādy-aiśvarya-rūpaḥ | duratyayaḥ—brahmacaryādibhiḥ kenacin manasāpy avaroddhum aśakyaḥ ||,2
1681,tri-mūrdhno’dhāyi mūrdhasu || [bhā.pu. 2.6.19],2
1683,"tataḥ pūrvasya martyānna-mātrātmakatvād ekapāttvam, uttarasyāmṛtādi-trayātmakatvāt tripāttvam iti bhāvaḥ | tad anena pādo’sya viśvā bhūtāni tripādasyāmṛtaṁ divi [ṛ.ve. 10.90.3] ity asyārtho darśitaḥ | asya pādas tathāsyaiva divi vaikuṇṭhe yad amṛtādy-ātmakaṁ tripāt tac ca viśvā bhūtānīty arthaḥ | atrādhiṣṭhānādhiṣṭheyayor aikyoktiḥ |",5
1688,gṛha-medho’bṛhad-vrataḥ || [bhā.pu. 2.6.20],2
1689,ca-śabdaḥ ukta-samuccayārthaḥ | prapañcād bahiḥ pādās traya āsann eva prapañcātmakasya caturtha-pādasyaiva vibhāga-vivakṣāyāṁ tu trilokyā bahiś cānye pādās traya āsann ity evaṁ mantre’pi hi tathaiva punaḥ-śabdaḥ | te ke? aprajānāṁ brahmacāri-vanastha-yatīnām āśramāḥ prāpyā ye lokāḥ | ata eva dharma-traya-prāpyatvāt caturṇām api tripāttvam | ,9
1690,"aparas tu caturthaḥ pādas trilokyā antar iti gṛha-medhas tat-prāpyaḥ, yasmād abṛhad-vrato brahmacarya-rahita iti | ",8
1695,puruṣas tūbhayāśrayaḥ || [bhā.pu. 2.6.21],2
1697,vakṣyate ca—yasmād daṇḍaṁ virāḍ jajñe [bhā.pu. 2.6.22] ity-ādinā | tasmāt sarvaiśvaryeṇaika-deśaiśvaryeṇa ca catuṣpāttvam iti bhāvaḥ ||,3
1704,anveṣaṇīya-caraṇau calayan saha-śrīḥ || ,2
1708,chubhrātapatra-śaśi-kesara-śīkarāmbum || ,2
1712,cūḍāmaṇiṁ subhagayantam ivātma-dhiṣṇyam || ,2
1720,hāreṇa kandhara-gatena ca kaustubhena || ,2
1724,nemur nirīkṣya na vitṛpta-dṛśo mudā kaiḥ || ,2
1728,saṅkṣobham akṣara-juṣām api citta-tanvoḥ || ,2
1732,dvandvaṁ nakhāruṇa-maṇi-śrayaṇaṁ nidadhyuḥ || ,2
1736,autpattikaiḥ samagṛṇan yutam aṣṭa-bhogaiḥ || ,2
1741,pitrānuvarṇita-rahā bhavad-udbhavena || ,2
1749,kīrtanya-tīrtha-yaśasaḥ kuśalā rasa-jñāḥ || ,2
1757,yo’nātmanāṁ durudayo bhagavān pratītaḥ || [bhā.pu. 3.15.37-50],3
1759,"evaṁ svānāṁ mahatsu atikramam aparādhaṁ tat-kṣaṇam eva vibudhya, tasmin yatra te sanakādayas tābhyāṁ jaya-vijayābhyāṁ ruddhāḥ | taṁ deśaṁ yayau | āryāṇāṁ hṛdyaḥ manojñaḥ | caraṇau calayann iti | ayaṁ bhāvaḥ—mac-caraṇa-darśana-pratighātajaṁ krodhaṁ tau darśayan śamayiṣyāmīti tvarā-vyājena padbhyām eva yayau | śrī-sāhityaṁ ca niṣkāmān api vibhūtibhiḥ pūrayitvā kṣamāpayitum iti | ity eṣā |",20
1760,atra teṣām ātmārāmāṇām apy ānanda-dānārthaṁ caraṇa-darśanena tasya saccidānanda-ghanatvaṁ | śrī-sāhityena tac-chakti-vilāsasyāpi svarūpānitaratvaṁ vivakṣitam | svānām iti bahu-vacanaṁ dvayor apy aparādhaḥ sarveṣv eva parivāreṣv āpatatīty apekṣayā tayor bahumānād vā | sva-śabdena munīnāṁ na tādṛśaṁ tad-ātmīyatvam iti vivakṣitam || (37),3
1761,"[bhā.pu. 3.15.38] tatra tair dṛṣṭaṁ devam anuvarṇayati pañcabhiḥ—taṁ tv āgatam iti | te sanakādayaḥ | sva-samadhinā bhāgyaṁ bhajanīyaṁ phalaṁ yad brahma, tad eva akṣa-viṣayaṁ | ",9
1763,atha teṣāṁ bhagavad-rater uddīpanatvena citta-kṣobhakatvāt tat-paricchadādīnām api tādṛśatvam āha—haṁsa- iti sārdhais tribhiḥ | keśarā muktā-maya-pralambāḥ | ,9
1764,"kṛtsna-prasāda- [bhā.pu. 3.15.39] iti | kṛtsnasya dvāra-pāla-muni-vṛndasya prasāde sumukham iti, spṛhaṇīyānāṁ guṇānāṁ dhāma sthānam iti ca, tat-tad-guṇānāṁ tādṛśatvaṁ darśitam | snehāvaloketi vilāsasya | svaḥ sukha-bhoga-sthānāni, nityānantānanda-rūpatvāt teṣāṁ cūḍāmaṇim ātma-dhiṣṇyaṁ sva-svarūpa-sthānaṁ śrī-vaikuṇṭham | tādṛśe’py urasi śobhitayā rekhā-rūpayā śriyā kṛtvā subhagayantam iva, tatra bhūṣaṇa-viśeṣaṁ nidadhānam iva | iveti vākyālaṅkāre | anena śrī-vaikuṇṭhasya nityatvaṁ sarvotkṛṣṭatvaṁ ca | ",30
1765,"uktaṁ ca, tad-viśva-gurv [bhā.pu. 3.15.26] ity-ādau, āpuḥ parāṁ mudam ity-ādi | ",5
1769,pratijagmuḥ pramuditāḥ śaṁsanto vaiṣṇavīṁ śriyam || [bhā.pu. 3.16.27-28],2
1770,pītāṁśuke [3.15.40] iti | kāñcyā vana-mālayā cety atrettham-bhūta-lakṣaṇe tṛtīyā ||,5
1771,vidyud [3.15.41] iti | haratā manohareṇa ||,3
1772,"tad evaṁ paricchadādīnām api tādṛśatvaṁ varṇayitvā, punas tasyaivātimanoharatvam āha—atropasṛṣṭam [3.15.42] iti | indirāyā utsmitaṁ garvaḥ | atra bhagavati upasṛṣṭaṁ, asya kāntasya nityena lābhena nityam evādhikam āvirbhāvitam iti [svānāṁ] tadīyānāṁ dhiyā vitarkitam | atra hetuḥ—bahu-sauṣṭhavāḍhyam ananta-svarūpa-rūpa-guṇa-sampadbhir yuktam | ",16
1773,"nanv evambhūtasya lakṣmyā api rahasya-mahā-nidhi-rūpasya parama-vastunaḥ kathaṁ prakāśaḥ sambhavati ? ity ata āha—mahyam iti | mad-ādīnāṁ bhaktānāṁ kṛte aṅgaṁ bhajantaṁ mūrtiṁ prakaṭayantam, asmad-viṣayakam aṅgīkāraṁ bhajantam ity arthaḥ | ",7
1777,"paśyanti kecid aniśaṁ tvad-ananya-bhāvāḥ || [stotra-ratna, 13] itivat |",2
1778,bhaktir evainaṁ nayati bhaktir evainaṁ darśayati ity-ādi-śruteḥ | ,3
1780,tasya [3.15.43] iti | ṭīkā ca—,3
1781,"svarūpānandād api teṣāṁ bhajanānandādhikyam ity āha | tasya padāravinda-kiñjalkaiḥ keśarair miśrā yā tulasī, tasyā makarandena yukto yo vāyuḥ, sva-vivareṇa nāsā-cchidreṇa, akṣara-juṣāṁ brahmānanda-sevinām api, saṅkṣobhaṁ citte’tiharṣaṁ tanau romāñcam | ity eṣā ||",22
1782,atra padayor aravinda-kiñjalka-miśrā yā tulasīti vyākhyeyam | aravinda-tulasyau ca tadānīṁ vana-mālā-sthite eva jñeye | astu tāvad bhagavad-ātma-bhūtānāṁ teṣām aṅgopāṅgānāṁ teṣu kṣobha-kāritvaṁ tat-sambandhino vāyor apīti bhāvaḥ |,3
1784,"so’śnute sarvān kāmān saha brahmaṇā vipaścitā [tai.u. 2.1.2] iti brahma-vedana-phalam avagamayad vākyaṁ parasya vipaścito brahmaṇo guṇānantyaṁ bravīti, vipaścitā brahmaṇā saha sarvān kāmān aśnute | kāmyanta iti kāmāḥ kalyāṇa-guṇāḥ | para-brahmaṇā saha tad-guṇān sarvān aśnute ity arthaḥ | dahara-vidyāyāṁ, tasmin yad antas tad anveṣṭavyam [chā.u. 8.1.1] itivad guṇa-prādhānyaṁ vaktuṁ saha-śabdaḥ || [ve.sū.rā.bhā. 1.1.1] iti |",10
1785,"harṣa-kāritaṁ sambhramam āha dvābhyām—te vā [3.15.44] iti | te vai kila, vadanam eva asita-padma-koṣa īṣad-vikasitaṁ nīlāmbujaṁ taṁ, ut ūrdhva-dṛṣṭyā vīkṣya, labdha-manorathāḥ santaḥ | nakhā eva aruṇa-maṇayaḥ, teṣāṁ śrayaṇam āśraya-bhūtaṁ aṅghri-dvandvaṁ punar avekṣya adho-dṛṣṭyā vīkṣya, punaḥ punar evaṁ vīkṣya yugapat sarvāṅga-lāvaṇya-grahaṇāśakteḥ paścān nidadhyuś cintayāmāsuḥ, “yugapad eva katham idam idaṁ sarvaṁ paśyema ?” ity utkaṇṭhābhiḥ sthāyi-bhāva-poṣakaṁ cintākhyaṁ bhāvam āpur ity arthaḥ ||",25
1786,"puṁsām [3.15.45] iti | bahu-mataṁ brahmaṇo’pi ghana-prakāśatvād atyādarāspadam, bahūnāṁ tattva-dṛśāṁ sammatam iti vā, 2pauṁsnaṁ vapur darśayānam iti | puruṣasya garbhoda-śāyino guṇāvatāra-rūpaṁ śrī-viṣṇv-ākhyaṁ yad vapuḥ, tad-abhinnataḥ svaṁ vapur darśayantaṁ, na tu brahmādivad anyathātvenety arthaḥ | ananyena svenaiva siddhaiḥ svarūpa-bhūtair ity arthaḥ | ata eva autpattikaiḥ, tadvad evānādi-siddhair ity arthaḥ | aṇimādy-aṣṭaiśvarya-yutam viśiṣṭaṁ, na tūpalakṣitam | anena teṣāṁ stuty-āspada-viśeṣaṇatvena aiśvaryopalakṣita-samasta-bhagānāṁ tādṛśatvaṁ vyañjitam | samagṛṇan samyag astuvann ity arthaḥ ||",21
1787,atha śrī-bhagavatas tādṛśa-bhāva-vyañjinīṁ nijāṁ mūrtiṁ teṣām eva sva-hārdābhivyakti-kareṇa stuti-vākyena pramāṇayati—śrī-kumārā ūcur iti | stutim āha—ya [bhā.pu. 3.15.46] iti pañcabhiḥ | atra akṣara-juṣām api [bhā.pu. 3.15.43] ity anusṛtya vyākhyāyate | ,5
1788,"nityaṁ brahma-rūpeṇa prakāśase, na tac citram | idānīṁ tu viśuddha-sattva-laksaṇena svarūpa-śakti-vṛtti-viśeṣeṇa prakāśitayā ghana-prakāśa-para-tattvaika-rūpayā mūrtyā pratyakṣo’si, aho bhāgyam asmākam ity āhuḥ—he ananta ! yas tvaṁ hṛd-gato’pi durātmanām antarhito na sphurasi, sa tvaṁ no’smākam antarhito na bhavasi, nayana-mūlaṁ tv adyaiva rāddhaḥ prāpto’si | ",12
1789,"tathā ca—api saṁrādhane pratyakṣānumānābhyāṁ [ve.sū. 3.2.24] ity asya viṣaya-vākyam, ",3
1793,āvṛtta-cakṣur amṛtatvam icchann || [ka.u. 2.1.1] iti | ,2
1794,"antardhānābhāve hetuḥ—bhavad-udbhavena brahmaṇā tenāsmat-pitrā yarhi yadā eva anuvarṇita-rahā uddiṣṭa-brahmākhya-rahasyaḥ, tadaiva naḥ karṇa-mārgeṇa tad-rūpatayā guhāṁ buddhiṁ gato’sīti | tad uktaṁ—akṣara-juṣām api [bhā.pu. 3.15.43] iti ||",25
1795,"nanu, pitropadiṣṭaṁ bhavatām adṛśyam ātma-tattvākhyaṁ rahaḥ, ahaṁ tv anya eva syāṁ dṛśyatvāt | naivam, asmat-pratyabhijñayā bheda-nirāsād ity āhuḥ—taṁ tvām [bhā.pu. 3.15.47] iti | he bhagavan ! paraṁ kevalam ātma-tattvaṁ brahma-svarūpaṁ tvāṁ vidāma vidmaḥ pratyabhijānīmaḥ | kena pratyabhijānītha? samprati adhunā sattvena, asmāsv etad-rūpāvirbhāvena | etāvantaṁ kālaṁ na jñātavanto vayaṁ, adhunā tu sākṣād-anubhavena niścitavantaḥ sma ity arthaḥ | tvaṁ śuddha-citta-vṛttau brahmavat netre’py asmākaṁ sphurasi, na tu dṛśyatveneti bhāvaḥ | ",21
1796,"na kevalaṁ pratyabhijñā-mātram ity āhuḥ—eṣām asmākaṁ ratiṁ racayantam, anyathā ratir api tvayy asmākaṁ nodbhaved iti bhāvaḥ | nirahaṁ-mānāditvenānyeṣām apy ātmārāmāṇām anyato raty-abhāvam eva dyotayantas tad ātma-tattvam āhuḥ | tatraiva sādhana-vaiśiṣṭyāt kim api vaiśiṣṭyaṁ cāhuḥ—yat tvad-rūpatvenāvirbhavad-ātma-tattvaṁ te’nutāpaḥ kṛpā, tenaiva viditair dṛḍha-bhakti-yogair viduḥ | yad vā, anutāpo dainyaṁ, tena viditais te tava dṛḍha-bhakti-yogaiḥ | ",9
1797,"kīdṛśāḥ ? udgranthayo nirahaṁ-mānāḥ, ata eva virāgāḥ | tad evaṁ pitrānuvarṇita-rahā ity atra rahaḥ-śabdaś catuḥ-ślokī-rītyā prema-bhakter eva vācaka iti vyañjitam ||",6
1798,"atha pūrvam abheda-matayo’pi samprati svarūpānanda-śakti-vilāsair vicitrita-matayo bhūyo’pi bhedātmikāṁ bhaktim eva prārthayituṁ bhaktānāṁ sukhātiśayam āhuḥ—nātyantikam [3.15.48] iti | ātyantikaṁ mokṣa-lakṣaṇaṁ prasādam api, kim utānyad indrādi-padam ||",9
1799,"idānīṁ svāparādhaṁ dyotayanto bhaktiṁ prārthayante—kāmam [3.15.49] iti | he bhagavan ! ataḥ pūrvam asmākaṁ vṛjinaṁ nābhavat | idānīṁ tu sarvāṇy api jātāni, yatas tvad-bhaktau śaptau | atas tair vṛjinair nirayeṣu kāmaṁ no’smākaṁ bhavo janma syāt | anena, tad-adhigama uttara-pūrvārdhayor aśleṣa-vināśau tad-vyapadeśāt [ve.sū. 4.1.13] iti nyāyenāsambhava-tad-bhāvānāṁ brahma-jñāninām api sveṣāṁ bahu-naraka-kāri-vṛjināpāta-kṣamāpaṇena tayor itthambhūta-guṇo hariḥ [bhā.pu. 1.7.11] itivat sarvādbhuta-mahattamatvaṁ sūcitam | aho nirayā api bhaveyur eva, na tāvatāpi paryāptaṁ, tebhyaś ca nāsmākam api bhayam | ",16
1800,"atra tu mūlaṁ duṣphalaṁ bhagavat-parāṅ-mukhī-bhāva eva, sa tv asmākaṁ mābhūd iti sa-kāku prārthayante | nu vitarke | yadi tu naś cetas te padayo rameta, tatrāpy alivad eva kevala-tan-mādhuryāsvādāpekṣayā, na tu brahmātmānubhavāpekṣayā | evaṁ vācaś cety-ādi | ",13
1802,"tathāpītthaṁ kṛtārthatvam asmākam aticitram ity āhuḥ—prāduḥ [3.15.50] iti | anātmanām ātmanas tava ekānta-bhakti-rahitānām aprakaṭo’pi it itthaṁ yaḥ pratīto’si, tasmai tubhyaṁ nama idaṁ vidhemeti | ",3
1803,tatraitad uktaṁ bhavati | ete brahma-vidyā-siddhānāṁ parāvara-gurūṇām api guravaḥ | ata eva paramahaṁsa-mahā-munīnām [bhā.pu. 3.15.37] ity uktam |,3
1806,sanandanādyair hṛdi saṁvibhāvyam [bhā.pu. 9.8.23],3
1807,"iti śrīmad-aṁśumad-vākyādau, ihātma-tattvaṁ samyag jagāda munayo yad acakṣatātmann [bhā.pu. 2.7.5] iti brahma-vākyādau, tasmai mṛdita-kaṣāyāya tamasaḥ pāraṁ darśayati bhagavān sanat-kumāraḥ [chā.u. 7.26.2] ity-ādi-śrutau ca tathā prasiddham | ",5
1810,svāpnaṁ punar na bhajate pratibuddha-vastuḥ || [bhā.pu. 3.28.38] iti śrī-kapila-deva-vākyāt |,2
1811,"ata eva teṣāṁ pradhvasta-māyā-guṇa-bheda-mohānāṁ krodhādikam api durghaṭa-ghaṭanā-kāriṇyā śrī-bhagavad-icchayaiva jātam iti tair api vyākhyātam | tad evaṁ teṣāṁ satata-brahmānanda-magnatvaṁ siddham | tad uktam—akṣara-juṣām api [bhā.pu. 3.15.43] iti, yo’ntarhita [bhā.pu. 3.15.46] ity-ādi ca | śrūyate cānyatra brahma-juṣām avikṣipta-cittatvam | yathā saptame śrī-nārada-vākyam—",5
1813,cittaṁ brahma-sukha-spṛṣṭaṁ naivottiṣṭheta karhicit || [bhā.pu. 7.15.35] iti |,2
1814,tathāpi teṣāṁ bhagavad-ānandākṛṣṭa-cittatvam ucyate | evam anyeṣām apy ātmārāmāṇāṁ tādṛśatvaṁ śrūyate | sva-sukha-nibhṛta-cetās tad-vyudas tāny abhāvo’py ajita-rucira-līlākṛṣṭa-sāraḥ [bhā.pu. 12.12.69] ity-ādiṣu |,3
1815,"atha loka-saṅgrahārthair vaiṣā teṣāṁ bhakti-prakriyā, prācīna-saṁskāra-vaśā vā ? naivam | ubhayatrāpi, vāso yathā parikṛtaṁ madirā-madāndha [bhā.pu. 3.28.37] itivat tatrāveśāsambhavāt | dṛśyate tv anyatrānāveśaḥ—",7
1817,cerur vihāyasā lokān lokeṣu vigata-spṛhāḥ [bhā.pu. 3.15.12] ity abhidhānāt | ,2
1818,"bhagavati tv āveśaḥ, paramahaṁsa-mahā-munīnām anveṣaṇīya-caraṇau [bhā.pu. 3.15.37] ity atra yādṛcchikatāvirodhy anveṣaṇīyatvābhidhānāt | ",3
1819,"pañcame tu, asaṅga-niśita-jñānānala-vidhūtāśeṣa-malānāṁ bhavat-svabhāvānām ātmārāmāṇāṁ munīnām anavarata-pariguṇita-guṇa-gaṇa [bhā.pu. 5.3.11] ity atra gadye tad-eka-niṣṭhatvam apy uktam | ajita-rucira-līlākṛṣṭa-sāraḥ [bhā.pu. 12.12.69] ity atraiva ca | atrāpi teneśa nirvṛtim avāpur alaṁ dṛśo naḥ [bhā.pu. 3.15.50] ity-ādau sukhadatvam api sākṣād evoktam | ",7
1820,"atra pūrvokta-hetoś ca, stutau pratyutopālambha-prasaṅgāc ca, snehāvaloka-kalayā hṛdi saṁspṛśantam [bhā.pu. 3.15.39] iti sākṣād-ukteś ca, dṛśām eva sukhaṁ jātam ity anāsaktir eva vyañjitety api na vyākhyeyam | ",3
1821,"tasmād ātmārāmāṇāṁ ramaṇāspadatvād brahmākhyam ātma-vastv eva śrī-bhagavān | tatrāpi cakāra teṣāṁ saṁkṣobham akṣara-juṣām api citta-tanvoḥ [bhā.pu. 3.15.43] iti śravaṇāt tato’pi ghana-prakāśaḥ | tat-tad-vicitra-śrī-bhagavad-aṅgopāṅgādy-abhiniveśa-darśanānanda-vaicitrī copalabhyate, sā cānyathānupapattyā svarūpa-śakti-vilāsa-rūpaiveti |",3
1824,"kiṁ ca, śuddha-sattva-mayā vigrahādi-lakṣaṇopādhaya iti vadatas tava ko’bhiprāyaḥ ? kiṁ tat-pariṇāmās te, tat-pracurā vā ? nādyaḥ, rajo’sad-bhāvena pariṇāmāsambhava iti hy uktam | na cāntyaḥ, yeṣu vigrahādiṣu tat-prācuryaṁ te miśra-sattvasya kārya-bhūtā ity arthāpattau, sattvaṁ viśuddhaṁ śrayate bhavān sthitau [bhā.pu. 10.2.34] ity-ādi-vacana-jāte viśuddha-pada-vaiyarthyam iti coktam eva | astu vā vimiśratvaṁ, tathāpi tādṛśe brahma-sphuraṇa-yogyataiva na sambhavet, kiṁ punar viśeṣeṇety uddeśya-vismṛtiś ca syāt | ",5
1825,"athākhaṇḍa-viśuddha-sattvāśrayatvena te’pi tad-rūpatayaivocyante | tataś ca te svanubhūtākhaṇḍa-śuddha-sattve tasmin brahmānubhavantīti cet, tad ayuktaṁ, kalpanā-gauravāt, te’cakṣatākṣa-viṣayaṁ sva-samādhi-bhāgyam [bhā.pu. 3.15.38] iti sākṣād eva gocarī-kṛtatvenoktatayā paramparā-dṛṣṭatva-pratighātāc ca | tasya śuddha-sattvasya prākṛtatvaṁ tu niṣiddham eva | tasmān na te prākṛta-sattva-pariṇāmāḥ, na vā tat-pracurāḥ, kintu sva-prakāśatā-lakṣaṇa-śuddha-sattva-prakāśitā iti prāktanam evoktaṁ vyaktam | ",3
1826,"ata eva teṣām upādhitva-nirākṛtes tat-tad-anubhavānanda-vaicitrī ca sampadyate | tathaiva tam evam evambhūtam acakṣata [bhā.pu. 3.15.38] iti tat-tad-viṣaya-saundarya-varṇanaṁ prastutopakāritvāt sārthakaṁ syāt, akhaṇḍa-śuddha-sattva-maya-mātreṇaivābhipreta-siddheḥ | ata eva nirīkṣya ca na vitṛpta-dṛśaḥ [bhā.pu. 3.15.42] iti dṛk-sambandhitvād rūpa-kṛtaivātṛptir uktā | ",5
1827,"tathaiva ca, śabdenaivākṣara-jayitvaṁ padāravinda-parimalātmaka-vāyu-lakṣaṇasya tad-viśeṣasya darśitam | anyathobhayatrāpi brahmānandasyaiva nirviśeṣatayopalabhyamānatve vidyā-juṣām apīty upādhi-pradhānam evocyate, upādhi-yugalasyaiva mithaḥ-spardhitva-prāpteḥ | anenākṣarānubhava-sukha-jayitva-kathanena vaśiṣṭhādīnaṁ putra-śokādikam iva tad-āveśābhāsa evāyam ity api nirastam | ata evam evoktaṁ śrī-svāmibhir api—svarūpānandād api teṣāṁ bhajanānandādhikyam āha iti |",3
1828,"tasmād asti vaicitryam api | ata eva tair api vicitratayaiva prārthitaṁ—ceto’livad yadi nu te padayo rameta [bhā.pu. 3.15.49] ity ādau | akke cen madhu vindeta kim arthaṁ parvataṁ vrajet iti nyāyena tad-upādhy-antarānveṣaṇa-vaiyarthyāt, teṣām atad-anveṣaṇa-kautukābhāvāc ca | ",5
1829,"kiṁ ca, na teṣām abhedātmako’nubhavo vā dṛśyate, pratyuta nemur nirīkṣya na vitṛpta-dṛśo mudā kaiḥ [bhā.pu. 3.15.42], kāmaṁ bhavaḥ sva-vṛjinair nirayeṣu naḥ stāt [bhā.pu. 3.15.49] ity-ādāv abhedasya tat-pratiyogi-namaskārādy-upalakṣita-bhedātmaka-bhakti-sukham eva dṛśyate | tasmān māyikopādhi-nirhīnatvād dheyāṁśatayā pratibhātatvāc ca na taj-jātīyaṁ sukham apy anya-jātīyaṁ kartuṁ śaknotīti santy evānyathānupapatti-siddhāyāḥsvarūpa-śakter eva vilāsāḥ | ",5
1830,"api ca—astu tāvaj jīvan-mukta-daśāyāṁ tan-mate vidyopādhi-pratiphalitasyaiva sato brahmaṇaḥ sakāśāt śrī-bhagavato ghana-prakāśatā, sarvopādhi-vinirmukta-mukti-daśāyām api sākṣāt tādṛśatāsty eveti suvyaktaṁ, nātyantikaṁ vigaṇayanty api te prasādam [bhā.pu. 3.15.48] ity-ādau | ",3
1831,"ata eva yaḥ kaścid api jalpati—jñānākārāyāṁ premākārāyāṁ ca citta-vṛttau brahma prakāśate, tatra tūttarasyām upādhi-vaiśiṣṭyāt prakāśa-vaiśiṣṭyam ity atraiva puruṣārtha-sāratvaṁ tatra tatrocyata iti tad api svayam eva bahiṣkṛtam | tasmān nopādhi-tāratamya-cintā | bhavataḥ kathāyāḥ [bhā.pu. 3.15.48] ity anena nirupādhi-brahma-bhūyād upari ca vaicitrī sphuṭam evāsau svīkṛtā | ",5
1832,"tasmāt sāntaraṅga-vaibhavasya bhagavataḥ sukhaika-rūpatvaṁ, tad-rūpatve’pi brahmato’pi ghana-prakāśatvaṁ, svarūpa-śakit-vilāsa-vaicitrī ceti vidvad-anubhava-pramāṇena nirṇītam | tatra, muktā api līlayā vigrahaṁ kṛtvā bhajanta iti, yaṁ sarve devā āmananti mumukṣavo brahma-vādinaś ca [nṛ.tā.u. 1.2.4] ity atra śrutāv advaita-vāda-guravo’pi | kṛṣṇo muktair ijyate vīta-mohaiḥ iti bhārate |",12
1836,mad-bhaktiṁ labhate parām || [gītā 18.54] iti śrī-bhagavad-gītopaniṣatsu |,2
1837,muktānām api bhaktir hi nityānanda-svarūpiṇī iti bhārata-tātparye pramāṇitā śrutiś ca | tathā ā prāyaṇāt tatrāpi hi dṛṣṭam [ve.sū. 4.1.12] ity atra ca madhva-bhāṣya-pramāṇitā sauparṇa-śrutiḥ—sarvadainam upāsīta yāvan-mukti muktā hy enam upāsata iti | ,6
1838,"ata eva śrī-prahlāda-bali-prabhṛti-mahā-bhāgavata-sambandham abhipretya śrī-viṣṇu-purāṇe’py uktaṁ, pātāle kasya na prītir vimuktasyāpi jāyate [vi.pu. 2.5.7] iti |",3
1841,athānayāpi na bhavata ijyayoru-bhāra-bharayā samucitam artham ihopalabhāmahe | ātmana evānusavanam añjasāvyatirekeṇa bobhūyamānāśeṣa-puruṣārtha-svarūpasya || [bhā.pu. 5.3.7-8	],3
1842,"ṭīkā ca—ātmanaḥ svata evānusavanaṁ sarvadā añjasā sākṣād bobhūyamānā atiśayena bhavanto ye aśeṣāḥ puruṣārthāḥ, te svarūpaṁ yasya paramānandasya ity eṣā | śrutiś ca—sarva-kāmaḥ sarva-gandhaḥ sarva-rasaḥ [chā.u. 3.14.2] ity ādau ||",16
1843,|| 5.3 || ṛtvig-ādayaḥ śrī-yajña-puruṣam ||80||,2
1852,akṛtārtha iva prabho || [bhā.pu. 1.5.4],2
1857,snātasya me nyūnam alaṁ vicakṣva || [bhā.pu. 1.5.7],2
1862,manye tad darśanaṁ khilam || [bhā.pu. 1.5.8],2
1866,na cārpitaṁ karma yad apy akāraṇam || [bhā.pu. 1.5.12],2
1870,namaḥ saṅkarṣaṇāya ca || [bhā.pu. 1.5.37],2
1874,sa samyag darśanaḥ pumān || [bhā.pu. 1.5.38],2
1875,"ślokā amī bahubhiḥ saṁmiśrā apy avistaratvāya jhaṭity artha-pratyayasya ca saṁkṣipyaiva samuddhṛtāḥ | krameṇārthā yathā jijñāsitam iti | ṭīkā ca—yat sanātanaṁ nityaṁ paraṁ brahma, tac ca tvayā jijñāsitaṁ vicāritam, adhītam adhigataṁ prāptaṁ cety arthaḥ | tathāpi śocasi, tat kim-artham ? iti śeṣaḥ | ity eṣā ||",22
1876,"tvam iti | tvam arka iva trilokīṁ paryaṭan, tathā vaiṣṇava-yoga-balāṁśena ca prāṇa-vāyur iva sarva-prāṇinām antaścaraḥ san ātmanāṁ sarveṣām eva sākṣī bahir antar vṛtti-jñaḥ | ataḥ pare brahmaṇi dharmato yogena niṣṇātasya | tad uktaṁ yājñavalkyena—",18
1878,ayaṁ paramo lābho yad yogenātma-darśanam || iti |,2
1879,avare ca brahmaṇi vedākhye vrataiḥ svādhyāya-niyamair niṣṇātasyāpi me alam atyarthaṁ yan nyūnaṁ tat svayam eva vicakṣva vitarkaya || ,12
1880,"bhavatā iti | bhagavad-yaśo-varṇanopalakṣaṇaṁ bhajanaṁ vinā yenaiva rukṣa-brahma-jñānena asau bhagavān tu tuṣyeta, tad eva darśanaṁ jñānaṁ khilaṁ nyūnaṁ manye |",4
1881,tad eva spaṣṭayati—naiṣkarmyam iti | ,3
1882,"ṭīkā ca—niṣkarma brahma, tad-ekākāratvān niṣkarmatā-rūpaṁ naiṣkarmyam, ajyate’nenety añjanam upādhiḥ, tan-nivartakaṁ nirañjanam | evambhūtam api jñānam acyute bhāvo bhaktiḥ, tad-varjitaṁ cet alam atyarthaṁ na śobhate, samyag-aparokṣatvāya na kalpata ity arthaḥ | tadā śāśvat sādhana-kāle phala-kāle ca abhadraṁ duḥkha-svarūpaṁ yat kāmyaṁ karma, yad apy akāraṇam akāmyaṁ, tac ceti ca-kārasyānvayaḥ | tad api karma īśvare nārpitaṁ cet kutaḥ punaḥ śobhate ? bahir-mukhatvena sattva-śodhakatvābhāvāt | ity eṣā | ",29
1883,"yad vā, nirañjanam iti nirūpādhikam apīty arthaḥ | paramādaraṇīyatvād eva dvādaśānte [12.12.53] śrī-sūtenāpi punaḥ kṛtam idaṁ padyam || ",3
1884,"tasmād uktir eva samyag-darśana-hetur ity upasaṁharati dvābhyām—nama iti | mantra-mūrtiṁ mantrokta-mūrtiṁ, mantro’pi mūrtir yasyeti vā | amūrtikaṁ mantrokta-vyatirikta-mūrti-śūnyaṁ; prākṛta-mūrti-rahitaṁ vā, mūrti-svarūpayor ekatvāt; prākṛtavan na vidyate pṛthaktvena mūrtir yasya, tathā-bhūtaṁ vā | sa pumān samyag-darśanaḥ sākṣāc-chrī-bhagavataḥ sākṣāt-kartṛtvād iti bhāvaḥ ||38||",9
1890,ittham-bhūta-guṇo hariḥ || [bhā.pu. 1.7.10],2
1891,ṭīkā ca—nirgranthā granthebhyo nirgatāḥ | tad uktaṁ gītāsu—,2
1893,tadā gantāsi nirvedaṁ śrotavyasya śrutasya ca || [gītā 2.52] iti | ,3
1894,"yad vā, granthir eva granthaḥ nirvṛtta-hṛdaya-granthaya ity arthaḥ | nanu muktānāṁ kiṁ bhaktyetyādi-sarvākṣepa-parihārārtham āha itthambhūta-guṇaḥ | ity eṣā ||",2
1906,bhagavad-bhakti-yuktena prāptā bhāgavatī gatiḥ || [bhā.pu. 3.24.43-47],2
1907,"eka-bhaktyā avyabhicāriṇyā sādhana-lakṣaṇayā bhaktyā, anubhāvite nirantaram aparokṣīkṛte, tāṁ vinā kasyacid apy arthasyāsiddheḥ | ",4
1908,nirahaṅkṛtitvād eva nirmamaḥ | tad-dvayābhāvād eva mana-ādīnām apy abhāvaḥ sidhyati | sama-dṛk bhedāgrāhakaḥ | sva-dṛk sva-svarūpābhedena brahmaiva paśyan | pratyak antar-mukhī | praśāntā vikṣepa-rahitā dhīr jñānaṁ yasya saḥ | ,14
1909,tad evaṁ brahma-jñāna-miśra-bhakti-sādhana-vaśena brahmānubhave jāte’pi bhakti-saṁskāra-balena labdha-premādes tad-ūrdhvam api śrī-bhagavad-anubhavam āha—vāsudeva iti | pratyag-ātmani sarveṣām āśraya-bhūte pareṇa prema-lakṣaṇena bhakti-bhāvena tat-sattayaiva labdhā ātmānas tadīyātmakā ahaṅkārādayo yeneti | brahma-jñānena prākṛtāhaṅkārādi-layānantaram āvirbhūtān premānandātmaka-śuddha-sattva-mayān labdhavān ity arthaḥ |,11
1910,"nanu ta eva pratyāvartantāṁ, kiṁ vā pūrvavad amī api bandha-hetavo bhavantu ? nety āha—mukta-bandhanaḥ, anāvṛttiḥ śabdāt [ve.sū. 4.4.22] iti nyāyāt |",9
1911,"bhakty-atiśayena labdhātmatvam eva pratipādayati—ātmānam iti | ātmātra paramātmā, sarvathā tasya bhagavān evāsphurad iti vākyārthaḥ | ",3
1912,"tataḥ sākṣād eva tat-prāptim āha—icchā-dveṣa- iti | tad evaṁ tena bhāgavatī gatiḥ prāptā | heyatvād anyatra icchā-dveṣa-vihīnena, tasmād eva hetoḥ sarvatra sama-cetasā | tad uktam—",9
1914,svargāpavarga-narakeṣv api tulyārtha-darśinaḥ || [bhā.pu. 6.17.28],2
1915,"yad vā, mayā lakṣmyā saha vartate iti sama iti sahasra-nāma-bhāṣyāt | “bhagavac-cetaseti prāpto bhāgavatīṁ gatim” iti pāṭhe, sa kardama eva tāṁ gatiṁ prāptaḥ | atra bhagavad-bhakti-yogenety eva viśeṣyam iti | evam evoktaṁ śrī-bhagavad-gītopaniṣatsu—",3
1925,tato māṁ tattvato jñātvā viśate tad-anantaram || [gītā 18.51-55] iti |,2
1926,"atra viṁśatir milanārthaḥ, yathā duryodhanaṁ parityajya yudhiṣṭhiraṁ praviṣṭavān ayaṁ rājeti | ",3
1928,|| 3.24 || śrī-maitreyaḥ ||83||,2
1933,bhaja māṁ bhakti-bhāvitaḥ || [bhā.pu. 11.19.5],2
1940,kiṁ tv antakāsi-lulitāt patatāṁ vimānāt || [bhā.pu. 4.9.10],2
1944,animittā bhāgavati bhaktiḥ siddher garīyasī || [bhā.pu. 3.25.3],2
1945,siddher mukter api ṭīkā ca | siddher jñānāt mukter vā iti śrī-bhagavan-nāma-kaumudī |,5
1951,bhagavac-chabda-lakṣaṇaḥ || [bhā.pu. 3.32.32],2
1955,bhagavān śāstra-vartmabhiḥ || [bhā.pu. 3.32.33],2
1956,ṭīkā ca—anena ca jñāna-yogena bhagavān eva prāpyaḥ yathā bhakti-yogenety āha | nairguṇyo jñāna-yogaś ca man-niṣṭho bhakti-lakṣaṇaś ca yo yogaḥ tayor dvayor apy eka evārthaḥ prayojanam | ko’sau ? bhagavac-chabdo lakṣaṇaṁ jñāpako yasya | tad uktaṁ gītāsu—te prāpnuvanti mām eva sarva-bhūta-hite ratāḥ [gītā 12.4] iti |,6
1957,"nanu jñāna-yogasyātma-lābhaḥ phalaṁ śāstreṇāvagamyate, bhakti-yogasya tu bhajanīyeśvara-prāptiḥ | kutas tayor ekārthatvam ? ity āśaṅkya dṛṣṭāntenopapādayati—yathā bahūnāṁ rūpa-rasādīnāṁ guṇānām āśrayaḥ kṣīrādir eka evārtho mārga-bheda-pravṛttair indriyair nānā pratīyate—cakṣuṣā śukla iti, rasanena madhura iti, sparśena śīta ity-ādi—tathā bhagavān eka eva tat-tad-rūpeṇāvagamyate | ity eṣā |",4
1964,mamobhe śāśvatī tanū || [bhā.pu. 6.16.51],2
1967,"nanu śabda-brahma prakāśakaṁ para-brahma kāraṇaṁ prakāśakaṁ ca ? satyaṁ, te ubhe mamaiva rūpe ity āha—śabda-brahmeti | śāśvatī śāśvatyau | ity eṣā || ",4
1974,sampraśnair vivṛtaṁ hṛdi || [bhā.pu. 8.24.38],2
1975,"mahimānam aiśvaryam, vibhūtir nirviśeṣam iti yāvat | ata eva me mayā anugṛhītam anugraheṇa prakāśitaṁ hṛdy aparokṣaṁ vetsyasi | tvayā kṛtaiḥ sampraśnair mayā vivṛtaṁ iti | sa tu yadyapi mad-anubhavāntar-bhūta eva, sa tu brahmānubhava ity ato nāsti mattaḥ pṛthag-anubhavāpekṣā, tathāpi bhakti-prakāśita-sākṣān-mad-anubhave tan-mātrānubhavo na sphuṭo bhavati | yadi tadīya-sphuṭatāyāṁ tavecchā kathañcid vartate, tadā sāpi bhaved iti bhāvaḥ | ",15
1980,jñānasya ceśāta imau purāṇau || [bhā. 10.46.31] iti śrīmad-uddhava-vākyam |,2
1987,rajaḥ sattvaṁ tamaḥ param || [bhā.pu. 11.16.37],2
1988,ṭīkā ca—paraṁ brahma ca ity eṣā ||,3
1993,"parātparaṁ brahma ca te vibhūtayaḥ [stotra-ratna, 14] iti ||",4
1994,paiṅga-śrutāv api tad-gaṇa-pātitvena śrūyate—eṣa puruṣa eṣa prakṛtir eṣa ātmaiṣa brahmaiṣa loka eṣa aloka eṣa yo’sau harir ādir anādir anto’nantaḥ paramaḥ parād viśvarūpaḥ iti ||,4
1996,ato brahma-rūpe prakāśe tad vaiśiṣṭyānupalambhanāt tat-prabhāvatva-lakṣaṇam api tasya vyapadiśyate | rūpaṁ yat tat prāhur avyaktam ādyaṁ brahma-jyotir [bhā.pu. 10.3.24] ity-ādi |,5
2001,govindam ādi-puruṣaṁ tam ahaṁ bhajāmi ||  [bra.saṁ. 5.40] iti ||,4
2007,prapannaḥ sa priyo hi me || [bhā.pu. 4.24.28],2
2008,"pitrānuvarṇita-rahāḥ [bhā.pu. 3.15.46] iti śravaṇena raho brahma, tasmād api paraṁ, tataḥ sutarāṁ triguṇāt pradhānāj jīva-saṁjñitāt jīvātmanaḥ paraṁ bhagavantaṁ yaḥ sākṣāt śravaṇādinaiva, na tu karmārpaṇādinā prapanna ity anvayaḥ | ",4
2014,prayātu sukṛtasyāstu mamānudivasaṁ jayaḥ || iti ||,2
2017,yan-mayaṁ vyaktam apy etad bhaviṣyāmi hi tan-mayaḥ || iti ||,2
2018,tatraiva māsarkṣa-pūjā-prasaṅge tataḥ paratvaṁ sphuṭam evoktaṁ—,2
2022,mamāpadaṁ cāpaharāprameya || iti ||,2
2023,śrī-viṣṇu-purāṇe ca—sa brahma-pāraḥ para-pāra-bhūta [vi.pu. 1.15.55] iti | akṣarāt tataḥ parataḥ para [mu.u. 2.1.2] iti śruteḥ ||,5
2024,|| 4.24 || śrī-rudraḥ pracetasam || 92 ||,2
2025,"tad evam evābhiprāyeṇa, sa vā eṣa puruṣo’nna-rasa-mayaḥ [tai.u. 2.1] ity-ādāv antaraṅgāntaraṅgaikaikātmya-kathanānte, idaṁ pucchaṁ pratiṣṭhā, pṛthivī pucchaṁ pratiṣṭhā, atharvāṅgirasaḥ pucchaṁ pratiṣṭhā, mahaḥ pucchaṁ pratiṣṭhā, brahma pucchaṁ pratiṣṭhā [tai.u. 2.1-5] iti śruty-uktāyāḥ pañcamyā api pratiṣṭhāyā upari | śrī-gītopaniṣado yathā—brahmaṇo hi pratiṣṭhāham [gītā 14.27] iti | atra brahma-śabda-sannihita-pratiṣṭhā-śabdena sā śrutiḥ smaryate | tataś caivam eva vyākhyeyam | hi-śabdaḥ, ",7
2027,sa guṇān samatītyaitān brahma-bhūyāya kalpate || [gītā 14.26] ,3
2029,"nanu tvad-bhaktyā kathaṁ nirguṇa-brahma-dharma-prāptiḥ, sā tu tad-ekānubhavena ? tatrāha—brahmaṇo hīti | hi yasmāt brahma-pucchaṁ pratiṣṭhā [tai.u. 2.5.1] iti parama-pratiṣṭhatvena śrutau yat prasiddhaṁ, tac ca tasyām eva śrutau ānanda-mayāṅgatvena darśitaṁ tasya pucchatva-rūpita-brahmaṇaḥ | ānanda-mayo’bhyāsāt [ve.sū. 1.1.13] iti sūtra-kāra-sammata-para-brahma-bhāva ānanda-mayākhyaḥ pracura-prakāśo ravir itivat pracuraś cānanda-rūpaḥ śrī-bhagavān ahaṁ pratiṣṭhā |",9
2033,atra śrī-viṣṇu-purāṇam api sampravadate—śubhāśrayaḥ sa cittasya sa-vargasya tathātmanaḥ [vi.pu. 6.7.76] iti | vyākhyātaṁ ca tatrāpi svāmibhiḥ—sa-vargasyātmanaḥ para-brahmaṇo’py āśrayaḥ pratiṣṭhā | tad uktaṁ bhagavatā brahmaṇo hi pratiṣṭhāham [gītā 14.27] iti | ,7
2034,"atra ca tair vyākhyātam—brahmaṇo’haṁ pratiṣṭhā ghanībhūtaṁ brahmaivāham | yathā ghanībhūta-prakāśa eva sūrya-maṇḍalaṁ, tadvad ity arthaḥ | iti |",3
2040,sad-asataḥ paraṁ tvam atha yad eṣv avaśeṣa-mṛtam || ,2
2042,"asu-bhṛto jīvā dṛtaya iva śvasad-ābhāsā api yadi te tava anuvidhā bhaktā bhavanti, tadā śvasanti prāṇanti | teṣu tad-bhaktānām eva jīvanaṁ jīvanaṁ manyāmahe iti bhāvaḥ | katham ? yasya tava anugrahataḥ samaṣṭi-vyaṣṭi-rūpam aṇḍaṁ dehaṁ mahad-aham-ādayo’sṛjan, ataḥ svayam eva tathāvidhāt tvattaḥ parāṅ-mukhānām anyeṣāṁ dṛti-tulyatvaṁ yuktam eveti bhāvaḥ | ",22
2043,"anugraham eva darśayanti—atra mahad-aham-ādiṣu anvayaḥ praviṣṭas tvam iti | kathaṁ mat-praveśa-mātreṇa teṣāṁ tathā sāmarthyaṁ syāt ? tatrāhuḥ—yad yasmāt sata ānanda-mayākhya-brahmaṇo’vayavasya priyādeḥ, asatas tad-anyasmād annamayādeś ca yat paraṁ puccha-bhūtaṁ sarva-pratiṣṭhā brahma, tat khalu tvam | ",17
2044,"tatrāpi, eṣu pratiṣṭhā-vākyeṣu avaśeṣaṁ vākya-śeṣatvena sthitaṁ, brahmaṇo hi pratiṣṭhāham [gītā 14.27] ity-ādāv anyatra prasiddham—",7
2046,brahmaṇe darśayan rūpam avyalīka-vratādṛtaḥ || [bhā.pu. 2.9.4] iti |,4
2047,"atra ṛtatvenāpi prasiddhaṁ śrī-bhagavad-rūpam eva, tat tvam | ato’nna-mayādiṣu puruṣa-vidhaḥ puruṣākāro yaś caramaḥ priya-moda-pramodānanda-brahmaṇām avayavī ānanda-mayaḥ, sa tvam iti | tasmān mūla-paramānanda-rūpatvāt tavaiva praveśena teṣāṁ tathā sāmarthyaṁ yuktam eveti bhāvaḥ, ko hy evānyāt kaḥ prāṇyād yad eṣa ākāśa ānando na syāt ? [tai.u. 2.7.1] iti śruteḥ |",8
2050,"ata eva, yasya pṛthivī śarīraṁ, yasyātmā śarīraṁ, yasyāvyaktaṁ śarīraṁ, yasyākṣaraṁ śarīram, eṣa sarva-bhūtāntarātmā, apahata-pāpmā, divyo deva eko nārāyaṇaḥ [subālopaniṣad 7.1] ity etac-chruty-antaraṁ cākṣara-śabdoktasya brahmaṇo’py ātmatvena nārāyaṇaṁ bodhayati | ",5
2051,"uktātmādi-śabda-pāriśeṣya-pramāṇena, cakāra teṣāṁ saṅkṣobham akṣara-juṣām api [bhā.pu. 3.15.43] iti prayoga-dṛṣṭyā cātra hy akṣara-śabdena brahmaiva vācyam | tathā śrī-bhagavatā sāṅkhya-kathane—kālo māyā-maye jīve [bhā.pu. 11.24.27] ity-ādau mahā-pralaye sarvāvaśiṣṭatvena brahmopadiśya tadāpi tasya draṣṭṛtvaṁ svasminn uktam, ",8
2053,pratilomānulomābhyāṁ parāvara-dṛśā mayā ||  [bhā.pu. 11.24.29],4
2066,mām eva tad ghanaṁ tejo jñātum arhasi bhārata || [ha.vaṁ. 2.114.9-12] iti |,4
2067,prakṛtir iti tat-prabhātvena svarūpa-śaktitvam api tasya nirdiṣṭam | evaṁ pūrvodāhṛta-kaustubha-viṣayaka-viṣṇu-purāṇa-vākyam apy etad upodvalakatvena draṣṭavyam | tasmād dṛtaya iva ity api sādhv eva vyākhyātam ||,3
2068,|| 10.87 || śrutayaḥ śrī-bhagavantam || 93 ||,2
2069,tataś ca yasmin parama-bṛhati sāmānyākāra-sattāyā api tad-aṅga-jyotiṣo’pi bṛhattvena brahmatvaṁ tasminn eva mukhyā tac-chabda-pravṛttiḥ | tathā ca brāhme—,3
2071,procyate viṣṇur evaikaḥ pareṣām upacārataḥ || iti |,2
2072,yathā pādme—,3
2076,amito hi guṇo yasmān nānyeṣāṁ tam ṛte vibhum || iti |,2
2078,"atha, bhūpa mūrtam amūrtaṁ ca paraṁ cāparam eva ca [vi.pu. 6.7.47] iti śrī-viṣṇu-purāṇa-padye tasya caturvidhatvam aṅgīkurvadbhir yady amūrtatvam api pṛthag aṅgīkartavyaṁ, tadā brahmatvavat tad-upāsaka-dṛṣṭi-yogyatānurūpam evāstu | tathā hi, yasya samīcīnā bhaktir asti tasya para-mūrtyā śyāmasundara-caturbhujādi-rūpayā prādurbhavati | yasyārvācīnopāsanā-rūpā, tasyāpara-mūrtyā pātāla-pādādi-kalpanā-mayy eva | yasya ca rūkṣaṁ jñānaṁ, tasya pareṇa brahma-lakṣaṇāmūrtatvena | yasya jñāna-pracurā bhaktiḥ, tasya tv apareṇeśvara-laksaṇa-mūrtatveneti | atrāparatvaṁ para-mūrty-āvirbhāvānantara-sopānatvena na brahmavad atīva mūrtatvānapekṣyam ity evam | na tv aśreṣṭhatva-vivakṣayeti jñeyam | para-mūrtāpekṣayāparatvaṁ vā | ",9
2079,"tatraiva tad viśva-rūpaṁ vai rūpam rūpam anyad dharer mahat [vi.pu. 6.7.70] iti viśvādhiṣṭhānatvena nityatva-vibhūtve | mūrtaṁ bhagavato rūpaṁ sarvāpāśraya-niḥspṛham [vi.pu. 6.7.78] iti nirupādhitvam | cintayed brahma-bhūtaṁ tam [vi.pu. 6.7.83] iti para-tattva-lakṣaṇatvam | tri-bhāva-bhāvanātīta [vi.pu. 6.7.76] iti tatra prasiddha-karma-maya-jñāna-karma-samuccaya-maya-kevala-jñāna-maya-bhāvanā-trayātītatvena para-tattva-lakṣaṇatve’pi bhaktyaikāvirbhāvitatayā samyak-prakāśatvaṁ mūrtasyaiva vyañjitam | ata eva, śubhāśrayaḥ sa-cittasya sarvagasya tathātmanaḥ [vi.pu. 6.7.76] ity uktam |",18
2080,"tataś ca tasyāḥ śrī-mūrter api sakāśāt tad-ante pratyāhāroktiḥ, kevalābhedopāsakaṁ prati vyavasthāpitā bhavatīty apy anusandheyam | atra tad-viśva-rūpa-vairūpyam [vi.pu. 6.7.70] ity etat padyaṁ mūrta-param eva jñeyam,",5
2082,deva-tiryaṅ-manuṣyādi-ceṣṭāvanti sva-līlayā ||  [vi.pu. 6.7.71] ity anantara-vākya-balāt | ,5
2083,"yataḥ prathamasya tṛtīye—yasyāmbhasi śayānasya yoga-nidrāṁ vitanvataḥ [bhā.pu. 1.3.2] ity-ady-ukta-laksaṇasya mūrtasyaiva tat-tad-avatāritvaṁ darśitam, etan nānāvatārāṇāṁ nidhānaṁ bījam avyayam [bhā.pu. 1.3.5] iti | ",5
2084,“tad viśva-rūpa-vairūpyam” [vi.pu. 6.7.70] iti paṭhadbhiḥ śrī-rāmānuja-caraṇair api mūrta-paratvenaiva vyākhyātam—viśva-rūpād vairūpyaṁ vailaksaṇyaṁ yatra tad-viśva-vilakṣaṇaṁ mūrtaṁ svarūpam iti | ,3
2090,sva-jyotsnayā candra ivāmṛtāṁśuḥ | [6.227.7] iti pādmottara-khaṇḍa-vacanam |,2
2093,nityaṁ sambhogam īśvaryā śriyā bhūmyā ca saṁvṛtam || iti |,2
2094,tasmāt śrī-bhagavān yathokta-lakṣaṇa eva | sa eva vadantīty asya mukhyārtha-bhūtaṁ mūlaṁ tattvam iti paryavasānam | tad uktaṁ mokṣa-dharme śrī-nārāyaṇopākhyāne—,3
2096,tattvam eko mahā-yogī harir nārāyaṇaḥ prabhuḥ || [ma.bhā. 12.335.83] iti |,2
2097,"nārāyaṇopaniṣadi ca—nārāyaṇaḥ paraṁ brahma tattvaṁ nārāyaṇaḥ param [ma.nā.u. 13.4] iti | atra śrī-rāmānujodāhṛtāḥ śrutayaś ca—yasya pṛthivī śarīram ity ārabhya, eṣa sarva-bhūtāntarātmā divyo deva eko nārāyaṇaḥ [subāla.u. 7.1] ity-ādyā bahvyaḥ | iha śrī-bhagavad-aṁśa-bhūtānāṁ puruṣādīnāṁ parama-tattva-vigrahatā-sādhanaṁ vākya-jātam api tasyāṁśinas tad-rūpa-vigrahatvaṁ kaimutyenābhivyanaktīti pūrvatra cottaratra ca granthe tathodāharaṇāni |",9
2101,akṣaraṁ tat paraṁ brahma kṣaraṁ sarvam idaṁ jagat || [vi.pu. 1.22.55],2
2104,āvirbhāva-tirobhāva-janma-nāśa-vikalpanavat || [vi.pu. 1.22.60] iti |,2
2108,mūrtaṁ tad yogibhiḥ pūrvaṁ yogārambheṣu cintyate || [vi.pu. 1.22.61],2
2110,mūrtaṁ brahma mahā-bhāga sarva-brahma-mayo hariḥ || [vi.pu. 1.22.63],2
2111,tatra sarvam idaṁ protam otaṁ caivākhilaṁ jagat || [vi.pu. 1.22.64] iti |,2
2112,"brahma-sākṣāt-kārāt pūrvaṁ yogibhiś cintyate | tathā brahmaṇaḥ samanantaram upāsanānukrameṇa yathāgre’kṣarād anantaraṁ tad uktam, yathā—brahma-bhūtaḥ prasannātmā [gītā 18.55] ity-ādy-anusāreṇa brahma-sākṣātkārānantarāvirbhāvī ca sa ity arthaḥ | yataḥ sarvāsāṁ śaktīnāṁ svarūpa-bhūtādīnāṁ paramāśrayaḥ | ata eva sarva-brahma-mayo’khaṇḍa-brahma-svarūpaṁ ca, akṣarākhyasya pūrvasya śakti-hīnatvena khaṇḍitatvāt | yad vā, ata eva sarva-veda-vedya ity arthaḥ | tata eva ca tatra sarvam ity ādīti | evaṁ—",3
2114,ato’smi loke vede ca prathitaḥ puruṣottamaḥ || [gītā 15.18] ity-ādi śrī-gītopaniṣad api yojyā |,2
2115,"atra yadyapi kūṭastho’kṣara ucyate [gītā 15.16] ity akṣara-śabdena śuddha-jīva eva prastūyate, tathāpi para-brahma eva ca lakṣaṇam, akṣaraṁ paramaṁ brahma [gītā 8.3] iti | tac ca tatra pūrvoktam iti | anayoś cin-mātra-vastutvenaikārthatvād iti tad etad abhipretya mallānām aśanir nṝṇāṁ naravara ity-ādau mūrtasyaiva svayaṁ bhagavata eva lakṣaṇatvam | sākṣād evāha—tattvaṁ paraṁ yoginām [bhā.pu. 10.43.17] iti | yogināṁ catuḥsanādīnām iti ||",10
2116,|| 10.43 || śrī-śukaḥ || 94 ||,2
2123,"atra yas tāvad dharmo nirūpyate sa khalu, sa vai puṁsāṁ paro dharmo yato bhaktir adhokṣaje [bhā.pu. 1.2.6] ity-ādikayā, ",3
2125,svānuṣṭhitasya dharmasya saṁsiddhir hari-toṣaṇam || [bhā.pu. 1.2.13],2
2126,ity-antayā rītyā bhagavat-santoṣaṇaika-tātparyeṇa śuddha-bhakty-utpādakatayā nirūpaṇāt parama eva | yataḥ so’pi tad-eka-tātparyatvāt pra-karṣeṇa ujjhitaṁ kaitavaṁ phalābhisandhi-laksaṇaṁ kapaṭaṁ yasmin tathā-bhūtaḥ | pra-śabdena sālokyādi-sarva-prakāra-mokṣābhisandhir api nirastaḥ | ,9
2127,"yata evāsau tad-eka-tātparyatvena nirmatsarāṇāṁ phala-kāmukasyeva parotkarṣāsahanaṁ matsaraḥ, tad-rahitānām eva, tad-upalakṣaṇatvena paśv-ālambhane dayālūnām eva ca, satāṁ sva-dharma-parāṇāṁ vidhīyate iti | evam īdṛśaṁ spaṣṭam anuktavataḥ karma-śāstrād upāsanā-śāstrāc cāsya  tat-tat-pratipādakāṁśe śraiṣṭhyam uktam, ubhayatraiva dharmotpatteḥ | tad evaṁ sati sākṣāt śravaṇa-kīrtanādi-rūpasya vārtātidūrata evāstām iti bhāvaḥ | ",7
2128,atha jñāna-kāṇḍa-śākhābhyo’py asya pūrvavat śraiṣṭhyam āha—vedyam iti | bhagavad-bhakti-nirapekṣa-prāyeṣu teṣu pratipāditam api śreyaḥ-sṛtiṁ bhaktim udasya [bhā.pu. 10.14.4] ity-ādi-nyāyena vedyaṁ niśceyaṁ bhavatīty atraiva vedyam ity arthaḥ |,9
2129,tan-mataika-deśi-śāstrebhyo vaiśiṣṭyam āha—śivaṁ svarūpaṁ paramānandaṁ dadāty anubhāvayatīti | tathā tāpa-trayam unmūlayati tan-mūla-bhūtāvidyā-paryantaṁ khaṇḍayatīti | tathānyatra muktāv anubhavāmanane hy apuruṣārthatvāpātaḥ syād iti tan-mananād atra tu vaiśiṣṭyam iti | na cāsya tat-tad-durlabha-vastu-sādhanatve tādṛśa-nirūpaṇa-sauṣṭhavam eva kāraṇam | ,7
2130,"api tu svarūpam apīty āha—śrīmad-bhāgavata iti | śrīmad-bhāgavatatvaṁ bhagavat-pratipādakatvaṁ, śrīmattvaṁ śrī-bhagavan-nāmāder iva tādṛśa-svābhāvika-śaktimattvam | nitya-yoge matup | ata eva samastatayaiva nirdiśya nīlotpalādivat tan-nāmatvam eva bodhitam, anyathā tv avimṛṣṭa-vidheyāṁśa-doṣaḥ syāt |",3
2131,ata uktaṁ śrī-gāruḍe—grantho’ṣṭādaśa-sāhasraḥ śrīmad-bhāgavatābhidhaḥ iti | ṭīkā-kṛdbhir api śrīmad-bhāgavatābhidhaḥ sura-tarur iti | ataḥ kvacit kevala-bhāgavatākhyatvaṁ tu satya-bhāmā bhāmā itivat | ,7
2132,"tādṛśa-prabhāvatve kāraṇaṁ parama-śreṣṭha-kartṛkatvam apy āha—mahā-muniḥ śrī-bhagavān, tasyaiva parama-vicāra-pāraṅgatatvāt, mahā-prabhāva-gaṇa-śiromaṇitvāc ca | sa munir bhūtvā samacintayat iti śruteḥ | tena prathamaṁ catuḥ-ślokī-rūpeṇa saṅkṣepataḥ prakāśite, kasmai yena vibhāṣito’yam [bhā.pu. 12.13.19] ity-ādy-anusārena sampūrṇa eva vā prakāśite |",11
2133,"tad evaṁ śraiṣṭhya-jātam anyatrāpi prāyaḥ sambhavatu nāma sarva-jñāna-śāstra-parama-jñeya-puruṣārtha-śiromaṇi-śrī-bhagavat-sākṣātkāras tatraiva sulabha iti vadan sarvordhva-prabhāvam āha—kiṁ vā iti | paraiḥ śāstrais tad-ukta-sādhanair vā, īśvaro bhagavān hṛdi kiṁ vā, sadya evāvarudhyate sthirīkriyate | vā-śabdaḥ kaṭākṣe | kintu vilambena kathañcid eva | atra tu śuśrūṣubhiḥ śrotum icchadbhir eva tat-kṣaṇād evāvarudhyate |",13
2134,"nanu idam eva tarhi sarve kim iti na śṛṇvanti ? tatrāha—kṛtibhir iti sukṛtibhir ity arthaḥ | śravaṇecchā tu tādṛśa-sukṛtiṁ vinā notpadyata iti bhāvaḥ | athavā, aparair mokṣa-paryanta-kāmanā-rahiteśvarārādhana-lakṣaṇa-dharma-brahma-sākṣātkārādibhir uktair anuktair vā sādhyais tair atra kiṁ vā kiyad vā māhātmyam upapannam ity arthaḥ | yato ya īśvaraḥ kṛtibhiḥ kathañcit tat-tat-sādhanānukrama-labdhayā bhaktyā kṛtārthaiḥ sadyas tad-eka-kṣaṇam eva vyāpya hṛdi sthirīkriyate sa evātra śrotum icchadbhir eva tat-kṣaṇam ārabhya sarvadaiveti | tasmād atra kāṇḍa-traya-rahasyasya pravyakta-pratipādanāder viśeṣata īśvarākarṣi-vidyā-rūpatvāc cedam eva sarva-śāstrebhyaḥ śreṣṭham | ata evātra “iti”-padasya trir-uktiḥ kṛtā | sā hi nirdhāraṇārtheti | ato nityam etad eva sarvair eva śrotavyam iti bhāvaḥ ||",5
2140,gṛhāṇa gaditaṁ mayā || [bhā.pu. 2.9.30],2
2141,"me mama bhagavato jñānaṁ śabda-dvārā yāthārthya-nirdhāraṇaṁ mayā gaditaṁ sad gṛhāṇa ity anyo na jānātīti bhāvaḥ | yataḥ parama-guhyaṁ hy ajñānād api rahasyatamaṁ, muktānām api siddhānām [bhā.pu. 6.14.5] ity-ādeḥ | tac ca vijñānena tad-anubhāvenāpi yuktaṁ gṛhāṇa | na caitāvad eva, kiṁ ca, sa-rahasyaṁ, tatrāpi rahasyaṁ yat kim apy asti, tenāpi sahitam | tac ca prema-bhakti-rūpam ity agre vyañjayiṣyate | tathā tad-aṅgaṁ ca gṛhāṇa | tac ca sati tv aparādhākhya-vighne na jhaṭiti vijñāna-rahasye prakaṭayet | tasmāt tasya jñānasya sahāyaṁ ca gṛhāṇety arthaḥ | tac ca śravaṇādi-bhakti-rūpam ity agre vyañjayiṣyate | yad vā, sa-rahasyam iti tad-aṅgasyaiva viśeṣaṇaṁ jñeyam | suhṛdor iva mithaḥ saṁvardhakayor ekatrāvasthānāt ||",20
2146,astu te mad-anugrahāt || [bhā.pu. 2.9.31],2
2147,"yāvān svarūpato yat-parimāṇako’ham | yathā-bhāvaḥ sattā yasyeti, yal-lakṣaṇo’ham ity arthaḥ | yāni svarūpāntaraṅgāni rūpāṇi śyāmatva-catur-bhujatvādīni, guṇā bhakta-vātsalyādyāḥ karmāṇi tat-tal-līlā yasya sa yad-rūpa-guṇa-karmako’ham | tathaiva tena tena sarva-prakāreṇaiva tattva-vijñānaṁ yāthārthyānubhavo mad-anugrahāt te tavāstu bhavatād iti | ",16
2148,"etena catuḥśloky-arthasya nirviśeṣatvaṁ svayam eva parāstam | vakṣyate ca catuḥślokīm evoddiśatā śrī-bhagavatā svayam uddhavaṁ prati—purā mayā ity-ādau, jñānaṁ paraṁ man-mahimāvabhāsam [bhā.pu. 3.4.13] iti | tatra vijñāna-padena rūpādīnām api svarūpa-bhūtatvaṁ vyaktam | atra vijñānāśīḥ spaṣṭā | rahasyāśīś ca paramānandātmaka-tat-tad-yāthārthyānubhavenāvaśyaṁ premodayāt ||",8
2153,yo’vaśiṣyeta so’smy aham || [bhā.pu. 2.9.32],2
2154,"atra ahaṁ-śabdena tad-vaktā mūrta evocyate, na tu nirviśeṣaṁ brahma, tad-aviṣayatvāt | ātma-jñāna-tātparyake tu, tat tvam asi itivat tvam evāsīr eva vaktum upayuktavāt | tataś cāyam arthaḥ—samprati bhavantaṁ prati prādurbhavann asau parama-manohara-śrī-vigraho’ham evāgre mahā-pralaya-kāle’py āsam eva | vāsudevo vā idam agra āsīn na brahmā na ca śaṅkaraḥ | eko nārāyaṇa āsīn na brahmā neśānaḥ [mahā.u. 1] ity-ādi-śrutibhyaḥ | bhagavān eka āsedam agra ātmātmanāṁ vibhuḥ [bhā.pu. 3.5.23] ity-ādi-tṛtīyāt | ato vaikuṇṭha-tat-pārṣad-ādīnām api tad-upāṅgatvād ahaṁ-padenaiva grahaṇaṁ rājāsau prayātītivat | tatas teṣāṁ ca tadvad eva sthitir bodhyate | ",15
2157,muktātma-māyāṁ māyeśaḥ śete sarva-guhāśayaḥ || [bhā.pu. 2.8.10] iti |,2
2160,tatremaṁ ka upāsīran ka u svid anuśerata || [bhā.pu. 3.7.37] iti |,2
2161,kāśīkhaṇḍe’py uktaṁ śrī-dhruva-carite—,2
2163,ato’cyuto’khile loke sa ekaḥ sarvago’vyayaḥ || iti |,2
2164,"aham evety eva-kāreṇa kartr-antarasyārūpatvādikasya ca vyāvṛttiḥ | āsam eveti tatrāsambhāvanāyā nivṛttiḥ | tad uktaṁ, yad-rūpa-guṇa-karmakaḥ [bhā.pu. 2.9.32] iti | ",3
2167,tad uktam anena ślokena sākāra-nirākāra-viṣṇu-lakṣaṇa-kāriṇyām muktā-phala-ṭīkāyām api—nāpi sākāreṣv avyāptiḥ | teṣām ākārātirohitatvād iti | aitareyaka-śrutiś ca—ātmaivedam agra āsīt puruṣa-vidhaḥ [bṛ.ā.u. 1.4.1] iti | etena prakṛtīkṣaṇato’pi prāg-bhāvāt puruṣād apy uttamatvena bhagavaj-jñānam eva kathitam |,7
2168,"nanu kvacin nirviśeṣam eva brahma āsīd iti śrūyate ? tatrāha—nānyad yat sad-asat-param iti | sat kāryam, asat kāraṇaṁ, tayoḥ paraṁ yad brahma, tan na matto’nyat | kvacid adhikāriṇi śāstre vā svarūpa-bhūta-viśeṣa-vyutpatty-asamarthe so’yam aham eva nirviśeṣatayā pratibhātīty arthaḥ | yadā tadānīṁ prapañce viśeṣābhāvān nirviśeṣa-cin-mātrākāreṇa, vikuṇṭhe tu sa-viśeṣa-bhagavad-rūpeṇeti śāstra-dvaya-vyavasthā | etena ca brahmaṇo hi pratiṣṭhāham [gītā 14.27] ity atroktaṁ bhagavaj-jñānam eva pratipāditam | ata evāsya parama-guhyatvam uktam |",5
2169,"nanu sṛṣṭer anantaraṁ nopalabhyase ? tatrāha—paścāt sṛṣṭer anantaram apy aham evāsmy eva, vaikuṇṭheṣu bhagavad-ādy-ākāreṇa, prapañceṣv antaryāmy-ākāreṇeti śeṣaḥ | etena sṛṣṭi-sthiti-pralaya-hetur ahetur asya [bhā.pu. 11.3.35] ity-ādi pratipāditaṁ bhagavaj-jñānam evopadiṣṭam |",9
2170,"nanu sarvatra ghaṭa-paṭākārā ye dṛśyante te tu tad-rūpāṇi na bhavantīti tavāpūrṇatva-prasaktiḥ syāt ? ity āśaṅkyāha—yad etad viśvaṁ tad apy aham, eva mad-ananyatvān mad-ātmakam evety arthaḥ | anena, ",3
2172,samāsena harer nānyad anyasmāt sad-asac ca yat || [bhā.pu. 2.7.50],4
2174,tathā pralaye yo’vaśiṣyate so’ham evāsmy eva | etena ,3
2176,ātmecchānugatāv ātmā’nānā-maty-upalakṣaṇaḥ || [bhā.pu. 3.5.23],5
2178,tathā pūrvaṁ svānugraha-prakāśyatvena pratijñātaṁ yāvattvaṁ sarva-kāla-deśāparikcchedyatva-jñāpanāyopadiṣṭam | evaṁ nānyad yat sad-asat-param ity anena brahmaṇo hi pratiṣṭhāham [gītā 14.27] iti jñāpanayā yathā-bhāvatvam | sarvākārāvayavi-bhagavad-ākāra-nirdeśena vilakṣaṇānanta-rūpatva-jñāpanayā yad-rūpatvam | sarvāśrayāti-nirdeśena vilakṣaṇānanta-guṇatva-jñāpanayā yad-guṇatvam | sṛṣṭi-sthiti-pralayopalakṣita-vividha-kriyāśrayatva-kathanena laukikānanta-karmatva-jñāpanayā yat-karmatvaṁ ca || ,12
2180,"ṛte’rtham [bhā.pu. 2.9.33] ity-ādi | pūrvaṁ vyākhyātam eva | saṅkṣepaś cāyam arthaḥ—parama-puruṣārtha-bhūtaṁ mām ṛte mad-darśanād anyatraiva yat pratīyeta, yac cātmani na pratīyeta, māṁ vinā svataḥ pratītir api yasya nāstīty arthaḥ, tad vastu ātmano mama parameśvarasya māyāṁ vidyāt | ",16
2181,atra dṛṣṭāntaḥ—yathā’bhāsaḥ pratibimba-raśmiḥ | yathā ca tamas timiram iti | tatrābhāsasya tādṛśatvaṁ spaṣṭam eva | tamaso’pi jyotir darśanād anyatraiva pratīter jyotir-ātmakaṁ cakṣur vinā cāpratītir iti | ,7
2188,tathā teṣu na teṣv aham [bhā.pu. 2.9.34],2
2189,"yathā mahā-bhūtāni bhūteṣv apraviṣṭāni bahiḥ-sthitāny api anupraviṣṭāny antaḥ-sthitāni bhānti, tathā lokātīta-vaikuṇṭha-sthitatvena apraviṣṭo’py ahaṁ teṣu tat-tad-guṇa-vikhyāteṣu na teṣu praṇata-janeṣu praviṣṭo hṛdi sthito’haṁ bhāmi | atra mahā-bhūtānām aṁśa-bhedena praveśāpraveśau tasya tu prakāśa-bhedeneti bhede’pi praveśāpraveśa-mātra-sāmyena dṛṣṭāntaḥ | tad evaṁ teṣāṁ tādṛg-ātma-vaśa-kāriṇī prema-bhaktir nāma rahasyam iti sūcitam | tathā ca brahma-saṁhitāyām—",10
2193,govindam ādi-puruṣaṁ tam ahaṁ bhajāmi || [bra.saṁ. 5.29],2
2197,govindam ādi-puruṣaṁ tam ahaṁ bhajāmi || [bra.saṁ. 5.30],2
2200,mayi te teṣu cāpy aham [gītā 9.29] iti gītopaniṣadaś ca |,2
2205,yan me hṛdautkaṇṭhyavatā dhṛto hariḥ || [bhā.pu. 2.6.34] iti |,2
2206,"yadyapi vyākhyāntarānusāreṇāyam artho’palapanīyaḥ syāt, tathāpy asminn evārthe tātparyaṁ, pratijñā-catuṣṭaya-sādhanāyopakrāntatvāt, tad-anuktrama-gatatvāc ca | kiṁ ca, tasminn arthe na teṣv iti chinna-padam api vyarthaṁ syāt, dṛṣṭāntasyaiva kriyābhyām anvayopapatteḥ | api ca, rahasyatvaṁ nāma hy etad eva, yat parama-durlabhaṁ vastu duṣṭodāsīna-jana-dṛṣṭi-nivāraṇārthaṁ sādhāraṇa-vastv-antareṇācchādyate, yathā cintāmaṇiḥ sampuṭādinā | ata eva parokṣa-vādā ṛṣayaḥ parokṣaṁ ca mama priyam [bhā.pu. 11.21.35] iti śrī-bhagavad-vākyaṁ ca | ",3
2207,"tad eva ca parokṣaṁ kriyate, yad adeyaṁ virala-pracāraṁ mahad vastu bhavati | asyaivādeyatvaṁ virala-pracāratvaṁ mahattvaṁ ca, muktiṁ dadāti karhicit sma na bhakti-yogam [bhā.pu. 5.6.18] ity-ādiṣu bahutra vyaktam | ",3
2208,"svayaṁ caitad eva śrī-bhagavatā parama-bhaktābhyām arjunoddhavābhyāṁ kaṇṭhoktyaiva kathitam—sarva-guhyatamaṁ bhūyaḥ śṛṇu me paramaṁ vacaḥ [gītā 18.64] ity-ādinā, sugopyam api vakṣyāmi [bhā.pu. 11.11.46] ity-ādinā ca |",5
2213,sarvātmany akhilādhāre iti saṅkalpya varṇaya || [bhā.pu. 2.7.51-52],2
2214,tasmāt sādhu vyākhyātaṁ svāmi-caraṇair api rahasyaṁ bhaktir iti ||,3
2219,yat syāt sarvatra sarvadā || [bhā.pu. 2.9.35],2
2220,ātmano mama bhagavatas tattva-jijñāsunā prema-rūpaṁ yāthārthyaṁ rahasyam anubhavitum icchunā etāvad eva jijñāsyaṁ śrī-guru-caraṇebhyaḥ śikṣaṇīyam | kiṁ tat ? sad ekam eva anvaya-vyatirekābhyāṁ vidhi-niṣedhābhyāṁ sadā sarvatra syād upapadyate | yathā—,12
2222,vāsudeve bhagavati bhakti-yogo yathā bhavet || [bhā.pu. 2.2.33],2
2225,śrotavyaḥ kīrtitavyaś ca smartavyo bhagavān nṝṇām || [bhā.pu. 2.2.36],2
2227,"tasmāt sva-jñāna-vijñāna-rahasya-tad-aṅgānām upadeśena catuḥślokyām api svayaṁ śrī-bhagavān evopadiṣṭaḥ | ataḥ tasmai sva-lokaṁ bhagavān sabhājitaḥ [bhā.pu. 2.9.9] iti bhagavac-chabdena, dadarśa tatrākhila-sātvatāṁ patim [bhā.pu. 2.9.15] ity atra tāpanī-śruty-anukūlitaṁ śrī-kṛṣṇa-liṅgatvena ca | asya vaktuḥ śrī-bhagavattvam eva sphuṭam | na jātu tad-aṁśa-bhūta-nārāyaṇākhya-garbhoda-śāyi-puruṣatvam |",5
2228,"ata evāsya mahā-purāṇasyāpi śrī-bhāgavatam ity eva vyākhyā | tathaivoktam—kasmai kena vibhāṣito’yam atulo jñāna-pradīpaḥ purā ity-ādau, tac chuddhaṁ vimalaṁ viśokam amṛtaṁ satyaṁ paraṁ dhīmahi [bhā.pu. 12.13.19] ity atra para-śabdena bhagavad-vaktṛtvam | ādyo’vatāraḥ puruṣaḥ parasya [bhā.pu. 2.6.42] iti dvitīye bhedābhidhānāt | ",9
2231,sthitāya bhava-bhītāya kāruṇyāt samprakāśitam || [bhā.pu. 12.13.10],2
2233,|| 2.9 || śrī-bhagavān brahmāṇam || 96 ||,2
2238,vicārya ca jñātum icchen mumukṣuḥ || iti caturveda-śikhāyām | ,2
2239,yaṁ sarve devā ānamanti mumukṣavo brahma-vādinaś ca [nṛ.tā.u. 2.4.10] iti śrī-nṛsiṁha-tāpanyām |,2
2240,"sarve vedā yat padam āmananti tapāṁsi sarvāṇi ca yad vadanti [ka.u. 1.2.15], nāveda-vin manute taṁ bṛhantaṁ sarvānubhūtam ātmānaṁ sāmparāye [?], taṁ tv aupaniṣadaṁ puruṣaṁ pṛcchāmi [bṛ.ā.u. 3.9.27] ity-ādir anyatra śrutau | ",6
2241,"vedaiś ca sarvair aham eva vedyo vedānta-kṛd veda-vid eva cāham [gītā 15.15] iti śrī-gītopaniṣatsu, siddhānte punar eka eva bhagavān viṣṇuḥ samastāgama-vyāpāreṣu vivecana-vyatikaraṁ nīteṣu niścīyate [pa.pu. 5.97.27] iti pādme, sarva-nāmābhidheyaś ca sarva-vedeḍitaś ca sa iti skānde, natāḥ sma sarva-jagatāṁ vacasāṁ pratiṣṭhā yatra śāśvatī [vi.pu. 1.14.23] iti vaiṣṇave |",8
2243,sa-pañcarātrān vijñāya viṣṇur jñeyo na cānyathā || iti brahma-tarke  |,3
2246,vikalpyāpohyate hy aham | [bhā.pu. 11.21.42] iti |,2
2247,"mām eva yajña-puruṣaṁ vidhatte, śrutir mām eva tat-tad-devatā-rūpam abhidhatte | yac cākāśādi-prapañca-jātaṁ—tasmād vā etasmād ātmana ākāśaḥ sambhūtaḥ [tai.u. 2.1.3] ity-ādinā vikalpyāpohyate, tad apy aham eva | na mattaḥ pṛthag asti, sarvasya mad-ātmakatvād iti bhāvaḥ ||",12
2258,svātmārpaṇaṁ sva-suhṛdaḥ paramasya puṁsaḥ || [bhā.pu. 7.6.26] iti |,2
2263,sākṣāt sad-asataḥ pare || [bhā.pu. 10.87.1],2
2264,"asyārthaḥ—aśrutayas tāvac chabda-mātrasya sādhāraṇyād guṇeṣu sattvādiṣu vṛttir yāsāṁ tādṛśyo dṛśyante | brahma tu nirguṇaṁ sattvādi-guṇātītaṁ, tasmād eva anirdeśyam | tat-tad-guṇa-kārya-bhūta-jāti-guṇa-kriyākhyānāṁ guṇāntarāṇām abhāvāspadatvāt tādṛśa-dravyasyāpy aprasiddhatvād anirdeśyaṁ sattvādi-kārya-bhūtābhyāṁ sad-asadbhyāṁ kārya-kāraṇābhyāṁ param iti tena tenāsambandhaṁ cety arthaḥ | ",9
2265,"tathā ca sati yathā ḍittha-vāci kasmiṁścid advitīye dravye tac-chabdasya mukhyā vṛttiḥ pravartate | yathā ca “siṁho devadattaḥ” ity atra gauṇyā vṛttyā śaurya-guṇa-yukte devadatte siṁha-śabdaḥ pravartate | yathā ca “gaṅgāyāṁ ghoṣaḥ” ity atra-lakṣaṇayā vṛttyā gaṅgā-śabdas tasminn ity asambandhe taṭe pravartate | tathā tat-tad-bhāvāspade brahmaṇi tayā tayā vṛttyā śrutayaḥ kathaṁ pravarteran ? śrutīnāṁ ca śāstra-yonitvāt [ve.sū. 1.1.3] iti-nyāyena tat-pratipādakatāyām ananyānāṁ tatra pravṛttir avaśyaṁ vaktavyā | svataḥ-pramāṇānāṁ ca tāsāṁ mukhyā pravṛttis tu viśeṣato vaktavyā | tasmāt tasmiṁs tāḥ sākṣād-rūpatayā mukhyayā vṛttyā kena prakāreṇa caranti | taṁ prakāraṁ viśeṣataḥ kṛpayāpi svayam upadiśeti | anyathā padārthatvāyogād apadārthasya ca vākyārthatvāyogān na śruti-gocaratvaṁ brahmaṇaḥ syād iti sthite kutastarāṁ tad uparicara-sphūrter bhagavatas tad-gocaratvaṁ, tat katham evaṁ sva-bhaktayoḥ [bhā.pu. 10.86.59] ity-ādau svatāṁ svataḥ-pramāṇa-bhūtānāṁ vedānāṁ mārgaṁ bhagavat-paratvam ādiśyety uktam iti |a ",12
2271,ātmane’kalpanāya ca || [bhā.pu. 10.87.2],2
2272,"buddhy-ādīn upādhīn janānām anuśāyināṁ jīvānāṁ mātrādy-arthaṁ prabhuḥ parameśvaro’sṛjat, na tu janāḥ svāvidyayāsṛjann iti vivarta-vādaḥ parihṛtaḥ | mīyanta iti mātrā viṣayāḥ, tad-artham | bhavārthaṁ bhavo janma-lakṣaṇaṁ karma tat-prabhṛti-karma-karaṇārtham ity arthaḥ | ātmane lokāntara-gāmine, ātmanas tat-tal-loka-bhogāyety arthaḥ | akalpanāya kalpanā-nivṛttaye muktaye ity arthaḥ | ",17
2273,"artha-dharma-kāma-mokṣārtham iti krameṇa pada-catuṣṭayasyārthaḥ | mokṣo’py atra cin-mātratayāvasthiti-rūpaḥ, yathāvarṇa-vidhānam apavargaś ca bhavati [bhā.pu. 5.19.19], yo’sau bhagavati [bhā.pu. 5.19.20] ity-ādinā, ananya-nimitta-bhakti-yoga-lakṣaṇo nānā-gati-nimittāvidyā-granthi-randhana-dvāreṇa [bhā.pu. 5.19.20] ity-antena pañcamokta-gadyena tathā niruktatvāt | sādhya-bhakti-prādurbhāva-lakṣaṇaś ceti dvividho jñeyaḥ, ubhayatrāpi kalpanā-rūpāvidyāyā nivṛtteḥ | ",7
2277,yathā brahmaṇy anirdeśye nirguṇe’pi manaś caret || [bhā.pu. 10.87.49] iti |,2
2278,"atra mana iti, tatra buddhy-ādau cic-chaktis tadīyāprākṛta-paramānanda-svarūpa-tādṛśa-guṇādi-svayaṁ-prakāśamayī vacasi ca tat-tan-nirdeśa-mayīti jñeyam | ato’prākṛta-tādṛśa-svarūpādyālambanena śrutayaś caranti [bhā.pu. 10.87.1] iti siddhāntayiṣyate | ",5
2279,"tad evaṁ pauruṣasyāpi vacaso bhagavac-caritraṁ siddham | yathoktam—yasmin prati ślokam abaddhavaty api [bhā.pu. 1.5.11] iti | tathā ca sati, tathāvidha-vaca-ādīnām ekāśrayasya sākṣād-bhagavan-niśvāsāvirbhāvino’pauruṣeyasya tac-cāritvaṁ kim uta | tasmāt sākṣāc caranty eva śrutayaḥ | vakṣyate ca—kvacid ajayātmanā ca carato’nucaren nigamaḥ [bhā.pu. 10.87.14] iti | tathā ca praṇavam uddiśyoktaṁ dvādaśe—",5
2281,sa sarva-mantropaniṣad veda-bījaṁ sanātanam || [bhā.pu. 12.6.41] iti |,2
2282,śrutau ca—om ity etad brahmaṇo nediṣṭhaṁ nāma [śruti] iti nediṣṭhaṁ lakṣaṇādi-vyavadhānaṁ vinety arthaḥ | ata eva kena ca prakāreṇa sākṣāc caranti sa kathyatām ity evaṁ rājābhiprāyaḥ | atra śabda-nirdeśyatve doṣas tv agre dyupatayaḥ [bhā.pu. 10.87.41] ity atra parihāryaḥ |,9
2288,jīvasya tattva-jijñāsā nārtho yaś ceha karmabhiḥ ||  [bhā.pu. 1.2.9-10] iti |,4
2289,"tataś ca yathā buddhy-ādayo’ntarmukhatā-tāratamyena cic-chaktyāvirbhāvāt pare tattve tāratamyena caranti, tathā śruti-lakṣaṇaṁ vacanam api cic-chakti-prakāśānukrameṇa traiguṇya-viṣayatvam atikramya kevala-nairguṇya-viṣayam eva sat, tasmin nirguṇe tattve samyag eva carituṁ śaknoti, aguṇa-vṛttitvena yogyatvāt | tad uktaṁ dvādaśe praṇavam upalakṣya—",3
2291,yat tal liṅgaṁ bhagavato  brahmaṇaḥ paramātmanaḥ || [bhā.pu. 12.6.39] iti ||,4
2297,tal-liṅgaiḥ śrutayaḥ param || [bhā.pu. 10.87.12],2
2298,"svayaṁ nirmitam idaṁ viśvaṁ laya-samaye āpīya saṁhṛtya śaktibhiḥ saha śayānaṁ prakṛtiṁ puruṣaṁ tad-aṁśāṁś cātma-sātkṛtya tat-kāryaṁ prati nimīlitākṣaṁ paraṁ bhagavantaṁ tad-ante pralaya-kālāvasāna-prāye tal-liṅgais tat-pratipādakair vākyaiḥ śrutayaḥ prabodhayāñcakruḥ prātaḥ prabodhana-stuti-bhaṅgyā tuṣṭuvur ity arthaḥ | asya bhagavattvam eva gamyate, na tu puruṣatvam |  ",20
2300,ātmecchānugatāv ātmā’nānā-maty-upalakṣaṇaḥ ||  [bhā.pu. 3.5.23],4
2306,bodhayanty anujīvinaḥ || [bhā.pu. 10.87.13],2
2307,"tasya samrājaḥ parākramo yatra taiḥ, na tu nirviśeṣatva-vyañjakaiḥ śobhanaiḥ ślokaiḥ | yathā śayānaṁ samrājam ity asyāyam abhiprāyaḥ—yathā rātrau samrāṭ mahiṣībhiḥ krīḍann api bahiḥ-kāryaṁ parityajyāntar-gṛhādau sthitatvāt taj-janaiḥ śayāna evocyate, vandibhiś ca tat-prabhāva-maya-śloka-kṛta-prabodhana-bhaṅgyā stūyate, tathāyaṁ bhagavān tadānīṁ jagat-kāryākṛta-dṛṣṭir nigūḍhaṁ nija-dhāmni nija-parikaraiḥ krīḍann apīti, anujīvina ity anena te yathā tan-marmajñāḥ, tathā tā apīti sūcitam ||",12
2312,kvacid ajayātmanā ca carato’nucaren nigamaḥ || [bhā.pu. 10.87.14],2
2313,"bhoḥ ajita ! jaya jaya nijotkarṣam āviṣkuru | ādare vīpsā | atrājiteti sambodhanenedaṁ labhyate, nāma-vyāharaṇaṁ viṣṇor yatas tad-viṣayā matiḥ [bhā.pu. 6.2.10] iti nyāyena nāmnā bhagavān asau sākṣād abhimukhīkriyata iti liṅgād eva tac-chrī-vigrahavat tad api tat-svarūpa-bhūtam eva bhavati, tad-vijātīyena tad-abhimukhī-karaṇānarhatvāt | ata eva bhaya-dveṣādau śrī-mūrteḥ sphūrter iva sāṅketyādāv apy asya prabhāvaḥ śrūyate | viśeṣataś cātra śruti-vidvad-anubhavāv api pūrvam eva pramāṇīkṛtau | tasmād yat tattvaṁ śrī-vigraha-rūpeṇa cakṣur-ādāv udayate, tad eva nāma-rūpeṇa vāg-ādāv iti sthitam | tasmān nāma-nāminoḥ svarūpābhedena tat-sākṣāt-kāre tat-sākṣāt-kāra evety ataḥ kiṁ vaktavyam anyatrānyavad bhagavati śrutayo’pi jāty-ādi-kṛta-saṁjñā-saṁjñi-saṅketādi-rītyā rūḍhy-ādi-vṛttibhiś carantīti | yāsāṁ śruty-abhidhānāṁ vallīnāṁ sākṣāt tathā-bhūtāni nāmāny eva phalānīti | ",10
2314,"utkarṣam āviṣkurv ity anena itthaṁ sarvotkṛṣṭatā-guṇa-yogena mukhyayaiva vṛttyā śrutayas tasmiṁś carantīti darśitam | śrutayaś ca—na te mahi tvām anv aśnuvanti [?], na tat-samaś cābhyadhikaś ca dṛśyate [śve.u. 6.8] ity-ādyāḥ | atra śrutayo jaya jayeti sva-bhaktyāviṣkārāt bhaktim eva tat-prakāśe hetuṁ gamayanti | ",7
2315,kena vyāpāreṇotkarṣam āviṣkaravāṇi ? ity āśaṅkya māyā-nirasana-dvārā sva-bhakti-dānenaivety āhuḥ—ajāṁ māyāṁ jahi | ,7
2316,"nanu māyā nāma vidyāvidyā-vṛttikā śaktiḥ | tarhi tad-dhanane vidyāyā api hatiḥ syāt ? ity atra āha—doṣa-gṛbhīta-guṇāṁ, jīvānām ātma-vismṛti-hetāv avidyā-lakṣaṇe doṣe eva gṛbhīto gṛhītas tat-smṛti-hetu-vidyā-lakṣaṇo guṇo yayā tām | svayam eva svāveśenāvidyā-lakṣaṇaṁ doṣam utpādya kvacid eva kadācid eva kathañcid eva kañcid eva jīvaṁ tyajatīti tasyās tyāgātmaka-vidyākhya-guṇo’pi doṣa eva | tasmāt tāṁ nirmūlāṁ vidhāya jīvebhyo nija-caraṇāravinda-viṣayāṁ bhaktim eva diśeti tātparyam |",9
2317,"ato māyā-ghātana-yogya-śaktitvena tad-atītatvaṁ vyapadiśya sac-cid-ānanda-ghanatvaṁ bhagavato vyañjayantyo’tan-nirasana-mukhena tātparya-vṛttyā śrutayaś carantīti vyañjitam | śrutayaś ca—māyāṁ tu prakṛtiṁ vidyān mayinaṁ tu maheśvaram [śve.u. 4.10] iti, ajām ekām [śve.u. 4.5] iti, sarvasyādhipatiḥ sarvasyeśānaḥ [bṛ.ā.u. 4.6.1], sa vā eṣa neti neti [bṛ.ā.u. 4.4.22] ity-ādyāḥ | ",13
2318,"nanu māyā-nāśaṁ samprārthya mama tad-upādhikam aiśvaryādikam api nāśayitum icchathety atra samādadhate—tvam iti | yad yasmāt tvam ātmanā svarūpeṇaiva samavaruddha-samasta-bhagaḥ prāpta-tripād-vibhūty-ākhya-sarvaiśvaryādir asi, tasmāt tava tayā tucchayā tad-upādhikair aiśvaryādibhir vā kim ity arthaḥ |",7
2319,"tathā ca, sa yad ajayā tv ajām [bhā.pu. 10.87.38] ity atra padye ṭīkā—",3
2320,"nahi nirantarāhlādi-saṁvit-kāma-dhenu-vṛnda-pater ajayā kṛtyam iti | tathā na hy anyeṣām iva deśa-kālādi-paricchinnaṁ tavāṣṭa-guṇitam aiśvaryaṁ, api tu paripūrṇa-svarūpānubandhitvād aparimitam ity arthaḥ | ity eṣā |",3
2321,"atrātma-śabdena svarūpa-mātra-vācakena, tathā bhaga-śabdena svarūpa-bhūta-guṇa-vācakenedaṁ dhvanyate—svarūpādi-śabdā īśvarādi-śabdāś ca svarūpa-mātrāvalambanayā svarūpa-bhūta-guṇāvalambanayāpi rūḍhyā nirdeṣṭuṁ śaknuvantīti | śrutayaś ca—yad-ātmako bhagavān tad-ātmikā vyaktiḥ [?] ity-ādyāḥ, parāsya śaktir vividhaiva śrūyate [śve.u. 6.8] ity-ādikāś ca | ",5
2322,"sā ca svarūpa-śaktiḥ sarvair evāvagamyata ity āhuḥ—agāni sthāvarāṇi jaganti jaṅgamāni okāṁsi śarīrāṇi yeṣāṁ, teṣāṁ sarveṣām eva jīvānāṁ yā akhilāḥ śaktayas tāsām avabodhaka iti sambodhanam | teṣu vicitra-śakti-vyañjakatā-darśanān māyāyā api tvad-īkṣaṇenaiva kṣamatvāt tvaṁ svarūpa-bhūtāśeṣa-śakti-laharī-ratnākara ity anumīyata ity arthaḥ | ",11
2323,"yad vā, nanu māyā-hananena tad-upādher jīvasya tu śakti-hāniḥ syāt ? tatrāhuḥ—aga- iti | atha pūrvavad eva | tataḥ svarūpa-śaktyaiva pratyuta teṣāṁ sukhaika-pradā pūrṇā śaktir bhaviṣyatīti bhāvaḥ | atretthaṁ taṭastha-lakṣaṇena śrutayaś carantīty uktam | śrutayaś ca—ko hy evānyād [tai.u. 2.7] ity-ādikāḥ, prāṇasya prāṇam [bṛ.ā.u. 4.4.18] ity-ādikāḥ, tam eva bhāntam [kaṭha.u. 2.2.15] ity-ādikāḥ, dehānte devas tārakaṁ brahma vyācaṣṭe [nṛ.tā.u. 1.7] iti, yasya deve parā bhaktir [śve.u. 6.23] ity-ādyāś ca |",17
2324,"nanu viśeṣato bhavatyaḥ kathaṁ jānanti yad ajayā mama kṛtyaṁ nāsti, tathā sac-cid-ānanda-ghana eva svarūpa-śaktyā samavaruddha-samasta-bhagaḥ ? iti tatrāhuḥ—kvacid iti | kvacit kadācit sṛṣṭy-ādi-samaye puruṣa-rūpeṇa ajayā māyayā carataḥ krīḍataḥ nityaṁ ca svarūpa-śaktyāviṣkṛta-svarūpa-bhūta-bhagena satya-jñānānandaika-rasenātmanā caratas tavāsmal-lakṣaṇo nigamaḥ śabda-rūpeṇa devatā-rūpeṇa ca anucaret sevate | tasmād vayaṁ tat sarvaṁ jānīma ity arthaḥ | karmaṇi ṣaṣṭhī | ",11
2325,"etad uktaṁ bhavati—atra dvividho vedaḥ—traiguṇya-viṣayaḥ, nistraiguṇya-viṣayaś ca | tatra traiguṇya-viṣayas trividhaḥ | prathama-prakāras tāvat tad-avalambana-tāṭasthyena tal-lakṣakaḥ | yathā, yato vā imāni bhūtāni [tai.u. 3.1.1] ity-ādiḥ | dvitīya-prakāraś ca triguṇa-maya-tad-īśitavyādi-varṇanādi-dvārā tan-mahimādi-darśakaḥ | yathā indro yato’vasitasya rājā [ṛ.ve. 1.38.15] ity-ādiḥ | tṛtīya-prakāraś ca traiguṇya-nirāsena parama-vastūddeśakaḥ | so’py ayaṁ dvividhaḥ—niṣedha-dvārā, sāmānādhikaraṇya-dvārā ca | tatra pūrva-dvārā asthūlam anaṇu [bṛ.ā.u. 3.8.8], neti neti [bṛ.ā.u. 3.9.26] ity-ādiḥ | uttara-dvārā, sarvaṁ khalv idaṁ brahma [bṛ.ā.u. 3.14.1], tat tvam asi [chā.u. 6.8.7] ity-ādiḥ | ",16
2326,"pūrva-vākye taj-jātatvād iti hetoḥ sarvasyaiva brahmatvaṁ nirdiśya tatrāviṣkṛtaḥ sad idam iti pratīti-paramāśrayo yo’ṁśaḥ sa eva śuddhaṁ brahmety uddiśyate | uttara-vākye tvaṁ-padārthasya tadvac cid-ākāra-tac-chakti-rūpatvena tat-padārthaikyaṁ yad upapādyate, tenāpi tat-padārtho brahmaivoddiśyate | tat-padārtha-jñānaṁ vinā tvaṁ-padārtha-jñāna-mātram akiñcit-karam iti tat-padopanyāsaḥ | traiguṇyātikramas tūbhayatrāpi | atra traiguṇya-nirāsena tad-uddeśena yatra tadīya-dharmāḥ spaṣṭam eva gamyate, tatra bhagavat-paratvam | yatra tv aspaṣṭaṁ, tatra brahma-paratvam ity avagantavyam | vyākhyātas traiguṇya-viṣayaḥ | tad etad ajayā carato’nucared iti vyākhyātam | ",6
2327,"atha nistraiguṇyo’pi dvividhaḥ—brahma-paraḥ, bhagavat-paraś ca | yathā ānando brahma [tai.u. 3.6.1] ity-ādiḥ | ",3
2331,svābhāvikī jñāna-bala-kriyā ca || [śve.u. 6.8] ity-ādiś ca |,2
2332,"tad etad ātmanā carato’nucaren nigamaḥ iti vyākhyātam | ataḥ śrutes tac-cāritvaṁ siddham | sākṣāc-cāritvaṁ ca nistraiguṇyānāṁ svata eva, anyeṣāṁ tu tad-eka-vākyatayā jñeyam | māyā-nirasanārtham eva tat-tad-guṇānuvādaḥ kriyate | paścād akhaṇḍam eva tāṁ nirasya sākṣād-bhagavat-svarūpa-guṇādikaṁ nirdiśyata iti tad eka-vākyatā-dyotanayā sa eṣa eva siddhānto’sminn upakrama-vākye samuddiṣṭaḥ | tathopasaṁhāre ca—śrutayas tvayi hi phalanty atan-nirasanena bhavan-nidhanāḥ [bhā.pu. 10.87.41] iti | śrutayaś ca madhva-bhāṣya-pramāṇitāḥ—na cakṣur na śrotraṁ na tarko na smṛtir vedo hy evainaṁ vedayati [ve.sū. 2.1.3-dhṛta-bhāllaveya-śrutiḥ] ity-ādyāḥ, aupaniṣadaḥ puruṣaḥ [bṛ.ā.u. 3.9.26] ity-ādyāś ca ||",11
2337,katham ayathā bhavanti bhuvi datta-padāni nṝṇām || [bhā.pu. 10.87.15],2
2338,"etat sarvaṁ bṛhad brahmaiva upalabdham avagatam | tat kathaṁ ? vikṛter viśvasya sakāśād avaśiṣyamāṇatvena | kiṁ iva ? mṛd iva | y8 viKer ghaṭādeḥ sakāśād avaśiṣyamāṇatvena sarvaṁ ghaṭādi-dravyaṁ mṛd evopalabdhā dṛṣṭā, tathā bṛhad apīty arthaḥ | tatra hetuḥ—yato bṛhataḥ sakāśād vikṛter udayāsta-mayau avayanti manyante śrutayaḥ, yato vā imāni [tai.u. 3.1.1] ity ādyāḥ | tasmān mṛt-sāmyaṁ tasya yujyata iti bhāvaḥ | ",24
2339,"tarhi kathaṁ tad-vikāri tvam api na ? ity āhuḥ—avikṛtāt, śrutes tu śabda-mūlatvāt [ve.sū. 2.1.27] iti nyāyenācintya-śaktyā tathāpy avikṛtam eva yat, tasmād ity arthaḥ | yadyapy atrāpi sa-śaktikam eva bṛhad upapadyate, tathāpy āviṣkṛta-bhagavattvenānupādānāt brahmaivopapāditaṁ bhavati, sarvathā śakti-parityāge tad-upapādānāsāmarthyāt tucchatvāpātāc ca | tasmād atra brahmaivodāhṛtam | ata eva mṛn-mātra-dṛṣṭāntena kartṛtvādikam api tatra nopasthāpitam | ",7
2340,"tad etad brahma-pratipādanam api śrī-bhagavaty eva paryavasyatīty āhuḥ—ata iti | ato brahma-pratipādanād api ṛṣayo vedās tvayi śrī-bhagavaty eva manasa ācaritaṁ tātparyaṁ, vacanasyācaritam abhidhānaṁ ca dadhur dhṛtavantaḥ | dvayor eka-vastutvād bhagādīnām āviṣkārānāviṣkāra-darśana-mātreṇa bheda-kalpanāc ca tatrārthāntara-nyāsaḥ | ",15
2341,"nṝṇāṁ bhū-carāṇāṁ samyag-darśinām asamyag-darśināṁ vā bhuvi dattāni nikṣiptāni padāni katham ayathā bhavanti ? bhuvaṁ na prāpnuvanti, api tu tatraiva paryavasyanti | tasmād yathā katham api pratipādayantu, phalitaṁ tu tvayy eva bhavatīti bhāvaḥ | tad uktaṁ—",12
2343,dvayor apy eka evārtho bhagavac-chabda-lakṣaṇaḥ || [bhā.pu. 3.32.32] iti |,2
2344,"atra śrutayaś madhva-bhāṣya-pramāṇitāḥ—hanta tam eva puruṣaṁ sarvāṇi nāmāny abhivadanti | yathā nadyaḥ syandamānāḥ samudrāyaṇāḥ samudram abhiviśanti, evam evaitāni nāmāni sarvāṇi puruṣam abhiviśanti iti ||",3
2349,parama bhajanti ye padam ajasra-sukhānubhavam || [bhā.pu. 10.87.16],2
2350,"bhos try-adhipate ! trayāṇāṁ brahmādīnāṁ patis tat-tad-avatārī nārāyaṇākhyaḥ puruṣas tasyāpy uparicara-svarūpatvād adhipatir bhagavān | tato he sarveśvareśvara ! yasmāt tvayy eva vedānāṁ tātparyam abhidhānaṁ ca paryavasitam iti, ato hetor eva sūrayo vivekinaḥ paramparā-tvat-pratipādana-mayaṁ veda-bhāgam api parityajya kevalaṁ tavākhila-loka-mala-kṣapaṇa-kathāmṛtābdhiṁ sakala-loka-vṛjina-nirasana-hetu-kīrti-sudhā-sindhum avagāhya śraddhayā niṣevya, tapaḥ-prādhānyena tāpakatvena vā tapāṁsi karmāṇi tāni jahus tyaktavantaḥ | teṣāṁ sādhakānām api yadi tatraivaṁ, tadā kim uta vaktavyaṁ ? svadhāma-vidhutāśaya-kāla-guṇāḥ śuddhātma-svarūpa-sphuraṇena nirjitam antaḥkaraṇaṁ jarādi-hetuḥ kāla-prabhāvaḥ sattvādayo guṇāś ca yais te, ye punaḥ tavājasra-sukhānubhava-svarūpaṁ padaṁ brahmākhyaṁ tattvaṁ bhajanti, te tam avagāhya tāni jahur iti | kiṁ tarhi brahma-mātrānubhva-niṣṭhām api jahur ity arthaḥ | ",19
2353,"api ca, tathā sati ye punar ātmārāmatvena parama-kṛtārthās te tad-anādareṇa tat-kathāṁ naivāvagāheran | amṛta-sarasīm avagāḍhā āropita-tad-adhika-guṇaka-nadīvat | śrūyate ca tasyās tat-tad-guṇakatvam | yathā vaiṣṇave—hanti kaluṣaṁ śrotraṁ sa yāto hariḥ [vi.pu. 6.8.57] ity ādau | atraiva, tvad-agavamī na vetti [bhā.pu. 10.87.40] ity-ādau | prathame, harer guṇākṣipta-matiḥ [bhā.pu. 1.7.11] ity-ādau | tasmād guṇānāṁ guṇādi-pratipādaka-vedānāṁ ca bhagavatā sambandhaḥ svābhāvika eva sarvatheti siddham |  ",7
2354,atra śrutayaḥ—om āsya jānanta [ṛ.ve. 1.156.3] ity-ādyāḥ | yathā puṣkara-palāśam āpo na śliṣyanti evam evaṁ-vidaṁ pāpaṁ karma na śliṣyati [chā.u. 4.14.3],5
2358,sādhu karavaṁ kim ahaṁ nākaravam || ity-ādyāḥ |,7
2359,muktā hy enam upāsata ity-ādyāś ca | evam anye’pi ślokā upāsanādi-vākyānāṁ bhagavat-paratā-darśakā yathāyathaṁ yojayitavyā ity abhipretya noddhiyante | ,2
2360,"nanu tarhi bhavan-mate śabda-nirdeśyatve prākṛtatvam eva tatrāpatati ? kiṁ ca, śrutibhir api yato vāco nivartante aprāpya manasā saha [tai.u. 2.9], avacanenaiva provāca [mādhva-bhāṣya 1.1.5], yad-vācānabhyuditaṁ yena vāg abhyudyate [kena.u. 1.4], yat śrotraṁ na śṛṇoti yena śrotram idaṁ śrutam [kena.u. 1.7] ity-ādau śabda-nirdeśyatvam eva tasya niṣidhyata ity āśaṅkāyām ucyate—yathā sākṣān-nirdeśyatve doṣas tathā lakṣyatve’pi kathaṁ na syāt ? ubhayatrāpi śabda-vṛtti-viṣayatvenāviśeṣāt | ",13
2366,tvayi hi phalanty atan-nirasanena bhavan-nidhanāḥ || [bhā.pu. 10.87.41],2
2367,"atra svarūpa-guṇayor dvayor api dvidhaivānirdeśyatvam, ānantyena idam itthaṁ tad iti nirdeśāsambhavena ca | tatra prathamam ānantyam āhuḥ—he bhagavan ! te tava antam etāvattvaṁ dyupatayaḥ svargādi-loka-patayo brahmādayo’pi na yayur na viduḥ | tat kutaḥ ? anantatayā, yad antavad vastu tat kim api na bhavasīti | āsatāṁ te, yasmāt tvam api ātmano’ntaṁ na yāsi | ",11
2368,"kutas tarhi sarvajñatā sarva-śaktitā vā ? tatrāpy āhuḥ—anantatayeti antābhāvenaiva, na hi śaśa-viṣāṇājñānaṁ sārvajñyaṁ, tad-aprāptir vā śakti-vaibhavaṁ vihanti | śrutiś ca—yo’syādhyakṣaḥ parame vyoman | so’ṅga veda yadi vā na veda [ṛg-veda 10.130.18] iti | ",5
2369,anantatvam evāhuḥ—yad-antara iti yasya tavāntarā madhye | ,3
2370,"nanu aho sāvaraṇā uttarottara-daśa-guṇa-saptāvaraṇa-yuktā aṇḍa-nicayā vānti paribhramanti vayasā kāla-cakreṇa khe rajāṁsi iva saha ekadaiva, na tu paryāyeṇa | anena brahmāṇḍānām anantānāṁ tatra bhramaṇāt svarūpa-gatam ānantyaṁ teṣāṁ vicitra-guṇānām āśrayatvāt guṇa-gataṁ ca jñeyam | śrutayaś  ca—yad ūrdhvaṁ gārgi divaḥ yad arvāk pṛthivyā yad antaraṁ dyāv āpṛthivī ime yad bhūtaṁ bhavac ca bhaviṣyac ca [bṛ.ā.u. 3.7.3] ity-ādyāḥ | viṣṇor nu kaṁ vīryāṇi prāvocaṁ yaṁ pārthivāni vimame rajāṁsi [ṛ.ve. 1.154.1] ity-ādyāś ca |",17
2371,"hi yasmād | evam ataḥ śrutayaś tvayi phalanti | ataḥ śrutāv api prājāpatyānandataḥ śata-guṇānandatvam abhidhāya, punar yato vāca [tai.u. 2.4.1] ity-ādinā anantatvena vāg-atīta-saṅkhyānandatvaṁ brahmaṇa uktam | yad uktam—",9
2373,paśyanto’pi na jānanti mero rūpaṁ vipaścitaḥ || iti ||,2
2375,"yat tu satyaṁ jñānam [tai.u. 2.1.2] ity ādau svarūpasya sākṣād eva nirdeśaḥ, svābhāvikī jñāna-bala-kriyā ca [śve.u. 6.8] ity ādau guṇasya ca śrūyate, tatra ca tathaiva ity āhuḥ—atan-nirasanena bhavan-nidhanā iti | atat prākṛtaṁ yad vastu tan nirasyaiva bhavat-paryavasānāt | ",9
2376,"ayam arthaḥ—buddhir jñānam asaṁmoham [gītā 10.4] ity-ādinā, hrīr dhīr bhīr etat sarvaṁ mana eva [bṛ.ā.u. 1.5.3] ity-ādinā ca yat prākṛtaṁ jñānādikam abhidhīyate, tat sarvaṁ brahma na bhavati iti, neti neti [bṛ.ā.u. 2.3.6] ity-ādinā, na tasya kāryaṁ karaṇaṁ ca vidyate [śve.u. 6.8] ity-ādinā ca niṣidhyate |",9
2377,"atha ca, satya-jñānādi-vākyena, svābhāvikī jñāna-bala-kriyā ca [śve.u. 6.8] ity-ādi-vākyena ca tad abhidhīyate | na tasmāt prākṛtād anyad eva taj-jñānādi iti teṣāṁ jñānādi-śabdānām atan-nirasanenaiva tvayi paryavasānam iti | tataś ca buddhy-agocara-vastutvād anirdeśyatvaṁ, tathāpi tad-rūpaṁ kiñcid astīty uddiśyamānatvān nirdeśyatvaṁ ca |",7
2378,"tathāparokṣa-jñāne ca daśamas tvam asītivad vākya-mātreṇaiva tasya sva-prakāśa-rūpasyāpi vastuno viśuddha-citte suprakāśa-darśanāt śruti-śabdasya svaprakāśatā-śaktimayatvam evāvasīyate | śabda-brahma paraṁ brahma mamobhe śāśvatī tanū [bhā.pu. 6.16.51] iti | vedasya ceśvarātmatvāt [bhā.pu. 11.3.44] iti | vedo nārāyaṇaḥ sākṣāt svayambhūr iti śuśruma [bhā.pu. 6.1.40] iti | kiṁ vā parair īśvaraḥ sadyo hṛdy avarudhyate’tra kṛtibhiḥ śuśrūṣubhis tat-kṣaṇāt [bhā.pu. 1.1.2] iti | ata eva, aupaniṣadaḥ puruṣaḥ [bṛ.ā.u. 3.9.26] ity atropaniṣan-mātra-gamyatvaṁ śrutir bodhayati, cāksuṣaṁ rūpam itivat |",13
2379,"tataś ca, śrutimayyā sva-prakāśatā-śaktyā prākṛta-tat-tad-vastu-jātaṁ tama iva nirasya svayaṁ prakāśate | tasmān na tatrāpi nirdeśyatvam | nahi svena prakāśena raviḥ prakāśyo bhavati yathā tena ghaṭa iti vaktuṁ yujyate, svābhinnatvāt | yadi ca śakti-śaktimator bheda-pakṣaḥ svīkriyate tadā nirdeśyatvam apīty atrānirdeśyatvenaiva nirdeśyatvaṁ siddham | ata evoktaṁ gāruḍe—",3
2381,atarkyaṁ tarkyam ajñeyaṁ jñeyam evaṁ paraṁ smṛtam || iti |,2
2382,śrutau ca—anyad eva tad viditād atho’viditād adhi [ke.u. 1.3] iti | idam abhipretyoktaṁ śrī-parāśareṇāpi—,6
2384,niṣṭhāyai prabhavanti hanti kaluṣaṁ śrotraṁ sa yāto harir ||  [vi.pu. 6.8.59] iti |,2
2387,vetsyasy anugṛhītaṁ me sampraśnair vivṛtaṁ hṛdi || [bhā.pu. 8.24.38] iti |,4
2388,"na caitena para-prakāśyatvam āpatati, brahma-bhagavator abhinna-vastutvāt | atra laukika-śabdenāpi yaḥ kaścit tad-upadeśaḥ, sa tu tasya tad-anugates tayā śrutyaivānugṛhītatayā sambhavatīty uktam | atas tad-anuśīlanāvasare tad-bhakty-anubhāva-rūpasya tac-chabdasya tu sutarāṁ tat-svarūpa-śakti-vilāsa-mayatvān na tatra niṣedhaḥ | kiṁ tarhi mano-vilāsa-mayasyaiveti sarvam anavadyam | ata eva suparṇa-śrutau—prakṛtiś ca prākṛtaṁ ca yan na jighranti jighranti, yan na paśyanti paśyanti, yan na śṛṇvanti śṛṇvanti, yan jānanti jānanti ca iti |",5
2389,|| 10.87 || śrutayaḥ śrī-bhagavantam || 98 ||,2
2394,māyayā ca niṣevitam || [bhā.pu. 10.39.55],2
2396,"tatra pūrvasyā bhedaḥ—śrīr bhāgavatī sampat, na tv iyaṁ mahā-lakṣmī-rūpā, tasyā mūla-śaktitvāt | tad agre vivaraṇīyam | uttarasyā bhedaḥ—śrīr jāgatī sampat | imām evādhikṛtya, sva eva dhiṣṇye’bhiratasya kiṁ tayā [bhā.pu. 4.20.28] iti, na śrīr viraktam api māṁ vijahāti [bhā.pu. 3.16.7] ity-ādi-vākyam | yata uktaṁ caturtha-śeṣe śrī-nāradena—",5
2400,katham amum udvisṛjet pumān rasajñaḥ || [bhā.pu. 4.31.22] iti |,2
2401,tatra tad-arthi-dvipada-patyādi-saha-bhāva upajīvyaḥ | tathā durvāsasaḥ śāpa-naṣṭāyās trailokya-lakṣmyā āvirbhāvaṁ sākṣād-bhagavat-preyasī-rūpā svayaṁ kṣīrodād āvirbhūya dṛṣṭyā kṛtavatīti śrūyate | evam aparāpi | tatra ilā bhūs tad upalakṣaṇatvena līlā api | tatra ca pūrvasyā bhedo vidyā tattvāvabodha-kāraṇaṁ saṁvid-ākhyāyās tad-vṛtter vṛtti-viśeṣaḥ | uttarasyā bhedas tasyā eva vidyāyāḥ prakāśa-dvāram | avidyā-lakṣaṇo bhedaḥ pūrvasyā bhagavati vibhutvādi-vismṛti-hetur mātṛ-bhāvādimaya-premānanda-vṛtti-viśeṣaḥ | ata eva gopī-janāvidyā -kalā-prerakaḥ [go.tā.u. 1.8] iti tāpanyāṁ śrutau | yathāvasaram etad api vivaraṇīyam |,5
2411,nato’smi dhuryaṁ yadu-vṛṣṇi-sātvatām || [bhā.pu. 10.37.23-24] iti |,2
2412,"anayor arthaḥ—viśuddhaṁ yad vijñānaṁ parama-tattvaṁ, tad eva ghanaḥ śrī-vigraho yasya | sva-saṁsthayā svarūpa-kāreṇa svarūpa-śaktyaiva vā samyag āptā ivāptā nitya-siddhāḥ pūrṇā vā sarve’rthā aiśvaryādayo yatra | ata eva na vidyate atitucchatvāt moghe vṛthā-bhūte jagat-kārye vāñchitaṁ vāñchā yasya | ",17
2413,"kvacid avāñchitasyāpi sambandho dṛśyate ? ity āśaṅkyāha—sva-tejasā svarūpa-śakti-prabhāveṇa nityam eva nivṛtto dūrībhūto māyā-guṇa-pravāhaḥ, tat-paramparā yasmāt | ittham eva, yuktaṁ virahitaṁ śaktyā guṇa-mayyātma-māyayā  [bhā.pu. 4.12.6] ity uktam | ātma-māyayā svarūpa-bhūtayā śaktyā yuktam, guṇa-mayyā virahitam iti | taṁ bhagavantaṁ śaraṇaṁ vrajema | ",9
2414,"tathā tvāṁ śrī-kṛṣṇākhyaṁ bhagavantam eva svāṁśeneśvaram antaryāmi-puruṣam api santaṁ nato’smi | kathambhūtam ? īśvaraṁ svarūpa-śaktyā svāśrayam api ātma-māyayā, ātmātra jīvātmā tad-viṣayayā māyayā | vinirmitā aśeṣa-viśeṣākārā kalpanā yena | yad vā, ātma-māyayā svarūpa-śaktyā svāśrayam, vinirmitā aśeṣa-viśeṣā yayā tathābhūtā kalpanā māyā-śaktir yasya | ",13
2415,kīdṛśaṁ tvām ? samprati tvad-āvirbhāva-samaye tasyāpīśvarasya tvayi bhagavaty eva praveśāt | yugapad-vicitra-tat-tac-chakti-prakāśena yā krīḍā tad-artham abhyāttaḥ abhi bhaktābhimukhyena āttaḥ ānītaḥ prakaṭito manuṣyākāro narākṛtiḥ paraṁ brahmeti smaraṇāt tad-rūpo bhagavad-ākhyo vigraho yena | tam eva punar viśinaṣṭi | yadu-vṛṣṭi-sātvatāṁ dhuryam | teṣāṁ nitya-parikarāṇāṁ prema-bhāravaham iti | athavā mūla-padye śaktyeti sarvatraiva viśeṣya-padam | śrīr mūla-rūpā | puṣṭy-ādayas tad-aṁśāḥ | vidyā jñānam | ā samīcīnā vidyā bhaktiḥ | rāja-vidyā rāja-guhyam [gītā 9.2] ity ādy ukteḥ | māyā bahiraṅgā | tad-vṛttayaḥ śry-ādayas tu pṛthak jñeyāḥ | śiṣṭaṁ samam | ,3
2418,hlāda-tāpa-karī miśrā tvayi no guṇa-varjite || [vi.pu. 1.12.68] iti |,2
2425,saṅkleśa-nikarākaraḥ || [bhāvārtha-dīpikā 1.7.6] iti ||,2
2426,"atra kramād utkarṣeṇa sandhinī-saṁvid-dhlādinyo jñeyāḥ | tatra ca sati ghaṭānāṁ ghaṭatvam iva sarveṣāṁ satāṁ vastūnāṁ pratīter nimittam iti kvacit sattā-svarūpatvena āmnāto’py asau bhagavān, sad eva somyedam agra āsīt [chā.u. 6.2.1] ity atra sad-rūpatvena vyapadiśyamānā yayā sattāṁ dadhāti dhārayati ca, sā sarva-deśa-kāla-dravyādi-prāpti-karī sandhinī | tathā saṁvid-rūpo’pi yayā saṁvetti saṁvedayati ca, sā saṁvit | tathā hlāda-rūpo’pi yayā saṁvid-utkaṭa-rūpayā taṁ hlādaṁ saṁvetti saṁvedayati ca, sā hlādinīti vivecanīyam | ",6
2428,ktatra cedam eva viśuddha-sattvaṁ sandhiny-aṁśa-pradhānaṁ ced ādhāra-śaktiḥ | saṁvid-aṁśa-pradhānam ātma-vidyā | hlādinī-sārāṁśa-pradhānaṁ guhya-vidyā | yugapat śakti-traya-pradhānaṁ mūrtiḥ | atrādhāra-śaktyā bhagavad-dhāma prakāśate | tad uktaṁ—yat sātvatāḥ puruṣa-rūpam uśanti sattvaṁ loko yataḥ [bhā.pu. 12.8.46] iti | ,4
2434,vimukti-phala-dāyinī || [vi.pu. 1.9.118] iti |,2
2440,hy adhokṣajo me manasā vidhīyate ||  [bhā.pu. 4.3.23] iti |,2
2441,"asyārthaḥ—viśuddhaṁ svarūpa-śakti-vṛttitvāj jāḍyāṁśenāpi rahitam iti viśeṣeṇa śuddhaṁ, tad eva vasudeva-śabdenoktam | kutas tasya sattvatā vasudevatā vā ? tatrāha—yad yasmāt tatra tasmin pumān vāsudeva īyate prakāśate | ādye tāvad agocara-gocaratā-hetutvena loka-prasiddha-sattva-sāmyāt sattvatā vyaktā | ",11
2442,dvitīye tv ayaṁ arthaḥ—vasudeve bhavati pratīyata iti vāsudevaḥ parameśvaraḥ prasiddhaḥ | sa ca viśuddha-sattvaṁ pratīyate | ataḥ pratyayārthena prasiddhena prakṛty-artho nirdhāryate | tataś ca vāsayati devam iti vyutpattyā va vasaty asminn iti vā vasuḥ | tathā dīvyati dyotata iti devaḥ | sa cāsau sa ceti vāsudevaḥ | dharma iṣṭaṁ dhanaṁ nṝṇāṁ [bhā.pu. 11.19.39] iti svayaṁ bhagavad-ukte vasubhir bhagavad-dharma-lakṣaṇaiḥ puṇyaiḥ prakāśata iti vā vasudevaḥ | tasmād vasudeva-śabditaṁ viśuddha-sattvam | ,9
2447,man-niṣṭham nirguṇaṁ smṛtam || [bhā.pu. 11.25.24] ity ādau |,2
2449,phalitārtham āha—evambhūte sattve tasmin nityam eva prakāśamāno bhagavān me mayā manasā viśeṣeṇa dhīyate cintyata ity arthaḥ | tat sattvaṁ tādātmyāpannenaiva manasā cintayituṁ śakyate iti paryavasitam | ,13
2450,"nanu kevalena manasaiva cintyatāṁ, kiṁ tena sattvena ? tatrāha—hi yasmād adhokṣajaḥ adhaḥ-kṛtam atikrāntam akṣajam indriya-jñānaṁ yena saḥ | ",5
2453,śrīmad-ānakadundubhau ca vasudevatvam iti vivecanīyam | atra śraddhā-puṣṭy-ādi-lakṣaṇa-prādurbhūtaṁ bhagavac-chakty-aṁśa-rūpasya bhaginītayā pāṭha-sāhacaryeṇa mūrtes tasyās tac-chakty-aṁśa-prādurbhāvatvam upalabhyate | turye dharma-kalā-sarge nara-nārāyaṇāv ṛṣī [bhā.pu. 1.3.9] ity atra kalā-śabdena ca śaktir evābhidhīyate | tataḥ śakti-lakṣaṇāyāṁ tasyāṁ ca nara-nārāyaṇākhya-bhagavat-prakāśa-phala-darśanāt vasudevākhya-śuddha-sattva-rūpatvam evāvasīyate | ,3
2454,"tad evam eva tasyā mūrtir ity ākhyā’py uktā | tathā ca śraddhādyā viśadārthatayā vimucya saiva niruktā caturthe—mūrtiḥ sarva-guṇotpattir nara-nārāyaṇāv ṛṣī [bhā.pu. 4.1.52] iti | sarva-guṇasya bhagavata utpattiḥ prakāśo yasyāḥ, sā tāv asūteti pūrveṇānvayaḥ | bhagavad-ākhyāyāḥ sac-cid-ānanda-mūrteḥ prakāśa-hetutvāt mūrtir ity arthaḥ | tathaiva tat-prakāśa-phalatva-darśanena ca nāmaikyena ca śrīmad-ānakadundubher api śuddha-sattvāvirbhāvatvaṁ jñeyam | tac coktaṁ navame—",3
2456,vadanty ānakadundubhim | [bhā.pu. 9.24.30] iti |,2
2461,śrīḥ sākṣād ātmano hareḥ || [bhā.pu. 12.11.20] iti ||,2
2462,ṭīkā ca—anapāyinī hareḥ śaktiḥ tatra hetuḥ sākṣād ātmanaḥ sva-svarūpasya cid-rūpatvāt tasyās tad-abhedād ity arthaḥ | ity eṣā | ,3
2463,"atra sākṣāc-chabdena vilajjamānayā yasya sthātum īkṣā-pathe’muyā [bhā.pu. 2.5.13] ity-ādy uktā māyā neti dhvanitam | tatrānapāyitvaṁ, yathā śrī-hāyaśīrṣa-pañcarātre—",3
2466,na viṣṇunā vinā devī na hariḥ padmajāṁ vinā || iti |,2
2469,yathā sarva-gato viṣṇus tathaiveyaṁ dvijottama || [vi.pu. 1.8.17]k iti |,5
2472,avatāraṁ karoty eṣā tathā śrīs tat-sahāyinī || [vi.pu. 1.9.140] iti |,2
2473,cid-rūpatvam api skānde—,3
2477,harir evākhila-guṇa akṣara-trayam īritam || iti |,2
2482,prasīdatu sa no viṣṇur ātmā yaḥ sarva-dehinām ||  [vi.pu. 1.9.45-46] iti |,4
2490,yuñjīta karma śamalaṁ ca yathā vijahyām || [bhā.pu. 3.9.23] iti | ,4
2495,sā nopeyāya śaṅkitā || [bhā.pu. 7.9.2] iti śrī-nṛsiṁha-prādurbhūtāv uktam |,2
2503,kim api na tatra śāstram avakṛṣya śayīta yadā || [bhā.pu. 10.87.24],2
2504,"bata aho he bhagavan iha jagati agra-saraṁ pūrva-siddhaṁ tvāṁ avara-janma-layaḥ arvācīnotpatti-nāśavān ko nu pumān veda jānāti | īśvarasya pūrva-siddhāv anyasya cārvācīnatve kāraṇaṁ vadantyo jñāna-kāraṇābhāvam āhuḥ—yata udagād iti | yatas tvatta eva ṛṣir brahmā utpannaḥ | ato’rvācīnāḥ sarve | yadā tu bhavān śāstraṁ sva-vijñāpakaṁ vedam avakṛṣya vaikuṇṭha evākṛṣya śayīta jagat-kāryaṁ prati dṛṣṭiṁ nimīlayati, tarhi tadā anuśāyināṁ jīvānāṁ jñāna-sādhanaṁ nāsti | yatas tadā na sat sthūlam ākāśādi, na cāsat sūkṣmaṁ mahad-ādi, na cobhayaṁ sad-asadbhyām ārabdhaṁ śarīram | na ca kāla-javaḥ tan-nimittī-bhūtaṁ kāla-vaiṣamyam | evaṁ sati tatra tadā kim api indriya-prāṇādy api na | ",34
2508,yuṣmākam antaraṁ babhūva [ṛ.ve. 10.82.17]  ,2
2509,yato vāco nivartante aprāpya manasā saha [tai.u. 2.4.1] |,2
2513,ko veda yata ābabhūva || [ṛ.ve. 10.129.6],2
2517,tasminn apo mātariśvā dadhāti || [īśo. 4],2
2518,na cakṣur na śrotraṁ na tarko na smṛtir vedo hy evainaṁ vedayati ity ādyāḥ | ,2
2524,visarga-sṛṣṭā vayam aprakāśāḥ || [bhā.pu. 9.8.21],2
2525,"ajano’jo brahmāpi tvām adyāpi na paśyati, na ca budhyate | kathambhūtam ? ātmanaḥ paraṁ pratyag-rūpam | kair hetubhir api na budhyate na paśyati ca ? samādhi-yuktibhiḥ brahma-samādhināpy aparokṣaṁ na paśyati | yuktibhiḥ parokṣam api na samyag budhyata ity arthaḥ | ",10
2526,apare’rvācīnās tu kutas tvāṁ paśyeyur budhyeran vā ? arvācīnatve hetuḥ—tasya brahmaṇaḥ | manaś ca śarīraṁ ca dhīś ca sattva-tamo-rajaḥ-kāryāṇi tābhir vividhā ye deva-tiryaṅ-narāṇāṁ sargās teṣu sṛṣṭāḥ | tatrāpi vayam aprakāśā ajñāḥ kutaḥ paśyema ? ity arthaḥ | ,4
2531,viduḥ sva-saṁsthaṁ na bahiḥ prakāśāḥ || [bhā.pu. 9.8.22],2
2537,kathaṁ vimūḍhaḥ paribhāvayāmi || [bhā.pu. 9.8.23],2
2538,taṁ nānāścarya-vṛttika-para-śakti-nidhānaṁ tvāṁ kathaṁ paribhāvayāmi ? kiṁ-svarūpaṁ ? jñāna-ghanaṁ satya-jñānānantānandaika-rasa-mūrtiṁ ata eva anirdeśya-vapur iti sahasra-nāma-stave | ,3
2541,tathā ca śrutiḥ—,3
2545,āvṛtta-cakṣur amṛtatvam icchan || [kaṭha.u. 2.1.1],2
2549,bhaktir eva bhūyasī || [māṭhara-śruti],2
2553,tasyaiṣa ātmā vivṛṇute tanūṁ svām [kaṭha.u. 1.2.23] ity-ādyā ca ||,2
2563,"sarva-saṁvādiny-ākhyāyāṁ sva-racita-bhagavat-sandarbhānuvyākhyāyāṁ vaiṣṇava-kula-cūḍāmaṇi-śrī-jīva-gosvāmi-pādā bhāgavatokta-diśā bhagavat-svarūpaṁ nirṇayāmāsuḥ | advaya-jñānātmaka-para-tattva-rūpaṁ para-brahma eva bhagavān | na khalu tasya śaktimattvena sva-gata-bheda-śaṅkayādvayatvaṁ vyāhanyate | śaktes tat-svarūpānatiriktatvena tad-abhinnatvāt | śaktir nāma kāryānyathānupapatti-siddhau vastuto dharma-viśeṣaḥ | sā tu sarvasminn upādāne nimitte ca kāraṇe svarūpa-bhūtaiva mantavyā, kārya-viśeṣotpattau tat-kāraṇatvena vastu-viśeṣa-svīkārānarthakya-prasaṅgāt | brahmaṇa eva jagad-ādi-kārya-darśanena svarūpa-śaktis tāvad avaśyam evāṅgīkāryā | bṛhattvād bṛṁhaṇatvāc ca yad brahma paramaṁ viduḥ iti viṣṇu-purāṇaṁ ca bṛhattvena tasya śaktimattvaṁ darśayati | parāsya śaktir vividhaiva śrūyate svābhāvikī jñāna-bala-kriyā ca [śve.u. 6.4] iti śrutau ca-kāreṇa tv ajñānādikaṁ pratiṣidhya svarūpa-jñānādi-śaktitvam eva sthāpyate | śakteḥ śaktimat-svarūpād abhinnatvena cintayitum aśakyatvād bhedo bhinnatvena cintayitum aśakyatvād abhedaś ca pratīyete | ataḥ śakti-śaktimator bhedābhedāv aṅgīkriyete, tau cācinyāv iti |",6
2565,"sa-viśeṣa-brahma-vādo vaiṣṇava-śāstreṣu varīvartate | tatra upādhi-saṁyoge brahmaṇaḥ sa-viśeṣatvaṁ tad-abhāve ca nirviśeṣatvam iti prāyaśa ācāryāṇām abhiprāyaḥ | śrī-jīva-gosvāmi-pādānāṁ mate sarvatraivopādhi-sambandhe tad-asambandhe ca tasya sa-viśeṣatvam evopalabhyate | upādhi-sambandhe sa-viśeṣatvaṁ spaṣṭam eva | tad-asambandhe’pi sa-viśeṣatve, sad eva saumyedam agra āsīt [chā.u. 6.4.2] iti śruti-vacanaṁ pramāṇam | atredaṁ-śabdena sattā gamyate, tādātmyenāmnātatvāt | na ca tad-upādhi-doṣeṇa brahmaṇo liptatvaṁ śaṅkyam | tasmin satāpi tena tad-asparśāt | apahata-pāpmā [chā.u. 8.1.5] ity-ādi-śruteḥ | sad-idamor avirodhas tayos tādātmyenaiva sāmānādhikaraṇyād bhavati | tac ca sāmānādhikaraṇaṁ sa-viśeṣatva-kalpanayā subodham eva jāyate | sa-viśeṣa-brahma-jñānasyāvidyā-nivṛttir eva kāryam |",5
2566,"para-brahmaṇo bhaga-saṁjñitair aiśvaryādibhir upetatve’pi nādvayatva-hāniḥ, teṣāṁ tat-svarūpa-bhūtatvāt | arūpatvena prasiddhe ca tasmin rūpavattvaṁ na virudhyate | vijñānānandātmakasya tad-rūpasyāprākṛtatvena tat-svarūpānatiriktatvāt | evaṁ, vijñānānandaṁ brahma [bṛ.ā.u. 3.9.28] iti bhinnatvenopalabhyamānābhyām api vijñānānandābhyāṁ na tasya dvy-ātmakatvaṁ gamyate, kintv ekam eva vastu svarūpa-prakāśa-vaiśiṣṭyena bhinnatayā nirūpyate—kenāpi jñānam iti kenāpi ānandam iti ca | satyatvānandatvayor api na tad-bheda-bodhakatvaṁ tayos tad-dharmatvena nirūpaṇāt |",3
2567,"para-brahmaṇa ānanda-rūpatvaṁ śruti-smṛti-suprasiddham eva | ānando hy ayaṁ laukikānanda-vilakṣaṇo duḥkhātiyogitvāt jīvānāṁ puruṣārthatvāc ca | na khalu anna-mayaṁ prāṇa-mayaṁ [tai. 2.5] ity-ādi-śrutiṣu ānanda-maya-śabdena paraṁ brahma ucyate, na vā kiṁ vānnamayādivad brahmaṇo’rthāntaraṁ gamyata iti saṁśayaḥ kāryaḥ | anna-mayādi-pravāha-patitve’pi ānanda-mayasya sarvāntaratvāt arundhatī-darśanavat para-brahma-rūpatvam eva prasajyate | ānanda-maya-para-brahmaṇa ānanda-mayam eva śarīram | anyeṣām anna-mayasya prasiddha-śārīratvaṁ, netaro’nupapatteḥ [ve.sū. 1.1.17] ity ādau svayaṁ sūtra-kṛtā niṣiddham eva | ānanda-maya-śabde mayaṭaḥ prayogo vikāra-śabdān neti cen, na prācuryāt [ve.sū. 1.1.13] iti sūtra-vacanāt prācuryārthe eva, tatra, sa eko mānuṣa ānandaḥ [tai.ā. 8] iti śruti-coditaṁ jīvānandāpekṣayā brahmānandasya niratiśayatvam eva pramāṇam | mayaṭo vikārārtha-paratvaṁ śuddha-brahmaṇaḥ sarva-vikārātītatvenaiva nirasyate | api ca pracurānandasyaiva brahmaṇo lokānanda-hetutvaṁ saṅgacchate | yathā pracura-prakāśasyaiva sūryasya sarva-prakāśakatvaṁ sambhavati, na tuccha-prakāśasya tārakādeḥ | ānandasya jñānākāratvāt tasya cānantatvādibhir miśratve’pi tad-rūpatvān nārtha-bhedaḥ syāt |",9
2570,netā gamayitā sraṣṭā ga-kārārthas tathā mune || [vi.pu. 6.5.73] ,2
2575,"vākyāntarāṇi ca—jyāyān pṛthivyā jyāyān antarikṣāt [chā.u. 3.14.3] iti, ubhe asmin dyāv-āpṛthivī antar eva samāhite ubhāv agniś ca vāyuś ca sūryācandramasāv ubhau vidyun nakṣatrāṇi yac cāsyehāsti yac ca nāsti sarvaṁ tad asmin samāhitam iti [chā.u. 8.1.3] iti ca |",5
2577,"na hi ghaṭādāv ākāśaṁ sāmastyena pratibimbatvam āpadyeteti | tasmād acintyaiva śaktir yogamāyākhyā tatrābhyupagamanīyā | evam evaikair brahma-sūtreṣu vaiśvānarākhyasya prādeśa-mātratvena śrutasya parama-puruṣasya vicāre siddhāntitam | sampatter iti jaiminis tathā hi darśayati [ve.sū. 1.2.32], yathā sampattir acintyaiśvaryaṁ śrutiś ca tathā darśayati—yas tv etam evaṁ prādeśa-mātram abhivimānam ātmānaṁ vaiśvānaram upāste [chā.u. 5.18.1] iti | mitatvena sarvato vigatamānatvena ca darśanāt | tatraiva, prādeśa-mātre tasyā ha vā etasātmano vaiśvānarasya mūrdhaiva sutejāś cakṣur viśva-rūpaḥ [chā.u. 5.18.2] ity-ādinā trailokya-samāveśanāc ceti |",11
2578,"atha śrī-vigraha-prasaṅge sūtra-catuṣṭayasya mādhva-bhāṣye, yathā—arūpavad eva hi tat-pradhānatvāt [ve.sū. 3.2.14], iti | asya sūtrasya bhāṣyaṁ, yathā—prakṛty-ādi-pravartakatvena tad-uttamatvān naiva rūpavad brahma hi, śabdād asthūlam anaṇu [bṛ.ā.u. 3.8.8] ity-ādi-śruteś ca |",6
2580,arūpavān ataḥ proktaḥ kva tad avyaktataḥ paraḥ || iti ca mātsye |,2
2581,prakāśavac cāvaiyarthyāt [ve.sū. 3.2.15] iti | bhāṣyaṁ—,2
2582,"yadā paśyaḥ paśyate rukma-varṇaṁ [mu.u. 1.3], śyāmāc chabalaṁ prapadye [chā.u. 8.13.1] suvarṇa-jyotiḥ [tai.u. 3.10.6] ity-ādi-śrutināṁ ca na vaiyarthyaṁ vilakṣaṇa-rūpatvāt, yathā cakṣur-ādi-prakāśe vidyamāne’pi vailakṣaṇyād aprakāśatvādi-vyavahāraḥ ||",7
2583,āha ca tan-mātraṁ [ve.sū. 3.2.16] iti | bhāṣyam—vailakṣaṇyaṁ cocyate—,3
2587,teṣāṁ sukhaṁ śāśvataṁ netareṣām || [śve.u. 6.12] iti caturveda-śikhāyām ||,2
2588,darśayati cātho api smaryate [ve.sū. 3.2.17] iti | bhāṣyam—darśayati cānanda-svarūpam—tad-vijñānena paripaśyanti dhīrā ānanda-rūpam ajaraṁ yad vibhāti [mu.u. 2.2.7] iti śrutiḥ | ,5
2590,cintayīta yatir nānyaṁ jñāna-rūpād ṛte hareḥ || iti mātsya iti |,2
2591,"atra, ānandaṁ brahmaṇo rūpaṁ bheda-nirdeśaś ca śrūyate | tathā mādhva-bhāṣya evodāhṛtaṁ śruty-antaraṁ ca—",3
2593,jñāna-jñānaḥ sukhī mukhyaḥ sa viṣṇuḥ paramākṣaraḥ || iti |,2
2594,śrī-rāmānuja-caraṇāś caivaṁ vadanti—antas tad-dharmopadeśāt [ve.sū. 1.1.20] ity atra bhāṣyam—,3
2596,"yato vā imāni bhūtāni jāyante [tai.u. 3.1], sad eva somyedam agra āsīt [chā.u. 6.2.1], ātmā vā idam eka evāgra āsīt [ai.u. 1.1.1], eko hi vai nārāyaṇa āsīt, na brahmā neśānaḥ [mahā.u. 1.1] ity-ādiṣu nikhila-jagad-eka-kāraṇatayāvagatasya parasya brahmaṇaḥ, satyaṁ jñānam anantaṁ brahma [tai.ā. 1], vijñānam ānandaṁ brahma [bṛ.ā.u. 5.9.18] ity-ādiṣv evambhūtaṁ svarūpam ity avagamyate | nirguṇaṁ [ātmopaniṣat], nirañjanaṁ [śve.u. 6.19], apahata-pāpmā vijaro vimṛtyur viśoko vijghaṁso’pipāsaḥ satya-kāmaḥ satya-saṅkalpaḥ [chā.u. 8.5.1] ||",18
2600,svābhāvikī jñāna-bala-kriyā ca || [śve.u. 6.8],2
2604,"vidāma devaṁ bhuvaneśam īḍyam || [śve.u. 6.7],",2
2608,āditya-varṇaṁ tamasaḥ parastāt || [yajuḥ 3.12],2
2609,sarve nimeṣā jajñire vidyutaḥ puruṣād adhi [tai.nārā. 1] ity-ādiṣu parasya brahmaṇaḥ prākṛta-heya-guṇān prākṛta-heya-deha-sambandhaṁ tan-mūla-karma-vaśyatā-sambandhaṁ ca pratiṣidhya kalyāṇa-guṇān kalyāṇa-rūpaṁ ca vadanti |,4
2610,"tad idaṁ svābhāvikam eva rūpam upāsakānugraheṇa tat-pratipatty-anuguṇākāraṁ deva-manuṣyādi-saṁsthānaṁ karoti svecchayeva parama-kāruṇiko bhagavān | tad idam āha śrutiḥ—ajāyamāno bahudhā vijāyate iti | smṛtiś ca—ajo’pi sann avyayātmā bhūtānām īśvaro’pi san [gītā 4.6] iti | na paritrāṇāya sādhūnām ity-ādi, sādhavo hy upāsakāḥ | tat-paritrāṇam evoddeśyam ānuṣaṅgikas tu duṣkṛtāṁ vināśaḥ | saṅkalpa-mātreṇa tad-utpatteḥ | prakṛtiṁ svām adhiṣṭhāya ity-ādi | prakṛtiṁ svām iti prakṛtiḥ svabhāvaḥ | svam eva svabhāvam āsthāya na saṁsāriṇaṁ svabhāvam ity arthaḥ | ",7
2616,jagatām upakārāya na sā karma-nimittajā || [vi.pu. 6.9.90] iti |,2
2617,mahābhārate cāvatāra-rūpasyāpy aprākṛtatvam ucyate—na bhūta-sarvgātma-saṁsthāno deho’sya paramātmanaḥ iti mahābhārate udyoga-parvaṇi | ataḥ parasyaiva brahmaṇa evaṁ-rūpa-rūpavattvād ayam api tasyaiva dharmaḥ [śrī-bhāṣya 2.1.20] iti ||,5
2619,"tāś ca śaktayo nijecchātmaka-svābhāvika-śaktimayya iti tāsām api tad-rūpatvaṁ dhvanitam | ataḥ kartṛtvam apy atra prādurbhāvayitṛtvam eva, na tu kalpayitṛtvam iti | tathā, mano-mayaḥ prāṇa-śarīro bhā-rūpaḥ satya-kāmaḥ satya-saṅkalpaḥ ākāśātmā sarva-karmā sarva-kāmaḥ sarva-gandhaḥ sarva-rasaḥ sarvam idam abhyātto’vākyanādaraḥ [chā.u. 3.14.2] ity api | ",3
2620,ta idam āhuḥ—mano-mayaḥ pariśuddhena manasaikyena grāhyaḥ | prāṇa-śarīraḥ iti jagati sarveṣāṁ prāṇānāṁ dhārakaḥ | bhā-rūpaḥ bhā-svarūpaḥ | aprākṛta-svāsādharaṇa-niratiśaya-kalyāṇa-divā-rūpatvena niratiśaya-dīpti-yukta ity arthaḥ | ākāśātmā ākāśavat sūkṣma-svaccha-rūpaṁ sakaletara-kāraṇasyātma-bhūta iti | ākāśātmā svayaṁ ca prakāśate’syāṁś ca prakāśayatīti vākāśātmā | evaṁ sarva-karmā kriyate iti karma | sarvaṁ jagad asya karma sarvā vā kriyā yasyāsau sarva-karmā | sarva-kāmaḥ kāmantya iti kāmā bhogya-bhogopakaraṇādayas te pari sarva-vidhās tasya santīty arthaḥ | sarva-gandhaḥ sarva-rasaḥ aśabdam asparśaṁ [ka.u. 1.3.15] ity-ādinā prākṛta-gandhādi-niṣedhād aprākṛtasyāsādhāraṇā niravadyā niratiśayāḥ kalyāṇāḥ sva-bhogya-bhūtāḥ sarva-vidhā gandha-rasās tasya santīty arthaḥ | sarvam idam abhyātta uktam idaṁ paryantaṁ sarvam idaṁ kalyāṇa-guṇa-jātaṁ svīkṛtavān | abhyāttaḥ iti bhuktā brāhmaṇāḥ itivat kartari ktaḥ pratipattavyaḥ | avākī vāg uktiḥ sāsya nāstīty avākī | kutaḥ ? ity āha—anādaraḥ | avāpta-samasta-kāmatvenādartavyābhāvād ādara-rahitaḥ | ata evāvākī ajalpāka iti | ,4
2624,"sa vā eṣa puruṣo’nna-rasa-mayaḥ | tasyedam eva śiraḥ, ayaṁ dakṣiṇaḥ pakṣaḥ, ayam uttara-pakṣaḥ, ayam ātmā, idaṁ pucchaṁ pratiṣṭhā | [tai.u. 2.1]",2
2625,"tasmād vā etasmād anna-rasa-mayāt | anyo’ntara ātmā prāṇa-mayaḥ | tenaiṣa pūrṇaḥ | sa vā eṣa puruṣa-vidha eva | tasya puruṣa-vidhatām | anvayaṁ puruṣa-vidhaḥ | tasya prāṇam eva śiraḥ, vyāno dakṣiṇaḥ pakṣaḥ, apāna uttaraḥ pakṣaḥ, ākāśa ātmā, pṛthivī pucchaṁ pratiṣṭhā | [tai.u. 2.2]",2
2626,"tasyaiṣa eva śārīra ātmā | yaḥ pūrvasya, tasmād vā etasmāt prāṇa-mayād anyo’ntara ātmā mano-mayaḥ, tenaiṣa pūrṇaḥ | sa vā eṣa puruṣa-vidha eva, tasya puruṣa-vidhatām anvayaṁ puruṣa-vidhaḥ, tasya yajur eva śiraḥ, ṛg dakṣiṇaḥ pakṣaḥ, sāmottaraḥ pakṣaḥ, ādeśa ātmā, atha sarvāṅgirasaḥ pucchaṁ pratiṣṭhā | [tai.u. 2.3]",2
2627,"tasyaiṣa eva śārīra ātmā | yaḥ pūrvasya, tasmād vā etasmān mano-mayād anyo’ntara ātmā vijñānamayaḥ, tenaiṣa pūrṇaḥ | sa vā eṣa puruṣa-vidha eva | tasya śraddhaiva śiraḥ, ṛtaṁ dakṣiṇaḥ pakṣaḥ, satyam uttaraḥ pakṣaḥ, yoga ātmā, mahaḥ pucchaṁ pratiṣṭhā | [tai.u. 2.4]",2
2628,"tasyaiṣa eva śārīra ātmā | yaḥ pūrvasya, tasmād vā etasmād vijñāna-mayād anyo’ntara ātmā ānanda-mayaḥ, tenaiṣa pūrṇaḥ | sa vā eṣa puruṣa-vidhatām anvayaṁ, puruṣa-vidhaḥ | tasya priyam eva śiraḥ, modo dakṣiṇaḥ pakṣaḥ, pramoda uttaraḥ pakṣaḥ, ānanda ātmā, brahma pucchaṁ pratiṣṭhā | [tai.u. 2.5] iti |",2
2629,"ayam arthaḥ—sa vā-śabdaḥ prasiddhau niścaye vā | eṣa mṛj-jalāgni-piṇḍa-lakṣaṇaḥ puruṣaḥ anna-rasa-mayaḥ anna-rasa-prācuryavān | yad vā, anna-raso nāmānna-vikāraḥ, tena tvag-ādi-rūpaḥ sarvo’pi tad-vikāro gṛhyate | tataś ca jala-vikārādibhir īṣan-miśratvāt tat-pracuraḥ kaivalyābhāvenāṁśasyaivānna-rasa-vikāratve sati saṁśinas tad-vikāratva-vivakṣānarhatvāt prāṇa-mayādāv api śuddha-vāyu-vigrahādīnāṁ rūpāntara-prāptādarśanāt pṛthivy-abhimāni-devatādi-lakṣaṇaḥ pucchādīnāṁ tad-vikāratvābhāvāt | vikāra-śabdāt [ve.sū. 1.1.13] ity-ādau sūtra-kārāṇām asvārasyāt | nadvyacāś iti niṣedhāc ca, na tu tad-vikāra iti | idaṁ prasiddhaṁ śira eva śiraḥ, na tūttarottaratrevātrāpi kalpanā-mayam |",3
2630,evaṁ pakṣādiṣv api vyākhyeyam | pakṣo bāhuḥ | uttaro vāmaḥ | madhyama-deha-bhāga ātmāṅgānām | madhyaṁ hy eṣām ātmā iti śruteḥ | idam api nābher adhastāt yad aṅgaṁ taṁ puccham iva puccham adho-lambana-sāmyāt | tad eva ca prakarṣeṇa tiṣṭhaty asyām iti pratiṣṭhā āśrayaḥ | śākhā-candra-darśanavad antaratamatva-jñānārthaṁ loka-prasiddham ātmānam anūdya tasyāntaram antarātmānaṁ śāstra-prasiddha-sādhanādi-krameṇa praveśayan prāṇa-mayādīn apy āha tatra manaso dhāraṇārthaṁ tad-ādhāraḥ prāṇo dhārya iti |,3
2632,"tad eva rūpakaṁ darśayati—tasya prāṇa-mayasya prāṇaṁ hṛdi-stho vāyur eva prathama-dhāryatvena śiraḥ kalpyate | evaṁ sādhana-krameṇaiva dakṣiṇa-pakṣatvādi-kramo jñeyaḥ | ākāśaḥ ākāśa-stha-vṛtti-viśeṣaḥ samānākhyaḥ, prāṇa-vṛtty-adhikārāt | madhya-sthatvāditarā paryanta-vṛttīr apekṣyātmā pṛthivī tad-abhimāninī devatā ādhyātmikasya prāṇasya dhārayitrī sthiti-hetutvāt, saiṣāṁ puruṣasyāpānam avaṣṭabhya [praśna.u. 3.8] śruty-antarāt | ",3
2633,"tasya prāṇa-mayasya eṣa tasmād vā etasmād ātmana ākāśaḥ sambhūtaḥ ity atropakrānta evātmā śārīra ātmā tad-rūpa-śarīrāntaryāmī | katham-bhūtaḥ ? yaḥ pūrvasya anna-mayasyāpi śārīra ātmā | evaṁ yaḥ pūrvasya prāṇa-mayasya ity-ādikam uttaratrāpi yojyam | yasya pṛthivī śarīraṁ, yasyāpaḥ śarīraṁ, yasya tejaḥ śarīraṁ, yasya vāyuḥ śarīraṁ [bṛ.ā.u. 3.7.9] ity-ādy-antaryāmi-śruteḥ | ",5
2634,"yat tv ānanda-mayās te’pi tasyaiṣa eva śārīra ātmeti śrūyate tat tu tasyaupacārika-bheda-nirdeśenānanyatvam eva bodhayati | nātmāntaraṁ vijñāna-mayād anyo’ntara ātmetivad anyā—prastāvāt | prāṇa-mayāntokte yaḥ pūrvasyety atrānyair api tathābhyupagamāt | tataś ca eṣa pūrvokta ānanda-maya-tātparyāvasāna-viveka ātmaiva tasya, śārīra ātmā iti yojyam | evaṁ prāṇa-dhāraṇayā mano-vaśaṁ kṛtya tac ca mano-vaidika-niṣkāma-karmātmakatayā dhāraṇīyam ity āśayena manomayam āha—manaḥ saṅkalpādy-ātmakam antaḥkaraṇam | yajur iti, aniyatākṣara-pāda-viśeṣo mantra-viśeṣaḥ | taj-jāti-vacano’pi yajuḥ-śabdaḥ | tasya śirastvaṁ prāthamyāt yajuṣā hi havir dīyate | evam ṛk-sāmayor api vaiśiṣṭyaṁ jñeyam | ādeśo’tra brāhmaṇaḥ, ādeṣṭavya-viśeṣān nirdiśati asyātmatvaṁ pravartakatvāt | ",3
2637,"tathaiva vijñānamayam āha—śraddhā, adhyātma-śāstre yāthārthya-pratītiḥ | ṛtaṁ śāstrārtha-niścitā buddhiḥ | satyaṁ tad-arthānubhava-prayatnaḥ | yogo yuktiḥ | samādhānaṁ—ātmā śraddhādīnām etat sākṣātkārāṅgatvāt | mahaḥ—tat-tat-sarva-prakāśa-hetutvenottamataraṁ śuddha-jīva-rūpaṁ yasyaiva prasiddhena vijñānātmatvenāsya vijñāna ātmatvenāsya vijñāna-mayatvam ucyate | yo vijñāne tiṣṭhan, vijñānād antaro yaṁ vijñānaṁ na veda, yasya vijñānaṁ śarīraṁ [bṛ.ā.u. 3.7.22] iti jīvāntaryāmi-pratipādaka-śruteḥ | atra sthāna eva—ya ātmani tiṣṭhan [śa.brā. 14.6.7.30] ity-ādi-śruty-antarāt | pratiṣṭhā teṣāṁ sarveṣām āśrayaḥ | ",5
2639,tad eva ca sarvotkṛṣṭatvāt priyādi-lakṣaṇa-sva-prakāśa-viśeṣāṇām anna-mayādīnām apy āśrayaḥ | etad eva priyādi-sva-prakāśa-viśeṣavac ceti | etad apy upalakṣaṇam—tat-tad-aśeṣa-śakti-viśeṣavac cet tarhy ānanda-maya ātmety ucyate | so’khaṇḍo’pi para-brahmaiva tad uktam ānanda-mayo’bhyāsāt iti |,3
2640,"tatas tasya tu tat-tad-viśeṣavattve paramākhaṇḍatvam iti, brahmaṇo hi pratiṣṭhāhaṁ [gītā 14.27] ity etad gītārtho’pi śruti-hṛdaya-gata eva boddhavyaḥ |",3
2645,"ity ārabhya, tad eva brahma paramaṁ kavīnām ity-antā śrutiḥ, tathā—",3
2647,taṁ brahmāṇaṁ tam ṛṣis taṁ sumedhām || [ṛ.ve. 10.125.5],2
2648,"ity uktvā, mama yonir apsv antaḥ iti śakti-vacanātmaka-śrutiḥ | antas tad-dharmopadeśāt [ve.sū. 1.1.20] ity atra ca tad-bhāṣyam—antaḥ śrayamāṇo viṣṇur eva |",6
2652,marīcīnāṁ padam icchanti vedhasaḥ || [tai.ā. 3.11.1],2
2653,yasyāṇḍa-kośaṁ sūkṣmam āhuḥ ity-ādi-tad-dharmopadeśāt | sa hi pralaya-samudra-śāyī tasya ca viśvam aṇḍā-kośaḥ ||,2
2659,tā yad asyāyanaṁ pūrvaṁ tena nārāyaṇaḥ smṛtaḥ || [manu 1.8-10] iti |,2
2661,vacanīyatvāvacanīyatvābhāve tu anirvacanīyatvāpātaḥ | sa ca mithyā iti “ghaṭṭa-kuṭyāṁ prabhātaṁ”  evaṁ lakṣya-śabdenocyate ced vacanīyatva-siddhiḥ | lakṣyate cel lakṣyatva-cyutiḥ gaṅgā-śabda-lakṣyasyālakṣyatvaval lakṣya-śabda-lakṣyasyālakṣyatvāt | dvitīya-lakṣya-śabdena tasya lakṣatvam iti ced anavasthāyām api lakṣya-pada-vācyatvānatikrama eva syāt | evaṁ nirviśeṣa-sva-prakāśa-paramārtha-sad ity-ādi-śabdair brahmocyate ced vācyatva-siddhiḥ | na ca tair api lakṣyate—tat-tac-chabda-mukhyārthasyānyasyābhāvāt | nitviśeṣādi-śabdānāṁ viśeṣābhāva-viśiṣṭaṁ vā tad-upalakṣitaṁ vā brahma cet tat-tac-chabda-vācyatvaṁ durnivāram | ,4
2662,"kiṁ ca, nirguṇa-sva-prakāśād eva brahmatve yad yad brahmatayeṣṭaṁ tat-tad-arthā brahmeti sādhu-samarthito brahma-vādaḥ | tathā tan-mate sphuṭam aśabdam ity-ādi-śabda-vācyatvasya, yato vāco [tai.u. 2.4.1] ity atrāpi yac-chabda-vācyatvasya niṣedhane sva-vyāghāta-pātaḥ syāt | atha kasmād ucyate brahma iti, tasmād ucyate paraṁ brahma [atharva-śiraḥ 44] iti śrutyā, paramātmeti cāpy ukteḥ [gītā 13.22] iti vacasāṁ vācyam uttamam iti śrī-gītādinā ca, vācyatvaṁ sākṣād evocyate |",3
