paragraph_index,original_iast,run_count
6,"Śrī-brahma-sūtra-govinda-bhāṣyam, Hindi-bhāṣānuvada-sahitam. Sri-Baladeva-vidhyabhushana-mahodaya-viracitam. (ed.) Kusumasarovarawala Krishna Das Babaji. Sam. 2011 (AD 1955).",3
9,"Vedānta-darśanam. (ed.) Haridāsa Śāstrī. Vrindavana: Purana Kalidaha, n.d. (ca. 1980).",3
34,"prakṛtiḥ sattvādi-guṇa-sāmyāvasthā tamo-māyādi-śabda-vācyā tad-īkṣaṇāvāpta-sāmarthyā vicitra-jagaj-jananī | kālas tu bhūta-bhaviṣyad-vartamāna-yugapac-cira-kṣiprādi-vyavahāra-hetuḥ kṣaṇādi-parārdhāntaś-cakravat parivartamānaḥ pralaya-sarga-nimitta-bhūto jaḍa-dravya-viśeṣaḥ | īśvarādayaś catvāro’rthā nityāḥ—nityo nityānāṁ cetanaś cetanānām iti, gaur anādy-anantavatī iti, sad eva saymyedam agra āsīt iti śruteḥ | jīvādayas tu tad-vaśyāś ca –",9
36,sa viśva-kṛd viśvavid ātma-yonir ,2
37,jñaḥ kāla-kāro guṇī sarva-vidyaḥ |,2
38,pradhāna-kṣetrajña-patir guṇeśaḥ ,2
39,saṁsāra-mokṣa-sthiti-bandha-hetuḥ || iti śvetāśvatara-vacanāt |,2
43,bhakti-yogena manasi samyak praṇihite 'male |,2
44,apaśyat puruṣaṁ pūrṇaṁ māyāṁ ca tad-apāśrayam || ,2
45,yayā sammohito jīva ātmānaṁ tri-guṇātmakam |,2
46,paro 'pi manute 'narthaṁ tat-kṛtaṁ cābhipadyate ||,2
47,anarthopaśamaṁ sākṣād bhakti-yogam adhokṣaje |,2
48,lokasyājānato vidvāṁś cakre sātvata-saṁhitām || [bhā.pu. 1.7.4-6] iti |,2
50,dravyaṁ karma ca kālaś ca svabhāvo jīva eva ca |,2
51,yad-anugrahataḥ santi na santi yad-upekṣayā || iti caivam ādibhiḥ |,3
53,asya sūtrārthyatvaṁ ca smaryate—artho’yaṁ brahma-sūtrāṇām iti | ,3
61,"ity evaṁ sthite brahma-jijñāsādhikaraṇaṁ tâvat pravartate | yo vai bhūmā tat sukhaṁ nānyat sukham asti | bhūmaiva sukhaṁ bhūmā tv eva vijijñāsitavyaḥ [chā.u. 7.25.1] iti | ātmā vā are draṣṭavyaḥ śrotavyo mantavyo nididhyāsitavyo maitreyi [bṛ.ā.u. 2.4.5] iti ca śrūyate | nididhyāsitavyo jijñāsitavyaḥ | iti bhavati saṁśayaḥ | adhīta-vedasya puṁso dharmajñasya brahma-jijñāsā yuktā na yuktā veti ? apāmasomam amṛtā abhūma, akṣayyaṁ ha vai cāturmāsya-yājinaḥ sukṛtaṁ bhavatīty-ādiṣu dharmair amṛtatvāksayya-sukhatva-śravaṇān na yukteti pūrvasmin pakṣe prāpte bhagavān bādarāyaṇo vyāsaḥ prāripsitasya śāstrasyādimaṁ sūtram idam avatārayati—",6
63,athāto brahma-jijñāsā ||,2
69,ayam arthaḥ | āśrama-karmāṇi citta-śodhakatayā jñānāṅgāni bhavanti | tam etaṁ vedānuvacanena brāhmaṇā vividiṣanti yajñena dānena tapasānaśena [bṛ.ā.u. 4.4.] iti bṛhad-āraṇya-śruteḥ | satya-tapo-japādīni ca—satyena labhyas tapasā hy eṣa ātmā samyak jñānena brahmacaryeṇa nityam [mu.u. 3.1.5] iti muṇḍaka-śruteḥ | ,5
71,japyenaiva ca saṁsidhyed brāhmaṇo nātra saṁśayaḥ |,2
72,kuryād anyan na vā kuryān maitrau brāhmaṇa ucyate || [ma.smṛ. 2.87] ity-ādi-smṛteś ca |,2
76,tad viddhi praṇipātena paripraśnena sevayā |,2
77,upadekṣyanti te jñānaṁ jñāninas tattvadarśinaḥ || [gītā 4.34] iti smṛtibhyaś ca |,2
79,kāmya-karmāṇy anitya-phalāni tad yatheha karma-citto lokaḥ kṣīyate evam evāmutra puṇya-citto lokaḥ kṣīyate iti chāndogya-śruteḥ | brahmaiva tu jñānaika-gamyam | ,3
81,parīkṣya lokān karma-citān brahmaṇo ,2
82,nirvedam āyān nāsty akṛtaḥ kṛtena | ,2
83,tad vijñānārthaṁ sa gurum evābhigacchet ,2
84,samit-pāṇiḥ śrotriyaṁ brahma-niṣṭham || iti muṇḍaka-śruteḥ (1.2.12) |,2
86,"akṣayānanta-sukhaṁ ca satyaṁ jñānam anantaṁ brahma, ānando brahmeti vyajānād iti taittirīyakāt [tai.u. 2.1.1] | nitya-jñānādi-guṇakaṁ ca parāsya śaktir vividhaiva śrūyate svābhāvikī jñāna-bala-kriyā ca [śve.u. 6.8], sarvasya śaraṇaṁ suhṛt [śve.u. 3.7], bhāva-grāhyam anīḍākhyam [śve.u. 5.14] ity ādi śvetāśvatara-vacanāt | nitya-sukhadatvaṁ ca, taṁ pīṭhasthaṁ ye tu yajanti dhīrās teṣāṁ sukhaṁ śāśvataṁ netareṣāṁ iti gopālopaniṣad-ukteḥ |",13
91,oṁkāraś cātha-śabdaś ca dvāv etau brahmaṇaḥ purā |,2
92,kaṇṭhaṁ bhittvā vinirjātau tena māṅgalikāv ubhau || ,2
94,iti smṛter maṅgalam evātha-śabdārthaḥ | śāstrārambhe hi śiṣṭo vighna-nāśāya tad ācarantīti cen naivam | īśvarasya vighnāśaṅkā-virahāt | tasyeśvarasya tu—kṛṣṇa-dvaipāyanaṁ vyāsaṁ viddhi nārāyaṇaṁ prabhum || iti smṛteḥ | tathāpi maṅgalātmakatvāt tasmāt kambu-svanādivat tat sambhaved iti tenaiva loko’pi saṅgṛhītaḥ | tasmāt tādṛśasya puṁsas tad-anantaraṁ taj-jijñāsā yukteti | abindu-mastako yo’ṅkaḥ sūtrato vṛttito’pi saḥ | dvi-bindu-mastakas tv eva bodhyo’dhikaraṇāśritaḥ || 1 ||,3
96,"hds: 1.2.8-11, 1.1.1. ",2
103,"nanu pūrvatra bhūma-śabdena ca jīvam abhupetya brahma-śabdenāpi tam evāha | prāk prāṇa-prakriyayā pati-jāyādi-prīti-saṁsūcanayā ca tasyaiva pratyayatvāt bṛhaj-jāti-jīva-kamalāsana-śabda-rāśiṣv iti brahma-śabdasya ca tatra rūḍher ity etāṁ bhrāntiṁ apanetum ārambhaḥ | taittirīyake, bhṛgur vai vāruṇiḥ | varuṇaṁ pitaram upasasāra |",3
104,adhīhi bhagavo brahma ity upakramya paṭhante | ,2
106,yato vā imāni bhūtāni jāyante | yena jātāni jīvanti | yat prayanty abhisaṁviśanti | tad brahma | tad vijijñāsasva | iti | iha saṁśayaḥ | jijñāsyaṁ brahma jīvaḥ sarveśvaro veti ? ,2
108,vijñānaṁ brahma ced veda tasmāc cen na pramādyati | ,2
109,śarīre pāpmano hitvā sarvān kāmān samaśnute || ,2
113,janmādy asya yataḥ ||,2
115,chāndogye jāna-śrutir ha pautrāyaṇaḥ [chā.u. 4.1.1] ity ādir ākhyāyikā śrūyate | tatra haṁsokti-śravaṇānantaraṁ sayugvāno raiṅkasya sannidhi-gatena jānaśrutinā go-niṣka-rathān darśayitvā devatāṁ pṛṣṭho raiṅka āha ahaha hāre tvā śūdra tavaiva saha gobhir astv [chā.u. 4.1.3] iti taṁ śūdra-śabdena sambodhya punar apy āhṛta-go-niṣka-ratha-kanyopahāraṁ tam ājahāremāḥ śūdrānenaiva mukhenālapayiṣyathā [chā.u. 4.2.5] ity uktvā saṁvarga-vidyām upadiṣṭavān iti varṇyate | iha bhavati saṁśayaḥ | veda-vidyāyāṁ śūdro’dhikriyate na veti | tatra manuṣyādhikāroktir aviśeṣāt sāmarthyādi-sattvāt śūdreti śrauta-liṅgāt purāṇādiṣu vidurādīnāṁ brahmavittva-darśanāc ca so’dhikriyata iti prāptau |,7
121,3. śāstra-yonitvādhikaraṇam,2
125,upakramopasaṁhārāv abhyāso’pūrvatā phalam |,2
126,artha-vādopapattī ca liṅgaṁ tātparya-nirṇaye || ,2
128,"iti yāni śāstrāṇi tātparya-nirṇetṝṇi ṣaḍ-vidhāni liṅgāni smṛtāni tāny api dvaita eva vilokyante | tathā hi, śvetāśvatarāḥ— dvā suparṇā ity upakramaḥ, anyam īśam ity upasaṁhāraḥ | tayor anyo’naśnann anyo’nyam īśam ity abhyāsaḥ | īśvara-sambandhi-bhedasya śāstraṁ vinā aprāter apūrvatā | vīta-śoka ity ādi phalam | asya mahimānam eti ity ādy artha-vādaḥ | anyo’naśnann ity upattiś cety evam anyatrāpy etāni mṛgyāṇi | ",11
130,"nanu, phalavaty ajñāte’rthe śāstra-tātparyāt tādṛśam advaitaṁ tasya gocaraḥ | vaikalyāj jñātatvāc ca dvaitam na tad-gocaraḥ | kintu anūdyamānam eva tad iti cen maivam | pṛthag ātmānaṁ preritāraṁ ca matvā juṣṭaṁs tatas tenāmṛtatvam eti ity ādinā śvetāśvatarais (1.6) tatra phalasyokteḥ | viruddha-dharmāvacchinna-pratiyogikatayā loke tasyājñātatvāc ca | advaitaṁ tv aphalam asvīkārād ajñātaṁ ca śaśa-śṛṅgavad asattvāt | yāni ca tad advaita-bodhakāni vākyāni kvacid vīkṣyante tāni tan-mātrāyatta-vṛttikatva-tad-vyāpyatvādibhiḥ śāstra-kṛtaiva saṅgamayiṣyante | śāstra-dṛṣṭyā tūpadeśo vāmadevavad ity upariṣṭhāt |",3
132,atha jagaj-janmādi-hetuḥ puruṣottamo’vicintyatvād vedāntenaiva bodhyo na tu tarkair iti vaktum ārambhaḥ |,3
134,sac-cid-ānanda-rūpāya kṛṣṇāyākliṣṭa-kāriṇe |,2
135,namo vedānta-vedyāya gurave buddhi-sākṣiṇe || iti gopāla-tāpayām | ,2
137,tat tv aupaniṣadaṁ puruṣaṁ pṛcchāmi iti bṛhad-āraṇyake paṭhyate ca |,2
141,śāstra-yonitvāt ||,2
143,".kṣatern ety ato nety ākṛṣyam | mumukṣubhir asau nānumeyaḥ | kutaḥ ? śāstreti | śāstram upaniṣad yonir bodha-hetur yasya tattvāt upaniṣad-bodhyatva-śravaṇād ity arthaḥ | anyathaupaniṣad-asamākhyā-virodhaḥ | mantavya iti śrutyā tu svānusāri-tarko ‘bhyupagataḥ | pūrvāparāvirodhena ko’rtho’trābhimato bhavet ity ādyam ūhanaṁ tarkaḥ śuṣka-tarkaṁ tu varjayet ity ādi śruteḥ | gautamādi-śuṣka-tarka-heyatvaṁ tu vakṣyate, tarkāpratiṣṭhānād iti | tasmāt vedāntāt viditvāsau dhyeya iti | idam evāduṣṭaṁ mramā¨¨eam iti sūtrayati | śrutes tu śabda-mūlatvād iti | itthaṁ ca harer ātma-mūrtitvam anubhūter anubhavitṛtvaṁ svātmaka-dharmādhiṣṭhāna-śālitvaṁ jagat-kartṛ nirvikāratvaṁ cety ādi—śrūyamāṇa-rūpatayā tasyopāsanaṁ sidhyati | tatrāha na khalu tāvad vedānta-vākya-gaṇaḥ prayoga-yogyaḥ siddhārtha-bodhakatvena prayojana-śūnyatvāt, sapta-dvīpāvasundharety ādi vākyavat | pravṛtti-nivṛtti-rūpa-sādhyārtha-bodhakāni vākyāni prayojanavattvāt prayoga-yogyāni dṛṣṭāni | artha-lipsur nṛpaṁ gacchet, mandāgnir na jalaṁ pibet, iti loke | sarva-kāmo yajeta, surāṁ na pibed iti vede ca | na hi prayojanam anuddiśya vākya-prayogaḥ sambhavati | tac ca pravṛtti-nivṛtti-sādhyeṣṭāpti-parihārātmakam avagatam | brahma khalu pariniṣpannaṁ vastu | tad-bodhakasya satyaṁ jñānam anantam ity ādi-vākyasya tac-chūnyatvān na tad-yogyatvam | yadi kaścit taṁ prayuyukṣur bhavet tarhi prayojanavad vākyaika-vākyatayā taṁ prayuñjānas tasyāpi tadvattvaṁ brūyāt | tasmāt kratu-devatā-kartṛ-pratipādanena tadvān tad-vākya-gaṇas tad-yogyo bhavatīti | āha caivaṁ jaiminiḥ | āmnāyasya kriyārthatvād ānarthakyam atad-arthānāṁ tasmād anityatvam ucyate tad-bhūtānāṁ kriyārthena samānmnāyo’rthasya tan-nimittatvād iti | maivaṁ bhramitavyam | pravṛtti-nivṛtti-bodhakatā-virahe’pi parama-pumartha-rūpa-brahmāstitva-bodhanenaiva tasya tadvattvāt nidhi-sattāvabodhaka-vākyavat | yathā tvad-gṛhe nidhir astīty āpta-vākyāt tat-prāpty-eka-lakṣaṇaḥ pum-arthas tathākṣayānanda-cid-rūpaṁ niravadya-sarva-suhṛd-ātma-pradaṁ mad-aṁśi brahmāstīti tat-sattva-pratyayād eva sa iti na tadvattva-virahaḥ | putras te jāto nāyaṁ sarpo rajjur evety ādiṣu svarūpa-pareṣv api vākyeṣu harṣa-bhaya-nivṛtti-rūpa-phalavattvaṁ dṛṣṭam | ",15
145,"kiṁ ca, sphuṭam asya tadvattvaṁ paridṛśyate—satyaṁ jñānam anantaṁ brahma yo veda nihitaṁ guhāyāṁ so’śnute sarvān kāmān ity ādiṣu | na cokta-rītyā kriyā-paratā tasya śakyā vaktuṁ prakaraṇa-bhedāt pratyuta karma-tat-phala-vigānāt śruta-hānya-śruta-kalpana-prasaṅgāc ca | na ca nikhila-jagad-udayādi-kāraṇe nitya-cid-vapuṣy ananta-kalyāṇa-guṇa-ratnākare śrīnivāse brahmaṇi vyutpannaṁ śāstram anya-paraṁ śakyaṁ kartum | pramā¨¨natvena sva-viṣayāvagati-paryavasāyitvāt | na cāmnāyasyety ādi-nyāyena jaimininā karma-paratvaṁ tasya samarthitam iti vācyaṁ tasya brahma-niṣṭhatvāt | tasmāt karma-prakaraṇa-sthānāṁ keṣāṁcid vākyānāṁ svāthān tyaktvaiva tat-paratvaṁ tena samarthitaṁ na tv anyat | tasmāt brahma-param eva tad iti sphuṭam ||3||",3
147,hds: 10.16.44. ,2
156,tat tu samanvayāt ||,2
158,tu-śabdaḥ śaṅkāc chedārthaḥ | tat-sarva-veda-vedyatvaṁ viṣṇor uktam | kutaḥ ? samanvayāt | anvayas tātparya-liṅgam | samanvayatvaṁ suvicāritatvam | suvimṛṣṭair upakramopasaṁhārādibhiḥ ṣaḍbhir liṅgais tatraiva śāstra-tātparyāt sa eva tad vedya ity arthaḥ | itarathā kathaṁ yo’sāv ity ādi-śruti-vākyopapattiḥ | āha caivaṁ bhagavān puṇḍarīkākṣaḥ | vedaiś ca sarvair aham eva vedyo vedānta-vid veda-vid eva cāham iti | ,3
160,kiṁ vidhatte kim ācaṣṭe kim anūdya vikalpayet |,2
161,ity asyā hṛdayaṁ loke nānyo mad veda kaścana |,2
162,māṁ vidhatte 'bhidhatte māṁ vikalpyāpohyate tv aham || [bhā.pu. 11.21.42-43] iti vā |,2
170,5. īkṣater adhikaraṇam,2
174,athokta-vakṣyamāṇa-samanvayopapattaye brahmaṇo’vācyatvam nirasyate | yato vāco nivartante aprāpya manasā saha iti taittarīyake | yad-vācānabhyuditaṁ yena vāg abhyupadyate tad eva brahma tad viddhi nedaṁ yad idam upāsata iti kenopaniṣadi ca paṭhyate | tatra saṁśayaḥ—aśabdaṁ śabda-vācyaṁ vā brahmeti ? śruti-svārasyād aśabdaṁ tat | anyathā sva-prakāśatā-hānāt | ,5
176,yato’prāpya nivartante vācaś ca manasā saha | ,2
177,ahaṁ cānya ime devās tasmai bhagavate namaḥ || iti smṛteś ca |,2
181,īkṣater nāśabdam ||,2
191,gauṇaś cen nātma-śabdāt ||,2
193,vācyatvena dṛṣṭo’sau sattvopādhiko na bhavet | kutaḥ ? ātma-śabdāt | ātmaivedam agra āsīt puruṣa-vidhaḥ iti vājasenayake | ātmā vā idam eka evāgra āsīt nānyat kiṁcana miṣat sa īkṣata lokān nu sṛjā ity aitareyake ca sṛṣṭeḥ pūrvasya puruṣasya ātma-śabdenābhidhānāt | tasya śabdasya pūrṇe brahmaṇi mukhya-vṛttatā prāg abhāni | ,7
195,vadanti tat tattva-vidas tattvaṁ yaj jñānam advayam |,2
196,brahmeti paramātmeti bhagavān iti śabdyate || [bhā.pu. 1.2.11],2
197,śuddhe mahā-vibhūtākhye pare brahmaṇi śabdyate |,2
198,maitreye bhagavac-chabdaḥ sarva-kāraṇa-kāraṇe || ,2
202,hds: 1.2.11.,3
206,tan-niṣṭhasya mokṣopadeśāt ||,2
208,caturṣu nety anuvartate | taittarīyake—asad vā idam agra āsīt tato vai sad ajāyata tad ātmānaṁ svayam akurutety ārabhya yadā hy evaiṣa etasminn adṛṣṭśye’nātmye’nirukte’nilayane’bhayaṁ pratiṣṭhāṁ vindate’tha so’bhayaṁ gato bhavati yadā ha avaiṣa etasminn udaram antaraṁ kurute atha tasya bhayaṁ bhavati iti prapa¨¨icātīte veda-vācye viśva-kartari tasmin para-brahmaṇi pariniṣṭhitasya vimukti-kathanān na sa gauṇaḥ | tasya gauṇatve tad-bhaktasya muktiṁ na brūyāt | nirguṇaḥ paramātmā tasyānuvṛttyā mokṣaḥ smaryate | ,3
210,harir hi nirguṇaḥ sākṣāt puruṣaḥ prakṛteḥ paraḥ |,2
211,sa sarva-dṛg upadraṣṭā taṁ bhajan nirguṇo bhavet || [bhā.pu. 10.88.5] iti ||7||,2
217,heyatva-vacanāc ca ||,2
225,svāpyayāt ||,2
234,sa devo bahudhā bhūtvā nirguṇaḥ puruṣottamaḥ | ,2
235,ekībhūya punaḥ śete nirdoṣo harir ādi-kṛt || iti ||,2
243,gati-sāmānyāt ||,2
245,gatiḥ avagatiḥ | vijñāna-ghanaḥ sarvajñaḥ sarva-śaktiḥ pūrṇo viśuddhaḥ paramātmā jagad-dhetur upāsitaḥ san vimukti-kṛd iti dhīr ity arthaḥ | tasyāḥ sarveṣu vedeṣu sāmānyād aikarūpyāt | tathā-bhūtasyaikasya brahmaṇaḥ sarveṣu tattayābhidhānāt | saguṇaṁ nirguṇaṁ ceti dvirūpatā nāstīty arthaḥ | smṛtiś ca mattaḥ parataraṁ nānyat kiṁcid asti dhanañjaya iti ||10||,4
253,śrutatvāc ca ||,2
256,eko devaḥ sarva-bhūteṣu gūḍhaḥ ,2
257,sarva-vyāpī sarva-bhūtāntarātmā |,2
258,karmādhyakṣaḥ sarva-bhūtādhivāsaḥ ,2
259,sākṣī cetā kevalo nirguṇaś ca || [śve.u. 6.11],2
263,"nanu nirguṇo’pi guṇavān iti viruddham | maivam | rahasyānavabodhāt | tathā hi, nirguṇādayaḥ śabdā nairguṇyādinā nimittena na tatra pravarteran | sarvajñādayas tu sārvajñyatvādinā | tena paramaiḥ sattvādibhiḥ guṇair vihīnaḥ svarūpānubandhibhiḥ tais tais tu viśiṣṭo’sāv iti na kāpi vicikitsā | smaranti cettham | sattvādayo na santīśe yatra ca paramā guṇāḥ, samasta-kalyāṇa-guṇātmako’sau ity ādibhiḥ | tasmāt pūrṇo viśuddho harir veda-vācyaḥ | anāmādi-śabdās tu guṇāprasiddhi-kārtsnyāgocaratvāditaḥ saṅgamanīyaḥ | tad-aprasiddhiś ca parama-vailakṣaṇyenāgrahāt | kārtsnyenāgocaratā tv ānantyāt | yas tu teṣāṁ sphuṭārthaṁ brūte sa evaṁ praṣṭavyaḥ | tais tasya bodhaḥ syān na vā ? iti | ādye te’pi tasyākhyāḥ | anye tu tad-ārambha-vaiphalyāpattir iti ||11||",3
275,"yasya samanvayasyopapādanāya vācyatvaṁ brahmaṇaḥ samarthitaṁ tam idānīṁ darśayaty ānandamaya ity ādinā yāvad adhyāya-pūrti | tatrāsmin prathame pāde prāyeṇānyatra prasiddhānāṁ śabdānāṁ brahmaṇi samanvayaḥ pradarśyate | taittarīyake—brahmavid āpnoti param ity upakramya, sa vā eṣa puruṣo’nna-rasa-mayaḥ ity ādinānna-maya-prāṇa-maya-mano-maya-vijñāna-mayān krameṇāmnāyedam abhidhīyate | tasmād vā etasmād vijñāna-mayād any’ntarātmānanda-mayas tenaiṣa pūrṇaḥ | sa vā eṣa puruṣa-vidha eva tasya puruṣa-vidhatām anvayaṁ puruṣa-vidhaḥ | tasya priyam eva śiraḥ, modo dakṣiṇaḥ pakṣaḥ, pramoda uttara-pakṣaḥ, ānanda ātmā, brahma pucchaṁ pratiṣṭhā [tai.u. 2.5] iti | ",7
279,ānanda-mayo’bhyāsāt ||,2
281,"paraṁ brahmaiva saḥ | kutaḥ ? abhyāsāt | pratiṣṭhāntenānanda-mayaṁ nirūpya—āsann eva sambhavati, asad brahmeti veda ced asti brahmeti ced veda santam enaṁ tato viduḥ [tai.u. 2.6] iti | tatraiva brahma-śabdasyābhyastatvāt | aviśeṣa-punaḥ-śrutir abhyāsaḥ | na cābhyāsaḥ puccha-brahmaṇīti vācyam | annād vai prajāḥ prajāyanta ity ādīnāṁ pucchānta-paṭhitānāṁ caturṇāṁ ślokānām anna-mayādi-pucchi-puruṣa-catuṣṭaya-paratvenāsyāpi ślokasya tathābhūtasyāpy ānandamayasyottarodaya-bhedena tat-tan-nāma-bhedāt tad-ayogāt | viśeṣatas tu tṛtīye vakṣyate priya-śirastvādy aprāpter ity ādinā | yat tv āhur annamayādy-asukha-pravāha-nipātān nānandamayasya mukhyatvam iti | naiṣa doṣaḥ | tasya sarvāntaratvāt | ajñānāṁ jñapti-saulabhyāya tathopadeśa-pravṛtteḥ | paramopakartā hi vedaḥ param evātmānaṁ vijijñāṣayiṣur arundhatī-darśana-nyāyenāparopadeśe’pi pravartate | ",5
283,"nanv etāvatā paratra tasya tātparyaṁ na vā parasyāmukhyatvam iti | kiṁ cottaratra brahma-jijñāsuṁ prati tat-pitā varuṇo viśvotpatty-ādi-hetu-bhūtaṁ vastu brahmety upadiśya punaḥ sa buddhy-artham anna-prāṇa-mano-vijñānāni krameṇa brahmety uktvānte tv ānanda-mayaṁ brahmety upadarśyopararāma | mad-ukteyaṁ vidyā bhagavan niṣṭhety abhidadhau | athopasaṁhāre’pi | sa ya evaṁ-vid asmāl lokāt pretya etam anna-mayam ātmānam upasaṇkrāmati [tai.u. 2.8.5] ity uktvā, etam ānanda-mayam ātmānam upasaṇkramya, imāṅl lokan kāmānnī kāma-rūpy anusañcaran | etat sāma gāyann āste [tai.u. 3.10.5] ity uktam, ataḥ paraṁ brahmaivānanda-mayaḥ puruṣa-vidho’nnamayo’tra caramo’nnamayādiṣu yaḥ sad-asataḥ paraṁ tvam atha yad eṣv avaśeṣam ṛtam iti smṛteś ca | śārīratvaṁ tu tasminn api na viruddham | yasya pṛthivī śarīram ity ādi śrutau tasyāpi tad-ukteḥ | ataḥ śārīrakam idaṁ śāstram | yat tv ānandamaya ity atra brahma-puccham ity ādi vyācaṣṭe, tan mandam | śabda-svārasya bhaṅgā deśikānugati-hānāc ca ||12||",9
291,"vikâra-śabdān neti cen, na prācuryāt ||",2
293,na hy ānanda-vikāratvād ānandamayaḥ | kutaḥ ? prācuryād ānandasya tat-prakṛta-vacane mayaḍ iti prācurye’rthe mayaḍ-vidhānāt | na ca vikāre mayaḍ astu | dvyacaś chandasīti niyamāt bahu-svarād vikārārthakasya tasyāprāpteḥ | na ca duḥkhāpty-asad-bhāvaḥ | eṣa sarva-bhūtāntarātmāpahata-pāpmā divyo deva eko nārāyaṇaḥ iti subāla-śruteḥ | paraḥ parāṇāṁ sakalā na yatra kleśādayaḥ santi parāvareśe iti smṛteś ca | tasmāt prakṛty-artha-prabhūtatvam evātra prācuryam | pracura-prakāśo ravir iti svarūpe ca yujyate pracura-śabdaḥ | tasmād ānanda-mayo na jīvaḥ ||13||,5
299,tad-dhetu-vyapadeśāc ca ||,2
301,ko hy evānyāt kaḥ prāṇyāt yady eṣa ākāśa ānando na syāt ? eṣa evānandayatīti jīvasyānandasya hetur ānandamaya [tai.u. 2.7] iti vyapadeśāc ca jīvād ānandayitā bhidyate | ity ānanda-śabdenānanda-mayo dṛśyaḥ ||14||,2
307,māntra-varṇikam eva ca gīyate ||,2
309,satyaṁ jñānam [tai.u. 2.1.3] iti mantra-varṇoktaṁ brahmaiva yasmād ānanda-maya iti gīyate’to nāsau jīvaḥ | ayaṁ bhāvaḥ—brahmavid āpnoti param ity upāsakasya jīvasya prāpya-brahmopakramya tad eva satyam ity ādi-mantreṇa viśeṣitam | tasyaivehānandamaya-śabdena grahaṇam ucitam | tasmād vā etasmād ity ādibhir uttarokter avākyais tasyaivopakrāntasya prpañcanāt | tataś ca prāpyaṁ brahma prāpta-jīva-vādanya-deveti nānanda-mayasya jīvatvam ||15||,4
317,netaro’nupapatteḥ ||,2
319,"itaro muktāvastho’pi jīvo na māntravarṇikaḥ | kutaḥ ? anupapatteḥ, so’śnute sarvān kāmān saha brahmaṇā vipaścitā iti saha-bhoga-śravaṇāsiddheḥ | vividhaṁ paśyati cit yasyāsau tena vipaścitā | pṛṣodarāditvāt paśya-śabdasya paśabhāvaḥ | vividha-bhoga-catureṇa tena saha saṁyuktaḥ sarvān kāmān aśnute bhuṅkte | aśa bhojane ity asmāt śrā-pratyaya-parasmaipadayor vyatyayena śnu-pratyayātmanepadayor vidhānam | vyatyayo bahulam iti chandasi tathā smṛteḥ | sahabhāvoktyā bhoge bhagavato prādhānyam | bhaktasya tu prādhānyam anabhimatam | vaśe kurvanti māṁ bhaktāḥ sat-striyaḥ sat-patiṁ yathā ity ādi tad-vākyāt ||16||",5
325,bheda-vyapadeśāt ||,2
327,raso vai saḥ | rasaṁ hy evāyaṁ labdhvānandī bhavati iti tasyaiva māntra-varṇikasyānandamayasya rasa-prāpteḥ tasya labhyasya labdhur jīvān muktāvasthād api bhedokteś ca māntra-varṇiko’sāv anya eva | brahmaiva san brahmāpnoti ity ādiṣv api na muktasya brahmābhedaḥ | brahmāpyayasya brahma-bhūtyānantara-bhāvitvāt | kintu brahma-sadṛśaḥ sann ity evārthaḥ | nirañjanaḥ paramaṁ sāmyam upaitīti śruteḥ | idaṁ jñānam upaśṛitya mama sādharmyam āgatāḥ ity ādi smṛteś ca | sādṛśye’py eva-śabdo’sti | vāva yathā tathaiveva sāmye ity anuśāsanāt ||17||,10
335,kāmāc ca nānumānāpekṣā ||,2
337,so’kāmayata bahu syāṁ prajāyeya iti saṅkalpād eva viśva-sarga-śruter nānumānasya pradhānasyāsminn ānanda-maya-vākyaṁ bhavaty apekṣā jaḍasya saṅkalpāsambhavāt ||18||,2
343,asminn asya ca tad-yogaṁ ca śāsti || ,2
356,atha ya eṣo’ntar āditye hiraṇmayaḥ puruṣo dṛśyate hiraṇya-śmaśrur hiraṇya-keśa ā praṇakhāt sarva eva suvarṇaḥ tasya yathā kapyāsaṁ puṇḍārīkam evam akṣiṇī tasyoditi nāma sa eṣa sarvebhyaḥ pāpmabhya udita udeti ha vai sarvebhyaḥ pāpmabhyo ya evaṁ veda | tasya rk ca sāma ca geṣṇau tasmād udgīthas tasmāt tv evodgātaitasya hi gātā sa eṣa ye cāmuṣmāt parāñco lokās teṣāṁ ceṣṭe deva-kāmānāṁ cety adhidaivatam || [chā.u. 1.6.6-8],2
358,atha ya eṣo’ntarakṣiṇi puruṣo dṛśyate saiva rk tat sāma tad ukthaṁ tad yajus tad brahma tasyaitasya tad eva rūpaṁ yad amuṣya rūpaṁ yāv amuṣya geṣṇau tau geṣṇau yan nāma tan nāma || [chā.u. 1.7.5] iti śrūyate |,2
362,antas tad-dharmopadeśāt ||,2
364,"tayor antarvartī paramātmaiva na jīvaḥ | kutaḥ ? tad ity ādeḥ | iha prakaraṇe’pahata-pāpmatvādīnāṁ tad-dharmāṇāṁ nigadāt | apahata-pāpmatvam apahata-karmatvaṁ karma-vaśyatā-gandha-rāhityam iti yāvat | na caitat karma-vaśye jīve sambhavet | na cautpattikaṁ loka-kāmeśitṛtvādi | nāpi phala-dātṛtvaṁ tatra mukhyam | na copāsyatāyāḥ pāravaśyam | yat tu deha-sambandhāt jīvo’sāv ity uktaṁ, tan na puruṣa-sūktādiṣu—vedāham etaṁ puruṣaṁ mahāntam āditya-varṇaḥ tamasaḥ parastāt ity ādinā tasyātma-bhūta-divya-rūpa-śravaṇāt ||20||",3
370,bheda-vyapadeśāc cānyaḥ ||,2
374,ya āditye tiṣṭhann ādityād antaro yam ādityo na veda yasyādityaḥ śarīraṁ ya ādityam antaro yamayaty eṣa ta ātmāntaryāmy amṛtaḥ iti bṛhad-āraṇyake |,2
381,8. ākāśādhikaraṇam,2
387,asya lokasya kā gatir ity ākāśa iti hovāca | sarvāṇi ha vā imāni bhūtāny ākāśād eva samutpadyante | ākāśaṁ pratyastaṁ yanty ākāśaḥ ... parāyaṇam [chā.u. 1.9.1] iti | ,2
391,ākāśas tal-liṅgāt ||,2
393,brahmaiva sa na viyat | kutaḥ ? tal-liṅgāt | sarva-bhūtotpādanatvādi-lakṣaṇa-brahma-liṅgād ity arthaḥ | etad uktaṁ bhavati—sarvāṇīty asaṅkucita-sarva-śabdād viyat-sahita-sarva-bhūtotpatti-hetutvam avagatam | na ca tad viyat-pakṣe sambhavet svasya sva-hetutvābhāvāt | ākāśād evety eva-kāreṇa hetv-antaraṁ ca nirastam | etad api na tat-pakṣe | mṛdāder ghaṭādi-hetor dṛṣṭavān | brahma-pakṣe tu saṅgatimat tasyaiva sarva-śaktimataḥ sarva-svarūpatvāt | yadyapy ākāśa-śabdas tatra rūḍhas tathāpi śrauta-rūḍhito brahmaṇi prayujyate baliṣṭhatvād iti ||22||,3
399,9. prāṇādhikaraṇam,2
403,katamā sā devateti | prāṇa iti hovāca | sarvāṇi ha vā imāni bhūtāni prāṇam evābhisaṁviśanti prāṇam abhyujjihate [chā.u. 1.11.5] iti tatraiva śrūyate | ,2
407,ata eva prāṇaḥ ||,2
420,atha yad ataḥ paro divo jyotir dīpyate viśataḥ pṛṣṭheṣu sarvataḥ pṛṣṭheṣv anuttameṣūttameṣu lokeṣu idaṁ vāva tad yad idam asminn antaḥ puruṣe jyotir [chā.u. 3.13.7] iti | ,2
424,jyotiś caraṇābhidhānāt ||,2
426,"jyotir atra brahmaiva grāhyam | kutaḥ ? caraṇeti | tāvān asya mahimā tato jyāyāṁś ca puruṣaḥ pādo’sya sarvā bhūtāni tripādasyāmṛtaṁ divi [chā.u. 3.12.6] iti pūrvatra dyu-sambandhinaḥ sarva-bhūta-pādatvokteḥ | idam atra tattvaṁ, pūrvaṁ hi pādo’syeti catuṣpād brahma prakṛtaṁ tad eveha yad iti yac-chabdenānuvartitam ity asannidhi-bhaṅgād ubhayatra dyu-sambandha-śravaṇāviśeṣāc ca nikhila-tejasvī harir eva jyotir, na tv ādityādir iti ||24||",3
434,"chando’bhidānān neti cen, na, ",2
435,tathā ceto’rpaṇa-nigadāt tathā hi darśanam || ,2
437,"nanu, gāyatrī vā īdaṁ sarvaṁ bhūtaṁ yad idaṁ kiṁ ca [chā.u. 3.12.1] ity upakramya tām eva bhūta-vāk-pṛthivī-śarīra-hṛdaya-prabhedair vyākhyāya, saiṣā catuṣpadā ṣaḍ-vidhā gāyatrī tad etad ṛcābhyanūktam | tāvān asya mahimā [chā.u. 3.12.5-6] iti tasyām eva vyākhyāta-rūpāyām udāhṛto mantraḥ katham akasmāc catuṣpād brahmābhidadhyāt | tasmād gāyatryākhyasya chandasas tatrābhidhānān na brahma prakṛtam iti cen, na | kutaḥ ? tatheti | tathā gāyatr-ātmanāvatīrṇe brahmaṇi ceto’rpaṇasya dhyānasya tatra nigadād upadeśād ity arthaḥ | tathā ssati hi gāyatrī vā idaṁ sarvam iti darśanaṁ saṅatimat syād anyathā pīḍyateti gāyatryā brahmatve pramāṇaṁ darśitaṁ bhavati ||25||",9
445,bhūtādi-pāda-vyapadeśopapatteś caivam ||,2
447,evaṁ brahmaiva gāyatrīti mantavyam | kutaḥ ? bhūtādīti bhūtādīni nirdiśyāha—saiṣā catuṣpadeti | tasya brahmatvābhāve tat-pādatva-vyapadeśāsiddher ity arthaḥ | tasmād asti pūrvasmin vākye prakṛtaṁ brahma tad eveha yad ity anuvartamānād dyu-saṁbandhena pratyabhijñānāc ca parāmṛṣṭam iti ||26||,3
455,"upadeśa-bhedān neti cen, nobhayasminn apy avirodhāt ||",2
457,"nanu tripādasyāmṛtaṁ divīti saptamyā dyaur ādhāratvenopadiṣṭā | iha punaḥ paro diva [chā.u. 3.13.7] iti pañcamyā maryādātvena ity evam upadeśa-bhedān na tasyeha pratyabhijñeti cen, na | kutaḥ ? ubhayeti | ubhayasminn api saptamy-ante copadeśe na virudhyate | yathā loke vṛkṣāgra-stho’pi śuka ubhayathopadiśyamāno dṛśyate—vṛkṣāgre śuko vṛkṣāgrāt parataḥ śuka iti | sa copadeśa-hede’py arthaikyān na virudhyate tadvat ||27||",3
466,kauṣītaki-brāhmaṇe—pratardano ha vai daivodāsir indrasya priyaṁ dhāmopajagāma yuddhena ca ity upakramyendra-pratardanākhyāyikā śrūyate | tatra pratardanena hitatamaṁ varaṁ pṛṣṭa indras tam upadiśati—prāṇo’smi prajñātmā taṁ māmāyur amṛtam upāssva [kau.brā. 3.2] iti | ,6
470,prāṇas tathānugamāt ||,2
472,"tan-nirdiṣṭaḥ paramātmaiva na jīvaḥ | kutaḥ ? tatheti | tat prakṛtasya tasya, sa eṣa prāṇa eva prajñātmānando’jaro’mṛta [kau.brā. 3.9] ity ānandādi-śabda-vācyatvenānugamāt ||28||",4
478,nanu noktaṁ yujyate vaktṛ-svarūpa-nirūpaṇāt | mām eva vijānīhi ity upakramya prāṇo’smi [kau.brā. 3.2] iti vaktā khalu indraḥ | tena triśīrṣāṇaṁ tvāṣṭram ahana-marun-mukhān ṛṣīn śālā-vṛkebhyaḥ prāyaccham ity ādinā vijñāta-jīva-bhāvasya svasyaivopāsyatvenopadeśāt | upakramānurodhenānandāder apy upasaṁhāra-gatasya jīva-paratayā neyatvāc ca | prāṇe’smītīndra-devataiva tattvenopāsitum upadiśyate vācaṁ dhenum upāsīta [bṛ.ā.u. 4.8.1] itivat | balādhiṣṭhātṛtvāc ca tasya tathopadeśaḥ | prāṇo vai balam [bṛ.ā.u. 4.14.4] iti hi vadanti | tasmāj jīvo’yam ity ākṣipya pariharati | ,13
480,na vaktur ātmopadeśād iti ced ,2
481,adhyātma-sambandha-bhūmā hy asmin ||,2
483,"adhyātma-saṁbandhaḥ paramātmaikānta-dharma-sambandhas tasya bhūmā bahutvam asmin prakaraṇe hi yasmād dṛśyate’taḥ paramātmaiva sa bodhyaḥ | tathā hi, hitatamaṁ varaṁ kila mokṣāpty-upāyaḥ | tat-karmatvaṁ mām upāssva iti prāṇa-śabditasya pratīyate | eṣa eva sādhu karma kārayati ity ādinā sarva-karma-kārayitṛtvam | tad yathā rathasyāreṣu nemir arpitā nābhāvarā arpitā evam evaitā bhūta-mātrāḥ prajñā-mātrāsv arpitāḥ | prajñā-mātrāḥ prāṇe’rpitāḥ iti jaḍa-cetanātmaka-samastādhāratvaṁ ca | evaṁ sa eṣa prāṇa eva prajñātmānando’jaro’mṛtaḥ | eṣa lokādhipatir eṣa sarveśvaraḥ ity ānandātmakatvādi ca | tad etad dharma-jātaṁ paramātmany eva sambhavati nāyatreti ||29||",7
493,śāstra-dṛṣṭyā tūpadeśo vāma-devavat ||,2
495,tu-śabdaḥ sandeha-hānau | vijñāta-jīva-bhāvenāpīndreṇa mām eva vijānīhi mām upāssva ity upāsya-brahma-rūpatayā yo’yaṁ svopadeśaḥ kṛtaḥ sa śāstra-dṛṣṭyaiva sambhavati netarathā | śāstraṁ khalu yad vṛttir yad-āyattā taṁ tādrūpyeṇa upadiśati | na vai vāco na cakṣūṁṣi na śrotrāṇi na manāṁsīty ācakṣate prāṇa ity evācakṣate prāṇo he evaitāni sarvāṇi bhavati iti chāndogya-śrutiḥ | prāṇāyatta-vṛttikatvād indriyāṇi prāṇa-rūpatayā nirdiśati | tathā caivaṁ viduṣo vaktuḥ sva-prajñāṁ sva-vineye sañcicārayiṣor mām eva vijānīhīty ādy-upadeśo yathā svaṁ brahmāyatta-vṛttikam asau na vidyād iti | ,5
497,dṛṣṭāntam āha—vāmeti | yathā bṛhad-āraṇyake—tad dhaitat paśyann ṛṣir vāma-devaḥ pratipede’haṁ manur abhavaṁ sūryaś ca [bṛ.ā.u. 1.4.10] iti | sva-vṛtti-hetuṁ brahma nirdiśya tad-ekārthena manv-ādīn vāma-devo vyapadiśati tathendro’pi svam iti | smṛtiś ca tad vyāpyasya tādrūpyam abhidhatte—,3
499,yo’yaṁ tavāgato deva-samīpaṁ devatā-gaṇaḥ |,2
500,sa tvam eva jagat-sraṣṭā yataḥ sarva-gato bhavān || [vi.pu. 1.9.69] iti |,2
502,sarvaṁ samāpnoṣi tato’si sarva [gītā 11.40] iti ca | loke’pi sthānam atyaikyād aikyaṁ vadanti | gāvaḥ sāyam ekatāṁ yāntīti | vivadamānā nṛpās tāṁ yātāra iti ca ||30||,2
508,"nanv astu brahmaikānta-dharma-sambandha-bhūmā tathāpy etad-vākyaṁ brahma-param iti na śakyaṁ niyantum | na vācaṁ vijijñāsīta vaktāraṁ vidyāt [kau.u. 3.8], tri-śīrṣāṇaṁ tvāṣṭram ahanam ity ādi jīva-liṅgāt | yāvad dhy asmiñ śarīre prāṇo vasati tāvad āyuḥ, atha khalu prāṇa eva prajñātmā idaṁ śarīraṁ parigṛhyotthāpayati [kau.u. 2.2] iti mukhya-prāṇa-liṅgāc ca | evaṁ yo vai prāṇaḥ sā prajñā yā vai prajñā sa prāṇaḥ saha hy etāv asmiñ śarīre vasataḥ sahotkrāmataḥ [kau.u. 2.3] ity api jīvādy-uktau na bādhakam | pravṛtti-nivṛtti-sāhityena dvayor aikyopacārāt | tasmāt trayam upāsyam iti tad etan nirākartum āha—",11
510,"jīva-mukhya-prāṇa-liṅgān neti cen, na,",2
511,"upāsā-traividhyād, āśritatvād, iha tad-yogāt || ",2
519,nanu prāṇādi-śabdābhyāṁ dharmi-pratipādanāt kathaṁ dharma-paratvaṁ ? maivaṁ dharma-pratipādane’pi dharmiṇaḥ pratipatter ubhayor aikarūpyāt | prāṇe’smi prajñātmeti śakti-dvaya-dharmakatayā nirdiṣṭasya punar dharma-rūpasya praśaṁsā | yo vai prāṇaḥ sa prajñā iti | tasmād brahmaivātra indra-prāṇa-prajñādi-śabdair avagantavyam iti |,3
539,sarvaṁ khalv idaṁ brahma taj -jalān iti śānta upāsīta | atha khalu kratumayaḥ puruṣo yathākratur asmiṁl loke puruṣo bhavati tathetaḥ pretya bhavati sa kratuṁ kurvīta | manomayaḥ prāṇa-śarīro bhā-rūpaḥ satya-saṁkalpa ākāśātmā sarva-karmā sarva-kāmaḥ sarva-gandhaḥ sarva-rasaḥ sarvam idam abhyatto’vākyanādaraḥ [chā.u. 3.14.1-2] ity ādi | ,2
541,"tatra saṁśayaḥ—manomayatvādiguṇair upāsyo jīva uta paramātmā ? iti | tatra manaḥ-prāṇayor jīvopakaraṇatvāt, aprāṇo hy amanāḥ śubhraḥ iti paramātmanas tan-niṣedhāt tadvān jīvo’yaṁ syāt | na ca sarvaṁ khalv idaṁ brahma iti pūrva-nirdiṣṭaṁ brahmātra grahītuṁ śakyaṁ, tasya vākyasyopāsty upakaraṇa-śānti-vidhi-paratvāt | śānti-niṣpattaye sarvasya brahmātmatvopadeśaḥ | evaṁ jīve niścite antimo brahma-śabdo’py etat-paraṁ syād ity evaṁ prāpte—",3
543,sarvatra-prasiddhopadeśāt ||,2
545,"sa khalv ayaṁ paramātmaiva, na jīvaḥ | kutaḥ sarvatra vedānte prasiddhasya jagaj-janmādi-hetutā-rūpasya tad-ekānta-dharmasyātrāpi vākye taj-jalān ity upadeśāt | yadyapy upakrama-vākye śānti-vivakṣayā, na tu sva-vivakṣayā brahma nirdiṣṭaṁ tathāpy upadiṣṭe manomayatvādike tat-sannidhāsyati | kratur upāsanā | manomayaḥ śuddha-mano-grāhyaḥ, manasaivānudraṣṭavya iti śruty-antarāt | yato vāca ity ādi kṛta-pratiṣedhas tu pāmarāgocaratvāt kārtsnyāgocaratvāc ceti tattva-vidaḥ | prāṇa-śarīratvaṁ tan-niyantṛtvāt preṣṭha-mūrtitvād ity eke | aprāṇo hy amanā iti tu tad-anadhīna-sthiti-jñānatvāt prākṛta-viṣayo vā | manovān ity anīdavātam iti ca śruty-antarāt | apare tu, manomayaḥ prāṇa-śarīra-netā [mu.u. 2.2.7], sa eṣo’ntar-hṛdaya ākāśas tasminn ayaṁ puruṣo manomayo’mṛtamayo hiraṇmayaḥ, hṛdā manīṣā manasābhikḷpto ya etad vidur amṛtās te bhavanti, prāṇasya prāṇa ity ādiṣu sarveṣu vedānteṣu prasiddhasya manomayatvāder ihāpy upadeśāt paramātmaiva manomaya iti vācakhyuḥ ||1||",19
551,vivakṣita-guṇopapatteś ca ||,2
553,"manomayaḥ prāṇa-śarīro bhā-rūpaḥ ity ādinā ye guṇā vivakṣitās te hi parasminn evopapadyante, na tu jīve ||2||",2
559,anupapattes tu na śārīraḥ ||,2
567,karma-kartṛtva-vyapadeśāc ca ||,2
569,etam itaḥ pretyābhisaṁbhavitāsmi iti śruter etam iti prakṛtaṁ manomayaṁ karmatvena prāpyatvena vyapadiśati | śārīraṁ tv abhisaṁbhavitāsmīti kartṛtveneti kartuḥ śārīrād vilakṣaṇaḥ karma-bhūto manomayaḥ pareśaḥ | abhisambhavatir milanārthaḥ sambhūyāmbhodhim abhyeti nagāpagety ādi prayogāt ||4||,2
575,śabda-viśeṣāt ||,2
577,"eṣa me ātmāntar hṛdaye [chā.u. 3.14.3] iti paṭhyantena śabdena śārīra upāsako nirdiśyate, manomayas tūpāsyaḥ prathamāntena | bhinna-vibhaktikayoḥ śabdayor artha-bhedena bhāvyam | tathā ca śārīrād upāsakād anyo manomaya upāsya iti ||5||",2
583,smṛteś ca ||,2
585,īśvaraḥ sarva-bhūtānāṁ hṛd-deśe’rjuna tiṣṭhati | ,2
586,bhrāmayan sarva-bhūtāni yantrārūḍhāni māyayā || [gītā 18.61] ,2
594,nanu eṣa me ātmāntar-hṛdaye’ṇīyān brīher vā yavād vā [chā.u. 3.14.3] ity alpa-sthānatva-śruter aṇīyastvopadeśāc ca jīva eva mano-mayo na tv īśa ity āśaṅkā-nirāsāyāha—,3
596,arbhakaukastvāt tad-vyapadeśāc ca neti cen na nicāyyatvād evaṁ vyomavac ca ||,2
598,hetu-yugmān manomayo neśvara iti na vācyam | atraiva jyāyān pṛthivī jyāyān antarikṣāt ity ādinā vyoma-vadasya vibhutvābhidhānāt | kathaṁ tarhi tad-yugmaṁ saṅgacchate | tatrāha—nicāyyatvād evam iti | evaṁ mitatvenoktir nicāyyatvāt hṛd-upāsyatvāt | ayam atra niṣkarṣaḥ—vibhor api parasya yad aṇutvaṁ prādeśa-mātratvādi ca tat kvacit bhāktaṁ kvacit tu mukhyam | tatrādyaṁ smṛti-sthāna-hṛn-mānasya smaryamāṇe sthānāni tasminn upacārāt | anyaṁ tu tādṛśasyāpi tasya bhaktānugrāhiṇo'cintya-śakti-yoginas tathā tathābhivyakteḥ | ekam eva svarūpaṁ bhakteṣu nānā-vidhaṁ sphurati—eko'pi san bahudhā yo'vabhāti iti śravaṇāt | vibhutve saty apy aṇutvādikam acintya-śakti-yogāt ||7||,5
606,"sambhoga-prāptir iti cen, na, vaiśeṣyāt ||",2
608,"iha samiti sahārthe vartate saṁvāda-śabdavat | sambhogaḥ saha bhogas tat-prāptir neśvarasya | kutaḥ ? vaiśeṣyāt | ayam abhiprāyaḥ | na hi deha-sambandha-mātraṁ taad-upabhoga-hetuḥ, kintu karma-pāratantryam eva | tac ca na tasyāsti, anaśnann anyo'bhicākaśīti śravaṇāt | na māṁ karmāṇi limpanti na me karma-phale spṛhā [gītā 4.14] iti smṛtiś ceti | kaṭha-vallyāṁ paṭhyate—",5
610,yasyā brahma ca kṣatraṁ ca ubhe bhavata odanaḥ |,2
611,mṛtyur yasyopasecanaṁ ka itthā veda yatra saḥ || [ka.u. 1.2.25] iti ||8||,2
619,"atra kaścid odanopasecana-śabda-sūcito'ttā pratīyate | sa kim agnir uta jīvaḥ paro veti bhavati saṁśayaḥ | viśeṣāniścayāt trayāṇāṁ praśnottara-sattvāc ca kiṁ tāvat prāptaṁ agnir atteti | agnir annād iti śruteḥ prasiddeś ca | jīvo vā bhavet | adanasya karma-nimittatvāt karmiṇo jīvasya tat sambhavati, na tu karma-śūnyasya | evam abhipretya śrutir api tayor adanānadane darśayati—tayor anyaḥ pippalam ity ādinā | tasmāt jīvo'yam iti prāptau—",5
621,attā carācara-grahaṇāt ||,2
629,prakaraṇāc ca ||,2
631,aṇor aṇīyān mahato mahīyān ity ādibhir hi para eva prakṛtaḥ | attāsi lokasya carācarasya iti smṛter api cainaṁ samuccīyate ||10||,4
642,ṛtaṁ pibantau sukṛtasya loke ,2
643,guhāṁ praviṣṭau parame parād dharṣe |,2
644,chāyātapau brahma-vido vadanti ,2
645,pañcāgnayo ye ca tri-nāciketā || [ka.u. 1.3.1] iti śrutam |,2
649,guhāṁ praviṣṭāv ātmānau hi tad-darśanāt ||,2
653,yā prāṇena sambhavaty aditir devatā-mayī |,2
654,guhāṁ praviśya tiṣṭhantīṁ yā bhūtebhir vyajāyata || [ka.u. 2.1.7] iti |,2
656,taṁ durdarśaṁ gūḍham anupraviṣṭaṁ,2
657,guhāhitaṁ gahvareṣṭhaṁ purāṇam |,2
658,adhyātma-yogādhigamena devaṁ,2
659,matvā dhīro harṣa-śokau jahāti || [ka.u. 1.2.12],2
667,viśeṣaṇāc ca ||,2
669,"asyāṁ prakriyāyāṁ jīveśāv eva mantṛtva-mantavyatvādi-bhāvena viśeṣato vijñāyete | taṁ durdarśam iti pūrvasmin granthe mantṛtva-mantavyābhyām etāv eva viśeṣitau | ihāpi vākye chāyātapāv ity ajñatva-vijñatvābhyāṁ, ",3
671,vijñāna-sārathir yas tu manaḥ pragrahavān naraḥ |,2
672,so’dhvanaḥ pāram āpnoti tad viṣṇoḥ paramaṁ padam || [ka.u. 1.3.9],2
683,chāndogye ya eṣo’kṣiṇi puruṣo dṛśyata eṣa ātmeti hovācaitad amṛtam abhayam etad brahmeti tad yadyapy asmin sarpir vodakaṁ vā siñcati vartmanī eva gacchati | etaṁ saṁyad vāma ity ācakṣata etaṁ hi sarvāṇi vāmāny abhisaṁyanti [chā.u. 4.15.1-2] ity ādi śrūyate | tatra saṁśayaḥ—kim ayaṁ puruṣaḥ pratibimbaḥ kiṁ vā devatātmā āho svit jīva utāho paramātmeti | ādyaḥ syāt akṣy-ādhāratva-dṛśyatvayos tatra sattvāt | dvitīyo vā raśmibhir eṣo’smin pratiṣṭhita [bṛ.ā.u. 5.5.2] iti bṛhad-āraṇyakāt | kiṁ vā tṛtīyaḥ syāt sa hi cakṣuṣā rūpaṁ paśyaṁs tatra sannihito bhavati | tasmād eṣām anyatamo’yam ity asyāṁ prāptau—,5
685,antara upapatteḥ ||,2
693,sthānādi-vyapadeśāc ca ||,2
695,yaś cakṣuṣi tiṣṭhan [bṛ.ā.u. 3.7.18] ity ādinā cakṣuṣi sthiti-niyamanādikaṁ paramātmana evoktaṁ bṛhad-āraṇyake ||14||,2
701,sukha-viśiṣṭābhidhānād eva ca ||,2
703,prāṇo brahma kaṁ brahma khaṁ brahma [chā.u. 4.10.4] ity aparicchinna-sukha-viśiṣṭaṁ yad brahma prakrāntaṁ tasyaiva punar atrāpy akṣi-stha-vākye nigadāc ca prakṛta-grahaṇaṁ nyāyyam | āntarāliky-agni-vidyā tu brahmavidyāṅgaṁ bhavet | iha viśiṣṭayoktyā jñānādi-śabdānāṁ dharmi-paratvaṁ ca vyākhyātam ||15||,2
709,śrutopaniṣatka-gaty-abhidhānāc ca ||,2
711,"upaniṣadaṁ śrutavato'dhigata-rahasyasya śruty-antare yā devayānākhya-gatir uktā maivehākṣi-puruṣa-vida upakośalasyocyate, arciṣam abhisambhavati ity ādinā | tasmāc ca tathā ||16||",3
719,anavasthiter asambhāvāc ca netaraḥ ||,2
730,"bṛhad-āraṇyake śrūyate—yaḥ pṛthivyāṁ tiṣṭhan pṛthivyā antaro yaṁ pṛthivī na veda yasya pṛthivī śarīraṁ yaḥ pṛthivīm antaro yamayaty eṣa ta ātmāntaryāmy amṛtaḥ [bṛ.ā.u. 3.7.3] iti | atra pṛthivy-ādy-antaḥ-stho yamayitā pratītaḥ, sa kiṁ pradhānaṁ jīvaḥ paro veti saṁśaye pradhānam iti tāvat prāptaṁ, tad-antaḥ-sthatvādes tatra sambhavāt | kāraṇaṁ hi kārye’nusyūtaṁ tasya niyantṛ ca bhavati | prīti-pradatvād ātmatvaṁ tatropacaritaṁ vyāpti-yogād vā nityatvād amṛtaṁ ca tad iti | jīvo vā kaścid yogī sa syāt sarvāntaḥ-praveśanāntardhāna-śaktibhyāṁ niyantṛtvādṛṣṭatvādes tatra yogāt | ātmatvāmṛtatve ca tasya mukhye tasmāt pradhāna-jīvayor ektaraḥ sa iti prāpte—",5
732,antaryāmy adhidaivādiṣu tad-dharma-vyapadeśāt ||,2
740,na ca smārtam atad-dharmābhilāpāt ||,2
742,"ukta-hetubhyaḥ smārtaṁ pradhānaṁ antaryāmīti na vācyam | kutaḥ ? atad iti | dṛṣṭo draṣṭā, aśrutaḥ śrotā, amato mantā, avijñato vijñātā | nānyo’to’sti draṣṭā nānyo’to’sti śrotā nānyo’to’sti mantā nānyo’to’sti vijñātaiṣa ta ātmā’antaryāmy amṛto'to’nyat smārtam [bṛ.ā.u. 3.7.23] iti vākya-śeṣa-śrīānāṁ draṣṭṛtvādīnāṁ tasminn asambhavāt ||19||",5
748,śārīraś cobhaye’pi hi bhedenaivanam adhīyate ||,2
750,"nety anuvartate | ukta-hetubhyaḥ śārīro yogi-jīvo’ntaryāmīti na vācyam | kutaḥ ? hi yasmāt ubhaye kāṇva-mādhyandināś cainam antaryāmito bhedenādhīyante | “yo vijñānam antaro yamayati” iti, “ya ātmānam antaro yamayati” iti ca niyamya-niyantṛtva-bhāvena bhedaṁ tayoḥ paṭhantīty arthaḥ | tasmāt sa śrī-harir eva | subālopaniṣadi tu pṛthivy-ādīnāṁ avyaktākṣarāmṛtānāṁ śrī-nārāyaṇo’ntaryāmīti kaṭhaiḥ paṭhitam | antaḥ-śārīre nihito guhāyāṁ aja eko nityo yasya pṛthivī śarīraṁ yaḥ pṛthivīm antare sañcaran yaṁ pṛthivī na veda [subālopaniṣad 7] ity ādinā brāhmaṇena |",3
758,atha parā yayā tad akṣaram adhigamyate ||,2
760,yat tad adṛśyam agrāhyam agotram,2
761,avarṇam acakṣuḥ-śrotraṁ tad apāṇi-pādam |,2
762,nityaṁ vibhuṁ sarva-gataṁ susūkṣmaṁ,2
763,tad avyayaṁ yad bhūta-yoniṁ paripaśyanti dhīrāḥ || [mu.u. 1.1.6] iti |,2
766,divyo hy amūrtaḥ puruṣaḥ sa bāhyābhyantaro hy ajaḥ |,2
767,aprāṇo hy amanāḥ śubhro hy akṣarāt parataḥ paraḥ || [mu.u. 2.1.2] iti |,2
769,"kim atra vākya-dvaye prakṛti-puruṣau krameṇa pratipādyo kiṁ vā paramātmaiveti sandehe draṣṭṛtvādi-cetana-dharmāśravaṇāt, yoni-śabdasyopādāna-vācitvāc ca pradhānam evākṣaraṁ syāt, parato’kṣarāt paras tu puruṣo bhaet sarva-vikāra-bhūtād akṣarāt paratvaṁ kṣetrajñe’pi yukteḥ | tasmāt tāv evātra vedyāv iti prāpte—",3
771,adṛśyatvādi-guṇako dharmokteḥ ||,2
775,yaḥ sarvajñaḥ sarva-vid yasya jñāna-mayaṁ tapaḥ |,2
776,tasmād etad brahma nāma rūpam annaṁ ca jāyāte || [mu.u. 1.1.9] iti |,2
778,divyo hy amūrtaḥ puruṣaḥ ity ādinā sarvajñatvādi-tad-dharma-kathanāt para-vidyā-viṣayatvāc ca ||21||,2
784,viśeṣeṇa bheda-vyapadeśāc ca netarau ||,2
786,itarau prakṛti-puruṣau tābhyāṁ na bodhyau | yaḥ sarvajñaḥ ity ādinā akṣarasya viśeṣaṇāt | divya ity ādinā smārtāt puruṣāt bhedokteś ca | tasmād ubhayatrāpi sarva-kāraṇa-bhūtaḥ puruṣottama eva bodhya iti ||22||,5
792,rūpopanyāsāc ca ||,2
794,yadā paśyaḥ paśyate rukma-varṇaṁ ,2
795,kartāram īśaṁ puruṣaṁ brahma-yonim | ,2
796,tadā vidvān puṇya-pāpe vidhūya ,2
797,nirañjanaḥ paramaṁ sāmyam upaiti || [mu.u. 3.1.3],2
805,prakaraṇāc ca ||,2
816,smṛtir apy etad viṣṇu-paraṁ vyācaṣṭe | dve vidye veditavye iti cātharvaṇī śrutiḥ | ,3
819,yat tad avyaktam ajaram acintyam ajam akṣayam ||,3
828,jñāyate yena taj jñānaṁ param anyat trayīmayam || [vi.pu. 6.5.65-67] iti |,3
831,"ko na ātmā kiṁ brahmeti [chā.u. 5.11.1]… ātmānam evemaṁ vaiśvānaraṁ saṁpraty adhyeṣi tam eva no brūhīti [chā.u. 5.11.6] ity upakramya, yas tv etam evaṁ prādeśa-mātram abhivimānam ātmānaṁ vaiśvānaram upāste sa sarveṣu lokeṣu sarveṣu bhūteṣu sarveṣv ātmasv annam atti || tasya ha vā etasyātmano vaiśvānarasya mūrdhaiva sutejāś cakṣur viśva-rūpaḥ prāṇaḥ pṛthag-vartmātmā saṁdeho bahulo bastir eva rayiḥ pṛthivy eva pādāvura eva vedirlomāni barhir hṛdayaṁ gārhapatyo mano’nvāhārya-pacana āsyam āhavanīyaḥ || [chā.u. 5.18.1-2] ity ādi śrūyate |",9
835,vaiśvānara-sādhāraṇa-śabda-viśeṣāt ||,2
845,smaryamāṇam anumānaṁ syād iti ||,2
847,iti-śabdo hetv-arthaḥ | ahaṁ vaiśvānaro bhūtvā prāṇināṁ deham āśritaḥ [gītā 15.14] iti viṣṇos tattvaṁ smaryamāṇam etasyā vidyayā viṣṇu-paratve anumānaṁ liṅgaṁ bhavatīti hetoḥ sa viṣṇur eva ||26||,3
855,"śabdādibhyo’ntaḥpratiṣṭhānāc ca neti cen na, ",2
856,"tathādṛṣṭy-upadeśāsambhavāt, ",2
857,puruṣa-vidham api cainam adhīyate ||,2
859,"nanu vaiśvānaro na viṣṇur ayam agnir vaiśvānara iti vaiśvānara-śabdaikārthāgni-śabdāt hṛdayaṁ gārhapatya ity ādinā hṛdayādi-sthasya tasya agni-tretā-prakalpanāt prāṇā ity ādhāratvokteḥ puruṣe’ntaḥ-pratiṣṭhitaṁ veda [śa.brā. 10.6.1.11] ity antaḥ-pratiṣṭhānāc ca, kintu jāṭharāgnir evāyam iti cet, na | kutaḥ ? tatheti | tathā jāṭhara-rūpatvena dṛṣṭer viṣṇūpāsanasyokteḥ | tan-mātra-parigrahe dyū-mūrdhatvāder asambhavāt | ",3
861,"kiṁ ca, so yo hy etam evāgniṁ vaiśvānaraṁ puruṣa-vidhaṁ puruṣe’ntaḥ-pratiṣṭhitaṁ veda [śa.brā. 10.6.1.11] iti puruṣa-vidham apy enam adhīyate vājasaneyinaḥ | jāṭhare gṛhīte tasya puruṣe’ntaḥ-pratiṣṭhānaṁ syāt, na tu puruṣa-vidhatvaṁ ca | viṣṇos tūbhayaṁ sambhavet ||27||",3
869,ata eva na devatā bhūtaṁ ca ||,2
871,"nanu devatāgner aiśvarya-vaśena dyū-lokādy-aṅgatva-sambhavād eva nirdeśas tathā bhūtāgneś ca | yo bhānunā pṛthivīṁ dyāmutemām ātatāna rodasī antarikṣam [ṛ.ve. 10.88.3] ity ādi mantra-varṇād iti cet, na | kutaḥ ? ata eva | ebhya uktebhya eva hetubhyo devatāgnir bhūtāgniś ca na sa ity arthaḥ | mantra-varṇas tu praśaṁsā-vacanam ||28||",3
879,sākṣād apy avirodhaṁ jaiminiḥ ||,2
889,abhivyakter ity āśmarathyaḥ ||,2
897,anusmṛter iti bādariḥ ||,2
905,sampatter iti jaiminis tathā hi darśayati ||,2
907,"vibhor api tasya yat-prādeśa-mātratvaṁ tat kila sampatter avicintya-śakti-rūpād aiśvaryād eva na tv aupādhikam iti jaiminir manyata eva | kutaḥ ? tatrāha—tatheti | hi yatas tam ekaṁ govindaṁ sac-cid-ānanda-vigraham [go.tā.u. 1.33], eko’pi san bahudhā yo’vabhāti [go.tā.u. 1.19] ity ādyā śrīis tathāvicintya-śaktikatveneśe viruddha-dharma-samāveśaṁ bodhayatīty arthaḥ | te ca dharmā jñānatve’pi mūrtatvam ekatve’pi bahutvam ity ādayaḥ | upari caitad bahulībhaviṣyati | vibhutve saty eva madhyamatvam iti na kiñcid avadyam ||32||",5
913,āmananti cainam asmin ||,2
915,evam acintya-śakti-yogaṁ dharmam ātharvaṇikā asmin paramātmani āmananti | apāṇi-pādo’ham acintya-śaktiḥ [kaivalyopaniṣad 21] iti | ātmeśvaro’tarkya-sahasra-śaktiḥ iti smṛtiś ca śabdāt | na cātra mitho matānāṁ virodhaḥ |,5
917,vyāsa-citta-sthitākāśād avicchinnāni kānicit |,2
918,anye vyavaharanty etad urīkṛtya gṛhād iva || ity ādi smṛteḥ ||33||,2
938,yasmin dyauḥ pṛthivī cāntarikṣam,2
939,otaṁ manaḥ saha prāṇaiś ca sarvaiḥ | ,2
940,tam evaikaṁ jānatha ātmānam anyā ,2
941,vāco vimuñcathāmṛtasyaiṣa setuḥ || [ma.u. 2.2.5] iti |,2
945,dyu-bhv-ādy-āyatanaṁ sva-śabdāt |,2
947,brahmaiva kila tad-āyatanam | kutaḥ ? sva-śabdāt | amṛtasyaiva setur iti tad-asādhāraṇa-śabda-sattvād ity arthaḥ | sinoter vardhanārthatvāt setur amṛtasya prāpakaḥ | setur iva setur iti vā | sa yathā nadyādiṣu kūlasyopalambhakas tathāyaṁ saṁsāra-pārabhūtasya mokṣasyeti tasyaivāyaṁ śabdaḥ | śrutiś caivam āha—tam eva viditvātimṛtyum eti ity ādyā ||1||,5
955,muktopasṛpya-vyapadeśāt |,2
957,"yadā paśyaḥ paśyate rukma-varṇam ity ādau, nirañjanaḥ paramaṁ sāmyam upaiti iti mukta-prāptyatvenokteś ca prāpyatvenokteś ca brahmaiva tat ||2||",4
963,nānumānam atac-chabdāt |,2
971,prāṇa-bhṛc ca |,2
981,bheda-vyapadeśāc ca |,2
983,tam evaikaṁ jānathety ādinā tasmāt tasya bhedokte ca ||5||,2
989,prakaraṇāt |,2
991,kasmin nu bhagavo vijñāte sarvam idaṁ vijñātaṁ bhavati [mu.u. 1.1.3] iti brahmaṇaḥ prakṛtatvāc ca tathā ||6||,2
997,sthity-adanābhyāṁ ca |,2
1001,dvā suparṇā sayujā sakhāyā ,2
1002,samānaṁ vṛkṣaṁ pariṣasvajāte |,2
1003,tayor anyaḥ pippalaṁ svādv atty ,2
1004,anaśnann anyo abhicākaśīti || [mu.u. 3.1.1] iti paṭhyate |,2
1015,"chāndogye śrī-nāradena pṛṣṭaḥ śrī-sanatkumāras taṁ prati nāmādīny upadiśyāha—bhūmā tv eva vijijñāsitavya iti bhūmānaṁ bhagavo vijijñāsa iti || yatra nānyat paśyati nānyac chṛṇoti nānyad vijānāti sa bhūmā | atha yatrānyat paśyaty anyac chṛṇoty anyad vijānāti tad alpam [chā.u. 7.23.1-24.1] iti | iha bhūma-śabdena bahutva-saṅkhyānābhidhīyate, kintu vaipulya-rūpā vyāptir eva | yatrānyat paśyati tad alpam ity alpatva-pratidvandvikatvokteḥ | alpa-śabda-nigadita-dharmi-pratidvandvi-pratipatter eva bhūma-guṇavān dharmī sa iti nirṇīyate | ",3
1017,"atra vicikitsā | bhūmā prāṇo viṣṇur veti | tatra prāṇo vā āśāyā bhūyān [chā.u. 7.15.1] iti sannidhānāt punaḥ praśnottarayor abhāvāc ca prāṇo bhūmā | prāṇa-śabdo hi prāṇa-sacivaṁ jīvam abhidhatte, na vāyu-vikāra-mātram, tarati śokam ātmavit [chā.u. 7.1.3] ity upakramāt, ātmata evedaṁ sarvam [chā.u. 7.26.1] ity upasaṁhārāc ca | tenāntarālīko bhūmāpi sa eva bhavitum arhati | yatra nānyat paśyatīty ādikam apy asmin pakṣe saṅgacchate | suṣuptau prāṇa-grasteṣu indriyeṣu tatra darśanādi-vinivṛtteḥ | yo vai bhūmā tat sukham [chā.u. 7.23.1] ity apy aviruddham | tasyāṁ sukham aham asvāpsam iti sukha-śravaṇāt | evaṁ jīvātmani nirṇīte vākya-śeṣo’pi tad anukūlatayaiva neya ity evaṁ prāpte bravīti—",9
1019,bhūmā samprasādād adhyupadeśāt |,2
1021,"śrī-viṣṇur evāyaṁ bhūmā, na prāṇa-sacivo jīvaḥ | kutaḥ ? sam iti | yo vai bhūmā tat sukham [chā.u. 7.23.1] iti vipula-sukha-rūpatva-śravaṇāt sarveṣām upary upadeśāc ca | evam evaiṣa samprasādo’smāc charīrāt samutthāya [chā.u. 8.12.3] iti śrauta-prasiddheḥ samprasādaḥ prāṇa-sacivo jīvas tasmād adhikatayā bhūma-guṇa-vaiśiṣṭyenābhidhānād iti vā | ",5
1023,"ayam arthaḥ—pūrvaṁ nāmādikam upadiśya sa vā eṣa evaṁ paśyann evaṁ manvāna evaṁ vijānann ativādī bhavati [chā.u. 7.15.4] iti bhinnopakramārthakena tu-śabdenātivāditva-hetuṁ prakṛtāṁ prāṇopāstiṁ vyāvartya mukhātivāditva-hetor viṣṇoḥ satya-śabdena pṛthag-upakramāt prāṇād arthāntaram dhikaś ca bhūmeti niścīyate | prāṇasyaiva bhūmatve tasmād ūrdhvaṁ tad-upadeśo na sambhavet | nāmāder āprāṇād ūrdhvam upadiṣṭaṁ vāg-ādi tasmād arthāntaraṁ vīkṣyate | evaṁ prāṇād ūrdhvam upadiṣṭo bhūmāpi tathā | satya-śabdaḥ khalu para-brahmaṇi śrī-viṣṇau prasiddhaḥ | satyaṁ jñānam anantaṁ brahma ity ādau, satyaṁ paraṁ dhīmahi ity ādau ca | satyeneti hetau tṛtīyā | satyena para-brahmaṇā nimittena yo’tivadatīti bhāvaḥ | prāṇasya nāmādyāśāvasānopāsyāpekṣayā utkarṣaḥ atadvido’tivāditvam | śrī-viṣṇos tu tasmād apy utkarṣāt tad-vidas tan-mukhyam iti prāṇātivādinaḥ satyātivādī śreyān iti visphuṭam | ata eva so’haṁ bhagavaḥ satyenātivadāni [chā.u. 7.16.1] iti śiṣyo’bhyarthayate | gurur apy āha satyaṁ tv eva vijijñāsitavyam [chā.u. 7.16.1] iti |",11
1027,"ataḥ punaḥ praśnābhāvaḥ | gurus tatra tām anaṅgīkurvaṁs tad abhyadhika-śrī-viṣṇu-svarūpa-yāthātmyāvagame saty eva seti svayam evaiṣa tv ity ādibhir upadiśati | śiṣyaś ca sarvotkṛṣṭe śrī-viṣṇau tasminn upadiṣṭe tad upāsana-tad-upāya-tat-svarūpa-yāthātmya-pratipitsayā so’haṁ bhagavaḥ satyenātivādāni [chā.u. 7.16.1] ity ādikam abhyarthayate | na copakramādi-dṛṣṭa ātma-śabdaḥ prāṇa-sacivaṁ jīvam āheti śakyaṁ vadituṁ, tasya parasminn eva mukhye vyutpannatvāt | ātmataḥ prāṇaḥ [chā.u. 7.26.1] ity agrima-vākya-virodhāc ca | evaṁ sati yatra nānyad ity ādi vākya-saṅgatir darśitāpi nirastā | yatra bhūmany anubhūyamāne saty anubhavitus tad āviṣṭasyānyadarśanādikaṁ niṣidhyate | sauṣuptikaṁ sukhaṁ svalpam iti suṣuptasya prāṇinaḥ bhūma-rūpatvaṁ vadann upahāsāspadam | tasmā śrī-viṣṇur eva bhūmā ||8||",5
1033,dharmopapatteś ca |,2
1035,"asmin bhūmni ye dharmāḥ paṭhyante, te para-brahmaṇi śrī-viṣṇāv evopapadyante, nānyatra | yo vai bhūmā tad amṛtam iti svābhāvikam amṛtatvam | sa bhagavaḥ kasmin pratiṣṭhita iti sve mahimni [chā.u. 7.24.1] ity ananyādhāratvam | sa evādhattvād ity ādinā sarvāśrayatvam | ātmataḥ prāṇa [chā.u. 7.26.1] ity ādinā sarva-kāraṇatvaṁ cety ādayaḥ ||9||",7
1044,"bṛhad-āraṇyake paṭhyate—kasmin nu khalv ākāśa otaś ca protaś ceti | etad vai tad akṣaraṁ gārgi brāhmaṇā abhivadanty asthūlam anaṇv ahrasvam adīrgham alohitam asneham acchāyam [bṛ.ā.u. 3.8.7-8] ity ādi | tatra saṁśayaḥ—kim akṣaraṁ, pradhānaṁ kiṁ vā jīva uta brahma ? iti | tatra triṣv apy akṣara-śabda-prayogād anirṇayaḥ syād iti prāptau—",5
1046,akṣaram ambarānta-dhṛteḥ,2
1048,akṣaraṁ brahmaiva | kutaḥ ? ambareti | etasmin nu khalv akṣare gārgy ākāśa otaś ca protaś ceti [bṛ.ā.u. 3.8.12] ity ākāśa-paryantasya sarvasya dhāraṇāt ||10||,3
1056,sā ca praśāsanāt |,2
1058,sāmbarānta-dhṛtir brahmaṇy eva | kutaḥ ? preti | etasya vā akṣarasya praśāsane gārgi dyāv-āpṛthivyau vidhṛte tiṣṭhataḥ | etasya vā akṣarasya sūryā-candramasau vidhṛtau tiṣṭhataḥ [bṛ.ā.u. 3.8.9] ity ādi viditasya praśāsanasya tatraiva sambhavād ity arthaḥ | na cedaṁ sva-praśāsanādhīnaṁ sarva-dhāraṇaṁ jaḍe pradhāne baddha-muktobhayāvasthe jīve ca samasti ||11||,3
1064,anya-bhāva-vyāvṛtteś ca |,2
1066,"tad vā etad akṣaraṁ gārgy adṛṣṭaṁ draṣṭṛ, aśrutaṁ śrotṛ [bṛ.ā.u. 3.8.11] ity ādinā vākya-śeṣeṇāsyākṣarasya brahmānyatva-vyāvartanāc ca brahmaiva tat | atra draṣṭṛtvādinā jaḍātmaka-pradhāna-bhāvo vyāvartyate | sarvair adṛṣṭasya tasya sarva-draṣṭṛtvādy-upadeśāt jīva-bhāvaś ceti ||12||",2
1078,"etad vai satyakāma paraṁ cāparaṁ ca brahma yad oṁkāras tasmād vidvān etenaivāyatane naikataram anveti [pra.u. 5.2] iti prakṛtya—yaḥ punar etaṁ trimātreṇom ity etenaivākṣareṇa paraṁ puruṣam abhidhyāyīta, sa tejasi sūrye saṁpannaḥ | yathā pādodaras tvacā vinirmucyata evaṁ ha vai sa pāpmanā vinirmuktaḥ sa sāmabhir unnīyate brahma-lokaṁ sa etasmāj jīva-ghanāt parāt-paraṁ puriśayaṁ puruṣam īkṣate [pra.u. 5.5] iti paṭhyate | ",4
1082,īkṣati-karma vyapadeśāt saḥ |,2
1086,tam oṅkāreṇaivāyatanenānveti vidvān yat tac chāntam ajaram amṛtam abhayaṁ paraṁ ceti [pra.u. 5.7] iti brahma-dharma-nirdeśāt |,2
1099,atha yad idam asmin brahma-pure daharaṁ puṇḍarīkaṁ veśma daharo’sminn antarākāśas tasmin yad antas tad anveṣṭavyaṁ tad vāva vijijñāsitavyam iti [chā.u. 8.1.1] ,2
1103,dahara uttarebhyaḥ ||,2
1113,gati-śabdābhyāṁ tathā dṛṣṭaṁ liṅgaṁ ca ||,2
1115,yathāpi hiraṇya-nidhiṁ nihitam akṣetrajñā upary upari sañcaranto na vindeyur evam evemāḥ sarvāḥ prajā aharahar gacchantya etaṁ brahma-lokaṁ na vindanty anṛtena hi pratyūḍhāḥ || [chā.u. 8.3.2],2
1117,ity atrainam iti prakṛtaṁ daharaṁ nirdiśya tatra prajānāṁ gatir uktā gantavyasya tasya brahma-loka-śabdaś coktas tābhyāṁ daharaḥ śrī-viṣṇur eveti niścitam | tathā hi—satā saumya tadā sampanno bhavati iti tatraivānyatra prāṇānāṁ parasmin gamanaṁ dṛṣṭaṁ tad eva brahma-loka-śabdasya śrī-viṣṇu-paratve liṅgaṁ gamakam | satya-loka-paratve tu tatra pratyahaṁ tāsāṁ sā na sambhavet ||15||,3
1123,dhṛteś ca mahimno’syāsminn upalabdheḥ ||,2
1125,daharo’sminn antarākāśa iti prakṛtya viyad upamā-pūrvakaṁ tatra sarva-samānatvam uktvātma-śabdaṁ ca prayujyopadiśya cāpahata-pāpmatvādi tam evānativṛtta-prakaraṇaṁ nirdiśati | atha ya ātmā sa setur vidhṛtir eṣāṁ lokānāṁ asambhedāya [chā.u. 7.4.1] iti | tasmād asya viśva-dhṛti-rūpasya mahimno’smin dahare prāpter ayaṁ śrī-viṣṇur eva | eṣa setur vidhāraṇa eṣāṁ lokānāṁ asambhedāya [bṛ.ā.u. 4.4.22] ity anyatrāpy eṣa mahimā tatraiva dṛṣṭaḥ ||16||,6
1131,prasiddheś ca ||,2
1133,ko hy evānyāt [tai.u. 2.7] ity ādau brahmaṇy ākāśa-śabdasya khyāteś ca ||17||,2
1141,atha ya eṣa saṁprasādo’smāc charīrāt samutthāya paraṁ jyotir upasampadya svena rūpeṇābhiniṣpadyata eṣa ātmeti hovācaitad amṛtam abhayam etad brahma [chā.u. 8.3.4] ,2
1145,itara-parāmarśāt sa iti cen nāsambhavāt ||,2
1153,uttarāc ced āvirbhāva-svarūpas tu || ,2
1155,"śaṅkā-cchedāya tu śabdaḥ | nety anuvartate | prajāpati-vākye sādhanāvirbhāvita-svarūpasyopadeśāt na tenāvirbhūta-svarūpaḥ śakyo grahītum ity arthaḥ | dhara-vākyārthaṁ tad aṣṭakaṁ nityāvirbhūtaṁ tathaiva pratīyāt | prajāpati-vākkyoktaṁ tat-sādhanāvirbhāvitaṁ | evam evaiṣa samprasādo’smāc charīrāt samutthāya [chā.u. 8.12.3] ity ādinā tathaiva pratīter ity ubhayor mahad antaram | kiṁ ca, sādhanāvirbhāvita-tad-aṣṭake’pi jīve asambhāvyāḥ setutva-jagad-vidhārakatvādayo guṇāḥ pareśatvaṁ daharasya gamayanti ||19||",3
1163,anyārthaś ca parāmarśaḥ ||,2
1171,alpa-śruter iti cet tad uktam ||,2
1173,tatra yat samādhānaṁ tat prāg evoktam | nicāyyatvād evaṁ vyomavac ca ity anena vibhor api prādeśa-mātratvaṁ tan-mātra-smṛti-sthāna-mānopacārāt | smṛti-bhāvāpekṣayāvicintya-mahimnas tasya tathā prākaṭyād eva ||21||,3
1180,anukṛtes tasya ca ||,2
1182,"nityāvirbhūta-tad-aṣṭaka-viśiṣṭasya daharasya sādhanāvirbhāvita-tad-dṛṣṭakena prajāpati-vākyoktena jīvenānukaraṇāt tasmād itaraḥ saḥ | pūrvam anṛtāpihita-svarūpaḥ paśāt brahmopāsanayā sañchinna-pidhānas tad upasampattyāvirbhāvita-susiddhaṁ, pavanam anuharate hanumān ity ādiṣu | dṛśyate ca muktasya brahmānukāraḥ, nirañjanaḥ paramaṁ sāmyam upaiti iti śruty-antare ||22||",5
1188,api smaryate || ,2
1190,idaṁ jñānam upāśritya mama sādharmyam āgatāḥ |,2
1191,sarge’pi nopajāyante pralaye na vyathanti ca || [gītā 14.2] iti |,2
1204,aṅguṣṭha-mātraḥ puruṣo madhya ātmani tiṣṭhati |,2
1205,īśānaṁ bhūta-bhavyasya na tato vijugupsate || [ka.u. 2.1.12] ity ādi |,2
1207,iha vīkṣā—aṅguṣṭha-mātro jīvaḥ śrī-viṣṇur veti ? prāṇādhipaḥ sañcarati sva-karmabhir aṅguṣṭha-mātro ravi-tulya-rūpaḥ ity ādi śvetāśvatara-vākyaikārthāt jīva iti prāpte—,3
1209,śabdād eva pramiteḥ ||,2
1211,aṅguṣṭha-pramitaḥ śrī-viṣṇur eva | kutaḥ ? śabdād eva | īśāno bhūta-bhavyasya iti śruter evety arthaḥ | na cedṛg aiśvaryaṁ karmādhīnasya jīvasya sambhavet ||24||,3
1218,hṛdy apekṣayā tu manuṣyādhikāratvāt ||,2
1231,"brahmaṇe’ṅguṣṭha-parimittatva-siddhaye tad-āvedakaṁ śāstraṁ manuṣyādhikāram ity uktam | tena manuṣyāṇām eva tad-upāsakatvam iti samarthitam | idānīṁ tad-apavādena parādhikaraṇam idaṁ pravartayate | bṛhad-āraṇyake śrūyate—tad yo yo devānāṁ pratyabudhyata, sa eva tad abhavat | tatha rṣīṇāṁ tathā manuṣyāṇāṁ [bṛ.ā.u. 1.4.10] iti | tad devā jyotiṣāṁ jyotir āyur hopāsate’mṛtaṁ [bṛ.ā.u. 4.4.16] iti ca | iha saṁśayaḥ—idaṁ brahmopāsanaṁ manuṣyeṣv iva deveṣu śrūyamāṇaṁ sambhaven na veti | dehendriyābhāvena sāmarthyābhāvāt na teṣu tad-upāsana-sambhavaḥ | mantrātmakāḥ khalv indrādayo devā na teṣāṁ dehendriyāṇi santi | tad-abhāvād eva sāmarthya-vairāgyārthitvāni ca nety evaṁ prāpte—",5
1233,tad-upary api bādarāyaṇaḥ sambhavāt ||,2
1238,svarge’pi yāta-bhītasya kṣayiṣṇor nāsti nivṛttiḥ || [vi.pu. 6.5.50] ,3
1240,tata eva brahma-viṣayam arthitvaṁ ca | tasya niravadya-nitya-parimitānandatvena śrūyamāṇatvāt | vidyā-grahaṇāya brahmacaryam api devādīnāṁ śrūyate— trayāḥ prājāpatyāḥ prajāpatau pitari brahmacaryam ūṣur devā manuṣyā asurāḥ [bṛ.ā.u. 5.2.1] iti bṛhad-āraṇyake | indrasya ca chāndogye—eka-śataṁ ha vai varṣāṇi maghavān prajāpatau brahmacaryam uvāsa [chā.u. 8.11.3] iti | tasmāt sāmarthyādīnāṁ sattvād adhikāriṇe devādaya iti ||26||,5
1248,virodha-karmaṇīti cen nāneka-pratipatter darśanāt ||,2
1256,"nanūkta-hetor devatā-vigraha-vādināṁ karmaṇi virodho mā bhūt, veda-śabde tu sa syāt | tad-utpatteḥ pūrvatra tad-vināśāt paratra ca tad-vācake tasmin bandhyātmajāti-śabdavad aprāmāṇya-lakṣaṇe virodhaḥ | autpattikas tu śabdenārthasya sambandha iti śabda-tad-artha-tat-sambandhānāṁ yat-pūrva-tantreṇa nityatvam uktaṁ tac ca viruddhaṁ syād iti cet, tatrāha—",3
1258,śabda iti cen nātaḥ prabhāvāt pratyakṣānumānābhyām ||,2
1260,"veda-śabde’pi nokta-lakṣaṇe virodhaḥ | kutaḥ ? ataḥ prabhavāt | nitya-tat-tad-ākṛti-vācakāt tat-tad-veda-śabdāt tat-tad-vācya-nityākṛty-anusmṛtyā tat-tad-vigrahāṇām utpatter ity arthaḥ | ākṛtayo nityāḥ sarva-vyaktibhyaḥ pūrvaṁ sthiteḥ | viśvakarmaṇaḥ sva-śāstre yāḥ proktāḥ citrakarma-prasiddhaye yamaṁ daṇḍa-pāṇiṁ likhanti varuṇaṁ tu pāśa-hastam iti | devādi-vācakā veda-śabdā gavādi-śabdavat svabhāvād evākṛtiṣu saṅketitāḥ santi | na tu caitrādi-śabdavat vyakti-mātreṣu | tathā ca nityākṛti-vācitvād veda-śabdānāṁ tadvan nāprāmāṇyaṁ, nāpi pūrva-tantra-virodha iti | idaṁ kutaḥ ? pratyakṣeti śruti-smṛtibhyām ity arthaḥ | śrutis tāvat śabda-pūrvāṁ sṛṣṭim āha—eta iti ha vai prajāpatir devān, asṛjatāsṛgram iti manuṣyān, indava iti pitṝṁs, tiraḥ pavitram iti grahān, āśava iti stotraṁ, viśvānīti mantram, abhisaubhagety anyāḥ prajāḥ [pañcaviṁśati-brāhmaṇa 6.9.13.22, 6.12.1.3] iti | smṛtiś ca—",5
1263,veda-śabdebhya evādau devādīnāṁ cakāra saḥ || [vi.pu. 1.5.63] ,3
1271,ata eva ca nityatvam || ,2
1281,samāna-nāma-rūpatvāc cāvṛttāv apy avirodho darśanāt smṛteś ca || ,2
1285,"idaṁ kuto’vagataṁ ? tatrāha—darśanād iti | darśanaṁ tāvat—ātmā vā idam eka evāgra āsīn nānyat kiṁcana miṣat | sa īkṣata lokān nu sṛjai [] iti, yo brahmāṇaṁ vidadhāti pūrvaṁ yo vai vedāṁś ca prahiṇoti tasmai [śve.u. 6.18], sūryācandramasau dhātā yathā-pūrvam akalpayat [ṛ.ve. 10.190.3] ity ādi |",5
1290,saṁyame viśvam akhilaṁ bīja-bhūte tathā tvayi || [vi.pu. 1.13.66] iti |,3
1292,nārāyaṇaḥ paro devas tasmāj jātaś caturmukhaḥ || iti |,3
1294,tene brahma hṛdā ya ādikavaye [bhā.pu. 1.1.1] iti caivam ādyā |,3
1302,atha yāsu vidyāsu devā evopāsyās tāsu teṣām adhikāraḥ syān na veti vicāryate | chāndogye—asau vā ādityo devamadhu tasya dyaur eva tiraścīnaṁ vaṁśa [chā.u. 3.1.1] ity ādinā sūryasya deva-madhutvaṁ pratipādyate | raśmīnāṁ chidratvaṁ ca tatra vasuy-rudrāditya-marut-sādhyāḥ pañca deva-gaṇāḥ sva-mukhyena mukhenāmṛtaṁ dṛṣṭvaiva tṛpyantīty ādi cocyate | sūryasya madhutvaṁ ca ṛg-ādi-prokta-karma-niṣpādyasya raśmi-dvārā prāptasya rasasyāśrayatayā vyapadiśyante | evam anyan nāpy anyad evopāsanā ca grāhyā | tatra tāvat para-matam āha—,5
1304,madhv-ādiṣv asambhavād anadhikāraṁ jaiminiḥ ||,2
1312,jyotiṣi bhāvāc ca ||,2
1314,tad devā jyotiṣāṁ jyotir ity ādi śruter jyotiṣi parasmin brahmaṇi teṣām upāsakatayā bhāvāc ca na tāsv adhikāraḥ | brahmopāsanasya deva-manuṣya-sādhāraṇye’pi viśiṣya devānāṁ tat-kathanaṁ teṣām itaropāsana-nivṛttiṁ dyotayati ||32||,2
1326,bhāvaṁ tu bādarāyaṇo’sti hi ||,2
1328,tu śaṅkā-cchedārtham | tāsv api madhv-ādi-pūpāsanāsu bhāvaṁ devādhikārasya bhagavān bādarāyaṇo manyate | hi yasmād āditya-vasv-ādīnām api satāṁ svāvastha-brahmopāsanayā svabhāvāpti-pūrvaka-brahma-lipsā sambhavo’sti | kārya-kāraṇobhayāvastha-brahmopāsanasyātrāvagamāt | idānīm āditya-vasv-ādayaḥ santaḥ svāvastha-brahmopāsīnāḥ kalpāntare’py ādityādayo bhūtvā ādityādy-antaryāmi-kāraṇa-bhūtaṁ brahmopāsya muktāḥ santas tad bhaviṣyantīti bhāvaḥ | na cādityādi-śabdānāṁ brahma-paryantatve mānābhāvaḥ | ya etam evaṁ brahmaupaniṣadaṁ veda ity upasaṁhārasya mānatvāt | na ca vidyā-phalasya vasutvādi-prāpteḥ siddhatvād arthitvāsambhavaḥ | loke putriṇām eva satāṁ janmāntare putra-lipsā-darśanāt | evaṁ ca brahmaṇa evopāsyatvāt tad devā jyotiṣāṁ jyotir ity api sūpapannam | prajāpatir akāmayata prajāyeyeti sa etad agnihotraṁ mithunam apaśyat | tad-udite sūrye’juhot iti | devā vai satram āsata ity ādi śruty-antara-siddhaḥ karmādhikāraś ca teṣāṁ na viruddyate | loka-saṅgrahārthayā bhagavad-ājñayā tat-karaṇāt |,7
1340,manuṣyāṇāṁ devādīnāṁ ca sāmarthyādi-yogād brahmopāsanāyām adhikāraḥ proktaḥ | sā ca vedānta-pāṭhād ṛte na sambhavati | aupaniṣadaḥ puruṣaḥ ity ādi-śrutir iti sthitam | tat-prasaṅgād idam ārabhyate | ,4
1342,chāndogye jānaśrutir hi pautrāyaṇa [chā.u. 4.1.1] ity ādir ākhyāyikā śrūyate | tatra haṁsokti-śravaṇānantaraṁ sayugvāno raiṅkasya sannidhi-gatena jānuśrutinā go-niṣka-rathān darśayitvā devatāṁ pṛṣṭo raiṅka āha—ahaha hāretvā śūdra tavaiva saha gobhir astv [chā.u. 4.2.3] iti taṁ śūdra-śabdena sambodhya punar apy āhṛta-go-noṣka-ratha-kanyopahāraṁ ājahāremāḥ śūdrānenaiva mukhenālāpayiṣyathā [chā.u. 4.2.5] ity uktvā saṁvarga-vidyām upadiṣṭavān iti varṇyate | iha bhavati saṁśayaḥ | veda-vidyāyāṁ śūdro'dhikriyate na veti | tatra manuṣyādhikāroktir aviśeṣāt sāmarthyādi-sattvāt śūdreti śrauta-liṅgāt purāṇādiṣu vidurādīnāṁ brahmavittva-darśanāc ca so'dhikriyate iti prāptau |,7
1344,śug asya tad-anādara-śravaṇāt tadādravaṇāt sūcyate hi ||,2
1346,nety anuvartate | tasyāṁ śūdro nādhikriyate | kutaḥ ? hi yasmād asya pautrāyaṇasya jānaśruter abrahmajñasya kam v are enam etat santaṁ sayugvānam iva raiṅkam āttha [chā.u. 4.1.3] iti haṁsoktānādara-vākya-śravaṇāt tadā brahmajñaṁ raiṅkaṁ pratyādravaṇāt śuk saṁjāteti sūcyate asyām ākhyāyikāyām | tathā ca śoka-yogād evāśudre’pi tasmin śūdreti sambodhanaṁ sva-sārvajñya-vijñāpanayaiva na tu caturtha-,3
1357,kṣatriyatvāvagateś cottaratra caitrarathena liṅgāt ||,2
1359,asya jānaśruteḥ kṣatriyatvam avagamyate śraddhādeyo bahudāyī [chā.u. 4.1.1] ity aneka-dānādi-samadhigata-janapadādhipatyāt kṣattāram uvāceti kṣattuḥ preṣaṇāt raiṅkāya go-niṣka-ratha-kanyādi-dānāc ca | na hy etāni kṣatriyād anyasya sambhavanti | rāja-dharmatvād upakramākhyāyikāyāṁ kṣatriyatvam avagatam | athopasaṁhārākhyāyikāyāṁ tad avagamyata ity āha uttaratraitat saṁvarga-vidyā-vākya-śeṣe saṅkīrtitena caitrarathenābhipratārita-saṁjñena kṣatriyatvaṁ vijñāyate | vākya-śeṣas tathāha—atha śaunakaṁ kāpeyam abhipratāriṇaṁ ca kākṣaseniṁ pariviśyamānau brahmacārī bibhikṣe [chā.u. 4.3.5] ity ādi | ,5
1361,nanv abhipratāriṇaś caitrarathatvaṁ kṣatriyatvaṁ ca nāsmin prakaraṇe pratīyate iti cet tatrāha liṅgād iti | atha śaunakam ity ādinā sāhacaryāl liṅgād abhipratāriṇaḥ kāpeya-sambandhaḥ pratītaḥ | anyatra caitena caitrarathaṁ kāpeyā ayājayann iti kāpeya-sambandhinaś caitrarathaṁ śrūyate | tasmāt caitrarathir nāma kṣatra-patir ajāyata [] iti caitrarathasya kṣatriyatvaṁ ceti | tad evaṁ tasya tat tac ca siddham | tathā ca saṁvarga-vidyopāsakau kāpeyābhipratāriṇau vā brāhmaṇa-kṣatriyau nirdiṣṭāv atas tasyām eva vidyāyāṁ guru-śiṣya-bhāvenānvitau raiṅka-jānaśrutī ca tathā syātām iti tasya kṣatriyatvam | tataś ca vede śūdrau nādhikārīty artho yuktyā sādhitaḥ ||35||,3
1371,saṁskāra-parāmarśāt tad-abhāvābhilāpāc ca ||,2
1373,śruty-antare aṣṭa-varṣaṁ brāhmaṇam upanayīta tam adhyāpayed ekādaśe kṣatriyaṁ dvādaśe vaiśyam ity adhyāpanāya saṁskāra-vimarśanāt tatra brāhmaṇānāṁ evādhikāraḥ | nāgnir na yajño na kriyā na saṁskāro na vratāni śūdrasya iti saṁskārābhāva-kathanāc ca śūdrasya nādhikāraḥ | travarṇika-bāhyasya saṁskārāvidhānāt saṁskāra-sāpekṣe veda-pāṭhe tasya na saḥ ||36||,5
1380,tad-abhāva-nirdhāraṇe ca pravṛtteḥ ,2
1382,"chāndogye eva nāham etad veda bho yad-gotro’ham asmi [chā.u. 4.4.4] iti satya-vacasā jābālasya śūdratvābhāve nirdhārite sati, naitad abrāhmaṇo vivaktum arhati samidhaṁ somyāharopa tvā neṣye na satyād agāḥ [chā.u. 4.4.5] iti gautamasya guros tat saṁskārādau pravṛtteś ca brāhmaṇa-padopalakṣita-traivarṇikatvam eva saṁskāra-prayojakam avagamyate, ato na śūdro’dhikārī ||37||",5
1390,śravaṇādhyayanārtha-pratiṣedhāt smṛteś ca ||,2
1392,padyu ha vā etac chmaśānaṁ yac chūdra-samīpa nādhetavyam | tasmāc chūdro bahu-paśur ayajñīya iti śūdrasya veda-śravaṇa-pratiṣedhān na sa tatrādhikārī | anupaśṛṇvanto’dhyayana-tad-artha-jñāna-tad-anuṣṭhānāni na sambhavantīty atas tāny api pratiṣiddhāni | ,3
1394,nāgnir na yajñaḥ śūdrasya tathaivādhyayanaṁ kutaḥ |,2
1395,kevalaiva tu śuśrūṣā trivarṇānāṁ vidhīyate ||,2
1408,yad idaṁ kiṁ ca jagat sarvaṁ prāṇa ejati niḥsṛtam |,2
1409,mahad bhayaṁ vajram udyataṁ ya etad vidur amṛtās te bhavanti || [ka.u. 2.3.2] iti |,2
1413,kampanāt ||,2
1417,cakraṁ caṅkramaṇād eṣa varjanād vajram ucyate | ,2
1418,khaṇḍanāt khaḍga evaiva heti-nāmā hariḥ svayam || [bra.vai.pu.] ,2
1426,jyotir-darśanāt ||,3
1428,na yatra sūryo bhāti na candra-tārake ity ādikam itaḥ prāk śrutam | bhayād asyāgnis tapati ity ādikaṁ paratra | tatrobhayatrāpi brahmaikāntasya jyotiṣas tejaso darśanād antarāle’pi brahmaiva vajra-śabdād avadhāraṇīyam ||40||,4
1437,ākāśo ha vai nāma-rūpayor nirvahitā te yad antarā tad brahma tad amṛtṁ sa ātmā [chā.u. 8.14.1] iti śrutaṁ chāndogye | ,2
1439,tatrākāśa-śabdena saṁsāra-bandhād vinirmukto jīvātmocyate paramātmā veti sandehe | aśva iva romāṇi vidhūya pāpam ity ādinā pūrva-muktasya prakṛatatvāt te yad antareti nāma-rūpa-vimuktasyābhidhānāt tasyāpi bhūta-pūrva-gatyā tan-nirvoḍhṛtva-sambhavād asaṅkucita-prakāśa-śabdasyāpi tatropapatteś ca vimuktātmeha pratipādyate | tad brahma tad amṛtam iti tad-avasthā vimṛṣṭeti prāpte—,5
1441,ākāśo’rthāntaratvādi-vyapadeśāt ||,2
1443,ihākāśaḥ parmātmaiva na mukta-jīvaḥ | kutaḥ ? arthāntareti | ayam arthaḥ—nāma-rūpa-nirvoḍhṛtvaṁ kila muktāvasthāj jīvād anyam ākāśaṁ sādhayati | baddhāvasthaṁ taṁ khalu karma-vaśāt nāma-rūpe bhajataḥ | svayaṁ tu tan nirvoḍhṛtve na śaktaḥ | muktāśrayasya tu tasya tatra jagad vyāpāra varjyam iti vakṣyamāṇāt paramātmanas tu jagan nirmitiṣu kṣamsya śrutyaiva tad uktam | anena jīvenātmanānupraviśya nāma-rūpe vyākaravāṇi ity ādinā | tasmāt paramātmaiveha bodhyaḥ | ādi-śabdāt nirupādhika-bṛhattvādi-rūpaṁ brahmatvādi | yat tu pūrvaṁ muktaḥ prakṛta ity uktaṁ tan na brahma-lokam iti paramātmanaḥ prakṛtatvāt ākāśa-śabdaś ca vyāpakatvād asaṅgatvāc ca paramātmani prayuktaḥ prasiddhaś ca tatraiveti ||41|| ,3
1449,"syād etat muktād api jīvād arthāntaraṁ brahmeti nopayuktaṁ kṣodākṣamatvāt | tathā hi bṛhad-āraṇyake, katama ātmeti yo’yaṁ vijñānamayaḥ prāṇeṣu hṛdy antar-jyotiḥ puruṣaḥ | puruṣaḥ sa samānaḥ sann ubhau lokāv anusaṁcarati [bṛ.ā.u. 4.3.7] ity ādinā baddhāvasthaṁ jīvam upakramya, sa vā ayam ātmā brahma vijñāna-mayaḥ [bṛ.ā.u. 4.4.5] ity ādinā tasyaiva brahmatvaṁ parāmṛśyate | paratryāpy athākāmayamāna [bṛ.ā.u. 4.4.6] ity ādinā muktāvastheti vimṛśya, brahmaiva san brahmāpy eti [bṛ.ā.u. 4.4.6] iti tasya tathātvaṁ niścīyate | tathānte’py abhayaṁ vai brahma bhavati ya evaṁ veda [bṛ.ā.u. 4.4.25] iti phaloktiś ca | ",13
1453,suṣupty-utkrāntyor bhedena ||,2
1455,"vyapadeśād ity anuvartate | tasmin vākya-sandarbhe mukta-jīvo brahmaiveti na sambhavati | kutaḥ ? suṣuptāv utkrāntau ca jīvād bhedena brahmaṇo vyapadeśāt | suṣuptau tāvat prājñenā’’tmanā saṁpariṣvakto na bāhyaṁ kiñcana veda nā’’ntaraṁ [bṛ.ā.u. 4.3.21] iti | utkrāntau ca, prājñenā’’tmanā’nvārūḍha utsarjan yāti [bṛ.ā.u. 4.3.35] iti | utsarjan hikka-śabdaṁ kurvan | na ca svapata utkrāmato vā akiñcij-jñasya tadaiva prājñena svenaiva pariṣvaṅgānvarohau sambhavetām | na ca jīvāntareṇa tasyāpi sārvajñyābhāvāt ||42||",5
1463,paty-ādi-śabdebhyaḥ ||,2
1465,"tatraivottaratra paty-ādayaḥ śabdāḥ paṭhyante | sa vā ayam ātmā…sarvasya vaśī sarvasyeśānaḥ sarvasyādhipatiḥ sarvam idaṁ praśāsti yad idaṁ kiñca [bṛ.ā.u. 5.6.1] sa na sādhunā karmaṇā bhūyān no evāsādhunā kanīyān eṣa sarveśvara eṣa bhūtādhipatir eṣa lokeśvaraḥ loka-pāla eṣa setur vidharaṇa eṣāṁ lokānām asaṁbhedāya [bṛ.ā.u. 4.4.22] ity ādinā | tebhyo mukta-jīvād anyat brahmeti vijñāyate | na hi sarvādhipatyaṁ sarva-praśāsanādikaṁ vā mukta-jīvasya śakyaṁ vaktum, jagad-vyāpāra-varjam [ve.sū. 4.4.17] iti pratiṣedhāt | antaḥ-praviṣṭaḥ śāstā janānām iti taittarīyake [?] brahmaṇa eva tac-chravaṇāt | na caupādhikatvaṁ bhedasya tasya muktāv api śravaṇāt | aṁśādhikaraṇe tu tathātvaṁ parihariṣyāmaḥ | ayam ātmā brahma [bṛ.ā.u. 4.4.5] ity atra jīvasya tad uktis tad-guṇāṁśa-yogāt | brahmaiva sann ity atra tu āvirbhāvita-guṇāṣṭakena brahma-sadṛśaḥ sann ity evārthaḥ | paramaṁ sāmyam upaiti [mu.u. 3.2.3] ity ādi śravaṇāt brahma-bhāvottara-bhāvitvāc ca brahmāpyayasyeti pūrvam abhāṣi | tad evaṁ baddha-muktobhayāvasthāj jīvāt brahmaṇo bheda-siddho nāma-rūpa-nirvoḍhākāśo na mukta-jīvaḥ, kintu paramātmaiveti siddham | netaro’nupapatter bheda-vyapadeśāc cety atra yat śaṅkā-nidānaṁ tad ihaivoktam iti punar-uktir mukti-kālika-bhedābhyāsāt na doṣa ity apare ||43||",15
1484,indriyebhyaḥ parā hy arthā arthebhyaś ca paraṁ manaḥ |,2
1485,manasas tu parā buddhir buddher ātmā mahān paraḥ ||,2
1486,mahataḥ param avyaktam avyaktāt puruṣaḥ paraḥ |,2
1487,puruṣān na paraṁ kiṁcit sā kāṣṭhā sā parā gatiḥ || [ka.u. 1.3.10-11] iti |,4
1491,"ānumānikam apy ekeṣām iti cen, na, ",2
1492,śarīra-rūpa-kavi-nyasta-gṛhīter darśayati ca ||,2
1496,ātmānaṁ rathinaṁ viddhi śarīraṁ ratham eva tu | ,2
1497,buddhiṁ tu sārathiṁ viddhi manaḥ pragraham eva ca || ,2
1498,indriyāṇi hayāny āhur viṣayāṁs teṣu gocarān |,2
1499,ātmendriya-mano-yuktaṁ bhoktety āhur manīṣiṇaḥ || [ka.u. 1.3.3-4] ity antena granthena | ,2
1501,śrī-viṣṇu-pada-prepsum upāsakaṁ rathitvena tac-charīrādikaṁ rathāditvena rūpayitvā yasyaite rathādayo vaśe bhavanti so’dhvanaḥ pāraṁ tat-padam āpnoty uktvātha rathādi-rūpitānāṁ teṣāṁ śarīrādīnāṁ vaśīkāryatāyāṁ gauṇya-prādhānyam ucyate indriyebhyaḥ parā hy arthā [ka.u. 1.3.10] ity ādinā | tatra yānīndriyāṇi ratha-rūpake aśvādi-bhāvena prakṛtāni tāny eveha vākye’pi gṛhyante prāyaḥ-śabda-taulyāt | yat tu śarīram avaśiṣṭaṁ tat khalu avyakta-śabdena pariśeṣāt prakaraṇāc ceti | na ca smārta-tattva-pratyabhijñātrāsti tan-mata-virodhāt ||1||,3
1509,sūkṣmaṁ tu tad-arhatvāt ||,2
1511,śaṅkā-nirāsāya tu-śabdaḥ | kāraṇātmanā sūkṣma-śarīram iha vivakṣyate | kutaḥ ? tad-arhatvāt | tasya sūkṣma-śarīrasya avyakta-śabda-yogyatvāt | tad veda tarhy avyākṛtam āsīd iti śrutir apīdaṁ sthūlāvasthaṁ jagat prāg-bīja-śakty-avasthaṁ tad yogyaṁ darśayati ||2||,3
1517,tad-adhīnatvād arthavat ||,2
1519,"parama-kāraṇa-brahmādhīnatvād arthavat pradhānaṁ sva-kāryotpādana-phalavad ity arthaḥ | tad-īkṣaṇenaiva pradhānaṁ vartate, na tu svataḥ jāḍyāt | śrutiś ca śvetāśvatarāṇāṁ—māyāṁ tu prakṛtiṁ vidyān māyinaṁ tu maheśvaram [śve.u. 4.10], asmān māyī sṛjate viśvam etat [śve.u. 4.9], ya eko'varṇo bahudhā śakti-yogāt varṇān anekān nihitārtho dadhāti [śve.u. 4.1] ity ādyā | smṛtiś ca—",7
1524,vidhitsamāno’nusasāra śāstra-kṛt || [bhā.pu. 1.10.22] ,3
1527,kṣobhayāmāsa samprāpte sarga-kāle vyayāvyayau || [vi.pu. 1.2.29] ,3
1530,hetunānena kaunteya jagad viparivartate || [gītā 9.10] ity ādyā |,5
1540,jñeyatvāvacanāc ca ||,2
1548,vadantīti cen na prājño hi prakaraṇāt ||,2
1550,"nanu jñeyatvāvacanam aprasiddham | yato'śabdam aparśam arūpam avyayam | tathā rasaṁ nityam agandhavac ca yat | anādy anantaṁ mahataḥ paraṁ dhruvaṁ nicāyya taṁ mṛtyu-mukhāt pramucyate iti para-vākyaṁ nicāyyeti tasya jñeyatvaṁ vadatīti cen, na | kutaḥ ? hi yasmāt tatra prājñaḥ paramātmaivocyate | ",3
1552,puruṣān na kiñcit sā kāṣṭhā sā parā gatiḥ | ,2
1553,eṣa sarveṣu bhūteṣu gūḍhātmā na prakāśate || iti tasyaiva prakṛtatvāt ||5||,2
1561,trayāṇām eva caivam upanyāsaḥ praśnaś ca ||,2
1569,mahadvac ca ||,2
1571,buddher ātmā mahān paraḥ ity atra yathā buddhi-paratvokter ātma-śabdaikārthāc ca mahac-chabdena smārtaṁ mahat-tattvaṁ na gṛhyate | evam ātma-paratvokter avyakta-śabdena pradhānaṁ nety arthaḥ ||7||,2
1583,ajām ekāṁ lohita-śukla-kṛṣṇāṁ,2
1584,bahvīḥ prajāḥ sṛjamānāṁ sa-rūpāḥ |,2
1585,ajo hy eko juṣamāṇo’nuśete,2
1586,jahāty enāṁ bhukta-bhogām ajo’nyaḥ || [śve.u. 4.5] iti |,2
1590,camasavad aviśeṣāt ||,2
1600,jyoti-rūpa-kramātu tathā hy adhīyata eke ||,2
1602,"tu-śabdo niścaye | jyotir brahma | tad devā jyotiṣāṁ jyotiḥ [bṛ.ā.u. 4.4.16] ity ādi śruti-prasiddheḥ | tad evopakramaḥ kāraṇaṁ yasyāḥ sā brahma-kāraṇaiveyam ajā grāhyā camasavad anyato’syā viśeṣa-bodhād iti | tatra yathā, idaṁ tac-chira eṣa hy arvāgbilaś camasa ūrdhvabudhnaḥ [bṛ.ā.u. 2.2.3] iti vākya-śeṣāt śiro-rūpaś camasa-viśeṣo niścitas tathāsyām api prathame’dhyāye ajā-mantrānvite, caturthe ca śakteḥ prakramāt brahma-śakti-rūpo viśeṣa iti | atra pūrvatra, te dhyāna-yogānugatā apaśyan devātma-śaktiṁ sva-guṇair nigūḍhām [śve.u. 1.3] iti | paratra tu ya eko’varṇo bahudhā śakti-yogād iti | athaitasyā grahaṇe pramāṇāntaraṁ ca darśayati tathā hīti | hir hetau | yasmād eke śākhinas tathādhīyate, tasmād etad brahma nāma rūpam annaṁ ca jāyāte [mu.u. 1.1.9] iti prakṛtim īśvarotpannāṁ paṭhanti | brahma-śabda-vācyam atra pradhānaṁ triguṇāvasthaṁ grāhyaṁ, mama yonir mahad brahma [gītā 14.3] iti smṛteḥ ||9||",11
1610,kalpanopadeśāc ca madhv-ādivad avirodhaḥ ||,2
1612,"ca-śabdena śaṅkā nirasyate | tad dvayam asyāḥ sambhavati | kutaḥ ? kalpaneti | kalpanaṁ sṛṣṭiḥ | yathā-pūrvaṁ akalpayat iti prayogāt | tamaḥ śaktikād brahmaṇaḥ pradhānotpati-kathanād ity arthaḥ | idam atra tattvam | tamo’bhidhānātisūkṣmā nityā ca parasya śaktir asti | tama āsīt tamasā gūḍham agre praketaṁ yadā tamas tan na dviā na rātriḥ [ṛ.ve. 1.29.3] iti, gaur anādy-antavatī [cullikopaniṣad] ity ādi śruteḥ | sā kila pralaye tena sahaikyaṁ gatā, na tu tatra vilīnā tiṣṭhati | pṛthivy apsu pralīyate ity ādi śrutyā pṛthivy-ādīnāṁ akṣarāntānāṁ tamasi laya-kathanāt tamasas tu parasminn aikya-kathanāt | tad-aikyaṁ nāmātisaukṣmyād vibhāgānarhatvam eva nānyat | itarathā tama ekībhavatīti cvi-pratyayāsāmañjasyāt | atha sisṛkṣoḥ parasmād devāt tamaḥ-śaktikāt triguṇāvastham avyaktam utpadyate | mahān avyakte līyate, avyaktam akṣare, akṣaraṁ tamasi iti śruteḥ | tasmād avyaktam utpannaṁ triguṇaṁ dvija-sattama ity ādi smṛteś ca | tatas tu mahad-ādeḥ sargaḥ | tena pradhāna-kalpanopadeśena kāraṇa-rūpā kārya-rūpā ceti vyavasthā prakṛti-siddhā | pradhāna-puṁsor ajayoḥ kāraṇa-kārya-bhūtayor iti smṛteś [vi.pu. 1.9.37] ca | sṛṣṭi-kāle tūdbhūta-sattvādi-guṇā vibhakta-nāma-rūpā pradhānāvyaktādi-śabditā lohitādy-ākārā jyotir utpanneti | dṛṣṭāntam āha—madhv-ādivad iti | yathādityaḥ kāraṇāvasthāyāṁ ekībhūtaḥ kāryāvasthāyāṁ vasv-ādi-bhogya-madhutvenodayāsta-mayatvena ca kalpyamāno’pi na virudhyate tadvat ||10||",17
1623,yasmin pañca pañca-janā ākāśaś ca pratiṣṭhitaḥ |,2
1624,tam eva manya ātmānañ vidvān brahmāmṛto’mṛtam || [bṛ.ā.u. 4.4.17] iti śrūyate |,2
1628,na saṅkhyopasaṅgrahād api nānā-bhāvād atirekāc ca ||,2
1638,prāṇādayo vākya-śeṣāt ||,2
1640,prāṇasya prāṇam uta cakṣuṣaś cakṣur uta śrotrasya śrotram annasyānnaṁ manaso ye mano viduḥ [bṛ.ā.u. 4.4.18] ity asmāt prāṇādayaḥ pañca te bodhyāḥ ||12||,2
1648,jyotiṣaikeṣām asaty anne ||,2
1650,ekeṣāṁ kāṇvānāṁ pāṭhe anne asaty api jyotiṣā pañca-saṅkhyā sampadyate | yasmin pañca ity ataḥ pūrvaṁ—tad devā jyotiṣāṁ jyotir [bṛ.ā.u. 4.4.16] iti jyotiṣaḥ paṭhitavāt | ihobhayeṣāṁ jyotir mantre tulye'pi sati jyotir grahaṇāgrahaṇam apekṣya sattvāsattva-nibandhanaṁ bodhyam ||13||,5
1660,"punar api sāṅkhyaḥ śaṅkate | vedāneṣu brahmaaika-kāraṇaṁ viśvam iti na śakyate vaktuṁ teṣv eka-kāraṇikāyāḥ sṛṣṭer adarśanāt | ekatra tasmād vā etasmād ātmanaḥ ākāśaḥ sambhūtaḥ [tai.u. 2.1.3] ity ādinā sṛṣṭir ātma-hetukā pradarśyate | asad vā idam agra āsīt tato vai sad ajāyata, tad ātmānaṁ svayam akuruta [chā.u. 6.2.1] ity asad-dhetukā ca | anyatra kvacid ākāśa-hetukā sṛṣṭiḥ paṭhyate, asya lokasya kā gatir ity ākāśa iti hovāca [chā.u. 1.9.1] ity ādinā |  kvacit prāṇa-hetukā, sarvāṇi ha vā imāni bhūtāni prāṇam evābhisaṁviśanti [chā.u. 1.11.5] ity ādinā |  kvacid asad-dhetukā—asad evedam agra āsīt | tat sadāsīt tat samabhavat [chā.u. 3.19.1] ity ādinā | kvacit tu sad-dhetukā—sad eva saumyedam agra āsīt iti | kvacit—tad dhedaṁ tarhy avyākṛtam āsīt tan nāma-rūpābhyām eva vyākriyata [bṛ.ā.u. 1.4.7] ity avyākṛta-hetukā ca procyate | evam anyatrāpi sānekadhā | tad evaṁ teṣv ekasya hetor anirūpaṇāt brahmaika-hetukaṁ viśvam iti na śakyate niścetuṁ, kintu pradhāna-hetukaṁ tan niścetuṁ śakyate, tad vedaṁ tarhīty ādi śravaṇāt | kārya-kāraṇayoḥ sārūpyaṁ khalv asmin pakṣe nirbādhaṁ vīkṣyate | ihātmākāśa-brahma-śabdā vibhutvāt asat-sac-chabdau tasya vikārāśrayatvāt nityatvāc ca prāṇa-śabdaś ca svotpanna-tattva-rūpakatvād īkṣādayo’pi kāryābhimukhyatvābhiprāyeṇa tatraiva yojyās tasmāt sāṅkhyoktaṁ pradhānam eva viśvaika-hetur vedāntair ucyate | ity evaṁ prāpte—",15
1662,kāraṇatvena cākāśādiṣu yathā-vyapadiṣṭokteḥ,2
1664,ca-śabdaḥ śaṅkā-cchedāya | brahmaiva viśvaika-hetur iti śakyate niścetum | kutaḥ ? ākāśādiṣu kāraṇatvena yathā-vyapadiṣṭokteḥ | lakṣaṇa-sūtrādiṣu sārvajñya-satya-saṅkalpādi-guṇakatvena nirṇītaṁ brahma yathā-vyapadiṣṭam ucyate | tasyaikasyaiva khādi-hetutvena sarveṣu vedānteṣv abhidhānāt | yathā satyaṁ jñānam anantam ity ādinā sārvajñyādi-guṇakatayā nirdiṣṭaṁ brahma tasmād vā etasmād ity ādinā kāraṇatvena vimṛśyate yathā ca sad eva saumyedam ity ādau tad aikṣata bahu syām iti tad-guṇakatvena nirdiṣṭaṁ brahma tat-tejo’sṛjateti tattvena parāmṛśyate evam anyatrāpi draṣṭavyam | kārya-kāraṇayoḥ sārūpyaṁ tu brahma-pakṣe vakṣyāmaḥ | ātmākāśa-prāṇa-sad-brahma-śabdā vyāpti-sandīpti-prāṇana-sattva-bṛhad-guṇakatva-yogān mukhyās tathekṣādayaś ca ||14||,7
1672,samākarṣāt ||,2
1674,"so’kāmayata iti pūrva-sandarbha-prakṛtasya paramātmanaḥ, asad vā ity atra ādityo brahma iti pūrva-nirdiṣṭasya brahmaṇaḥ, asad evedam ity atra ca samākarṣāt tat tac ca vākyaṁ brahma-param eva | prāk sṛṣṭer nāma-rūpāvibhāgāt tat-saṁbandhitayāsthitvābhāvād asac-chabdena tatra brahmaivoktam | anyathā sad eva saumya ity ādy anantara-sambhāvitāsat-kāraṇatā-pratyukteḥ, āsīd iti kāla-sambandhasya ca virodhaḥ | asann eva sa bhavati ity ādināsad-vādino vigītatvāc ca sūkṣma-śaktikaṁ brahmaiva tad-arthaḥ | tad dhedaṁ tarhi ity atrāpy avyākṛta-śabdena tad-antarāla-bhūtaṁ brahmaiva bodhyate | sa eṣa iha praviṣṭa ity ādi para-vākyatas tasyākarṣaṇāt tac-chaktikaṁ brahmaiva sva-saṅkalpa-vaśāt svayam eva nāma-rūpābhyāṁ vyākriyata iti tatrārthaḥ | itarathā vedānta-pratiṣṭhitatvaṁ gati-sāmānyaṁ ca śrutaṁ vyākupyeta | tasmād ekaṁ brahmaiva viśva-hetur iti niśceyam ||15||",18
1683,punar api sāṅkhyaṁ nirasyati | kauṣītakī-brāhmaṇe bālākinā vipreṇa brahma te bravāṇīti pratijñāya brahmatayādityādiṣu ṣoḍaśasu puruṣeṣūkteṣu ajātaśatrur nāma rājā tan nirākṛtya svayam āha—yo vai bālāka eteṣāṁ puruṣāṇāṁ kartā yasya caitat karma sa veditavya [18] iti | ,3
1685,"tatra sandehaḥ—kim atra prakṛty-adhyakṣas tantrokto bhoktā vedyatayopadiśyate uta sarveśvaraḥ śrī-viṣṇur iti | yasya catat karmeti karma-sambandha-vīkṣayā bhoktṛtvāvagamāt uttaratraca tau ha suptaṁ puruṣam ājagmatuḥ [19] ity ādinā | tad yathā śreṣṭhaiḥ svair bhuṅkte [20] ity ādinā ca bhoktur eva pratipādanāt, so’yaṁ tantrokto bhavet prāṇa-śabdaś cātra prāṇa-bhṛttvād upapadyate | tad ayam arthaḥ—ya eṣāṁ puruṣāṇāṁ bhogopakaraṇa-bhūtānāṁ kartā kāraṇa-bhūtas tathā tad-dhetu-bhūtaṁ puṇya-pāpa-lakṣaṇaṁ karma ca yasya, sa veditavyaḥ prakṛti-viviktatayā jñeya iti | tasmāt tantrokto jīva evāsmin prakaraṇe vedyaḥ pratipadyate | tataś ca vaktavyatayopakrāntaṁ brahma sa eva tad-anyeśvarāsiddheḥ | īkṣādayo’pi kāraṇaṁ gatās tasminn evopapannāḥ tad-adhiṣṭhātā prakṛtir eva viśva-janayitrīty evaṁ prāptau—",5
1687,jagad-vācitvāt ||,2
1699,jīva-mukhya-prāṇa-liṅgān neti cet tad vyākhyātam ||,2
1701,"indra-pratardanākhyāyikāyāṁ tal-liṅgaṁ nirṇītam | tatra kilopakramopasaṁhāra-paryālocanena vākyasya brahma-paratve niścite jīvādi-liṅgam api tat-paratvena nītam | ihāpi brahma te bruvānīty upakramāt | sarvān pāpmano’pahatya sarveṣāṁ bhūtānāṁ śraiṣṭhyam ādhipatyaṁ, paryeti ya evaṁ veda ity upasaṁhārāc ca tat-paratvena tan eyam iti | na cedaṁ vākyaṁ pratardanākhyāna-nirṇayād gatārthaṁ, yasya caitat karma ity asyāpūrvatvāt ||17||",5
1709,anyārthas tu jaiminiḥ praśna-vyākhyānābhyām api caivam eke ||,2
1711,"tu-śabdaḥ śaṅkā-cchedāya | iha jīva-saṅkīrtanam anyārthaṁ jīvānya-brahma-bodhārtham iti jaiminir manyate | kutaḥ ? praśneti | praśnas tāvat prabuddha-prāṇasya suptasya pratibodhane prāṇādi-bhinne jīve bodhite punaḥ, kvaiṣa etad bālāke puruṣo’śayiṣṭa kva vā etad abhūt kuta etad āgāt [kau.u. 4.18] iti jīvānya-brahma-viṣayo dṛśyate | vyākhyānam api | yadā suptaḥ svapnaṁ na kañcana paśyaati tathāsmin prāṇa evaikadhā bhavati [kau.u. 4.19] ity ādi | etasmād ātmanaḥ prāṇā yathāyatanaṁ vipratiṣṭhante prāṇebhyo devā devebhyo lokāḥ [kau.u. 4.19] iti ca jīvānyad eva brahma gamayati | prāṇo’tra paramātmā, tasyaiva suṣupty-ādhāratva-prasiddheḥ | tatraiva jīvādīnāṁ layo niṣkramaś ca tasmāt | nāḍīnāṁ tu supti-sthāna-gamanāya dvāra-mātratā vakṣyate | jāgarāc chrānto jīvo yatra svapiti punar api bhogāya yasmān niḥsarati so’yaṁ paramātmātra vedya iti | api caivam eke vājasaneyino’sminn eva bālāky-ajātaśatru-saṁvāde vijñāna-maya-śabdena jīvam abhidhāya tato bhinnaṁ brahmāmananti | ya eṣa vijñāna-mayaḥ puruṣaḥ kvaiṣa tadābhūt kuta etad āgāt iti praśne | ya eṣo’ntar-hṛdaya ākāśas tasmin śete iti vyākhyāne ca | tasmāt sarveśvara evātra vedyatayopadiśyata iti ||18|| ",13
1723,"na vā are patyuḥ kāmāya patiḥ priyo bhavaty ātmanas tu kāmāya patiḥ priyo bhavati ity ārabhya, na vā are sarvasya kāmāya sarvaṁ priyaṁ bhavaty ātmanas tu kāmāya sarvaṁ priyaṁ bhavaty ātmā vā are draṣṭavyaḥ śrotavyo mantavyo nididhyāsitavyo maitreyy ātmano vā are darśanena śravaṇena matyā vijñānenedaṁ sarvaṁ viditam [bṛ.ā.u. 2.45., 4.5.6] iti |",2
1725,"tatra saṁśayaḥ—kim asmin vākye draṣṭavyatvena tantrokto jīvātmopadiśyate, kiṁ vā paramātmeti ? tatropakrame pati-jāyādi-prīti-saṁsūcanena madhye etebhyo bhūtebhyaḥ samutthāya tāny evānuvinaśyati na pretya saṁjñā’sti [bṛ.ā.u. 2.4.12] ity utpatti-vināśa-yogena saṁsāri-svabhāva-pratīter upasaṁhāre, vijñātāram are kena vijānīyād [bṛ.ā.u. 2.4.14] iti vijñātṛtvokteś ca tantroktaḥ syāt | ātma-vijñānena sarvaṁ vijñātaṁ tu bhogya-jātasya bhoktr-arthatvād aupacārikaṁ bhavet | na tu amṛtatvasya tu nāśāsti vitteneti [bṛ.ā.u. 4.5.3] ity ādinā amṛtatva-lābhopāyopadeśāt katham asya vākyasya jīva-paratvam iti, tasyaiva prakṛti-vimuktasya jñānena tattva-sambhavāt | evam anyāny api brahma-liṅgāni kathañcid atraiva neyāni | tasmād atra jīvātmopadiśyate | tad-adhiṣṭhitā prakṛtir viśva-kāraṇam iti prāpte—",7
1727,vākyānvayāt ||,2
1738,pratijñā-siddher liṅgam āśmarathaḥ ||,2
1740,ātmano vijñānena sarvaṁ viditam iti yā pratijñā saivāsyātmanaḥ parātmatva-siddher liṅgam ity āśmaratho manyate | na hy ātma-vijñānena sarva-vijñānam upadiṣṭam | anyatra parama-kāraṇa-vijñānāt tat sambhavet | na caitad aupacārikaṁ śakyaṁ vaktum | ātma-vijñānena sarva-vijñānaṁ pratijñāya brahma taṁ parād ity ādinā tasyaivātmano brahma-kṣatrādi-viśvāśrayatāyāḥ sarva-rūpatāyāś coktatvāt | na hi sā sā ca parasmād anyatra sambhavet | na ca tasya vā etasya mahato bhūtasya niḥśvasitam ity ādi darśita-kṛtsna-jagat-kāraṇatā tad anyasmin karma-vaśye puṁsi śakyā vyākhyātum | na cānādṛtya vittādikaṁ mokṣopāyaṁ pṛcchatīṁ maitreyīṁ sva-patnīṁ prati brahmānyaṁ jīvaṁ bruvann āptaḥ | taj-jñānena mokṣābhāvāt | tam eva viditveti brahma-jñānenaiva mokṣa-śravaṇāt | tasmād ayaṁ paramātmaiveti ||20||,3
1754,utkramiṣyata evam-bhāvād ity auḍulomiḥ ||,2
1756,"utkramiṣyataḥ sādhana-sampannasyāsanna-paramātma-prāpter viduṣa evaṁ bhāvāt sarva-priyatvād upakrama-gatenātma-śabdena paramātmaiva bodhya ity auḍulomir manyate | tad ayam atra vākyārthaḥ—patyuḥ kāmāya mat-prayojanāyāham asyāḥ priyaḥ syām ity evaṁ-rūpāya patiḥ priyo na bhavati, kintu ātmanaḥ paramnaḥ kāmāya svārādhaka-priya-pratilambhana-rūpāyaivety arthaḥ | kāma icchā | taṁ saphalaṁ kartum ity arthaḥ | kriyārthopapadasya ca karmaṇi sthāninaḥ [pā. 2.3.14] iti sūtrāc caturthī | bhaktyārādhitaḥ khalu bhagavān bhaktānāṁ sarva-vastu-gataṁ priyatvaṁ sampādayati | ",3
1758,akiñcanasya dāntasya śāntasya sama-cetasaḥ |,2
1759,mayā santuṣṭa-manasaḥ sarvāḥ sukha-mayā diśaḥ || [bhā.pu. 11.14.13] iti smṛteḥ |,2
1763,prāṇa-buddhi-manaḥ svātma-dārāpatya-dhanādayaḥ |,2
1764,yat samparkāt priyā āsaṁs tataḥ ko’nyaḥ paraḥ priyaḥ || [bhā.pu. 11.23.27] iti smaraṇāt |,2
1768,"kiṁ ca, nāyam ātma-śabdo jīvārthaka iti śakyaṁ grahītum, tasya vibhau pareśe mukhya-vyutpannatvāt | itarathā ātmā vā are ity anenānanvayāpattiḥ | satyāṁ ca tasyāṁ vākya-bhedaḥ | svīkṛte ca tasmin pūrva-vākyasya na kiñcit phalaṁ paśyāmaḥ | draṣṭavyataupayikatayā tasyopadeśāt | na cobhayatrāpi jīvārthako’stu, brahmaikānta-dharma-śruti-vyākopāt | yadyapy ayaṁ nirguṇātma-vādī citi tan-mātreṇa tad-ātmakatvād ity auḍulomiḥ [ve.sū. 4.4.6] iti ca vakṣyamāṇāt | tathāpy avidyā-vinivṛttaye tādṛg ātmābhivyaktaye ca śrī-hariṁ bhajatyā, ṛtvijam ity auḍulomis tasmai hi parikriyate [ve.sū. 3.4.45] iti vakṣyamāṇāt bhaktir eva sarvābhīṣṭa-sādhiketi prasiddham ||21||",5
1776,sa yathā saindhava-khilya udake prāsta udakam evānuvilīyeta na hāsyodgrahaṇāyaiva syād yato yatas tvā dadīta lavaṇam evaivaṁ vā ara idaṁ mahad bhūtam anantam apāraṁ vijñāna-ghana evaitebhyo bhūtebhyaḥ samutthāya tāny evānuvinaśyati [bṛ.ā.u. 2.4.12] ,2
1780,avasthiter iti kāśa-kṛtsnaḥ ||,2
1784,"ayam atra niṣkarṣaḥ—yenāhaṁ nāmṛtā syāṁ kim ahaṁ tena kuryāṁ [bṛ.ā.u. 4.5.4] iti mokṣopāyaṁ pṛṣṭo muni ātmā vā are draṣṭavyaḥ [bṛ.ā.u. 4.5.6] ity ādinā paramātmopāsanaṁ tad-upāyam uktvā, ātmani khalv are dṛṣṭe [bṛ.ā.u. 4.5.6] ity ādinā upāsya-lakṣaṇaṁ, sa yathā dundubheḥ [bṛ.ā.u. 4.5.8] ity ādinā upāsanopakaraṇaṁ karaṇa-niyamanaṁ ca sāmānyād upadiśya, sa yathā’’rdraidhāgneḥ [bṛ.ā.u. 4.5.11] ity ādinā, sa yathā sarvāsām apā [bṛ.ā.u. 4.5.12] ity ādinā ca sa-vistaraṁ tad ubhayaṁ punar uktvā atra mokṣopāya-pravṛtti-protsāhanāya, sa yathā saindhava [bṛ.ā.u. 2.4.12] ity ādinā sadaivopāsya-sānnidhyam upapādya, etebhya eva bhūtebhyaḥ samutthāya [bṛ.ā.u. 2.4.13] ity anupāsakasya dehotpatti-vināśānukāritayā saṁsārato dehātma-bhrāntiṁ pradarśya, na pretya-saṁjñāsti [bṛ.ā.u. 2.4.13] ity upāsakasya tu paramaṁ deha-viyogaṁ prāpya vimuktasya tadānīṁ svābhāvika-sva-jñānodayād bhūta-saṁghātenaivkīkṛtya ātmani deva-manuṣyādi-dhīr nāstīty abhidhāya, yatra hi dvaitam iva bhavati [bṛ.ā.u. 2.4.14, 4.5.15] ity ādinā muktasyāpi tasya paramātmānaṁ āśrayam upadiśya, yenedaṁ sarvaṁ vijānāti taṁ kena vijānīyāt [bṛ.ā.u. 2.4.14, 4.5.15] iti tasya durjñeyatām āpādya, vijñātāram are kena vijānīyād iti prakramoktāt tat-prasāda-rūpād upāsanād vinā taṁ sarvajñam īśvaraṁ kenopāyena jānīyāt, na kenāpīty etad evopāsanam amṛtatvopāyaḥ paramātmāptir evāmṛtatvam ity upasaṁhṛtavān | ataḥ paramātmaivāsmin vākya-sandarbhe nirūpyate, na tu tantroktaḥ pumān, na ca tad-adhiṣṭhitā prakṛtir iti ||22||",29
1792,"evaṁ nirīśvaraṁ pradhāna-vādaṁ nirasya seśvaraṁ tam idānīṁ nirasyan viśva-kāraṇatā-vādi-vākyāni parasmin brahmaṇi pravartayati | tasmād vā etasmād ātmana ākāśaḥ sambhūtaḥ, yato vā imāni bhūtāni jāyante [tai.u. 3.1], sad eva saumyedam agra āsīd ekam evādvitīyam [chā.u. 6.2.1], tad aikṣata bahu syāṁ prajāyeya, sa aikṣata lokān nu sṛjā ity ādīni vacāṁsi śrūyante | kim eṣu nimittam eva brahma mantavyaṁ kiṁ vā nimittopādāna-rūpaṁ tad iti vīkṣāyāṁ pūrva-pakṣo dṛśyate | tathā hi yadyapy upaniṣadas tasmād vā etasmād ity ādibhir vākyair jagat-kāraṇatayā paraṁ brahmāhus tathāpi tāsu nimitta-mātratā tasya mantavyā | tad aikṣata, sa aikṣata ity ādiṣu vīkṣaṇa-pūrvaka-sṛṣṭi-varṇanāt tat-pūrvaka-sraṣṭāraḥ khalu kulālādayo ghaṭādi-nimittāny eva dṛśyante jagad-upādānaṁ tu prakṛtir eva syāt upādānopādeyayos tayoḥ sādharmya-darśanāt | na ca nimittam evopādānam iti śakyaṁ vaktum | loke jaḍasya mṛd-āder ghaṭādy-upādānatvaṁ cetanasya tu kulālāder ghaṭādi-nimittatvam iti tayor bheda-niyamāt | tathāneka-kāraka-siddhaṁ ca kāryaṁ vīkṣyate | tad eva loka-siddhaṁ bhāvam upekṣya tasyaikasyaiva tad ubhayatvaṁ vaktuṁ na tāḥ kṣamante | ano nirvikāreṇa brahmaṇā adhiṣṭhitā vikāriṇī prakṛtir eva vikṛtasya viśvasya jagata upādānaṁ brahma tu nimittam eva kevalam | na caitad yauktikam | ",7
1803,caturviṁśati-saṅkhyākam avyaktaṁ vyaktam ucyate || iti cullikopaniṣadi śravaṇāt|,5
1808,manaso nopakartṛtvāt tathāsau parameśvaraḥ || [vi.pu. 1.2.30],3
1810,tathaivāpariṇāmena viśvasya bhagavān hariḥ || [vi.pu. 2.7.37],3
1812,pradhāna-kāraṇī-bhūtā yato vai sṛjya-śaktayaḥ || [vi.pu. 1.4.51] ity ādyāḥ |,3
1816,prakṛtiś ca pratijñā-dṛṣṭāntānurodhāt ||,2
1818,"brahmaiva jagataḥ prakṛtir upādānam | kutaḥ ? pratijñety ādeḥ | śrautayoḥ pratijñā-dṛṣṭāntayor ānuguṇyād ity arthaḥ | śvetaketo yan nu saumyedaṁ mahāmanā anūcāna-mānī stabdho’syuta tam ādeśam aprākṣīr yenāśrutaṁ śrutaṁ bhavaty amataṁ matam avijñātaṁ vijñātam [chā.u. 6.1.3] iti vijñānena sarva-vijñāna-viṣayā pratijñā śrūyate chāndogye | sā kilādeśasya upādānatve sati sambhavet kāryasya tad-avyatirekāt | nimittāt tasyāvyatirekas tu na kulāla-ghaṭayor vyatirekāt | dṛṣṭānte’pi, yathā somyaikena mṛt-piṇḍena sarvaṁ mṛn-mayaṁ vijñātaṁ syāt [chā.u. 6.1.4] ity āder upādāna-vijñānāt kārya-vijñāna-viṣayas tatraiva śrutaḥ | sa ca nimitta-mātratābhyupagame na sambhavet | na hi kulāle vijñāte ghaṭo vijñāyate | tad-anurodhāt viśvasyopādānaṁ ca śabdān nimittaṁ ca brahmaiveti ||23||",5
1824,abhidhyopadeśāc ca ||,2
1826,"ca-śabdo’nukta-samuccayārthaḥ | so’kāmayata bahu syāṁ prajāyeyeti, sa tapo’tapyata tapas taptvā idaṁ sarvam asṛjat | yad idaṁ kiñcana tat sṛṣṭvā tad evānuprāviśat | tad anupraviśya sac ca tyac cābhavat [tai.u. 2.5.1] iti taittirīyake paramātmana eva cij-jaḍātmanā bahu-bhavana-saṅkalpopadeśāt tadātmaka-bahu-sraṣṭṛtvopadeśāc ca sa evobhaya-rūpaḥ ||24||",5
1831,sākṣāc cobhayāmnātāt ||,2
1833,"avadhṛtau ca śabdaḥ | kiṁ svid vanaṁ ka u sa vṛkṣa āsīt yato dyāvāpṛthivī niṣṭatakṣuḥ, manīṣiṇo manasā pṛcchataitat yad adhyatiṣṭhad bhuvanāni dhārayan | brahma vanaṁ brahma sa vṛkṣa āsīt yato dyāvāpṛthivī niṣṭatakṣuḥ manīṣiṇo manasā prabravīmi vo brahmādyatiṣṭhat bhuvanāni dhārayan iti tatraiva sākṣād ubhaya-rūpatva-kathanād eva tasya tathātvam | iha hi yato vṛkṣād upādāna-bhūtād dyāvāpṛthivī-śabdopalakṣitaṁ jagad-īśvaro niṣṭatakṣur nirmitavān | vacana-vyatyayaś chāndasaḥ | sa vṛkṣaḥ kas tad-ādhāra-bhūtaṁ vanaṁ ca kiṁ, bhuvanāni dhārayan sa yad adhyatiṣṭhat tat kim iti lokānusāriṇi praśne alaukika-vastutvāt sa ca tat tac ca brahmaivety ukta-matas tad evobhaya-rūpam iti ||25||",3
1839,ātma-kṛteḥ pariṇāmāt ||,2
1841,"so’kāmayata [tai.u. 2.5.1] iti sṛṣṭi-kāmatvena prakṛtaḥ paramātmaiva tadātmānaṁ svayam akuruteti sṛṣṭeḥ kartṛ-bhūtaḥ karma-bhūtaś ca śrūyate, atas tasyaiva tad-ubhaya-rūpatvam |",2
1845,parāsya śaktir vividhaiva śrūyate,2
1846,svābhāvikī jñāna-bala-kriyā ca || [śve.u. 6.8] iti śrutes triśakti brahma |,4
1848,viṣṇu-śaktiḥ parā proktā kṣetra-jñākhyā tathāparā |,2
1849,avidyā-karma-saṁjñānyā tṛtīyā śaktir iṣyate || [vi.pu. 6.7.61] iti smṛteś ca |,2
1851,"tasya nimittatvam upādānatvaṁ cābhidhīyate | tatrādyaṁ parākhya-śaktimad-rūpeṇa, dvitīyaṁ tu tad-anya-śakti-dvaya-dvāraiva | sa-viśeṣaṇe vidhi-niṣedhau viśeṣaṇam upasaṅkrāmata iti nyāyāt | ya eko’varṇo bahudhā śakti-yogāt [śve.u. 4.1] ity ādi śravaṇāc ca | ",3
1859,yoniś ca hi gīyate ||,2
1861,"yad bhūta-yoniṁ paripaśyanti dhīrāḥ [mu.u. 1.2.6], kartāram īśaṁ puruṣaṁ brahma-yoniṁ [mu.u. 3.1.3] ity ādi śrutau yonim iti kartāraṁ puruṣam iti ca gīyate hi yasmād ato brahmaivobhayam | yoni-śabdas tūpādāna-vācī | pṛthivī yonir oṣadhi-vanaspatīnām ity ādi prayogāt | yat khalu nimittopādānayor loka-vedābhyāṁ bheda iti yac ca loke kāryasyāneka-siddhatva-niyamād ekasmād eva tasmāt tad-vaktuṁ na tāḥ kṣamā ity uktaṁ tad anenaiva pratyuktam ||27||",4
1865,7. sarva-vyākyātādhikaraṇam,2
1869,"atha darśitaḥ samanvayo bhajyeta na veti viśaṅkāṁ vihantum adhikaraṇam ārabhate | śvetāśvataropaniṣad-ādau śrūyate—kṣaraṁ pradhānam amṛtākṣaraṁ haraḥ [śve.u. 1.10],",3
1870,"eko hi rudro na dvitīyāya tasthur [śve.u. 3.2], yo devānāṁ prabhavaś codbhavaś ca viśvādhipo rudraḥ śivo maharṣiḥ [śve.u. 3.4], yadā tamas tan na divā na rātrir na san na cāsac chiva eva kevalaḥ [śve.u. 4.18] iti | ",6
1872,pradhānād idam utpannaṁ pradhānam adhigacchati |,2
1873,pradhāne layam abhyeti na hy anyat kāraṇaṁ matam || iti |,2
1875,jīvād bhavanti bhūtāni jīve tiṣṭhanty acañcalāḥ |,2
1876,jīve ca layam icchanti na jīvāt kāraṇaṁ param || iti caivam ādi |,2
1880,etena sarve vyākhyātā vyākhyātāḥ ||,2
1884,nāmāni viśvāni na santi loke ,2
1885,yadāvirāsīt purusasya sarvam |,2
1886,nāmāni sarvāni yam āviśanti,2
1887,taṁ vai viṣṇuṁ paramam udāharanti || iti bhāllaveya-śrutiḥ |,2
1889,vaiśampāyano’py etān śrī-kṛṣṇāhvayān sasmāra—śrī-nārāyaṇādīni nāmāni vinānyāni rudrādibhyo harir dattavān ity anyatra smaryate | kintv ayam atra niyamaḥ | yatrānya-vācakatve’py āvirodhas tatrānyad amukhyatayocyate | yatra tu virodhas tatra śrī-viṣṇur eveti | padābhyāso’dhyāya-samāpti-dyotanāya ||28||,3
1916,"tatra saṁśayaḥ—sarva-kāraṇa-bhūte brahmaṇi darśitaḥ samanvayaḥ sāṅkhya-smṛtyā bādhyate na vā ? iti | tatra sati sāṅkya-smṛti-nirviṣayatāpatter bādhaḥ syāt | smṛtiḥ khalu karma-kāṇḍoditāny agnihotrādi-karmāṇi yathāvat svīkurvatā ṛṣiṁ prasūtaṁ kapilaṁ [śve.u. 5.2] ity ādi-śrutāpta-bhāvena paramarṣiṇā kapilena mokṣepsunā jñāna-kāṇḍārthopa-bṛṁhaṇāya praṇītā | atha trividha-duḥkhātyanta-nivṛttir atyanta-puruṣārthaḥ | na dṛṣṭārtha-siddhir nivṛtter apy anuvṛtti-darśanāt [sāṅkhya-kārikā 1.1-2] ity ādibhis tatra hy acetanaṁ pradhānam eva svatantraṁ jagat-kāraṇam ity ādi nirūpyate | vimukta-mokṣārthaṁ svārthaṁ vā pradhānasya [sāṅkhya-kārikā 2.1], acetanatve’pi kṣīravac ceṣṭitaṁ pradhānasya [sāṅkhya-kārikā 3.60] ity ādibhiḥ | sā ca brahma-kāraṇatā-parigrahe nirviṣayā syāt | kṛtsnāyās tasyās tattva-pratipatti-mātra-viṣayatvāt | ataḥ param āpta-kapila-smṛty-avirodhena vedāntā vyākhyeyāḥ | na caivaṁ manv-ādi-smṛtīnāṁ nirviṣayatā | tāsāṁ dharma-pratipādana-dvārā karma-kāṇḍopabṛṁhaṇe saviṣayatvād tiy evaṁ prāpte brūte—",9
1918,smṛty-anavakāśa-doṣa-prasaṅga iti cen ,2
1919,nānya-smṛty-avakāśa-doṣa-prasaṅgāt ||,2
1932,tasmiñ jajñe svayaṁ brahmā sarva-loka-pitāmahaḥ || [manu. 1.5-9] ity-ādi |,3
1936,sthiti-saṁyama-kartāsau jagato’sya jagac ca saḥ || [vi.pu. 1.1.31],3
1939,tayā vihṛtya bhūyas tāṁ grasaty evaṁ janārdanaḥ || [bhā.pu. 11.9.21],5
1941,"evam anye’pi | na cāsāṁ smṛtīnāṁ karma-kāṇḍorthopabṛṁhaṇa eva vṛtteḥ | citta-śodhakatā caiṣāṁ dṛśyate | tam etaṁ vedānuvacanena ity-ādi-śrutau | yat tu teṣāṁ vṛṣṭi-putra-svargādi-phalakatvaṁ kvāpi kvāpi vīkṣyate’nubhāvyate ca tad api śāstra-viśrambhotpādanena tatraiva ca viśrāntam | sarve vedā yat padam āmananti ity ādeḥ, nārāyaṇa-parā vedāḥ ity ādeś ca | ",7
1945,"yat tu ṛṣiṁ prasūtaṁ kapilaṁ yas tam agre jñānair bibharti [śve.u. 5.2] iti śvetāśvatara-śruter āptatvaṁ tasyeti, tan na | tasyā anya-paratvāt śruty-artha-vaiparītya-vaktṛtayā tad-abhāvāc ca | manor āptatvaṁ tu taittarīyāḥ paṭhanti— yad vai kiṁ ca manur avadat tad-bheṣajam iti | śrī-parāśaro hi pulastya-vasiṣṭha-prasādād eva devatā-paramārtha-dhiyaṁ prāpteti smaryate | veda-viruddhaḥ smṛti-pravartakaḥ kapilo hy agni-vaṁśa-jo jīva-viśeṣa eva māyayā vimohito, na tu kardamodbhūto vāsudevaḥ | ",5
1947,kapilo vāsudevāṁśas tattvaṁ sāṅkhyaṁ jagāda ha |,2
1948,brahmādibhyaś ca devebhyo bhṛgv-ādibhyas tathaiva ca |,2
1949,tathaivāsuraye sarva-vedārthair upabṛṁhitam ||,2
1950,sarva-veda-viruddhaṁ ca kapilo’nyo jagāda ha |,2
1951,sāṅkhyam āsuraye’nyasmai kutarka-paribṛṁhitam || iti smaraṇāt | ,4
1955,"rpc: 3.26.3-6, 10. 3.28.41, 10.87.25.",2
1960,itareṣāṁ cānupalabdheḥ ||,2
1964,"rpc : 3.2.14, 11.11.3, 3.28.44.",2
1974,etena yogaḥ pratyuktaḥ ||,2
1976,"etena sāṅkhya-smṛti-pratyākhyānena yoga-smṛtir api pratyākhyātā bodhyā | tasyāś ca tadvad vedānta-viruddhatvāt | tādṛśyā yoga-smṛtyā teṣu vyākhyāteṣu vedānusāri-manv-ādi-smṛter nirviṣayatā syād atas tayā te na vyākhyeyā ity arthaḥ | na ca vedānta-viruddhā sā vaktuṁ śakyā | tatrāpi pradhānam eva svatantraṁ kāraṇam | īśo jīvāś ca citi-mātrāh sarve vibhavaḥ | yogād eva duḥkha-nivṛttir eva muktiḥ | ity ādi tad-viruddhārtha-pratipādanāt | pratyakṣādi-pramāṇaṁ citta-vṛttir ity ādīnāṁ tad-uktārthānāṁ teṣv anupalambhāc ca | tatra te hy arthās tasyām evānveṣṭavyāḥ | tasmāt vedānta-viruddhāyā yoga-smṛter vaiyārthyād doṣān na vitrāsaḥ | anyac ca prāgvat | yat tu vedānta-vedyam īśvara-jīvopāyopeya-yāthātmyaṁ tad upary upari vyaktībhaviṣyad vīkṣyam | evaṁ sati trir-unnatam ity ādāv āsanādi-yogāṅga-vidhānaṁ tat kāraṇaṁ sāṅkhya-yogādhigamyam ity ādau ca sāṅkhyādi-śabdānāṁ jñānaṁ dhyānaṁ ca yad dṛṣṭāṁ tat kila vaidikād anyad eva grāhyam | na hi prakṛti-puruṣānyatā-pratyayena jñānena tad-uktena yoga-vartmanā vā mokṣo bhavet | tam eva viditvātimṛtyum eti vijñāya prajñāṁ kurvīta etad yo dhyāyati rasati bhajati so’mṛto bhavati ity ādi-śrutibhyaḥ | kiṁ ca, yo’ṁśo’nayor aviruddhas tatra no na vidveṣaḥ | kintu viruddho’ṁśaḥ parihrīyate | yadyapy eṣa pareśa-niṣṭhaḥ, īśvara-praṇidhānād vā, kleśa-karma-vipākāśayair aparāmṛṣṭaḥ puruṣa-viśeṣa īśvaraḥ ity ādi sūtra-praṇayanāt | tathāpi mohād evaṁ jajalpeti vadanti | gautamādayo’pi vimohitā viruddhāni matāni dadhuḥ | tāni ca pratyākhyāsyati | vijñānāṁ vimohaḥ kvacit sārvajñābhimāna-kupitayā harer māyayā kvacit tu tasyaicchayaivārthāntara-prayuktayā bodhyaḥ | īśvara-vādābhyupagamena śaṅkādhikyāt tan-nirāsārtho ’dhikaraṇātideśaḥ | hiraṇyagarbha-kṛtāpi yoga-smṛtir anenaiva nirākṛtā bodhyā ||3||",5
1979,"hds : 10.87.25, 1.6.36.",2
1988,na vilakṣaṇatvād asya tathātvaṁ ca śabdāt ||,2
1993,tasmād yajñāt sarva-hutaḥ ṛcaḥ sāmāni jajñire |,2
1994,chandāṁsi jajñire tasmād yajus tasmād ajāyata || [ṛg-veda 10.90.9] iti |,2
1998,svayambhūr eṣa bhagavān vedo gītas tvayā purā |,2
1999,śivādyā ṛṣi-paryantāḥ smartāro’sya na kārakāḥ || iti |,2
2004,"hds : 6.1.40, 6.1.31.",2
2010,"syād etat tat teja aikṣata bahu syāṁ [chā.u. 6.2.3] tā āpa aikṣanta bahvyaḥ syāma [chā.u. 6.2.4] iti chāndogye | te heme prāṇā ahaṁ śreyase vivadamānā brahma jagmuḥ ko naḥ viśiṣṭa iti bṛhad-āraṇyake ca bādhitārthakaṁ vākyaṁ vīkṣyate, tādṛśaṁ caiva bandhyā-suto bhāti itivat apramāṇam eva | evam ekadeśāprāmāṇyenānyasyāpy aprāmāṇyāj jagat-kāraṇatvaṁ brahmaṇaḥ śrūyamāṇaṁ neti cet tatrāha—",7
2012,abhimāni-vyapadeśas tu viśeṣānugatibhyām ||,2
2014,"tu-śabdaḥ śaṅkāc chedāya | tat-teja ity ādi-vyapadeśaḥ teja-ādy-abhimāninīnāṁ cetanānāṁ devatānām eva, na tv acetanānāṁ tad-ādīnām | kutaḥ ? viśeṣeti | hantāham imās tisro devatā [chā.u. 6.3.2] iti | tejo’vannānāṁ sarvā ha vai devatā ahaṁ śreyase vivadamānās te devā prāṇe niḥśreyasaṁ viditvā iti prāṇānāṁ ca tatra tatra devatā-śabdena viśeṣaṇāt | agnir vāg bhūtvā mukha prāviśad ādityaś cakṣur bhūtvākṣiṇī prāviśat ity ādyaitareyake vāg-ādy-abhimānitatāyāgny-ādīnām anupraveśa-śravaṇāc ca | smṛtiś ca—",5
2016,pṛthivy-ādy-abhimāninyo devatāḥ prathitaujasaḥ | ,2
2017,acintyāḥ śaktayas tāsāṁ dṛśyante munibhiś ca tāḥ || iti |,2
2021,"rpc : 3.6.2-4, 3.6.12-21, 11.10.8-9, 3.28.43.",2
2028,punar api brahmopādānatākṣepāya tarkam āśrayan sāṅkhyāḥ pravartate | yadyapy ayam ātma-yāthātmya-nirṇaye tyaktas tarkaḥ śruti-virodhāt na kutarkāpasadasyātma-lābhaḥ ity ukteḥ | tathāpi paraṁ prati dauṣya-prakāśanam etat | tatraivaṁ saṁśayaḥ | jagad brahmopādānakaṁ syān na veti | kiṁ prāptaṁ brahmopādānakaṁ neti vairūpyāt | sarvajña-sarveśvara-viśuddha-sukha-rūpatyaā brahmābhimatām | ajñānīśvara-malina-duḥkhitayā pratyakṣādibhir avagataṁ jagat | atas tayor vairūpyaṁ nirvivādam | upādeyaṁ khalu upādāna-svarūpaṁ dṛṣṭam | yathā mṛt-suvarṇa-tantv-ādy-upādeyaṁ ghaṭa-mukuṭa-paṭādi | ato vai brahma-vairūpyeṇa tad-upādeyatvāsambhavāt tat-svarūpam upādānaṁ kiñcid anveṣaṇīyam | tac ca pradhānam eva | sukha-duḥkha-mohātmakaṁ jagat prati tādṛśasya tasyaiva yogyatvāt | yac copādeya-sārūpya-sādhanāya tathābhūte’py upādāne brahmaṇi cij-jaḍātmikātisūkṣmā śakti-dvayī prāg apy astīty ucyate | tenāpi vairūpyāt duṣpariharaṁ sūkṣmāt sūkṣma-śaktikād upādānāt sthūlataropādeyodaya-nirūpaṇāt | evam anyac ca vairūpyaṁ vibhāvanīyam | evaṁ brahma-vairūpyāt tad-upādānakaṁ jagan neti tarkaś ca śāstrasyāvasthāpekṣyaḥ tad-anugṛhītasyaiva kvacid viśaye’rtha-niścaya-hetutvād iti pūrva-pakṣaḥ | tad imaṁ nirasyati—,5
2030,dṛśyate tu ||,2
2034,	yathorṇa-nābhiḥ sṛjate gṛhṇate ca ,3
2035,	yathā pṛthivyām oṣadhayaḥ sambhavanti |,2
2036,yathā sataḥ puruṣāt keśa-lobhāni ,2
2037,tathākṣarāt sambhavatīha viśvam || [mu.u. 1.1.7] iti ||6||,2
2039,"rpc : 11.12.19, 1.1.1, 10.87.22.",2
2040,hds : 10.87.26. ,4
2049,asad iti cen na pratiṣedha-mātratvāt |,2
2062,apītau tadvat prasaṅgād asamañjasam ||,2
2072,na tu dṛṣṭānta-bhāvāt ||,2
2076,"rpc : 11.6.6, 7.9.30, 11.2.39",2
2083,sva-pakṣe doṣāc ca ||,2
2088,hds : 10.87.25. ,4
2094,tarkāpratiṣṭhānād apy anyathānumeyam ,4
2095,iti ced evam apy anirmokṣa-prasaṅgaḥ ||,2
2101,naiṣā tarkeṇa matir āpaneyā,2
2102,proktānyenaiva sujñānāya preṣṭha | [ka.u. 1.2.9] iti kaṭhānām |,2
2104,ṛṣe vidanti munayaḥ praśāntātmendriyāśayāḥ |,2
2105,yadā tadaivāsat-tarkais tirodhīyeta viplutam || [bhā.pu. 2.6.39] ity ādyā |,2
2107,"tasmāc chrutir eva dharma iva brahmaṇi pramāṇam | tat-poṣa-kārī tarkas tv apekṣata eva mantavya iti śruteḥ, pūrvāparāvirodhena ity ādi smṛteś ca | tasmāt brahmopādānakaṁ jagad iti ||11||",3
2109,"rpc : 1.8.17, 6.4.26, 6.9.33; 2.6.39, ",2
2110,hds : 2.6.41-42.,2
2119,etena śiṣṭā parigrahā api vyākhyātā ||,2
2124,"rpc : 3.11.1, 5.12.9-11, 3.11.15.",2
2125,hds : 5.12.9-11.,2
2134,bhoktr-āpatter avibhāgaś cet syāl lokavat ||,2
2139,hds : 6.16.9-11. ,4
2141,—o)0(o—,4
2146,"jagato brahma-bhedam aṅgīkṛtya brahmaṇas tad-upādānatvaṁ nirūpitam asad iti cen nety ādinā tam evākṣipya samādhātum idānīṁ pravartate | tatropādeyaṁ jagad-upādānāt brahmaṇo bhinnam abhinnaṁ veti vīkṣāyāṁ mṛt-piṇḍa upādānaṁ ghaṭa upādeyam iti dhī-bhedāt | upādānam upādeyam iti śabda-bhedāt | mṛt-piṇḍena ghaṭāya pravartate ghaṭena tu jalam ānayeti pravṛtti-bhedāt | piṇḍākāram upādānaṁ kambu-grīvādy-ākāram upādeyam ity ākāra-bhedāt | pūrva-kālam upādānam uttara-kālam upādeyam iti kāla-bhedāc ca bhinnam evopādānād upādeyam | itarathā kāraka-vyāpāra-vaiyarthya-prasaṅgād upādānam eva ced upādeyaṁ kṛtaṁ tarhi tad-vyāpāreṇa ca sato’py upādeyasyābhivyaktaye tena bhāvyaṁ kṣodākṣamatvāt | tathā hi, kāraka-vyāpārāt prāk sā satī asatī vā | nādyaḥ tad-vyāpāra-vaiyarthyāt nityopalabdhi-prasaṅgāc copādeyasya | tataś ca nityānitya-vibhāgo vilupyeta | tathābhivyakter abhivyakty-antare’ṅgīkṛte’navasthā | na cāntyaḥ asat-kāryāpatteḥ | tasmād asata upādeyasyotpatti-hetutve nārthavattvaṁ vyāpārasyety asattvād evopādānāt bhinnam upādeyam iti vaiśeṣikādi nayāt pūrva-pakṣe prāpte pariharati—",3
2148,tad ananyatvam ārambhaṇa-śabdādibhyaḥ ||,2
2150,"tasmāt jīva-prakṛti-śakti-yuktāt jagad-upādānāt brahmaṇaḥ ananyad evopādeyaṁ jagat | kutaḥ ? ārambhaneti | ārambhaṇa-śabda ādir yeṣāṁ tebhyo vākyebhyaḥ | vācārambhaṇaṁ vikāro nāma-dheyaṁ mṛttikety eva satyam [chā.u. 6.1.4], sad eva saumyedam agra āsīd ekam evādvitīyam [chā.u. 6.2.1], tad aikṣata bahu syāṁ prajāyeya [chā.u. 6.2.3], san-mūlāḥ saumyemāḥ prajāḥ sadāyatanāḥ sat pratiṣṭhāḥ [chā.u. 6.8.6], aitadātmyam idaṁ sarvam [chā.u. 6.8.1] ity evaṁ-vidhāni chāndogye vākyāni sāntarāṇy apy atra vivakṣitāni | tāni hi cij-jaḍātmakasya jagatas tad-yuktāt parasmāt brahmaṇo’nanyatvaṁ vadanti | tathā hi kṛtsnaṁ jagat tādṛg brahmopādānakam ato brahmābhinnam iti hṛdi viniścityopādāna-bhūta-brahma-vijñānenopādeyasya jagataḥ kṛtsnasya vijñānaṁ bhavatīty ācāryaḥ pratijajñe | stabdho’syuta tam ādeśam aprākṣyaḥ yenāśrutaṁ śrutaṁ bhavati ity ādinā | tad-āśayam aviduṣā śiṣyeṇānya-jñānād anya-jñānam na sambhavatīti vimṛśya, kathaṁ nu bhagavaḥ sa ādeśa iti paripṛṣṭaḥ sa jagato brahmopādānakatāṁ vadiṣyan loka-pratīti-siddham upādeyasyopādānābhedaṁ darśayati yathā saumyaikena mṛt-piṇḍenety ādinā | ekasmād eva mṛt-piṇḍopādānāt jātaṁ ghaṭādi sarvaṁ tenaiva vijñāntena vijñānaṁ syāt tasya tato’natirekāt | evam ādeśe brahmaṇi sarvopādāne vijñāte tad upādeyaṁ kṛtsnaṁ jagat vijñātaṁ bhavatīti tatrārthaḥ |",15
2152,"nanu dhī-śabdādi-bhedād upādeyam upādānād anyat syād iti cet tatrāha vācārambhaṇam iti | ārabhyata ity ārambhaṇaṁ karmaṇi lyuṭ, kṛtya-lyuṭo bahulam iti smaraṇāt | mṛt-piṇḍasya kambu-grīvādi-rūpa-saṁsthāna-sambandhe sati vikāra iti nāma-dheyam ārabdhaṁ vyavahartṛbhiḥ | kim-arthaṁ ? tatrāha—vāceti | vācā vāk-pūrvakeṇa vyavahāreṇa hetunā | phala-hetutva-vivakṣayā tṛtīyā | ghaṭena jalam ānayety ādi vāk-pūrvaka-vyavahāra-siddhy-arthaṁ mṛd-dravyam eva jñāna-saṁsthāna-viśeṣaṁ sat ghaṭādi-nāma-bhāgyavati | tasya ghaṭādyavasyāpi mṛttikety eva nāma-dheyaṁ satyaṁ prāmāṇikyam | tataś ca ghaṭādy api mṛd dravyam ity eva satyaṁ, na tu dravyāntaram iti | atas tasyaiva mṛd-dravyasya saṁsthānāntara-yoga-mātreṇa dhī-śabdāntarādi sambhavati | yathaikasyaiva caitrasyāvasthā-viśeṣa-sambandhāt bāla-yuvādi-dhī-śabdāntarādi sambhavati mṛd-ādy-upādāne tādātmyena sad eva ghaṭādi-daṇḍādinā nimittenābhivyajyate na tv asad utpadyate ity abhinnam eva upādeyam upādānāt | bhede kilonmānad vaiguṇyāpattiḥ | mṛt-piṇḍasya gurutvam ekaṁ ghaṭādeś caikam iti tulārohe dvi-guṇaṁ tat syāt | evam anyac ca | na tu śukti-rūpyādivad vivarto na ca śukteḥ sakāśāt svato’nyatra siddhaṁ rūpyam iva bhinnam ity eva-kārāt | evam iti śabdānarthakyaṁ kaṣṭa-kalpanaṁ ca nirastam | na cābhivyakti-pakṣasya nirmūlatvaṁ śakyaṁ vaktuṁ, ",3
2154,kalpānte kāla-sṛṣṭena yo’ndhena tamasāvṛtam |,2
2155,abhivyanak jagad idaṁ svayaṁ-rociḥ svarociṣe ||,2
2161,nanu utpatteḥ svayam utpatti-rūpatvāt kim utpatty-antara-kalpanayeti cet samam etad abhivyaktau iti hi vaktavyam ||14||,3
2163,"rpc : 6.4.25, 7.6.10, 7.9.19, 7.9.47, 8.3.3, 10.85.4, 1.5.20, 11.5.27, 10.16.37, 10.46.33, 10.84.22.",2
2170,bhāve copalabdhe ||,2
2175,"hds : 3.21.19, 10.87.15.",2
2179,satvāc cāvarasya ||,2
2181,avara-kālikasyopādeyasya prāg api tādātmyenopādāne sattvāt tasmād ananyat tat | śrutiś ca—sad va saumyedam agra āsīt [chā.u. 6.2.1] ity ādyā | smṛtiś ca—,3
2183,brīhi-bīje yathā mūlaṁ nālaṁ putrāṅkurau tathā |,2
2184,kāṇḍaṁ kośas tu puṣpaṁ ca kṣīraṁ tadvac ca taṇḍulaḥ ||,2
2185,tuṣāḥ kaṇāś ca santo vai yāntyāvirbhāvam ātmanaḥ |,2
2186,praroha-hetu-sāmagrīm āsādya muni-sattama ||,2
2187,tathā karma-svanekeṣu devādyāḥ samavasthitāḥ |,2
2188,viṣṇu-śaktiṁ samāsādya praroham upayānti vai || [vi.pu. 2.7.37-39] iti |,2
2192,"rpc : 3.26.19, 7.9.46.",2
2193,hds : 10.87.26.,2
2197,"asad vyapadeśān neti cen na, dharmāntareṇa vākya-śeṣāt ||",2
2199,"syād etat asad vā idam agra āsīt [tai.u. 2.6.1] iti pūrvam asattva-śravaṇād upādāne upādeyasya sattvaṁ nāstheyam iti cet, na | yad ayam asad-vyapadeśo na bhavad-abhimatena tucchatvena, kintudharmāntareṇaiva saṅgacchate | ekasyaiva dravyasya upādeyopādānobhayāvasthasya sthaulyaṁ saukṣmyaṁ cety avasthātmakaṁ dharma-dvayaṁ sad-asac-chabda-bodhyam | tatra sthaulyād dharmād anyat saukṣmyaṁ dharmāntaraṁ teneti | evaṁ kutaḥ ? vākya-śeṣāt | tadātmānaṁ svayam akuruta [tai.u. 2.6.1] iti vākya-śeṣeṇa sandigdhārthasyopakrama-vākyasya tathaiva vyākartum ucitatvāt | anyathāsīd atyātmānam akuruteti ca virudhyeta | asataḥ kālena sahāsambandhāt ātmābhāvena kartṛtvasya vaktum aśakyatvāc ca ||17||",5
2201,"rpc : 7.9.30, 2.7.46.",2
2202,hds : 10.87.28.,2
2208,yukteḥ śabdāntarāc ca ||,2
2210,"mṛt-piṇḍasya kambu-grīvādy-ākāra-yogo ghaṭo’stīti vyavahārasya hetuḥ | tad-virodhi-kapālādy-avasthāntara-yogas tu ghaṭo nāstīti vyavahārasya | smṛtir apy evam evābhidhatte—mṛdi ghaṭatvaṁ ghaṭataḥ kapālikā kapālikāc cūrṇa-rajas tato’ṇur iti | etāvataiva ghaṭādy-abhāva-vyavahāra-siddhes tad anyaḥ sa na kalpyate, tat na copalabhyata iti yuktiḥ | asac-chabdasya pūrvatrodāhṛtatvāt | tato’nyaḥ sac-chabdaḥ | śabdāntaraṁ sad eva saumyedam iti | evaṁ ca yukti-sac-chabdābhyām asat sūkṣmam ity evārthaḥ, na tu śaśa-viṣāṇādivan nirūpākhyam iti | upamṛdita-viśeṣaṁ jagat parama-sūkṣmam eva brahmaṇi vilīnaṁ tadānīṁ saukṣmyād asad ity ucyate | tasmād utpatteḥ prāg apy upādāna-vapuṣā sattvāt tad-abhinnam evopādeyam iti siddham | yac ca nāsad utpadyate asambhavāt, nāpi sat-kāraka-vyāpāra-vaiyarthyāt, kintu anirvācyam evety āha—tan mandaṁ sad asad vilakṣaṇatāyā durupapādanatvāt ||18||",3
2212,"rpc : 10.87.25, 12.8.43, 11.12.18.",2
2213,hds : 10.87.37.,2
2219,paṭavac ca ||,2
2223,"rpc : 11.12.19, 10.15.36, 6.3.12.",2
2224,"hds : 6.3.12, 10.15.35. ",4
2228,yathā ca prāṇādiḥ ||,2
2232,oṁ namo vāsudevāya tasmai bhagavate sadā | ,2
2233,vyatiriktaṁ na yasyāsti vyatirikto’khilasya yaḥ || [vi.pu. 1.19.78] ity ādi smṛteḥ ||20||,2
2235,rpc : 5.11.14.,2
2236,"hds : 10.87.29, 10.46.43.",2
2244,prakṛtiś ca pratijñety asminn adhikaraṇe jagad upādānatvaṁ jagan nimittatvaṁ brahmaṇo nirūpitam | tatrādyam upakṣiptān doṣān parihṛtya dṛḍhīkṛtaṁ dṛśyate tv ity ādibhiḥ | athāntimaṁ vākyāntarāt pratītam api jīva-kartṛtva-pakṣaṁ saṇdūṣya dṛḍhīkriyate | tathā hi kartāram īśam ity ādi śruter īśvaro jagat-kartrety eke | jīvād bhavanti bhūtānīty ādi śruter adṛṣṭa-yojaj jīvas tat-karteti tv itare | tatheśvarasya tat-kartṛtven pūrṇatādi-virodhāpatter jīvasyaiva tad iti vadanti | dvividha-vākyopalambhād anirmayo vā syād ity evaṁ prāpte—,3
2246,itara-vyapadeśād dhitākaraṇādi-doṣa-prasaktiḥ ||,2
2250,"rpc : 7.9.39, 3.26.6-7.",2
2251,hds : 11.4.2-4.,2
2260,adhikaṁ tu bheda-nirdeśāt ||,2
2265,nīśayā śocati muhyamānaḥ |,3
2267,asya mahimānam iti vīta-śokaḥ || [mu.u. 3.1.2],4
2274,yo loka-trayam āviśya bibharty avyaya īśvaraḥ || [gītā 15.16-17] iti |,3
2277,paśyanti sūrayaḥ śuddhaṁ tad viṣṇoḥ paramaṁ padam || [vi.pu. 1.2.16],3
2282,rūpāntaraṁ tad dvija kāla-saṁjñam || [vi.pu. 1.2.24] iti |,3
2285,na yujyate sadātma-sthair yathā buddhis tad-āśrayā || [bhā.pu. 1.11.39] iti ca |,3
2292,"hds : 	11.6.15, 11.6.17, 1.11.38.",2
2296,aśmādivac ca tad-anupapattiḥ ||,2
2298,cetanasyāpi jīvasyāśmakāṣṭha-loṣṭravad asvātantryāt svataḥ kartṛtvānupapattiḥ | antaḥ praviṣṭaḥ śāstā janānām [tai.ā. 3.11.10] ity ādi śruteḥ | īśvaraḥ sarva-bhūtānāṁ [gītā 18.61] ity ādi smṛteś ca ||23||,5
2300,"rpc : 6.4.18, 7.3.27.",2
2301,hds : 10.87.30.,2
2305,upasaṁhāra-darśanān neti cen na kṣīravad dhi ||,2
2307,"nanu nāśādivad akartṛtvaṁ jīvasya tasyaiva kāryopasaṁhāra-darśanāt | sa hi yat kāryam ārabhate tat samāpayatīti dṛṣṭam | na cāyaṁ bhramaḥ bādhakābhāvāt | nanv astu jīvaḥ kartā sa ceśādhīna iti cet, na | īśvaraḥ khalv anupalabhyamāno’pi kalpyaḥ sa ca preraka it gauravāt | tasmāt jīvasyaiva karma-dvārakaṁ kartṛtvaṁ, na tv īśasyeti cet, na | kutaḥ ? kṣīravad dhi | hi yataḥ jīve kāryopasaṁhāraḥ kṣīravat pravartate | tṛtyāntāt vatiḥ | tena tulya-kriyā et vatiḥ iti sūtrāt | yathā,",3
2309,gavi dṛśyamānam api kṣīraṁ prāṇād eva jāyate | ,2
2310,"annaṁ rasādi-rūpeṇa prāṇaḥ pariṇamayaty asau || iti smṛteḥ,",2
2312,tathā jīve dṛśyamāṇo’pi so’svātantryāt pareśād evety arthaḥ | vakṣyati caivaṁ—parāt tu tat śruteḥ [ve.sū. 2.3.39] iti ||24||,3
2314,"rpc : 10.85.4, 1.10.24, 1.5.6.",2
2315,hds : 10.16.42.,2
2321,devādivad iti loke ||,2
2325,"rpc : 3.23.11-15, 9.6.39-40.",2
2332,kṛtsna-prasaktir niravayava-śabda-vyākopo vā ||,2
2334,"jīva-kartṛtvādinā jīva-svarūpasya niraṁśatvāt kṛtsnasya tasya sarvasmin kārye prasaktir vācyā | na ca sā śakyā vaktum agulyādinā tṛṇottolanādau tad-ananubhavāt | kṛtsnena svarūpeṇa pravṛttiḥ khalu kṛtsna-sāmarthyāpekṣāṁ karoti | sā yathā gurutara-dṛṣad-utthāpane syāt na tathā trṇotthāpane sāmarthyāṁśānubhavāt | na ca svarūpāṁśasya tatra prasaktir vācyā | jīva-svarūpasya niraṁśatvāt | svīkṛte tv aṁśe niraṁśatva-śruti-vyākopaḥ, eṣo’ṇur ātmā ity ādi vākya-bādha ity arthaḥ | jīvān bhavanti bhūtāni ity ādi vākyaṁ tu brahma-paramevety uktaṁ prāk | tasmāt mando jīva-kartṛtva-pakṣaḥ ||26||",5
2337,"hds : 6.16.8-9, 6.16.24.",2
2347,śrutes tu śabda-mūlatvāt ||,2
2349,"śaṅkā-cchedāya tu-śabdaḥ | upasaṁhāra-sūtrān nety anuvartate | brahma-kartṛtva-pakṣe loka-dṛṣṭā doṣā na syuḥ | kutaḥ ? śruteḥ | alaukikam acintyaṁ jñānātmakam api mūrtaṁ jñānavac caikam eva bahudhāvabhātaṁ ca, niraṁśam api sāṁśaṁ ca, mitam apy amitaṁ ca, sarva-kartṛ nirvikāraṁ ca brahma iti śravaṇād evety arthaḥ | tathā hi—bṛhac ca tad-divyam acintya-rūpam iti muṇḍake alaukikatvādi śrutam | tam ekaṁ govindaṁ sac-cid-ānanda-vigraham [go.tā.u. 1.33], barhāpīḍābhirāmāya rāmayākuṇṭha-medhase [go.tā.u. 1.36], eko’pi san bahudhā yo vibhāti [go.tā.u. 1.19] iti gopālopaniṣadi jñānātmakatvād iti | amātro’nanta-mātraś ca dvaitasyopaśamaḥ śivaḥ iti māṇḍūkyopaniṣadi niraṁśatve’pi sāṁśatvam | āsīno dūraṁ vrajati śayāno yāti sarvataḥ [ka.u. 1.2.21] iti kāṭhake mitatve’py amitatvaṁ ca | dyāv-ābhūmī janayan deva ekaḥ [śve.u. 3.3], eṣa devo viśva-karmā mahātmā [śve.u. 4.17], sa viśva-kṛd viśva-vid ātma-yonir [śve.u. 6.16], niṣkalaṁ niṣkriyaṁ śāntaṁ niravadyaṁ nirañjanam [śve.u. 6.19] iti śvetāśvatara-śrutau sarva-kartṛtve’pi nirvikāratvaṁ cety etat sarvaṁ śruty-anusāreṇaiva svīkāryaṁ, na tu kevalayā yuktyā pratividheyam iti | ",21
2351,"nanu śrutyāpi bādhitārthakaṁ kathaṁ bodhanīyam ? tatrāha—śabdeti | avicintyārthasya śabdaika-pramāṇatvād ity arthaḥ | tādṛśe maṇi-mantrādau dṛṣṭaṁ hy etat prakṛte kaimutyam āpādayati | idam atra niṣkṛṣṭam | pratyakṣānumāna-śabdāḥ pramāṇāni bhavanti | pratyakṣaṁ tāvat vyabhicāri dṛṣṭaṁ māyā-muṇḍāvaloke caitrasyedaṁ muṇḍam ity ādau | vṛṣṭyā tat-kāla-nirvāpita-vahnau ciram adhika-dvitvara-dhūme parvate vahnimān dhūmād ity anumānaṁ ca | āpta-vākya-lakṣaṇaḥ śabdas tu na kvāpi vyabhicarati himālaye himaṁ, ratnālaye ratnam ity ādiḥ | sa hi tad-anugrāhī tan-nirapekṣas tad-avagamye sādhakatamaś ca | dṛṣṭa-cara-māyā-muṇḍasya puṁso bhrāntyā satye’py aviśvaste tad evedam ity ākāśa-vāṇy-ādau | “are śītārtāḥ pānthā māsmin vahniṁ sambhāvayata dṛṣṭam asmābhiḥ sa idānīṁ vṛṣṭyaiva nirvāṇaḥ | kintv amuṣmin dhūmodgāriṇi girau sa dṛśyate” ity ādau ca tad-ubhayānugrāhitā | maṇi-kaṇṭhas tvam asīty ādau tan-nirapekṣatā, tad-avagamye graha-ceṣṭādau sādhakatamatā ceti śabdasya sarvataḥ śraiṣṭhye sthite brahma-bodhakas tu śruti-śabda eva | nāvedavin manute taṁ bṛhantam ity ādi śravaṇāt | svataḥ-siddhatvena nirdoṣatvāc ceti ||27||",3
2353,"rpc : 2.6.17-18, 1.8.15, 6.9.31, 6.9.33, 10.87.24.",2
2360,ātmani caivaṁ vicitrāś ca hi ||,2
2365,hds : 4.9.16.,2
2371,sva-pakṣe doṣāc ca ||,2
2376,hds : 6.4.30.,2
2384,"atha vidhāntarair āśaṅkya samādadhati āvaiṣamyādhikaraṇam | brahmaṇaḥ kartṛtvaṁ yujyate na veti saṁśaye satyaṁ jñānam anantaṁ brahma, sad eva somyedam agra āsīt ātmā vā idam [chā.u. 6.2.2] ity ādiṣu śakty-aśravaṇāt na yujyate | śaktimān eva hi takṣādir vicitra-kāryāya kṣamo vīkṣyate nāśaktimān iti prāpte—",5
2386,sarvopetā ca tad-darśanāt ||,2
2388,"ca-śabdo’vadhāraṇe | sarvāsāṁ śaktīnām upetā prāptāsāv ātmā | tṛc pratyayaḥ | sarva-śakti-viśiṣṭa eva paramātmā | kutaḥ ? tad-darśanāt | devātma-śaktiṁ sva-guṇair nigūḍhāṁ [śve.u. 1.3], ya eko’varṇo bahudhā śakti-yogāt [śve.u. 4.1], parāsya śaktir vividhaiva śrūyate [śve.u. 6.8] ity ādi śrutiṣu tathā-darśanāt | viṣṇu-śaktiḥ parā proktā ity ādikā smṛtis tūktā | acintyāś caitāḥ | apāṇi-pādo’ham acintya-śaktiḥ, ātmeśvaro’tarkya-sahasra-śaktiḥ ity ādi smṛtibhyaḥ | tathā cāvicintya-śakti-yogāt brahmaṇaḥ kartṛtvaṁ yujyata eveti | satyam ity ādiṣu svarūpaṁ parāmṛṣṭam | devātmety ādiṣu tu tasya śaktaya iti | tasmād śaktimad eva brahma-svarūpam | ata eva tatra tatra so’kāmayata ity ādinā tad aikṣata ity ādinā ca tasyaiva saṅkalpādayo nirūpitāḥ | ubhayeṣāṁ vākyānāṁ prāmāṇye’viśeṣaḥ śrutitvāviśeṣāt ||30||",15
2390,"rpc : 10.16.36, 11.3.38, 6.4.23.",2
2391,"hds : 3.33.3, 3.2.21, 2.4.10.",2
2400,apāṇi-pādo javano grahītā,2
2401,paśyaty acakṣuḥ sa śṛṇoty akarṇaḥ |,2
2402,sa vetti vedyaṁ na ca tasyāsti vettā,2
2403,tam āhur agryaṁ puruṣaṁ mahāntam || [śve.u. 3.19 || iti | ,2
2407,vikaraṇatvān neti cet tad uktam ||,2
2411,tam īśvarāṇāṁ paramaṁ maheśvaraṁ,2
2412,taṁ devatānāṁ paramaṁ ca daivatam |,2
2413,patiṁ patīnāṁ paramaṁ parastād,2
2414,vidāma devaṁ bhuvaneśam īḍyam ||,2
2416,na tasya kāryaṁ karaṇaṁ ca vidyate,2
2417,na tat-samaś cābhyadhikaś ca dṛśyate |,2
2418,parāsya śaktir vividhaiva śrūyate,2
2419,svābhāvikī jñāna-bala-kriyā ca || ,2
2421,na tasya kaścit patir asti loke,2
2422,na ceśitā naiva ca tasya liṅgam |,2
2423,sa kāraṇaṁ karaṇādhipādhipo,2
2424,na cāsya kaścij janitā na cādhipaḥ || [śve.u. 6.7-9 || iti | ,2
2428,sarvataḥ pāṇi-pādaṁ tat sarvato’kṣi-śiro-mukham |,2
2429,sarvataḥ śrutimal loke sarvam āvṛtya tiṣṭhati || [śve.u. 3.16 || iti tair eva paṭhitatvāt |,2
2431,aṅgāni yasya sakalendriya-vṛttimanti iti smaraṇāc ca | dṛṣṭaṁ cetthaṁ vanya-bhojanāvasare | etat-pakṣe tasya na kiṁcit kāryaṁ sādhyam asti pūrṇatvāt | ataḥ karuṇaṁ vidhānaṁ ca na samānam anyat ||31||,2
2433,"rpc : 10.13.6, 10.43.14, 10.50.34, 10.50.41, 10.33.3, 10.80.8.",2
2434,hds : 10.87.28.,2
2442,na prayojanavatvāt ||,2
2455,lokavat tu līlā-kaivalyam || ,2
2457,śaṅkā-cchedāya tu-śabdaḥ | paripūrṇasyāpi vicitra-sṛṣṭau pravṛttir līlaiva kevalā na tu sva-phalānusandhi-pūrvikā | atra dṛṣṭānto loketi | ṣaṣṭhy-antāt vatiḥ | lokasya sukhonmattasya yathā sukhodrekāt phala-nirapekṣā nṛtyādi-līlā dṛśyate tatheśvarasya | tasmāt svarūpānanda-svābhāvikyena līlā | devasyaiva svabhāvo’yam ātma-kāmasya kā spṛhā iti maṇḍūka-śruteḥ | ,3
2459,sṛṣṭy-ādikaṁ harir naiva prayojanam apekṣya tu |,2
2460,kurute kevalānandād yathā mattasya nartanam ||,2
2461,pūrṇānandasya tasyeha prayojana-matiḥ kutaḥ |,2
2462,muktā avyāpta-kāmāḥ syuḥ kim utāsy akhilātmanaḥ || iti smaraṇāt |,2
2466,"rpc : 8.22.20, 11.29.7, 10.2.39, 1.9.29, 6.9.39, 3.7.2-3, 3.7.9, 3.5.24, 11.3.3, 3.7.14, 2.10.44.",2
2467,"hds : 3.7.2-3, 10.14.21.",2
2476,vaiṣamya-nairghṛṇye na sāpekṣatvāt tathā hi darśayati ||,2
2478,brahmaṇi kartari vaiṣamyaṁ nairghṛṇyaṁ ca doṣo na | kutaḥ ? sāpekṣatvāt | sraṣṭuḥ karmāpekṣitvāt | pramāṇam āha tathā hīti | eṣa eva sādhu-karma kārayati taṁ yamebhyo lokebhya unninīṣate | eṣa evāsādhu karma kārayati taṁ yam adho ninīyate || iti bṛhad-āraṇyaka-śrutiḥ | kṣetrajñānāṁ devādi-bhāva-prāptim īśvara-nimittāṁ darśayantī madhye karma parāmṛtśatīty arthaḥ ||34||,3
2480,"rpc : 10.46.28, 8.23.6, 10.38.21, 10.72.6.",2
2481,"hds : 10.24.13, 10.24.17.",2
2488,na karmāvibhāgād iti cen nānāditvāt ||,2
2492,puṇya-pāpādikaṁ viṣṇuḥ kārayet pūrva-karmaṇā |,2
2493,anāditvāt karmaṇaś ca na virodhaḥ kathañcana || iti |,2
2498,"hds : 2.5.17-18, 2.5.20-21.",2
2508,upapadyate cābhyupalabhyate ca ||,2
2510,"bhakta-vatsalasyāsya prabhos tat-pakṣapāto vaiṣamyam eva tad upapadyate sidhyati | tad-rakṣaṇādeḥ svarūpa-śakti-vṛtti-bhūta-bhakti-sāpekṣatvāt | na ca nirdoṣatā-vādi-vākya-vyākopaḥ | tad-rūpasya vaiṣamyasya guṇatvena stūyamānatvāt | guṇa-vṛndam añjanam idam ity api śrutir āha | yad vinā sarve guṇā janebhyo’rocamānāḥ pravartakā na syuḥ | upalabhyate caitat śrutiṣu ca | yam evaiṣa vṛṇute tena labhyas tasyaiva ātmā vivṛṇute tanuṁ svām [ka.u. 1.2.22] ity ādyāḥ śrutayaḥ | priyo hi jñānino’tyartham ahaṁ sa ca mama priyaḥ [gītā 7.14], ",9
2512,samo’haṁ sarva-bhūteṣu na me dveṣyo’sti na priyaḥ | ,2
2513,ye bhajanti tu māṁ bhaktyā mayi te teṣu cāpy aham || ,3
2514,api cet sudurācāro bhajate mām ananya-bhāk |,4
2515,sādhur eva sa mantavyaḥ samyag vyavasito hi saḥ ||,2
2516,kṣipraṁ bhavati dharmātmā śaśvac-chāntiṁ nigacchati |,2
2517,kaunteya pratijānīhi na me bhaktaḥ praṇaśyati || [gītā 9.29-31] ,2
2521,"rpc : 3.6.3, 2.10.12, 2.5.14.",2
2522,"hds : 9.4.63-64, 9.4.66, 9.4.68.",2
2529,sarva-dharmopapatteś ca ||,2
2533,aiśvarya-yogāt bhagavān viruddhārtho’bhidhīyate |,2
2534,tathāpi doṣāḥ parame naivāhāryāḥ kathañcana ||,2
2535,guṇā viruddhā apy ete samāhāryāḥ samantataḥ || [kū.pu.] iti |,2
2539,"rpc : 8.23.6, 10.38.21, 10.46.28, 10.72.6, 12.8.43, 10.16.39, 10.16.36.",2
2540,"hds : 8.17.9, 10.16.33-34.",2
2558,mūla-prakṛtir avikṛtir mahad-ādyāḥ prakṛti-vikṛtayaḥ sapta |,2
2559,ṣoḍaśakaś ca vikāro na prakṛtir na vikṛtiḥ puruṣaḥ || iti |,2
2563,racanānupapatteś ca nānumānam ||,2
2572,pravṛtteś ca ||,2
2579,hds : 7.9.30.,2
2585,payo’mbuvac cet tatrāpi ||,2
2589,"rpc : 7.6.20-21, 8.3.3, 10.85.4, 11.2.39.",2
2590,hds : 7.9.30.,2
2594,vyatirekānavasthiteś cānapekṣatvāt ||,2
2599,hds : 7.1.6,2
2605,anyatrābhāvāc ca na tṛṇādivat ||,2
2616,abhyupagame’py arthābhāvāt ||,2
2618,"caturṣu nety anuvartate | puruṣo māṁ bhuktvā mad-doṣān anubhūya mad-audāsīnya-lakṣaṇaṁ mokṣaṁ prāpsyati iti tad-bhogāpavargārthāṁ pradhāna-pravṛttiṁ manyate | pradhāna-pravṛttiḥ parārthā svato’py abhoktṛtvād uṣṭra-kuṅkuma-vahanavad iti | akartāpi puruṣo bhokteti ca manyate | akartur api phalopabhogo’nnādavad iti | saiṣā pravṛttir na yuktā mantum | kutaḥ ? tasyā svīkāre phalābhāvāt | puruṣasya prakṛti-darśana-rūpo bhogas tad-audāsīnya-rūpo mokṣaś ca pravṛtteḥ phalam | tatra bhogas tāvan na sambhavati | pravṛtteḥ prākcaitanya-mātrasya nirvikārasyākartuḥ puruṣasya tad-darśana-rūpa-vikārāyogāt | na cāpavargaḥ | prāg api pravṛttes tasya siddhatvena tad-vaiyarthyāt | sannidhi-mātrasya bhoga-hetutve tu muktānāṁ tad-āpattiḥ, tasya nityatvāt ||6||",3
2620,rpc : 10.87.34.,2
2627,puruṣāśmavad iti cet tathāpi ||,2
2632,"hds : 11.6.16, 7.5.14",2
2638,aṅgitvānupapatteś ca ||,2
2640,"sattvādīnāṁ sāmyenāvasthitiḥ pradhānāvasthā | tasyā ca nirapekṣa-svarūpāṇāṁ teṣāṁ kasyacid ekasyāṅgitvaṁ nopapadyate, itarayos tat-samatvena guṇībhāvāsambhavāt | tathā ca guṇānām aṅgāṅgi-bhāvāsiddhiḥ | na ceśvaraḥ kālo vā tat-kṛt asvīkārāt | yathāha kapilaḥ—īśvarāsiddheḥ mukta-baddhayor anyatarābhāvān na tat-siddhir iti | dik-kālāvakāśādibhya iti ca | na ca puruṣas tat-kṛt tasya tatraudāsīnyāt | tathā ca guṇa-vaiṣamya-hetukaḥ sargo neti | kiṁ caivaṁ hetv-abhāvāt pratisarge’pi te vaiṣamyaṁ bhajeran | ādi-sarge tu na bhajerann iti ||8||",3
2643,hds : 11.6.17.,2
2649,anyathānumitau ca jña-śakti-viyogāt ||,2
2654,hds : 1.1.1.,2
2660,vipratiṣedhāc cāsamañjasam ||,2
2662,"pūrvottara-virodhāc cedaṁ kapila-darśanam asamañjasam | niḥśreyasa-kāmair heyam ity arthaḥ | tathā hi, prakṛteḥ pārārthyād dṛśyatvāc ca tasyā bhoktā draṣṭādhiṣṭhātā ca puruṣa iti śarīrādi-vyatiriktaḥ pumān, saṁhata-parārthatvāt ity ādibhir abhyupagamya tasya punar nirvikāra-nirdharmaka-caitanyatva-kartṛtva-śūnyatvaṁ kaivalya-rūpatvaṁ cābhihitam | jaḍa-prakāśa-yogāt prakāśaḥ, nirguṇatvān na cid-dharmā ity ādibhiḥ | guṇāviveka-vivekau puṁsau bandha-mokṣau svīkṛtya tau punar guṇānām eva, na tu puṁsa ity uktam | naikāntato bandha-mokṣau puruṣasyāvivekād ṛte, prakṛter āñjasyāt sasaṅgatvāt paśuvat ity evam ādayo’neke vipratiṣedhās tat-smṛtāv eva mṛgyāḥ ||10||",7
2665,"hds : 7.9.49, 11.11.1",2
2678,mahad dīrghavad vā hrasva-parimaṇḍalābhyām ||,2
2682,"rpc : 5.12.9, 5.12.11, 10.87.21.",2
2683,"hds : 3.11.1-2, 3.11.41-42, 5.12.9",2
2689,ubhayathāpi na karmātas tad-abhāvaḥ ||,2
2694,hds : 6.16.26.,2
2698,samavāyābhyupagamāc ca sāmyād anavasthiteḥ ||,2
2709,nityam eva ca bhāvāt ||,2
2718,rūpādimatvāc ca viparyayo darśanāt ||,2
2722,rpc : 5.12.9-10,2
2727,ubhayathā ca doṣāt ||,2
2736,aparigrahāc cātyantam anapekṣā ||,2
2741,hds : 6.16.10,2
2752,samudāya ubhaya-hetuke’pi tad-aprāptiḥ ||,2
2757,"hds: 6.16.9, 6.16.6, 6.16.8.",2
2763,itaretara-pratyayatvād iti cen notpatti-mātra-nimittatvāt ||,3
2768,hds: 11.22.37.,2
2775,uttarotpāde ca pūrva-nirodhāt ||,2
2780,hds: 6.16.9.,2
2787,asati pratijñoparodho yaugapadyam anyathā ||,2
2792,hds: 11.16.11.,2
2798,pratisaṅkhyāpratisaṅkhyā-nirodhā prāptir avicchedāt ||,2
2800,bhāvānāṁ dhī-pūrvako dhvaṁsaḥ pratisaṅkhyā-nirodhaḥ | tad-vilakṣaṇas tv apartisaṅkhyā-nirodhaḥ | āvaraṇābhāva-mātram ākāśam | etat trayaṁ nirupakhyaṁ śūnyam iti yāvat | tad anyat sarvaṁ kṣaṇikam | yad uktaṁ—buddhi-bodhyaṁ trayād anyat saṁskṛtaṁ kṣaṇikaṁ ca iti | tatrākāśaṁ paratra nirākariṣyati | nirodhau tāvan nirākaroti pratisaṅkhyeti | etayor nirodhayor aprāptir asambhavaḥ syāt | kutaḥ ? avicchedāt | sato niranvaya-vināśābhāvāt | avasthāntarāpattir eva sato dravyasyotpattir vināśaś ca | avasthāśrayo dravyaṁ tv ekaṁ sthāyīti | na ca dīpa-nāśasya niranvayatva-vīkṣaṇād anyatrāpi tathāstv iti vācyam avasthāntarāpatter evānyatra nāśatve niścite dīpe’pi tasyā eva tattvena niśceyatvāt | anupalambhas tv atisaukṣmyād eva | sad-vastuno niranyayaś ced vināśas tarhi kṣaṇāntaraṁ viśvaṁ nirūpākhyaṁ paśyes tvaṁ ca na bhaver na caivam asti | tasmād anupapannaḥ saḥ ||22||,3
2803,hds: 10.87.30.,2
2809,ubhayathā ca doṣāt ||,2
2814,"hds: 11.11.6, 10.87.28, 1.8.42.",2
2820,ākāśe cāviśeṣāt ||,2
2824,"rpc: 3.5.32, 3.26.31.",2
2831,anusmṛteś ca ||,2
2835,"rpc: 11.22.56, 11.28.13, 11.22.45-46.",2
2836,hds: 10.85.7,2
2842,nāsato’dṛṣṭatvāt ||,2
2846,rpc: 11.13.24.,2
2847,hds: 6.16.57.,2
2853,udāsīnānām api caivaṁ siddhiḥ ||,2
2858,"hds: 11.11.6, 11.23.54.",2
2872,nābhāva upalabdheḥ ||,2
2876,"nanu jñānānyaś ced ghaṭādis tasya prakāśaḥ kathaṁ jñāne cet, tarhi ekasmin sarvasya prakāśaḥ syāt anyatvāviśeṣād iti cen, na | tad-bhinne’pi tasmin yatra viṣayatākhyaḥ sambandhas tayaiva nānyasyeti vyavasthānāt | pīta-raktādi-viṣayaka-samūhālambanasya viruddha-nānā-pīnādy-ākārāsambhavāc ca | yat tu sahopalambha-niyamād artho jñānātmeti tad asat sāhityasyārtha-bheda-hetukatvāt | tataś ca tayos tan-niyamo hetu-phala-bhāva-nimitto mantavyaḥ | kiṁ ca, bāhyam arthaṁ nirasyatā saugatena tasya pṛthak sattvaṁ svīkṛtam | yat-tad-antar jñeyaṁ rūpaṁ tad bahirvad avabhāsate iti tad-ukteḥ | anyathā vat karaṇāsambhavaḥ | na hi bandhyā-putravad iti kaścid ācakṣīta ||28||",3
2878,rpc: 11.13.23.,2
2879,hds: 11.11.4.,2
2885,vaidharmyāc ca na svapnādivad ||,2
2887,"ca-śabdo’vadhāraṇe | svapne manorathe ca yathā ghaṭādy-arthākāraka-jñāna-mātra-siddho vyavahāraḥ, tathā jāgare’pi bhaved ity etan na sambhavati | kutaḥ ? vaidharmyāt | svapna-jāgara-prāptayor vastunor asādharmyād eva | svapne khalv anubhūtaṁ smaryate, jāgare tu pratyakṣeṇānubhūyate | svapnopalabdhaṁ kṣaṇa-dvaya-mātreṇānyad anyad bhavati bādhitaṁ ca bodhe | jāgaropalabdhaṁ tu varṣa-śatānantaram api tad-dharmakam abādhitaṁ ceti | kiṁ ca, svapne’nubhūtaṁ smaryata iti pratyukti-mātraṁ bodhyam | sva-mataṁ tu sva-mātrānubhāvyaṁ tāvan-mātra-samayaṁ vastu svapne pareśaḥ sṛjatīti | sandhye sṛṣṭir āha hi ity ādinā vakṣyate ||29||",3
2889,"rpc: 11.28.15, 3.7.10.",2
2890,hds: 11.12.37,2
2896,na bhāvo’nupalabdhe ||,2
2901,hds: 3.27.4,2
2907,kṣaṇikatvāc ca ||,2
2911,"rpc: 11.13.31, 3.26.3.",2
2912,hds: 4.29.79.,2
2918,sarvathānupapatteś ca ||,2
2922,"rpc: 9.9.40, 10.87.25, 10.16.39, 10.16.36, 8.3.22, 8.3.24,",2
2923,hds: 1.2.11.,2
2925, —o)0(o—,5
2936,naikasminn asambhavāt ||,2
2941,hds: 6.4.32.,2
2947,evaṁ cātmākārtsnyam ||,2
2950,"rpc: 11.3.39, 10.54.44.",2
2951,hds: 5.11.12.,2
2955,na ca paryāyād apy avirodho vikārādibhyaḥ ||,2
2959,rpc: 10.54.45-46.,2
2960,hds: 11.3.38,2
2966,antyāvasthiteś cobhaya-nityatvād aviśeṣāt ||,2
2971,"hds: 6.16.6, 6.16.9.",2
2980,patyur asāmañjasyāt ||,2
2984,tad āhur—eko ha vai nārāyaṇa āsīn na brahmā neśāno nāpo nāgnīṣomau neme dyāv-āpṛthivī na nakṣatrāṇi na sūryo na candramāḥ | sa ekākī na ramate | tasya dhyānāntaḥ-sthasya yajña-stomam ucyate | tasmin puruṣāś caturdaśa jāyante | ekā kanyā | daśendriyāṇi mana ekādaśaṁ tejaḥ | dvādaśo’haṅkāraḥ | trayodaśakaḥ prāṇaḥ | caturdaśa ātmā | pañcadaśī buddhiḥ | bhūtāni pañca tan-mātrāṇi | pañca mahā-bhūtāni [mahopaniṣat 1] ity ādi |,10
2988,"atha puruṣo ha vai nārāyaṇo’kāmayata prajāḥ sṛjeya ity ārabhya, nārāyaṇād brahmā jāyate nārāyaṇād rudro jāyate nārāyaṇāt prajāpatiḥ prajāyate nārāyaṇād indro jāyate nārāyaṇād aṣṭau vasavo jāyante nārāyaṇād ekādaśa-rudrā jāyante nārāyaṇād dvādaśādityā jāyante ity ādi | ",4
2991,ahaṁ rudrebhir vasubhiś carāmy ,2
2992,aham ādityair uta viśvadevaiḥ | [ṛgveda 10.125.1],2
2994,yaṁ kāmaye taṁ tam ugraṁ kṛṇomi ,2
2995,taṁ brahmāṇaṁ tam ṛṣiṁ taṁ sumedhām || ,2
2996,ahaṁ rudrāya dhanur ā tanomi ,2
2997,brahma-dviṣe śarave hantavāu | ,2
2998,ahaṁ janāya samadaṁ kṛṇomy,2
2999,ahaṁ dyāv āpṛthivī āviveśa || [ṛgveda 10.125.6-7] ity ādi |,2
3001,"atha yajuḥṣu tam etaṁ vedānvacanena ity ādi | vijñāya prajñāṁ kurvīta, ātmā vā are draṣṭavyaḥ ity ādi ca | smṛtayo’pi vedānusāriṇyo’sakṛd etad-artham āhuḥ | ye tu paśupaty-ādayaḥ śabdāḥ sva-vācyānāṁ sarveśatāṁ sarva-kāraṇatāṁ ca prakāśayantaḥ kvacid upalabhyante, te kila nārāyaṇātmaka-tādṛśa-sva-vācya-vācina eva syur ukta-śruty-avirodhāt | samanvaya-lakṣaṇa-nirṇayāc ceti sarvam avadātam ||37||",5
3010,sambandhānupapatteś ca ||,2
3019,adhiṣṭhānānupapatteś ca ||,2
3023,rpc: 3.10.11.,2
3024,hds: 2.6.31,2
3030,karaṇavac cen na bhogādibhyaḥ ||,2
3034,rpc: 10.87.24.,2
3041,antavatvam asarvajñatā vā ||,2
3046,hds: 2.6.33.,2
3055,utpatty-asambhavāt || ,2
3059,rpc: 10.87.27.,2
3060,hds: 2.6.39.,2
3066,na ca kartuḥ karaṇam || ,2
3068,evaṁ sati dehādi-sambandha-ghaṭitam antavattvaṁ tasya jīvavat syāt asārvajñaṁ ca | n ahi karmādhīnasya sārvajñyatvaṁ yujyate | tathā cāvināśī sarvajñaś cety abhuypagama-kṣatiḥ | na caivaṁ brahma-vāde ko’pi doṣas tasya śruti-mūlatvāt | darśitaṁ cedaṁ śretus tu śabda-mūlatvād ity atra | patīnāṁ svātantryam iha nirastam | tadīyatvena sat-kāras tv aṅgīkriyate | evaṁ ca pāśupatādi-trimatī-parihārārtham eṣā pañca-sūtrī parihāra-hetu-sāmānyāt | ataḥ patyur ity aviśeṣollekhaḥ | tārkikādi-sammateśvara-kāraṇatā-nirāsārthaṁ sety anye ||41||,3
3078,vijñānādi bhāve vā tad-apratiṣedhaḥ ||,2
3083,hds: 2.6.1.,2
3091,vipratiṣedhāc ca ||,2
3095,śrutayaḥ smṛtayaś caiva yuktayaś ceśvaraṁ param |,2
3096,vadanti tad-viruddhaṁ yo vadet tasmān na cādhamaḥ || [pa.pu.] iti hi smṛtiḥ |,2
3100,rpc: 1.5.6.,2
3101,hds: 10.87.50.,2
3118,"pradhānādi-vādānāṁ yuktyābhāsamayatā dvitīye pāde pradarśitā | tṛtīye tu sarveśvarāt tattvānām utpattis tenaiva teṣāṁ vilayo, jīvānāṁ tv anutpattir jñāna-vapuṣāṁ teṣāṁ jñānāśrayatvaṁ paramāṇutā jñāna-dvārā vyāptiḥ kartṛtvaṁ brahmāṁśatā, matsyādy-avatārāṇāṁ sākṣād īśvaratvam adṛṣṭādi-hetukā jīva-vaicitrī cety ayam artha-nicayo virodhi-vākya-parihāreṇopapādyate | iha pradhāna-mahad-ahaṅkāra-tan-mātrendriya-viyad-ādi-rūpeṇa sṛṣṭī-kramaḥ subālādi-śruti-siddho mukhyaḥ | taittirīyādi-krameṇa viyad-āditas tad-vicāras tu visamṁvāda-vināśāyeti spaṣṭam upariṣṭād bhaviṣyati | chāndogye—sad eva saumyedam agra āsīt [chā.u. 6.2.1] ity upakramya, tad aikṣata bahu syāṁ prajāyeyeti tat tejo’sṛjata [chā.u. 6.2.3], tat teja aikṣata bahu syāṁ prajāyeyeti, tad-apo’sṛjata | tā āpa aikṣanta bahvyaḥ syāma prajāyemahīti tā annam asṛjanta [tai.u. 2.1.3] iti paṭhyante | atra tejo’vannāni prajātānīty uktam | iha bhavati vimarśaḥ | viyat prajāyate na veti saṁśaye śruty-abhāvān na prajāyata iti śaṅkate |",9
3120,na viyad aśruteḥ |,2
3124,"rpc: 2.2.28, 11.11.28, 11.15.19.",2
3125,hds: 11.3.3,2
3133,asti tu ||,3
3135,"tu-śabdaḥ śaṅkāpanodanārthaḥ | asty utpattir viyataḥ | chāndogye tasyāśravaṇe’pi tasmād vā etasmād ātmana ākāśaḥ sambhūtaḥ ākāśād vāyur, vāyor agnir, agner āpo’dbhyo mahatī pṛthivīti [tai.u. 2.1] taittirīyake śravaṇāt ||2||",3
3143,gauṇya-sambhavāc chabdāc ca ||,3
3145,"na khalu viyad utpattiḥ sambhāvayitum api śakyā jīvatsu śrīmat-kaṇa-bhakṣākṣa-caraṇa-caraṇopajīviṣu | yā tūtpattiḥ śrutibhir udāhṛtā sā kila, kurv ākāśaṁ jātam ākāśam ity ādi-lokoktivad gauṇī bhaviṣyati | kutaḥ ? asambhavāt | nahi nirākārasya vibhor viyataḥ sambhaved utpattiḥ kāraṇa-sāmagrī-virahāc chabdāc ca | vāyuś cāntarīkṣaṁ caitad amṛtam iti bṛhad-āraṇyaka-vākyāc ca tasyotpattir nāstīti mantavyam ||3||
",5
3147,hds: 11.3.3,2
3154,syāc caikasya brahma-śabdavat |,2
3156,"yathā bhṛgu-vallyāṁ tapasā brahma vijijñāsasva tapo brahma [tai.u. 3.2.1] ity ekasminn eva vākye ekasyaiva brahma-śabdasya brahma-vijñāna-sādhane tapasi gauṇatvaṁ vijñeye, brahmaṇi tu mukhyatvam | evaṁ sambhūta-śabdasyāpi syāt | tasmāc chāndogyāśravaṇād itaḥ kvācitkī viyad utpatti-śrutir bādhyate ||4||",3
3159,hds: 11.3.14,2
3168,pratijñā-hānir avyatirekāc chabdebhyaḥ |,2
3170,"yenāśrutaṁ śrutaṁ bhavati ity ādi chāndogya-śrutyā kṛtā yā pratijñā tasyā ahāniḥ kṛtsnasyārthasya brahmāvyātirekāt sampadyate | vyatireke tu sati sā vihīyetaiva | tad avyatirekas tu tad-upādānakatva-nibandhanaḥ | tasmād eka-vijñānena sarva-vijñānaṁ pratijānantyā tayā viyad-utpattir aṅgīkṛtā | tathā śabdebhyaś ca, sad eva somyedam agra āsīd ekam evādvitīyam aitadātmyam idaṁ sarvam ity ādibhyas tad-gatebhyaḥ prāk sargād ekatvaṁ paratra tādātmyaṁ ca nirūpayadbhyaḥ sā svīkāryā ||5||",3
3173,hds: 1.2.30-31,2
3179,yāvad-vikāraṁ tu vibhāgo lokavat |,2
3181,"tu-śabdaḥ śaṅkā-prahāṇāya | aitadātmyam idaṁ sarvam ity atra yāvad-vikāraṁ vibhāgo nirūpitaḥ | pradhāna-mahad-ādayo yāvanto vikārāḥ subālādi-śruty-antaroktās teṣāṁ sarveṣām eva vibhāgas tayāpi bodhita ity arthaḥ | dṛṣṭāntam āha—loketi | loke yathaite sarve caitrātmajā ity uktvā teṣu keṣāñcid eva caitrād utpattau kīrtitāyāṁ tasmād eva sarveṣām utpattir viditā syāt tathehāpy aitadātmyam idaṁ sarvam ity anena sarvāṇi pradhāna-mahad-ādīni tattvāni sad-utpannāny uktvā teṣu tejo’b-annānāṁ sata utpattau kīrtitāyāṁ sarveṣāṁ teṣāṁ tasmād utpattir viditā bhavati iti | tathā ca vācakābhāve’py ārthikī viyad-utpattir atra gamyeti | vibhāga utpattiḥ | yat tu gauṇya-sambhavāc chabdāc cety uktaṁ, tan na acintya-śakter utpādaka-sāmagryāḥ śravaṇāt | amṛtatvaṁ tv āpekṣikam evotpatti-vināśa-śravaṇāt | evam anumānāc ca tasyotpatti-vināśau niścinumaḥ | viyad utpadyate bhūtatvāt | vinaśyati cānitya-guṇāśrayatvād agnivad ity ubhayatrānvaya-dṛṣṭāntaḥ | yan naivaṁ tan naivaṁ yathātmety ubhayatra vyatireka-dṛṣṭāntaś ca | etena syāc caikasyety api nirastam | tasmān navyo na vyoma-janmābhyupagamaḥ ||6||",3
3184,hds: 6.4.30,2
3193,etena mātariśvā vyākhyātaḥ |,2
3198,hds: 3.26.35,2
3208,asambhavas tu sato’nupapatteḥ ,2
3212,sa kāraṇaṁ karaṇādhipādhipo,2
3213,na cāsya kaścij janitā na cādhipaḥ || [śve.u. 6.9] iti |,2
3218,hds:,2
3227,tejo’tas tathā hy āha ||,2
3232,hds: 4.25.63,2
3241,āpaḥ ||,2
3243,atas tathāhyāhety anuvartate | āpo’tas tejasa utpadyante | hi yatas tathā śrutir āha | tad apo’sṛjatety agner āpa iti ca | na hi vācanike’rthe nyāyo’vatarati | chāndogye tūpapādikā yuktir api dṛśyate | tasmāt yatra kva ca śocati svedate vā puruṣas tejasa eva tad adhy āpo jāyante iti ||10||,3
3246,"hds: 3.26.47, 4.25.63",2
3254,tā āpa aikṣanta bahvyaḥ syāma prajāyemahīti tā annam asṛjanta [chā.u. 6.2.4] iti vicārāntaram | kim anenānna-śabdena yavādikaṁ grāhyaṁ kiṁ vā pṛthivīti | tasmāt yatra kvacana varṣati tad eva bhūyiṣṭham annaṁ bhavaty adbhya eva tad-adhyan nādyaṁ jāyata iti tatraiva yukti-pradarśanād rūḍheś ca yavādikam iti prāpte—,4
3256,pṛthivy-adhikāra-rūpa-śabdāntarebhyaḥ ,2
3258,"pṛthivy eva grāhyā, na tu yavādi | kutaḥ ? adhikārety ādeḥ | tat tejo’sṛjata iti mahā-bhūtānām evādhikārāt yat kṛṣṇaṁ tad annasyeti pārthiva-rūpatvāt adbhyaḥ pṛthivīti śruty-antarāc cety arthaḥ | evaṁ sati tasmād yatra kvacanety ādikaṁ tu hetu-phalayor aikya-vivakṣayā saṅgamanīyam ||11||",3
3261,"hds: 3.26.44, 4.25.62",2
3269,viyad-ādi-krameṇa tattva-sṛṣṭi-vimarśo visaṁvāda-parihārāyaiva kṛtaḥ | pradhāna-mahad-ādi-rūpeṇa tad-vimarśas tu janmādi-sūtreṇaiva siddhaḥ | atha tasmin viśeṣaṁ vaktum ārabhate | subālopaniṣadi paṭhyate—tad bāhuḥ kiṁ tadāsīt tasmai sahovāca na sann āsan na sad asad iti tasmāt tamaḥ sañjāyate tasmād bhūtādir bhūtāder ākāśam ākaśād vāyur vāyor agnir agner āpo’dbhyaḥ pṛthivī tad-aṇḍam abhavat iti | iha tama-ākāśayor antarāle’kṣarāvyakta-mahad-bhūtādi-tan-mātrendriyāṇi krameṇa bodhyāni | sandagdhā sarvāṇi bhūtāni pṛthivy-apsu pralīyate | āpas tejasi līyante | tejo vāyau vilīyate | vāyur ākāśe vilīyate | ākāśam indriyeṣv indriyāṇi tan-mātreṣu tan-mātrāṇi bhūtādau vilīyante | tama ekībhavati parasmin | parasmāt na san nāsan na sad asat ity agrima-laya-vākyānurodhāt | etac cāpātato vastutas tu bhūtādi-śabdenāhaṅkāras trividhaḥ | tasmāt sāttvikāt mano devatāś ca | rājasād indriyāṇi | tāmasāt tu tan-mātra-dvārākāśādīnīti bahu-vyākhyānusārān | śrī-gopālopaniṣadi ca—pūrvaṁ hy ekam evādvitīyaṁ brahmāsīt tasmād avyaktam avyaktam evākṣaraṁ tasmād akṣarāt mahat tattvaṁ mahato vai ahaṁkāras tasmād evāhaṁkārāt pañca tan-mātrāṇi tebhyo bhūtāni tair āvṛtam akṣaraṁ bhavati [2.52] iti | tatra saṁśayaḥ—pradhānād iti svānantara-tattvād upajāyante uta sākṣād eva sarveśvarāt ? iti | śabda-svārasyāt svānantara-tattvād eveti prāpte—,5
3271,tad-abhidhyānād eva tu tal-liṅgāt saḥ ||,2
3273,śaṅkā-cchedāya tu-śabdaḥ | sa tama ādi-śaktikaḥ sarveśvara eva pradhānādīnāṁ pṛthivy-antānāṁ kāryāṇāṁ sākṣād-dhetuḥ | kutaḥ ? tad-abhīti | so’kāmayata bahu syāṁ prajāyeya ity ādau tasyaiva tac-chaktikasya pradhānādi-bahu-bhavana-saṅkalpāt liṅgāt brahmaiva tamaḥ-prabhṛtīni praviśyaḥ pradhānādi-rūpeṇa tāni pariṇamayati | yasya pṛthivī śarīram ity ādi-śruter antaryāmi-brāhmaṇāc ca ||12||,3
3279,viparyayeṇa tu kramo’ta upapadyate ca ||,2
3283,etasmāj jāyate prāṇo manaḥ sarvendriyāṇi ca |,2
3284,svaṁ vāyur jyotir āpaś ca pṛthivī viśvasya dhāriṇī || ,2
3289,hds : 10.48.18-19.,2
3295,antarā vijñāna-manasī krameṇa tal-liṅgād iti cen nāviśeṣāt |,2
3297,"vijñāna-śabdenātmendriyāṇi bhaṇyante | sarveṣāṁ tattvānāṁ sākṣāt sarveśād utpattir abhidhyāna-liṅgād avagatā etasmād iti śrutyā niścīyate iti na sambhavati, tasyāḥ krama-viśeṣa-paratvāt | ākāśādiṣu śruty-antara-siddhaḥ kramas tayāpi khaṁ vāyur ity ādinā pratīyate | tal-liṅgāt taiḥ saha pāṭha-liṅgāt | bhūta-prāṇayor antarāle tenaiva krameṇa vijñāna-manasī ca prajāyete ity avabuddhyate | atas tvayā śrutyā sarveṣāṁ tattvānāṁ sākṣāt sarveśād utpattir niścetuṁ na śakyeti cen na | kutaḥ ? aviśeṣāt | tasyāṁ sarveṣāṁ prāṇādi-pṛthivy-antānāṁ sākṣāt sarveśa-jātatvābhidhānasya samānatvād ity arthaḥ | etasmād ity anena hi sarve prāṇādayaḥ sambadhyante | ayaṁ bhāvaḥ | so’kāmayata bahu syām ity āder etasmāt jāyate prāṇa ity ādeś ca śravaṇāt | ahaṁ sarvasya prabhavo mattaḥ sarvaṁ pravartate [gītā 10.9], ",5
3299,tatra tatra sthito viṣṇus tat-tac-chaktiṁ prabodhayet |,2
3300,eka eva mahā-śaktiḥ kurute sarvam añjasā || ity ādi smṛteś ca | ,2
3305,hds : 10.70.38.,2
3315,carācara-vyapāśrayas tu syāt ,2
3316,tad-vyapadeśo’bhāktas tad-bhāva-bhāvitatvāt ||,2
3318,"tu-śabdaḥ śaṅkā-nirāsārthaḥ | carācara-vyapāśrayas tad-vyapadeśo jaṅgama-sthāvara-śarīra-vācakas tat-tac-chabdo bhagavaty abhākto mukhyaḥ syāt | kutaḥ ? tad-bhāveti | tad-bhāvasya sarveṣāṁ śabdānāṁ bhagavad-vācaka-bhāvasya śāstra-śravaṇād ūrdhvaṁ bhaviṣyattvāt | tad-buddher udeṣyattvād iti yāvat | śrutiś caivam āha—so’kāmayata bahu syāṁ [tai.u. 2.6], sa vāsudevo na yato’nyad asti [go.tā.u. 1.*] ity ādinā | smṛtiś ca—",5
3320,kaṭaka-mukuṭa-karṇikādi-bhedaiḥ ,2
3321,kanakam abhedam apīṣyate yathaikam |,2
3322,sura-paśum anujādi-kalpanābhir ,2
3323,harir akhilābhir udīryate tathaikaḥ || ity ādyā | ,2
3328,"hds : 10.86.56, 10.6.8, 10.16.43",2
3336,sarvaṁ yasmād utpadyate yasya mūla-kāraṇatvād utpattir nāsti sa paramātmetīśvaro nirūpitaḥ | atha jīvaṁ nirṇetum upakramate | tasya tāvad utpattir nirasyate | yataḥ prasūtā jagataḥ prasūtis toyena jīvān vyasasarja bhūmyām iti taittirīyake | san-mūlāḥ saumyemāḥ sarvāḥ prajā iti cānyatra śrūyate | atra jīvasyotpattir asti na veti saṁśaye cij-jaḍātmakasya jagataḥ kāryatvāvagamāt vyatireke pratijñā-bhaṅgāc cāstīti prāpte—,7
3338,nātmāśruter nityatvāc ca tābhyaḥ ||,2
3342,na jāyate mriyate vā vipaścin,2
3343,nāyaṁ kutaścin na babhūva kaścit |,2
3344,ajo nityaḥ śāśvato’yaṁ purāṇo,2
3345,na hanyate hanyamāne śarīre || [ka.u. 1.2.18] iti kāṭhake |,2
3347,"jñājñau dvāv ajāv īśānīśāv iti śvetāśvatara-śrutau cājatva-śravaṇāt | tathā tābhyaḥ śruti-smṛtibhyo nityatva-pratīteś ca | cetanatvaṁ ca-śabdāt | tās tu, nityo ānāṁindriycetanaś cetanānāṁ, ajo nityaḥ śāśvato’yaṁ purāṇaḥ ity ādyāḥ | evaṁ sati jāto yajñadatto mṛtaś ceiti yo’yaṁ laukiko vyavahāro, yaś ca jāta-karmādi-vidhiḥ, sa tu dehāśrita eva bhavet | sa vā ayaṁ puruṣo jāyamānaḥ śarīram abhisampadyamānaḥ sa utkrāman mriyamānaḥ iti bṛhad-āraṇyakāt | jīvāpetaṁ vāva kiledaṁ mriyate na jīvo mriyate iti chāndogyāc ca | kathaṁ tarhi śruti-pratijñānuparodhaḥ | itthaṁ jīvasyāpi kāryatvāt tad-utpattir iti | sūkṣmobhaya-śaktikaṁ brahmaivāvasthāntarāpannaṁ kāryaṁ nāma | iyāṁs tu viśeṣaḥ | pradhānāder acetanasya bhogya-jātasya svarūpeṇānyathābhāvo jīvasya tu bhoktur jñāna-saṅkoca-vikāśātmaneti | ubhayatrāpi kārya-hetvor aikyāt sā noparudhyae | śrutayaś cāñjasya bhujīran tasmāj jīvasyotpattir neti ||16|| (18)",7
3349,"rpc : 11.3.39, 11.22.10, 11.22.45, 10.85.22, 11.28.25, 5.11.12-13, 11.28.37.",2
3350,hds : 6.16.9.,2
3358,"athāsya svarūpaṁ vicārayati | yo vijñāne tiṣṭhan iti, sukham ahaṁ svāpsaṁ na kiñcid avediṣam iti ca śrūyate | tatra jñāna-mātra-svarūpo jīva uta jñāna-jñātṛ-svarūpa iti saṁśaye jñāna-mātra-svarūpaḥ saḥ, yo vijñāne tiṣṭhann ity atra tathaiva pratyayāt | jñānaṁ tu buddher eva dharmas tvayā sambandhe tatrādhyasyate sukham aham asvāpsam iti | evaṁ prāpte—",5
3360,jño’ta eva ||,2
3362,"jña evātmā, jñāna-rūpatve sati jñātṛ-svarūpa eva | eṣa hi draṣṭā spraṣṭā śrotā rasayitā ghrātā mantā boddhā kartā vijñānātmā puruṣaḥ iti ṣaṭ-praśnī-śruter evety arthaḥ | śruti-balād eva tathā svīkṛtam, na tu yukti-balāt | śrutes tu śabda-mūlatvād iti hi naḥ sthitiḥ | jñātā jñāna-svarūpo’yam iti smṛteś ca | na cātmā jñāna-mātra-svarūpaḥ sukham ahaṁ suptotthita-parāmarśānupapatteḥ jñātṛtva-śruti-virodhāc ca | tasmāt jñāna-svarūpo jñāteti ||17||",7
3365,hds : 6.16.10.,2
3373,"athāsya parimāṇaṁ cintayati | muṇḍake, eṣo’ṇur ātmā cetasā veditavyo yasmin prāṇaḥ pañcadhā saṁviveśa [mu.u. 3.1.9]  iti paṭhyate | iha saṁśayaḥ | jīvo vibhur aṇur veti | tatra vibhur eva jīvaḥ | taṁ prakṛtyā mahān iti śrutes tathaiva vādibhir abhyupagamāc ca | aṇutvaṁ tu buddhi-gataṁ tatropacaryate | evaṁ prāptau—",7
3375,utkrānti-gaty-āgatīnām ||,2
3379,tasya haitasya hṛdayasyāgraṁ pradyotate tena pradyotenaiṣa ātmā niṣkrāmati cakṣuṣṭo vā mūrdhno vānyebhyo vā śarīra-deśebhyaḥ [bṛ.ā.u. 4.4.2] iti |,3
3382,tās te pretyābhigacchanty avidvāso’budhā janāḥ || [bṛ.ā.u. 4.4.11] iti |,3
3385,tasmāl lokāt punar aity asmai lokāya karmaṇaḥ [bṛ.ā.u. 4.4.6] ,3
3390,tarhi na śasyateti niyamo dhruva netarathā | [bhā.pu. 10.87.30] ity ādikā smṛtiḥ |,3
3394,"rpc : 11.16.11, 1.3.32, 3.32.3.",2
3395,"hds : 6.16.9, 6.16.6, 6.16.8.",2
3401,svātmanā cottarayoḥ ||,2
3406,gṛhītvaitāni saṁyāti vāyur gandhān ivāśayāt || [gītā 15.8] ity ādi-smaraṇāc ca |,3
3415,nāṇur atac chruter iti cen netarādhikārāt ||,2
3417,"nanu nāṇur jīvaḥ bṛhad-āraṇyake, sa vā eṣa mahān aja ātmā iti tad-viparītasya mahat pariṇāmasya śrutatvād iti cen, na | kutaḥ ? itareti | tatretarasya paramātmano’dhikārāt | yadyapi, yo’yaṁ vijñānamayaḥ prāṇeṣu iti jīvasyopakramas tathāpi, yasyānuvittaḥ pratibuddha ātmā iti madhye jīvetaraṁ pareśam adhikṛtya mahattva-pratipādanāt tasyaiva tattvaṁ na jīvasyeti ||20||",7
3419,"rpc : 4.7.40, 10.14.11.",2
3420,hds : 6.16.9.,2
3424,sva-śabdonmānābhyāṁ ca ||,2
3426,sva-śabdo’ṇutva-vācī śabdaḥ śrūyate eṣo’ṇur ātmā [mu.u. 3.1.9] iti | tathonmānaṁ ca paramāṇu-tulyam | vastu-nidarśya-tan-mānatvaṁ jīvasyocyate | ,3
3429,bhāgo jīvaḥ sa vijñeyaḥ sa cānantyāya kalpate || [śve.u. 5.9] iti śvetāśvataraiḥ |,3
3434,hds : 11.16.11.,2
3440,avirodhaś candanavat || ,2
3445,yathā vyāpya śarīrāṇi hari-candana-vipruṣaḥ || iti ||22||,3
3448,hds : 10.87.30.,2
3452,avasthiti-vaiśeṣyād iti cen nābhyupagamāt hṛdi hi ||,2
3456,nanu ko’sau deśo yatra jīvas tiṣṭhatīti cet tatrāha—hṛdi hīti | hṛdi hy eṣa ātmā [pra.u. 3.6] iti ṣaṭ-praśnī-śruter evety arthaḥ ||23||,3
3459,"hds : 11.11.6, 10.87.28, 1.8.42.",2
3465,guṇād vā ālokavat ||,2
3470,kṣetraṁ kṣetrī tathā kṛtsnaṁ prakāśayati bhārata || [gītā 13.33] ,3
3481,vyatireko gandhavat tathā hi darśayati ,2
3483,yathā kusumādi-guṇasya gandhasya guṇa-vyatireke pradeśe vṛttir bhaved evaṁ cetayitṛtvasya jīva-guṇasya tat-pradeśe hṛd-vyatirikte śiro’ṅghry-ādau vṛttiḥ syāt | tathā hi darśayati | prajñayā śarīraṁ samāruhya iti kauṣītaky-upaniṣat | gandhaḥ khalu dūraṁ prasarpann api svāśrayāt na bhidyate maṇi-prabhāvat | ,3
3486,pṛthivyām eva taṁ vidyād apo vāyuṁ ca saṁśritam || iti smṛteḥ ||25||,3
3488,"rpc : 11.10.8, 11.13.31.",2
3489,hds : 10.85.7.,2
3496,eṣa hi draṣṭā ity-ādau saṁśayaḥ | jīvasya dharma-bhūtaṁ jñānam anityaṁ nityaṁ veti | pāṣāṇa-kalpe jīve manasā saṁyukte jñānam utpadyate | sukham aham ity-ādi-śruteḥ | jñānatvaṁ tasya jñāna-sambandhāt bodhyam | vahnitvam iva vahni-sambandhād ayasaḥ | yadi jñānaṁ nityaṁ tarhi suṣupty-ādau tatra syāt karaṇa-vyarthatā ceti prāpte—,4
3498,pṛthag upadeśāt ||,2
3500,"dharma-bhūtaṁ jñānaṁ nityam | kutaḥ ? pṛthag iti | eṣa hīty ādi-vākyāt pṛthag-bhūte, avināśī vā are’yam ātmānucchitti-dharmā [bṛ.ā.u. 4.5.14] ity ādi bṛhad-āraṇyaka-vākye tattvena tasyopadeśāt | na ca manasā saṁyogād ātmani jñānotpattiḥ niravayavayos tayoḥ saṁyogāsiddheḥ | bhagavad-vaimukhyenāvṛtam idaṁ tat-sāṁmukhyena tasmin vinaṣṭe satyāvirbhavatīti smṛtir āha—",3
3502,yathā na kriyate jyotsnā mala-prakṣālanān maṇeḥ |,2
3503,doṣa-prahāṇāt na jñānam ātmanaḥ kriyate tathā ||,2
3504,yathodapāna-khananāt kriyate na jalāntaram |,2
3505,sad eva nīyate vyaktim asataḥ sambhavaḥ kutaḥ ||,2
3506,tathā heya-guṇa-dhvaṁsād avarodhādayo guṇāḥ |,2
3507,prakāśyante na ucyante nityā evātmano hi te || iti ||26|| ,4
3509,rpc : 11.13.31,2
3510,hds : 6.16.57.,2
3516,tad-guṇa-sāratvāt tad-vyapadeśa-prājñavat ||,2
3520,"rpc : 11.23.40, 11.3.39.",2
3521,"hds : 11.11.6, 11.23.54.",2
3527,yāvad ātmābhāvitvāc ca na doṣas tad-darśanāt ||,2
3531,"rpc : 10.85.22, 11.10.8 ",2
3532,hds : 11.11.4.,2
3538,puṁstvādivat tv asya sato’bhivyakti-yogāt ||,2
3542,"yad vai tan na vijānāti vijānāti, vijānan vai tan na vijānāti, na hi vijñātur vijñāter viparilopo vidyate’vināśitvāt, na tu tad dvitīyam asti, tato’nyad vibhaktaṁ yad vijānīyāt [bṛ.ā.u. 4.3.30] iti |",2
3546,rpc : 11.13.31.,2
3556,nityopalabdhy-anupalabdhi-prasaṅgo’nyatara-niyamo vānyathā ||,2
3561,hds : 6.11.9.,2
3568,"idam idānīṁ vicārayati | vijñānaṁ yajñaṁ tanute, karmāṇi tanute’pi ca [tai.u. 2.5.1] iti taittirīyāḥ paṭhanti | iha sandehaḥ | vijñāna-śābdito jīvaḥ kartā na veti | ",3
3570,hantā cen manyate hantuṁ hataś cen manyate hatam |,2
3571,ubhau tau na vijānīto nāyaṁ hanti na hanyate || [kaṭha.u. 1.2.19],2
3575,prakṛteḥ kriyamāṇāni guṇaiḥ karmāṇi sarvaśaḥ |,2
3576,ahaṅkāra-vimūḍhātmā kartāham iti manyate || [gītā 3.27],2
3578,kārya-kāraṇa-kartṛtve hetuḥ prakṛtir ucyate |,2
3579,puruṣaḥ sukha-duḥkhānāṁ bhoktṛtve hetur ucyate || [gītā 13.20] ity ādi smṛtibhyaś ca |,2
3583,kartā śāstrārthavattvāt |,2
3585,"jīva eva kartā, na guṇāḥ | kutaḥ ? śāstreti | svarga-kāmo yajetātmānam eva lokam upāsīta ity ādi śāstrasya cetane kartari sati sārthakyāt guṇa-kartṛtvena tad-anarthakyaṁ syāt | śāstraṁ kila phala-hetutā-buddhim utpādya karmasu tat-phala-bhoktāraṁ puruṣaṁ pravartayate | na ca tad-buddhir jaḍānāṁ guṇānāṁ śakyotpādayitum ||31||",3
3588,hds : 6.16.10.,2
3594,vihāropadeśāt |,2
3596,"sa tatra paryeti jakṣan krīḍan ramamāṇa [chā.u. 8.12.3] ity ādinā muktasyāpi krīḍābhidhānād ity arthaḥ | ataḥ kartṛtvam atra na duḥkhāvahaṁ, kintu guṇa-sambandham eva, tasya svarūpa-glāni-karatvāt ||32||",4
3599,hds : 6.16.11.,2
3603,upādānāt |,2
3605,"sa yathā mahārāja ity upakramya, evam evaiṣa etān prāṇān gṛhītvā sve śarīre yathā-kāmaṁ parivartata [bṛ.ā.u. 2.1.18] iti śrutau, gṛhītvaitāni saṁyāti vāyur gandhān ivāśayāt [gītā 15.7] iti smṛtau ca jīva-kartṛkasya prāṇopādānasyābhidhānāt lokākarṣaka-maṇer iva cetanasyaiva jīvasya kartṛtvaṁ bodhyam | anya-grahaṇādau prāṇādi karaṇaṁ, prāṇa-grahaṇādau tu nānyad astīti tasyaiva tat ||33||",6
3608,hds: 11.13.32.,2
3614,vyapadeśāc cakriyāyāṁ na cen nirdeśa-viparyayaḥ ,2
3616,"vijñānaṁ yajñam [taitt.u. 2.5] ity ādinā vaidikyāṁ laukikyāṁ ca kriyāyāṁ mukhyatvena vyapadeśāt jīvaḥ kartā | atha cet vijñāna-śabdena jīvo nābhidhīyate, kintu buddhir eva, tarhi nirdeśa-viparyayaḥ syāt | vijñānam iti prathamānta-kartṛ-nirdeśasya vijñāneneti tṛtīyānta-karaṇa-nirdeśo bhavet | buddheḥ karaṇatvāt | na cātra tathāsti | kiṁ ca, buddheḥ kartṛtve tasyāḥ karaṇam anyat kalpyaṁ sarvasya karaṇasyaiva karmasu pravṛtti-darśanāt | tataś ca nāma-mātreṇa visaṁvādaḥ, karaṇābhinnasya kartṛtva-svīkārāt | ",2
3621,hds: 2.3.38,2
3626,upalabdhivad aniyamaḥ ||,2
3630,rpc : 11.3.6-7.,2
3631,hds: 10.87.31,2
3635,śakti-viparyayāt ||,2
3637,"prakṛteḥ kartṛtve puruṣa-niṣṭhāyā bhoktṛtva-śakter viparyayāt prakṛti-gāmitāpatteḥ puruṣo’sti bhoktṛ-bhāvāt [sāṅkhya-kārikā, 27] ity abhimata-hānir iti śeṣaḥ | kartur anyasya bhoktṛtvāsambhavāt tac chaktir api prakṛti-gatā mantavyā ||36||",3
3639,"rpc: 11.3.6-7, 11.10.16, 11.10.22, 11.10.26-27, 10.87.20. ",2
3640,hds: 11.13.27.,2
3644,samādhy-abhāvāc ca ||,2
3649,hds: 11.16.33.,2
3655,yathā ca takṣobhayathā |,2
3657,"takṣā yathā takṣaṇe vāsyādinā kartā vāsyādi-dhāraṇe tu sva-śaktyaivety ubhayathāpi kartā bhaved evaṁ jīvo’py anya-grahaṇādau prāṇādinā kartā | prāṇādi-grahaṇe tu sva-śaktyaivety arthaḥ | itthaṁ prākṛta-dehādinā yat kartṛtvaṁ tat kila śuddhād eva puruṣāt pravṛttam aip guṇa-vṛtti-prācuryāt tad-dhetukam ity upacaryate | kāraṇaṁ guṇa-saṅgo’sya sad-asad-yoni-janmasu iti tatraivokteḥ | etena guṇa-kartṛtva-vacāṁsi vyākhyātāni | mauḍhyādy-uktis tu pañcāpekṣe’pi svaikāpekṣa-mananāt | na caiṣām apāta-vibhāto’rthaḥ śakyo netuṁ tatratya-mokṣa-sādanokti-virodhāt | nāyaṁ hanti na hanyate ity ādi vākyaṁ tu hanti phalam eva cchedaṁ pratiṣedheti nityasyātmanas tad-ayogāt | na tu kartṛtvam api, tasya pūrvaṁ siddheḥ | evaṁ ca bhāgavatānāṁ yad ihāmutra ca tad-arcanādi-kartṛtvaṁ tan nirguṇam eva pūrvatra guṇān vimardya cic-chakti-vṛtter bhakteḥ prādhānyāt paratra kaivalyāt | etad abhipretyoktaṁ śrī-bhagavatā—",5
3659,sāttvikaḥ kārako’saṅgī rāgāndho rājasaḥ smṛtaḥ |,2
3660,tāmasaḥ smṛti-vibhraṣṭo nirguṇo mad-apāśrayaḥ || [bhā.pu. 11.25.26],2
3662,bhoktṛtvaṁ tu śuddhasya puṁsaḥ | puruṣaḥ sukha-duḥkhānāṁ bhoktṛtve hetur ucyate [gītā 13.20] ity ādi smṛteḥ | guṇa-saṅgenāpi bhavatas tasya saṁvedana-rūpatvāt cid-rūpa-puṁ-prādhānyaṁ na tu guṇa-prādhānyaṁ tattvena tad-virodhitvāt | svarūpa-saṁvedana-sukhādau tu susiddhaṁ tat | svasmai svayaṁ prakāśatvād iti | tasmāt tad ubhayaṁ jīvasyaiva mantavyam | eṣa hi draṣṭā spraṣṭā śrotā ity ādi śruteś ca | takṣa-dṛṣṭāntena kartṛtvaṁ sātatyaṁ ca nirastam ||38||,5
3665,hds: 3.26.8.,2
3669,"atha tatraiva vimarśāntaram | idaṁ jīvasya kartṛtvaṁ svāyattaṁ parāyattaṁ veti saṁśaye, svarga-kāmo yajeta, tasmād brāhmaṇaḥ surāṁ na pibet pāpamnotsaṁsṛja ity ādi vidhi-niṣedha-śāstārthavattvāt svāyattaṁ tat | sva-buddhyā pravartituṁ nivartituṁ ca śakto hi niyojyo dṛśyate | tatrāha—",3
3670,parāt tu tac-chruteḥ |,2
3672,"tu-śabdaḥ śaṅkāc chedārthaḥ | tat-kartṛtvaṁ jīvasya parāt pareśād api hetoḥ pravartane | kutaḥ ? tac-chruteḥ | antaḥ-praviṣṭaḥ śāstā janānāṁ [tai.ā. 3.1.10], ya ātmani tiṣṭhan ātmānam antaro yamayati [bṛ.ā.u. 3.7.22], eṣa eva sādhu karma kārayati [kau.u. 3.9] ity ādau tathā śravaṇāt ||39||",7
3674,"rpc: 8.3.13-14, 5.11.13, 4.9.6, 8.5.18, ",2
3675,hds: 3.26.5-7.,2
3681,kṛta-prayatnāpekṣas tu vihita-pratiṣiddhāvaiyarthyādibhyaḥ ||,2
3685,rpc: 11.10.4.,2
3692,"pūrvārtha-sthemne jīvasya brahmāṁśatvam ucyate | dvā suparṇā [mu.u. 3.1.1] ity ādīni vākyāni śrūyante | tatraika īśo dvitīyas tu jīva iti pratīyante | iha saṁśayaḥ kim īśa eva māyayā paricchinno jīvaḥ | kiṁ vā, raver aṁśur iva tad-bhinnas tat-sambandhāpekṣī tasyāṁśa iti | kiṁ prāptaṁ māyayā paricchinna īśa eva jīva iti ? ",3
3694,ghaṭa-saṁvṛtam ākāśaṁ niyamāne ghaṭe yathā |,2
3695,ghaṭo nīyate nākāśaṁ tadvaj jīvo nabhopamaḥ || ity atharvā-śruteḥ |,4
3699,aṁśo nānā-vyapadeśād anyathā cāpi ,2
3700,dāsa-kitavāditvam adhīyata eke ||,2
3702,"parasyāṁśo jīvaḥ aṁśur ivāṁśumataḥ tad-bhinnas tad-anuyāyī tat-sambandhāpekṣīty arthaḥ | kutaḥ ? nāneti | udbhavaḥ sambhavo divyo deva eko nārāyaṇo mātā pitā bhrātā nivāsaḥ śaraṇaṁ suhṛd gatir nārāyaṇaḥ [subā.u. 6] iti subāla-śrutau, gatir bhartā prabhuḥ sākṣī nivāsaḥ śaraṇaṁ suhṛt [gītā 9.18] ity ādi smṛtau ca sraṣṭr-sṛjyatva-niyantṛ-niyamyatvādhārādheyatva-svāmi-dāsatva-sakhā-sakhitva-prāpya-prāptṛtvādi-rūpa-nānā-sambandha-vyapadeśāt | anyathā anyayā ca vidhayā tad-vyāpyatayainaṁ jīvaṁ tad-ātmakam eke ātharvaṇikā apy adhīyante—brahma dāśā brahma dāsā brahmaiveme kitavāḥ ity ādinā | na hy ete vyapadeśāḥ svarūpābhede sambhaveyuḥ | na hi svayaṁ svasya sṛjyādir vyāpyo vā | na vā caitanya-ghanasya dāsādi-bhāvaḥ | tathā sati vairāgyopadeśa-vyākopāt | na ceśasya māyayā paricchedaḥ, tasya tad-aviṣayatvāt | na ca ṭaṅka-cchinna-pāṣāṇa-khaṇḍavat tac-chinnas tat-khaṇḍo jīvaḥ acchedyatva-śāstra-vyākopāt vikārādy-āpatteś ca | tasmāt tat sṛjyatvādi-sambandhavāṁs tad-bhinno jīvas tad-upasarjanatvāt tad-aṁśa ucyate | tattvaṁ ca tasya tac-chaktitvāt siddham | tac ca viṣṇu-śaktir ity ādau, kṣetrajñākhyā tathāparā [vi.pu. 6.7.61] iti smṛteḥ | candra-maṇḍalasya śatāṁśaḥ śukra-maṇḍalam ity ādau dṛṣṭaṁ caitat | eka-vastv eka-deśatvam aṁśatvam ity api na tad atikrāmati | brahma khalu śaktimad ekaṁ vastu brahma-śaktir jīvo brahmaika-deśatvāt brahmāṁśo bhavatīti tad-upasṛṣṭatvaṁ sughaṭam | ghaṭety ādi-vākyaṁ tūpādhi-hānau tayoḥ sāyujyaṁ bruvan saṅgatam | tattvam asīty etad api parasya pūrvāyatta-vṛttikatvādi bodhayati pūrvokta-śruty-ādibhyo na tv anyat | tasmāt īśāt jīvasyāsti bhedaḥ | sa ca niyantṛtva-niyamyatva-vibhutvāṇutvādi-dharma-kṛtatvena pratyakṣa-gocaratvān nānyathā-siddheḥ ||41|| (43)",13
3704,"rpc :11.11.4, 4.24.61, 8.6.15.",2
3705,hds : 11.11.4,2
3710,mantra-varṇāt ||,3
3712,pādo’sya viśvā bhūtāni [ṛ.ve. 10.90.3] iti mantra-varṇo’pi jīvasya brahmāṁśatvam āha | aṁśa-pāda-śabdau tu hy anarthāntara-vācakau | iha sarvā bhūtānīti bahutve śraute sūtre aṁśa-śabdo jāty-abhiprāyeṇaika-vacanānto bodhyaḥ | evam anyatrāpi ||42|| (44),5
3718,api smaryate ||,2
3720,mamaivāṁśo jīva-loke jīva-bhūtaḥ sanātanaḥ [gītā 15.7] iti śrī-bhagavatā iha sanātanatvoktyā jīvasyaupādhikatvaṁ nirastam | tasmāt tat-sambandhāpekṣī jīvas tad-aṁśa iti | tat-kartṛtvādikam api tad āyattam | smṛtiś ca jīva-svarūpaṁ viśiṣyāha—,2
3722,jñānāśrayo jñāna-guṇaś cetanaḥ prakṛteḥ paraḥ |,2
3723,na jāto nirvikāraś ca ekarūpaḥ svarūpa-bhāk ||,2
3724,aṇur nityo vyāpti-śīlaś cid-ānandātmakas tathā |,2
3725,aham artho’vyayaḥ kṣetrī bhinna-rūpaḥ sanātanaḥ ||,2
3726,adāhyo’cchedya akledya aśoṣyo’kṣara eva ca |,2
3727,evam ādhi-guṇair yuktaḥ śeṣa-bhūtaḥ parasya vai ||,2
3728,ma-kāreṇocyate jīvaḥ kṣetra-jñaḥ paravān sadā |,2
3729,dāsa-bhūto harer eva nānyasyaiva kadācana || iti |,4
3731,"evam ādīty ādi-padāt kartṛtva-bhoktṛtva-svasmai-svayaṁ-prakāśatvāni bodhyāni | prakāśaḥ khalu guṇa-dravya-bhedena dvibhedaḥ | prathamaḥ svāśrayasya sphūrtiḥ | dvitīyas tu sva-para-sphūrti-hetur vastu-viśeṣaḥ | sa cātmaiva | dīpaś cakṣuḥ prakāśayan svarūpa-sphūrtiṁ ca svayam eva karoti, na tu ghaṭādi-prakāśavat tad-ādi-sāpekṣaḥ | tasmād yaṁ svayaṁ prakāśaḥ | tathāpi svaṁ prati na prakāśate svasmin jāḍyāt | ātmā tu svayaṁ paraṁ ca prakāśayan svaṁ prati prakāśate | ataḥ svasmai svayaṁ prakāśaḥ yad asau cid-rūpa iti ||43|| (45)",3
3733,"rpc: 11.11.4, 10.87.16, 12.4.31.",2
3742,prasaṅgād idaṁ vicintyate—eko vaśī sarvagaḥ kṛṣṇa īḍya eko’pi san bahudhā yo’vabhāti [go.tā.u. 1.19] iti gopāla-tāpinyāṁ paṭhyate | smṛtau ca ekāneka-svarūpāya [vi.pu. 1.2.3] ity ādi | atrāṁśi-rūpeṇaivko’ṁśa-kalā-rūpeṇa tu bahudhety arthaḥ pratīyate | tatra jīvāṁśān matsyādy-aṁśasya viśeṣo’sti na veti saṁśaye aṁśatvāviśeṣāt nāstīti prāpte—,5
3744,prakāśādivan naivaṁ paraḥ ||,2
3748,"rpc: 3.28.41, 8.3.22-23, 10.14.9, 6.9.39.",2
3749,hds: 1.7.4-5.,2
3753,smaranti ca ||,2
3755,svāṁśāś cātha vibhinnāṁśa iti dvedhāṁśa iṣyate | ,2
3756,aṁśino yat tu sāmarthyaṁ yat svarūpaṁ yathā sthitiḥ || ,2
3757,tad eva nāṇu-mātro’pi bhedaḥ svāṁśāṁśinoḥ kvacit | ,2
3758,vibhinnāṁśo’lpa-śaktiḥ syāt kiñcit sāmarthya-mātra-yuk || iti |,4
3760,sarve sarva-guṇaiḥ pūrṇāḥ sarva-doṣa-vivarjitāḥ iti ca |,2
3762,"ayaṁ bhāvaḥ—ete cāṁśa-kalāḥ puṁsaḥ kṛṣṇas tu bhagavān svayam [bhā.pu. 1.3.28] ity ādau kṛṣṇākhyasya vastunaḥ svayaṁ-rūpasya ye matsyādayo’ṁśāḥ smṛtāḥ, na te jīvavat tato bhidyante, tasyaiva vaidūryādivat tat-tad-bhāvāviṣkārāt | sarva-śakti-vyakty-avyakti-savyapekṣo hi tat-tad-vyapadeśaḥ | yaḥ kṛṣṇaḥ kṛtsna-ṣāḍguṇya-vyañjako’ṁśī, sa evākṛtsna-tad-vyañjako dvy-eka-vyañjako vāṁśaḥ kalā cety ucyate | yathaikaḥ kṛtsna-ṣaṭ-śāstra-pravaktā sarvavid ucyate, sa eva kvacid akṛtsna-tad-vaktā dvy-eka-śāstra-vaktā ca sarvavit-kalpo’lpajñaś ceti | puruṣa-bodhiny-ādi-śrutā rādhādyāḥ pūrṇāḥ śaktayo daśamādi-smṛtā guṇāś ca sarvātiśayi-prema-pūrṇa-parikaratva-druhiṇādi-vidvattama-vismāpaka-vaṁśa-mādhurya-sva-paryanta-sarva-vismāpaka-rūpa-mādhurya-niratiśaya-kāruṇyādayo yaśodā-stanandhaye kṛṣṇa eva nityāvirbhūtāḥ santi, na tu matsyāditve satīti tasyaiva tat-tad-bhāvāviṣkārān na matsyāder jīvavat tattvāntaratvaṁ, kintu tad-ātmakatvam eveti ||45||",3
3764,rpc: 10.10.34.,2
3765,hds: 1.3.28.,2
3771,anujñā-parihārau deha-sambandhāt jyotir-ādivat ,2
3773,"saty api brahmāṁśatve’nādy-avidyā-vijṛmbhitān deha-sambandhāt jīva-rūpasyāṁśasya pareśa-kṛtāv anujñā-parihārau śrūyate, naivaṁ matsyādi-rūpasya, kintu deha-sambandha-rāhityaṁ sākṣāt pareśatvaṁ ca tasya śrūyate, ato mahān viśeṣaḥ | anujñānumatiḥ sādhvasādhu-karma-preraṇeti yāvat | eṣa eva sādhu-karma kārayati [kau.u. 2.9] ity ādi śrutiḥ | parihāraś ca tato nivṛttir mokṣa iti yāvat | tam eva viditvā [śve.u. 3.8] ity ādi śruteḥ | tatra dṛṣṭāntam āha—jyotir iti | jyotiś cakṣus tasya yathā sūryāṁśasyāpi deha-sambandhāt nānā-vidhatvaṁ tad-anugrāhyatvaṁ tat-pravṛtti-nivṛttī ca tad-dhetuke eva, naivaṁ svasthasya sūryāṁśasyāpi, tat-prakāśasya tasya sūryātmakatvāt, tadvat ||46||",5
3775,"rpc: 10.54.45, 11.28.14, 11.28.5.",2
3776,hds: 6.16.57-58,2
3780,asantateś cāvyatikaraḥ ||,2
3782,jīvasyāsantater apūrṇatvād avyatikaraḥ | pūrṇena matsyādinā sāmyaṁ nety arthaḥ | bālāgra-śata-bhāgasya [śve.u. 5.9] ity ādyā śrutir jīvasyāpūrtim āha | pūrṇam adaḥ pūrṇam idam ity ādyā tu matsyādeḥ pūrtim ||47||,5
3784,"rpc: 11.28.17, 10.87.38.",2
3785,hds: 1.7.4-6.,2
3791,ābhāsa eva ca ||,2
3795,rpc: 10.1.43.,2
3796,"hds: 6.16.46, 10.70.5.",2
3805,nityo’nityānāṁ cetanaś cetanānāṁ,2
3806,eko bahūnāṁ yo vidadhāti kāmān | [ka.u. 2.2.13],2
3810,adṛṣṭāniyamāt ||,2
3815,hds: 10.6.30.,2
3821,abhisandhyādiṣv api caivam ||,2
3825,"rpc: 11.28.31, 5.14.5, 11.13.36, 11.13.25, 6.1.47-48.",2
3826,hds: 10.24.16.,2
3832,pradeśād iti cen nāntarbhāvāt ,2
3836,"rpc: 6.1.41, 6.16.3, 4.29.24-26, 10.29.9.",2
3837,hds: 10.23.9.,2
3850,1. prāṇotpatty-adhikaraṇam,2
3854,bhūta-viṣayaḥ śruti-virodhaḥ parihṛtas tṛtīy-pāde | caturthe tu prāṇa-viṣayaḥ sa parihriyate | gauṇa-mukhya-bhedena dvividhāḥ prāṇāḥ | gauṇāś cakṣur-ādīny ekādaśendriyāṇi mukhyās tu prāṇāpānādayaḥ pañceti | teṣu gauṇaḥ parīkṣyante | etasmāj jāyate prāṇo manaḥ sarvendriyāṇi ca ity ādi śrūyate | im atra jīvavad indriyāṇām utpattir uta khādivad iti saṁśaye—asad vā idam agra āsīt tad āhuḥ kiṁ tad āsīd iti ṛṣāyo vāva te asad āsīt tad āhuḥ ke te ṛṣayaḥ iti prāṇā vāva ṛṣayaḥ [śatapatha-brāhmaṇa 6.1.1] ity atra ṛṣi-prāṇa-śabditānām indriyāṇāṁ sṛṣṭeḥ prāk-sattva-śravaṇāt jīvavad iti paṭhati—,3
3856,tathā prāṇāḥ ||,2
3858,"yathā khādayaḥ parasmād utpadyante tathā prāṇā indriyāṇi cety arthaḥ | prāk-sṛṣṭer ekatvāvadhāraṇāt, manaḥ sarvendriyāṇi caitasmāt jāyanta iti śruteś ca | a ca jīvotpattivad indriyotpattir bhavitum arhati jīvānāṁ caitanya-rūpāṇāṁ śabdābhyāṁ bhāviva tatra grāhyam, tayoḥ sārvajñya-prāṇanābhidhāyitvāt ||1||",5
3860,"rpc: 2.5.31, 11.24.7, 2.10.15",2
3861,hds: 2.10.15,2
3867,gauṇy-asambhavāt ||,3
3869,"bahutva-śrutir gauṇī | kutaḥ ? svarūpa-nānātvābhāvena bahv-arthāsambhavāt | tathā ca sparśābhiprāyaṁ tatra bahutvaṁ bhaviṣyati | eka evāsau vaidūryavad abhinetṛ-naṭavac ca bahudhāvabhāsate | ekaṁ santaṁ bahudhā dṛśyamānaṁ, ekāneka-svarūpāya [vi.pu. 1.2.3] ity ādi śruti-smṛtibhyaś ca ||2||",5
3872,hds: 2.10.36.,2
3876,tat prāk śruteś ca ||,2
3881,hds: 2.10.43-44.,2
3887,tat pūrvakatvād vācaḥ ||,2
3889,vācaḥ sūkṣma-śakti-brahmānya-viṣayasya nāmnaḥ pradhāna-mahad-ādi-sṛṣṭi-pūrvakatvāt tadā nāma-rūpatām abhāvena tad-upakaraṇām indriyāṇām apy abhāvāt prāṇa-śabdas tatra brahmābhidhāyīty arthaḥ | tad dhedaṁ tarhi [bṛ.ā.u. 1.4.7] iti śrutiḥ sṛṣṭeḥ pūrvaṁ nāma-rūpiṇām abhāvam āha | tasmād indriyāṇi khādivad utpannānīti ||4||,3
3891,"rpc: 2.5.31, 11.24.7, 3.6.7 6.4.28, 2.10.35.",2
3892,hds: 1.2.33.,2
3900,sapta prāṇāḥ prabhavanti tasmāt,2
3901,saptārciṣaḥ samidhaḥ sapta homāḥ |,2
3902,sapta ime lokā yeṣu caranti prāṇā,2
3903,guhāśayā nihitāḥ sapta sapta || [mu.u. 2.1.8] iti muṇḍake |,2
3905,daśeme puruṣe prāṇā ātmaikādaśaḥ [bṛ.ā.u. 3.9.4] iti ca bṛhad-āraṇyake śrūyate | tatra saptaiva prāṇā utaikādaśeti saṁśaye pūrvapakṣam āha—,2
3907,sapta gater viśeṣitatvāc ca ||,2
3912,buddhiś ca na viceṣṭate tām āhuḥ paramāṁ gatim || [ka.u. 2.3.10],3
3917,"hds: 3.6.7, 3.6.9.",2
3926,hastādayas tu sthite’to naivam ,2
3928,"tu-śabdaś codya-nirāsārthaḥ | hastādayaḥ saptātiriktāḥ prāṇā mantavyāḥ | kutaḥ ? jīve deha-sthite teṣām api tad-bhoga-sādhanatvāt kārya-bhedāc ca | tathā ca bṛhad-āraṇyake paṭhyate—hastau vai grahaḥ sa karmaṇātigraheṇa gṛhīto hastābhyāṁ hi karma karoti [bṛ.ā.u. 3.2.8] ity ādi | ataḥ saptātirekād eva hetor naivaṁ mantavyaṁ saptaiveti kintu pañca jñānendriyāṇi pañca karmendriyāṇi ekam antar indriyam ity ekādaśaivendriyāṇi grāhyāṇi | ātmaikādaśety atrātmāntar-indriyaṁ prakaraṇāt | idam atra bodhyam | śabda-sparśa-rūpa-rasa-gandha-viṣayāḥ pañca-jñāna-bhedās tad-arthāni pañca jñānendriyāṇi śrotra-tvak-cakṣū-rasana-ghrāṇākhyāni | vacanādāna-viharaṇotsargānandāḥ pañca karma-bhedāḥ, tad-arthāni ca pañca karmendriyāṇi vāk-pāṇi-pāda-pāyūpasthākhyāni | sarvārtha-viṣayaṁ tri-kāla-varty-antaḥ-karaṇam ekam aneka-vṛttikam | tad eva saṅkalpādyavasāyābhimāna-cintā-rūpa-kārya-bhedāt kvacid bhedena vyapadiśyate mano buddhir ahaṅkāraś cittaṁ ceti | tathā caikādaśaivendriyāṇīti ||6||",3
3930,"rpc: 11.22.14-15, 2.5.30-31.",2
3931,hds: 3.26.12-13.,2
3941,aṇavaś ca ||,2
3945,rpc: 11.3.40,2
3946,"hds: 3.26.31, 3.26.34, 3.28.5, 3.28.3, 3.28.9",2
3953,"atha etasmāj jāyate prāṇaḥ [mu.u. 2.1.3] ity atra mukhyaḥ prāṇaḥ parīkṣyate | śreṣṭhaḥ prāṇo jīvavady utpadyate svādivad veti viṣaye, naiva prāṇa udeti nās tam eti ity ādi śruteḥ | ",5
3955,yat prāptir yat parityāga utpattir maraṇaṁ tathā |,2
3956,tasyotpattir mṛtiś caiva kathaṁ prāṇasya yujyata || ,2
3959,śreṣṭhaś ca ||,2
3961,"śreṣṭhaḥ prāṇo’pi khādivad utpadyate, jāyate prāṇaḥ [mu.u. 2.1.3] iti śruteḥ | sa idaṁ sarvam asṛjata iti pratijñānuparodhāc ceti śeṣaḥ | evaṁ saty anutpattir āpekṣikī | śraiṣṭhyaṁ cāsya kāya-sthiti-hetutvāt vadanti | pṛthag-yoga-karaṇam uttara-cintārtham ||8||",5
3963,"rpc: 7.9.47, 2.10.15",2
3964,"hds: 2.1.24, 2.10.15",2
3971,atha tasya svarūpaṁ parīkṣyate | sa kiṁ vāyur eva kevalaḥ kiṁ vā tat spanda-rūpā kriyāthavā deśāntara-gato vāyur iti vicikitsā | kiṁ prāptam ? bāhyo vāyur eveti | yo’yaṁ prāṇaḥ sa vāyuḥ [bṛ.ā.u. 3.1.5] iti bṛhad-āraṇyaka-śruteḥ | vāyu-kriyā vā prāṇaḥ ucchvāsa-niśvāsa-rūpāyāṁ tat-kriyāyāṁ tac-chabdasya prasiddheḥ | vāyu-mātre tasyā prasiddheś ceti prāpte—,3
3973,na vāyu-kriye pṛthag-upadeśāt ||,2
3975,"śreṣṭhaḥ prāṇo na vāyur na ca tat-spandaḥ | kutaḥ ? pṛthag iti | etasmāj jāyate prāṇaḥ [mu.u. 2.1.3] ity ādau vāyoḥ sakāśāt prāṇasya pṛthag-ukteḥ | yadi vāyur eva prāṇas tarhi tasmāt, tasya sā na syāt | yadi vā vāyu-spandaḥ prāṇas tadāpi vāyoḥ sakāśāt tat-kriyā-rūpasya prāṇasya na sā sambhavet | na hy agny-ādeḥ kriyā tena sākaṁ pṛthag-uktā dṛśyate | yo’yaṁ prāṇaḥ sa vāyuḥ [bṛ.ā.u. 3.1.5] iti tu vāyur eva kiñcit viśeṣam āpannaḥ prāṇo, na tu jyotir-ādivat tattvāntaram iti jñāpanārtham | yat tu sāmānya-karaṇa-vṛttiḥ prāṇādyā vāyavaḥ pañca [sāṅkhya-kārikā 29] iti sāṅkhyaiḥ sarvendriya-vyāpāraḥ prāṇa ity uktaṁ tan na eka-rūpa-prāṇasya vijātīya-nānendriya-vyāpāratvāyogāt ||9||",7
3977,"rpc: 7.9.47,",2
3978,hds: 2.10.15-17,2
3985,"supteṣu vāg-ādiṣu prāṇa eko jāgarti, prāṇa eko mṛtyu-nānāptaḥ, saṁvargo vāg-ādīn saṁvṛṅkte [chā.u. 4.3.3], prāṇa itarān prāṇān rakṣati māteva putrān iti bṛhad-āraṇyake paṭhyate | tatra saṁśayaḥ—mukhyaḥ prāṇo jīva evāsmin dehe svatantra uta jīvopakaraṇam iti | bahu-vibhūti-śravaṇāt sa eva svatantra iti prāpte—",6
3987,cakṣur-ādivat tu tat saha śiṣṭy-ādibhyaḥ ||,2
3989,tu-śabdaḥ śaṅkā-hānāya | prāṇe’pi cakṣur-ādivat jīva-karaṇam eva | kutaḥ ? tat-saheti | prāṇa-saṁvādeṣu taiś cakṣur-ādibhir jīva-karaṇaiḥ saha prāṇasya śāsanāt | samāna-dharmāṇāṁ hi saha-śāsanaṁ yuktaṁ bṛhadrathāntarādivat | ādi-śabdāt—atha yatra vāyaṁ mukhyaḥ prāṇaḥ sa evāyaṁ madhyamaḥ prāṇaḥ ity ādinā prāṇa-śabda-parigṛhīteṣv indriyeṣu viśiṣyābhidhānaṁ gṛhyate | saṁhatatvādi ca svātantrya-nirākṛti-hetuḥ ||10||,3
3991,"rpc: 11.14.32, 3.28.5-7",2
3992,hds: 11.3.39,2
3998,akaraṇatvāc ca na doṣas tathā hi darśayati ||,2
4000,"ākṣepa-nirāsāya ca-śabdaḥ | karaṇaṁ kriyā | akriyatvāt jīvopakāra-kriyā-virahāt yo doṣaḥ sambhāvyate, sa na syāt śarīrendriya-dhāraṇādi-lakṣaṇa-paramopakāra-sattvād iti bhāvaḥ hi yatas tathā chāndogya-śrutir darśayati—atha ha prāṇā ahaṁ śreyasi vyūdire [chā.u. 5..7] ity ādinā | tasmāj jīvopakaraṇam eva mukhyaḥ prāṇaḥ | jīvasya kartṛtvaṁ ca bhokṭrtvaṁ ca prati cakṣur-ādīni rāja-puruṣavat karaṇāni | prāṇas tu rāja-mantrivat sarvārtha-sādhakatayā mukhopakaraṇam iti nāsya svātantryam ||11||",3
4002,rpc: 3.26.30-31,2
4003,hds: 3.26.31,2
4010,yaḥ prāṇaḥ sa vāyuḥ | sa eṣa vāyuḥ pañca-vidhaḥ prāṇo’pāno vyāna udānaḥ samāna [bṛ.ā.u. 1.5.3] iti śrutam | tatra kim ete apānādayaḥ prāṇād bhidyante uta tad-vṛttaya eveti vīkṣāyāṁ saṁjñā-bhedān kārya-bhedāc ca bhidyanta iti prāpte—,3
4012,pañca-vṛttir manovad vyapadiśyate ||,2
4014,"eka eva prāṇo hṛdayādiṣu sthāneṣu pañcadhā vartamāno vilakṣaṇāni kṛtāryāñ āvahatīti pañca-vṛttiḥ | sa eva tathā vyapadiśyate | tasmāt prāṇa-vṛttaya eva te, na tato bhidyante | kārya-bheda-nimittaḥ saṁjñā-bhedaḥ | svarūpa-bhedas tu nāsty ataḥ pañcasv api prāṇa-śabdaḥ | prāṇo’pāno vyāna udāna samāna iti | etat sarvaṁ prāṇa eva [bṛ.ā.u. 1.5.3] iti vacanāc ca | bṛhad-āraṇyake manovat—kāmaḥ saṇkalpo vicikitsā śraddhā’śraddhā dhṛtir adhṛtir hrīr dhīr bhīr ity etat sarvaṁ mana eva [bṛ.ā.u. 1.5.3] iti | tatraiva saṁjñā-bhede kārya-bhede’pi yathā kāmādayo manaso na bhidyante, kintu tasya vṛttaya eva tadvat bahu-vṛttitva-mātreṇāyaṁ dṛṣṭāntaḥ | yoga-śāstre mano’pi pañca-vṛttikam uktam | tad-abhiprāyeṇa vā nidarśanam ity eke ||12||",5
4017,hds: 3.6.7-8,2
4025,"śreṣṭhaḥ prāṇo vibhur aṇur veti vīkṣāyāṁ, sama ebhis tribhir lokaiḥ ity ādi śruter vibhur iti prāpte—",3
4026,aṇuś ca ||,2
4039,supteṣu vāg-ādiṣu prāṇa eko jāgartīty ādau mukhya-prāṇasya pravṛttiḥ śrūyate | sapta ime lokā yeṣu caranti prāṇā [mu.u. 2.1.8] ity ādau gauṇa-prāṇānāṁ ca tatra tāni sa-prāṇāni indriyāṇi sva-sva-kāryāya svayaṁ pravarterann utaiṣāṁ prerako’nyo’sti | sa ca devatā-gaṇo jīvaḥ paro veti vīkṣāyāṁ svayam eva tāni pravarteran kārya-śakti-yogāt devatā-gaṇo vā tat-pravartako’stu | agnir vāg bhūtvā mukhaṁ prāviśat [ai.u. 1.2.4] ity ādi śruteḥ | jīvo vā tad-bhoga-sādhanatvād ity evaṁ prāpte—,5
4041,jyotir-ādy-adhiṣṭhānaṁ tu tad-āmananāt ||,2
4043,tu-śabdaḥ śaṅkā-nirāsārthaḥ | jyotir brahmaiva teṣām ādy-adhiṣṭhānaṁ mukhya-pravartakam | kartari lyuṭ | kutaḥ ? tad iti | antaryāmi-brāhmaṇe tasyaiva prāṇendriya-pravartakatvāvagamāt | bṛhad-āraṇyake—yaḥ prāṇeṣu tiṣṭhan ity ādiṣu devānāṁ jīvasya ca tat-prayojyānām eva prayojakatā na nivāryate | svataḥ pravṛttis tu na bhavet jāḍyāt ||14||,3
4046,hds: 4.9.6-7,2
4052,prāṇavatā śabdāt || ,2
4054,"prāṇavatā jīvena tāni sa-prāṇānīndriyāṇi saṅgṛhyante bhogāya | evaṁ kutaḥ ? śabdāt | sa yathā mahārājo jānapadān gṛhītvā sve janapade yathā-kāmaṁ parivartetaivam evaiṣa etat prāṇān gṛhītvā sve śarīre yathā-kāmaṁ parivartate [bṛ.ā.u. 2.1.18] iti tatraiva śravaṇāt | ayam atra niṣkarṣaḥ—paramātmanādhiṣṭhitā devā jīvāś cendriyāni adhitiṣṭhanti | pūrve tat pravartana-mātrāya, pare tu tair bhogāya | tatraiva tat saṅkalpād iti ||15||",3
4063,tasya ca nityatvāt ||,2
4067,rpc: 10.87.42,2
4068,hds: 4.9.6,2
4077,ta indriyāṇi tad-vyapadeśād anyatra śreṣṭhāt ||,2
4079,te prāṇa-śabditāḥ śreṣṭhetare evendriyāṇi | kutaḥ ? tad iti | etasmād ity ādi śrutau mukhya-prāṇād itareṣu śrotrādiṣv indriyatva-vacanāt | indriyāṇi daśaikaṁ ca [gītā 13.5] ity ādau smṛtau ca | tathā prāṇo mukhyaḥ sa tv anindriyam iti śruty-antarāc ca ||17||,5
4081,rpc: 3.6.9,2
4082,hds: 2.10.16,2
4086,"nanu hantāsyaiva se rūpam asāmety etasyaiva sarve rūpam abhavat iti bṛhad-āraṇyakāt mukhya-prāṇasya vṛtti-bhedānanyān prāṇān avadhārayāmas tat katham ukta-vyavastheti, tatrāha—",5
4088,bheda-śruteḥ ||,2
4090,prāṇo manaḥ sarvendriyāṇi ca iti prāṇād indriyāṇāṁ bheda-śravaṇāt tattvāntarāṇi tānīty arthaḥ | na ca bheda-śruter manaso’nindriyatvaṁ śaṅkyam | maṇaḥ ṣaṣṭānīndriyāṇi [gītā 15.7] iti indriyāṇāṁ manaś cāsmi [gītā 10.22] iti ca smṛteḥ ||18||,6
4093,hds: 2.10.15,2
4097,vailakṣaṇyāc ca || ,2
4101,rpc: 6.3.2-4,2
4102,hds: 2.10.16,2
4111,seyaṁ devataikṣata hantāham imās tisro devatā anena jīvenātmanānupraviśya nāma-rūpe vyākaravāṇīti | tāsāṁ trivṛtaṁ trivṛtam ekaikāṁ karavāṇīti seyaṁ devatemās tisro devatā anenaiva jīvenātmanānupraviśya nāma-rūpe vyākarot | tāsāṁ trivṛtaṁ trivṛtam ekaikām akarot || [chā.u. 6.3.2-4] iti |,2
4113,"iha nāma-rūpa-vyatikriyā jīva-kartṛkā syād uteśa-kartṛketi vicikitsāyāṁ jīva-kartṛketi prāptam | anena jīvena praviśya vyākaravāṇīti tathā pratyayāt | na ca sahārtheyaṁ tṛtīyā | sambhavantyāṁ kāraka-vibhaktyām upapada-vibhakter anyāyyatvāt | na ca karaṇārthā satya-saṅkalpeśvara-kārye jīvasya sādhakatamatvābhāvāt | na ca praveśo jīva-kartṛko’stu vyākriyā tv īśvara-kartṛkā ktvā-pratyayenaika-kartṛkatva-bodhanāt | na caitasmin pakṣe vyākaravāṇīty uttama-puruṣānupapattiḥ | cāreṇānupraviśya para-sainyaṁ saṅkalayānītivad upapatteḥ | na caitat kapola-kalpanaṁ, viriñco vā idaṁ virecayati vidadhāti brahmā vāva viriñca etasmād dhīme rūpa-nāmanī iti śruty-antarāt | nāma-rūpaṁ ca bhūtānām ity ādi smaraṇāc ca | tasmāt jīva-kartṛkā seti prāptau—",5
4115,saṁjñā-mūrti-kḷptis tu trivṛt kurvata upadeśāt ||,2
4119,trīṇy ekaikaṁ dvidhā kuryāt try-ardhāni vibhajed dvidhā | ,2
4120,tat-tan-mukhyārdham utsṛjya yojayec ca virūpatā ||,2
4122,"pañcīkaraṇasyopalakṣaṇam etat | na ca trivṛt-kṛtiś caturmukhasya śaktyā vaktum | trivṛt-kṛta-tejo’b-anna-nirmitāṇḍa-madhya-jātatvāt tasya | tathā ca smṛtiḥ—tasminn aṇḍe’bhavad brahmā sarva-loka-pitāmahaḥ [ma.saṁ. 1.9] ity ādyā | tasmāt seyam ity atra nāma-rūpa-vyākṛti-trivṛt-kṛtyor eka-kartṛkatvaṁ vivakṣitaṁ, na tu paurvāparyam artha-krameṇa pāṭha-kramasya bādhāt | pūrvāṁ trivṛt-kṛtir uttarā tu nāma-rūpa-vyākṛtir iti | na cātrivṛt-kṛtais tejo’b-annair aṇḍotpattiḥ | atrivṛtāṁ teṣāṁ tatrāsāmārthyāt | tathā hi smṛtiḥ—",5
4124,yadaite’saṅgatā bhāvā bhūtendriya-mano-guṇāḥ |,2
4125,yadāyatana-nirmāṇe na śekur brahma-vittama ||,2
4126,tadā saṁhatya cānyonyaṁ bhagavac-chakti-coditāḥ |,2
4127,sad-asattvam upādāya cobhayaṁ sasṛjur hy adaḥ || [bhā. 2.5.32-33] ity ādyā |,2
4129,"iha pañcī-karaṇam uktam | tac cetthaṁ bodhyam—vibhajya dvidhā pañca-bhūtāni devas tad-ardhāni pañcabdhi-bhāgāni kṛtvā tad-anyeṣu mukhyeṣu bhāgeṣu tat tan niyuñjan sa pañcīkṛtiṁ paśyaati sma | annam aśitaṁ tridhā vidhīyate [chā.u. 6.5.1] ity ādau tu pṛthivyāder ekaikasya tredhā pariṇāmo varṇyate, na tu trivṛt-kṛtiḥ | na cānena jīveneti jīvasya nāma-rūpa-nirmātṛtvaṁ bodhayed iti vācyam | ātmanā jīveneti sāmānādhikaraṇyena jīva-śaktimatas tad-vyāpino brahmaṇa eva tattvābhidhānāt | etena viriñco vā ity ādikaṁ vyākhyātam | evaṁ ca praviśyottama-puruṣayor akaṣṭatā mukhyārthatā ca syāt | tathā ca praveśa-vyākaraṇayor eka-kartṛkatā ca | tasmād īśa-kartṛkaiva tad-vyākṛtiḥ | sarvāṇi rūpāṇi vicitya dhīro nāmāni kṛtvābhivadan yad āste [tai.ā. 3.12.16] iti taittirīyakāc ca ||20||",5
4131,"rpc: 2.5.32-33, 2.10.3, 2.6.30, 2.5.11, 2.5.21, 2.5.14, 2.6.15, 10.85.6, 4.7.49, 1.10.22, 6.4.28.",2
4132,hds: 3.26.19-20.,2
4136,"atha mūrti-śabdito dehaḥ parīkṣyate | śarīraṁ pṛthivīm apyeti iti śruteḥ pārthivo dehaḥ adbhyo hīdam utpadyate āpo vāva māṁsam asthi ca bhavanty āpaḥ śarīram āpa evdaṁ sarvam iti śruter āpyaḥ, sa agner deva-yonyā ity ādi śrutes taijasaś ca | iha bhavati saṁśayaḥ—dehaḥ pārthivaḥ āpyas taijasaś ca syād uta sarvo’pi try-ātmaka iti travidhya-śravaṇād anirṇayena bhāvyam iti prāpte—",7
4138,māṁsādi-bhaumaṁ yathā-śabdam itarayoś ca ||,2
4140,"māṁsādy eva hehasya bhaumaṁ bhūmeḥ kāryaṁ bhavati | tathetaryor jala-tejasoś ca kṛtyam asṛg-asthy-ādikaṁ tatrāsti | tad etat yathā śabdam abhyupeyam | śabdaś ca, yat kaṭhinaṁ sā pṛthivī, yad dravaṁ tad āpo, yad uṣṇaṁ tat tejaḥ iti garbhopaniṣat | tathā ca sarvo dehas trirūpaḥ ||21||",3
4149,vaiśeṣyāt tu tad-vādas tad-vādaḥ ||,2
4154,"hds: 3.26.44, 3.26.48",2
4175,pūrvādhyāya-dvayena viśvaika-hetuṁ nirdoṣa-guṇa-ratnākaraṁ sac-cid-ānandātmakaṁ puruṣottamaṁ mumukṣu-dhyeyatayā sarvo vedāntaḥ pratipādayatīty etat sarvāviruddham ity ukter brahma-svarūpaṁ nirūpitam | athāsmin tṛtīye’dhyāye tat-prāpakāṇi sādhanāni nirūpyante | teṣu mukhyaṁ tāvat prāpyetara-vaitṛṣṇyaṁ prāpya-tṛṣṇā ceti tat-siddhaye pūrva-pāda-dvayam ārabhyate | tatra prathame pāde pañcāgni-vidyām āśritya nānāvasthasya jīvasya loka-gatyā gati-rūpā doṣāḥ prakāśyante loka-virāgāya | dvitīye tu prāpyānurāga-hetavaḥ tan-mahimādayo guṇā vakṣyante | chāndogye śvetaketur hāruṇeyaḥ pāñcālānāṁ samitim iyāya [chā.u. 5.3.1] ity ādinā pañcāgni-vidyā paṭhitā | tatra jīvaḥ para-lokaṁ gacchati tasmāt punar imaṁ lokam āgacchatīti pratīyate | iha saṁśayaḥ | para-lokaṁ gacchan jīvaḥ sūkṣma-bhūtair viyuktaḥ pariṣvakto vā gacchatīti | tatrāpi teṣā saulabhyād viyukto gacchatīti prāpte—,5
4177,tad-anantara-pratipattau raṁhati sampariṣvaktaḥ praśna-nirūpaṇābhyām ||,2
4179,"tac-chabdena dehaḥ parāmṛṣṭaḥ | pūrvaṁ tasya mūrti-śabditasya prakramāt | dehād dehāntara-prāptau bhūta-sūkṣmaiḥ sampariṣvakto jīvo raṁhati gacchati | kutaḥ ? vettha yathety ādi-rūpāt praśnāt | asau vāvety ādi-rūpāt tad-uttarāc ca | tatreyam ākhyāyikā | pravāhaṇo nāma kṣatriyaḥ pañcālādhipatir nijāntikā-gataṁ śvetaketuṁ vipra-kumāraṁ pañcārthān papraccha | karmiṇāṁ gantavya-deśam, punar-āvṛtti-prakāram, amuṣjñāna lokasyāprāptāraṁ devayāna-pitṛyānayor bhedakaṁ rūpaṁ ca vettheti vettha yathā pañcamy-āhutā vāpaḥ puruṣa-vacaso bhavanti [chā.u. 5.3.3] iti ca | sa ca kumāraḥ praśna-pārājñānād vimanāḥ pitaraṁ gautamam upetya paridevayāmāsa | pitāpy avidita-praṣṭavyas tad-bubhutsayā pravāhaṇam āgatya kṛtārhaṇaṁ vitta-ditsuṁ ca taṁ prati tān eva pañca praśnān vibhikṣe | sa ca tam antimaṁ praśnaṁ prati bruvann āha asau vāva loko gautamāgniḥ [chā.u. 5.4.1] ity ādi | tatra hi dyu-parjanya-pṛthivī-puruṣayoṣāḥ pañcāgnitayā nirūpitāḥ | teṣu pañcasv agniṣu śraddhā-soma-vṛṣṭy-anna-reto-rūpāḥ kramāt pañcāhutayaḥ paṭhitāḥ | hotāraḥ sarvatra devāḥ | homas tu bhūta-sūkṣma-pariveṣṭitasya jīvasya svar-bhogādi-lābhāya devaiḥ kṛto dyu-lokādiṣu prakṣepaḥ | mṛtasya jīvasya indriyāṇi khalu devāḥ kathyante | te hi dyu-lokāgnau huto varṣaṁ bhavati | tac ca varṣaṁ bhavatīty uktvāha -- iti tu pañcamyām āhutā vāpaḥ puruṣa-vacaso bhavanti [chā.u. 5.9.1] iti | ity ukta-krameṇa reto-rūpāyāṁ pañcamyām āhutau hutāyām āpaḥ puruṣa-vacasaḥ puruṣa-śabda-vācyā deha-rūpā bhavantīty arthaḥ | iha yābhir adbhir yukto divaṁ gatas tāsām evokta-rītyā strīm āpannānāṁ puruṣa-rūpateti pratīteḥ sūkṣma-bhūta-pariṣvakto raṁhatīti siddham ||3.1.1||",9
4181,"rpc: 11.22.36, 3.32.43-44, 6.1.51, 11.25.35-36, 2.2.23.",2
4182,hds : 3.32.43-44.,2
4188,try-atmakatvāt tu bhūyastvāt |,2
4190,śaṅkā-nivṛttaye tu-śabdaḥ | trivṛt-kṛtānām apāṁ tribhṭīrūpatvāt tāsāṁ gatau trayāṇām api gatir anumatety arthaḥ | tathāpy ap-śabda-prayogaḥ | śukra-śoṇita-rūpe deha-bīje drava-bhūmnā tāsāṁ bhūyastvāt | tāpāpanodo bhūyastvam ambhaso vṛttayas tv imā [bhā.pu. 3.26.41] iti smṛteś ca | bhūmnā hi vyapadeśā bhavanti ||2||,3
4192,"rpc: 3.26.53, 3.26.41",2
4193,"hds: 3.26.41, 5.20.23.",2
4197,prāṇa-gateś ca ||,2
4199,dehāntarāptau prāṇānāṁ gatiḥ śrūyate bṛhad-āraṇyake—tam utkrāmantaṁ prāṇo’nūtkrāmati prāṇam anūtkrāmantaṁ sarve prāṇā anūtkrāmanti [bṛ.ā.u. 4.4.2] ity ādinā | sā khalu nirāśrayā na sambhaved atas tad-āśraya-bhūtānāṁ bhūtānāṁ gatiḥ svīkāryety arthaḥ ||3||,3
4201,rpc: ---,2
4202,hds: 11.15.24.,2
4206,"agny-ādi-gati-śruter iti cen, na, bhāktatvāt ||",2
4209,"yatrāsya puruṣasya mṛtasyāgniṁ vāg apy eti, vātaṁ prāṇaś, cakṣur ādityaṁ, manaś candraṁ, diśaḥ śrotraṁ, pṛthivī śarīram, ākāśam ātmauṣadhīr lomāni, vanaspatīn keśā, apsu lohitaṁ ca retaś ca nidhīyate [bṛ.ā.u. 3.2.13] iti |",2
4214,"hds: 4.23.13, 4.23.15.",2
4218,prathame’śravaṇād iti cen na tā eva hy upapatteḥ ||,2
4220,"nanu yady āpaḥ pañcāpy āhutayaḥ syus tadā pañcamyām iti vākyād adbhiḥ pariṣvakto yātīti śakyaṁ vaditum | na ca tathāsti prathame’gnau tāsām ahutitvāśravaṇāt | tatra hi śraddhaivāhutir uktā | tasminn agnau devāḥ śraddhāṁ juhvati [chā.u. 5.4.2] iti tasyā mano-vṛtti-rūpatvena prasiddher nāptvaṁ sambhavati | somādīnāṁ ca kathañcit sambhavet, ato nāsmād vākyād bhūta-pariṣvaṅgo gacchato mṛtasyeti cen, na | hi yataḥ prathame’py agnau tā evāpaḥ śraddhā-śabdenocyate | kutaḥ ? upapatteḥ praśnottarayor iti śeṣaḥ | vettha yatheti praśne pañcasv agniṣv āpo homyā vivakṣitāḥ | tasyottarārambhe prathame’gnau śraddhā homyoktā | tatra śraddhā-śabdena cen nāpo vācyās tadā tayor vairūpyāpattir ity arthaḥ | apāṁ pañcama-homa-sambandho hītara-homa-catuṣṭaya-sambandha evopapadyate | śraddhā-kāryaṁ ca soma-vṛṣṭy-ādi syūlībhavad-ab-bahulaṁ vīkṣyate | kāraṇānurūpaṁ ca kāryam iti śraddhāyā aptve yuktiś ca | tasmāt tatra śraddhā-śabdenāpo grāhyāḥ | śraddhā vā āpa [kṛ.ya.ve. 1.1.6.8] iti śruteś ca | mano-vṛttis tu na syāt, manaso niṣkṛṣya tasyā homānupapatteḥ | tasmād adbhiḥ pariṣvakto yātīti ||5||",7
4222,rpc: ---,2
4223,hds: 1.15.39.,2
4229,aśrutatvād iti cen na iṣṭādi-kāriṇāṁ pratīteḥ ||,2
4231,"aśrutatvam asiddham | tatraiva chāndogye candraṁ pratīṣṭādi-kṛtāṁ gati-pratyayāt | atha ya ime grāma iṣṭā-pūrte dattam ity upāsate te dhūmam abhisambhavanti [chā.u. 5.10.3] ity ādinā, ākāśāc candramasam eṣā somo rājā [chā.u. 5.10.4] ity antena | tatreṣṭādi-kāriṇāṁ candraṁ prāpya soma-rājākhyā bhavantīty avagamyate | tathā dyu-lokāgnau devāḥ śraddhāṁ juhvati | tasyāḥ āhuteḥ somo rājā sambhavati ity atrāpi tadaikārthyāt śraddhā-śarīra-yuktaḥ soma-śarīra-yukto bhavatīti avasīyate | śarīrasya jīvaikāśrayatva-svābhāvyāt tad-vācakasya śabdasya jīve paryavasānam iti tat-pariṣvakto’sau yātīti sthiram ||6||",7
4233,"rpc: 3.32.1-4, 7.15.40, 11.11.46, 7.15.29.",2
4238,"nanu, eṣa somo rājā devānām annaṁ taṁ devā bhakṣayanti [chā.u. 5.10.4] iti soma-rāja-śabditasya deva-bhakṣyatva-śravaṇāt na sa jīvaḥ śakyo vaktum | tasya bhakṣayitum aśakyatvād iti cet, tatrāha—",3
4240,"bhāktaṁ vānātmavittvāt, tathā hi darśayati ||",2
4242,"veti śaṅkā-hānau | soma-rāja-śabditasya jīvasya devānnatvaṁ bhāktam | annavat tad-bhoga-hetutvād upacaritam ity arthaḥ | tad-dhetutvaṁ tat-sevakatvāt | tac cānātmavittvāt | śrutir apy anātmajñasya deva-sevakatāṁ darśayati | atha yo’nyāṁ devatām upāste anyo’sāv anyo’ham asmīti na sa veda, yathā paśur eva sa devānām [bṛ.ā.u. 1.4.10] iti bṛhad-āraṇyake | ayaṁ bhāvaḥ—annavad-bhakṣaṇa-sambhavāt tadvad bhoga-sādhanatvāc ca jīvasya devānnatvaṁ tatropacaryate | viśo’nnaṁ rājñāṁ paśavo’nnaṁ viśām ity aupacārika-prayoga-darśanāc ca | mukhyatve tu jyotiṣṭomādi-vidhi-vaiyarthyāpattiḥ | devāś cec candraloka-gataṁ bhakṣayeyuḥ kim-arthaṁ janas tatra gacchet, kim-arthaṁ vā tat-prāpakaṁ jyotiṣṭomādi-prayāsaṁ kuryād iti | tasmād adbhiḥ pariṣvakto yātīti siddham ||7||",5
4244,"rpc: 11.10.22, 11.10.25-28, 11.25.20-21, 11.25.29, 11.10.31-32.",2
4245,"hds: 4.29.48, 4.29.31.",2
4251,ayaṁ ya ime grāma ity ādinā kevala-karmiṇāṁ dhūmādi-mārgeṇa svarga-prāptim abhidhāya tad-ante punar-āvṛttiḥ paṭhyate tatraiva chāndogye— tasmin yavāt saṁpātam uṣitvāthaitam evādhvānaṁ punar nivartante [chā.u. 5.10.5] iti | tatra saṁśayaḥ—svargād avarohan niranuśayaḥ sānuśayo veti | yāvat sampātam uṣitvety ukteḥ—prāpyāntaṁ karmaṇas tasya ity ādy-ukteś ca niranuśayo’varohatīti | sampātaḥ karma sampatanty anena svargam iti vyutpatteḥ | anuśayo bhukta-śiṣṭaṁ karma | anuśete kartāraṁ phala-bhogāyeti vyutpatteḥ | tac ca kṛtsna-phala-bhoge sati nāvaśiṣyate | evaṁ prāpte paṭhati—,5
4253,kṛtātyaye’nuśayavān dṛṣṭa-smṛtibhyām ||,3
4257,tad ya iha ramaṇīya-caraṇā abhyāśo ha yat te ramaṇīyāṁ yonim āpadyeran brāhmaṇa-yoniṁ vā kṣatriya-yoniṁ vā vaiśya-yoniṁ vātha ya iha kapūya-caraṇā abhyāśo ha yat te kapūyāṁ yonim āpadyerañ śva-yoniṁ vā sūkara-yoniṁ vā cāṇḍāla-yoniṁ vā [chā.u. 5.10.7] iti tatraiva darśanāt |,2
4259,ramaṇīya-caraṇā ramaṇīya-karmāṇaḥ | bhukta-śiṣṭa-pakva-sukṛtavanta ity arthaḥ | abhyāso’bhyāgantāraḥ abhyāpūrvādaseḥ kvipi rūpam | ha sphuṭam | yad yadā | tadety arthāt | iha punar bhave te ubhaya-śeṣābhyāṁ niviśanti iti smṛteś ca | tasmāt sānuśayo’varohati yāvat sampātam ity ādi vākyaṁ tu phalārpaṇa-pravṛtta-karma-viśeṣa-param ity avirodhaḥ ||8||,3
4268,yathetam anevaṁ ca ||,2
4272,rpc: ---,2
4273,hds: 11.10.26.,2
4277,caraṇād iti cen na tad-upalakṣaṇārtheti kārṣṇājiniḥ ||,2
4279,nanu svargāt pracyuto’nuśayād yoniṁ prāpnotīti na yujyate | ramaṇīya-caraṇā ity ādi śrutyā caraṇāt tadāpatty-abhidhānāt | na cānuśaya-caraṇa-śabdayor aikārthyam | yathākārī yathācārī tathā bhavati iti bṛhad-āraṇyake tayor bhinnārthatvokteḥ | karma-śeṣo’nuśayaś caraṇaṁ tv ācāra iti cen nāyaṁ doṣaḥ | yato’nuśayopalakṣaṇārthaiṣā caraṇa-śrutir iti kārṣṇājinir manyate | karmaṇaḥ sarvārtha-hetutayā śāstrārtha-prasiddher iti bhāvaḥ ||10||,3
4281,rpc: 3.30.32-33,2
4282,"hds: 4.29.74-75, 4.29.78",2
4286,ānarthakyam iti cen na tad-apekṣatvāt ||,2
4288,"nanu karmaṇaḥ sarvārtha-hetutve vaiphalyam ācārasya tataś ca tad-vidhir vyartha iti cen, na | kutaḥ ? karmaṇo’py ācāra-sāpekṣatvāt | na hi sad-ācāra-vihīnaḥ karmaṇy adhikriyate | sandhyā-hīno’śucir nityam anarhaḥ sarva-karmasu ity ādi smṛteḥ | tathā ca sācārasya karmaṇaḥ phala-hetutvāt tayā karmopalakṣyate iti kārṣṇājiner matam ||11||",5
4290,"rpc: 11.18.42-43, 11.18.45.",2
4291,hds: 3.31.32,2
4295,sukṛta-duṣkṛte eveti tu bādariḥ ||,2
4300,hds: 3.31.42-43,2
4306,asūryā nāma te lokā andhena tamasāvṛtāḥ |,4
4307,tāṁs te pretyābhigacchanti ye ke cātma-hano janāḥ || [īśo. 3],2
4311,aniṣṭādi-kāriṇām api ca śrutam ||,2
4313,"iṣṭādi-kṛtām ivāniṣṭādi-kṛtām api candre gamanaṁ śrutam—ye vai ke cāsmāl lokāt prayanti candramasam eva te sarve gacchanti [kau.u. 1.2] iti kauṣītaky-upaniṣadi sarveṣām aviśeṣeṇa gati-śravaṇāt, te’pi taṁ gacchantīti | evaṁ saty ukta-vākyaṁ durācāra-nivṛtti-paratayā neyam | ",3
4317,rpc: ---,2
4326,saṁyamane tv anubhūyetareṣām ārohāvarohau tad-gati-darśanāt ||,2
4330,na sāmparāyaḥ pratibhāti bālaṁ ,2
4331,pramādyantaṁ vitta-mohena mūḍham | ,2
4332,ayaṁ loko nāsti para iti mānī ,2
4333,punaḥ punar vaśam āpadyate me || [ka.u. 1.2.6] iti | ,2
4335,rpc: 3.30.32-33.,2
4336,"hds: 3.30.33, 3.32.19, 3.32.21.",2
4340,smaranti ca ||,2
4342,tatra tatra patan śrānto mūrcchitaḥ punar utthitaḥ |,2
4343,pathā pāpīyasā nītas tarasā yama-sādanam || [bhā.pu. 3.30.23] ,2
4345,"ity ādau, sarve caite vaśaṁ yānti yamasya bhagavan ity ādiṣu ca pāpināṁ yama-vaśyatāṁ munayaḥ smarantīti ||15||",3
4347,rpc: 3.30.19-21.,2
4348,hds: 3.30.23,2
4352,api sapta ||,2
4354,rauravo’tha mahāṁś caiva vahnir vaitaraṇī tathā |,2
4355,kumbhīpākaḥ iti proktāny anitya-narakāni tu ||,2
4356,tāmisraś cāndha-tamisro dvau nityau samprakīrtitau |,2
4357,iti sapta pradhānāni balīyastūttarottaram || iti bhārate |,4
4361,rpc: ---,2
4362,hds: 5.26.7.,2
4368,tatrāpi ca tad-vyāpārād avirodhaḥ ||,2
4372,"rpc: 5.26.6, 4.29.23-35, 4.29.47, 1.2.13, 2.2.36, 2.3.10, 4.30.32-33, 3.15.49, 10.14.8",2
4373,hds: 5.26.6.,2
4379,vidyā-karmaṇor iti tu prakṛtatvāt ||,2
4381,tu-śabdād akṣepa-nivṛttiḥ | nety ākṛṣyam | pāpināṁ candrāptir naivāpapadyate | kutaḥ ? devayāna-pitṛyānayoḥ pratipattau vidyā-karmaṇor eva prakṛtatvāt | chāndogye tad ya itthaṁ viduḥ [chā.u. 5.10.1] ity ādinā vidyayā devayāna-panthāḥ prāpyaḥ prakīrtyate | atha ya ime grāma [chā.u. 5.10.3] ity ādinā tu karmaṇā pitṛ-yānaḥ panthāḥ prāpya iti | evaṁ sati sa sarva-śabdo’dhikṛtāpekṣo bhavet ||18||,5
4383,rpc: 7.15.42-43,2
4384,"hds: 3.32.3, 3.32.5-7",2
4390,na tṛtīye tathopalabdheḥ ||,2
4394,athaitayoḥ pathor na katareṇacana tānīmāni kṣudrāṇy asakṛd-āvartīni bhūtāni jīvanti | jāyasva mriyasvety etat tṛtīyaṁ sthānam | tenāsau loke na sampūryate [chā.u. 5.10.8] iti | ,4
4398,rpc: ---,2
4399,"hds: 3.30.30, 3.30.33-34.",2
4403,smaryate’pi ca loke ||,2
4407,rpc: ---,2
4412,darśanāc ca ||,2
4414,yeṣāṁ khalv eṣāṁ bhūtānāṁ trīṇy eva bījāni bhavanti |,2
4415,aṇḍajaṁ jīvajam udbhijjam [chā.u. 6.3.1] iti |,2
4419,rpc: ---,2
4420,"hds: 2.6.15, 2.10.39.",2
4426,tṛtīya-śabdāvarodhaḥ saṁśokajasya ||,2
4430,"rpc: 3.7.28, 2.10.38",2
4431,hds: 3.7.27.,2
4440,athaitam evādhvānaṁ punar nivartante yathetam ākāśam ākāśād vāyuṁ vāyur bhūtvā dhūmo bhavati dhūmo bhūtvābhraṁ bhavaty abhraṁ bhūtvā megho bhavati megho bhūtvā pravarṣati [chā.u. 5.10.5] iti | ,2
4444,tat-svābhāvyāpattir upapatteḥ ||,2
4448,rpc: ---,2
4449,hds: 3.26.34.,2
4457,nāticireṇa viśeṣāt ||,2
4461,rpc: 7.15.41,2
4462,hds: 3.30.34.,2
4469,"pravarṣaṇānantaraṁ, ta iha vrīhi-yavā oṣadhi-vanaspatayas tilamāṣā iti jāyante [chā.u. 5.10.6] iti tatraiva śrūyate | iha saṁśayaḥ—vrīhy-ādiṣv anuśayināṁ mukhyaṁ janmeti saṁśleṣa-mātram iti | jāyanta ity ukter mukhyaṁ janmeti prāptau—",3
4471,anyādhiṣṭhite pūrvavad abhilāṣāt ||,2
4473,"anyair jīvair bhoktṛtayādhiṣṭhite vrīhy-ādi-dehe teṣāṁ saṁśleṣa-mātram eva syāt | na tu te bhogāya tatra utpadyante | kutaḥ ? pūrveti | ākāśādi-bhāvavat vrīhy-ādi-bhāvasyāpy ukter ity arthaḥ | yathākāśādiṣu pravarṣaṇānteṣu bhoga-hetuḥ karma nābhilapyate tathā vrīhy-ādi-bhāve’pi | yatra tu bhāgo’bhimatas tatra, ramaṇīya-caraṇā ity ādinā tad abhilapyate | tasmāt saṁśleṣa-mātram eva tat, na tu mukhyaṁ janmeti ||25||",3
4475,rpc: 7.15.41,2
4476,hds: 3.32.44,2
4480,aśuddham iti cen na śabdāt ||,2
4482,"nanv anyair adhiṣṭhite vrīhy-ādi-dehe nauśayināṁ saṁśleṣa-mātram eva na tu bhogārthaṁ janma, bhoga-hetoḥ karmaarṇābhāvāt ity uktir ayuktā tad-dhetoḥ sattvāt | tathā hi, svargādi-phalakam iṣṭādi-karmaivāśuddham agnisomīyādi-paśu-hiṁsā-miśratvāt | hiṁsā tu pāpam eva | mā hiṁsyāt sarvā bhūtāni iti pratiṣedhāt | tataś ca pūyāṁśaḥ svargaṁ date pāpāṁśas tu vrīhy-ādi-bhāvam iti | śarīra-jaiḥ karma-doṣair yāti sthāvaratāṁ naraḥ [manu 12.9] iti smṛteś ca | ato vrīhyādiṣu mukhyaṁ janmeti cen, na | kutaḥ ? śabdāt | agniṣomīyaṁ paśum ālabheta ity ādi-veda-vākyād ity arthaḥ | tathā ca dharmatvādharmatvayor vedaika-gamyatvād utsargo hi saḥ | agniṣomīyam iti tv apavādaḥ | utsargāpavādayor vyavasthita-viṣayatvāt na kiṁcic codyam asti | tasmād vrīhy-ādibhiḥ saṁśleṣa-mātraṁ janmeti ||26||",5
4485,hds: 11.5.13.,2
4492,retaḥ sig-yogo’tha ||,2
4494,atha vrīhy-ādi-bhāvānantaram anuśayino retaḥ-sig-yogas tatraiva śrūyate | yo yo hy annam atti yo retaḥ siñcati tad bhūya eva bhavati [chā.u. 5.10.6] iti | na ca tasya mukhyaṁ retaḥ sig-rūpatvam | anyasyānya-rūpatvāsambhavāt | tattve dehāpty-ayogāc ca | tasmāt saṁśleṣa-mātraṁ tat-svīkāryam | evaṁ sati vrīhyādāv api tad evāstu vairūpye hetv-abhāvāt ||27||,3
4496,rpc: ---,2
4497,hds: 3.31.1.,2
4501,yoneḥ śarīram ||,2
4503,"lyab-lope karmaṇi pañcamī | pitṛ-śarīrāt mātṛ-yoniṁ praviśya deham āpnoty anuśaya-phala-bhogāya, tad ya iha ramaṇīya-caraṇāḥ [chā.u. 5.10.7] ity ādeḥ | tasmād ākāśādi-prāptir iva vrīhy-ādi-prāptir iti siddham | itthaṁ ca duḥkha-sāre saṁsāre virajya harir evānanda-mayo dhyeyaḥ sudhiyeti vyañjitam ||27||",3
4505,rpc: 3.31.1-4,2
4506,hds: 3.31.2,2
4526,"na tatra rathā na ratha-yogā na panthāno bhavanti, atha rathān ratha-yogān pathaḥ sṛjate | na tatrā’’nandā mudaḥ pramudo bhavanti, athā’’nandān mudaḥ pramudaḥ sṛjate | na tatra veśāntāḥ puṣkariṇyaḥ sravantyo bhavanti, atha puṣkariṇyaḥ sravantyaḥ sṛjate, sa hi kartā [bṛ.ā.u. 4.3.10] iti | ",2
4530,sandhye sṛṣṭir āha hi ||,2
4532,"sandhyaṁ svapnaḥ, sandhyaṁ tṛtīyaṁ svapna-sthānam [bṛ.ā.u. 4.3.9] iti tatraiva śravaṇāt | gāgara-suṣupti-madhya-bhavatvāc ca | tatra yā rathādi-sṛṣṭiḥ sā paramātma-kṛtaiva | kutaḥ ? hi yataḥ | sa hi kartā iti śrutir eva svapne rathādi-sṛṣṭiṁ tat-kṛtām āha | ayaṁ bhāvaḥ—alpālpa-karmānusāri-phala-bhogāya svapna-draṣṭṛ-puṁ-mātrānubhāvyāṁs tāvan-mātra-samayān rathādīn paramātmā sṛjati | tasmāt sa hi karteti satya-saṅkalpasyācintya-śakteḥ tādṛśa-kartṛtvaṁ sambhavaty evety arthaḥ | svapnāntam ity ādi śruty-antarāc ceti | jaivī satya-saṅkalpatā tu mokṣe syād ato na tayā svapna-sṛṣṭiḥ ||1||",5
4535,hds : 6.16.55.,2
4539,nirmātāraṁ caike putrādayaś ca ||,2
4541,"yata eke kaṭhāḥ paramātmānam eva svāpnikānāṁ kāmānāṁ nirmātāram āmananti, ya eṣu supteṣu jāgarti kāmaṁ kāmaṁ puruṣo nirmimāṇa [ka.u. 2.2.8] iti | eṣu jīveṣu te ca kāmāḥ putrādaya eva na tv icchā-mātram | sarvān kāmān chandattaḥ prārthayasva śatāyuṣaḥ putra-pautrān vṛṇīṣva [ka.u. 1.1.25] iti teṣām eva kāma-śabdena prakṛtatvāt | etasmād eva putro jāyate, etasmād bhrātā | etasmād bhāryā, yad enaṁ svapne nābhihanti [gaupavana-śruti] iti smṛty-antarāc ca ||2||",7
4544,hds : 11.13.32.,2
4550,māyā-mātraṁ tu kārtsnyenānabhivyakta-svarūpatvāt ||,2
4552,svapna-sṛṣṭāvatarkyā māyaiva karaṇam | na tu pañcīkṛtāni bhūtāni caturmukhādayaś ca | kutaḥ ? kṛtsnyenety ādeḥ sarvānubhāvyatayānabhivyakter ity arthaḥ | tasmāt paramātma-kṛtā svapna-sṛṣṭir iti siddham ||3||,3
4554,"rpc : 7.13.23, 11.3.36.",2
4555,hds : 11.13.32.,2
4564,sūcakaś ca hi śruter ācakṣate ca tad-vidaḥ ||,2
4568,yadā karmasu kāmyeṣu striyaṁ svapne’bhipaśyati | ,2
4569,samṛddhiṁ tatra jānīyāt tasmin svapna-nidarśane || iti chāndogyāt [5.2.9] |,2
4571,"atha svapne puruṣaṁ kṛṣṇaṁ kṛṣṇa-dantaṁ paśyati sa enaṁ hanti iti kauṣītakī-brāhmaṇāc ca | tad-vidaḥ svapna-jñāś ca svapnaṁ śubhādi-sūcakam ācakṣate | svapne gajārohaṇaṁ śubhasya, kharārohaṇaṁ tv aśubhasya sūcakam ity ādi | ",2
4573,ādiṣṭavān yathā svapne rāma-rakṣām imāṁ haraḥ | ,2
4574,tathā likhitavān prātaḥ prabuddho budha-kauśikaḥ ||,2
4584,parābhidhyānāt tu tirohitaṁ tato hy asya bandha-viparyayau ||,2
4588,svapnādi-buddhi-kartā ca tiraskartā sa eva tu | ,2
4589,tad-icchayā yato hy asya bandha-mokṣau pratiṣṭhitau || iti smṛteś ca | ,2
4593,"rpc : 3.26.6-7, 11.11.3-4, 11.3.41, 11.20.30.",2
4603,svapnāntaṁ jāgaritāntaṁ cobhau yenānupaśyati |,2
4604,mahāntaṁ vibhum ātmānaṁ matvā dhīro na śocati || [ka.u. 2.1.4] iti |,2
4608,deha-yogād vā so’pi || ,2
4612,"rpc : 11.11.10, 11.13.24-25, 3.31.43-44.",2
4613,hds : 11.13.32.,2
4621,"atha suṣupti-sthānaṁ cintyate | tatraitāḥ suṣupit-viṣayāḥ śrutayaḥ | āsu tadā nāḍīṣu sṛpto bhavati [chā.u. 8.6.1] iti chāndogye | tābhiḥ pratyavasṛpya purītati śete [bṛ.ā.u. 2.1.19] iti | ya eṣo’ntar hṛdaya ākāśas tasmiñ śete [bṛ.ā.u. 4.4.22] iti ca bṛhad-āraṇyake | evam anyatra ca | iha ākāśa-śabdo brahma-vācakaḥ | atra nāḍyaḥ purītad brahma ca suṣupty-ādhāratayā śrūyante | kim eṣāṁ vikalpaḥ samuccayo veti vīkṣāyāṁ tulyārthānāṁ mitho’pekṣādarśanāt, tulyārthas tu vikalperan iti nyāyāc ca vikalpaḥ syāt | iti prāpte—",9
4623,tad-abhāvo nāḍīṣu tac-chruter ātmani ca || ,2
4626,"rpc : 11.13.26, 11.25.19, 12.11.18-19.",2
4627,hds : 6.16.55-56.,2
4631,ataḥ prabodho’smāt ||,2
4633,"yato brahmaiva supti-sthānaṁ nāḍy-ādīnāṁ tu dvāra-mātratāto’smād brahmaṇaḥ sakāśād eva svāpottaraṁ prabodhaḥ śrūyate chāndogye—sataś cāgatya na viduḥ sata āgacchāmahe [chā.u. 6.10.2] iti | vikalpe tu kadācin nāḍībhyaḥ kadācit pūrītataḥ kadācic ca brahmaṇaḥ sa śrūyate, na ca tathāsti | tasmād brahmaiva tat ||8||",3
4636,"rpc : 8.1.7, 8.1.9",2
4644,atha sataś cāgatya na viduḥ [chā.u. 6.10.2] ity atra vicārāntaram | supta evottiṣṭhed utānya eveti saṁśaye brahma-sampannasya prācīna-dehādi-sambandhāsambhavāt anya eveti prāpte—,3
4646,sa eva tu karmānusmṛti-śabda-vidhibhyaḥ ||,2
4648,"tu-śabdaḥ śaṅkā-kṣepāya | supta evottiṣṭhati nānyaḥ | kutaḥ ? karmādibhyaḥ | supti-prāg-anuṣṭhita-śeṣa-laukika-karma-samāpanaṁ karmā-śabdārthaḥ | anusmṛtir yo’haṁ suptaḥ sa eva pratibuddho’smi pratyabhijñā | śabdas tu--iha vyāghro vā siṁho vā vṛko vā varāho vā kīṭo vā pataṅgo vā daṁśo vā maśako vā yad yad bhavanti tadā bhavanti [chā.u. 6.10.2] iti chāndogya-śrutiḥ | vyāghrādayo jīvāḥ supteḥ prāg yad yac charīraṁ prāptās ta eva pratibuddhās tat tad evāpnuvantīti tatrārthaḥ | vidhiś ca, ātmānam eva lokam upāsīta [bṛ.ā.u. 1.4.15] iti bṛhad-āraṇyaka-dṛṣṭo mokṣa-viṣayaḥ | so’pi suptasya muktatve’rthakaḥ syāt | ayaṁ bhāvaḥ—yathā lavaṇāmbu-pūrṇaḥ pihita-mukhaḥ kumbho gaṅgāyāṁ nikṣiptaḥ punar uddhriyate, tathā vāsanāvṛto jīvaḥ supto virata-samasta-karaṇo viśvāsa-sthānaṁ brahma sampadyāpi puna-bhogāyottiṣṭhati | na ca nirvāsanavat tat-sārūpyam upaiti | tad etac ca karmādibhyo’vagatam iti ||9|| ",5
4650,"rpc : 11.3.40, 11.13.31, 11.28.15, 11.25.19. ",2
4651,"hds : 11.13.27-28, 11.3.39",2
4661,mugdhe’rdha-sampattiḥ pariśeṣāt ||,2
4665,hṛdaya-sthāt parāj jīvo dūrastho jāgrad eṣyati |,2
4666,samīpasthas tathā svapnaṁ svapity asmin layaṁ vrajan |,2
4667,ata evaṁ trayo’vasthā mohas tu pāriśeṣataḥ |,2
4668,ardha-prāptir iti jñeyo dṛśsarva-mātraṁ prati smṛteḥ || iti hi smṛtiḥ ||,4
4674,rpc : vi.pu. 6.5.84-85,2
4675,"hds : 6.16.61-62, 3.30.23, 3.31.6",2
4683,evaṁ nikhila-niyāmakatayā bhagavato mahimā darśitaḥ | idānīṁ bahudhāvabhāto’py aikyaṁ svasmin na tyajatīty avicintya svarūpatā tasya darśyate | yadyapi prakāśādivan naivaṁ paraḥ ity ādinā uktam etat tathāpi yugapad bahu-bhāvena bheda-pratīto na samāhitam ato’trācintyatvena tat-samarthanam | eko’pi san bahudhā yo’vabhāti ity ādi śrutam | ,5
4687,na sthānato’pi parasyobhaya-liṅgaṁ sarvatra hi ||,2
4689,"parasya bhagavataḥ svarūpaṁ sthānato’pi nobhaya-liṅgam ubhaya-lakṣaṇam | sthāna-bhede’pi sthāni viśeṣyaṁ na bhidyate ity arthaḥ | hi yasmād ekam eva svarūpam acintya-śaktyā yugapat sarvatrāvabhāti, eko’pi sann iti śruteḥ | sthānāni bhagavad-āvirbhāvāspadāni tad-vividha-līlāśraya-bhūtāni saṁvyoma-śabditāni | vividha-bhāvavanto bhaktāś ca | teṣu sarveṣv ekam eva svarūpaṁ vibhāti ||11||",3
4691,"rpc : 1.10.21-22, 1.10.24, 1.9.39, 8.1.11, 8.3.24.",2
4692,"hds : 10.33.19, 10.33.16, 3.32.33",2
4698,na bhedād iti cen na pratyekam atad-vacanāt ||,2
4700,"bahudhāvabhātasyāpi tāttvikatvena bhedābheda-prāpteḥ pūrvoktaṁ na yuktam iti cen, na | kutaḥ ? pratīty-ādeḥ indro māyābhiḥ puru-rūpaḥ īyate yuktā hy asya harayaḥ śatādaśety ayaṁ vai harayo’yaṁ vai daśa ca sahasrāṇi ca bahūni cānantāni ca tad etad brahmāpūrvam anaparam anataram abāhyam ayam ātmā brahma sarvānubhūtir ity anuśāsanam [bṛ.ā.u. 2.5.19] iti bṛhad-āraṇyake sarveṣāṁ rūpāṇām aikyokter ity arthaḥ ||12|| ",3
4702,"rpc : 8.1.13-14, 8.5.19, 5.11.12-13",2
4703,hds : 10.69.2,2
4707,api caivam ekam ||,2
4709,api ceti kiṁ cety arthaḥ | amātro’nanta-mātraś ca [māṇḍūkya-kārikā 29] ity eke śākhina evam abhedenānanta-rūpatvena cainaṁ paṭhanti | amātraḥ svāṁśa-bheda-śūnyaḥ | ananta-mātro’saṅkhyeya-svāṁśaḥ | ,3
4711,eka eva paro viṣṇuḥ sarvatrāpi na saṁśayaḥ |,2
4712,aiśvaryād rūpam ekaṁ ca sūryavad bahudheyate || iti smṛteś ca |,4
4716,maṇir yathā vibhāgena nīla-pītādibhir yutaḥ |,2
4717,rūpa-bhedam avāpnoti dhyāna-bhedāt tathācyutaḥ || [viṣṇu-tantra],2
4719,yat tad vapur bhāti vibhūṣaṇāyudhair,2
4720,avyakta-cid-vyaktam adhārayad dhariḥ |,2
4721,babhūva tenaiva sa vāmano vaṭuḥ,2
4722,sampaśyator divya-gatir yathā naṭaḥ || [bhā.pu. 8.18.12] ,2
4726,rpc : 11.11.6-7,2
4727,hds : 9.18.12.,2
4734,"athātma-vigrahatvaṁ bhagavataḥ pratipādyate | vigrahasyātmano bhede satyātmopasarjane tasmin bhaktir apy upasarjanī-bhāvam āsīd iti cen, na caivam asti | tatraiva tasyā prādhānyenānubhavāt | tathā hi—sac-cid-ānanda-rūpāya kṛṣṇāyākliṣṭa-kāriṇe [go.tā.u. 1.2], tam ekaṁ govindaṁ sac-cid-ānanda-vigraham [go.tā.u. 1.29] ity ādkam atharva-śirasi śrūyate | tatra brahma vigrahavan na veti saṁśaye sac-cid-ānando rūpaṁ yayseti bahuvrīhy-āśrayaṇād viṣṇor mūrtir ity ādi vyapadeśāc ca vigrahavat tad iti prāpte—",5
4736,arūpavad eva hi tat-pradhānatvāt ||,2
4742,hds : 10.27.11.,2
4748,prakāśavac cāvaiyarthyāt ||,2
4750,śaṅkā-nirāsāya ca-śabdaḥ | saptamy-antād ivārthe vatiḥ | prakāśaika-rūpe’pi ravau vigrahavattvasya yathā dhyāna-hetutvād avaiyarthyaṁ tathā jñānānandaika-rase’pi brahmaṇi tasya tan mantavyam | tad-dhetutvād eva | itarathā dhyānānupapattiḥ | dhyāyati kāntaṁ virahiṇī ity ādau vigraha-viṣayaṁ tad dṛṣṭam ||15||,3
4752,"rpc : 2.7.41, 10.14.29, 10.63.39, 1.2.11",2
4753,"hds : 10.3.13, 10.3.24.",2
4759,āha ca tan-mātram ||,2
4762,sat-puṇḍarīka-nayanaṁ meghābhaṁ vaidyutāmbaram |,2
4763,dvi-bhujaṁ jñāna-mudrāḍhyaṁ vana-mālinam īśvaram || [go.tā.u. 1.9],2
4765,atra puṇḍarīkākṣatvādi-dharmā sa-vigraha eva īśvara iti visphuṭam | deha-dehi-bhidā caiva neśvare vidyate kvacit iti smṛtiś ca | tathāha—atra dehād bhinno dehīty evaṁ bhideśvara-vastuni nāsti | kiṁ tu deha eva dehīti labdham ||16||,3
4767,"rpc : 10.13.54, 1.18.23, 12.8.43",2
4772,darśayati cātho api smaryate ||,2
4774,"sākṣāt-prakṛti-paro yo’yam ātmā gopālaḥ kathaṁ tv avatīrṇo bhūmyāṁ hi vai [go.tā.u. 2.23] iti tatraivottaratra paṭhitā śrutiḥ paramātmānam eva vigrahaṁ darśayati | gopāla-śabdaḥ khalu parama-kamanīya-pāda-mukhādi-saṁniveśiny abhra-śyāme sarveśe vastuni mukhyaḥ | pūrvatra--gopa-veśam abhrābhaṁ taruṇaṁ kalpa-drumāśritam, sat-puṇḍarīka-nayanaṁ [go.tā.u. 1.8-9] ity ādi śravaṇāt | smaryate cātmaiva vigraha iti | ",4
4776,īśvaraḥ paramaḥ kṛṣṇaḥ sac-cid-ānanda-vigrahaḥ |,2
4777,anādir ādir govindaḥ sarva-kāraṇa-kāraṇam || ity ādibhiḥ |,2
4781,etat tvayā na vijñeyaṁ rūpavān iti dṛśyate | ,2
4782,icchan muhūrtān naśyeyam īśo’haṁ jagato guruḥ | ,2
4783,mātrātma hy eṣā mayā sṛṣṭā yan māṁ paśyaasi nārada | ,2
4784,sarva-bhūta-guṇair yuktaṁ naiva tvaṁ jñātum arhasi || iti smṛteḥ |,2
4788,"rpc : 8.3.21, 8.3.23, 7.9.47, 10.2.34-37.",2
4789,hds : 10.14.1-2,2
4799,bahavaḥ sūryakā yadvat sūryasya sadṛśā jale |,2
4800,evam evātmakā loke parātma-sadṛśā matā || ity ādi śrūyate |,2
4804,darpaṇābhihitā dṛṣṭiḥ parāvṛttya svam ānanam |,2
4805,vyāpnuvatyābhimukhyena vyatyastaṁ darśayen mukham || iti |,2
4809,ata eva copamā sūryakādivat ||,2
4813,"rpc : 11.18.31, 10.54.44, 3.28.43.",4
4814,"hds : 11.11.6, 6.16.46",2
4820,ambuvad agrahaṇāt tu na tathātvam ||,2
4822,"tur avadhāraṇe | ṣaṣṭhy-antāt saptamy-antād vā vatiḥ | ambuvad bimba-viprakṛṣṭasyopādher agrahaṇān na tathātvam | paramātmano vibhutvena tad-vidūra-padārtha-prasiddher upameya-koṭer upamāna-koṭi-tulyatvaṁ nety arthaḥ | bimba-vidūre jalādy-upādhau paricchinnasya sūryāder ābhāso gṛhyate, naivaṁ paramātmanaḥ tasyāparicchedāt | ato na tathātvam iti vā, paramātmanaḥ pratibimbo jīvo na bhavati | alohitam acchāyam iti śruteḥ | kintu tadvac cetana eva saḥ—nityo nityānāṁ cetanaś cetanānām iti tadāpattiḥ | na cātra śabdo’pi dṛṣṭāntaḥ vaidharmyāt | tasmād viṣṇoḥ pratibimbo neti ||19||",5
4825,hds : 11.1.14,2
4831,vṛddhi-hrāsa-bhāktvam antarbhāvād ubhaya-sāmañjasyād evam ||,2
4833,"pratibimba-śāstreṇa mukhyayā vṛttyā nāyaṁ dṛṣṭāntaḥ prayujyate, kintu guṇa-vṛttyaiva vṛddhi-hrāsa-bhāktvam | sādharmyāṁśam āśritya upalakṣaṇam etat | kutaḥ ? antarbhāvāt | etasminn evāṁśe śāstra-tātparya-parisamāpter ity arthaḥ | evaṁ saty ubhaya-sāmañjasyāt | upamānopameyayoḥ saṅgater ity arthaḥ | ayaṁ bhāvaḥ—pūrva-sūtre bimba-pratibimba-bhāvasya mukhyasya nirāsāt kiñcit sādharmyam ādāya prakṛte tad-bhāvaḥ prakīrtyate | tac cetthaṁ bodhyaṁ—sūryo hi vṛddhi-bhāk jalādy-upādhi-dharmair asampṛktaḥ svatantraś ca tat- pratibimbāḥ sūryakās tad-dhrāsa-bhājo jalādy-upādhi-dharma-yojinaḥ paratantrāś ca bhavanty evaṁ paramātmā vibhuḥ prakṛṭi-dharmair asampṛktaḥ svantantraś ca, tad-aṁśakāḥ jīvās tv aṇavaḥ prakṛti-dharma-yoginaḥ para-tantrāś ceti | tasmād iyam upamā tad-bhinnatva-tad-adhīnatva-tat-sādṛśyair eva dharmaiḥ siddhā | na tūpādhi-pratiphalita-rūpābhāsatvena dharmeṇeti | ata eva nirupādhi-pratibimbo jīva ity āha paiṅgi-śrutiḥ | ",7
4835,sopādhir anupādhiś ca pratibimbo dvidheṣyate |,2
4836,jīva īśasyānupādhir indracāpo yathā raveḥ || iti ||20||,2
4839,hds : 3.7.11,2
4843,darśanāc ca ||,2
4848,hds : 3.7.16,2
4852,"nanu naitad upapadyate paramātmavac cetano jīva iti, kintu tad-ābhāsa eva saḥ | bṛhad-āraṇyake dve vāva [bṛ.ā.u. 2.3.1] ity ādinā tad-anya-vastu-mātra-pratiṣedhāt | tathā hi—dve vāva brahmaṇo rūpe mūrtaṁ caivāmūrtaṁ ca ity upakramya, dvairāśyena vibhaktāni pañca-bhūtāni brahmaṇo rūpatvena parāmṛśya, tasya haitasya puruṣasya rūpaṁ, yathā māhārajanaṁ vāso yathā pāṇḍv-āvikaṁ yathendragopo yathā’agny-arcir yathā puṇḍarīkaṁ yathā sakṛd-vidyuttam | sakṛd vidyutteva ha vā asya śrīr bhavati ya evaṁ veda [bṛ.ā.u. 2.3.6] ity anena punaḥ puruṣa-śabdoditasya tasya māhārajanādīni rūpāṇi darśaytivedam āmnāyate—athāta ādeśo neti neti | na hy etasmād iti | nety anyat param asti | atha nāma-dheyaṁ satyasya satyam iti | prāṇā vai satyam | teṣām eṣa satyam iti | asyārthaḥ—atha saprapañca-mūrtāmūrtādi-rūpa-nirūpaṇānantaraṁ yasmāt tat-parijñānān niratiśayaṁ śreyo nāsti, ato neti neti ity ādeśaḥ | neti netīty upadeśyamānaṁ brahmaiva bodhyam ity arthaḥ | tatra vāsanā-rāśi-bhūta-rāśyor jaḍa-cetanayor vā tad-anyayoḥ pratiṣedhāya vīpsā | ādeśārtham evāha—na hīti | etasmād brahmaṇo’nyan na hy astīti netīty ucyate | ",9
4856,prakṛtaitāvattvaṁ hi pratiṣedhati tato bravīti ca bhūyaḥ ||,2
4858,"na hy eṣā śrutir nirviśeṣam ekam eva brahmeti pratipādayantī tad anyad vastu-mātraṁ pratiṣedhati | kiṁ tarhi rūpa-viśiṣṭaṁ tad bruvanṭi prakṛtaitāvattvaṁ pratiṣedhati | dve vāva [bṛ.ā.u 2.4.1] ity ādinā | yāni rūpāṇi mūrtāmūrtādīni prakṛtāni tair yad brahmaṇa etāvattvam iyattā tat pratyākhyāti, na tu prakṛtāni rūpāṇīti | tataḥ pratiṣedhānantaraṁ bhūyaḥ pracuraṁ tasya satya-nāmādikaṁ rūpaṁ bravīti ca | tataś cāyam ādeśa-vākyārthaḥ |",3
4860,"atha mūrtādi-rūpa-nirūpaṇānantaram | yasmād aparimita-rūpaṁ brahma, ato neti netīty ādeśaḥ | iti-śabdasya samāpty-arthakatvāt | iti na pūrvokta-mūrtādi-lakṣaṇam iyattvāvad eva brahmaṇo rūpaṁ nety arthaḥ, kintu neti sa satya-nāmādikam anīyad rūpam astīti | etam arthṁ śrutir eva vyācaṣṭe | na hy etasmād [bṛ.ā.u 2.3.6] ity ādinā |",3
4862,"asyārthaḥ—etasmān mūrtādi-lakṣaṇād rūpāt param anyat satya-nāmādi-rūpam iti iyad eva na vācyam | kiṁ tarhi ? neti | tena rūpāntarāṇām upalakṣaṇād aniyad eva tad vācyam ity arthaḥ | tad eva dik-pradarśanārtham āha—atha nāma-dheyam iti, satyasya satyam iti | yan nāma tac ca brahmaṇo rūpaṁ bravīti | tasya niruktiḥ prāṇo vai satyam iti | prāṇāḥ prāṇinaḥ | rūpāṇy ara viśeṣāḥ | iha hi prākṛtāprākṛtānanta-viśeṣaṇa-vaiśiṣṭyaṁ brahmaṇaḥ pratipādyate | na tu tad anyat vastu-mātraṁ pratiṣidhyate | tatra mūrtāmūrtāni rūpāṇi prākṛtāni | māhārajanādīni tv aprākriyānīti bodhyam | prāṇa-śabditānāṁ jīvānāṁ satya-śabda-vācyatvam | khādivat svarūpānyathābhāvātmaka-pariṇāmābhāvāt tebhyo’pi bhāvṇo’pi satyatvaṁ, tadvaj jñāna-saṅkoca-vikāśātmakasya pariṇāmasya tasminn abhāvāt | tasmān nitya-caitanyātmako jīvas tad-vilakṣaṇo’nanta-kalyāṇa-guṇa-gaṇaḥ pūrvātmety upapannā tasmin bhaktir iti | ",5
4866,"rpc : 10.2.26, 10.14.7, 10.87.37, 8.3.24, 11.3.36-37, 12.6.27, 10.3.25",2
4869, --o)0(o--,2
4876,tad avyaktam āha hi ||,2
4878,tad brahma svato vyaktaṁ pratyag eva hi yasmāt—na sadṛśe tiṣṭhati rūpam asya na cakṣuṣā paśyati kaścanainam [ka.u. 2.3.9] iti kaṭha-śrutis tathāha | agṛhyo na hi gṛhyate [bṛ.ā.u 3.9.26] iti śruty-antaraṁ ca | avyakto’kṣara ity uktas tam āhuḥ paramāṁ gatim [gītā 8.21] iti smṛtiś ca ||23||,7
4880,"rpc : 6.3.16, 10.10.32",2
4888,"atha pratīco’pi tasya jñāna-bhakti-labhyatvaṁ darśayati | sarvathā daurlabhye nairāśyena bhakter anudayaḥ | tathā hi śrūyate kaivalyopaniṣadi—śraddhā-bhakti-dhyāna-yogād avaiti iti | atra śraddhālur bhaktimān hariṁ dhyāyan prāpnotīti pratīyate | iha mānasena pratyakṣeṇa grāhyo harir uta cakṣur-ādinā veti vīkṣāyāṁ manasaivedam āptatvam, manasaivānudraṣṭavyam iti sāvadhāraṇād bṛhad-āraṇyaka-vākyāt mānasenaiva tena grāhya iti prāpte—",5
4890,api saṁrādhane pratyakṣānumānābhyām || ,2
4894,parāñci khāni vyatṛṇat svayambhūs,2
4895,tasmāt parāṁ paśyati nāntarātman | ,2
4896,kaścid dhīraḥ pratyag ātmānam aikṣad,2
4897,āvṛtta-cakṣur amṛtatvam icchan || [ka.u. 2.1.1] iti kāṭhake |,2
4899,jñāna-prasādena viśuddha-sattvas ,2
4900,tatas tu taṁ paśyate niṣkalaṁ dhyāyamānaḥ || [mu.u. 3.1.8] iti muṇḍāke ca vidvad-bhakta-dṛśyatva-śravaṇāt | ,2
4902,nāhaṁ vedair na tapasā na dānena na cejyayā |,2
4903,śakya evaṁ-vidho draṣṭuṁ dṛṣṭavān asi māṁ yathā || ,2
4904,bhaktyā tv ananyayā śakya aham evaṁ-vidho’rjuna |,2
4905,jñātuṁ draṣṭuṁ ca tattvena praveṣṭuṁ ca parantapa || [gītā 11.53-54] ity ādi smaraṇāc ca |,2
4910,hds : 3.9.11,2
4914,prakāśādivac cāvaiśeṣyāt || ,2
4916,"nety anuvartate | prakāśo vahniḥ sa yathā sūkṣma-rūpeṇāvyaktaḥ, sthūla-rūpeṇa tu dṛśyate evam īśvara iti cet, na | kutaḥ ? agnivat saukṣmya-sthaulya-viśeṣābhāvāt, asthūlam anaṇv ahrasvam [bṛ.ā.u 3.8.8] iti śruteḥ | ",3
4918,sthūla-sūkṣma-viśeṣo’tra na kaścit parameśvare | ,2
4919,sarvatraiva prakāśo’sau sarva-rūpeṣv ajo yataḥ || iti smṛteś ca ||25||,4
4921,"rpc : 12.4.29, 11.28.34-35, 11.20.29-30, 11.25.29-35, 11.2.34.",2
4922,hds : 3.9.3,2
4928,prakāśaś ca karmaṇy abhyāsāt ||,2
4930,śaṅkā-cchedāya ca-śabdaḥ | tad-dhyāna-nirmite karmaṇy arcanādike’bhyāsāt tat-prakāśo bhaved eva | dhyāna-nirmathanābhyāsād devaṁ paśyen nigūḍhavat iti brahmopaniṣadi tathā darśanāt | abhyāsena snehatām āpadyate | tato darśanam | ,5
4932,na tam ārādhayitvāpi kaścid vyaktīkariṣyati |,2
4933,nityāvyakto yato devaḥ paramātmaā sanātanaḥ || iti |,4
4938,hds : 3.9.4,2
4944,ato’nantena tathā hi liṅgam ||,2
4946,ataḥ pratyktve dhyātṛ-gocaratve ca pramāṇa-lābhād anantenāparicchinnena pratīcāpi bhagavatā bhakti-prasanena sva-bhakteṣu sva-svarūpam abhivyajyate nijācintya-kṛpā-śakti-yogād iti svīkāraṇam | idaṁ kutaḥ ? tatrāha—tatheti | vijñāna-ghana ānanda-ghanaḥ sac-cid-ānandaika-rase bhakti-yoge tiṣṭhati [go.tā.u. 2.78] ity atharva-śruti-liṅgād ity arthaḥ | kṛpayaiva bhajatsu vyaktiḥ | ,3
4948,nityāvyakto’pi bhagavān īkṣate nija-śaktitaḥ |,2
4949,tām ṛte paramātmānaṁ kaḥ paśyetāmitaṁ prabhum || iti smṛteḥ |,4
4953,avyaktaṁ vyaktim āpannaṁ manyante mām abuddhayaḥ |,2
4954,paraṁ bhāvam ajānanto mamāvyayam anuttamam || [gītā 7.24] iti |,4
4956,premṇā gocare’pi pratyaktvaṁ na hīyate | tasya svarūpa-śakti-vṛttitvāt | prema-vihīneṣu tv ābhāsa-rūpeṇaiva vyaktiḥ | nāhaṁ prakāśaḥ sarvasya yoga-māyā-samāvṛtaḥ [gītā 7.25] iti tad-ukteḥ | ata eva paramānandādi-rūpasya tasya dāruṇatvādināvabhāsaḥ | tathā ca premetara-karaṇāgrāhyatvam eva pratyaktvam ||27||,3
4959,hds : 3.9.5,2
4965,"atha svarūpād guṇanāma-bhedaḥ pratipādyate | bhede hi tasmāt teṣāṁ gauṇyāt tad-bhakter api tat syān na caivam asti teṣu tasyāḥ prādhānyenānubhavāt | vijñānam ānandaṁ brahma [bṛ.ā.u 3.9.28], yaḥ sarvajñaḥ sarvavit [mu.u. 1.1.9, 2.2.7], ānandaṁ brahmaṇo vidvān [tai.u. 2.2.9] ity ādīni vākyāni śrūyante | tatra saṁśayaḥ—bhajanīyaṁ brahma jñānānando jñānānandi veeti | dvividha-vākya-dṛṣṭer anirṇayena bhāvyam iti prāpte—",7
4967,ubhaya-vyapadeśāt tv ahi-kuṇḍalavat ||,2
4971,"rpc : 2.1.39, 4.9.16, 10.3.14, 1.5.20, 11.2.39, 2.3.10.",2
4972,"hds : 4.11.30, 3.2.12",2
4976,prakāśāśrayavad vā tejastvāt ||,2
4985,pūrvavad vā ||,2
4990,hds : 10.3.13,2
4994,pratiṣedhāc ca ||,2
4998,manasaivedam āptavyaṁ neha nānā’sti kiṁcana |,2
4999,mṛtyoḥ sa mṛtyuṁ gacchati ya iha nāneva paśyati || [ka.u. 2.1.11],2
5001,yathodakaṁ durge vṛṣṭaṁ parvateṣu vidhāvati |,2
5002,evaṁ dharmān pṛthak paśyaṁs tān evānuvidhāvati || [ka.u. 2.1.14] iti kaṭha-śrutau |,2
5004,nirdoṣa-pūrṇa-guṇa-vigraha ātma-tantro,2
5005,niścetanātmaka-śarīra-guṇaiś ca hīnaḥ |,2
5006,ānanda-mātra-kara-pāda-mukhodarādiḥ,2
5007,sarvatra ca sva-gata-bheda-vivarjitātmā || ity ādi smṛtau ca | ,2
5011,jñāna-śakti-balaiśvarya-vīrya-tejāṁsy aśeṣataḥ |,2
5012,bhagavac-chabda-vācyāni vinā heyair guṇādibhiḥ || iti |,2
5016,rpc : 10.87.37.,4
5026,param ataḥ setūnmāna-sambandha-bheda-vyapadeśebhyaḥ ||,2
5028,"ato jaivānandāder brahmānandādi paraṁ jātyā parimāṇena cotkṛṣṭam | kutaḥ ? setv ity ādeḥ | eṣa setur vidhṛtir [chā.u. 8.4.1], ya eṣa ānandaḥ parasya iti setutvasya vyapadeśāt | yato vāco nivartante [tai.u. 2.8] ity unmānasya, etasyaivānandasyānyāni bhūtāni mātrām upajīvanti [bṛ.ā.u 4.3.32] iti sambandhasya | ",9
5030,anyaj jñānaṁ tu jīvānām anyaj jñānaṁ parasya ca | ,2
5031,nityānandāvyayaṁ pūrṇaṁ paraṁ jñānaṁ vidhīyate || iti bhedasya ca |,2
5035,"rpc : 4.2.30, 10.3.21, 11.14.15, 9.4.46.",2
5042,sāmānyāt tu || ,2
5046,para-jñāna-mayo’sadbhir nāma-jātyādibhir vibhuḥ |,2
5047,na yogavān na yukto’bhūn naiva pārthiva yokṣyati || ,2
5052,"hds : 10.87.35, 10.47.18",2
5056,nanu jīva-jaḍātmakāt prapañcād vilakṣaṇaṁ ced dharmi-bhūtaṁ brahma tarhi sarvaṁ khalv idaṁ brahma tajjalān iti śānta upāsīta [chā.u. 3.14.1] ity upadeśaḥ kathaṁ saṅgacchate ? tatrāha—,3
5058,buddhy-arthaḥ pādavat ||,2
5060,so’yam upadeśo buddhy-arthaḥ | sarvatra tadīyatva-jñānārthaḥ pādavat | pādo’sya viśvā bhūtāni [ṛ.ve. 10.90.3] ity atra yathā viśvasya bhagavat-pādatvopadeśas tadvat | evaṁ hi dveṣa-nihīnaṁ manas tat-pravaṇaṁ bhavati | na caivaṁ rāga-prāptir nihīnatva-buddher bādhakatvāt ||34||,3
5063,hds : 1.6.19,2
5070,"atha bhakti-vaicitryāya bhajanīyasya śrī-harer bhāna-vaicitryaṁ nirūpyate | itarathā bhaki-vaicitryānupapattiḥ | bhāna-vaicitryaṁ tu sthānānāditvād anādi-siddham | eko’pi san bahudhā yo vibhāti ity ādi śrutim āśritya na sthānato’pīty ādi nānā-sthāneṣu sthānī-bhūtam ekaṁ brahma prakāśata ity uktam | atha teṣu tat-prakāśasya tāratamyaṁ syān na veti vīkṣāyāṁ vastv-aikyāt samāna-śabda-buddhi-bodhyatvāc ca na, iti prāpte—",3
5072,sthāna-viśeṣāt prakāśādivat || ,2
5076,"rpc : 6.4.28, 8.3.8, 3.24.30.",2
5077,"hds : 3.24.31, 10.48.20",2
5081,upapatteś ca ||,2
5086,hds : 10.14.2,2
5093,atha bhagavataḥ sarva-paratvam ucyate | tato’nyasya paratve tatra bhaktir nodbhavet | tathā hi śvetāśvatarair vedāham etam [śve.u. 3.8] ity ādinā sarvato variṣṭhaṁ brahma-rūpaṁ nirūpya tato yad uttarataram ity ādinā tasmād api paraṁ vastv astīti darśitam | tatra saṁśayaḥ—upāsyād brahmaṇaḥ paraṁ vastv asti na veti | śabda-svārāsyād astīti prāpte—,3
5095,tathānya-pratiṣedhāt || ,2
5099,yasmāt paraṁ nāparam asti kiṁcid,2
5100,yasmān nāṇīyo na jyāyo’sti kaścit [śve.u. 3.9] iti |,2
5104,vedāham etaṁ puruṣaṁ mahāntam,2
5105,āditya-varṇaṁ tamasaḥ parastāt |,2
5106,tam eva viditvātimṛtyum eti,2
5107,nānyaḥ panthā vidyate’yanāya || [śve.u. 3.8],2
5111,tato yad uttarataraṁ tad arūpam anāmayam |,4
5112,ya etad vidur amṛtās te bhavanti athetare duḥkham evāpi yanti || [śve.u. 3.10],2
5114,"iti prāg uktam eva nigamayanti, na tu tato’pi śreṣṭhaṁ vastv astīti vadanti | tathā sati teṣāṁ mṛṣābhāsitāpatteḥ | evaṁ ca svayam āha—mattaḥ parataraṁ nānyat kiṁcid asti dhanaṁjaya [gītā 7.7] iti ||37||",3
5116,"rpc : 10.14.12, 10.14.22, 10.87.37, 11.16.11, 10.16.39, 10.3.17, 11.14.15, 9.4.46, 11.14.15.",2
5117,"hds : 10.87.15, 2.9.32",2
5124,athopāsya-sānnidhyaṁ vaktuṁ tasya vyāptir nirūpyate | anyathā sannihite tasminn anutsāhād bhakteḥ śaithilyaṁ syāt | eko vaśī sarvagaḥ kṛṣṇa īḍyaḥ [go.tā.u. 1.19] ity adi śrūyate | tatra dhyeyo hariḥ paricchinno vyāpako veti saṁśaye madhyamākāratayānubhavāt prapañcānyasya tasya tad-vyāvṛttatvāvaśyam-bhāvāc ca paricchinna iti prāpte—,3
5126,anena sarva-gatatvam āyāma-śabdādibhyaḥ || ,2
5128,"anena pareṇa puṁsā madhamākāreṇāpi sarvagatatvam avāptam | madhyamākāra eva sarva-vyāpīti | kutaḥ ? āyāmeti | āyāma-śabdo vyāpti-vācī | ādi-śabdād avicintyatva-dharma-yogas tad-bodhikā yuktiś ca | tatra eko vaśī sarvagaḥ kṛṣṇa īḍyaḥ [go.tā.u. 1.19] ity uttara-vākyāt, ",3
5130,yac ca kiñcit jagat sarvaṁ dṛśyate śrūyate’pi vā |,2
5131,antar bahiś ca tat sarvaṁ vyāpya nārāyaṇaḥ sthitaḥ || ,2
5135,mayā tatam idaṁ sarvaṁ jagad avyakta-mūrtinā |,2
5136,mat-sthāni sarva-bhūtāni na cāhaṁ teṣv avasthitaḥ |,2
5137,na ca mat-sthāni bhūtāni paśya me yogam aiśvaram | [gītā 9.4-5] iti |,2
5141,"rpc : 10.1.7, 10.7.35-36, 10.9.13-14, 10.47.29, 10.87.42.",2
5142,hds : 10.14.55-56,2
5149,"atha sarva-phaladatvaṁ tasyocyate | itarathā-dātari kiñcid dātari vā tasmin kārpaṇyād upasphuraṇena bhakter anudayaḥ syāt | tathā hi, puṇyena puṇyaṁ lokaṁ nayati [pra.u. 3.7] iti śrutaṁ bṛhad-āraṇyake | tatra svargādi-phalaṁ yogādeḥ pareśād veti vīkṣāyām anvaya-vyatireka-siddhe yāgāder eva tat phalam iti prāpte—",3
5151,phalam ata upapatteḥ ||,2
5155,"rpc : 10.6.39, 8.3.19, 7.9.26, 3.13.48, 10.80.8, 6.16.30, 10.48.22, 10.60.37, 11.15.35.",2
5156,"hds : 2.3.10, 2.4.17",2
5161,śrutatvāc ca ||,2
5163,"vijñānam ānandaṁ brahma rātir dātuḥ parāyaṇam [bṛ.ā.u 3.9.28], sa vā eṣa mahān aja ātmā annādo vasudānaḥ [bṛ.ā.u 4.4.24] iti tatraivābhyudaya-phala-pradatvaṁ śrūyate | dātur yajamānasya | rātiḥ phala-pradam ||40||",4
5171,dharmaṁ jaiminir ata eva || ,2
5173,"ataḥ pareśād eva dharmaṁ jaiminir manyate | yasmāt phalaṁ tat-karmaiveśvarād bhavati, eṣa eva sādhu karma kārayati [kau.u. 3.8] ity ādi śruteḥ | tathā cānvaya-vyatirekābhyāṁ karmaṇa eva phalārpakatve siddhe na tad īśvarasya svīkāryam | tasya karma-janakatvenopakṣīṇa-vyāpāratvāt | ",3
5177,"rpc : 11.10.14-15, 11.10.33.",2
5178,hds : 10.24.14-15,2
5183,pūrvaṁ tu bādarāyaṇo hetu-vyapadeśāt || ,2
5185,"śāṅkā-cchedāya tu-śabdaḥ | pūrvoktaṁ pareśam eva bhagavān bādarāyaṇaḥ phala-pradaṁ manyate | kutaḥ ? hetv iti | puṇyena puṇyaṁ lokaṁ nayati, pāpena pāpam iti tasyaiva phala-hetutva-vyapadeśād ity arthaḥ | karmaṇaḥ karaṇatvenopakṣayāc ca | karma-sattāpi brahmāyattā ity uktam | dravyaṁ karma ca kālaś ca ity ādau | tena brahmaiva karma-pravartakaṁ siddham | yat tu vinaśyad api karmety ādi samāhitaṁ tan mandam | kāṣṭha-loṣṭravad acetanasyādṛṣṭasya tatrākṣamatvāt tasyāśravaṇāc ca |",5
5189,yo yo yāṁ yāṁ tanuṁ bhaktaḥ śraddhayārcitum icchati |,2
5190,tasya tasyācalāṁ śraddhāṁ tām eva vidadhāmy aham ||,2
5191,sa tayā śraddhayā yuktas tasyā rādhanam īhate |,2
5192,labhate ca tataḥ kāmān mayaiva vihitān hi tān || [gītā 7.21-22] iti |,2
5197,"hds : 2.6.14, 3.10.12, 10.47.26",2
5219,yo’nyathā santam ātmānam anyathā pratipadyate |,2
5220,kiṁ tena na kṛtaṁ pāpaṁ caureṇātmāpahāriṇā || [ma.bhā. 1.68.26],2
5224,"kiṁ ca, tasmin yad antas tad anveṣṭavyam [chā.u. 8.1.6] iti brahma-guṇānāṁ mumukṣu-mṛgyatvābhidhānāt, ānando brahmaṇo vidvān na bibheti kutaścana [tai.u. 2.4.1] iti guṇa-vedino’bhaya-phalokteś ca saguṇe brahmaṇi śāstra-tātparyam | ānuvādikā vyavahārikāś ca guṇā iti tu kalpanaiva | mānāntarāprāptānām anuvādāsambhavāt vyavahārika-padādarśanāc ca | vācaṁ dhenum upāsīta ity ādivad upāsanāyai guṇāḥ kalpyā iti ca durdhīr eva | tathā satyātmenty evopāsīta ity atrāpi tad-āpatteḥ | ānandādayaḥ pradhānasya, vyatihāre viśiṁṣanti hītaravat ity atrānandaāder jīveśābhedasya copāsyatve’pi tāttvikatva-svīkārāc ca | nirguṇa-vākyaṁ tu prākṛta-guṇa-niṣedhakam ity uktam | guṇānāṁ guṇya-bhedābhyupagamāc ca na kiñcic codyam | dhyeyā guṇā dvedhā bodhyāḥ | aṅgi-niṣṭhatvād aṅga-niṣṭhatvāc ceti sphuṭībhāvi | tatrādau guṇopasaṁhāra-siddhaye bhagavataḥ sarva-veda-vedyatvaṁ nigadyate | tathā hi nikhilāni sādhana-vākyāny atra viṣayaḥ | tatra sva-śāstroktaiḥ sādhanair brahma vedyam uta sarva-śākhoktais tair iti saṁśaye pratiśākham artha-bhedāt sva-śākhioktais tair iti prāpte--",5
5226,sarva-vedānta-pratyayaṁ codanādy-aviśeṣāt ||,2
5228,ihānta-śabdo niścayārthaḥ | ubhayor dṛṣṭo’ntaḥ ity atra tathā pratyayāt | sarva-veda-nirṇayotpādya-jñānaṁ brahma | kutaḥ ? codaneti | ādi-śabdād yuktir gṛhyate | ātmety evopāsīta ity ādi-vidhes tad-ukta-yukteś ca sarvatra sāmyāt | yathā mādhyandinānāṁ vidhir eṣa dṛṣṭas tathā kāṇvānāṁ ca ||1||,3
5237,bhedān neti cen nakasyām api |,3
5239,"maivam | ekasyām api śākhāyāṁ satyaṁ jñānam anantaṁ brahma, ānando brahma ity ādi darśanāt | tathā ca sarvatra tais taiḥ śabdair ekam eva brahma-svarūpam abhihitaṁ, ato na virodhaḥ ||2||",3
5241,rpd : 10.40.4-10 10.13.54,2
5242,hds : 10.13.54,2
5246,svādhyāyasya tathātvena hi samācāre’dhikārāc ca |,3
5248,svādhyāyo’dhyetavyaḥ iti vidhes tathātvena sarva-sādhāraṇyena pravṛtteḥ vedaḥ kṛtsno’dhigantavyaḥ sa-rahasyo dvijanmanā iti smṛteś ca | samācāre sarvasmin karmaṇi satyāṁ śaktau sarveṣām adhikārāc ca | smṛtiś caivam āha—,4
5253,śākhā-bhedaṁ karma-bhedaṁ vyāsas tasmād acīkḷpad || iti |,4
5263,savavac ca tan-niyamaḥ |,4
5267,yathā nadīnāṁ salilaṁ śaktyā sāgaratāṁ vrajet | ,2
5268,evaṁ sarvāṇi vākyāni puṁ-śaktyā brahma-vittaye || iti smaraṇāt ||4|| ,4
5270,rpd : 10.40.10.,2
5271,hds : 10.78.31,2
5278,darśayati ca ||,2
5280,sarve vedā yat padam āmananti [ka.u. 1.2.15] iti śrutiḥ sarva-veda-vedyatvaṁ śrī-harer darśayati | ca-śabdaḥ satyāṁ śaktāv ity āha | tathā ca śaktaiḥ sarva-śākhoktaiḥ sādhanair brahmopāsyam | aśaktais tu sva-śākhoktais tair iti sarva-veda-vedyaṁ tat | yadyapi tat tu samanvayāt [ve.sū. 1.1.4] ity anaitat prāg varṇitaṁ tathāpy atra guṇopasaṁhāropayogāya vidhāntareṇa prapañcitam | sthairya-phalakatvāc ca paunaruktaṁ na doṣaḥ ||5||,4
5282,"rpd : 10.40.4-10, 4.7.4-50 11.21.41, 2.5.15-16, 2.6.25-26.",4
5283,hds : 10.87.15,2
5290,yad-arthaṁ sarva-veda-vedyatvaṁ samarthitaṁ tam idānīṁ guṇopasaṁhāre darśayati | tathā hi atharva-śiraḥsu kvacid gopa-rūpaṁ tamāla-śyāmalaṁ pītavāsaḥ kaustubha-bhūṣaṇaṁ piñchāvataṁsaṁ vaṁśakamanīyaṁ go-gopa-gopī-viśiṣṭaṁ gokulādhidaivataṁ brahma-svarūpaṁ paṭhyate | tad u hovāca hairaṇyaḥ | gopa-veśam abhrābhaṁ [go.tā.u. 1.8] ity ādinā | kvacij jānakī-maṇḍita-vāma-bhāgaṁ kodaṇḍa-karaṁ daśāsy-ādi-rakṣoghnam ayodhyādhipaṁ tat paṭhyate | ,3
5293,dvibhujaḥ kuṇḍalī ratna-mālī dhīro dhanurdharaḥ || ity ādinā |,3
5295,"kvacid atikarāla-vaktraṁ vitrāsita-druhiṇādikaṁ nṛsiṁha-vapus tat paṭhyate | tan-mantrastha-bhīṣaṇa-pada-vyākhyāne, atha kasmād ucyate bhīṣaṇam iti | yasmād yasya rūpaṁ dṛṣṭvā sarve lokāḥ sarve devāḥ sarvāṇi bhūtāni bhītyā palāyante, svayaṁ yataḥ kutaścin na bibheti | ",3
5297,"bhīṣāsmād vātaḥ pavate, bhīṣodeti sūryaḥ | ",2
5298,bhīṣāsmād agniś candraś ca mṛtyur dhāvati pañcamaḥ || [tai.u. 2.8] ity anena |,2
5302,viṣṇor nu kaṁ vīryāṇi pra vocaṁ ,2
5303,yaḥ pārthivāni vimame rajāṁsi |,2
5304,yo askambhayad uttaraṁ sadhasthaṁ ,2
5305,vicakramāṇas tredhorugāyaḥ || [ṛ.ve. 1.154.1] iti |,2
5311,upasaṁhāro’rthābhedād vidhi-śeṣavat samāne ca ||,2
5313,"ca-śabdo’vadhāraṇe | upāsane samāne sati śuddha-brahmaika-viṣayatvena tulya-rūpa eva saty ekatroktānāṁ guṇānām itaratropasaṁhāraḥ kāryaḥ | kutaḥ ? arthābhedāt | arthasya brahma-lakṣaṇasyopāsyasya sarvatrābhedād aikyāt | atra dṛṣṭānto vidhīyate | vidhi-śeṣāṇām agnihotrādi-dharmāṇāṁ kvacid uktānām anyatrānuktānāṁ ca teṣāṁ yathā bhaved upasaṁhāras tad evedam agnihotrādi karma sarvatreti tadvat | atharva-śirasi, yo vai rāmacandro sa bhagavān ye matsya-kūrmādy-avatārā bhūr bhuvaḥ svas tasmai namo namaḥ iti śrī-rāmacandre matsyādi-rūpatvam upasaṁhṛtam | eko’pi san bahudhā yo’vabhāti iti śrī-kṛṣṇe rāmāditvam | namaste raghu-varyāya rāvaṇānta-karāya ca ity ādyā smṛtir apy evam āha | ittham anyatra cānyat ||6||",7
5316,"hds : 1.2.11, 1.7.7, 10.40.9-10",2
5323,"nanu ātmety evopāsīta ity ādi vākyād anyathātvam upasaṁhārasya pratītam iti cet, tatrāha—",3
5325,anyathātvaṁ śabdād iti cen nāviśeṣāt ||,2
5331,"rpd : 10.2.29, 10.2.34, 10.14.20, 10.33.36, 11.1.10",2
5332,hds : 5.11.13-14,2
5341,na vā prakaraṇa-bhedāt parovarīyastvādivat ||,2
5343,"veti niścaye | ye yasmin rūpe ekāntinas te tad-anya-rūpa-vyaktān guṇān nopasaṁharanti | yathā kṛṣṇādi-rūpaikāntino nṛsiṁhādi-niṣṭhān saṭā-daṁṣṭrā-bhīṣaṇatvādīn | yathā ca nṛṣiṁhādy-ekāntinaḥ kṛṣṇādi-niṣṭhān vaṁśa-vetra-candrakādīn iti | kutaḥ ? preti | prakaraṇaṁ prakṛṣṭa-kriyā | tad-eka-tātparyā bhaktir iti yāvat | tasyā bhedād viśeṣād ity arthaḥ | sva-niṣṭha-bhakter ekānti-bhaktir gāḍhāveśād varīyasī | dṛṣṭāntam āha—para iti | yathādityāntarvarti hiraṇmaya-puruṣaikāntinaḥ svopāsye tasmin parovarīyastvādīn guṇān udgītha-niṣṭhān api nopasaṁharanti, tadvat | parasmāt paraś ca varāc ca varīyān iti parovarīyān udgīthas tasya bhāvas tattvaṁ tadādivad ity arthaḥ ||8||",3
5346,hds : 11.3.47-48,2
5355,"saṁjñātaś cet, tad uktam, asti tu tad api ||",2
5357,"śaṅkā-nivārakas tu-śabdaḥ | saṁjñaikyāt sarva-guṇopasaṁhāro yukta ity atra yad uttaraṁ, tat tu na vā prakaraṇa-bhedād ity anenavoktam | sāmānya-saṁjñāpekṣayā viśeṣa-bhūtaikāntitāyāḥ śraiṣṭhyān na tais te sarve vicintyā ity arthaḥ | itarathā śraiṣṭhya-kṣatiḥ | rūpa-viśeṣābhiśakta-cittatvena hy ekāntinaḥ sādhāraṇebhyaḥ sva-niṣṭhebhyo jyeṣṭhā bhavanti | na ca nikhila-guṇān upasaṁhartuṁ sva-niṣṭho’pi kṣamaḥ | viṣṇor nu kaṁ vīryāṇi prāvocam [ṛ.ve. 1.154.1] ity ādi śruteḥ | nāntaṁ guṇānām aguṇasya jagmur yogeśvarā ye bhava-pādma-mukhyāḥ [bhā.pu. 1.18.14] ity ādi smaraṇāc ca | saṁjñaikasya hetor anvaya-vyabhicāraṁ darśayati astīti | pramita-bhedeṣv api parovarīyo hiraṇmayādy-upāsaneṣūdgīthopāsanam iti saṁjñaikyam astīty arthaḥ | tathā ca sva-niṣṭhāḥ sarvān guṇān upasaṁhṛtyopāsīrann ekāntinas tu guṇa-viśeṣān ity adhikaraṇābhyāṁ nirṇītam ||9|| ",5
5359,"rpd : 1.18.14, 11.4.2, 10.9.21, 11.14.19-20, 10.29.32 (yat paty-), 11.29.6.",4
5360,"hds : 1.18.15, 8.23.29",2
5365,"atha bālyādīn guṇān bhagavaty upasaṁhartum ārabhate | tāsv eva, kṛṣṇāya devakī-nandanāya oṁ tat sad bhūr bhuvaḥ svas tasmai namo namaḥ [go.tā.u. 2.89] iti | kṛṣṇa-śabdas tu tamāla-nīla-tviṣi yaśodā-stanadhaye rūḍhir iti nāma-kaumudī-kāraḥ | ",5
5367,oṁ cin-maye’smin mahā-viṣṇau jāte dāśarathe harau | ,2
5368,raghoḥ kule’khilaṁ rāti rājate yo mahī-sthitaḥ ||,2
5372,vyāpteś ca samañjasam ||,3
5374,bālyādi-dharmiṇas tasya bhagavato vyāpter vibhutvād bālyādinā tad-bhāvābhāvāt samañjasaṁ tatra tad ity arthaḥ | prapañcitaṁ caitad anena sarva-gatatvam ity ādinā | na caivaṁ janmākhyo vikāraḥ | ajāyamāno bahudhā vijāyata iti puruṣa-sūktāt | jani-śūnyasyaivābhivyakti-mātraṁ janmeti tad-arthaḥ | ca-kārāt raso vai saḥ iti rasātmaka-śravaṇāt | svopāsakānāṁ yādṛśena rūpeṇa līlā-rasānubhavas tādṛśaṁ rūpam acintyayā śaktyā prakaṭayatīti samuccitam | tad-upāsakāś ca nityam uktādayo’nantāḥ | tad viṣṇoḥ paramaṁ padaṁ sadā paśyanti sūrayaḥ ity ādi śruti-siddhā bodhyāḥ | eka eva nānā-vayāṁsi tat-tad-upāsakeṣu yugapad vyanakti | sura-manuṣyāsureṣu daśābdataiva nānārthāny ity anye | tathā ca bālyādimato’pi vibhutvenaikarasyāc cintyās tatra bālyādaya iti ||10||,7
5377,"hds : 10.14.1, 10.9.13-14",2
5386,sarvābhedād anyatreme ||,2
5388,"ye hari-tat-parikarās tat-karmāṁcā vā pūrvasmin kāle karmāṇi vā santi ta eveme’nyatrottarasmin karmaṇi kāle vā syur iti mantavyam | kutaḥ ? sarvābhedāt | sarveṣāṁ pūrvotara-vartināṁ hari-tat-parikara-prakāśānāṁ tat-karmāṁśānāṁ vā bhedābhāvād ity arthaḥ | ekasya harer bahutvaṁ, eko’pi san bahudhā yo’vabhāti, ekāneka-svarūpāya iti śruti-smṛti-siddham | ekasya tat-parikarasya ca tan mantavyam | bhūma-vidyāyāṁ muktasya tad-ukteḥ | mahiṣy-udvāhādau yathā smaraṇāt ca | tulyātmanāṁ karmaṇāṁ kāla-bhedenoditānām apy aikyam | dviḥ pāko’nena kṛto na tu dvidhā pākaḥ kṛtaḥ iti vidvat-pratīteḥ | dvir go-śabdo’yam uccarito na tu dvau go-śabdau iti śabdaikyavat | itthaṁ ca śrī-hares taj-janānāṁ tad-dhāmnāṁ ca prakāśa-bāhulyāt tad-viśeṣaiḥ karmaṇām ārambhāt samāpteś ca pṛthag-ākhyānāṁ teṣām aikyāc casvarūpa-nityatve siddhe | tat-kramānubhava-hetuko vicitra-rasodayaś caitenaiva vyākhyātaḥ | na caitad amūlaṁ, yad gataṁ bhavac ca bhaviṣyac ca iti bṛhad-āraṇyakāt, eko devo nitya-līlānuraktaḥ ity atharva-vākyāt | janma karma ca me divyaṁ [gītā 4.9] ity ādi bhagavad-vākyāc ca | īdṛk-pratyayaḥ khalu tat-kṛpayaiva | ",15
5390,yāvān ahām yathā-bhāvo yad-rūpa-guṇa-karmakaḥ |,2
5391,tathaiva tattva-vijñānam astu te mad-anugrahāt || [bhā. 2.9.35] iti tad-ukteḥ |,2
5395,"rpd : 10.69.11, 10.69.20, 10.69.26, 10.14.18, 2.9.31, 10.14.28, 3.15.49, 10.14.30, 6.11.23, 10.16.37,",2
5396,hds : 10.69.1,2
5405,ānandādayaḥ pradhānasya ||,2
5409,"rpd : 10.87.16, 10.13.54, 4.13.7, 10.16.36, 7.9.47.",2
5410,"hds : 2.1.39, 10.13.54",2
5417,ānanda-mayasya śrī-viṣṇoḥ priya-śirastvādayo dharmāḥ śrutāḥ | tasya priyam eva śiraḥ [tai.u. 2.5.2] ity ādinā | te’pi sarvatropasaṁhāryā na veti viṣaye ānandādīnāṁ sarvatropasaṁhārya-tvābhidhānāt teṣām apy ānandatvāviśeṣāt syāt sarvatropasaṁhāra iti prāpte—,3
5419,priya-śirastvādy-aprāpitir upacayāpacayau hi bhede ||,2
5423,"rpd, hds : 10.87.17",4
5427,itare tv artha-sāmānyāt ||,2
5429,tasmād vā etasmād [tai.u. 2.1] ity ādinā so’kāmayata [tai.u. 2.6] ity ādinā bhīṣāsmād [tai.u. 2.8] ity ādinā ca tasmād vākyāt prāg ūrdhvaṁ ca ye priya-śirastvādibhya itare vibhutva-cit-sukhatva-jagat-kāraṇatva-pāramaiśvaryādayas tasyānanda-mayasya brahmaṇo dharmāḥ paṭhyante tetūpasaṁhāryā eva | kutaḥ ? artheti | phalaikyād ity arthaḥ | vedāntoditair vīrya-sambhūti-sarva-sauhṛda-śāraṇatva-mocakatvādibhiś cintitair guṇair yo mokṣa-lakṣaṇe’rthas tasyaiva etair api tathā-bhūtaiḥ sambhavād ity arthaḥ ||14||,6
5432,"hds : 10.28.15, 4.17.33",4
5436,nanu ānanda-mayasya brahmaṇaḥ pakṣi-bhāvena rūpakaṁ kim-artham ? anyatra hi—ātmānaṁ rathinaṁ viddhi [ka.u. 1.3.3] ity ādibhir upāsakasya tac-charīrādeś ca rathi-rathādi-bhāvena rūpakam upāsty-upakaraṇa-śarīrendriyādi-vaśīkārārthaṁ dṛṣṭam | na cātra tādṛśaṁ kiñcit phalaṁ dṛśyate | na hi phalam anuddiśya tathātvena rūpake vedasya pravṛttir yuktā vaktum ity āśaṅkya tasya phalam āha—,3
5438,ādhyānāya prayojanābhāvāt ||,2
5440,"prayojanasyānyasyābhāvād ādhyānāyaiva rūpakopadeśaḥ kṛtaḥ | ādhyānaṁ samyag anucintanam | ayam arthaḥ—brahmavid āpnoti paraṁ [tai.u. 2.1] ity upakrāntam ekaṁ brahma svayaṁ-rūpatvena vilāsatvādinā ca dvedhāvatiṣṭhate | tac ca svayaṁ-bhagavān nārāyaṇa-vāsudeva-saṅkarṣaṇa-pradyumnāniruddha-saṁjñaṁ svarūpato guṇato nāmāditaś ca vibhu-cit-sukhātmakaṁ sthūla-dhiyām ādau durvibhāvyam atas tad ekam ānanda-mayaṁ brahma priya-modādi-rūpeṇa vibhajya śiraḥ-pakṣādi-bhāvena rūpayitvopadiśyate, teṣāṁ subodhatvāya | itthaṁ ca tasya buddhy-ārohaṇe sati vedana-śabdoditaṁ dhyānaṁ samyag bhavati | yathā hy annayamayasya puruṣasyāsya dehasya śiraḥ pakṣādi-rūpakeṇa buddhāvarohaṇaṁ, tasyedam eva śiraḥ ity ādinā | yathā ca prāṇa-maya-manomaya-vijñāna-mayānāṁ tathā-rūpakeṇa tat kriyate, tasya prāṇa eva śiraḥ ity ādibhiḥ | ",7
5442,"tathaivaitebhyo’rthāntara-bhūtasyānanda-mayasya ca puruṣasya tena tat, tasya priyam eva śiraḥ ity ādinā | tathā ca pañcāvayava-viśuddha-brahmopalakṣaṇārthatvāt teṣāṁ sarvatropasaṁhāro neti suṣṭhūpapāditam | na caivam eva brahma pañcāvayavam ity amūlam | eko’pi san bahudhā yo’vabhāti [go.tā.u. 1.19] iti, ekaṁ santaṁ bahudhā dṛśyamānaṁ iti, sa śiraḥ sa dakṣiṇaḥ pakṣaḥ sa uttaraḥ pakṣaḥ sa ātmā sa pucchaḥ iti ca śruty-antarāt | ",13
5444,śiro nārāyaṇaḥ pakṣo dakṣiṇaḥ savya eva ca | ,2
5445,pradyumnaś cāniruddhaś ca sandeho vāsudevakaḥ | ,2
5446,nārāyaṇo’tha sandeho vāsudevaḥ śiro’pi vā | ,2
5447,pucchaṁ saṅkarṣaṇaḥ proktaḥ eva eva tu pañcadhā || ,2
5448,aṅgāṅgitvena bhagavān krīḍate puruṣottamaḥ | ,2
5449,aiśvaryān na virodhaś ca cintyas tasmin janārdane | ,4
5450,atarkye hi kutas tarkas tv aprameye kutaḥ pramā || iti ||15||,4
5452,"rpd : 8.17.5, 10.2.35-37, 10.14.19, 10.40.4, 10.40.10.",2
5453,"hds : 3.24.31, 10.40.13",2
5457,ātma-śabdāc ca ||,2
5461,"rpc : 10.13.27, 10.2.23, 10.10.30, 10.14.22, 10.14.55, 10.27.11.",2
5462,hds : 10.14.55,2
5468,ātma-gṛhītir itaravad uttarād ||,2
5470,"nanu, anyo’ntara ātmā vā prāṇa-mayaḥ [tai.u. 2.2] ity ādiṣu jaḍāṇu-cetaneṣv apy ātma-śabdasya prayogāt, anyo’ntara ātmānanda-mayaḥ [tai.u. 2.5] ity atra tasya vibhu-cetana-paratvaṁ kathaṁ niścitam iti ced ihocyate | tatrātma-śabdaḥ paramātmānam eva vibhu-cetanaṁ gṛhṇāti itaravat | ātmā vā idam eka evāgra āsīt [bṛ.ā.u 1.4.1] ity ādi vākye yathā | etac ca kutaḥ ? uttarāt | so’kāmayata bahu syām ity ādikānanda-mayātma-viṣayād uttarasmād vākyād ity arthaḥ | na cānanda-mayād ity arthaḥ | na cānanda-mayātmanaḥ paramātmatvābhāve tad idam abhidhyānaṁ saṅgacchate | tasya tad-asādhāraṇatvāt ||17||",7
5473,"hds : 10.40.3, 10.40.12",2
5479,"anvayād iti cet, syād avadhāraṇāt ||",2
5483,rpc : 10.87.13.,2
5493,pitā mātā suhṛd bandhur bhrātā putras tvam eva me |,2
5494,vidyā dhanaṁ ca kāmaś ca nānyat kiñcit tvayā vinā || ity ādye’dhyāye |,2
5496,janma-prabhṛti dāso’smi śiṣyo’smi tanayo’smi te |,2
5497,tvaṁ ca svāmī gurur mātā pitā ca mama mādhava || iti madhye’nte ca |,2
5501,kāryākhyānād apūrvam ||,2
5503,pūrvaṁ pūrṇānandatvādi | tat-sadṛśam apūrvaṁ pitṛtvādi | tac cintyam eva tat-tad-upāsakaiḥ | kutaḥ ? kāryākhyānāt | kāryasya tat-tad-bhāva-vaśyatā-lakṣaṇasya phalasya bhāva-grāhyam anīḍākhyam ity anenābhidhānād ity arthaḥ | āha caivaṁ śrī-bhagavān yenāhaṁ priya ātmā sutaś ca sakhā guruḥ suhṛdo daivam iṣṭaḥ iti | tasmāt pūrṇānandatvādivat pitṛtvādikam api tasmin vicintyaṁ bhāvukaiḥ | ātmety evety etat tu prāg eva samāhitam ||19||,3
5506,"hds : 3.6.38, 11.12.8",4
5513,"atha vigrahatvaṁ brahmaṇy upasaṁhartum ārabhate | ātmety evopāsīta [bṛ.ā.u 1.4.7], ātmānam eva lokam upāsīta [bṛ.ā.u 1.4.15] iti kvacit paṭhyate, kvacit tu tad u hovāca hairaṇyo gopa-veśam abhrābhaṁ taruṇaṁ kalpa-drumāśritaṁ tad iha ślokā bhavanti sat-puṇḍarīkaṁ [go.tā.u. 1.8-9] ity ādi, cintyayaṁś cetasā kṛṣṇaṁ mukto bhavati saṁsṛteḥ [go.tā.u. 1.11] ity antam | ",9
5517,samāna evaṁ cābhedāt ||,2
5519,apy-arthe ca-śabdaḥ | evam api cakṣur-ādīnāṁ vailakṣaṇyena bhāne’pi samāna eka-rasaḥ sa eva hiraṇya-pratimādivad bhagavān bodhyaḥ | kutaḥ ? abhedāt | cakṣur-ādīnām ātmānatirekād ity arthaḥ | tasmād vigraha-bhūtātmopāsanayaiva mokṣaḥ | evaṁ ca cintayaṁś cetasā ety ādi-vākya-vyākopaḥ | satya-jñānānantānanda-mātraika-rasa-mūrtayaḥ [bhā.pu. 10.13.54] iti smṛtis tu vaicitryā vibhātasya tad-vigrahasyaikarasyam āha | arūpavad ity anena cintitam apy etad-vidhāntareṇa cintitam | kṛpālur ācāryo duṣpraveśam artham asakṛd vimṛśati supraveśatvāya ||20||,5
5521,"rpc: 10.13.54, 10.14.21-22",2
5526,tad evaṁ sākṣād-rūpeṣu bhagavad-āvirbhāveṣu tat-tad-guṇopasaṁhṛtir uktā | atha jīva-bhūteṣv āveśāvatāreṣu sā vimṛśyate | adhīhi bhagava iti hopasasāda sanatkumāraṁ nāradas taṁ hovāca [chā.u. 7.1.1] iti | taṁ māṁ bhagavān śokasya pāraṁ tārayatu [chā.u. 7.1.3] iti caivam-ādi chāndogyādau paṭhitam | atra bhagavato jñāna-śaktyādi-nija-dharmair āviṣṭāḥ kumārādayo jīvās tasyāveśo bhavantīti bhagavac-chabdāt pratīyate | teṣu tad-bhaktair nikhila-bhagavad-dharmā upasaṁhāryā na veti saṁśaye vikalpaṁ sthāpayati | tatrādau vidhi-pakṣam āha—,5
5528,sambandhād evam anyatrāpi ,2
5532,hds : 10.10.34,4
5538,na vā viśeṣāt ||,2
5547,darśayati ca ||,2
5551,rpd : 11.2.37-38.,2
5556,sambhṛti-dyu-vyâpty api cātaḥ ||,2
5561,"hds : 7.9.20, 7.9.8",2
5567,puruṣa-vidyāyām iva cetareṣām anāmnāt ||,2
5571,"rpd : 10.40.2, 10.40.10, 10.40.13, 10.40.29, 3.15.49.",2
5581,vedhādy-artha-bhedāt ||,2
5586,"hds : 11.10.4, 11.11.32, 11.11.39",2
5595,jñātvā devaṁ sarva-pāśāpahāniḥ,2
5596,kṣīṇaiḥ kleśair janma-mṛtyu-prahāṇiḥ |,2
5597,tasyābhidhyānāt tṛtīyaṁ deha-bhede,2
5598,viśvaiśvaryaṁ kevala āpta-kāmaḥ || [śve.u. 1.11] iti |,2
5602,"hānau tūpāyana-śabda-śeṣatvāt, ",2
5603,kuśā-cchandaḥ-stuty-upagānavat tad uktam ||,2
5605,pūrva-pakṣa-nirāsārthas tu-śabdaḥ | deva-jñānena pāśa-hānau satyāṁ devānuraktasya viduṣaḥ tac-chāstra-gamyatva-rūpa-deva-dharma-cintanaṁ kuśāc chanda-stuty-upagānavad uktam | yathā niyata-svādhyāyānantaraṁ kuśa-grahaṇa-pūrvakam ācchandena samyag-īṣadvecchayā stuty-upagānaṁ bhavati tadvat tad-dharma-cintanam | tasyābhidhyānād ity anena tathaiva vyañjanād ity arthaḥ | tatra hetur upāyaneti | upāyanaṁ sāmīpya-lābhas tad-anuraktir iti yāvat | tac-chandas tad āvehi vākyam | tac-cheṣatvāt tad-anuyāyitvāt sarveṣāṁ vākyānām | yad uktaṁ—tam eva dhīraḥ ity ādi | ,3
5607,pūrtena tapasā yajñair dānair yogaiḥ samādhinā |,2
5608,brāhmaṁ niśreyasaṁ puṁsāṁ mat-prītis tattvavin-matam || [bhā.pu. 3.9.40] ity ādi |,2
5613,"hds : 3.9.31, 3.9.22, 3.9.41",4
5619,sāmparāye tartavyābhāvāt tathā hy anye ||,2
5623,tam eva dhīro vijñāya prajñāṁ kurvīta brāhmaṇaḥ |,2
5624,nānudhyāyād bahūñ śabdān vāco viglāpanaṁ hi tat || [bṛ.ā.u. 4.4.21] iti | ,2
5628,tasmān mad-bhakti-yuktasya yogino vai mad-ātmanaḥ |,2
5629,na jñānaṁ na ca vairāgyaṁ prāyaḥ śreyo bhaved iha || [bhā. 11.20.31] iti ||28||,2
5632,"hds : 1.7.4, 11.20.31",2
5639,"brahmopāsanaṁ guṇavad ity uktam | tad idānīṁ dvividham iti darśayitum ārabhate | tad u hovāca hairaṇyo gopa-veśam abhrābhaṁ [go.tā.u. 1.8] ity ādeḥ, prakṛtyā sahitaḥ śyāmaḥ [rā.tā.u. 1.4.7] ity ādi, sa vā ayam ātmā sarvasya vaśī sarvasyeśānaḥ [bṛ.ā.u 4.4.22] ity ādi ca śrūyate | atra kvacin mādhurya-jñāna-pravṛttyā ruci-bhaktis tat-prāpti-hetuḥ pratīyate | kvacit tv aiśvarya-jñāna-pravṛttā vidhi-bhaktiś ceti | tataś ca viṣaya-vailakṣaṇyena tat-tad-bhakter api vailakṣaṇyāt katamā sā tad-dhetuur ity aniścayāt tal-lipsos tatra pravṛtty-asambhavaḥ syād iti prāpte—",7
5641,chandata ubhayāvirodhāt ||,2
5645,īśvare tad-adhīneṣu bāliśeṣu dviṣatsu ca |,2
5646,prema-maitrī-kṛpopekṣā yaḥ karoti sa madhyamaḥ || [bhā.pu. 11.2.46] ity ukteḥ |,2
5657,gater arthavattvam ubhayathānyathā hi virodhaḥ ||,2
5662,hds : 7.1.29-30,2
5671,upapannas tal-lakṣaṇārthopalabdher lokavat ||,2
5675,nāyaṁ sukhāpo bhagavān dehināṁ gopikā-sutaḥ |,2
5676,jñānināṁ cātma-bhūtānāṁ yathā bhaktimatām iha || [bhā.pu. 10.9.21] ity ādi |,2
5680,"rpc : 9.4.46, 9.4.48, 3.29.11, 3.25.29, 3.13.48, 4.9.10, 6.11.23, 10.16.37, 3.15.49, 3.15.43.",2
5688,"athedam upāsanam ekānekāṅgatayā dvividham iti darśayitum ārabhate | atharva-śiraḥsu—oṁ munayo ha vai brahmāṇam ūcuḥ ity ādinā, sakalaṁ paraṁ brahma ity antenāṣṭādaśārṇa-svarūpaṁ nirūpya paṭhyate | etad yo dhyāyati rasati bhajati, so’mṛto bhavati iti | tatra saṁśayaḥ—dhyānādīni samuditya mokṣa-sādhanāni pratyekaṁ veti tāny uktvāmṛtatvokteḥ samudityeti prāpte—",7
5690,aniyamaḥ sarveṣām avirodhaḥ śabdānumānābhyām ||,3
5694,cintayaṁś cetasā kṛṣṇaṁ mukto bhavati saṁsṛteḥ || [go.ta.u. 1.11] ,2
5696,"pañca-padaṁ japan pañcāṅgaṁ dyāvābhūmī sūryācandramasau sāgnī tad-rūpatayā brahma sampadyate [go.ta.u. 1.12] ity ādi śrutyā,",2
5698,kīrtanād eva kṛṣṇasya mukta-saṅgaḥ paraṁ vrajet [bhā.pu. 12.3.51],2
5700,eko’pi kṛṣṇāya kṛtaḥ praṇāmo,2
5701,daśāśvamedhāvabhṛthair na tulyaḥ |,2
5702,daśāśvamedhī punar eti janma,2
5703,"kṛṣṇa-praṇāmī na punar-bhavāya || [nār.pañ., bha.ra.si. 1.2.129]",2
5707,"nanu dhyānottaraiva muktiḥ śrūyate | ātmā vā are draṣṭavyaḥ ity ādiṣu | katham atra japādy-uttarā sāmbhupagateti ced ucyate | japādikaṁ dhyānaṁ ca mitho’nusyūtam | japādau dhyānaṁ, dhyāne ca japādīti prāg uktaṁ susthiram ||32||",3
5718,yāvad-adhikāram avasthitir ādhikārikāṇām ||,2
5720,"na khalu sarveṣāṁ brahma-vidāṁ vidyāsiddhau satyāṁ vimuktir ity asmābhir ucyate | kintu yeṣāṁ sañcitasya karmaṇo vidyayā vināśaḥ, kriyamāṇasya tayā viśleṣaḥ, śarīrārambhakasya tu tasya bhogena saṅkṣayas teṣām eva tasyāṁ seti | brahmādīnāṁ tv ādhikārikāṇāṁ vinaṣṭa-viśliṣṭa-sañcita-kriyamāṇa-karmaṇām apy adhikārārambhakaṁ karma yāvad adhikāraṁ na kṣīyate’tas teṣāṁ tāvat prapañce’vasthitir bhavet | tad-ārambhakasya tasya samāptau tu te vimucya paraṁ padaṁ viśantīti | idaṁ tu bodhyaṁ—acirādhikārā maghavādayo’dhikārānte cirādhikāraṁ brahmāṇaṁ gacchanti | tad-adhikārānte tasmin vimukte tena saha vimucyanta iti | vakṣyati caivam—kāryātyaye tad-adhyekṣeṇa ity ādinā | bhagavati teṣāṁ prātikūlyaṁ tu tal-līlā-poṣāt tad-icchānuguṇam evety adoṣaḥ | viṣayāveśo’py eṣām ābhāsa-rūpa eva vidyā-niṣṭhatvāt | tasmād adhikāri-bhinnānāṁ tattva-vidāṁ vidyādhigame vimuktir iti na kāpi śaṅkā ||33||",3
5723,"hds : 5.17.23, 11.29.6",2
5731,"athāsthaulyādi-dharmānupasaṁhartum ārabhate—etad vai tad akṣaraṁ gārgi brāhmaṇā abhivadanty asthūlam anaṇv ahrasvam [bṛ.ā.u. 3.8.8] ity ādi śrūyate | atha parā yayā tad akṣaram adhigamyate yat tad adreśyam agrāhyam agotram avarṇam acakṣuḥ-śrotram ity ādi ca | iha bhavati vīkṣā | akṣara-śabdita-para-brahma-viṣayāḥ sthaulyādi-pratiṣedha-buddhayaḥ sarvāsūpāsanāsu neyā na veti | samāna evaṁ cābhedāt ity tra vigrahātmaka-brahmopāsanāyā nirūpaṇāt tādṛśe brahmaṇy etāsām asambhavān na, iti prāpte—",7
5733,akṣara-dhiyāṁ tv avarodhaḥ sāmānya-tad-bhāvābhyām ,2
5734,"aupasadavat, tad uktam || ",2
5736,tu-śabdāt pūrva-pakṣo nivartyate | akṣara-brahma-sambandhinīnām āsām asthaulyādi-dhiyāṁ sarvāsu tāsv avarodhaḥ saṅgrahaḥ kāryaḥ | kutaḥ ? sāmānyeti | sarve vedā yat padam āmananti iti śruteḥ | sarvatropāsyasya brahma-svarūpasya sāmānyād aikarūpyāt | tatra vigrahe’sthaulyādīnāṁ bhāvāc ca | ,3
5738,"ayaṁ bhāvaḥ—jñātvā devam ity ādi śruter jñānān mokṣaḥ | tac ca jñānaṁ tam asādhāraṇyena gṛhṇīyāt, na tu sādhāraṇyena | anyatrātiprasaṅgāt | tataś cāsthaulyādi-viśeṣita-vibhu-jñānānandābhinna-vigraha-rūpatvena jñānam asādhāraṇyāya syāt tad-itara-nikhila-bhedānumāpakatvāt | itthaṁ ca sakala-heya-pratyanīkatvaṁ tad-vigrahasya siddham | ",3
5740,sa vai na devāsura-martya-tiryaṅ ,2
5741,na strī na ṣaṇḍo pumān na jantuḥ | ,2
5742,nāyaṁ guṇaḥ karma na san na cāsan ,2
5743,niṣedha-śeṣo jayatad aśeṣaḥ || ,2
5745,"iti sthaulyādi-vihīnatvenābhyarthitaṁ vastu tādṛg-vigrahātmanāvirbhūtam iti smaryate, harir āvirāsīt iti | atraitādṛśāvirbhāvam arthayamāne gajendre yena rūpeṇāvirbhūtaṁ tat khalu tādṛg eva bhaved iti visphuṭaṁ tattvam | itarathā jñāna-mātraṁ tac cetasy avabhāsate | iha prāpañcikaṁ devatvādi pratiṣidhyate | svarūpa-niṣṭhaṁ devatvaṁ puruṣatvaṁ cāsty eva tathaiva prākaṭyāt | guṇānāṁ pradhānānugāmitve nidarśanam aupasadavad iti | upasadākhya-karmāṅga-bhūta-mantravad ity arthaḥ | yathā jāmadagnye’hīne puroḍāśinīṣūpasatsv agner vai hotram ity ādikāḥ puroḍāśa-pradāna-mantrāḥ sāma-veda-paṭhitā api pradhānānugāmitayā yājurvedikair adhvaryubhir ahisambadhyante | tat-pradānasya tat-kāryatvāt | evaṁ kvācikyo’pi tad-buddhayaḥ pradhānenākṣareṇa saha sarvatra sambadhyante | tāsāṁ tad-anugāmitvād iti | tad uktaṁ vidhi-kāṇḍe—guṇa-mukhya-vyatikrame tad-arthatvān mukhyena veda-saṁyogaḥ iti ||34||",5
5748,"hds : 8.3.24, 8.3.26, 8.3.30",2
5753,"nanu tādṛk vigrahatvādi-dharma-jātam iva, sarva-karmā sarva-gandhaḥ ity ādi pratipannaṁ sarva-karmatvādikam apy avaśyaṁ sarvatra cintyaṁ syād iti cet, tatrāha—",3
5755,iyad āmananāt ||,2
5769,yaḥ sarvajñaḥ sarva-vidyasya jñāna-mayaṁ tapaḥ |,2
5770,tasmād etad brahma nāma rūpam annaṁ ca jāyāte || [mu.u. 1.1.9] ity ādi |,2
5772,"brahmaivedaṁ viśvam idaṁ variṣṭham ity antam | tatra saṁśayaḥ—saṁvyoma-śabdābhihitaṁ brahma-puraṁ kiṁ sāmarthyaiśvarya-paryāyas tan-mahimaiva bhaved uta vicitra-prāsāda-gopura-prākārādi-rūpaṁ tad iti | kiṁ prāptaṁ tādṛśas tan mahimaiva tad iti | sa bhagavaḥ kasmin pratiṣṭhita iti, sve mahimni [chā.u. 7.24.1] iti sva-mahimādhāratva-śravaṇāt | tasmān mahimaiva puratvena nirūpitaḥ saṁvyoma-śabditaś ca saḥ, tasyānantyāt | na khalu vibhor adhiṣṭhānaṁ sambhaved ity uktaṁ brahmaivety ādinā | evaṁ prāpte paṭhati—",4
5774,antarā bhūta-grāmavat svātmanaḥ ||,2
5776,antarā saṁvyoma-pura-madhye svātmano bhūta-grāmavad vibhāti | svātmanaḥ svīyatvena vṛtasya bhaktaasyayety arthaḥ | yam evaiṣa vṛṇute tena labhyaḥ [ka.u. 1.2.22] ity ādi śruteḥ | tatratyaṁ vastu-jātaṁ brahmātmakam api pṛthivyādi-nirmitavat sphuratīty arthaḥ | vac-chabdena bhūta-grāmatvaṁ tasya nirastam | kintu svātmakatvam uktam | ,3
5778,brahmaivedam amṛtaṁ purastāt paścāc ca | ,2
5779,brahma dakṣiṇataś cottareṇādhaś cordhvaṁ prasṛtam ||,2
5780,brahmaivedaṁ viśvam idaṁ variṣṭham || [mu.u. 2.2.11] iti |,2
5784,"rpc : 3.15.47-48, 10.28.14-15, 2.9.9-17.",2
5785,"hds : 11.9.21, 11.3.37, 10.70.43, 4.29.46",2
5790,"anyathā bhedānupapattir iti cen, nopadeśāntaravat || ",2
5792,"anyathā bhedābhāve saty adhiṣṭhānādhiṣṭhātṛ-bhedānupapattir iti cen, naiṣa doṣaḥ | kutaḥ ? upadeśāntaravad upapatteḥ | ānandaṁ brahmaṇo vidvān ity ādy upadeśāntare yathā saty apy abhede viśeṣa-balād bheda-kāryam upapadyate tadvad ity arthaḥ ||37||",3
5795,"hds : 10.14.22, 10.13.54",2
5804,vyatihāro viśiṁṣanti hītaravat |,2
5806,"ātmānam eva lokam upāsīt [bṛ.ā.u. 1.4.15] ity ādyāḥ śrutayo hi yasmāl lokatvena paramātmānaṁ viśiṁṣanti paramātmatvena lokam | ca ato vyatihāraḥ siddhaḥ | paramātmaiva loko, lokaḥ paramātmeti | itaravat yathetarāḥ sat-puṇḍārīka-nayanam ity ādyāḥ, sākṣāt-prakṛti-paro’yam ātmā gopālaḥ ity ādyāś ca śrutayo vigrahaṁ paramātmatvena viśiṁṣanti paramātmānaṁ ca vigrahatveneti tadvat | tathā cānanda-cid-vigraho harir acintya-śaktyā svayaṁ vicitras tādṛśa-loka-rūpaś ca svabhaktasya sphurati nānyasyeti tad-vatso’pi dhyeya iti siddham ||37||",4
5808,"rpc : 9.5.3, 9.11.11, 10.83.4, 11.6.32, 12.5.12.",2
5809,hds: 10.13.53-54,2
5816,athoktārtha-sthairyāya idam ārabhyate | viśeṣa-bodhakāni vacāṁsi viṣayaḥ | viśeṣā māyikāḥ svābhāvikā veti saṁśayaḥ | neha nānāsti kiñcana | athāta ādeśo neti neti ity ādi śravaṇān māyikās ta iti prāpte paṭhyate—,5
5818,saiva hi satyādayaḥ |,2
5820,"parāsya śaktir ity ādau viṣṇu-śaktiḥ parā ity ādau ca māyetarā vahny-uṣṇateva svābhāvikī yā parākhyā svarūpa-śaktir uktā, saiva hi yasmāt satyādayo viśeṣā bhavanty atas tena māyikā api tv ātmānubandhinaḥ syur ity arthaḥ | satyādīnāṁ guṇānāṁ parātve vakṣyamāṇavāyatanau hetū draṣṭavyau | ata eva neha nānāsti kiñcana ity uktam | athāta ity ādy arthas tu prāg-vivṛtaḥ | ādi-śabdāt śauca-dayā-kṣānty-ādayaḥ sārvajña-sārvaiśvaryānanda-saundaryādayaś ca bodhyāḥ | ata eva śrīmān parāśaro bhagavac-chabdasya śuddho mahā-vibhūti-dharmī paramātmā vācya ity uktvā sambhṛtatvādīn pūrṇaiśvaryādīṁś ca dharmān vyasta-samasta-bhūtasya tasya vācyān avocat | samastasya tasya punaḥ śeṣa-jñānādīn dharmān vācyān abhyadhāt—",5
5822,śuddhe mahā-vibhūty-ākhye pare brahmaṇi śabdyate |,2
5823,maitreya bhagavac-chabdaḥ sarva-kāraṇa-kāraṇe || ity ādinā |,2
5825,sambharteti tathā bhartā bha-kāro’rtha-dvayānvitaḥ |,2
5826,netā gamayitā sraṣṭā ga-kārārthas tathā mune ||,2
5827,aiśvaryasya samagrasya vīryasya yaśasaḥ śriyaḥ |,2
5828,jñāna-vairāgyayoś cāpi ṣaṇṇāṁ bhaga itīṅganā ||,2
5829,vasanti yatra bhūtāni bhūtātmany akhilātmani |,2
5830,sa ca bhūteṣv aśeṣeṣu va-kārārthas tato’vyayaḥ ||,2
5831,jñāna-śakti-balaiśvarya ity ādinā ca |,2
5844,"atha śrī-vaiśiṣṭyaṁ guṇam upasaṁhartum ārambhaḥ | śrīś ca lakṣmīś ca patnī [śu.ya. 31.22] iti yajuṣi śrūyate | iha śrī ramā-devī | lakṣmīr bhāgavatī sampad ity eke | śrīr vāg-devī, lakṣmīs tu ramā-devīty apare | atharva-śirasi ca—kamalā-pataye namaḥ ramāmānasa-haṁsāya govindāya namo namaḥ iti | ramādhārāya rāmāya iti caivam ādi | atra bhavati vīkṣā śrīr iyaṁ prākṛtatvād anityotaparātvān nityeti | athāta ādeśo neti neti iti paramātmani niḥśeṣa-viśeṣa-pratiṣedhāt, na tatra śry-ādi-rūpaḥ kaścid viśeṣaḥ sambhavī | kintu svīkṛta-māyo viśuddha-sattva-mūrtis tādṛśyāpi śriyā yujyate ity anityā tasya śrīr iti prāpte—",9
5846,kāmādītaratra tatra cāyatanādibhyaḥ ||,2
5851,yathā sarva-gato viṣṇus tathaiveyaṁ dvijottama || [vi.pu. 1.8.15] iti |,3
5853,ātma-vidyā ca devi tvaṁ vimukti-phala-dāyinī [vi.pu. 1.9.118] iti ca |,3
5858,prasīdatu sa no viṣṇur ātmā yaḥ sarva-dehinām || iti |,3
5863,"hds : 10.53.37, 10.33.16, 10.33.6, 10.32.14,",2
5869,ādarād alopaḥ ||,2
5871,"saty apy abhede vicitra-guṇa-ratnākaratvena svamūlatvena ca śiryaḥ parasminn ādarāt tad-bhakter alopaḥ | na khalu vṛkṣam anādriyamāṇā śākhāsti, na ca candraṁ tat-prabhā | tad-bhaktiś cokta-śrutibhyaḥ pratīyate—śrīr yat-padāmbuja-rajaś cakame tulasyā labdhvāpi vakṣasi padaṁ kila bhṛtya-juṣṭa [bhā.pu. 10.29.37] ity ādi smṛtibhyaś ca ||40||",3
5874,hds : 10.89.37,4
5877,nanu ravi-viṣayāśraya-bhāvenālambana-vibhāva-bhede sati śṛṅgārābhilāṣaḥ sambhavet | nirbhede tu tattve nāsau sambhāvayituṁ śakya iti cet tatrāha—,3
5879,upasthite’tas tad-vacanāt ||,2
5881,upasthitam iti bhāve niṣṭhā | yadyapi śakti-tad-āśrayayor asty abhedas tathāpi śakyāśrayasya puruṣottamatvena śakteś ca yuvatī-ratnatvenopasthitau satyāṁ svārāmatva-pūrty-ādy-anuguṇaṁ kāmādi samudety ataḥ siddhaṁ tat | idaṁ kutaḥ ? tad-vacanāt | yo ha vai kāmena kāmān kāmayate sa kāmī bhavati | yo ha vai tv akāmena kāmān kāmayate so’kāmī bhavati [go.tā.u. 2.21] ity atharva-śirasi tādṛśa-kāmādy-abhidhānād ity arthaḥ | akāmeneti sādṛśye nañ | kāma-tulyena pramṇety arthaḥ | tenātmānubhava-lakṣaṇena viṣaya-kāmānāṁ khalu svārāmatvaṁ pūrṇatāṁ ca nātikrāmatīti | svātmaka-śrī-sparśād udagrānandas tu sva-saundarya-vīkṣaṇāder iva bodhyaḥ | etad uktaṁ bhavati—parākhya-svarūpa-śakti-viśiṣṭaṁ khalu para-tattvaṁ śruty-ādiṣu pratipannaṁ sva-prādhānyena sphurat tat puruṣottama-saṁjñam | parākhya-śakti-prādhānyena sphurat tu dharmādi-saṁjñam | paraiva khalu jñāna-sukha-kāruṇyaiśvarya-mādhuryādy-ākareṇa sphurantī dharma-rūpā | śabdākāreṇāhvayokti-rūpā | dharādy-ākāreṇa dhāma-rūpā | hlādinī-sāra-samaveta-saṁvid-ātmaka-yuvatī-ratnatvena tu rādhādi-śrī-rūpā ceti sāmastyena parety uktā | tathā cābhede saty api viśeṣa-vijṛmbhitena bheda-kāryeṇa vibhāva-vailakṣaṇya-vibhānāt tad-abhilāṣaḥ siddha iti | dharmādi-rūpatā tu na paścāttanī kintu anādi-siddhamatīti nakāpi kṣatir asti | tasmāt paraṁ tattvaṁ śrīmad eva dhyeyaṁ taj-janānuyāyibhiḥ ||42||,3
5883,"rpc : 11.2.38, 7.4.29-31.",2
5884,"hds : 10.29.13, 10.33.2, 10.33.19, 10.33.7",2
5891,tatraiva śrūyate—tasmāt kṛṣṇa eva paro devas taṁ dhyāyet taṁ raset taṁ yajet taṁ bhajed iti oṁ tat sad iti [go.tā.u. 1.48] | atra saṁśayaḥ | śrī-kṛṣṇatvena guṇena śrī-harer upāsanaṁ niyataṁ na veti | avadhāraṇa-svārasyāttena tan niyatam iti prāpte—,3
5893,tan-nirdhāraṇāniyamas tad-dṛṣṭeḥ pṛthag ghy apratibandhaḥ phalam ||,2
5897,yatrāsau saṁsthitaḥ kṛṣṇas tribhiḥ śaktyā samāhitaḥ |,2
5898,rāmāniruddha-pradyumnai rukmiṇyā sahito vibhuḥ ||,2
5899,catuḥ-śabdo bhaved eko hy oṁkārasyāṁśakaiḥ kṛtaḥ || iti |,2
5903,"rpc : 11.2.43, 11.2.39, 11.29.32, 11.29.17-18, 12.8.46, 10.40.4-10, 11.1.10, 11.1.6, 10.32.2, 10.32.13, 10.32.21, 10.38.13, 11.29.48, 3.11.34-37, 3.11.22-23, 6.6.27.",2
5904,"hds : 1.3.28, 2.3.30, 10.40.9-10.",2
5914,yasya deve parā bhakti yathā deve yathā gurau |,2
5915,tasyaite kathitā hy arthāh prakāśante mahātmanaḥ || [śvet. u. 6.25 ||,2
5917,iti śvetāśvataropaniṣadi | ācāryavān puruṣo veda [chā.u. 6.14.2] iti | tad-vijñānārthaṁ sa gurum evābhigacched [mu.u. 1.2.12] iti cānyatra | iha saṁśayaḥ | guru-labdhāc chravaṇād itaḥ phalaṁ guru-prasāda-sahitāt tasmād veti | tatra śravaṇāditaḥ phalābhidhānāt kiṁ tat-prasādeneti prāpte—,5
5919,pradānavad eva tad uktam ||,2
5924,"hds : 11.10.5, 11.12.24, 11.17.27, 11.17.28, 10.87.33",2
5928,21. liṅga-bhūyastvādhikaraṇam,2
5934,liṅga-bhūyastvāt tad dhi balīyas tad api |,2
5936,"ṛṣabhādibhyo brahma-śrutavatā satya-kāmena bhagavāṁs tv eva me kāmaṁ brūyāt iti śrī-guruḥ prārthyate | tathāgnibhyaḥ śruta-vidyenopakośalena cety ādi-chāndogyādi-dṛṣṭa-guru-prasādana-liṅga-bāhulyāt tat-prasādanam eva baliṣṭham | tarhi tāvatālam ity api na mantavyam | kiṁ tarhi tad api śravaṇādi ca kartavyam | yasya deve parā bhaktiḥ, śrotavyo mantavyaḥ ity ādi śruteḥ | ",5
5938,guru-prasādo balavān na tasmād balavattaram |,2
5939,tathāpi śravaṇādiś ca kartavyo mokṣa-siddhaye || iti smṛteś ca ||45||,2
5941,"rpc : 11.3.49, 10.87.33.",2
5949,evaṁ guṇādi-viśiṣṭasya bhagavata upāsanād deśikānugraha-saha-kṛtāt phalam ity āpāditam | athaitad virodhi-vākyārtha-samādhinā paripuṣyate | gopāla-tāpanyāṁ munibhiḥ sarvārādhyatvādi-guṇakaṁ vastu pṛṣṭaḥ padma-yonis tathātvena śrī-kṛṣṇam uddiśya tat-prāpti-hetuṁ tad-bhaktim upadiśati | tad uttaratra ca—tasmād devaḥ paro rajaseti so’ham ity avadhāryātmānaṁ gopālo’ham iti bhāvayet | sa mokṣam aśnute | sa brahmatvam adhigacchati | sa brahma-vid bhavati [go.ta.u. 2.38-32 || ity ādi paṭhyate | iha so’ham ity abhedābhyāso dṛśyate | atra saṁśayaḥ | parāparātma-svarūpaikya-viṣayeyaṁ so’ham iti bhāvanā kiṁ vā pūrvopadiṣṭāyā bhakter eva kaścana prakāra iti śabda-svārasyāt tad-viṣayāsau mokṣa-hetur iti prāpte—,3
5951,pūrva-vikalpaḥ prakaraṇāt syāt kriyā mānasavat |,2
5953,"pūrvasyā bhakter eva vikalpo yaḥ so’ham iti bhāvaḥ | kutaḥ ? preti | bhaktir asya bhajanam | tad ihāmutropādhi-nairāsyenaivāmuṣmin manaḥ-kalpanam | etad eva ca naiṣkarmyam [go.ta.u. 1.14] iti tasyāḥ pūrvaṁ prakṛtatvāt | sac-cid-ānandaika-rase bhakti-yoge tiṣṭhati [go.ta.u. 2.78] iti tathaivopasaṁhārāc ca prakāra-viśeṣa eva nārthāntaram ity atra dṛṣṭāntaḥ kriyeta | kriyā paricaryārcanādi-rūpā | mānasaṁ ca dhyānam | te yathā bhakter eva prakārau, tathā so’ham iti bhāvo’pi pūrvopadiṣṭāyā bhakteḥ prakāra-viśeṣo bhavatīti | rāgād bhayāc cagāḍhāveśe sati so’ham iti bhāvo’bhyudeti | kṛṣṇo’ham iti siṁho’ham iti ca | etad uktaṁ bhavati pūrva-vibhāge—kaḥ paramo devaḥ ? [go.ta.u. 1.2] ity ādinā sarvārādhyatva-saṁsāra-nivartakatva-sarvāśrayatva-sarva-kāraṇatva-guṇakaṁ paramārtha-vastu munibhiḥ pṛṣṭo brahmā śrī-kṛṣṇo vai paramaṁ daivatam [go.ta.u. 1.3] ity ādinā tat-tad-guṇaka-tādṛśa-vastutvaṁ śrī-kṛṣṇasyābhidhyāyaitad yo dhyāyati [go.ta.u. 1.6] ity ādinā bhajanīyasya tasya tad-bhakteś ca viśeṣa-praśne taiḥ pravartite tad u hovāca hairaṇyaḥ-- gopa-veśam abhrābhaṁ [go.ta.u. 1.8] ity ādinā saparikaraṁ tat-svarūpam upavarṇya ramyaṁ punā rasanaṁ [go.ta.u. 1.12] ity ādinā japena tena prāpyaṁ tat-svarūpaṁ phalam uktvā tac ca tam ekaṁ govindam [go.ta.u. 1.33] ity ādinā jñāna-sukhātmakaṁ bhavatīti nirṇayānte’pi tasmāc chrī-kṛṣṇa eva paro devaḥ [go.ta.u. 1.48] iti tathaivopasaṁharati | ",21
5955,uttara-vibhāge tu tat-preṣṭhā gopyas tena saha vihṛtya pṛṣṭena tenājñāptās tā varānnena durvāsasaṁ muniṁ bhojayāmāsur ity ekadā hi [go.ta.u. 2.1] ity ādinā prakīrtyate | atha tuṣṭena tena dattāśīrbhis tābhiḥ śrī-kṛṣṇa-tattvaṁ pṛṣṭaḥ sa munis tal-līlāyā loka-vilakṣaṇatvaṁ vivakṣur ayaṁ hi śrī-kṛṣṇa [go.ta.u. 2.18] ity ādinā tasya sarva-kāraṇatva-viśuddha-sneha-vaśya-svabhāvata-nitya-tat-kāntatvādikam ācaṣṭe | atha sā hovāca [go.ta.u. 2.23] ity ādinā tasya janma-karma-mantra-dhāmāni tābhiḥ pṛṣṭo muniḥ pūrvārtha evābhyāsa-liṅgena tātparyaṁ nirṇetuṁ brahma-nārāyaṛṣṇopākhyānam upakṣipati sa hovāca taṁ hi [go.ta.u. 2.26] ity ādinā | tatra ca śrī-kṛṣṇasya pūrṇatvaṁ saṁsāra-tārakatvam | tasya mathurākhyam adhiṣṭhānaṁ tac ca brahmātmakaṁ cakrādhārakaṁ vanair anekair ullasad iti nirūpya tasmād evaṁ paro rajaseti so’ham [go.ta.u. 2.38] ity ādinā tad-abhedo bhāvo mokṣa-hetur ity abhidhīyate | sa cokta-hetor bhakter eva pūrvopadiṣṭāyāḥ prakāra-bhedo bhavituṁ yuktaḥ | tasmād aśru-pralayādivat tad-viśeṣo’yam aham asmi brahmāham asmīti taittirīyakādi-dṛṣṭaḥ abheda-vyapadeśas tu tad-āyatta-vṛttikatvādibhir bhede eva sati saṅgaccheteti puraivābhihitam ||46||,13
5958,"hds : 7.4.37-38, 10.30.2, 10.30.14",2
5966,atideśāc ca ||,2
5970,yathā tvaṁ saha putrais tu yathā rudro gaṇaiḥ saha |,2
5971,yathā śriyābhiyukto’haṁ tathā bhakto mama priyaḥ || [go.ta.u. 2.49],2
5975,dhyāyen mama priyo nityaṁ mokṣam adhigacchati |,2
5976,sa mukto bhavati tasmai ātmānaṁ ca dadāmi vai || [go.ta.u. 2.73],2
5981,"hds : 9.4.63-64, 9.4.68",2
5988,"śāstra-jñāna-pūrvakam upāsanaṁ vidyocyate | tayā muktir ity etat pariṣkartum ārabhyate | tam eva viditvātimṛtyum eti nānyaḥ panthā vidyate’yanāya [śve.u. 3.8] iti | puruṣa-sūkte tam eva vidvān amṛta iha bhavati ity ādi cānyatra paṭhyate | tatra karma mokṣa-hetur uta samuccite vidyā-karmaṇī, kiṁ vā vidyeti saṁśayaḥ | kiṁ prāptaṁ ? karmeti | śeṣatvāt puruṣārthatveti ṣaṭ-sūtrī-nirṇayāt | vidyā tu tac-cheṣo bhavet samuccite vidyā-karmaṇī vā tad dhetur na tu tayor ekataraṁ taṁ vidyā-karmaṇī iti śravaṇāt | yad uktam ubhābhyāṁ va pakṣābhyāṁ yathā khe pakṣiṇo gatiḥ | tathaiva karma-jñānābhyāṁ mukto bhavat mānava iti | vidyā vā tad-dhetuḥ | tam eva viditvā [śve.u. 3.8] ity ādi śravaṇāt | tasmād anirṇayo’stu | evaṁ prāpte paṭhati—",8
5990,vidyaiva tu tan-nirdhāraṇāt ||,3
5992,"tu-śabdaḥ śāṅkā-cchedārthaḥ | vidyaiva mokṣa-hetuḥ, na tu karma | na ca samuccite vidyā-karmaṇī | kutaḥ ? tad iti | tam eva viditvā [śve.u. 3.8] ity ādau tasyās tattvāvadhāraṇāt | vidyā-śabdena hi jñāna-pūrvikā bhaktir ucyate | vijñāya prajñāṁ kurvīta ity ādau tādṛśyās tasyās tattvābhidhānāt | smṛtiś cobhayatra vidyā-śabdaṁ prayuṅkte | vidyā-kuṭhāreṇa śitena dhīraḥ [bhā.pu. 11.12.12] iti, rāja-vidyā rāja-guhyā [gītā 9.1] iti ca | tasmād asau tantreṇa te dve gṛhṇīyāt | kaurava-śabdavat mīmāṁsaka-śabdavac ca | pūrvo dhārtarāṣṭra-pāṇḍavau, paras tu karmavid-brahmavidau tathā gṛhṇāti ||48||",9
5995,"hds : 11.13.34, 11.11.3-4",2
6001,darśanāc ca ||,2
6003,bhidyate hṛdaya-granthiś chidyante sarva-saṁśayāḥ | ,2
6004,kṣīyante cāsya karmāṇi tasmin dṛṣṭe parāvare || [mu.u. 2.2.8],2
6015,śruty-ādi-balīyastvāc ca na bādhaḥ ||,2
6017,na khalu vidyaiva mukti-hetur ity asya śāstrasya tābhyāṁ bādhaḥ śakyaḥ | kutaḥ ? śruty-ādīti | tam eva viditvā [śve.u. 3.8] ity ādeḥ sāvadhāraṇāyāḥ śruter baliṣṭhatvāt | ādi-śabdo liṅga-yuktī saṁgṛhṇāti |,3
6019,indro’śvamedhāc chatam iṣṭvāpi rājā,2
6020,brahmāṇam īḍyaṁ samuvācopasannaḥ |,2
6021,na karmabhir na dhanair nāpi cānyaiḥ,2
6022,"paśyet sukhaṁ tena tattvaṁ bravīhi || iti liṅgam,",2
6024,nāsty akṛtaḥ kṛtena [mu.u. 1.2.12] iti yuktiś ca | śeṣatvādi-ṣaṭ-sūtrī tu sūtra-kṛdbhir eva pratyākhyāsyate | adhikopadeśāt tv ity ādibhiḥ | vidyayā sarva-karma-nirmūla-nirūpaka-vākya-saṅgrahāya ca śabdaḥ | tṁ vidyety ādi śrutis tu tair eva samādhāsyate | vibhāgaḥ śatavad iti | tasmāt vidyaiva mokṣa-hetur iti sthiram ||50||,2
6026,"rpc : 11.11.4, 11.19.17, 11.3.21, 6.1.10, 11.14.10",2
6027,"hds : 11.11.4, 10.14.4",2
6036,atha sad-gamyatvaṁ guṇam upasaṁharate—atithi-devo bhava [tai.u. 1.11.2] iti taittarīyake śrutam | tatra saṁśayaḥ—sad-upāsanaṁ mocakaṁ na veti | guru-prasāda-sahitād īśopāsanād eva mokṣa-sambhavād alaṁ sad-upāsaneneti prāpte—,3
6038,anubandhādibhyaḥ ||,3
6042,rahūgaṇaitat tapasā na yāti,2
6043,na cejyayā nirvapaṇād gṛhād vā |,2
6044,na cchandasā naiva jalāgni-sūryair,2
6045,vinā mahat-pāda-rajo-'bhiṣekam || [bhā.pu. 5.12.12] ity ādibhiḥ |,2
6049,no rodhayati māṁ yogo na sāṅkhyaṁ dharma eva ca |,2
6050,na svādhyāyas tapas tyāgo neṣṭā-pūrtaṁ na dakṣiṇā ||,2
6051,vratāni yajñaś chandāṁsi tīrthāni niyamā yamāḥ |,2
6052,yathāvarundhe sat-saṅgaḥ sarva-saṅgāpaho hi mām || [bhā.pu 11.12.1-2] ity ādibhiḥ |,2
6056,śuśrūṣoḥ śraddadhānasya vāsudeva-kathā-ruciḥ |,2
6057,syān mahat-sevayā viprāḥ puṇya-tīrtha-niṣevaṇāt || [bhā.pu 1.2.16],2
6058,harir eva sadārādhyaḥ sarva-deveśvareśvaraḥ |,2
6059,itare brahma-rudrādyā nāvajñeyāḥ kadācana || ity ādi smṛtibhyaḥ |,2
6061,"atrāhuḥ—deśika-sat-prasaṅgasyāpīśa-hetukatvāt tad-anugraha eva mocako’stu | śubhādṛṣṭaṁ tu na tat-prasaṅga-hetuḥ | tasyāpi tad-dhetukatvāt | sarvā ca pravṛttir īśa-hetuketi, parāt tu tac-chruteḥ [ve.sū. 2.3.41] ity anena nirṇītam | tasmād deśikādy-anugrahasyāpi mukti-kāraṇatva-kalpanam ayuktam iti | ",3
6076,"yathā kratur ity ādi śrutau saṁśayaḥ | idaṁ brahmopāsanaṁ deśikādy-upāsti-sahitaṁ sva-tāratamyāt phala-tāratamya-hetur bhaven na veti | nirañjanaḥ paramaṁ sāmyam upaiti ity ādau viśeṣāśravaṇāt, na tad dhetur bhavet | na hi nānā-vidhair vartmabhir upeyaṁ nagaraṁ tad-upetṛbhir vaividhyena dṛṣṭam iti śakyaṁ vaktum ity evaṁ prāpte—",3
6078,prajñāntara-pṛthaktvavad dṛṣṭaś ca tad uktam |,2
6080,"vijñāya prajñāṁ kurvīta [bṛ.ā.u. 4.4.21] iti dve prajñe dṛṣṭe | tatraikā śābdī, anyā tūpāsanā | tasyāḥ pṛthaktvaṁ bhedaḥ | tadvad eva tad-upāsakānāṁ tad-dṛṣṭir bhavati | tad uktam iti, yathā kratur [chā.u. 3.14.2] ity ādau tat tāratamyam uktam ity arthaḥ | tathā copāsanāuyāyi-bhagavad-darśanaṁ tato vimuktir iti | sāmya-pāramyaṁ tu nairañjanyāṁśena bodhyam ||52||",4
6089,"na, sāmānyād apy upalabdher mṛtyuvan nahi lokāpattiḥ ||",2
6093,"nanu saiva muktir iti cet, tatrāha—na hīti | dṛṣṭiḥ khalu lokāpattiḥ sety arthaḥ | smṛtiś ca—sāmānya-darśanāt lokā muktir yogyātma-darśanāt iti | ayaṁ bhāvaḥ—dṛṣṭiḥ khalu dvedhā—āvṛta-viṣayānāvṛta-viṣayā ceti | tatrādyā puṇyodrekeṇa jāyamānā tat-prabhāvena svargādi-lokān prāpayati | antimā tu brahma-vidyayā liṅgam aṅge sati parama-preṣṭatva-cit-sukha-vigraha-viṣayatayā jāyamānā vimocayatīti sarvaṁ saṅgimat | yat tu hatikālikaṁ tad-vīkṣaṇaṁ mokṣakaṁ vadanti | tatrāpi tac-cakrādi-sparśa-mahimnā liṅga-paryanta-vināśāt | tataḥ priyatvādinā tad-dṛṣṭeḥ seti bodhyam | itarathā bahu-vākya-vyākopāpattiḥ ||53||",5
6105,nāyam ātmā pravacanena labhyo,2
6106,na medhayā na bahunā śrutena |,2
6107,yam evaiṣa vṛṇute tena labhyas,2
6108,"tasyaiṣa ātmā vivṛṇute tanūṁ svām || [ka.u. 2.2.23, mu.u. 3.2.3] iti |",2
6112,pareṇa ca śabdasya tādvidhyaṁ bhūyastvāt tv anubandhaḥ ||,2
6116,nāyam ātmā bala-hīnena labhyo,2
6117,na ca pramādāt tapaso vāpy aliṅgāt |,2
6118,etair upāyair yatate yas tu vidvāṁs,2
6119,tasyaiṣa ātmā viśate brahma-dhāma || [mu.u. 3.2.4] ,2
6121,"iti para-vākyaṁ muṇḍake’sti | ihaitair upāyair iti balāpramādādi-sādhana-kramo nirdiṣṭaḥ | balaṁ khalu bhaktir eva tādṛk | vaśe kurvanti māṁ bhaktyā sat-striyaḥ sat-patiṁ yathā [bhā.pu 9.4.66], puruṣaḥ sa paraḥ pārtha bhaktyā labhyas tv ananyayā [gītā 8.22] iti vākyaikārthyāt | ",5
6123,nāvirato duścaritān ,2
6124,nāśānto nāsamāhitaḥ |,2
6125,nāśānta-mānaso vāpi ,2
6126,prajñānenainam āpnuyāt || [ka.u. 2.2.24] iti para-vākyaṁ kāṭhake |,2
6130,teṣāṁ jñānī nitya-yukta eka-bhaktir viśiṣyate |,2
6131,priyo hi jñānino’tyartham ahaṁ sa ca mama priyaḥ || [gītā 7.17] ,2
6138,"hds : 10.2.33, 10.87.39",2
6147,eka ātmanaḥ śarīre bhāvāt ||,2
6149,"eke kecic chākhinaḥ śarīre dehe, jāṭhare hṛdi brahma-randhre cety arthaḥ, ātmano viṣṇor upāsanā kāryeti manyante | kutaḥ ? bhāvāt | tatrāpi tasya sattvād ity arthaḥ | akke cen madhu vindeta kim-arthaṁ parvataṁ vrajet ? iti nyāyāt | prasāditas tu dāsyaty eva krameṇa nija-padam iti tad-abhiprāyaḥ | smṛtiś caivam āha—",3
6151,udaram upāsate ya ṛṣi-vartmasu kūrpa-dṛśaḥ,2
6152,parisara-paddhatiṁ hṛdayam āruṇayo daharam |,2
6153,tata udagād ananta tava dhāma śiraḥ paramaṁ,2
6154,punar iha yat sametya na patanti kṛtānta-mukhe || [bhā.pu 10.87.18] iti ||55||,2
6156,rpc : 10.87.18,2
6157,hds : 10.87.18,2
6164,yathā kratur [chā.u. 3.14.1] ity ādiṣu vākyeṣu mādhurya-guṇakam aiśvarya-guṇakaṁ copāsanam uktam | tādṛk sat-prasaṅgānuyāyīśa-saṅkalpāt tatra tatraiva jīvānāṁ pravṛttis tena tena prāptiś ca tat-tad-guṇa-svarūpeti cchandata ubayāvirodhād ity ādibhyāṁ darśitam | iha saṁśayaḥ—yenopāsanena yad-guṇakaṁ svarūpaṁ dhyātaṁ tad-guṇakam eva tat-prāptum utāsti dhyāta-guṇād guṇātireka iti | ubhayatrāpi dhyāne dhyeyaikyāt guṇopasaṁhāra-nyāyāc cāstīti prāpte—,2
6166,"vyatirekas tad-bhāva-bhāvitvān, na tūpalabdhivat ||",2
6170,"rpd : 3.9.11, 6.4.28, 10.64.20, 10.60.26, 10.43.17.",2
6171,"hds : 1.2.11, 3.9.11",2
6177,aṅgāvabaddhās tu na śākhāsu hi prativedam ||,2
6182,"hds : 10.40.5, 10.40.7, 10.40.9, 10.22.25",2
6188,mantrādivad vāvirodhaḥ ||,2
6200,"athaitad vicāryate—eko’pi san bahudhā yo’vabhāti iti, ekaṁ santaṁ bahudhā dṛśyamānam iti, atha kasmād ucyate brahma ity ādi ca śrūyate | atra vaidūryādivat bhagavati mitho vilakṣaṇāni bahūni rūpāṇi santi | tair viśiṣṭo’sāv eko’pi bahur abhidhīyate, evaṁ-guṇe’pi prakāra-bāhulyāt tattvam avaseyam | ",7
6204,"bhūmnaḥ kratuvaj jyāyastvam, tathā hi darśayati ||",2
6206,"bhūmno bahu-bhāvasya yasmāt sarveṣu guṇeṣu jyāyastvaṁ kratuvat sarvatra saha-bhāvād ataḥ sarvatrāsau cintyaḥ | yathā kratur jyotiṣṭomasya dīkṣādy-avabhṛthānteṣv anuvṛtter jyāyastvaṁ, tathā sarvatra svarūpa-dharmādiṣv anuvṛtter bhūmnas tat-pramāṇam āha—tathā hīti | yo vai bhūmā tat sukhaṁ nālpe sukham asti bhūmaiva sukham [chā.u. 7.23.1] iti śrutir ānandāder bhūmāvinā-bhāvaṁ darśayantī tasyānucintanaṁ sarvatrānujñāpayatīty artham | yena vinā karma-nityatvaṁ na sidhyet ||59||",15
6208,"rpd : 1.14.5, 9.10.13, 10.14.6, 6.4.23",2
6209,"hds : 2.10.36, 2.7.39",2
6217,nānā-śabdādi-bhedāt ||,2
6221,kṛtaṁ tretā dvāparaṁ ca kalir ity eṣu keśavaḥ |,2
6222,nānā-varṇābhidhākāro nanaiva vidhinejyate || iti |,2
6233,vikalpo’viśiṣṭa-phalatvāt ||,2
6238,"hds : 10.40.7, 10.40.9",2
6247,kāmyas tu yathā-kāmaṁ samucchīyeran na vā pūrva-hetv-abhāvāt ||,2
6251,akāmaḥ sarva-kāmo vā mokṣa-kāma udāra-dhīḥ |,2
6252,tīvreṇa bhakti-yogena yajeta puruṣaṁ param || [bhā.pu 2.3.10] ity-ādi-smṛtibhyaḥ |,2
6256,"rpd : 2.3.2-4, 2.3.10, 7.9.26, 10.88.8",2
6264,"evam aṅgi-guṇa-dhyānam abhidhāyedānīm aṅga-guṇānabhidhātum upakramate | śrī-gopālopaniṣadi pūrva-tāpiny-avasāne, tam ekaṁ govindam ity ārabhya sa-marud-gaṇo’haṁ paramayā stutyā toṣayāmi iti pratijñāya, oṁ namo viśva-rūpāya ity ādibhiḥ padyair vidher hariṁ stuvan tan-mukha-netrādiṣv aṅgeṣu manda-smita-kṛpā-vīkṣaṇādīn guṇān niradikṣat | iha saṁśayaḥ—manda-smitādayo mukhādy-aṅga-guṇaḥ pṛthak cintyā na veti | aṅgi-guṇa-dhyānenaiva pumartha-siddheḥ pṛthak dhyānena phalānatirekāc ca te na dhyeyā bhavantīti prāpte—",9
6266,aṅgeṣu yathāśraya-bhāvaḥ ||,2
6270,"rpd : 3.28.20-33, 4.8.39-45.",2
6275,śiṣṭeś ca ||,2
6277,"stuty-ante, atha haivaṁ stutibhir ārādhayāmi tathā yūyaṁ pañca-padaṁ japantaḥ kṛṣṇaṁ dhyāyantaḥ saṁsṛtiṁ tariṣyatha iti śiṣyān prati vidhināṅga-guṇa-dhyānopadeśāc ca sa sa tatra tatra cintya ity arthaḥ ||64||",3
6284,"nanu, yathā kapyāsaṁ puṇḍarīkam evam akṣiṇī ity atra kṛpāvaloka-mātram uktaṁ nānyat kiñcid iti cet, tatrāha—",3
6286,samāhārāt ||,2
6290,"rpd : 2.2.13-14, 3.28.34-35",2
6291,hds : 3.28.17-18,2
6297,guṇa-sādhāraṇya-śruteś ca ||,2
6299,sarvataḥ pāṇi-pādaṁ tat ity ādāv aṅgeṣu guṇa-sādhāraṇyāt tatra tatraiva tasya tasya cintanam iti sambhavatīty arthaḥ | aṅgāni yasya sakalendriya-vṛttimanti paśyanti pānti kalayanti tathā jaganti ity ādikā smṛtir api sarvatra sarva-guṇa-yogaṁ vaktīti ca śabdāt ||66||,4
6307,na vā tat-sahabhāvāśruteḥ ||,2
6316,darśanāc ca ||,2
6320,rpd : 48.39-45,2
6340,"pūrvasmin pāde dhyānopāsanādi-śabda-vācyā brahma-viṣayā saparikarā vidyā darśitā | athāsmin pāde tasyāḥ svātantryaṁ karmaṇas tad-aṅgatvaṁ tad-adhikṛtānāṁ traividhyaṁ cety evam ādayo’rthāḥ prakāśyante | tatra kratu-bhedāt vidyārthinas tredhā sambhavanti | kecit loka-vaicitrī-didṛkṣavo varṇāśrama-dharmān pariniṣṭhayācarantaḥ saniṣṭhā ucyante | kecit tu loka-sañjighṛkṣayaiva tān ācarantaḥ pariniṣṭhitāḥ | te caite cobhaye sāśramāḥ | pare tu prāg-bhavīyair dharmaiḥ satya-tapo-japādibhiś ca viśuddhā nirapekṣāḥ | tatra te nirāśramāḥ | ity evaṁ traividhyaṁ vyaktaṁ bhāvi | tatrādau vidyāyāḥ svātantryam ucyate | tarati śokam ātmavit, brahma-vid āpnoti param ity evam ādīni vākyāni śrūyante | etad dhy evākṣaraṁ jñātvā yo yad icchati tasya tat iti kāṭhake ca | ",5
6344,puruṣārtho’taḥ śabdād iti bādarāyaṇaḥ ||,2
6348,"rpc : 11.18.35, 11.11.10-12",2
6349,"hds : 11.18.28, 11.18.36.",2
6355,śeṣatvāt puruṣārtha-vādo yathānyeṣv iti jaiminiḥ ,2
6357,"ijyasya viṣṇor yajamānasya svasya ca svarūpa-sambandhau vijñāya tad-ukteṣu tad-ārādhanātmakeṣu karmasu jīvaḥ svayaṁ pravartate | tair asau nivṛtta-kalmaṣo’dṛṣṭa-dvārā svarga-mokṣa-rūpaṁ phalaṁ bhajatīti vidyāyāḥ karma-śeṣatvāt | tasyāṁ yā phala-śrutiḥ, sā puruṣārtha-vādaḥ puruṣa-sambandhy-artha-vādaḥ syāt | yathānyeṣu dravya-saṁskāra-karmasu, parṇa-mayī juhūr bhavati na sa pāpaṁ ślokaṁ sṛṇoti [kṛ.ya.ve. 3.3.5.7], yadāṅkte cakṣur eva bhrātṛvyasya vṛṅkte [kṛ.ya.ve. 6.6.1.1], yat prayājānūyājā ijyante, varma vā etad-yajñasya kriyate varma yajamānāya bhrātṛvyābhibhūtyai [kṛ.ya.ve. 2.2.6.1] ity evaṁ-vidhā phala-śrutir artha-vādaḥ, tadvad iti jaiminir manyate | yad uktaṁ dravya-saṁskāra-karmasu parārthatvāt phala-śrutir artha-vādaḥ syād iti | yāvaj-jīvaṁ gṛhi-dharmān yajñādīn anutiṣṭhataḥ śama-damādy-upetasya brahma-prāptiḥ śrūyate—ācārya-kulād vedam adhītya ity ādinā brahma-lokam abhisampadyate na ca punar āvartate [chā.u. 8.15.1] ity antena | smaryate ca—",11
6359,varṇāśramācāravatā puruṣeṇa paraḥ pumān |,2
6360,viṣṇur ārādhyate panthā nānyat tat-toṣa-kāraṇam || iti |,2
6364,rpc : 11.5.37-38,2
6365,"hds : 11.18.29, 11.18.31.",2
6371,ācāra-darśanāt ||,2
6373,"janako ha vaideho bahu-dakṣiṇena yajñeneje, yakṣamāṇo ha vai bhagavanto’ham asmi iti bṛhad-āraṇyakādiṣu vidvad-variṣṭhānām api karmācāra-vīkṣaṇāt | kevalayā vidyayā pumartha-siddhau kriyā-prayāsas teṣāṁ na syāt | tad eke ced ity ādi nyāyāt ||3||",2
6380,tac-chruteḥ ||,2
6385,"hds : 7.11.7, 11.3.46.",2
6389,samānvārambhaṇāt ||,2
6391,taṁ vidyā-karmaṇī samanvārabhete pūrva-prajñā ca [bṛ.ā.u. 4.4.2] iti bṛhad-āraṇyake vidyā-karmaṇoḥ phalārambhe sāhitya-darśanād ity arthaḥ ||5||,2
6393,rpc : 11.18.45,2
6394,hds : 11.4.43-45,2
6398,tadvato vidhānāt ||,2
6400,brahmiṣṭho brahmā darśapaurṇamāsayos taṁ vṛṇīte [tai.saṁ] iti taittarīyake brahma-jñānavato brahmatvena varaṇa-vidhānāt | brahma-jñānasya ārtvijyādhikāra-sampādakatvāt karmāṅgā vidyety arthaḥ ||6||,2
6403,"hds : 11.4.48, 6.7.32",2
6407,niyamāc ca ||,2
6411,kurvann eveha karmāṇi jijīviṣec chataṁ samāḥ |,2
6412,evaṁ tvayi nānyatheto’sti na karma lipyate nare || [īśa.u. 2],2
6414,ity ātma-vido yāvaj-jīvaṁ karmānuṣṭhāna-niyamāc ca | etena kvacit tyājaka-vākya-śravaṇāt vidhāna-tyāgayor vikalpa ity apāstam | tasya paṅgv-ādy-aśakta-viṣayatvāt | vīrahā vā eṣa devānāṁ yo’gnim udvāsayate [kṛ.yajuḥ 1.5.2] iti taittarīyaka-śrutyā tyāgasya vigītatvād iti ||7||,3
6417,"hds : 11.4.45, 11.20.9",2
6423,adhikopadeśāt tu bādarāyaṇasyaiva tad-darśanāt ||,2
6425,tu-śabdāt pūrva-pakṣo vyāvṛttaḥ | karmaṇaḥ sakāśād adhikā tad-uddeśyatvena tat-pradhāna-bhūtā vidyeti mantavyam | kutaḥ ? evaṁ bādarāyaṇasyopadeśāt | na ca tad-upadeśo vinirmūla ity āha—tad-darśanād iti | tam etaṁ vedānuvacanena brāhmaṇā vividiśanti brahmacaryeṇa tapasā śraddhayā yajñenānāśakena caitam eva viditvā munir bhavaty etam eva pravrājino lokam abhīpsantaḥ pravrajanti [bṛ.ā.u. 4.4.22] iti bṛhad-āraṇyake vidyā-phalakāni karmāṇi vidhīyante | jātāyāṁ ca tasyāṁ tāni punaḥ parityājyante | paratra teṣāṁ nairarthakyāt sādhanāt phalaṁ kila pradhānam ||8||,3
6427,"rpc : 11.5.16-17, 11.23.50, 11.28.38, 11.3.45, 11.3.47, 11.20.9, 11.14.19, 11.12.8, 11.12.13",2
6434,tulyaṁ tu darśanam ||,2
6436,"tad-cheṣatva-sambhāvanānirāsāya tu-śabdaḥ | vidyāyāḥ karmānaṅgatve’pi tulyaṁ darśanam asti | etad dha sma vai tad-vidvāṁsaḥ āhur ṛṣayaḥ kāvaṣeyāḥ kim-arthā vayam adhyeṣyāmahe, kim-arthā vayaṁ yakṣyāmahe, etad dha sma vai tat pūrve vidvāṁso’gnihotraṁ na juhavāñcakrire, etaṁ vai tam ātmānaṁ viditvā brāhmaṇāḥ putraiṣaṇāyāś ca vittaiṣaṇāyāś ca lokaiṣaṇāyāś ca vyutthāyātha bhikṣācaryaṁ caranti [bṛ.ā.u. 3.5.1] iti tatraiva vidyā-niṣṭhānāṁ karma-tyāga-darśanād anaikāntikaṁ tal-liṅgam iti | karmācāra-darśanam apy atra na bādhakaṁ sattva-śodhāya loka-saṅgrahāya cāpekṣyatvāt ||9||",6
6441,asārvatrikī ||,2
6445,"rpc : 11.19.17, 11.29.32",2
6446,hds : 11.20.7-9,2
6451,vibhāgaḥ śatavat ,2
6455,"rpc : 10.80.8, 6.16.30",2
6460,adhyayana-mātrataḥ |,2
6464,"nanv adhyayana-mātravataḥ karmādhikāro na tu jñānavata ity uktam | ajñānasya tad-asambhavāt adhyayanasya cārtha-bodha-paryantatvāt | tathā ca vedāntargatopaniṣat-sambhūtātma-jñānasyāvarjanīyatvena tasyā punas tad-aṅgatvam iti cet, ucyate—nahi śabda-jñānino brahma-vittvaṁ, kintu tad-anubhāvina eva | na ca madhu madhuram iti śābdī-pratītim upetas tan-mādhurya-vid bhavati | tathā sati mattatādi-tat-kāryodaya-prasaṅgāt | na caivam asti | ata eva yad vettha tena mopasīdeti pṛṣṭena nāradena ṛg-vedādi-svādhītam uktvā, so’ham mantravid evāsmi nātmavit iti nirdiṣṭam | tathā ca śābda-jñānād anyaivopāsanā | bhakty-anubhava-pada-vācyā vidyā puruṣārtha-hetuḥ | uktaṁ ca taittarīyake—",3
6466,vedānta-vijñāna-suniścitārthāḥ,2
6467,sannyāsa-yogāt yatayaḥ śuddha-sattvāḥ |,2
6468,te brahma-loke tu parānta-kāle,2
6469,parāmṛtāt parimucyanti sarve || iti |,2
6473,tac chraddadhānā munayo jñāna-vairāgya-yuktayā |,2
6474,paśyanty ātmani cātmānaṁ bhaktyā śruta-gṛhītayā || [bhā. 1.2.12] iti smṛteḥ |,2
6476,"nanu kāya-vāṅ-mano-vyāpāra-rūpā bhaktiḥ | tatra mānasasya dhyānasyānubhavatvaṁ bhavet | kāya-vāg-vyāpāra-rūpasyārcana-japādes tattvaṁ katham iti ced, ucyate--hlādinī-sāra-samaveta-saṁvid-rūpā bhaktiḥ, saccidānandaika-rase bhakti-yoge tiṣṭhati [go.tā.u. 2.78] iti śruteḥ | itarathā bhagavad-vaśīkāra-hetur asau na syāt | tathābhūtāyās tasyā bhakta-kāyādi-vṛttis tādātmyena āvirbhūtāyā kriyākārātvavad avaseyam | śrutes tu śabda-mūlatvāt iti nyāyenālaukike’cintye’rthe tarkas tu nirākṛtaḥ ||12||",9
6478,"rpc : 3.2.6, 1.2.12, 1.5.34-35, 1.5.12, 6.7.30, 9.9.6",2
6484,nāviśeṣāt || ,2
6486,yāvaj jīvaṁ viduṣaḥ karmānuṣṭhānaṁ tayā śrutyā niyantum aśakyam | kutaḥ ? aviśeṣāt | na karmaṇā na prajayā dhanena tyāgenaike amṛtatvam ānaśuḥ iti taittarīyaka-śruty-apekṣayā tasyā prāmāṇye viśeṣābhāvāt | āśrama-bhedena tu śruti-dvayaṁ vyavatiṣṭhate ||13||,3
6488,"rpc : 11.10.4, 11.14.9, 11.12.8, 11.12.16, 11.20.9.",4
6489,hds : 1.5.33-35,2
6495,stutaye’numatir vā ||,4
6497,vety avadhāraṇe | vidyā-stuty-artham iyaṁ yāvaj-jīvaṁ karmānuṣṭhānānumatiḥ īśāvāsyam iti tat prakaraṇāt | īdṛśī khalu vidyā yan-mahimnā sarvadā kurvann api karma na tena vidvān vilipyate iti sā stūyate | evaṁ tvayi nānyatheto’sti [īśo. 2] iti vākya-śeṣo’pi tathāha | tathā ca karmāṅgā vidyeti nirastam ||14||,3
6499,rpc : 11.29.17-18.,4
6500,"hds : 8.1.8-10, 8.1.14-15.",2
6507,"evaṁ vidyā-svātantryam abhidhāyedānīṁ mahimātiśayād api tad ucyate—eṣa nityo mahimā brāhmaṇasya na karmaṇā vardhate no kanīyān [bṛ.ā.u 4.4.23] iti vājasaneyake śrūyate | tatra vidyā-viśiṣṭānāṁ yatheṣṭācāraḥ syān na veti saṁśaye, yatheṣṭācāre vihita-tyāgena pratyavāya-sambhavāt na syāt, iti prāpte—",3
6509,kāma-kāreṇa caike ||,2
6513,"rpc: 11.18.35, 11.7.9, 11.14.18, 10.33.34",2
6514,"hds: 11.21.2, 11.14.19.",2
6519,upamardaṁ ca ||,2
6521,"bhidyate hṛdaya-granthiḥ ity ādyā śrutiḥ | yathaidhāṁsi samiddho’gnir bhasmasāt kurute’rjuna iti, jñānāgniḥ sarva-karmāṇi bhasmasāt kurute tathā iti smṛtiś ca vidyayā sarva-karma-vināśaṁ darśayati | tasmāc ca tathā | atra sāmi-bhuktasya prārabdhasyāpi tayā vināśe jāte tad-uttara-kālika-vihita-tyāgo doṣo na syād iti na citram | ",7
6523,"nanu, dehārambhakasya karmaṇo bhogaṁ vinā vināśo nāṅgīkṛta iti ced atrocyate—yadyapi sarvāṇi karmāṇi nirdagdhuṁ vidyā samarthā tathāpi tat-sampradāya-pracārārthāyeśvarecchayaiva dehārambhakaṁ karma na nirdahati | tac ca dagdha-paṭādivat vidvāṁsam anuvartata iti prārabdhasya bhoga-nāśyatva-vākyopapattiḥ | vakṣyati caivaṁ—anārabdha-kārye eva tu pūrve tad-avadheḥ iti ||16||",3
6525,"rpc: 1.2.19, 11.14.19.",2
6526,"hds: 1.2.21, 11.20.30, 3.4.15",2
6530,ūrdhva-retaḥsu ca śabde hi ||,2
6532,pariniṣṭhita-viśeṣeṣv evordhva-retaḥsu yatiṣu mahā-vidyeṣu yasmāt yathecchaṁ karmācāraḥ śabde pratīyate | ataḥ svatantrā vidyety aṅgīkāryam | śabdaḥ khalu bṛhad-āraṇyaka-śrutiḥ—tasmād brāhmaṇaḥ pāṇḍityaṁ nirvidya bālyena tiṣṭhāset | bālyaṁ ca pāṇḍityaṁ ca nirvidyātha munir amaunaṁ ca maunaṁ ca nirvidyātha brāhmaṇaḥ | sa brāhmaṇaḥ kena syād yena syāt tenedṛśaḥ [bṛ.ā.u. 3.5.1] iti | nirvidya labdhvā | ,3
6534,saktāḥ karmaṇy avidvāṁso yathā kurvanti bhārata |,2
6535,kuryād vidvāṁs tathāsaktaś cikīrṣur loka-saṅgraham || [gītā. 3.25],2
6539,"rpc: 11.18.27-29, 11.20.36",2
6540,hds: 11.18.29,2
6546,parāmarśaṁ jaiminir acodanā cāpavadati hi ||,2
6548,"niyamāt vihita-karmaṇām eva svecchayā karaṇaṁ kāma-cāra ity eva śruty-arthaḥ | hi yataḥ śrutir eva viduṣaḥ karma-parāmaṛśaṁ karoti karma-tyāgam apavadati ca | tasmād acodanā vidvān karmāṇi tyajed iti vidhy-abhāva ity arthaḥ | ayaṁ bhāvaḥ—kurvann eveha karmāṇi ity ādi śrutyā viduṣām karma-vidhānāt vīrahā vā ity ādi-śrutyā karma-tyāgāpavādāc ca tat-tyāge vidhir na sambhavet | yugapat vidhāna-tyāgayor virodhāt | na ca tyājaka-vākyānāṁ nirviṣayatā, teṣāṁ paraṅ-vādya-śakta-viṣayatvenopapatteḥ | tathā ca viduṣāṁ śrauta-smārtāni karmāṇy aṅgīkṛtyaiva tatra kena syāt ity ādi kāmacāro, na tv anyatheti jaiminir manyate iti ||18||",7
6550,rpc: ---,2
6557,anuṣṭheyaṁ bādarāyaṇaḥ sāmya-śruteḥ ||,2
6559,"anuṣṭheyam eva karma yathecchaṁ kiñcic caraṇīyaṁ kiñcic ca neti bhagavān bādarāyaṇo manyate | kutaḥ ? sāmya-śruteḥ | kena syāt yena syāt tenedṛśaḥ iti śrutyā kenāpi prakāreṇa vṛttāv api jñāninaḥ sāmya-śravaṇād ity arthaḥ | jaimini-matena sarva-caraṇa-pakṣe sāmyoktir anuvāda-mātraṁ syāt vihita-karmaṇāṁ sarveṣāṁ caraṇe sāmya-sambhavāt | keṣāṁcit parityāge’pi sāmyoktir asambhava-nivṛtty-arthatvād upapadyata iti | karma-parāmarśasya sva-niṣṭha-viṣayatvād avijñam ādāya vīra-ghāta-śruty-upapatteś ca codyaṁ parihṛtam, na ca tyāga-śruter aśakta-viṣayatā tad-bodhaka-padābhāvāt na karmaṇā na prajayety ādau mukty-asādhanatayā tat-tyāgāvagamāc ca ||19||",3
6562,hds: 11.5.41.,2
6566,vidhir vā dhāraṇavat ||,2
6570,śaucam ācamanaṁ snānaṁ na tu codanayācaret |,2
6571,anyāṁś ca niyamān jñānī yathāhaṁ līlayeśvaraḥ || 20||,2
6573,"rpc: 11.18.35, 11.11.10-12",2
6574,"hds: 11.18.28, 11.18.36",2
6580,"stuti-mātram upādānād iti cet, na, apūrvatvāt ||",2
6584,rpc: 11.5.37-38,2
6585,"hds: 11.18.29, 11.18.31",2
6589,bhāva-śabdāc ca ||,2
6592,praṇo hy eṣa yaḥ sarva-bhūtair vibhāti,2
6593,vijānan vidvān bhavate nātivādī |,2
6594,ātma-krīḍa ātma-ratiḥ kriyāvān,2
6595,eṣa brahma-vidāṁ variṣṭhaḥ || [mu.u. 3.1.4] ,4
6599,"rpc: 11.21.11, 11.14.23-24",2
6600,"hds: 11.18.28, 11.18.35",2
6610,"bṛhad-āraṇyakādiṣu—atha ha yājñavalkyasya dve bhārye babhūvatur maitreyī ca kātyāyanī ca [bṛ.ā.u. 4.5.1] iti | bhṛgur vai vāruṇiḥ | varuṇaṁ pitaram upasasāra | adhīhi bhagavo brahmeti [tai.u. 3.1] | pratardano ha vai daivodāsir indrasya priyaṁ dhāmopajagāma [kauṣī.u. 3.1] iti, jānaśrutir ha pautrāyaṇaḥ śraddhādeyo bahu-dāyī bahu-pākya āsa [chā.u. 4.1.1] iti caivam ādibhir upākhyānaiḥ śrutibhir brahma-vidyā nirūpyate | tāś ca pāriplavārthā uta brahma-vidyā pratipatty-arthā iti vīkṣāyāṁ pāriplavārthā iti vijñāyate—sarvāṇy ākhyānāni pāriplave śaṁsanti iti śravaṇāt | śaṁsane ca śabda-mātrasya prādhānyenārtha-jñānasya atathātvād ākhyāna-pratipannā brahma-vidyā mantrārtha-vādārthavad aprayojikaiveti karma-śeṣatā tasyā nākhyātuṁ śakyātaḥ pradhānatā tu sudūrotsāritā dharmiṇa evāsidder iti cen, na | kutaḥ ? viśeṣitvāt | pāriplavam ācakṣīteti prakṛtya tatra prathame’hani manur vaivasvato rājeti, dvitīye’hanīndro vaivasvato rājeti, tṛtīye’hani yamo vaivasvato rājety ākhyāna-viśeṣās tatra tatra viniyujyante | tatrākhyāna-sāmānya-grahe divasa-viśeṣe ākhyāna-viśeṣa-vidhir anarthakaḥ syāt | tataś ca sarvāṇīti tat-prakaraṇa-paṭhitāny eva jñeyāni | tasmāt vedāntākhyānāni pāriplava-prayogārthāni nety arthaḥ ||23||",11
6619,tathā caika-vākyopabandhāt ||,2
6621,"tathā ca vedāntopākhyānānām asati pāriplavārthatve sannihita-vidyā-pratipatty-upayogitvam eva nyāyyam | kutaḥ ? eketi | ātmā vā are draṣṭavyaḥ śrotavyaḥ [bṛ.ā.u. 4.5.6] ity ādi sannihita-vidyābhir eka-vākyatayopabandhāt | yathā so’rodīt ity ādy upākhyānāṁ sannihita-karma-vidheḥ stuty-arthatā, na tu pāriplavārthatā, tathaiteṣāṁ saṁnihita-vidyā-stuty-arthatā syāt | ayaṁ bhāvaḥ—svatantraiva pumartha-hetur vidyā, yad asyāṁ mahānto’pi mahatā prayāsena pravartanta, iti prarocanopayogāt prajñā-saukāryopayogāc copākhyāna-rītyā vidyopadeśaḥ | tena ca ācāryavān puruṣo veda [chā.u. 6.14.2] iti śruty-anugrahaś ca | tathā ca svatantrā seti ||24||",7
6623,"rpc: 11.12.16, 11.10.12, 11.10.5",2
6624,hds: 11.21.43,2
6630,ata eva cāgnīndhanādy-anapekṣā ||,2
6634,"rpc: 11.12.13, 11.14.19",2
6635,hds: 7.7.51-52,2
6643,itthaṁ vidyā-sāmarthyādy abhidhāya tad-adhikāriṇaṁ lakṣayitum ārabhate | tam etaṁ vedānuvacanena [bṛ.ā.u. 4.4.22] ity ādi | tasmād evaṁ-vic chānto dānta uparatas titikṣuḥ samāhito [śraddhā-vitto] bhūtvā’’tmany evā’’tmānaṁ paśyati [bṛ.ā.u. 4.4.23] iti ca śrūyate bṛhad-āraṇyake | atra yajña-śamādi ca vidyāṅgatayā pratīyate | tad ubhayam āvaśyakaṁ na veti saṁśaye ācāryavān puruṣo veda ity-ādiṣu gurūpasattyaiva tad-utpatti-pratyayāt neti prāpte—,10
6645,sarvāpekṣā ca yajñādi-śruter aśvavat ||,2
6647,"sva-phala-prakāśe nirapekṣāpi vidyā svotpattau sarvāpekṣā sarvān yajñādi-dharmān apekṣate ity arthaḥ | kutaḥ ? yajña- iti | tam etam [bṛ.ā.u. 4.4.22] ity ādau, tasmād evam [bṛ.ā.u. 4.4.23] ity ādau ca, vidyārthaṁ yajñādeḥ śamādeś ca śravaṇād ity arthaḥ | tatra dṛṣṭānta–aśva iti | yathā gati-niṣpattaye aśvo’pekṣyate, na tu niṣpanna-gater grāmādi-prāptau ||26||",21
6649,"rpc: 11.20.10-11, 11.3.29, 10.47.21",2
6650,hds: 11.19.8,2
6658,śama-damādy-upetaḥ syāt tathāpi tu tad-vidhes tad-aṅgatayā teṣām avaśyānuṣṭheyatvāt ||,3
6662,"rpc: 11.23.41, 11.10.5",2
6663,"hds: 11.5.24, 11.18.17",2
6670,atha viduṣāṁ niṣiddhācāraṁ nivārayati | yadi ha vā apy evaṁvin nikhilaṁ bhakṣayītaivam eva sa bhavati iti śrūyate | atra sandehaḥ—viduṣaḥ sarvānna-bhuktau vidhir utābhyanujñeti | sarvānna-bhukter mānāntareṇāprāpter viduṣo’sau vidhīyata iti prāpte—,3
6672,sarvānnānumatiś ca prāṇātyaye tad-darśanāt ||,2
6674,"ca-śabdo’vadhāraṇe | annālābha-prayukta-prāṇātyaya-kāla eva sarvānna-bhakṣaṇe abhyanujñaiva | kutaḥ ? tad-darśanāt | chāndogye maṭācīhateṣu kuruṣu [chā.u. 1.10.1] ity ārabhya, na vā ajīviṣyam imān akhādann iti hovāca kāmo na udapānaṁ [chā.u. 1.10.4] iti cākrāyaṇācāra-vīkṣaṇād ity arthaḥ | tatreyam ākhyāyikā—ibhyocchiṣṭhān kulmāṣāṁś cākrāyaṇo nāma rṣiḥ prāṇa-trāṇāya cakhāda, jala-pratigraham ibhyenābhyarthito’py ucchiṣṭa-bhayāt yatheṣṭaṁ lābhāc ca na taj jagrāha | punaḥ paredyuḥ sva-parocchiṣṭān paryuṣitāṁs tān bhakṣayāmāseti | anyatrāpy evam eva vyākhyeyam ||28||",5
6677,"hds: 11.6.46, 11.18.35.",2
6681,abādhāc ca ||,2
6685,"rpc: 11.21.16, 11.21.11, 11.18.33",2
6686,hds: 11.18.18-19.,2
6690,api smaryate ||,2
6692,jīvitātyayam āpanno yo’nnam atti yatas tataḥ |,2
6693,lipyate na sa pāpena padma-patram ivāmbhasā || [manu 10.204] iti smṛtyā ca |,2
6697,rpc: ---,2
6698,hds: 11.18.34,2
6702,śabdaś cāto’kāma-kāre ||,2
6704,"yasmād āpady eva sarvānna-bhakṣakṣe’bhyanujñānam ato’kāmacāre viduṣā pravartitavyam | śabdaś ca, āhāra-śuddhau sattva-śuddhiḥ, sattva-śuddhau dhruvā smṛtiḥ smṛti-lambhe sarva-granthīnāṁ vipramokṣaḥ [chā.u. 7.26.2] iti chāndogya-śrutiḥ kāmacāraṁ vārayati | tathā cāpady eva sarvānnābhyanujñānād anāpadi śīyaḥ samācāraḥ ||31||",3
6706,rpc: 11.18.18,2
6707,hds: 7.13.38 ,2
6714,pūrva-sandarbhe svaniṣṭhādi-bhedena tredhā vidyājuṣo darśitāḥ | atha teṣu labdha-vidyeṣu varṇāśramācāraḥ kathaṁ syād ity etat vyavasthāpayitum ārabhyate | tatra tāvat sva-niṣṭhaḥ parīkṣyate | paśyann apīmam ātmānaṁ kuryāt karmāvicārayan yad ātmanaḥ suniyatam ānandotkarṣam āpnuyāt iti kauṣārava-śrutau saṁśayaḥ | labdha-vidyena sva-niṣṭhena karmāṇi kāryāṇi na veti | vidyā-lakṣaṇasya tat-phalasya prāptatvāt phala-prāptau sādhana-nivṛtter dṛṣṭatvāt na kāryāṇīti prāpte—,3
6716,vihitatvāc cāśrama-karmāpi ||,2
6720,"rpc: 11.10.1, 11.18.45",2
6721,hds: 11.3.44-45,2
6727,sahakāritvena ||,2
6729,"vidyā-sahakāritvenaiva tena karmāṇi kāryāṇi, na tu mukti-hetutvena | tam eva viditvā [śve.u. 3.8] ity ādau tasyā eva tattvābhidhānāt | etad uktaṁ bhavati | svaniṣṭhenādau paramātmānam uddiśya sva-karmāṇy anuṣṭhitāni teṣu tad-uddeśenaiva viṣorṇādivat tad-viṣayā vidyā samabhūt | tair asau tāsām ādyāpi tad-vivṛddhaye tāny anutiṣṭhati | sā ca svottarāṇi tāni na vināśayaty avirodhāt | kintu svargādi-vaicitrīm anubhāvayituṁ rakṣaty eva | nā hāsya karma kṣīyate [bṛ.ā.u 1.4.15] iti bṛhad-āraṇyakāt |",5
6731,"na ca teṣāṁ tad-anubhava-phalakatvāt kāmyatvaṁ, tena tat-kāmanayānanuṣṭhānāt | svaniṣṭho vidvān brahma prāpnuvann anusaṅgāt svargādikam anubhavati | grāmaṁ gacchaṁs tṛṇaṁ spṛśatīti atra tṛṇa-sparśavat | svargādy-ānandānubhava-pūrvakaṁ brahma-prepsave sva-niṣṭhāya vidyaiva sva-parikara-karma-dvārā svargādikam anubhāvayati sva-dvārā tu brahma-padam iti śrutiś caivam abhipraiti, taṁ vidyety ādyā | ittham eva tasya saṅkalpo bodhyaḥ | nairapekṣya-parīkṣāyai kvacit sva-dvārāpi svargādikam upasthāpayati | sarvaṁ ha paśyaḥ paśyati ity ādi śruteḥ | na caivaṁ tad-adhigama-nyāya-virodhaḥ, tasya svaniṣṭhetara-viṣayatvenopapatteḥ | svaniṣṭhasya svargādy-arpaka-puṇyāṁśa-prārabdhāṁśau tad-itarasya pariniṣṭhitādes tu prārabdhāṁśam eva vihāyetarat sarvaṁ karma vināśayatīti vidyaiva svatantrā phala-hetuḥ karma tu tasyā sahakārīti siddham ||33||",3
6733,"rpc: 10.47.21, 11.18.43-44, 8.3.19, 11.29.30-31",2
6734,hds: 11.18.46-47,2
6741,atha pariniṣṭhitaḥ parīkṣyate | ātma-krīḍa ātma-ratiḥ kriyāvān [mu.u. 3.1.4] ity ādi śrūyate | atra pariniṣṭhitasya lokārthaṁ varṇāśrama-dharmāḥ kartavyatayā prāptāḥ prīty-arthaṁ śravaṇādayo bhagavad-dharmāś ca | teṣām ubhayeṣāṁ yugapat-prāptau kiṁ te krameṇānuṣṭheyāḥ kiṁ vādyān vihāyottare te iti sandehe yugapad-anuṣṭhāna-sambhavāt vihitānāṁ tyāge doṣāc cānirṇayena bhāvyam iti prāpte—,3
6743,sarvathāpi ta evobhaya-liṅgāt ||,2
6745,apir avadhāraṇe | sarvathaiva sva-dharmānurodham akṛtvaivety arthaḥ | pariniṣṭhitena tena bhagavad-dharmā evānuṣṭheyā | sva-dharmās tu kathañcit gauṇa-kāle | evaṁ kutaḥ ? tatrāha—ubhayeti | tam evaikaṁ jānatha [mu.u. 3.2.5] ity ādi śruti-liṅgāt | ,3
6747,mahātmānas tu māṁ pārtha daivīṁ prakṛtim āśritāḥ |,2
6748,bhajanty ananya-manaso jñātvā bhūtādim avyayam || ,2
6749,satataṁ kīrtayanto māṁ yatantaś ca dṛḍha-vratāḥ |,2
6750,namasyantaś ca māṁ bhaktyā nitya-yuktā upāsate || [gītā 9.13-14],2
6754,"rpc: 1.8.35, 11.19.2, 11.19.4-5, 11.20.32-33.",2
6755,hds: 11.12.14-15.,2
6760,anabhibhavaṁ ca darśayati ||,2
6762,"nainaṁ pāpmā tarati sarvaṁ pāpmānaṁ tarati | nainaṁ pāpmā tapati sarvaṁ pāpmānaṁ tapati [bṛ.ā.u 4.4.23] iti bṛhad-āraṇyaka-śrutiḥ śravaṇādy-anurodhena svāśrama-dharmākaraṇe taj-janyair doṣaiḥ pariniṣṭhitasyānabhibhavaṁ darśayati | atasnāt hitvā a eva kāryā ity arthaḥ | varṇāśramācāreti śrī-viṣṇu-purāṇa-vākye tu tādṛśena yat tad-ārādhanaṁ tad eva tat-toṣa-karam ity eva mantavyaṁ, na tu karmaiva tad-ārādhanam iti | pūrvatra—",2
6770,nānyāni cakre karmāṇi niḥsaṅgo yoga-tāpasah || [vi.pu. 2.13.9-11],3
6774,"rpc: 11.20.9, 11.11.32, 11.5.38, 11.20.25",2
6775,hds: 1.8.36,2
6782,evaṁ sāśrameṣu vidyā darśitā tad-uttarānuṣṭhitiś ca | atha nirāśrameṣu nirapekṣeṣu te dve darśyete | tathaiva nirāśramāpi gārgī brahmavit paṭhyate | atha vācakravy uvāca—brāhmaṇā bhagavanto hantāham enaṁ yājñavalkyaṁ dvau praśnau prakṣyāmi [bṛ.ā.u 3.8.1] ity ādinā | iha saṁśayaḥ—nirāśrameṣu vidyā sambhaven na veti vidyotpatti-hetutayā viśrutānām āśrama-dharmānaṁ teṣv abhāvān neti prāpte—,3
6784,antarā cāpi tu tad-dṛṣṭeḥ ||,2
6795,api smaryate ||,2
6797,pibanti ye bhagavata ātmanaḥ satāṁ,2
6798,kathāmṛtaṁ śravaṇa-puṭeṣu sambhṛtam |,2
6799,punanti te viṣaya-vidūṣitāśayaṁ,2
6800,"vrajanti tac-caraṇa-saroruhāntikam || [bhā.pu 2.2.37] ity ādau,",2
6802,rahūgaṇaitad [bhā.pu 5.12.12] ity ādau ca | apiḥ samuccaye ||37||,2
6804,"rpc: 2.2.37, 5.12.12, 1.18.13, 4.30.33, 4.24.54, 11.14.15-16",2
6805,"hds: 2.2.37, 10.83.3, 5.12.12",2
6811,viśeṣānugrahaś ca ||,2
6813,mac-cittā mad-gata-prāṇā bodhayantaḥ parasparam |,2
6814,kathayantaś ca māṁ nityaṁ tuṣyanti ca ramanti ca ||,2
6815,teṣāṁ satata-yuktānāṁ bhajatāṁ prīti-pūrvakam |,2
6816,dadāmi buddhi-yogaṁ taṁ yena mām upayānti te || [gītā 10.9-10] iti |,2
6820,"rpc: 2.7.41, 9.4.46-48",2
6830,atas tv itaraj-jyāyo liṅgāc ca ||,2
6832,śaṅkā-nirāsanāya tu-śabdaḥ | ca-śabdo’vadhāraṇārthaḥ | ataḥ sāśramatvād itaran nirāśramatvam eva jyāyaḥ śreṣṭhaṁ vidyā-sādhanaṁ mantavyam | kutaḥ ? liṅgāt | gārgyā mahā-vidyatva-śravaṇāt | ātmaayatianādi-pravṛtti-śīlānāṁ pravṛtti-saṅkocāya āśramāḥ śāstreṇa vihitāḥ | atas tad-vidhāne na tasya tātparyaṁ kiṁ tu tat-saṅkoca eva | tā hi brahma-rati-pratibandhikā bhavanti | ye tūpakṣīṇa-pravṛttayo brahmaika-ratās teṣāṁ na kiñcid āśramaiḥ phalam iti nairāśramyaṁ varīyaḥ | ata eva jābālopaniṣadi krameṇāśramān vidhāya punar viraktasya tam apanināya sāṁvartakādīnāṁ brahmaika-ratānāṁ saṁnyāsaṁ tyāgaṁ covāceti | anāśramī na tiṣṭheta dinam ekam api dvijaḥ ity ādikaṁ tu sāmānya-viṣayam ||39||,4
6834,"rpc: 11.17.32, 11.3.45, 11.21.23-24, 11.21.35, 11.21.40-41, 11.2.49, 11.11.32, 11.19.19-23",2
6835,"hds: 8.4.63, 8.4.67",2
6841,tad-bhūtasya tu nātad-bhāvo jaiminer api niyamāt tad-rūpābhāvebhyaḥ ||,2
6845,kāmādibhir anāviddhaṁ praśāntākhila-vṛtti yat |,2
6846,cittaṁ brahma-sukha-spṛṣṭaṁ naivottiṣṭheta karhicit || [bhā.pu. 7.15.35] ity ādikā |,2
6850,"rpc: 7.15.27 (=35), 10.2.21, 11.4.10, 10.27.7, 10.14.10",2
6851,"hds: 11.20.35-37, 7.15.35",2
6857,na cādhikārikam api patanānumānāt tad-ayogāt || ,2
6859,co’vadhāraṇe | apir aihika-sukha-samuccaye | ādhikārikam indrādi-padamṁ teṣāṁ naivākāṅkṣyam | kutaḥ ? pataneti | ā brahma-bhuvanāl lokāḥ punar-āvartino’rjuna [gītā 8.16] ity-ādiṣu tataḥ pāta-smaraṇāt ārambhatas tat-spṛhābhāvāc cety arthaḥ | smṛtiś cātra mṛgyā | tathā ca vidyā-mahimnā tasminn anuvṛtto’pi tad-icchā-virahāt na tena tad-eka-ratir vicchidyate’to nirbādhaṁ tattvam iti ||41||,3
6861,"rpc: 11.19.17, 11.14.13, 6.11.23, 10.16.37, 3.15.47",2
6862,"hds: 11.14.14, 11.14.27",2
6868,upapūrvam api tv eke bhāvam aśanavat tad uktam ||,2
6870,apir avadhāraṇe | tur viparīta-bhāvanā-cchede | eke ātharvaṇikā nirapekṣāṇām upāsanam evābhīṣṭaṁ tat-siddhaṁ bhāvaṁ cāśanavad bhogyaṁ paṭhanti | bhaktir asya bhajanaṁ tad ihāmutra [go.tā.u. 1.14] ity ādi sac-cid-ānandika-rase bhakti-yoge tiṣṭhati [go.tā.u. 2.78] iti ca | kecid bhāgavatā yatra kvāpi harim upāsīnās tat pramāṇam eva so’śnute sarvān kāmān ity ādi-śruta-tripād-gatānanda-bhogavad anubhavantīty arthaḥ | smṛtiś caitadarthikā mṛgyā ||42||,5
6872,"rpc: 11.2.40-41, 11.14.15-16, 11.20.34-35, 8.3.20, 6.9.36",2
6873,"hds: 3.25.34, 3.25.37",2
6879,bahis tūbhayathāpi smṛter ācārāc ca ||,2
6883,visṛjati hṛdayaṁ na yasya sākṣād,2
6884,dharir avaśābhihito’py aghaugha-nāśaḥ |,2
6885,praṇaya-rasanayā dhṛtāṅghri-padmaḥ,2
6886,sa bhavati bhāgavata-pradhāna uktaḥ || [bhā.pu. 11.2.55] ,2
6890,nirapekṣaṁ muniṁ śāntaṁ nirvairaṁ sama-darśanam |,2
6891,anuvrajāmy ahaṁ nityaṁ pūyeyety aṅghri-reṇubhiḥ || [bhā.pu. 11.14.16],2
6903,brahma-lokānta-sukha-vaitṛṣṇyam uktam | atha sāmprata-sukha-vaitṛṣṇñam ucyate | bhartā san mriyamāṇo vibhāti iti śrutaṁ taittirīyake | tatra saṁśayaḥ—nirapekṣāṇāṁ deha-yātrā sva-prayatnād uteśa-prayatnād iti tais tat prayāsasyānutpādyatvāt sva-prayatnād eveti prāpte—,3
6905,svāminaḥ phala-śruter ity ātreyaḥ ||,2
6909,ananyāś cintayanto māṁ ye janāḥ paryupāsate |,2
6910,teṣāṁ nityābhiyuktānāṁ yoga-kṣemaṁ vahāmy aham || [gītā 9.22] ,2
6912,darśana-dhyāna-saṁsparśair matsya-kūrma-vihaṅgamāḥ |,2
6913,svāny apatyāni puṣṇanti tathāham api padmaja || ,2
6917,"rpc: 10.46.3, 11.26.29, 11.29.5",2
6918,hds: 3.25.38-40,2
6924,ārtvijyam ity auḍulomis tasmai hi parikriyate ||,2
6928,tulasī-dala-mātreṇa jaasya culukena ca | ,2
6929,vikrīṇīte svam ātmānaṁ bhaktebhyo bhakta-vatsalaḥ || ity-ādi-smṛteḥ |,2
6934,hds: 9.4.63-66,2
6938,śruteś ca ||,2
6940,yo vai kāñcana yajña ṛtvija āśiṣam āśāsata iti hovāceti tasmād u haivaṁ vid udgato brūyāt kaṁ te kāmam āgāyati [chā.u. 1.7.8-9] iti ṛtvik-sampāditasya karmaṇaḥ yajamāna-gāmi phalaṁ darśayati | tasmād bhagavataḥ sva-bhakta-bharaṇam ṛtvijo yajamāna-bharaṇa-sadṛśaṁ bhavatīti bhāvaḥ ||46||,2
6942,rpc: ---,2
6943,"hds: 11.14.16, 11.14.55",2
6951,"athaiṣāṁ vidyāpty-anantaram anuṣṭhānaṁ darśayati | tasmād evaṁ-vic chānto dāntaḥ ity-ādi, ātmā vā are draṣṭavyaḥ ity ādi ca śrūyate | atra śamādīni dhyānāntāni brahma-lipsor anuṣṭheyāny ucyante | kim etāni sarvāṇi nirapekṣeṇānuṣṭheyāny uta tat-svarūpa-guṇa-caritāni smartavyānīti sandehe sañjātāapi vidyā śamādīn vinā sthairyaṁ nopagacched atas tāni cānuṣṭheyānīti prāpte—",5
6953,sahakāry-antara-vidhiḥ pakṣeṇa tṛtīyaṁ tadvato vidhy-ādivat ||,2
6955,"iha sahakāry-antarāṇi śamādīny abhidhīyante yajñādī śamādīnāṁ ca vidyā-sahakāritvena pūrvaṁ nirūpaṇāt | teṣāṁ vidhiḥ sāśrama-pakṣeṇa grāhyo’pūrvatvāt, na tu nirāśrama-pakṣeṇa tatra svataḥ siddheḥ | kintu tat-svarūpādīni tena smartavyānīti | tad idam āha tṛtīyaṁ tadvata iti | tat-prasāda-mātra-kāmavato nirapekṣasya tṛtīyaṁ mānasikam evānuṣṭheyaṁ manasaivedam āptavyam iti śruteḥ | kāyika-vācikayor vāpekṣayā mānasikaṁ dhyānaṁ tṛtīyaṁ bhavati | āvaśyakatve dṛṣṭānto vidhy-ādivad iti | yathā sāśramasya sandhyopāsanādi-vidhir āvaśyakas tadvat | tasmāt sañjāta-vid yena nirapekṣeṇa tat-svarūpādi vicintyam iti | na cāsya japārcanādikaṁ nivāryate | dhyānenaiva tasyāpi prāpteḥ | tat-pradhānatvād vā tad-vyapadeśaḥ | tad evaṁ tredhā vidyājuṣaḥ sānuṣṭhitayo nirūpitāḥ ||47||",3
6957,"rpc: 11.20.14, 11.2.51, 11.3.47",2
6958,"hds: 11.13.40, 11.10.15",2
6967,ācārya-kulād vedam adhītya yathā-vidhānaṁ guroḥ karmātiśeṣeṇābhisamāvṛtya kuṭumbe śucau deśe svādhyāyam adhīyāno dharmikān vidadhad ātmani sarvendriyāṇi sampratiṣṭhāpya ahiṁsan sarvāṇi bhūtāny anyatra tīrthebhyaḥ | sa khalv evaṁ vartayan yāvad āyuṣaṁ brahma-lokam abhisampadyate na ca punar āvartate [chā.u. 8.15.1] iti | ,3
6971,kṛtsna-bhāvāt tu gṛhiṇopasaṁhāraḥ ||,2
6976,te’py atraiva pratiṣṭhante gārhasthyaṁ tena vai paraḥ || ity ādyā ||48||,3
6978,rpc: 11.18.41-42,2
6979,"hds: 5.1.17-18, 7.15.67",2
6984,maunavad itareṣām apy upadeśāt ||,2
6988,trayo dharma-skandhāḥ | yajño ’dhyayanaṁ dānaṁ prathamas tapa eva dvitīyo brahmacārya-kula-vāsī tṛtīyo’tyantam ātmānam ācārya-kule’vasādayan sarva ete puṇya-lokā bhavanti brahma-saṁstho’mṛtatvam eti [chā.u. 2.23.1] iti paṭhyate | ,2
6990,"tatra evam eva viditvā munir bhavaty etam eva pravrājino lokam abhīpsantaḥ pravrajanti [bṛ.ā.u. 4.4.22] ity atra pārivrājyasyevetareṣāṁ naiṣṭhikādīnām apy upadeśāt | tasmāt tena saḥ | bahutvaṁ vṛtti-bhūmnety āhuḥ | evaṁ jābālopaniṣadi cāśramāś catvāro vidhīyante—brahmacaryaṁ samāpya gṛhī bhavet, gṛhiṇāṁ bhūtvā vanī bhavet, vaṇī bhūtvā pravrajet, yadi vanerathā brahmacaryād eva pravrajet gṛhād vā vanād vā | atha punar avratī vā vratī snātako vāsnātako votsan nāgnir anagniko yā yad ahar eva virajyet tad ahar eva pravrajet [jā.u. 4] ity ādinā | uttaratra ca paramahaṁsānām ity ādinā nirapekṣāś ca paṭhyante | tasmāt gṛhasthenopasaṁhṛtir dharma-bāhulyād eveti suṣṭhūktam yad aher evety ādinā | virāge sati gṛha-tyāga-vidhānād viśeṣād upasaṁhārātma tātparya-kalpanaṁ ca nirastam | anurāga-virāgau hi gṛhārambha-tat-tyāgayor hetū sarvatrābhilapyete | tad evaṁ yathārhaṁ śama-damoparati-bhūṣaṇeṣu nirāśrameṣu ca vidyābhyudetīti nirūpitam ||49||",5
6992,"rpc: 3.1.48, 7.9.9, 11.18.27, 11.18.35",2
6993,hds: 1.13.26-27,2
7002,vedānte paramaṁ guhyaṁ purā-kalpe pracoditam |,2
7003,nāpraśāntāya dātavyaṁ nāputrāyāśiṣyāya vā punaḥ || [śve.u. 6.22] iti |,2
7007,anāviṣkurvann anvayāt ||,2
7011,idaṁ te nātapaskāya nābhaktāya kadācana |,2
7012,na cāśuśrūṣave vācyaṁ na ca māṁ yo’bhyasūyati || [gītā 18.67],2
7014,ity upadeśo hi yogyeṣv eva phalati nāyogyeṣu | yasya deve parā bhaktiḥ [śve.u. 6.23] ity-ādi-śruteḥ | chāndogye ca ātmāpahata-pāpmā ity ādinā mahendra-virocanayor upadeśa-sāmye’pi virocanasya tattva-jñānaṁ nābhūd iti śravaṇāt | tathā ca yogyebhya eva vidyopadeśyā na tvayogyebhyo’pīti | yogyāś ca śāstra-pratipādya-tatparāḥ śraddhālavaḥ ||50||,3
7016,"rpc: 11.18.28, 11.9.3, 11.29.16, 10.33.17",2
7017,"hds: 3.32.39-40, 11.29.30, 1.5.24, 1.5.30, 1.11.24",2
7026,aihikam aprastuta-pratibandhe tad-darśanāt ||,2
7030,mṛtyu-proktāṁ naciketo’tha labdhvā,2
7031,vidyām etāṁ yoga-vidhiṁ ca kṛtsnam |,2
7032,brahma-prāpto virajo’bhūd vimṛtyur,2
7033,anyo’py evaṁ yo vidadhyātmam eva || [ka.u. 2.3.18],2
7035,"ity ādyā śrutir aikabhāvikī vidyotpattiṁ darśayati | garbhasya eva vāmadevaḥ pratipadye ity ādyā tu bhavāntara-sañcitāt sādhana-jātāt bhāvāntare tad-utpattim | etad uktaṁ bhavati—kasyacid eva laghu-pratibandhasya sādhana-vīrya-viśeṣāt tat-pratibandha-parikṣaye saty asmin janmani vidyotpadyate | yathā naciketaso yathā ca sauvīra-rājasya | guru-pratibandhasya tu yajña-dāna-tapaḥ-śama-damādibhir utpadyamānāpi vidyā krameṇa tat-parikṣayāpekṣayā bhavāntara eveti | evam evoktaṁ śrī-gītāsu—ayatiḥ śraddhayopeto yogāc calita-mānasaḥ [gītā 6.37] ity ādinā, aneka-janma-saṁsiddhas tato yāti parāṁ gatim [gītā 6.45] ity antena | aikabhāvikābhisandhir api na niyataḥ | ihāmutra vā me syād ity evam api tasya darśanāt | tasmād asmin parasmin vā janmani vidyodayaḥ pratibandha-kṣayānantaram eveti siddham ||51||",5
7037,"rpc: 9.4.15-17, 9.4.14, 6.1.13-14, 10.26.29, 6.16.30, 10.48.22, 10.60.37, 9.4.48, 10.80.8, 11.2.29",2
7038,hds: 10.14.8,2
7045,"atha vidyā-sampattau mokṣasyāvaśyakatvaṁ darśayati—tam eva vidvān amṛta iha bhavati [bṛ.ā.u. 4.4.17], tam eva viditvātimṛtyum eti [śve.u. 3.8] iti śrūyate | atra yac charīre vidyoditā tasyaiva prāte mokṣaḥ syāt tad anasya veti saṁśaye, hetau sati kāryasyāvaśyakatvāt tasyaiva pāte satīti prāpte—",5
7047,evaṁ mukti-phalāniyamas ,2
7048,tad-avasthāvadhṛtes tad-avasthāvadhṛteḥ ||,2
7050,"yathā vidyā-sādhana-sampannasya mumukṣoḥ vidyā-lakṣaṇe phale asminn eva janmanīti na niyamaḥ, kintu pratibandha-parikṣayottaram eva seti tathā vidyā-sampannasya tasya mokṣa-lakṣaṇe’pi phale tasyaiva pāte satīti niyamaḥ kintu prārabdha-parikṣayottaram eva sa iti | tathā ca prārabdhābhāve tasyaiva pāte sati tu prārabdhe sati tu prārabdhe tad anyasyeti na pākṣiko mokṣaḥ | kutaḥ ? tad iti | ācāryavān puruṣo veda tasya tāvad eva ciraṁ yāvan na vimokṣye atha sampatsye [chā.u. 6.14.2] iti chāndogye prārabdha-kṣayottaraṁ vidyavato mokṣāvasthā-viniścayād ity arthaḥ | smṛtiś caivam āha—",3
7052,vidvān amṛtam āpnoti nātra kāryā vicāraṇā | ,2
7053,avasannaṁ yad ārabdhaṁ karma tatraiva gacchati | ,2
7054,na cet bahūni janmāni prāpyaivānte na saṁśayaḥ || iti |,4
7058,"rpc: 10.14.8, 11.20.11, 5.16.18",2
7059,hds: 11.13.24,2
7077,"vidyā-phala-vicāro’yam adhyāyaḥ | yadyapy atra katipayaiḥ sūtrair āditaḥ sādhana-vicāro’sti, tathāpi phala-prādhānyāt phalādhyāyo bhaṇyate | ātmā vā are draṣṭavyaḥ [bṛ.ā.u. 4.5.6] ity ādi śrūyate | etad vihitasya śravaṇāder āvṛttiḥ kāryā na veti saṁśaye sakṛd anuṣṭhitād agniṣṭomādeḥ svargādivat sakṛt kṛtād api śravaṇāder ātma-darśanaṁ syād ato neti prāpte—",9
7079,āvṛttir asakṛd upadeśāt ||,2
7081,"śravaṇāder āvṛttir āvaśyakī | kutaḥ ? sa ya eṣo’ṇimā, aitadātmyam idaṁ sarvaṁ, tat satyaṁ, sa ātmā, tattvam asi [chā.u. 6.8.7] iti śvetaketuṁ prati nava-kṛtvaḥ kathanāt | na ca sakṛt-kṛtena kṛtaḥ śāstrārtha iti nyāya-virodhaḥ | tasyādṛṣṭa-phala-viṣayatvāt | atrātma-sākṣātkāra-lakṣaṇasya dṛṣṭa-phalasya sambhavāt vaituṣya-dṛṣṭa-phalakāvaghātādivat phala-paryantaṁ śravaṇādy-āvartanīyam iti ||1||",3
7089,liṅgāc ca ||,2
7091,tad vijñāya punar eva varuṇaṁ pitaram upasasāra [tai.u. 3.2] iti bhṛgor āvṛtti-liṅgāc ca sā siddhā | idam āvṛtti-vidhānam aparādha-sattvāpekṣayeti bodhyam ||2||,2
7093,"rpc : 11.14.26, 10.29.15, 10.44.39, 7.1.25*",2
7101,atha tatraiva vicārāntaram | idam upāsanam īśvara-buddhyātma-buddhyā iti | juṣṭaṁ yadā paśyaty anyam īśam [śve.u. 4.7] iti śruter īśvara-buddhyeti prāpte—,3
7103,ātmeti tūpagacchanti grāhayanti ca ||,2
7105,"tu-śabdo’vadhāraṇe | sa īśvara ātmety evopāsyaḥ | yat kāraṇaṁ tam ātmatvenopagacchanti tattva-jñāḥ, yeṣāṁ no’yam ātmāyaṁ lokaḥ [bṛ.ā.u. 4.4.22] ity ādinā | tathā śiṣyān api grāhayanti ca, ātmety evopāsīta [bṛ.ā.u. 1.4.7] ity ādinā | ihātma-śabdena puruṣākāraṁ vijñānānda-svarūpaṁ vibhavas tu bodhyate | sva-sattā-pradattvādinā svātma-bhūtam ity apare | yat tu jīvasyaivāvidyā-viniirmuktasya brahmatvād ātma-dhiyā tac-cintanam ity āha tad asat prāge eva pratyākhyānāt ||3||",5
7107,"rpc : 11.14.25, 10.29.15, 10.44.39, 7.1.25.",2
7108,hds: 10.14.55,2
7115,chāndogyādau mano brahmety upāsīta [chā.u. 3.8.1] ity ādīny upāsanāni śrūyante | tatra saṁśayaḥ—īśvaravat mana ādāv ātma-dhīḥ kāryā na veti | mano brahmety abheda-pratīteḥ kāryeti prāpte—,3
7117,na pratīke na hi saḥ ||,2
7121,khaṁ vāyum agniṁ salilaṁ mahīṁ ca,2
7122,jyotīṁṣi sattvāni diśo drumādīn |,2
7123,sarit-samudrāṁś ca hareḥ śarīraṁ,2
7124,yat kiṁ ca bhūtaṁ praṇamed ananyaḥ || [bhā.pu. 10.2.41] ity ādyā |,3
7128,"rpc : 11.2.41, 3.29.21-25, 7.14.37-40, 7.7.53, 4.30.22 *",2
7138,brahma-dṛṣṭir utkarṣāt ||,2
7140,īśvare tasminn ātma-dṛṣṭir iti brahma-dṛṣṭiś ca nityaṁ kāryā | kutaḥ ? utkarṣāt | ananta-kalyāṇa-guṇopasthāpakatvena tasyāḥ śraiṣṭhyāt | śrutiś ca—ayam ātmā brahma sarvānubhūtiḥ [bṛ.ā.u 2.5.19] ity ubhayaṁ darśayati | atha kasmād ucyate brahmety ādinā tathaiva nirvakti ca ||5||,3
7143,"hds: 1.5.14, 11.29.15",2
7150,candramā manaso jātaś cakṣoḥ sūryo ajāyata | ,2
7151,mukhād indraś cāgniś ca prāṇād vāyur ajāyata || [ṛg-veda 10.90.19],2
7155,ādityādi-matayaś cāṅga upapatteḥ ||,2
7159,"rpc : 10.63.35, 10.63.38, 10.8.36-39, 12.12.14, 10.2.26",2
7160,hds: 8.5.34-36. ,2
7167,trir unnataṁ sthāpya samaṁ śarīraṁ ,2
7168,hṛdīndriyāṇi manasā sanniveśya |,2
7169,brahmoḍupena pratareta vidvān ,2
7170,stotrāṁsi sarvāṇi bhayāvahāni || [śve.u. 2.8],2
7174,āsīnaḥ sambhavāt ||,2
7178,"rpc : 3.28.8, 7.15.31-32*",2
7179,"hds: 11.14.32, 7.15.31",2
7184,te dhyāna-yogānugatā apaśyan [śve.u. 1.3] ity ādibhis tal-lipsor dhyānaṁ taiḥ paṭhyate | tac ca kṛtāsanasya sambhavati nānyasyety āha—,2
7186,dhyānāc ca ||,2
7190,"rpc : 3.28.12, 4.8.52, 11.14.45*",2
7191,"hds: 4.8.45-46, 4.8.52",2
7197,acalatvaṁ cāpekṣya ||,2
7199,"co’vadhṛtau | chāndogye niścalatvam evāpekṣya dhyāyateḥ prayogaḥ, dhyāyatīva pṛthivī [chā.u. 7.6.1] iti | ato liṅgād apy āsīnaḥ syāt | dhyāyati kāntaṁ proṣita-ramaṇīti loke’pi ||9||",3
7201,"rpc : 11.9.22-23, 11.14.43*",2
7202,hds: 11.14.46,2
7206,smaranti ca ||,2
7208,śucau deśe pratiṣṭhāpya sthiram āsanam ātmanaḥ |,2
7209,nātyucchritaṁ nātinīcaṁ cailājina-kuśottaram ||,2
7210,tatraikāgraṁ manaḥ kṛtvā yata-cittendriya-kriyaḥ |,2
7211,upaviśyāsane yuñjyād yogam ātma-viśuddhaye || ,2
7212,samaṁ kāya-śiro-grīvaṁ dhārayann acalaṁ sthiraḥ |,2
7213,saṁprekṣya nāsikāgraṁ svaṁ diśaś cānavalokayan || [gītā 6.11-13],2
7218,hds: 3.28.8,2
7222,atha ātmā vā are draṣṭavyaḥ [bṛ.ā.u. 4.5.6] ity ādiṣu prāg-ukteṣu vākteṣu vicārāntaram | upāsane’smin dig-deśa-kāla-niyamaḥ syān na veti vīkṣāyāṁ vaidike karmaṇi tani-niyamasya darśanād upāsanasya ca vaidikatvāviśeṣād iti prāpte—,3
7224,yatraikāgrato tatrāviśeṣāt ||,2
7228,tam eva deśaṁ seveta taṁ kālaṁ tām avasthitim |,2
7229,tān eva bhogān seveta mano yatra prasīdati ||,2
7230,na hi deśādibhiḥ kaścit viśeṣaḥ samudīritaḥ |,2
7231,manaḥ-prasādanārthaṁ hi deśa-kālādi-cintanam || [varāha-purāṇa] iti |,2
7235,same śucau śarkarā-vahni-bālukā-,2
7236,vivarjite śabda-jalāśrayādibhiḥ |,2
7237,mano’nukūle na tu cakṣu-pīḍane,2
7238,guhā-nivātāśrayaṇe prayojayet || [śve.u. 2.10] ,2
7240,"iti śvetāśvatarokts tīrtha-sevāyā mokṣa-hetutva-pratipādanāc ceti cet, satyam | saty upadrave tīrtham apy asādhakaṁ, asati tu tasmin sādhakatamaṁ tat | ata uktaṁ mano’nukūle iti ||11||",3
7242,"rpc : 7.15.31, 4.12.17*",2
7243,"hds: 11.13.2, 11.13.6",2
7250,"sa yo haitat bhagavan manuṣyeṣu prāyaṇāntam oṅkāram abhidhyāyīta [praśna.u. 5.1] iti ṣaṭ-praśnyāṁ, yaṁ sarve devā namanti mumukṣavo brahma-vādinaś ca iti nṛsiṁha-tāpanyāṁ ca śrūyate | anyatra ca etat sāmagāyann āste, tad viṣṇoḥ paramaṁ padaṁ sadā paśyanti sūrayaḥ [ṛ.ve. 1.2.20] ity ādi | iha mukti-paryantaṁ mukty-antaraṁ copāsanam uktam | tat tathaiva bhaved uta mukti-paryantam eveti saṁśaye mukti-phalatvāt tat-paryantam eveti prāpte—",6
7252,ā prāyaṇāt tatrāpi hi dṛṣṭam ||,2
7254,āprayāṇāt mukti-paryantam upāsanaṁ kāryam iti | tatrāpi mokṣe ca | kutaḥ ? hi yataḥ śrutau tathā dṛṣṭam | śrutiś ca darśitā | sarvadainam upāsīta yāvad vimuktiḥ | muktā api hy enam upāsate iti sauparṇa-śrutau | tatra tatra ca yad uktaṁ tatrāhuḥ | muktair upāsanaṁ na kāryaṁ vidhi-phalayor abhāvāt | satyaṁ tadā vidhy-abhāve’pi vastu-saundarya-balād eva tat pravartate | pitta-dagdhasya sitayā pitta-nāśe’pi sati bhūyas tadā svādavat | tathā ca sārvāṁhakaṁ bhagavad-upāsanaṁ siddham ||12||,3
7256,"rpc : 2.2.36, 11.20.29, 11.29.17, 11.20.7-9, 1.5.12, 10.14.4, 11.14.19-20, 11.19.3-5",2
7257,"hds: 1.1.3, 1.7.10, 1.2.22",2
7264,"evaṁ vidyā-sādhanaṁ vicārya tat-phalam idānīṁ vicārayati | chāndogye—yathā puṣkara-palāśa āpo na śliṣyante, evam evaṁ-vidi pāpaṁ karma na śliṣyate [chā.u. 4.14.3] iti | tad yatheṣīkā-tūlam agnau protaṁ pradūyeta, evaṁ hāsya sarve pāpmānaḥ pradūyante [chā.u. 5.24.3] iti ca śrūyate | ",5
7266,"iha saṁśayaḥ--kriyamāṇa-sañcita-pāpe bhogena kṣayaṇīye uta vidyā-prabhāvāt tayor aśleṣa-vināśau syātām iti | nābhuktaṁ kṣīyate karma kalpa-koṭi-śatair api [bra.vai.pu.pra.kha. 26.70] iti, avaśyam eva bhoktavyaṁ kūṭaṁ karma śubhāśubham [] iti smṛteḥ, tenāpi te bhogena kṣapaṇīye | evaṁ sati śruty-arthas tu tad-vidāṁ prāśastyaṁ lakṣayatīti prāpte—",5
7268,"tad-adhigama uttara-pūrvārdhayor aśleṣa-vināśau, tad-vyapadeśāt ||",2
7270,"tasya brahmaṇo’dhigamas tad-adhigamaḥ, brahma-vidyety arthaḥ | tasyāṁ satyām uttarasya kriyamāṇasya pāpasya aśleṣaḥ | pūrvasya tu sañcitasya vināśo bhavati | kutaḥ ? tad iti | yathā ity-ādibhyāṁ vākyābhyāṁ tayos tathā-vidhānād ity arthaḥ | na hi śrute’rthe saṅkocaḥ śakyaḥ kartum | nābhuktam ity ādikaṁ tv ajña-viṣayatayā yuktimat ||13||",13
7272,"rpc: 11.10.31, 11.20.30, 1.7.4, 11.3.43, 11.14.26.",2
7280,"bṛhad-āraṇyake śrūyate—ubhe u haivaiṣa ete tarati [bṛ.ā.u. 4.4.22] iti | atrobhayoḥ puṇya-pāpayos tīrṇatocyate | bhaved iha saṁśayaḥ | uttara-pūrvayor adhayor iva puṇyayor api tayor aśleṣa-vināśau syātāṁ na veti | puṇyayos tau na syātāṁ vaidikatvena tayā sahāvirodhāt, kiṁ tu te bhogenaiva kṣapaṇīye | tathā ca pratibandha-sattvāt vidyāyāṁ satyāṁ vimuktir iti riktaṁ vacaḥ | evaaṁ prāpte prāg-uktam atidiśati—",3
7282,itarasyāpy evam asaṁśleṣaḥ pāte tu ||,2
7284,itarasyottara-pūrva-rūpasya puṇyasyāpy evaṁ pāpavad aśleṣo vināśaś ca vidyayā bhavati | na ca puṇyaṁ vaidikatvāt tayā sahāviruddham | sva-phala-hetutvena tat-phala-pratibandhāt | na ca tad-vastutaḥ śuddham | sarve pāpmāno’to nivartante iti chāndogye | tatrāpi pāpma-śabda-prayogāt | ata eva yathaidhāṁsi samiddho’gniḥ ity ādau sañcita-karma-mātra-kṣayaḥ smaryate | tathā ca pāpayr iva puṇyayoś ca tau siddhau | vaktavyam āha pāte tv iti | tur niścaye | prārabdha-nāśe sati muktir eveti na rikaṁ tad-vacaḥ ||14||,5
7286,rpc : 10.29.9-10,2
7287,hds: 11.14.19,2
7296,anārabdha-kārya eva tu pūrve tad-avadheḥ ||,2
7298,tu-śabdaḥ śaṅkā-cchedārthaḥ | pūrve sañcit pāpa-puṇye anārabdha-kārye anutpādita-phale eva vidyayā vinśyato na tv ārabdha-kārye cotpādita-phale | kutaḥ ? tad-avadheḥ | tasya tāvad eva ciraṁ yāvan na vimokṣye [chā.u. 6.14.2] iti śruteḥ | ,4
7300,tvad-avagamī na vetti bhavad-uttha-śubhāśubhayor ,2
7301,guṇa-viguṇānvayāṁs tarhi deha-bhṛtāṁ na giraḥ [bhā. 10.87.40] iti smṛteḥ | ,2
7305,"rpc: 10.87.40, 11.28.31",2
7306,hds: 10.87.40,2
7313,viduṣaḥ purātanaṁ puṇyaṁ naśyatīty ukteḥ kāmyavan nitya-karmaṇo’pi vināśaḥ prāptas tan-nirāsāyedam ārabhyate | ubhe uhaiveṣa ete tarati [bṛ.ā.u. 4.4.22] ity atra kāmyavan nitya-karmāpy agnihotrādi vidyayā vinaśyati na veti viṣaye vastu-śakter vihantum aśakyatvāt tad iva vinaśyatīti prāpte—,3
7315,agnihotrādi tu tat-kāryāyaiva tad-darśanāt ||,2
7317,śaṅkā-cchedāya tu-śabdaḥ | vidyodayāt prāg-anuṣṭhitaṁ nityāgnihotrādi tat-kāryāya vidyā-rūpāya phalāya bhavati | kutaḥ ? tad-darśanāt | tam etaṁ vedānuvacanena [bṛ.ā.u. 4.4.22] ity ādau tathāvagamād ity arthaḥ | tathā ca nityāgnihotrādi-bhinnaṁ purātanaṁ puṇyaṁ karma vinaśyatīty ayam itarasyāpy evam iti sūtrārthaḥ | tasya nityasya vināśo nābhidhīyate janita-phalatvāt | na hi gṛha-dāha-vipluṣṭasya dhyānāder iva vāpakṣīṇasya tasyāsti nāśa-vyavahāraḥ | karmaṇā pitṛ-lokaḥ ity ādi bṛhad-āraṇyakāt svarga-pradāṁśa-nāśas tu syād eva ||16||,5
7319,"rpc : 11.20.11, 11.18.44",2
7320,"hds: 7.15.38-39, 11.18.8-9",2
7326,"vidyopadeśādi-pravartakeneśvara-saṅkalpenaiva viduṣāṁ prārabdhayoḥ puṇya-pāpayoḥ sthiti-darśitā | atha keṣāṁcin nirapekṣāṇāṁ vinaiva bhogāt tayor vināśaḥ syad iti pradarśyate | tat sukṛta-duṣkṛte vidhunute tasya priyā jñātayaḥ sukṛtam upayanty apriyā duṣkṛtaṁ [kau.u. 1.4] iti kauṣītakinaḥ paṭhanti, tasya putrā dāyam upayanti suhṛdaḥ sādhu-kṛtyāṁ dviṣantaḥ prāpakṛtyām iti tu śāṭyāyaninaḥ | atra saṁśayaḥ | prārabdhayor api tayor bhogaṁ vināpi vināśaḥ pratītaḥ sa kvacit syān na veti | bhogyaika-svabhāvatvāt tam antarāso na syād iti prāpte—",5
7328,ato’nyāpi hy ekeṣām ubhayoḥ ||,2
7335,"hds: 11.14.19, 3.25.33",2
7341,yad eva vidyayeti hi ||,2
7343,tad eva vidyayā karoti ity ādyā śrutir jaiva-jñāna-sambandhāt karmaṇi vīrātiśayaṁ darśayati | hi yasmāt ato vidyā-sāmarthyāpratibandha-rūpāt pārameśvarātprasādān nirbhogārabdhābhāva-rūpo’tiśayo jīve’pi kvacid bhaved iti na citram ||18||,2
7355,bhogena tv itare kṣapayitvā sampadyate ||,2
7357,"prāptavya-pārṣad-aśarīrād itare sthūla-sūkṣma-śarīre kṣapayitvā vihāyātha pārṣad avapuḥ prāpty-anantaraṁ bhogena, so’śnute sarvān kāmān [tai.u. 2.1] ity ādi śruty-uktena sampadyate sampanno bhavatīty arthaḥ ||19||",3
7360,"hds: 4.1.19, 3.25.33, 3.25.35",2
7375,asya somya puruṣasya prayato vāṅ manasi sampadyate manaḥ prāṇe prāṇas tejasi tejaḥ parasyāṁ devatāyām [chā.u. 6.8.6] iti | ,2
7379,vāṅ-manasi darśanāc chabdāc ca ||,2
7381,svarūpeṇaiva manasi vāk sampadyate | kutaḥ ? uparatāyāṁ vāci manasaḥ pravṭti-darśanāt | vāṅ-manasi sampadyate [chā.u. 6.8.6] iti śabdāc ca | itarathā śabda-svārasya-bhaṅgaḥ | na ca mānāntareṇa tatra vāg avagamyate yena vṛtti-sampattiḥ kalpyateti bhāvaḥ | ,3
7386,"hds : 11.16.42, 11.16.44",2
7390,ata eva sarvāṇy anu || ,2
7392,"yato vāco manasy eva saṁyogo nāgnau, ataḥ sarvāṇi śrotrādīny api tatraiva saṁyujyanta iti mantavyam | anu vāk sampatty-anantaram | praśnopaniṣadi—tasmād upaśānta-tejāḥ | punar bhavam indriyair manasi sampadhyamānaiḥ | yac cittas tenaiṣa prāṇamāyāti [pra.u. 3.9-10] iti | yatha gārgya marīcayo’rkasyāstaṁ gacchataḥ sarvā etasmiṁs tejo-maṇḍala ekībhavanti | tāḥ punaḥ punar udayataḥ pracaranty evaṁ ha vai tat sarvaṁ pare deve manasy ekībhavati [pra.u. 4.2] iti ||2||",5
7394,rpc : 1.15.41,2
7395,hds : 1.15.41,2
7402,manaḥ prāṇa iti vicārayati | manaś candre prāṇe vā sampadyata iti saṁśaye manaś candram iti śruteś candra iti prāpte—,3
7404,tan-manaḥ-prāṇa uttarāt || ,2
7406,"tat sarvendriya-sahitaṁ manaḥ prāṇe [chā.u. 6.8.6] sampadyate | kutaḥ ? manaḥ prāṇe ity uttarasmāt vākyāt | yatrāsya puruṣasya mṛtasyāgniṁ vāg apy eti ity ādi vākyaṁ tu svārtha-paraṁ na bhavatīty uktaṁ bhagavatā sūtra-kāreṇaiva | agny-ādi-gati-śruter iti cet, na, bhāktatvād iti ||3||",7
7408,rpc : 1.15.41,2
7409,hds : 1.15.41,2
7418,so’dhyakṣe tad-upagamādibhyaḥ || ,2
7422,tad yathā rājānaṁ prayiyāsantam ugrāḥ pratyenasaḥ sūta-grāmaṇyo ’bhisamāyanty evam evemam ātmānam anta-kāle sarve prāṇā abhisamāyanti yatraitad ūrdhvocchvāsī bhavati | [bṛ.ā.u 4.3.38] ,2
7426,"rpc : 1.15.41-43, 2.2.15-16, 11.16.42-44",2
7427,hds : 1.15.42,2
7436,bhūteṣu tac-chruteḥ || ,2
7438,jīve pañcasu bhūteṣu sampadyate | na kevale tejasi | kutaḥ ? tatraiva jīvasyākāśa-mayo vāyumayas tejo-maya āpo-mayaḥ pṛthivī-mayaḥ iti sarva-bhūta-mayatva-śravaṇāt ||5||,2
7441,"hds : 2.9.38, 10.1.39-40",2
7449,naikasmin darśayato hi || ,2
7462,yadā sarve pramucyante kāmā ye’nye hṛdi sthitāḥ |,2
7463,atha martyo’mṛto bhavaty atra brahma samaśnute ||,2
7467,samānā cāsṛty-upakramād amṛtatvaṁ cānupoṣya || ,2
7469,"ādyaś co’vadhāraṇe | ajñasya vijñasya ca samānevotkrāntir āsṛty-upakramād āgaty-ārambhān nāḍī-praveśāt prāg ity arthaḥ | tat-praveśa-daśāyāṁ tv asti viśeṣaḥ | ajñasya nāḍī-śatenotkramya gatir vijñasya tu śatādhikayā | tathā hi chāndogyāḥ paṭhanti— śataṁ caikā ca hṛdayasya nāḍyās tāsāṁ mūrdhānam abhiniḥsṛtaikā | tayordhvam āyann amṛtatvam eti viṣvag anyā utkramaṇe bhavanti [chā.u. 8.6.6] iti | etac chrutyaikārthena, tasya haitasya hṛdayasyāgram ity-ādi-śrutāv api mūrdhva-niṣkramaṇaṁ vijña-viṣayam anyac cāvijña-viṣayaṁ bodhyam | yat tu vijñasyātraivāmṛtatva-śravaṇaṁ tat kila deha-sambandham anupoṣyādagdhvaiva pūrvottarāgha-viśleṣa-vināśa-rūpaṁ yad uktam ||7||",5
7472,hds : 10.87.18,2
7479,tad ā-pīteḥ saṁsāra-vyapadeśāt || ,4
7484,"hds : 10.14.58, 1.2.15",2
7490,sūkṣma-pramāṇataś ca tathopalabdheḥ ||,2
7492,"nātra viduṣaḥ śarīra-sambandho dagdhaḥ | sūkṣmaṁ śarīraṁ yad anuvartate | kutaḥ ? pramāṇeti | devayāna-vartmanā gacchato viduṣaḥ, taṁ prati brūyāt satyaṁ brūyāt iti candramasā saṁvāda-vacanena śarīra-sad-bhāvo hy upalabhyate | ato’dagdha-deha-sambandhasyaiva tad-amṛtatvam ||9||",3
7495,hds : 3.31.43-44,2
7499,nopamārdenātaḥ ||,4
7501,"ato heto, yadā sarve iti śrutir deha-sambandhopamardenāmṛtatvaṁ vaktuṁ na prabhavati ||10||",3
7504,hds : 2.8.4-6,2
7508,tasyaiva copapatter uṣmā ||,2
7513,"hds : 3.31.44, 3.30.18, 3.30.20",2
7519,"pratiṣedhād iti cen, na, śārīrāt ||",2
7521,"viduṣa utkrāntir na syāt | athākāmayamāno yo’kāmo niṣkāma āptakāma ātmakāmo bhavati na tasya prāṇā utkrāmanti [bṛ.ā.u. 4.4.6], brahmaiva san brahmāpy eti [bṛ.ā.u. 4.4.7] iti bṛhad-āraṇyake tasya tat pratiṣedhād iti cen, na, atra dehāt prāṇāniṣkrāntir na pratiṣiddhaḥ | kintu śārīrāj jīvād eva | dehāt tu tasyāsau darśitāsti ||12||",5
7524,"hds : 3.31.44, 3.32.6-7",2
7528,spaṣṭo hy ekeṣām || ,2
7530,"naivātra vivaditavyam | hi yasmād ekeṣāṁ mādhyandinānāṁ śārīrāt prāṇotkrānti-pratiṣedhaḥ spaṣṭo dṛśyate | na tasmāt prāṇā utkrāmanty atraiva samavanīyante, brahmaiva san brahmāpy eti [bṛ.ā.u. 4.4.7] iti | atraiveti puraḥ prāpye brahmaṇy evety arthaḥ | yat tu kāṇvāmnāye ārta-bhāga-praśne vidvat-prāṇān utkrānti-paraṁ yājñavalkyottaraṁ dṛśyate, tat kila paramārtaikānti-paratayā bodhyam | yac ca nirviśeṣa-brahmātmaikya-dhyāyino’nutkrānti-paraṁ tad ity āha, tan mandaṁ, tad-arthāvedaka-padādarśanāt nirviśeṣatvādy-asiddheś ca ||13||",3
7537,smaryate ca ||,2
7539,ūrdhvam ekaḥ sthitas teṣāṁ yo bhittvā sūrya-maṇḍalam |,2
7540,brahma-lokam atikramya tena yāti parāṁ gatim || ,2
7545,hds : 10.87.18,2
7552,sendriya-grāmaḥ sa-prāṇo jīva uktrānti-kāle tejaḥ-prabhṛtiṣu sūkṣma-bhūteṣu sampadyate ity abhihitaṁ saiṣā sampattir vijñasya na sambhaved ity āśaṅkya parihṛtaṁ ca | athedaṁ vimṛśyate | viduṣo vāg-ādayaḥ prāṇās tad-vapur-bhūtāni sūkṣma-bhūtāni ca sva-sva-hetausampadyante paramātmani veti saṁśaye—yatrāsya puruṣasya ity ādi śruteḥ sva-sva-hetāv iti prāpte—,3
7554,tāni pare tathā hy āha || ,2
7556,"tāni tejaḥ parasyām ity atra tejaḥ-śabditāni vāg-ādi-prāṇa-bhūtāni pare sarvātma-bhūte brahmaṇi sampadyante tasyaiva sarvopādānatvāt | kutaḥ ? hi yasmāt, tejaḥ parasyāṁ devatāyām iti śrutir eva tathāha | yatrāsety ādikaṁ tu jahat-svārtham ity abhāṇi prāk ||15||",3
7559,hds : 1.15.41-42,2
7566,atha tatraiva punar vimarśāntaram | yā khalu paramātmani vidvat-prāṇādi-sampattir uktā sā kiṁ vāṅ-manasīty ādivat saṁyogāpattiḥ kiṁ yathā nadyaḥ syandamānāḥ samudra ity-ādivat tādātmyāpattir iti sandehe pūrva-svārasya-prāpter aviśeṣāc ca tadvat saṁyogāpattir iti prāpte—,3
7568,avibhāgo vacanāt || ,2
7570,atha acintya-śakti-viśiṣṭe paramātmani prāṇāder avibhāgas tādātmyāpattiḥ | kutaḥ ? vacanāt | ṣaṣṭhe praśne—evam evāsya paridraṣṭur imāḥ ṣoḍaśa-kalāḥ puruṣāyaṇāḥ puruṣaṁ prāpyās taṁ gacchanti [pra.u. 6.5] iti prāṇādīnāṁ kalānāṁ paramātmani sampattim abhidhāya punar bhidyete cāsāṁ nāma-rūpe puruṣa ity evaṁ procyate sa eṣo’mṛto bhavati iti tāsāṁ nāma-rūpa-bhedasyokteḥ | ātmaayatisthūla-śarīrād utkrāntasya jīvasya viduṣaḥ sūkṣmaṁ śarīraṁ vidyayā vipluṣṭa-kārīṣa-piṇḍavaj jīrṇam apy anuvartate | athāṇḍād viniṣkrāntasya tasyāṣṭamāvaraṇe prakṛtau tad-vikāra-bhūtaṁ sūkṣmaṁ tad vilīyate | sa tu viśuddhaḥ prāpta-brāhma-vapuḥ prakṛtyāpāśrayeṇa tena brahmaṇā saha saṁyujyata iti ||16||,3
7572,"rpc : 11.26.30, 2.9.10, 4.3.29, 10.64.20, 3.9.11",2
7573,hds : 12.5.8-11,2
7580,"atha vidvad-utkrāntau pratijñātaṁ viśeṣaṁ darśayitum ārambhaḥ | śataṁ caikā ceti vākye śatādhikayā viduṣo gatir anyābhis tu aviduṣa ity eṣa niyamo yukto na veti sandehe, nāḍīnām atisaukṣmyāt bāhulyāc ca durvivecanatayā puruṣeṇa grahītum aśakyatvān na yuktaḥ | tayordhvam āyann amṛtatvam eti iti yādṛcchikotkrānty-anuvādo bhaviṣyatīty evaṁ prāpte—",3
7582,tad-oko’gra-jvalanaṁ tat-prakāśita-dvāro vidyā-sāmarthyāt tac-cheṣa-gaty-anusmṛti-yogāc ca hārdānugṛhītaḥ śatādhikayā || ,2
7586,"rpc : 3.32.10, 11.29.5, 10.60.37, 10.80.11, 2.2.24, 12.11.8",2
7593,raśmy-anusārādhikaraṇam ||,2
7596,atha yatraitasmāt śarīrād utkrāmaty etair eva raśmibhir ūrdhvam ākramate | sa om iti vā hoha mriyate sa yāvat kṣipyen manas tāvad ādityaṁ gacchaty etad vai khalu loka-dvāraṁ viduṣāṁ prapadanaṁ nirodho’viduṣām | tad eṣa ślokaḥ | śataṁ caikā ca [chā.u. 8.6.5-6] ity ādi śrūyate | ,2
7600,raśmy-anusārī ||,2
7611,"niśi neti cen, na, sambandhasya yāvad-deha-bhāvitvād darśayati ca ||",2
7613,nanu rātrau ravi-raśmy-abhāvāt tadānīṁ mṛtasya na tad-anusāritvam iti cen na | kutaḥ ? sambandhasyeti | śirā-raśmi-sambandhasya yāvad-deha-bhāvitvāt | yāvad-deho’sti tāvat tat-sambandhaś ceti | yadā kadāpi mṛtasya tad ghaṭate | ataś ca grīṣma-kṣapāsu deha-jvālopalabhyate | anyad vā tu śīta-pratibandhān neti | na cedaṁ yauktikam ity āha darśayati ceti | amuṣmād ādityāt pratāyante tathāsu nāḍīṣu sṛptā ābhyo nāḍībhyaḥ pratāyante te’muṣminn āditye sṛptāḥ iti chāndogya-śrutis (8.6.2) tathā darśayati | saṁsṛṣṭā vā ete raśmayaś ca nāḍyaś ca naiṣāṁ vibhāgo vāvad idaṁ śarīram ataḥ etaiḥ paśyaty etair utkramate etaiḥ pravartate iti śruty-anantaraṁ ca | tathā ca viduṣas tad-anusāritvaṁ niyatam iti ||19||,5
7624,ataś cāyane’pi dakṣiṇe || ,2
7636,yatra kāle tv anāvṛttim āvṛttiṁ caiva yoginaḥ |,2
7637,"prayātā yānti taṁ kālaṁ vakṣyāmi bharatarṣabha || [gītā 8.23] ity upakramya,",2
7639,śukla-kṛṣṇe gatī hy ete jagataḥ śāśvate mate |,2
7640,ekayā yāty anāvṛttim anyayāvartate punaḥ || [gītā 8.26] ity upasaṁhṛtaṁ bhagavatā |,3
7644,yoginaḥ prati smaryate smārte caite ||,2
7646,yogino brahma-niṣṭhān prati heyā candra-gatir upādeyā tv arcir-ādi-gatis tatra smaryate | yad ete smārte smṛty-arhe bhavataḥ—naite sṛtī pārtha jānan yogī muhyati kaścana [gītā 8.27] ity ukteḥ | tataś ca nātra viduṣaḥ kāla-viśeṣo niyantavyaḥ | kāla-pradhānyenopakramas tu nāsti | agny-ādeḥ kālatvāsambhavāt | kintv ātivāhikā devās te tat-tac-chabdair abhidhīyante | vakṣyati caivaṁ bhagavān sūtrakāraḥ ātivāhikās tal-liṅgād [4.3.4] iti | ,5
7648,divā ca śukla-pakṣaś ca uttarāyaṇam eva ca | ,2
7649,mumurṣatāṁ praśastāni viparītaṁ tu garhite || ity ādikaṁ tu bhavaty ajña-viṣayam |,2
7653,"rpc : 7.15.51, 7.15.54-56 ",2
7672,atha yad u caivāsmin śavyaṁ kurvanti yadi ca nārciṣam evābhisaṁbhavanty arciṣo’haraha āpūryamāṇa-pakṣam āpūryamāṇa-pakṣādyān ṣaḍ-udaṇṇeti māsāṁs tān māsebhyaḥ saṁvatsaraṁ saṁvatsarād ādityam ādityāc candramasaṁ candramaso vidyutaṁ tat puruṣo’mānavaḥ sa enān brahma gamayaty eṣa deva-patho brahma-patha etena pratipadyamānā imaṁ mānavam āvartaṁ nāvartanta iti [chā.u. 4.15.5] ity arciḥ prathamaḥ panthāḥ śrūyate |,2
7676,sa etaṁ deva-yānaṁ panthānam āsādyāgni-lokam āgacchati sa vāyu-lokaṁ sa varuṇa-lokaṁ sa indra-lokaṁ sa prajāpati-lokaṁ sa brahma-lokam [kau.brā. 1.3] ity agniḥ prathamaḥ |,2
7680,yadā vai puruṣo’smāl lokāt praiti sa vāyum āgacchati tasmai sa tatra vijihīte yathā ratha-cakrasya khaṁ tena sa ūrdhva ākramate | sa ādityam āgacchati [bṛ.ā.u 5.10.1] ity ādau vāyuḥ prathamaḥ |,2
7682,"kvacit sūrya-dvāreṇa te virajāḥ prayānti [mu.u. 1.2.11] iti sūrya-rūpaś ca śrutaḥ | evam anyatrānyādṛśaś ca | iha bhavati saṁśayaḥ—kim ayaṁ nānā-vidho brahma-loka-mārgaḥ, kiṁ vā, nānā-śruty-ukta-pavako’rcir-ādir eka eveti | bhinna-prakaraṇatvād athaitair evety avadhṛty-anurodhāc ca nānā-vidha iti prāpte—",3
7684,arcir-ādinā tat-prathiteḥ || ,2
7686,sarvo’pi vidvān arciḥ-prathamenaiva vartmanā brahma-lokaṁ vrajati | kutaḥ ? tat-prathiteḥ | tad ya itthaṁ vidur ye ceme’raṇye śraddhāṁ tapa ity upāsate te arciṣaṁ [chā.u. 5.10.1] iti pañcāgni-vidyā-prakaraṇasthena vacasā vidyāntara-śālinām apy arcir-ādinaiva pathā gaty-upadeśād ity arthaḥ | ,3
7688,dvāv eva mārgau prathitāv arcir-ādir vipaścitām |,2
7689,dhūmādiḥ karmiṇāṁ caiva sarva-veda-vinirṇayāt || [brahma-tarka] iti smṛtiś ca |,4
7693,rpc : 7.15.54-55,2
7694,"hds : 3.32.6-7, 7.15.54",2
7701,idānīṁ vākyāntara-paṭhitasya vāyv-āder arcir-mārge sanniveśaḥ syād ity etat pradarśayitum ārambhaḥ | sa etaṁ deva-yānaṁ panthānam āsādyāgni-lokam āgacchati sa vāyu-lokaṁ [kau.brā. 1.3] ity atra śrūyamāṇo vāyur arcir-ādi-pathe sanniveśyo na veti vīkṣāyāṁ kramāśravaṇāt kalpakābhāvāc ca neti prāpte—,3
7703,vāyum abdād aviśeṣa-viśeṣābhyām ||,2
7705,"arciṣam ity ādāv abdāt saṁvatsarāt paramādityāt pūrvaṁ vāyuṁ niveśayanti | kutaḥ ? aviśeṣeti | sa vāyu-lokam ity aviśeṣeṇopadiṣṭasya, yad āha vai puruṣo’smāl lokāt praiti [bṛ.ā.u 5.10.1] ity ādau, sa vāyum āgacchati [bṛ.ā.u 5.10.1] iti sūryāt pūrva-vartitvena viśeṣeṇopadeśād ity arthaḥ | evaṁ sati sāmebhyo deva-lokādityam iti bṛhad-āraṇyakokto deva-loko’pi vāyur eva jñeyaḥ | yo’yaṁ pavana eṣa eva devānāṁ gṛha iti deva-nivāsa-sthānatvenokteḥ | apare tv āhuḥ deva-loko’pi vartma-parva-viśeṣaḥ | sa ca saṁvatsarāt paratra pūrvatra ca vāyor niveśyaḥ | na tu māsa-saṁvatsarayor madhye tayoḥ sambandha-prasiddheḥ | tathā ca saṁvatsarādityayor madhye deva-loka-vāyu-lokau sanniveśyāv iti ||2||",9
7708,hds : 7.15.55,2
7715,sa varuṇa-lokaṁ sa indra-lokaṁ sa prajāpati-lokam ity atra vicāraḥ | iha śruto varuṇa-loko’rcir-ādi-parvatayā sanniveśyo na veti viṣaye vāyor ivāsya vyavasthāpakābhāvān neti prāpte—,2
7717,taḍito’dhi varuṇaḥ sambandhāt ||,2
7719,candramaso vidyutam ity uktāyās taḍito’dhyupariṣṭād asau varuṇo niveśyaḥ | kutaḥ ? sambandhāt | taḍid-varuṇayoḥ sambandha-sattvāt | vidyut-pūrvikā hi vṛṣṭir bhavati | yathā hi viśālā vidyutas tīvra-stanita-nirghoṣā jīmūtodare nṛtyanty athāpaḥ prapatanti vidyotate stanayati varṣiṣyati vai [chā.u. 7.11.1] iti śravaṇāt | sva-sambandhi-vṛṣṭi-gata-nīrādhipatitvena varuṇasya taḍitā sambandhaḥ prasiddhaḥ | varuṇād upari tu indra-prajāpatyor niveśaḥ | sthānāntarābhāvāt pāṭha-sāmarthyāc ca | tad evam arcir-ādi-prajāpaty-antā dvādaśa-parvā trayodaśa-parvā vā brahma-loka-paddhatir iti siddham ||3||,4
7721,rpc : 7.15.55-56,2
7722,hds : 7.15.55,2
7731,ātivāhikās tal-liṅgāt ||,2
7733,"ātivāhe puruṣottamena niyuktās te’rcir-ādayo devā bhavanti, na tu tāni tāś ceti pratipattavyam | kutaḥ ? tal-liṅgāt | ātivāhika-liṅgaṁ gantṝṇāṁ gamayitṛtvaṁ tasmāt, tat-puruṣo’mānavaḥ sa etān brahma gamayati ity ante śrutasya puruṣasya gamayitṛtvāvagamāt tat-sāhacaryād arcir-ādīnām api tan mantavyam ity arthaḥ ||4||",3
7736,"hds : 6.1.30, 4.12.19-20",2
7742,ubhaya-vyāmohāt tat-siddheḥ ||,2
7746,"rpc : 11.19.17, 11.14.15, 11.20.12",2
7756,vaidyutenaiva tatas tac-chruteḥ ||,2
7758,tato vidyut-prāpty-anantaraṁ vaidyutena vidyut-paryantāgatena tat-pārṣadena vidvān brahma prāpyate | kutaḥ ? tac-chruteḥ | candramaso vidyutaṁ tat-puruṣo’mānavaḥ sa etān brahma gamayati [chā.u. 4.15.5] iti tac-chravaṇāt | varuṇādīnāṁ tu tat-sahakāritvena tat siddham | eṣāṁ paddhatiḥ sādhāraṇī | ajāmilasya viśeṣatvāt tathātvam asādhāraṇam iti bodhyam ||6||,3
7761,hds : 6.1.30,2
7768,evaṁ gatim ākhyāya gamyaṁ vaktum āha—sa enān brahma gamayati [chā.u. 4.15.5] iti viṣaya-vākyam | tatra bādari-mataṁ tāvad ucyate—ayam amānavaḥ pumān param eva brahma gamayatīty uta kāryaṁ caturmukhākhyam iti vīkṣāyāṁ brahma-śabdasya parasminn eva mukhyatvāt tayordhvam ity amṛtatva-śravaṇāc ca param eveti prāpte—,5
7770,kāryaṁ bādarir asya gaty-upapatteḥ ||,2
7778,viśeṣitatvāc ca ||,2
7780,prajāpateḥ sabhāṁ veśma prapadye [chā.u. 8.14.1] iti chāndogya-śrutyā viśeṣitatvāc ca kāryam eva gamayatīty arthaḥ ||8||,2
7786,sāmīpyāt tu tad-vyapadeśaḥ ||,2
7788,"sa etya brahma-lokān gamayati, te teṣu brahma-lokeṣu parāḥ parāvato vasanti | teṣāṁ na punar-āvṛttiḥ [bṛ.ā.u 6.2.15] iti bṛhad-āraṇyake yo’yam apunar-āvṛtti-vyapadeśaḥ sa tu sāmīpyābhiprāyeṇa bhaviṣyati | vidvāṁsaḥ kārya brahma prāpya tena saha tad-avyavahitaṁ paraṁ brahma prāpnuvanti | tataḥ punar nāvartanta iti ||9||",2
7795,7. kāryātyayādhikaraṇam,2
7801,kāryātyaye tad-adhyakṣeṇa sahātaḥ param abhidhānāt ||,2
7803,kāryasya caturmukha-loka-paryantasyāṇḍasyātyaye vilaye sati tad-adhyakṣeṇa caturmukhena sahātaḥ kāryāt caturmukhāt paraṁ brahma prāpnoti | saha prāptau hetur abhīti | brahmavid āpnoti param ity upakramya so'śnute sarvān kāmān saha brahmaṇā [tai.u. 2.1.3] iti tad-ukter ity arthaḥ | atra brahmaṇā caturmukhena sahety arthaḥ ||10||,5
7805,rpc : 3.32.6-10,2
7806,hds : 3.32.8-9 ,4
7810,smṛteś ca ||,2
7812,brahmaṇā saha te sarve samprāpte pratisañcare |,2
7813,parasyānte kṛtātmānaḥ praviśanti paraṁ padam || iti smaraṇāc ca |,2
7815,tathā ca arciṣam ity ādāv arcir-ādayaḥ sa-niṣṭhā hiraṇyagarbhaṁ prāpayanti iti bādari-muneḥ siddhāntaḥ ||11||,5
7817,rpc : 3.32.8-10,2
7822,paraṁ jaiminir mukhyatvāt ||,2
7827,"hds : 3.32.11, 3.32.29-31 ",4
7831,darśanāc ca ||,2
7833,"dahara-vidyāyām atha ya eṣa samprasādo’smāc charīrāt samutthāya 	2.3] ity ādi śrutam | eṣā gatiḥ para-brahma-karmikaiva | gantavyasya tasyāmṛtatvādi-dharma-darśanāt | gantuḥ svarūpābhiniṣpatti-darśanāt ca | na caivaṁ sarvaṁ kārya-brahma-pakṣe saṅgacchate | nāpi tasyaitat prakaraṇaṁ, kintu parasyaiveti | kāṭhake'pi śataṁ ca [ka.u. 2.3.16] ity ādinā gatiḥ paṭhitā | sāpi para-karmikaivāmṛtatva-śruter anyatra dharmād iti tasyaiva prakaraṇāt ca ||13||",5
7836,hds : 10.87.18,2
7841,na ca kārye pratyabhisandhiḥ ||,2
7846,hds : 3.33.3,2
7855,apratīkālambanān nayatīti bādarāyaṇa ubhayathādoṣāt tat-kratuś ca ||,5
7857,"nāmādy-upāsakāḥ pratīkālambanās tad-bhinnāḥ saniṣṭhādayo brahmopāsakā apratīkālambanās tān sarvān nayatīti bhagavān bādarāyaṇo manyate | kāryopāsakān vā nayatīty anyatara-niyamaṁ na svīkārtotīty arthaḥ | kutaḥ ? ubhyatheti | mata-dvaye'pi virodhād ity arthaḥ | ādye paraṁ jyotir ity ādi virodhaḥ | dvitīye tu pañcāgni-vidyāvatām arcir ādi gati virodhaḥ | tat-kratu-nyāyo'py etam arthaṁ darśayati, yathā kratur ity ādinā | nāmādi-pratīkopāsakānāṁ tu nārcir-ādinā para-prāptiḥ tat-kratu-virahāt | kintu śabda-śāstrādi-lakṣaṇa-nāmādiṣu svātantryādi-prāptir bhavati | sa yo nāma brahmety upāste yāvan nāmno gataḥ tatrāsya kāmacāraḥ [chā.u. 7.1.5] ity ādi chāndogya-vākyāt | pañcāgni-vidyāvatāṁ tena vartmanā satya-loka-prāptis tu svātmānusandhi-prabhāvāt | tad-upary-apīti nyāyena tal-loke teṣāṁ brahma-vidyā-siddheḥ | tad-vartmanā gatānām anāvṛtti-śrutiḥ saṅgatā ||15||",5
7860,hds : 3.33.7-8,2
7869,etad dhi viṣṇoḥ paramaṁ padaṁ ye,2
7870,nityodyuktāḥ saṁyajante na kāmān |,2
7871,teṣām asau gopa-rūpaḥ prayatnāt ,2
7872,prakāśayed ātma-padaṁ tadaiva || [go.tā.u. 1.21],2
7874,oṁkāreṇāntaritaṁ ye japanti,2
7875,govindasya pañca-padaṁ manum |,2
7876,teṣām asau darśayed ātma-rūpaṁ,2
7877,tasmān mumukṣur abhyasen nitya-śāntyai || [go.tā.u. 1.23] iti |,2
7881,viśeṣaṁ ca darśayati ||,2
7885,ye tu sarvāṇi karmāṇi mayi saṁnyasya mat-parāḥ |,2
7886,ananyenaiva yogena māṁ dhyāyanta upāsate ||,2
7887,teṣām ahaṁ samuddhartā mṛtyu-saṁsāra-sāgarāt |,2
7888,bhavāmi na cirāt pārtha mayy āveśita-cetasām || [gītā 12.6-7] iti smṛteś ca |,2
7892,nayāmi paramaṁ sthānam acirādi-gatiṁ vinā |,2
7893,garuḍa-skandham āropya yatheccham anivāritaḥ || iti vārāha-vacanāt | ,2
7915,"asmin pāde muktānāṁ svarūpa-nirūpaṇa-pūrvakam aiśvarya-bhogādi nirūpyate | prajāpati-vākye śrūyate—evam evaiṣa samprasādo’smāt śarīrāt samutthāya, paraṁ jyotir upasampadya, svena rūpeṇābhiniṣpadyate sa uttamaḥ puruṣaḥ [chā.u. 8.12.3] iti | ",3
7919,sampady āvirbhāvaḥ svena-śabdāt ||,2
7921,"jñāna-vairāgya-niṣevitayā bhaktyā paraṁ jyotir upasampannasya jīvasyeha karma-bandha-vinirmukta-guṇāṣṭaka-viśiṣṭa-svarūpodaya-lakṣaṇo’vasthāna-viśeṣaḥ svarūpāvirbhāvaḥ kathyate | kutaḥ ? svena-śabdāt | svena iti svarūpa-viśeṣaṇād ity arthaḥ | āgantuka-rūpa-parigrahe’narthakaṁ tat syāt, asaty api tasmin tasya svakīya-rūpatva-siddheḥ | na cābhiniṣpatti-vacanaṁ vyartham | idam ekaṁ suniṣpannam ity-ādiṣv āvirbhāve’pi tac-chabda-vīkṣaṇāt | na ca tasya pūrvaṁ sataḥ pumarthatvaṁ na pratītaṁ tādṛg-avasthāyāḥ pūrvam anudayāt | na cātropāya-vaiyarthyaṁ tad-udayārthatvena sārthakyāt | yat tu sva-prakāśa-cin-mātrasyātmanaḥ paraṁ jyotir upasampannasya nivṛtta-nikhila-prakṛty-adhyāsa-duḥkhatayāvasthitis tan-niṣpattir ity āhus tatra—rasaṁ hy evāyaṁ labdhvānandī bhavati iti muktāvānandātiśaya-śravaṇāt ||1||",15
7923,"rpc : 2.10.6, 1.3.33-34, 10.14.26, 5.12.11",2
7924,"hds: 1.3.33-4, 10.87.38.",2
7931,nanu paraṁ jyotir upasampannasya muktiḥ kasmād avagamyate ? tatrāha—,3
7933,muktaḥ pratijñānāt ||,2
7935,svarūpābhiniṣpanno’yaṁ mukta eva | kutaḥ ? pratijñānāt | pūrvatra ya ātmeti prakṛtasya jīvasya etaṁ tv eva te bhūyo’nuvyākhyāsyāmi [chā.u. 8.9.3] ity-ādibhir jāgarādy-avasthā-traya-vinirmuktatayā priyāpriya-hetu-bhūta-karma-nirmita-śarīra-vinirmuktatayā ca vyākhyātuṁ prajāpatinā pratijñātatvāt | tasmāt karma-sambandha-tan-nirmita-śarīrādi-vinirmukta-svābhāvika-svarūpāvasthitir iha svarūpābhiniṣpattiḥ saiva muktir iti ||2||,3
7938,hds: 1.3.39 ,4
7940, —o)0(o—,2
7947,ātmā prakaraṇāt ||,2
7952,"hds: 7.13.44, 6.16.9.",2
7961,avibhāgena dṛṣṭatvāt || ,2
7970,"iti muṇḍake [3.2.8] tathaiva sthiti-śravaṇāt | sāyujyaṁ kila sahayoga eva | ya evaṁ vidvān udagayane pramīyate devānām eva mahimānaṁ gatvād ity asya sāyujyaṁ gacchati ity-ādi taittirīyakāt | sālokyādikaṁ tu tasyaiva prakāraḥ, na caivaṁ virahe’vyāptiḥ | tatrāpy antaḥ-sphūrtyā mahima-saṁyogena ca tat-sattvāt | na ca dṛṣṭāntena svarūpābhedaḥ śakyaḥ | nīre nīrāntarasyaikībhāva-vyavahāre’py antar-bhedasya sattvāt itarathā vṛddhy-ādy-anāpattiḥ ||4||",3
7973,hds: 10.87.31,2
7977,5. brāhmādhikaraṇam,2
7983,brāhmeṇa jaiminir upanyāsādibhyaḥ ||,2
7985,brāhmeṇa brahmaṇā nirvṛttena apahatapāpmatvādinā satya-saṅkalpatvāntena guṇa-gaṇena viśiṣṭaḥ sann āvirbhavati | kutaḥ ? upeti | prajāpati-vākye tasya guṇa-gaṇasya jīve’py upanyāsāt | ādi-śabdāt tad-guṇa-prayuktā mukta-vyavahārā jakṣaṇa-krīḍanādayaḥ | tebhyas tena viśiṣṭaṁ mukta-svarūpam evāvirbhavatīti jaiminir manyate | smṛtiś caivam āha—yathā na hrīyate jyotsnā ity ādinā ||5||,3
7987,rpc : 11.14.13,2
7988,"hds: 4.12.23, 4.7.31, 5.3.11",2
7992,citi tan-mātreṇa tad-ātmakatvād ity auḍulomiḥ ||,2
7994,brahma-jñānādi-pluṣṭāvidyo muktaś cid-rūpe brahmaṇy upasampannaś cin-mātreṇa āvirbhavati | kutaḥ ? tad iti | bṛhad-āraṇyake dvitīyasmin maitreyy-upākhyāne— sa yathā saindhava-ghano’nantaro’bāhyaḥ kṛtsno rasa-ghana evaṁ vā are’yam ātmānantaro’bāhyaḥ kṛtsnaḥ prajñāna-ghanaḥ [bṛ.ā.u 4.5.13] iti caitanya-mātratvenāvadhāraṇāt | ata eva nirguṇa-caitanyaṁ jīva-svarūpam ity avabudhyate | apahata-pāpmādayaḥ śabdās tv avidyātmakebhyo vikāra-sukhādibhyo dharmebhyas tasya vyāvṛttiṁ bodhayantaḥ kathañcit tatraiva neyā ity auḍulomir manyate ||6||,3
8003,evam apy upanyāsāt pūrva-bhāvād avirodhaṁ bādarāyaṇaḥ ||,2
8007,"rpc : 11.15.31, 11.20.32-34, 5.12.13",2
8008,hds: 5.12.1,2
8015,atha muktasya satya-saṅkalpatvaṁ nirūpayati | chāndogye sa tatra paryeti jakṣan krīḍan ramamāṇaḥ strībhir vā yānair vā jñātibhir vā [chā.u. 8.5.13] iti śrūyate | tatra saṁśayaḥ—muktasya jñāty-ādi-prāptiḥ prayatnāntarād uta saṅkalpa-mātrād iti | loke rājādīnāṁ satya-saṅkalpatayoktānām api kārya-saṅkalpe prayantāntara-sāpekṣatva-darśanāt tat-sahitād eva saṅkalpāt tat-prāptir iti prāpte—,3
8017,saṅkalpād eva tac chruteḥ ||,2
8019,saṅkalpa-mātrād evāsya tat-prāptiḥ | kutaḥ ? tac-chruteḥ | sa yadi pitṛ-loka-kāmo bhavati saṅkalpād evāsya pitaraḥ samuttiṣṭhanti | tena pitṛ-lokena sampanno mahīyate [chā.u. 8.2.1] iti pūrvatra tan-mātrād eva tat-prāpti-śravaṇāt | itarathāvadhāraṇasya bādhaḥ | prajñāna-ghana evety atra dharmāvedakāt vākyāntarāt tasya vayvasthāpanam | na ca tadvat sāpekṣatvāvedakaṁ vākyāntaraṁ paśyāmaḥ | eṣā sva-sukhaiśvarya-pradhānā muktiḥ sevā-rasāsvāda-lubdhair nāpekṣyeti tad dheyatva-vacanāny upapadyerann iti ||8||,3
8031,ata eva cānanyādhipatiḥ ||,2
8035,rpc : 7.10.6,2
8036,hds: 11.5.41-42,2
8042,abhāve badarir āha hy evam ||,2
8044,"muktasya vigrahādy-abhāv bādarir manyate | vigrahādikaṁ khalu adṛṣṭa-sṛṣṭam | tadānīm adṛṣṭābhāvāt tan na sambhavet | kutaḥ ? āha hy evam | hi yasmāc chāndogya-śrutir evam āha—na vai sa-śarīrasya sataḥ priyāpriyayor apahatir asty aśarīraṁ vāva santaṁ na priyāpriye spṛśataḥ [chā.u. 8.12.1] iti vigrahādi-yoge duḥkhasyāparihāryatvam uktvā, asmāc charīrāt samutthāya [chā.u. 8.12.3] ity-ādinā tasya tatrāvigrahatvam ucyate | dehendriyāsu-hīnānāṁ vaikuṇṭha-pura-vāsinām [bhā.pu. 7.1.34] iti smṛteś ca ||10||",7
8047,hds: 7.1.34,2
8051,bhāvaṁ jaiminir vikalpāmananāt ||,2
8053,"muktasya vigrahādi-bhāvaṁ jaiminir manyate | kutaḥ ? vikalpa- iti | sa ekadhā bhavati, tridhā bhavati, pañcadhā saptadhā navadhā caiva, punaś caikādaśaḥ smṛtaḥ, śataṁ ca daśa caikaś ca sahasrāṇi ca viṁśatiḥ [chā.u. 7.26.2] iti bhūma-vidyāyāṁ tasya vividha-kalpa-śravaṇāt | na hi vividha-vigrahatām antarā bahutvam aṇu-parimāṇasya tasyāñjasam avakalpyeta | na caitad avāstavam iti śakyaṁ śaṅkituṁ, mokṣa-prakaraṇasthatvāt | evaṁ satyaṁ śarīram iti tv adṛṣṭa-vigrahādy-abhāva-param, vakṣyamāṇa-smṛteś ca ||11||",5
8056,hds: 3.15.14-15,2
8062,dvādaśāhavad ubhaya-vidhaṁ bādarāyaṇo’taḥ || ,2
8066,"idam atra tattvam—muktāḥ khalu brahma-vidyayā saṁchinna-pidhānāḥ satya-saṅkalpāś ca bhavanti | teṣu ye vigrahādi-lipsavas te saṅkalpād eva tadvantaḥ syuḥ | sa ekadhety ādi śruteḥ | ye tu na tādṛśās te kila na tadvantaḥ | aśarīraṁ vāvety ādi śruteḥ | ye brāhmaṇa-vapuṣā nityaṁ brahmānuvṛttim icchanti, teṣāṁ tu tac-cic-chakti-mayaṁ tad āvirbhavatīti kil nityaṁ tadvantas tad anuvartanta iti mantavyam | bṛhad-āraṇyake— yatra tv asya sarvam ātmaivābhūt | tat kena kaṁ paśyet [bṛ.ā.u 4.5.15] ity-ādi-śravaṇāt | sa vā eṣa brahma-niṣṭha idaṁ śarīraṁ martyam atisṛjya brahmābhisampadya brahmaṇā paśyati brahmaṇā śrṇoti brahmaṇaivedaṁ sarvam anubhavati iti madhyandināyana-śruteś ca | vasanti yatra puruṣāḥ sarve vaikuṇṭha-mūrtayaḥ [bhā.pu. 3.15.14] iti smṛteś ca | āsādhana-samayād eva saṅkalpo bodhyaḥ | yathā-kratu-śruteḥ—gacchāmi viṣṇu-pādābhyāṁ viṣṇu-dṛṣṭyānudarśanam ity ādau pūrva-smaraṇāt | muktasyaitad bhaviṣyati ity evaṁ smṛteś ca ||12||",11
8068,"rpc : 3.15.14, 2.9.11-12, 7.1.34",2
8069,hds: 3.15.12-16,2
8073,"bhoga-hetavo dharmā divya-deha-yogāś ca nirūpitāḥ | bhogaś ca so’śnute sarvān kāmān [tai.u. 2.1.1] ity-ādi-śruti-siddhaḥ | sa cobhayathāpi syād iti vaktuṁ prārambhaḥ | tatraivaṁ saṁśayaḥ—muktasya bhogaḥ sambhaven na veti | dehendriyādi-virahāt na sambhavet yady ayaṁ yogī mantavyas tadāpy ānanda-pūrṇasya tasya tat-tṛṣṇānudayāt, na sa yukta iti prāpte—",3
8075,tanv-abhāve sandhyavad-upapatteḥ ||,2
8079,"rpc : 7.10.11, 11.22.56 (= 11.28.13)",2
8080,hds: 3.25.34,2
8086,bhāve jāgradvat ||,2
8090,"rpc : 7.10.49, 10.9.13-14",2
8091,hds: 3.25.35-36,2
8095,9. pradīpādhikaraṇam,2
8099,atha muktasya sārvajñyaṁ prakāśayati—na paśyo mṛtyuṁ paśyati na rogaṁ nota duḥkhitāṁ sarvaṁ ha paśyaḥ paśyati sarvam āpnoti sarvaśaḥ [chā.u. 7.26.2] iti chāndogye sarva-vastu-viṣayakaṁ jñānaṁ muktasyoktam | tad yujyate na veti saṁśaye prājñenātmanety-ādi-śravaṇān na yuktam iti prāptau—,3
8101,pradīpavad āveśas tathā hi darśayati |,2
8103,pradīpasya yathā prabhayāneka-deśāveśas tadvat prasṛtayā prajñayānekārthāveśo muktasya bhavati | tathā hi śvetāśvataroktā śrutir darśayati—prajñā ca tasmāt prasṛtā purāṇī [śve.u. 4.18] iti | tasmād īśān nimittāt jīvasya purāṇī prajñā prasṛtā bhavatīty arthaḥ ||15||,3
8105,rpc : 10.16.46,2
8112,svāpyaya-sampatyor anyatarāpekṣyam āviṣkṛtaṁ hi |,2
8114,"naitad vākyaṁ muktasya viśeṣa-jñānaṁ vārayitum alam | yat svāpyaya-sampattyor anyatarāpekṣyaṁ tat | svāpyayaḥ suṣuptiḥ sampattis tūtkrāntiḥ | chāndogye—svam apīto bhavati tasmād enaṁ svapitīty ācakṣate [chā.u. 6.8.1], vāṅ manasi sampadyate [chā.u. 6.15.1] iti ca śravaṇāt | hi yataḥ | śrutyaiva svāpotkramayor jīvasya niḥsaṅgatvam āviṣkṛtaṁ muktau sārvajñyaṁ ca | tatraiva nāha khalv ayam evaṁ sa pratyātmānaṁ jānāty ayam aham samīti no evam āni bhūtāni vināśam ivāpīto bhavati | nāham atra bhogyaṁ paśyāmi iti svāpe niḥsaṁjñatvam uktvā tatraiva vākye muktam adhikṛtya, sa vā eṣa etena daivena cakṣuṣā manasaitān kāmān paśyan ramate ya ete brahma-loke [chā.u. 8.12.5] iti tasya sārvajñyam uktam | utkrame niḥsaṁjñatvantyebhyo bhūtebhyaḥ samutthāya tāny evānuvinaśyati ity abhihitam | vinaśyati na paśyatīty arthaḥ | tathā ca muktaḥ sarvajño bhavatīti ||16||",7
8116,"rpc : 3.29.13, 11.20.34, 11.25.35-36, 11.29.6, 1.7.11, 8.3.18",2
8120,10. jagad-vyāpāra-varjādhikaraṇam,2
8124,atha ya ihātmānam anuvidya vrajanty etāṁś ca satya-kāmāṁs teṣāṁ sarveṣu lokeṣu kāma-cāro bhavati [chā.u. 8.1.6] sa yadi pitṛ-loka-kāmo bhavati [chā.u. 8.2.1] ity-ādi-śrutaṁ tatraiva | iha bhavati saṁśayaḥ | mukto jagat-kartā syān na veti | parama-sāmyāpteḥ satya-saṅkalpanāyāś cokteḥ syād iti prāpte—,4
8126,jagad-vyāpāra-varjaṁ prakaraṇād asannihitatvāt ||,2
8128,sa yadīty ādy-avagato mukta-sargo yato vā imāni ity ādy-avagataṁ nikhila-cid-acit-sṛṣṭi-sthiti-niyamana-rūpaṁ brahmaikāntaṁ jagad-vyāpāraṁ vihāya bodhyam | kutaḥ ? preti | yato vā ity ādeḥ brahmaiva prakṛtya pāṭhāt | na cānukarṣaṇākarṣaṇābhyāṁ muktasya tat-prāptir ity āha asann iti | muktasya tat-sānidhyābhāvān na tābhyāṁ sety arthaḥ | itarathā janmādy asya yataḥ [ve.sū. 1.1.1] iti brahmatva-lakṣaṇaṁ na brūyāt | anekeśvaratā cāniṣṭāpadyeta tasmān na mukto jagad-vyāpārīti ||17||,5
8130,"rpc : 11.15.15, 2.5.11, 2.6.31, 2.6.15",2
8131,hds: 1.1.1,2
8135,"nanu sarve’smai devā balim āvahanti [tai.u. 1.5.3] ity-ādi taittirīyake, sa svarāḍ bhavati tasya sarveṣu lokeṣu kāma-cāro bhavati [chā.u. 7.25.2] iti chāndogye ca sarva-devārādhyatvād aiśvaryasyopadeśāt muktas tādṛśaḥ syād iti cet tatrāha—",5
8137,"pratyakṣopadeśād iti cen, na, adhikārika-maṇḍalasyokteḥ ||",2
8142,hds: 10.87.28,2
8148,vikāra-varti ca tathā hi sthitim āha ||,2
8152,puram ekādaśa dvāram ajasyāvakra-cetasaḥ |,2
8153,anuṣṭhāya na śocati vimuktaś ca vimucyate || [ka.u. 2.2.1] iti |,2
8157,vilajjamānayā yasya sthātum īkṣā-pathe’muyā |,2
8158,vimohitā vikatthante mamāham iti durdhiyaḥ || [bhā.pu. 2.5.13] iti smaraṇāt |,2
8162,"rpc : 2.5.13, 11.2.33, 11.2.35, 3.15.14-16",2
8163,hds: 2.5.11-13,2
8171,darśayataś caivaṁ pratyakṣānumāne ||,2
8173,"yadyapi mukto jīvas tādṛśas tathāpy ātmanāsau nānantānanda-śālī bhavati, tasyāṇutvāt | kintu brahmaṇaiva tasyāparimitānandatvād iti śruti-smṛtī darśayataḥ | rasaṁ hy evāyaṁ labdhvānandī bhavati [tai.u. 2.6.1] iti śrutiḥ | bhūmni matv-arthīyaḥ | ",3
8175,brahmaṇo hi pratiṣṭhāham amṛtasyāvyayasya ca |,2
8176,śāśvatasya ca dharmasya sukhasyaikāntikasya ca || [gītā 14.27] iti smṛtiś ca |,2
8180,"rpc : 2.9.32, 11.29.5, 10.80.11, 10.48.26, 8.12.6, 11.14.16, 9.19.15, 11.14.13, 11.14.17",2
8187,"nanu nirañjanaḥ paramaṁ sāmyam upaiti [mu.u. 3.1.3] iti śravaṇād ātmanaiva muktas tādṛśaḥ syāt | tataḥ kim īśvareṇa ? aṇutvaṁ tu tasya buddhi-gataṁ kvacid upacaritam iti cet, tatrāha—",3
8189,bhoga-mātra-sāmya-liṅgāc ca ||,2
8191,"ca-śabdo'vadhāraṇe | maṇḍūka-plutyā pūrvato nety anuvartate | so'śnute sarvān kāmān saha brahmaṇā vipaścitā [tai.u. 2.1] iti muktasya bhoga-mātre bhagavat-sāmya-vacanāt, liṅgād eva svarūpa-sāmyaṁ vākyārtho na bhavatīty arthaḥ | codyantu prāk parihṛtam | anena svarūpa-nirṇayāntya-sūtreṇa jīva-brahmaṇor bhoga-mātreṇaiva sāmyaṁ bruvan śāstra-kṛttayoḥ svarūpa-sāmarthya-kṛtaṁ vailakṣaṇyaṁ vāstavam ity upādiśat ||21||",3
8194,"hds: 8.12.10-11, 3.25.3",2
8203,anāvṛttiḥ śabdāt anāvṛttiḥ śabdāt ||,2
8205,"bhagavad-upāsanayā tad-avagati-pūrvayā tal-lokaṁ gatasya na tasmād āvṛttir bhavati | kutaḥ ? śabdāt | etena pratipadyamānā imaṁ mānavam āvataṁ nāvartante, sa khalv evaṁ vartayan yāvad āyuṣaṁ brahma-lokam abhisampadyate, na ca punar āvartate iti śruteḥ | ",3
8207,mām upetya punar-janma duḥkhālayam aśāśvatam |,2
8208,nāpnuvanti mahātmānaḥ saṁsiddhiṁ paramāṁ gatāḥ || ,2
8209,ā brahma-bhuvanāl lokāḥ punar-āvartino’rjuna |,2
8210,mām upetya tu kaunteya punar-janma na vidyate || [gītā 8.15-16] iti smṛteś ca |,2
8212,"na ca sarveśvaraḥ śrī-hariḥ svādhīnam uktaṁ sva-lokāt kadācit pātayitum icchet mukto vā kadācit taṁ jihāsed iti śakyaṁ śaṅkitum | priyo hi jñānino’tyartham ahaṁ sa ca mama priyaḥ [gītā 7.17], sādhavo hṛdayaṁ mahyaṁ sādhūnāṁ hṛdayaṁ tv aham [bhā.pu. 9.4.64] ity ādiṣu dvayor mithaḥ snehātiśayābhidhānāt | ",5
8214,ye dārāgāra-putrāptān prāṇān vittam imaṁ param |,2
8215,hitvā māṁ śaraṇaṁ yātāḥ kathaṁ tāṁs tyaktum utsahe || [bhā.pu. 9.4.65],2
8216,dhautātmā puruṣaḥ kṛṣṇa-pāda-mūlaṁ na muñcati |,2
8217,mukta-sarva-parikleśaḥ pānthaḥ sva-śaraṇaṁ yathā || [bhā.pu. 2.8.6],2
8221,"rpc : 3.27.28-29, 10.84.32, 10.88.26, 3.25.35*",2
8222,"hds: 2.8.6, 9.4.64-65",2
8266, anyad ārtam in all other readings.,5
8267, draṣṭavyam ete asṛgram indavas tiraḥ pavitram āśavaḥ viśvāny abhisaubhagā [ṛ.ve. 9.62.24.1] iti |,5
8271, Vasu’s edition has anādavatī (“voiceless”).,6
8272, vā loke,4
8274," Laghu-bhāgavatāmṛtam 1.3.43-44, credited to Padma-purāṇa.",3
8278, The Shankara edition starts the paramāṇu-jagad-akāraṇatvādhikaraṇam.,5
8282, Nārāyaṇopaniṣad 1.,3
8283, Brahma-bindu-upaniṣad 13.,3
8284, mantra-varṇāc ca |,3
8287, Muṇḍaka Upaniṣad 3.1.3—etasmāj jāyate prāṇo manaḥ sarvendriyāṇi ca.,5
8294, tasmin jajñe svayaṁ brahmā sarva-loka-pitāmahaḥ |,3
8295, taittirīya-saṁhitā 1.6.8.1.,3
8299, asuryā,3
8301, bhavanti,3
8302, Varāha-purāṇa according to Vasu.,3
8303, Matsya-purāṇa according to Vasu.,3
8306, Garuḍa-purāṇa according to Vasu.,3
8307," Dhyāna-bindu Upaniṣad, 18 (S.C.Vasu).",3
8308, Brahma-vaivarta-purāṇa (Vasu),3
8309, Nārāyaṇādhyātmā (Vasu).,3
8310, Nārāyanopaniṣad 13 (RPC),3
8313, Taken from Madhva’s Bhāṣya.,3
8315, Agni-purāṇa. ,3
8316, Brahmopaniṣad ? (Vasu),3
8317, Caturveda-śikhā (Vasu),3
8318, Bṛhat-saṁhitā (Vasu),3
8319, Ramanuja reads puruṣa-vidyāyām api cetareṣām anāmnāt |,4
8320, Baladeva reads aniyamaḥ sarveṣām avirodhāc chabdānumānābhyām |,4
8324, Nārāyaṇa-tantra (Vasu),3
8328, Nārāyaṇādhyātmā (Vasu).,3
8332, Vide. Chāndogya 3.14.1. ,4
