paragraph_index,original_iast,aksharamukha_output,sanscript_output
45,kṛṣṇa-varṇaṁ tviṣākṛṣṇaṁ sāṅgopāṅgāstra-pārṣadam |,कृष्णवर्णं त्विषाकृष्णं साङ्गोपाङ्गास्त्रपार्षदम् ।,कृष्णवर्णꣳ त्विषाकृष्णꣳ साङ्गोपाङ्गास्त्रपार्षदम् ।
48,sarva-saṁvādinī : śrī-kṛṣṇa-caitanya-candrāya namaḥ |,सर्वसंवादिनी : श्रीकृष्णचैतन्यचन्द्राय नमः ।,सर्वसꣳवादिनी : श्रीकृष्णचैतन्यचन्द्राय नमः ।
50,śrī-kṛṣṇaṁ namatā nāma sarva-saṁvādinī nāma |,श्रीकृष्णं नमता नाम सर्वसंवादिनी नाम ।,श्रीकृष्णꣳ नमता नाम सर्वसꣳवादिनी नाम ।
53,atha śrī-bhāgavata-sandarbha-nāmānaṁ grantham ārabhamāṇo mahā-bhāgavata-koṭi-bahir-antar-dṛṣṭi-niṣṭaṅkita-bhagavad-bhaviṣyat nijāvatāra-pracāra-pracārita-sva-svarūpa-bhagavat-pada-kamalāvalambi-durlabha-prema-pīyūṣa-maya-gaṅgā-pravāha-sahasraṁ sva-sampradāya-sahasrādhidaivaṁ śrī-kṛṣṇa-caitanya-deva-nāmānaṁ śrī-bhagavantaṁ kali-yuge’smin vaiṣṇava-janopāsyatayāvatārasyārtha-viśeṣāliṅgitena śrī-bhāgavata-padya-saṁvādena stauti—kṛṣṇa-varṇam iti | ekādaśa-skandhe kali-yugopāsya-prasaṅge padyam idam | arthaś ca—tviṣā kāntyā yo’kṛṣṇo gauras taṁ kalau sumedhaso yajanti | gauratvaṁ cāsya—,अथ श्रीभागवतसन्दर्भनामानं ग्रन्थम् आरभमाणो महाभागवतकोटिबहिरन्तर्दृष्टिनिष्टङ्कितभगवद्भविष्यत् निजावतारप्रचारप्रचारितस्वस्वरूपभगवत्पदकमलावलम्बिदुर्लभप्रेमपीयूषमयगङ्गाप्रवाहसहस्रं स्वसम्प्रदायसहस्राधिदैवं श्रीकृष्णचैतन्यदेवनामानं श्रीभगवन्तं कलियुगेऽस्मिन् वैष्णवजनोपास्यतयावतारस्यार्थविशेषालिङ्गितेन श्रीभागवतपद्यसंवादेन स्तौति—कृष्णवर्णम् इति । एकादशस्कन्धे कलियुगोपास्यप्रसङ्गे पद्यम् इदम् । अर्थश् च—त्विषा कान्त्या योऽकृष्णो गौरस् तं कलौ सुमेधसो यजन्ति । गौरत्वं चास्य—,अथ श्रीभागवतसन्दर्भनामानꣳ ग्रन्थम् आरभमाणो महाभागवतकोटिबहिरन्तर्दृष्टिनिष्टङ्कितभगवद्भविष्यत् निजावतारप्रचारप्रचारितस्वस्वरूपभगवत्पदकमलावलम्बिदुर्लभप्रेमपीयूषमयगङ्गाप्रवाहसहस्रꣳ स्वसम्प्रदायसहस्राधिदैवꣳ श्रीकृष्णचैतन्यदेवनामानꣳ श्रीभगवन्तꣳ कलियुगेऽस्मिन् वैष्णवजनोपास्यतयावतारस्यार्थविशेषालिङ्गितेन श्रीभागवतपद्यसꣳवादेन स्तौति—कृष्णवर्णम् इति । एकादशस्कन्धे कलियुगोपास्यप्रसङ्गे पद्यम् इदम् । अर्थश् च—त्विषा कान्त्या योऽकृष्णो गौरस् तꣳ कलौ सुमेधसो यजन्ति । गौरत्वꣳ चास्य—
55,āsan varṇās trayo hy asya gṛhṇato’nuyugaṁ tanuḥ |,आसन् वर्णास् त्रयो ह्य् अस्य गृह्णतोऽनुयुगं तनुः ।,आसन् वर्णास् त्रयो ह्य् अस्य गृह्णतोऽनुयुगꣳ तनुः ।
56,	śuklo raktas tathā pīta idānīṁ kṛṣṇatāṁ gataḥ || [bhā.pu. 10.8.13],	शुक्लो रक्तस् तथा पीत इदानीं कृष्णतां गतः ॥ [भा.पु. १०.८.१३],	शुक्लो रक्तस् तथा पीत इदानीꣳ कृष्णताꣳ गतः ॥ [भा.पु. १०.८.१३]
58,ity ataḥ pāriśeṣya-pramāṇa-labdham | idānīm etad avatārāspadatvenābhikhyāte dvāpare kṛṣṇatāṁ gata ity ukteḥ śukla-raktayoḥ satya-tretā-gatatvenaikādaśa eva varṇitatvāc ca | pītasyātītatvaṁ prācīna-tad-avatārāpekṣayā | uktaṁ caikādaśe dvāparopāsyatvaṁ śrī-kṛṣṇasya śyāmatva-mahārājatva-vāsudevādi-caturmūrtitva-lakṣaṇa-tal-liṅga-kathanena—,इत्य् अतः पारिशेष्यप्रमाणलब्धम् । इदानीम् एतद् अवतारास्पदत्वेनाभिख्याते द्वापरे कृष्णतां गत इत्य् उक्तेः शुक्लरक्तयोः सत्यत्रेतागतत्वेनैकादश एव वर्णितत्वाच् च । पीतस्यातीतत्वं प्राचीनतदवतारापेक्षया । उक्तं चैकादशे द्वापरोपास्यत्वं श्रीकृष्णस्य श्यामत्वमहाराजत्ववासुदेवादिचतुर्मूर्तित्वलक्षणतल्लिङ्गकथनेन—,इत्य् अतः पारिशेष्यप्रमाणलब्धम् । इदानीम् एतद् अवतारास्पदत्वेनाभिख्याते द्वापरे कृष्णताꣳ गत इत्य् उक्तेः शुक्लरक्तयोः सत्यत्रेतागतत्वेनैकादश एव वर्णितत्वाच् च । पीतस्यातीतत्वꣳ प्राचीनतदवतारापेक्षया । उक्तꣳ चैकादशे द्वापरोपास्यत्वꣳ श्रीकृष्णस्य श्यामत्वमहाराजत्ववासुदेवादिचतुर्मूर्तित्वलक्षणतल्लिङ्गकथनेन—
62,taṁ tadā puruṣaṁ martyā mahā-rājopalakṣaṇam |,तं तदा पुरुषं मर्त्या महाराजोपलक्षणम् ।,तꣳ तदा पुरुषꣳ मर्त्या महाराजोपलक्षणम् ।
63,yajanti veda-tantrābhyāṁ paraṁ jijñāsavo nṛpa ||,यजन्ति वेदतन्त्राभ्यां परं जिज्ञासवो नृप ॥,यजन्ति वेदतन्त्राभ्याꣳ परꣳ जिज्ञासवो नृप ॥
65,pradyumnāyāniruddhāya tubhyaṁ bhagavate namaḥ || [bhā.pu. 11.5.27-29] iti |,प्रद्युम्नायानिरुद्धाय तुभ्यं भगवते नमः ॥ [भा.पु. ११.५.२७-२९] इति ।,प्रद्युम्नायानिरुद्धाय तुभ्यꣳ भगवते नमः ॥ [भा.पु. ११.५.२७-२९] इति ।
67,"ato viṣṇu-dharmottarādau yac ca dvāpare śuka-pakṣa-varṇatvam, kalau ca nīla-ghana-varṇatvaṁ śrūyate, tad api yadā śrī-kṛṣṇāvatāro na syāt, tad dvāpara-viṣayam eva mantavyam | evaṁ ca yad-dvāpare śrī-kṛṣṇo’vatarati, tad-anantara-kalāv eva śrī-gauro’py avataratīti svārasya-labdheḥ, sākṣāt svayaṁ śrī-kṛṣṇāvirbhāva-viśeṣa evāyaṁ śrī-gaura ity āyāti, tad-avyabhicārāt | ata eva yad viṣṇu-dharmottare nirṇītam—","अतो विष्णुधर्मोत्तरादौ यच् च द्वापरे शुकपक्षवर्णत्वम्, कलौ च नीलघनवर्णत्वं श्रूयते, तद् अपि यदा श्रीकृष्णावतारो न स्यात्, तद् द्वापरविषयम् एव मन्तव्यम् । एवं च यद्द्वापरे श्रीकृष्णोऽवतरति, तदनन्तरकलाव् एव श्रीगौरोऽप्य् अवतरतीति स्वारस्यलब्धेः, साक्षात् स्वयं श्रीकृष्णाविर्भावविशेष एवायं श्रीगौर इत्य् आयाति, तदव्यभिचारात् । अत एव यद् विष्णुधर्मोत्तरे निर्णीतम्—","अतो विष्णुधर्मोत्तरादौ यच् च द्वापरे शुकपक्षवर्णत्वम्, कलौ च नीलघनवर्णत्वꣳ श्रूयते, तद् अपि यदा श्रीकृष्णावतारो न स्यात्, तद् द्वापरविषयम् एव मन्तव्यम् । एवꣳ च यद्द्वापरे श्रीकृष्णोऽवतरति, तदनन्तरकलाव् एव श्रीगौरोऽप्य् अवतरतीति स्वारस्यलब्धेः, साक्षात् स्वयꣳ श्रीकृष्णाविर्भावविशेष एवायꣳ श्रीगौर इत्य् आयाति, तदव्यभिचारात् । अत एव यद् विष्णुधर्मोत्तरे निर्णीतम्—"
71,kaler ante ca samprāpte kalkinaṁ brahma-vādinām |,कलेर् अन्ते च सम्प्राप्ते कल्किनं ब्रह्मवादिनाम् ।,कलेर् अन्ते च सम्प्राप्ते कल्किनꣳ ब्रह्मवादिनाम् ।
76,"tad etad-āvirbhāvatvaṁ tasya svayam eva viśeṣaṇa-dvārā vyanakti—kṛṣṇa-varṇam | kṛṣṇety etau varṇau yatra yasmin śrī-kṛṣṇa-caitanya-deva-nāmni śrī-kṛṣṇatvābhivyañjakaṁ kṛṣṇeti varṇa-yugalaṁ prayuktam astīty arthaḥ | tṛtīye śrīmad-uddhava-vākye—samāhutāh[bhā.pu. 3.3.3] ity-ādi-padye, śriyaḥ savarṇena ity atra [śrīdhara-svāmi-pāda-kṛtāyāṁ] ṭīkāyām, “śriyo rukmiṇyāḥ samānaṁ varṇa-dvayaṁ vācakaṁ yasya sa śriyaḥ sa-varṇo rukmī” ity api dṛśyate | ","तद् एतदाविर्भावत्वं तस्य स्वयम् एव विशेषणद्वारा व्यनक्ति—कृष्णवर्णम् । कृष्णेत्य् एतौ वर्णौ यत्र यस्मिन् श्रीकृष्णचैतन्यदेवनाम्नि श्रीकृष्णत्वाभिव्यञ्जकं कृष्णेति वर्णयुगलं प्रयुक्तम् अस्तीत्य् अर्थः । तृतीये श्रीमदुद्धववाक्ये—समाहुताह्[भा.पु. ३.३.३] इत्यादिपद्ये, श्रियः सवर्णेन इत्य् अत्र [श्रीधरस्वामिपादकृतायां] टीकायाम्, “श्रियो रुक्मिण्याः समानं वर्णद्वयं वाचकं यस्य स श्रियः सवर्णो रुक्मी” इत्य् अपि दृश्यते । ","तद् एतदाविर्भावत्वꣳ तस्य स्वयम् एव विशेषणद्वारा व्यनक्ति—कृष्णवर्णम् । कृष्णेत्य् एतौ वर्णौ यत्र यस्मिन् श्रीकृष्णचैतन्यदेवनाम्नि श्रीकृष्णत्वाभिव्यञ्जकꣳ कृष्णेति वर्णयुगलꣳ प्रयुक्तम् अस्तीत्य् अर्थः । तृतीये श्रीमदुद्धववाक्ये—समाहुताह्[भा.पु. ३.३.३] इत्यादिपद्ये, श्रियः सवर्णेन इत्य् अत्र [श्रीधरस्वामिपादकृतायाꣳ] टीकायाम्, “श्रियो रुक्मिण्याः समानꣳ वर्णद्वयꣳ वाचकꣳ यस्य स श्रियः सवर्णो रुक्मी” इत्य् अपि दृश्यते । "
78,"yad vā, kṛṣṇaṁ varṇayati tādṛśa-sva-paramānanda-vilāsa-smaraṇollāsa-vaśatayā svayaṁ gāyati, parama-kāruṇikatayā ca sarvebhyo’pi lokebhyas tam evopadiśati yas tam | ","यद् वा, कृष्णं वर्णयति तादृशस्वपरमानन्दविलासस्मरणोल्लासवशतया स्वयं गायति, परमकारुणिकतया च सर्वेभ्योऽपि लोकेभ्यस् तम् एवोपदिशति यस् तम् । ","यद् वा, कृष्णꣳ वर्णयति तादृशस्वपरमानन्दविलासस्मरणोल्लासवशतया स्वयꣳ गायति, परमकारुणिकतया च सर्वेभ्योऽपि लोकेभ्यस् तम् एवोपदिशति यस् तम् । "
80,athavā svayam akṛṣṇaṁ gauraṁ tviṣā sva-śobhā-viśeṣeṇaiva kṛṣṇa-varṇaṁ kṛṣṇopadeṣṭāraṁ ca | yad-darśanenaiva sarveṣāṁ śrī-kṛṣṇaḥ sphuratīty arthaḥ | ,अथवा स्वयम् अकृष्णं गौरं त्विषा स्वशोभाविशेषेणैव कृष्णवर्णं कृष्णोपदेष्टारं च । यद्दर्शनेनैव सर्वेषां श्रीकृष्णः स्फुरतीत्य् अर्थः । ,अथवा स्वयम् अकृष्णꣳ गौरꣳ त्विषा स्वशोभाविशेषेणैव कृष्णवर्णꣳ कृष्णोपदेष्टारꣳ च । यद्दर्शनेनैव सर्वेषाꣳ श्रीकृष्णः स्फुरतीत्य् अर्थः । 
82,"kiṁ vā, sarva-loka-dṛṣṭāv akṛṣṇaṁ gauram api bhakta-viśeṣa-dṛṣṭau tviṣā prakāśa-viśeṣeṇa kṛṣṇa-varṇaṁ tādṛśa-śyāmasundaram eva santam ity arthaḥ | tasmāt tasmin sarvathā śrī-kṛṣṇa-rūpasyaiva prakāśāt tasyaiva sākṣād āvirbhāvaḥ svayaṁ sa iti bhāvaḥ |","किं वा, सर्वलोकदृष्टाव् अकृष्णं गौरम् अपि भक्तविशेषदृष्टौ त्विषा प्रकाशविशेषेण कृष्णवर्णं तादृशश्यामसुन्दरम् एव सन्तम् इत्य् अर्थः । तस्मात् तस्मिन् सर्वथा श्रीकृष्णरूपस्यैव प्रकाशात् तस्यैव साक्षाद् आविर्भावः स्वयं स इति भावः ।","किꣳ वा, सर्वलोकदृष्टाव् अकृष्णꣳ गौरम् अपि भक्तविशेषदृष्टौ त्विषा प्रकाशविशेषेण कृष्णवर्णꣳ तादृशश्यामसुन्दरम् एव सन्तम् इत्य् अर्थः । तस्मात् तस्मिन् सर्वथा श्रीकृष्णरूपस्यैव प्रकाशात् तस्यैव साक्षाद् आविर्भावः स्वयꣳ स इति भावः ।"
84,"tasya śrī-bhagavattvam eva spaṣṭayati—sāṅgopāṅgāstra-pārṣadam, bahubhir mahānubhāvair asakṛd eva tathā dṛṣṭo’sāv iti gauḍa-varendra-baṅga-śuhmotkalādi-deśīyānāṁ mahā-prasiddhiḥ | tathāṅgāni, parama-manoharatvāt | upāṅgāni bhūṣaṇādīni, mahā-prabhāvavattvāt, tāny evāstrāṇi sarvadaikānta-vāsitvāt | tāny eva pārṣadā | yad vā, atyanta-premāspadatvāt tat-tulyā eva pārṣadāḥ śrīmad-advaitācārya-mahānubhāva-caraṇa-prabhṛtayaḥ, taiḥ saha vartamānam iti cārthāntareṇa vyaktam | ","तस्य श्रीभगवत्त्वम् एव स्पष्टयति—साङ्गोपाङ्गास्त्रपार्षदम्, बहुभिर् महानुभावैर् असकृद् एव तथा दृष्टोऽसाव् इति गौडवरेन्द्रबङ्गशुह्मोत्कलादिदेशीयानां महाप्रसिद्धिः । तथाङ्गानि, परममनोहरत्वात् । उपाङ्गानि भूषणादीनि, महाप्रभाववत्त्वात्, तान्य् एवास्त्राणि सर्वदैकान्तवासित्वात् । तान्य् एव पार्षदा । यद् वा, अत्यन्तप्रेमास्पदत्वात् तत्तुल्या एव पार्षदाः श्रीमदद्वैताचार्यमहानुभावचरणप्रभृतयः, तैः सह वर्तमानम् इति चार्थान्तरेण व्यक्तम् । ","तस्य श्रीभगवत्त्वम् एव स्पष्टयति—साङ्गोपाङ्गास्त्रपार्षदम्, बहुभिर् महानुभावैर् असकृद् एव तथा दृष्टोऽसाव् इति गौडवरेन्द्रबङ्गशुह्मोत्कलादिदेशीयानाꣳ महाप्रसिद्धिः । तथाङ्गानि, परममनोहरत्वात् । उपाङ्गानि भूषणादीनि, महाप्रभाववत्त्वात्, तान्य् एवास्त्राणि सर्वदैकान्तवासित्वात् । तान्य् एव पार्षदा । यद् वा, अत्यन्तप्रेमास्पदत्वात् तत्तुल्या एव पार्षदाः श्रीमदद्वैताचार्यमहानुभावचरणप्रभृतयः, तैः सह वर्तमानम् इति चार्थान्तरेण व्यक्तम् । "
86,"tam evaṁ-bhūtaṁ kair yajanti ? yajñaiḥ pūjā-sambhāraiḥ | na yatra yajñeśa-makhā mahotsavāḥ [bhā.pu. 5.19.23] ity ukteḥ | tatra ca viśeṣaṇena tam evābhidheyaṁ vyanakti—saṅkīrtanaṁ bahubhir militvā tad-gāna-sukhaṁ śrī-kṛṣṇa-gānam, tat-pradhānaiḥ | tathā saṅkīrtana-prādhānyasya tad-āśriteṣv asakṛd eva darśanāt sa evātrābhidheya iti spaṣṭam ||1|| ","तम् एवंभूतं कैर् यजन्ति ? यज्ञैः पूजासम्भारैः । न यत्र यज्ञेशमखा महोत्सवाः [भा.पु. ५.१९.२३] इत्य् उक्तेः । तत्र च विशेषणेन तम् एवाभिधेयं व्यनक्ति—सङ्कीर्तनं बहुभिर् मिलित्वा तद्गानसुखं श्रीकृष्णगानम्, तत्प्रधानैः । तथा सङ्कीर्तनप्राधान्यस्य तदाश्रितेष्व् असकृद् एव दर्शनात् स एवात्राभिधेय इति स्पष्टम् ॥१॥ ","तम् एवꣳभूतꣳ कैर् यजन्ति ? यज्ञैः पूजासम्भारैः । न यत्र यज्ञेशमखा महोत्सवाः [भा.पु. ५.१९.२३] इत्य् उक्तेः । तत्र च विशेषणेन तम् एवाभिधेयꣳ व्यनक्ति—सङ्कीर्तनꣳ बहुभिर् मिलित्वा तद्गानसुखꣳ श्रीकृष्णगानम्, तत्प्रधानैः । तथा सङ्कीर्तनप्राधान्यस्य तदाश्रितेष्व् असकृद् एव दर्शनात् स एवात्राभिधेय इति स्पष्टम् ॥१॥ "
89,bhakty-ābhāsenāpi toṣaṁ dadhāne,भक्त्याभासेनापि तोषं दधाने,भक्त्याभासेनापि तोषꣳ दधाने
92,tattve tasmin nityam āstāṁ ratir naḥ ||,तत्त्वे तस्मिन् नित्यम् आस्तां रतिर् नः ॥,तत्त्वे तस्मिन् नित्यम् आस्ताꣳ रतिर् नः ॥
94,māyāvādaṁ yas tamaḥ-stomam,मायावादं यस् तमःस्तोमम्,मायावादꣳ यस् तमःस्तोमम्
95,uccair nāśaṁ ninye veda-vāg-aṁśu-jālaiḥ |,उच्चैर् नाशं निन्ये वेदवागंशुजालैः ।,उच्चैर् नाशꣳ निन्ये वेदवागꣳशुजालैः ।
97,jīyāt so’yaṁ bhānur ānanda-tīrthaḥ ||,जीयात् सोऽयं भानुर् आनन्दतीर्थः ॥,जीयात् सोऽयꣳ भानुर् आनन्दतीर्थः ॥
99,govindābhidham indirāśrita-padaṁ hasta-stha-ratnādivat |,गोविन्दाभिधम् इन्दिराश्रितपदं हस्तस्थरत्नादिवत् ।,गोविन्दाभिधम् इन्दिराश्रितपदꣳ हस्तस्थरत्नादिवत् ।
100,tattvaṁ tattva-vid uttamau kṣiti-tale yau darśayāñcakratuḥ ||,तत्त्वं तत्त्वविद् उत्तमौ क्षितितले यौ दर्शयाञ्चक्रतुः ॥,तत्त्वꣳ तत्त्वविद् उत्तमौ क्षितितले यौ दर्शयाञ्चक्रतुः ॥
105,yaḥ sāṅkhya-paṅkena kutarka-pāṁśunā,यः साङ्ख्यपङ्केन कुतर्कपांशुना,यः साङ्ख्यपङ्केन कुतर्कपाꣳशुना
107,śuddhaṁ vyadhād vāk-sudhayā maheśvaraṁ,शुद्धं व्यधाद् वाक्सुधया महेश्वरं,शुद्धꣳ व्यधाद् वाक्सुधया महेश्वरꣳ
108,kṛṣṇaṁ sa jīvaḥ prabhur astu no gatiḥ ||,कृष्णं स जीवः प्रभुर् अस्तु नो गतिः ॥,कृष्णꣳ स जीवः प्रभुर् अस्तु नो गतिः ॥
110,ālasyā apravṛttiḥ syāt puṁsāṁ yad grantha-vistare |,आलस्या अप्रवृत्तिः स्यात् पुंसां यद् ग्रन्थविस्तरे ।,आलस्या अप्रवृत्तिः स्यात् पुꣳसाꣳ यद् ग्रन्थविस्तरे ।
115,"śrī-bādarāyaṇo bhagavān vyāso brahma-sūtrāṇi prakāśya tad-bhāṣya-bhūtaṁ śrī-bhāgavatam āvirbhāvya śukaṁ tad-adhyāpitavān | tad-arthaṁ nirṇetu-kāmaḥ śrī-jīvaḥ pratyūha-kulācala-kuliśaṁ vāñchita-pīyūṣa-balāhaka-sveṣṭa-vastu-nirdeśaṁ maṅgalam ācarati kṛṣṇeti | nimi-nṛpatinā pṛṣṭaḥ karabhājano yogī satyādi-yugāvatārānuktvā’tha kalāv api tathā śṛṇu [bhā.pu. 11.5.31] iti tam avadhāpyāha—kṛṣṇa-varṇam iti | sumedhaso janāḥ kalāv api hariṁ bhajanti | kaiḥ ? ity āha saṅkīrtana-prāyair yajñaiḥ arcanair iti | kīdṛśaṁ tam ? ity āha—kṛṣṇo varṇo rūpaṁ yasyāntar iti śeṣaḥ | tviṣā kāntyā tv akṛṣṇam | śuklo raktas tathā pītaḥ idānīṁ kṛṣṇatāṁ gataḥ [bhā.pu. 10.8.13] iti gargokti-pāriśeṣya-vidyud-gauram ity arthaḥ | aṅge nityānandādvaitau | upāṅgāni śrīvāsādayaḥ | astrāṇi avidyā-cchettṛtvād bhagavan-nāmāni | pārṣadān gadādhara-govindāyaḥ | taiḥ sahitam iti mahābalitvaṁ vyajyate | garga-vākye pīta iti prācīna-tad-avatārāpekṣayā | ayam avatāraḥ śveta-varāha-kalpa-gatāṣṭaviṁśa-vaivasvatam anvantarīya-kalau bodhyaḥ | tatratye śrī-caitanya evokta-dharma-darśanāt | anyeṣu kaliṣu kvacic chyāmatvena kvacic chuka-patrābhatvena vyakter ukteḥ | channaḥ kalau yad abhavaḥ [bhā.pu. 7.9.38] iti,śuklo raktas tathā pītaḥ [bhā.pu. 10.8.13] iti,kalāv api tathā śṛṇu [bhā.pu. 11.5.31] itica | ye vimṛśanti te sumedhasaḥ | channatvaṁ ca preyasī-tviṣāvṛtatvaṁ bodhyam | ","श्रीबादरायणो भगवान् व्यासो ब्रह्मसूत्राणि प्रकाश्य तद्भाष्यभूतं श्रीभागवतम् आविर्भाव्य शुकं तदध्यापितवान् । तदर्थं निर्णेतुकामः श्रीजीवः प्रत्यूहकुलाचलकुलिशं वाञ्छितपीयूषबलाहकस्वेष्टवस्तुनिर्देशं मङ्गलम् आचरति कृष्णेति । निमिनृपतिना पृष्टः करभाजनो योगी सत्यादियुगावतारानुक्त्वाऽथ कलाव् अपि तथा शृणु [भा.पु. ११.५.३१] इति तम् अवधाप्याह—कृष्णवर्णम् इति । सुमेधसो जनाः कलाव् अपि हरिं भजन्ति । कैः ? इत्य् आह सङ्कीर्तनप्रायैर् यज्ञैः अर्चनैर् इति । कीदृशं तम् ? इत्य् आह—कृष्णो वर्णो रूपं यस्यान्तर् इति शेषः । त्विषा कान्त्या त्व् अकृष्णम् । शुक्लो रक्तस् तथा पीतः इदानीं कृष्णतां गतः [भा.पु. १०.८.१३] इति गर्गोक्तिपारिशेष्यविद्युद्गौरम् इत्य् अर्थः । अङ्गे नित्यानन्दाद्वैतौ । उपाङ्गानि श्रीवासादयः । अस्त्राणि अविद्याच्छेत्तृत्वाद् भगवन्नामानि । पार्षदान् गदाधरगोविन्दायः । तैः सहितम् इति महाबलित्वं व्यज्यते । गर्गवाक्ये पीत इति प्राचीनतदवतारापेक्षया । अयम् अवतारः श्वेतवराहकल्पगताष्टविंशवैवस्वतम् अन्वन्तरीयकलौ बोध्यः । तत्रत्ये श्रीचैतन्य एवोक्तधर्मदर्शनात् । अन्येषु कलिषु क्वचिच् छ्यामत्वेन क्वचिच् छुकपत्राभत्वेन व्यक्तेर् उक्तेः । छन्नः कलौ यद् अभवः [भा.पु. ७.९.३८] इति,शुक्लो रक्तस् तथा पीतः [भा.पु. १०.८.१३] इति,कलाव् अपि तथा शृणु [भा.पु. ११.५.३१] इतिच । ये विमृशन्ति ते सुमेधसः । छन्नत्वं च प्रेयसीत्विषावृतत्वं बोध्यम् । ","श्रीबादरायणो भगवान् व्यासो ब्रह्मसूत्राणि प्रकाश्य तद्भाष्यभूतꣳ श्रीभागवतम् आविर्भाव्य शुकꣳ तदध्यापितवान् । तदर्थꣳ निर्णेतुकामः श्रीजीवः प्रत्यूहकुलाचलकुलिशꣳ वाञ्छितपीयूषबलाहकस्वेष्टवस्तुनिर्देशꣳ मङ्गलम् आचरति कृष्णेति । निमिनृपतिना पृष्टः करभाजनो योगी सत्यादियुगावतारानुक्त्वाऽथ कलाव् अपि तथा शृणु [भा.पु. ११.५.३१] इति तम् अवधाप्याह—कृष्णवर्णम् इति । सुमेधसो जनाः कलाव् अपि हरिꣳ भजन्ति । कैः ? इत्य् आह सङ्कीर्तनप्रायैर् यज्ञैः अर्चनैर् इति । कीदृशꣳ तम् ? इत्य् आह—कृष्णो वर्णो रूपꣳ यस्यान्तर् इति शेषः । त्विषा कान्त्या त्व् अकृष्णम् । शुक्लो रक्तस् तथा पीतः इदानीꣳ कृष्णताꣳ गतः [भा.पु. १०.८.१३] इति गर्गोक्तिपारिशेष्यविद्युद्गौरम् इत्य् अर्थः । अङ्गे नित्यानन्दाद्वैतौ । उपाङ्गानि श्रीवासादयः । अस्त्राणि अविद्याच्छेत्तृत्वाद् भगवन्नामानि । पार्षदान् गदाधरगोविन्दायः । तैः सहितम् इति महाबलित्वꣳ व्यज्यते । गर्गवाक्ये पीत इति प्राचीनतदवतारापेक्षया । अयम् अवतारः श्वेतवराहकल्पगताष्टविꣳशवैवस्वतम् अन्वन्तरीयकलौ बोध्यः । तत्रत्ये श्रीचैतन्य एवोक्तधर्मदर्शनात् । अन्येषु कलिषु क्वचिच् छ्यामत्वेन क्वचिच् छुकपत्राभत्वेन व्यक्तेर् उक्तेः । छन्नः कलौ यद् अभवः [भा.पु. ७.९.३८] इति,शुक्लो रक्तस् तथा पीतः [भा.पु. १०.८.१३] इति,कलाव् अपि तथा शृणु [भा.पु. ११.५.३१] इतिच । ये विमृशन्ति ते सुमेधसः । छन्नत्वꣳ च प्रेयसीत्विषावृतत्वꣳ बोध्यम् । "
120,atra granthe skandhādhyāya-sūcakā yugmāṅkā grantha-kṛtāṁ santi | tebhyo’nye ye ṭippanī-krama-bodhāyāsmābhiḥ kalpitās te dvibindu-mastakāḥ | viṣaya-vākyebhyaḥ pare ye’ṅkās te tv abindu-mastakā bodhyāḥ ||1||,अत्र ग्रन्थे स्कन्धाध्यायसूचका युग्माङ्का ग्रन्थकृतां सन्ति । तेभ्योऽन्ये ये टिप्पनीक्रमबोधायास्माभिः कल्पितास् ते द्विबिन्दुमस्तकाः । विषयवाक्येभ्यः परे येऽङ्कास् ते त्व् अबिन्दुमस्तका बोध्याः ॥१॥,अत्र ग्रन्थे स्कन्धाध्यायसूचका युग्माङ्का ग्रन्थकृताꣳ सन्ति । तेभ्योऽन्ये ये टिप्पनीक्रमबोधायास्माभिः कल्पितास् ते द्विबिन्दुमस्तकाः । विषयवाक्येभ्यः परे येऽङ्कास् ते त्व् अबिन्दुमस्तका बोध्याः ॥१॥
123,caitanyaṁ paramānandam advaitaṁ dvaita-kāraṇam |,चैतन्यं परमानन्दम् अद्वैतं द्वैतकारणम् ।,चैतन्यꣳ परमानन्दम् अद्वैतꣳ द्वैतकारणम् ।
124,śrī-kṛṣṇaṁ rādhayā sārdhaṁ praṇamāmi jagad-gatim ||,श्रीकृष्णं राधया सार्धं प्रणमामि जगद्गतिम् ॥,श्रीकृष्णꣳ राधया सार्धꣳ प्रणमामि जगद्गतिम् ॥
126,asya granthasya mukhyābhidheya-śrī-kṛṣṇa-saṅkīrtana-rūpa-maṅgalaṁ kurvan tasya mukhyopāsyatāṁ pramāṇayann ekādaśastha-padyaṁ darśayati—tviṣākṛṣṇam iti kanakam ivojjvalam | sumedhasa iti śrī-kṛṣṇa-kīrtanaṁ kalau parama-śreyastvena śāstrācārya-vivecitam iti sūcayati ||1||,अस्य ग्रन्थस्य मुख्याभिधेयश्रीकृष्णसङ्कीर्तनरूपमङ्गलं कुर्वन् तस्य मुख्योपास्यतां प्रमाणयन्न् एकादशस्थपद्यं दर्शयति—त्विषाकृष्णम् इति कनकम् इवोज्ज्वलम् । सुमेधस इति श्रीकृष्णकीर्तनं कलौ परमश्रेयस्त्वेन शास्त्राचार्यविवेचितम् इति सूचयति ॥१॥,अस्य ग्रन्थस्य मुख्याभिधेयश्रीकृष्णसङ्कीर्तनरूपमङ्गलꣳ कुर्वन् तस्य मुख्योपास्यताꣳ प्रमाणयन्न् एकादशस्थपद्यꣳ दर्शयति—त्विषाकृष्णम् इति कनकम् इवोज्ज्वलम् । सुमेधस इति श्रीकृष्णकीर्तनꣳ कलौ परमश्रेयस्त्वेन शास्त्राचार्यविवेचितम् इति सूचयति ॥१॥
129,yo gṛhṇāti ciraṁ sevām ātma-prīti-pradāṁ dhruvām |,यो गृह्णाति चिरं सेवाम् आत्मप्रीतिप्रदां ध्रुवाम् ।,यो गृह्णाति चिरꣳ सेवाम् आत्मप्रीतिप्रदाꣳ ध्रुवाम् ।
130,suṣṭhu-sampāditāṁ sādhvīṁ sva-bhāryā-bhrātṛ-vaṁśajaiḥ ||,सुष्ठुसम्पादितां साध्वीं स्वभार्याभ्रातृवंशजैः ॥,सुष्ठुसम्पादिताꣳ साध्वीꣳ स्वभार्याभ्रातृवꣳशजैः ॥
134,vidadhātu paraṁ kṣemaṁ tat-pādābja-śriyāya ca ||,विदधातु परं क्षेमं तत्पादाब्जश्रियाय च ॥,विदधातु परꣳ क्षेमꣳ तत्पादाब्जश्रियाय च ॥
135,natvā viṣṇu-priyā-nāthaṁ nāmnā svarṇa-latā mayā |,नत्वा विष्णुप्रियानाथं नाम्ना स्वर्णलता मया ।,नत्वा विष्णुप्रियानाथꣳ नाम्ना स्वर्णलता मया ।
137,yena saṁracitaṁ mūlaṁ sa śrī-jīvo dayānidhiḥ |,येन संरचितं मूलं स श्रीजीवो दयानिधिः ।,येन सꣳरचितꣳ मूलꣳ स श्रीजीवो दयानिधिः ।
138,śaktiṁ sañcārayatv asmin vivṛteḥ parilekhane ||,शक्तिं सञ्चारयत्व् अस्मिन् विवृतेः परिलेखने ॥,शक्तिꣳ सञ्चारयत्व् अस्मिन् विवृतेः परिलेखने ॥
139,kuto vā nūtanaṁ vastu vayam utprekṣituṁ kṣamāḥ |,कुतो वा नूतनं वस्तु वयम् उत्प्रेक्षितुं क्षमाः ।,कुतो वा नूतनꣳ वस्तु वयम् उत्प्रेक्षितुꣳ क्षमाः ।
142,śrī-gaurāṅga-caraṇa-kamala-makaranda-madhupa-śrī-kṛṣṇa-caitanya-vaiṣṇava-sampradāyācārya-cūḍāmaṇiḥ śrī-jīva-gosvāmi-pādaḥ cikīrṣitasya ṣaṭ-sandarbhāpara-nāma-śrī-bhāgavata-sandarbha-siddhānta-granthasya nirvighna-parisamāpty-arthaṁ nirvighna-parisamāpti-kāmo maṅgalam ācared ity avigīta-śiṣṭācārānumita-śruty-ādau tattva-sandarbha-grantha-prārambhe kali-kalmaṣācchanānāṁ veda-bodhitopāsya-nirghaṇṭa-vyājena maṅgalam ācarati—kṛṣṇeti |,श्रीगौराङ्गचरणकमलमकरन्दमधुपश्रीकृष्णचैतन्यवैष्णवसम्प्रदायाचार्यचूडामणिः श्रीजीवगोस्वामिपादः चिकीर्षितस्य षट्सन्दर्भापरनामश्रीभागवतसन्दर्भसिद्धान्तग्रन्थस्य निर्विघ्नपरिसमाप्त्यर्थं निर्विघ्नपरिसमाप्तिकामो मङ्गलम् आचरेद् इत्य् अविगीतशिष्टाचारानुमितश्रुत्यादौ तत्त्वसन्दर्भग्रन्थप्रारम्भे कलिकल्मषाच्छनानां वेदबोधितोपास्यनिर्घण्टव्याजेन मङ्गलम् आचरति—कृष्णेति ।,श्रीगौराङ्गचरणकमलमकरन्दमधुपश्रीकृष्णचैतन्यवैष्णवसम्प्रदायाचार्यचूडामणिः श्रीजीवगोस्वामिपादः चिकीर्षितस्य षट्सन्दर्भापरनामश्रीभागवतसन्दर्भसिद्धान्तग्रन्थस्य निर्विघ्नपरिसमाप्त्यर्थꣳ निर्विघ्नपरिसमाप्तिकामो मङ्गलम् आचरेद् इत्य् अविगीतशिष्टाचारानुमितश्रुत्यादौ तत्त्वसन्दर्भग्रन्थप्रारम्भे कलिकल्मषाच्छनानाꣳ वेदबोधितोपास्यनिर्घण्टव्याजेन मङ्गलम् आचरति—कृष्णेति ।
144,"sarvo’py ayaṁ loka-prasiddho vedaḥ pratyakṣānumānābhyām anavagateṣṭāniṣṭa-prāpti-parihāropāya-prakāśana-paraḥ, sarva-puruṣāṇāṁ nisargata eva tat-prāpti-parihārayor iṣṭatvāt, dṛśyate hi khalu sukha-duḥkha-prāpti-parihārayor loka-pravṛttiḥ—“sukhaṁ me syāt, duḥkhaṁ mābhūt” iti svabhāvataḥ sarveṣāṁ puruṣāṇām anavacchinna-sukhādi-mātram abhilāṣopalambhāt | dṛṣṭa-viṣaye ca iṣṭāniṣṭa-prāpti-parihāropāya-jñānaṁ pratyakṣānumānābhyām eva sañjāyate | ata eva na tatrāgamānveṣaṇam upāsanādi-pāramārthikālaukika-viṣaye tu pratyakṣādīnām apravṛttyā bhavati tatrāgamānveṣaṇā | avyutpannānāṁ pratyakṣādikaṁ pramāṇaṁ mābhūt | ","सर्वोऽप्य् अयं लोकप्रसिद्धो वेदः प्रत्यक्षानुमानाभ्याम् अनवगतेष्टानिष्टप्राप्तिपरिहारोपायप्रकाशनपरः, सर्वपुरुषाणां निसर्गत एव तत्प्राप्तिपरिहारयोर् इष्टत्वात्, दृश्यते हि खलु सुखदुःखप्राप्तिपरिहारयोर् लोकप्रवृत्तिः—“सुखं मे स्यात्, दुःखं माभूत्” इति स्वभावतः सर्वेषां पुरुषाणाम् अनवच्छिन्नसुखादिमात्रम् अभिलाषोपलम्भात् । दृष्टविषये च इष्टानिष्टप्राप्तिपरिहारोपायज्ञानं प्रत्यक्षानुमानाभ्याम् एव सञ्जायते । अत एव न तत्रागमान्वेषणम् उपासनादिपारमार्थिकालौकिकविषये तु प्रत्यक्षादीनाम् अप्रवृत्त्या भवति तत्रागमान्वेषणा । अव्युत्पन्नानां प्रत्यक्षादिकं प्रमाणं माभूत् । ","सर्वोऽप्य् अयꣳ लोकप्रसिद्धो वेदः प्रत्यक्षानुमानाभ्याम् अनवगतेष्टानिष्टप्राप्तिपरिहारोपायप्रकाशनपरः, सर्वपुरुषाणाꣳ निसर्गत एव तत्प्राप्तिपरिहारयोर् इष्टत्वात्, दृश्यते हि खलु सुखदुःखप्राप्तिपरिहारयोर् लोकप्रवृत्तिः—“सुखꣳ मे स्यात्, दुःखꣳ माभूत्” इति स्वभावतः सर्वेषाꣳ पुरुषाणाम् अनवच्छिन्नसुखादिमात्रम् अभिलाषोपलम्भात् । दृष्टविषये च इष्टानिष्टप्राप्तिपरिहारोपायज्ञानꣳ प्रत्यक्षानुमानाभ्याम् एव सञ्जायते । अत एव न तत्रागमान्वेषणम् उपासनादिपारमार्थिकालौकिकविषये तु प्रत्यक्षादीनाम् अप्रवृत्त्या भवति तत्रागमान्वेषणा । अव्युत्पन्नानाꣳ प्रत्यक्षादिकꣳ प्रमाणꣳ माभूत् । "
146,"vyutpannasya tu pratyakṣādinaiva pāramārthaika-tattva-niścayo bhavaty eveti cet, na, vyutpannasyāpi bhramādi-doṣa-catuṣṭaya-darśanāt | yādṛśo hi paśu-śakunntādīnām avipratipanna-mugdha-bhāvānāṁ vyavahāraḥ | tādṛśo vyutpannānām api puṁsāṁ dṛśyate iti pratyakṣādīnāṁ laukika-pramāṇābhāvānām alaukika-tattva-jñānān upāyatā siddhā | ato’trāpauruṣeya-veda evāsmākaṁ pramāṇam | pratyakṣādīnāṁ tu tad-anusāritayā parataḥ prāmāṇyaṁ bodhyam | ","व्युत्पन्नस्य तु प्रत्यक्षादिनैव पारमार्थैकतत्त्वनिश्चयो भवत्य् एवेति चेत्, न, व्युत्पन्नस्यापि भ्रमादिदोषचतुष्टयदर्शनात् । यादृशो हि पशुशकुन्न्तादीनाम् अविप्रतिपन्नमुग्धभावानां व्यवहारः । तादृशो व्युत्पन्नानाम् अपि पुंसां दृश्यते इति प्रत्यक्षादीनां लौकिकप्रमाणाभावानाम् अलौकिकतत्त्वज्ञानान् उपायता सिद्धा । अतोऽत्रापौरुषेयवेद एवास्माकं प्रमाणम् । प्रत्यक्षादीनां तु तदनुसारितया परतः प्रामाण्यं बोध्यम् । ","व्युत्पन्नस्य तु प्रत्यक्षादिनैव पारमार्थैकतत्त्वनिश्चयो भवत्य् एवेति चेत्, न, व्युत्पन्नस्यापि भ्रमादिदोषचतुष्टयदर्शनात् । यादृशो हि पशुशकुन्न्तादीनाम् अविप्रतिपन्नमुग्धभावानाꣳ व्यवहारः । तादृशो व्युत्पन्नानाम् अपि पुꣳसाꣳ दृश्यते इति प्रत्यक्षादीनाꣳ लौकिकप्रमाणाभावानाम् अलौकिकतत्त्वज्ञानान् उपायता सिद्धा । अतोऽत्रापौरुषेयवेद एवास्माकꣳ प्रमाणम् । प्रत्यक्षादीनाꣳ तु तदनुसारितया परतः प्रामाण्यꣳ बोध्यम् । "
148,"tathā hi dvāpare vedeṣu samutsanneṣu saṅkīrṇa-prajñair brahmādibhir abhyarthito bhagavān puruṣottamaḥ kṛṣṇa-dvaipāyana-rūpeṇāvatīrya tān uddhṛtya vibabhāja | tad-artha-nirṇetrīṁ catur-lakṣaṇīṁ ca brahma-mīmāṁsām āviścakāra ity asti kathā skāndī | tad-anantaraṁ śrī-nārada-nirdeśena brahma-mīmāṁsāyā akṛtim abhāṣya-bhūtaṁ śrīmad-bhāgavatam āvribhāvayāmāsa | smaryate ca gāruḍe—artho’yaṁ brahma-sūtrāṇāṁ bhāratārtha-vinirṇayaḥ iti | athādhunā, “svalpaṁ tathāyur bahavaś ca vighnāḥ” iti dṛṣṭvā kali-yuge asmin yugocita-veda-vihita-devopāsanāṁ hitvā anyad eva yajana-yājanena vṛthāyuḥ-kṣapaṇenālam iti nirṇetuṁ maṅgalācaraṇa-prasaṅgāt sva-para-pakṣa-maṇḍana-khaṇḍanenāsmin kalau ekasyaiva śrī-gaurāṅga-mahāprabhu-kṛṣṇa-caitanya-devasya prādhānyenopāsyatvaṁ sakala-veda-sāra-bhūta-śrīmad-bhāgavata-padya-saṁvādena ādau ghoṣayati—kṛṣṇeti |","तथा हि द्वापरे वेदेषु समुत्सन्नेषु सङ्कीर्णप्रज्ञैर् ब्रह्मादिभिर् अभ्यर्थितो भगवान् पुरुषोत्तमः कृष्णद्वैपायनरूपेणावतीर्य तान् उद्धृत्य विबभाज । तदर्थनिर्णेत्रीं चतुर्लक्षणीं च ब्रह्ममीमांसाम् आविश्चकार इत्य् अस्ति कथा स्कान्दी । तदनन्तरं श्रीनारदनिर्देशेन ब्रह्ममीमांसाया अकृतिम् अभाष्यभूतं श्रीमद्भागवतम् आव्रिभावयामास । स्मर्यते च गारुडे—अर्थोऽयं ब्रह्मसूत्राणां भारतार्थविनिर्णयः इति । अथाधुना, “स्वल्पं तथायुर् बहवश् च विघ्नाः” इति दृष्ट्वा कलियुगे अस्मिन् युगोचितवेदविहितदेवोपासनां हित्वा अन्यद् एव यजनयाजनेन वृथायुःक्षपणेनालम् इति निर्णेतुं मङ्गलाचरणप्रसङ्गात् स्वपरपक्षमण्डनखण्डनेनास्मिन् कलौ एकस्यैव श्रीगौराङ्गमहाप्रभुकृष्णचैतन्यदेवस्य प्राधान्येनोपास्यत्वं सकलवेदसारभूतश्रीमद्भागवतपद्यसंवादेन आदौ घोषयति—कृष्णेति ।","तथा हि द्वापरे वेदेषु समुत्सन्नेषु सङ्कीर्णप्रज्ञैर् ब्रह्मादिभिर् अभ्यर्थितो भगवान् पुरुषोत्तमः कृष्णद्वैपायनरूपेणावतीर्य तान् उद्धृत्य विबभाज । तदर्थनिर्णेत्रीꣳ चतुर्लक्षणीꣳ च ब्रह्ममीमाꣳसाम् आविश्चकार इत्य् अस्ति कथा स्कान्दी । तदनन्तरꣳ श्रीनारदनिर्देशेन ब्रह्ममीमाꣳसाया अकृतिम् अभाष्यभूतꣳ श्रीमद्भागवतम् आव्रिभावयामास । स्मर्यते च गारुडे—अर्थोऽयꣳ ब्रह्मसूत्राणाꣳ भारतार्थविनिर्णयः इति । अथाधुना, “स्वल्पꣳ तथायुर् बहवश् च विघ्नाः” इति दृष्ट्वा कलियुगे अस्मिन् युगोचितवेदविहितदेवोपासनाꣳ हित्वा अन्यद् एव यजनयाजनेन वृथायुःक्षपणेनालम् इति निर्णेतुꣳ मङ्गलाचरणप्रसङ्गात् स्वपरपक्षमण्डनखण्डनेनास्मिन् कलौ एकस्यैव श्रीगौराङ्गमहाप्रभुकृष्णचैतन्यदेवस्य प्राधान्येनोपास्यत्वꣳ सकलवेदसारभूतश्रीमद्भागवतपद्यसꣳवादेन आदौ घोषयति—कृष्णेति ।"
150,"śrī-bhāgavate ekādaśa-skandhe kali-yogopāsya-nirṇayāvasare padyam idaṁ—kṛṣṇa-varṇam iti | tatra mahārājena niminā jijñāsitaḥ san nava-yogīndrāṇām anyatamaḥ śrī-karabhājanaḥ satya-tretā-dvāpara-yugāvatārān uktvā tad-anantaram asmin kalau “ko devaḥ ? kā vā upāsanā-paddhatiḥ ? iti sandeha-nirākaraṇārthaṁ jñāpayati—“kṛṣṇa-varṇa” iti | tviṣā kāntyā akṛṣṇam iti svāmi-pādenoktam | yaḥ kāntyā akṛṣṇaḥ taṁ devaṁ sumedhaso vivekino yajanti | yajana-praṇālīm āha—saṅkīrtana-prāyaiḥ, yajñair arcanaiḥ, na tu anya-yajñaiḥ ity anena itara-yajana-praṇālī apakṛtā | ","श्रीभागवते एकादशस्कन्धे कलियोगोपास्यनिर्णयावसरे पद्यम् इदं—कृष्णवर्णम् इति । तत्र महाराजेन निमिना जिज्ञासितः सन् नवयोगीन्द्राणाम् अन्यतमः श्रीकरभाजनः सत्यत्रेताद्वापरयुगावतारान् उक्त्वा तदनन्तरम् अस्मिन् कलौ “को देवः ? का वा उपासनापद्धतिः ? इति सन्देहनिराकरणार्थं ज्ञापयति—“कृष्णवर्ण” इति । त्विषा कान्त्या अकृष्णम् इति स्वामिपादेनोक्तम् । यः कान्त्या अकृष्णः तं देवं सुमेधसो विवेकिनो यजन्ति । यजनप्रणालीम् आह—सङ्कीर्तनप्रायैः, यज्ञैर् अर्चनैः, न तु अन्ययज्ञैः इत्य् अनेन इतरयजनप्रणाली अपकृता । ","श्रीभागवते एकादशस्कन्धे कलियोगोपास्यनिर्णयावसरे पद्यम् इदꣳ—कृष्णवर्णम् इति । तत्र महाराजेन निमिना जिज्ञासितः सन् नवयोगीन्द्राणाम् अन्यतमः श्रीकरभाजनः सत्यत्रेताद्वापरयुगावतारान् उक्त्वा तदनन्तरम् अस्मिन् कलौ “को देवः ? का वा उपासनापद्धतिः ? इति सन्देहनिराकरणार्थꣳ ज्ञापयति—“कृष्णवर्ण” इति । त्विषा कान्त्या अकृष्णम् इति स्वामिपादेनोक्तम् । यः कान्त्या अकृष्णः तꣳ देवꣳ सुमेधसो विवेकिनो यजन्ति । यजनप्रणालीम् आह—सङ्कीर्तनप्रायैः, यज्ञैर् अर्चनैः, न तु अन्ययज्ञैः इत्य् अनेन इतरयजनप्रणाली अपकृता । "
152,tatra ca yajane sarveṣām evādhikāra iti kalau yajana-vaiśiṣṭyam | tenaiva hi sarva-puruṣārtha-siddhiḥ | yad uktaṁ—“kṛṣṇa-varṇaṁ tviṣākṛṣṇaṁ sāṅgopāṅgāstra-pārṣadam” | atra tviṣākṛṣṇam iti viśeṣya-padam | kṛṣṇa-varṇaṁ sāṅgopāṅgāstra-pārṣadaṁ tv asya viśeṣaṇam | kṛṣṇa-varṇaṁ kṛṣṇaḥ varṇo rūpaṁ yasya tam ity āpātataḥ artha-bodhenopāsya-devatasyā deha-gata-rūpaṁ kṛṣṇaṁ cintayatāṁ mataṁ vyāvartayati tviṣākṛṣṇam iti | tviṣā kāntyā akṛṣṇam ity akāra-praśleṣeṇa aṅga-varṇasya kṛṣṇatva-kalpanā apākṛtā | ,तत्र च यजने सर्वेषाम् एवाधिकार इति कलौ यजनवैशिष्ट्यम् । तेनैव हि सर्वपुरुषार्थसिद्धिः । यद् उक्तं—“कृष्णवर्णं त्विषाकृष्णं साङ्गोपाङ्गास्त्रपार्षदम्” । अत्र त्विषाकृष्णम् इति विशेष्यपदम् । कृष्णवर्णं साङ्गोपाङ्गास्त्रपार्षदं त्व् अस्य विशेषणम् । कृष्णवर्णं कृष्णः वर्णो रूपं यस्य तम् इत्य् आपाततः अर्थबोधेनोपास्यदेवतस्या देहगतरूपं कृष्णं चिन्तयतां मतं व्यावर्तयति त्विषाकृष्णम् इति । त्विषा कान्त्या अकृष्णम् इत्य् अकारप्रश्लेषेण अङ्गवर्णस्य कृष्णत्वकल्पना अपाकृता । ,तत्र च यजने सर्वेषाम् एवाधिकार इति कलौ यजनवैशिष्ट्यम् । तेनैव हि सर्वपुरुषार्थसिद्धिः । यद् उक्तꣳ—“कृष्णवर्णꣳ त्विषाकृष्णꣳ साङ्गोपाङ्गास्त्रपार्षदम्” । अत्र त्विषाकृष्णम् इति विशेष्यपदम् । कृष्णवर्णꣳ साङ्गोपाङ्गास्त्रपार्षदꣳ त्व् अस्य विशेषणम् । कृष्णवर्णꣳ कृष्णः वर्णो रूपꣳ यस्य तम् इत्य् आपाततः अर्थबोधेनोपास्यदेवतस्या देहगतरूपꣳ कृष्णꣳ चिन्तयताꣳ मतꣳ व्यावर्तयति त्विषाकृष्णम् इति । त्विषा कान्त्या अकृष्णम् इत्य् अकारप्रश्लेषेण अङ्गवर्णस्य कृष्णत्वकल्पना अपाकृता । 
154,"atha kāntyā yaḥ akṛṣṇaḥ sa devaḥ kaḥ, yam ahaṁ bhajāni ? iti sandehe sañjāte saṁvādinī-preraṇena siddhāntam āha ānanda-pādaḥ—“tviṣā kāntyā yo’kṛṣṇo gauras taṁ kalau sumedhaso yajanti” | adhunāsya tviṣā akṛṣṇasya kali-yugyocitopāsya-devasya gauratvaṁ sakala-veda-sāra-bhūta-śrīmad-bhāgavata-padya-saṁvādena sādhayati | gauratvaṁ cāsya—","अथ कान्त्या यः अकृष्णः स देवः कः, यम् अहं भजानि ? इति सन्देहे सञ्जाते संवादिनीप्रेरणेन सिद्धान्तम् आह आनन्दपादः—“त्विषा कान्त्या योऽकृष्णो गौरस् तं कलौ सुमेधसो यजन्ति” । अधुनास्य त्विषा अकृष्णस्य कलियुग्योचितोपास्यदेवस्य गौरत्वं सकलवेदसारभूतश्रीमद्भागवतपद्यसंवादेन साधयति । गौरत्वं चास्य—","अथ कान्त्या यः अकृष्णः स देवः कः, यम् अहꣳ भजानि ? इति सन्देहे सञ्जाते सꣳवादिनीप्रेरणेन सिद्धान्तम् आह आनन्दपादः—“त्विषा कान्त्या योऽकृष्णो गौरस् तꣳ कलौ सुमेधसो यजन्ति” । अधुनास्य त्विषा अकृष्णस्य कलियुग्योचितोपास्यदेवस्य गौरत्वꣳ सकलवेदसारभूतश्रीमद्भागवतपद्यसꣳवादेन साधयति । गौरत्वꣳ चास्य—"
156,āsan varṇās trayo hy asya gṛhṇato’nuyugaṁ tanuḥ |,आसन् वर्णास् त्रयो ह्य् अस्य गृह्णतोऽनुयुगं तनुः ।,आसन् वर्णास् त्रयो ह्य् अस्य गृह्णतोऽनुयुगꣳ तनुः ।
157,śuklo raktas tathā pīta idānīṁ kṛṣṇatāṁ gataḥ || [bhā.pu. 10.8.13],शुक्लो रक्तस् तथा पीत इदानीं कृष्णतां गतः ॥ [भा.पु. १०.८.१३],शुक्लो रक्तस् तथा पीत इदानीꣳ कृष्णताꣳ गतः ॥ [भा.पु. १०.८.१३]
159,"“ity atra pāriśesya-pramāṇa-labdhaṁ” iti | pariśeṣasya bhāvaḥ pāriśeṣyam | “prasakta-pratiṣedhe’nyatrāprasaṅgāt śiṣyamāṇe sampratyayaḥ pariśeṣaḥ” iti nyāya-bhāṣyam | prasaktānāṁ sambhāvitānāṁ madhye anyeṣāṁ sarveṣāṁ pratiṣedhe sati anantaram avaśiṣṭasya grahaṇaṁ pariśeṣaḥ | yathā dhūmān vahny-anumāne kim indhano vahnir iti viśeṣa-jijñāsāyāṁ dhūmasya viajātya-parīkṣaṇena tṛṇa-parṇa-kāṣṭhānāṁ niṣedhe yat karīṣa-prabhatvam anumīyate tad idaṁ pariśeṣānumānam | aprasaktasya pāṣāṇādes tāvat sambhāvanaiva nāsti ity uktam anyatrāprasaṅgāt anyatra aprasakter ity arthaḥ | daśama-skandhe śrī-kṛṣṇa-nāma-karaṇa-prasaṅge nanda-mahārājaṁ sambhāṣya gargeṇoktaṁ—āsan varṇā iti | yuge yuge vāraṁ vāraṁ dharma-saṁsthāpanāya bhakta-vāñchā-paripūraṇāya ca yathocitāvatāra-dehān gṛhṇataḥ asyārbhakasya śuklo raktas tathā pīta iti trayo-varṇā āsan | hi niścaye | idānīṁ dvāpara-yuge kṛṣṇatāṁ gataḥ kṛṣṇa-varṇatvaṁ prāptaḥ | satya-tretayoḥ śukla-raktāvatārau, idānīṁ kṛṣṇāvatāraḥ iti śeṣaḥ | uktaṁ ca śrī-bhāgavatāmṛte—“kathyante varṇa-nāmābhyāṁ śuklaḥ satya-yuge hariḥ” [la.bhā. 1.4.25] | anyatra ca, tretāyāṁ rakta-varṇo’sau, dvāpare bhagavān śyāmaḥ, dvāpare kṛṣṇatāṁ gataḥ iti ca |","“इत्य् अत्र पारिशेस्यप्रमाणलब्धं” इति । परिशेषस्य भावः पारिशेष्यम् । “प्रसक्तप्रतिषेधेऽन्यत्राप्रसङ्गात् शिष्यमाणे सम्प्रत्ययः परिशेषः” इति न्यायभाष्यम् । प्रसक्तानां सम्भावितानां मध्ये अन्येषां सर्वेषां प्रतिषेधे सति अनन्तरम् अवशिष्टस्य ग्रहणं परिशेषः । यथा धूमान् वह्न्यनुमाने किम् इन्धनो वह्निर् इति विशेषजिज्ञासायां धूमस्य विअजात्यपरीक्षणेन तृणपर्णकाष्ठानां निषेधे यत् करीषप्रभत्वम् अनुमीयते तद् इदं परिशेषानुमानम् । अप्रसक्तस्य पाषाणादेस् तावत् सम्भावनैव नास्ति इत्य् उक्तम् अन्यत्राप्रसङ्गात् अन्यत्र अप्रसक्तेर् इत्य् अर्थः । दशमस्कन्धे श्रीकृष्णनामकरणप्रसङ्गे नन्दमहाराजं सम्भाष्य गर्गेणोक्तं—आसन् वर्णा इति । युगे युगे वारं वारं धर्मसंस्थापनाय भक्तवाञ्छापरिपूरणाय च यथोचितावतारदेहान् गृह्णतः अस्यार्भकस्य शुक्लो रक्तस् तथा पीत इति त्रयोवर्णा आसन् । हि निश्चये । इदानीं द्वापरयुगे कृष्णतां गतः कृष्णवर्णत्वं प्राप्तः । सत्यत्रेतयोः शुक्लरक्तावतारौ, इदानीं कृष्णावतारः इति शेषः । उक्तं च श्रीभागवतामृते—“कथ्यन्ते वर्णनामाभ्यां शुक्लः सत्ययुगे हरिः” [ल.भा. १.४.२५] । अन्यत्र च, त्रेतायां रक्तवर्णोऽसौ, द्वापरे भगवान् श्यामः, द्वापरे कृष्णतां गतः इति च ।","“इत्य् अत्र पारिशेस्यप्रमाणलब्धꣳ” इति । परिशेषस्य भावः पारिशेष्यम् । “प्रसक्तप्रतिषेधेऽन्यत्राप्रसङ्गात् शिष्यमाणे सम्प्रत्ययः परिशेषः” इति न्यायभाष्यम् । प्रसक्तानाꣳ सम्भावितानाꣳ मध्ये अन्येषाꣳ सर्वेषाꣳ प्रतिषेधे सति अनन्तरम् अवशिष्टस्य ग्रहणꣳ परिशेषः । यथा धूमान् वह्न्यनुमाने किम् इन्धनो वह्निर् इति विशेषजिज्ञासायाꣳ धूमस्य विअजात्यपरीक्षणेन तृणपर्णकाष्ठानाꣳ निषेधे यत् करीषप्रभत्वम् अनुमीयते तद् इदꣳ परिशेषानुमानम् । अप्रसक्तस्य पाषाणादेस् तावत् सम्भावनैव नास्ति इत्य् उक्तम् अन्यत्राप्रसङ्गात् अन्यत्र अप्रसक्तेर् इत्य् अर्थः । दशमस्कन्धे श्रीकृष्णनामकरणप्रसङ्गे नन्दमहाराजꣳ सम्भाष्य गर्गेणोक्तꣳ—आसन् वर्णा इति । युगे युगे वारꣳ वारꣳ धर्मसꣳस्थापनाय भक्तवाञ्छापरिपूरणाय च यथोचितावतारदेहान् गृह्णतः अस्यार्भकस्य शुक्लो रक्तस् तथा पीत इति त्रयोवर्णा आसन् । हि निश्चये । इदानीꣳ द्वापरयुगे कृष्णताꣳ गतः कृष्णवर्णत्वꣳ प्राप्तः । सत्यत्रेतयोः शुक्लरक्तावतारौ, इदानीꣳ कृष्णावतारः इति शेषः । उक्तꣳ च श्रीभागवतामृते—“कथ्यन्ते वर्णनामाभ्याꣳ शुक्लः सत्ययुगे हरिः” [ल.भा. १.४.२५] । अन्यत्र च, त्रेतायाꣳ रक्तवर्णोऽसौ, द्वापरे भगवान् श्यामः, द्वापरे कृष्णताꣳ गतः इति च ।"
161,idam atrākūtaṁ tarhi pīta-padasya kutra saṅgatiḥ ? kasmin yuge vāsya śrī-bhagavataḥ hareḥ pīta-varṇatvam ? iti prāpte brūmaḥ—mahābhārate dāna-dharmokta-sahasra-nāma-stotre—,इदम् अत्राकूतं तर्हि पीतपदस्य कुत्र सङ्गतिः ? कस्मिन् युगे वास्य श्रीभगवतः हरेः पीतवर्णत्वम् ? इति प्राप्ते ब्रूमः—महाभारते दानधर्मोक्तसहस्रनामस्तोत्रे—,इदम् अत्राकूतꣳ तर्हि पीतपदस्य कुत्र सङ्गतिः ? कस्मिन् युगे वास्य श्रीभगवतः हरेः पीतवर्णत्वम् ? इति प्राप्ते ब्रूमः—महाभारते दानधर्मोक्तसहस्रनामस्तोत्रे—
166,iti yad uktaṁ tad-vacanena saha kṛṣṇa-varṇam iti ślokasyeka-vākyatāṁ kṛtvā bhāgavata-padya-saṁvādena satya-tretā-dvāpara-yugocitāvatāra-vibhāga-nirdeśaṁ jñātvā pariśeṣānumāna-pramāṇa-balena kalau avatīrṇasya śrī-bhagavataḥ pītatvaṁ siddham | na ca āsan iti bhūta-kāla-nirdeśena krama-prāptyā pīto’pi dvāpara-yugāvatāra iti vācyam | “nānā-tantra-vidhānena kalāv api tathā śṛṇu” iti pṛthag-nirdeśāt | yugāvatāra-kathana-prasaṅge dvāpare bhagavataḥ pītatvaṁ na śrutam |,इति यद् उक्तं तद्वचनेन सह कृष्णवर्णम् इति श्लोकस्येकवाक्यतां कृत्वा भागवतपद्यसंवादेन सत्यत्रेताद्वापरयुगोचितावतारविभागनिर्देशं ज्ञात्वा परिशेषानुमानप्रमाणबलेन कलौ अवतीर्णस्य श्रीभगवतः पीतत्वं सिद्धम् । न च आसन् इति भूतकालनिर्देशेन क्रमप्राप्त्या पीतोऽपि द्वापरयुगावतार इति वाच्यम् । “नानातन्त्रविधानेन कलाव् अपि तथा शृणु” इति पृथग्निर्देशात् । युगावतारकथनप्रसङ्गे द्वापरे भगवतः पीतत्वं न श्रुतम् ।,इति यद् उक्तꣳ तद्वचनेन सह कृष्णवर्णम् इति श्लोकस्येकवाक्यताꣳ कृत्वा भागवतपद्यसꣳवादेन सत्यत्रेताद्वापरयुगोचितावतारविभागनिर्देशꣳ ज्ञात्वा परिशेषानुमानप्रमाणबलेन कलौ अवतीर्णस्य श्रीभगवतः पीतत्वꣳ सिद्धम् । न च आसन् इति भूतकालनिर्देशेन क्रमप्राप्त्या पीतोऽपि द्वापरयुगावतार इति वाच्यम् । “नानातन्त्रविधानेन कलाव् अपि तथा शृणु” इति पृथग्निर्देशात् । युगावतारकथनप्रसङ्गे द्वापरे भगवतः पीतत्वꣳ न श्रुतम् ।
168,"“tviṣākṛṣṇaṁ” iti padasya pīta-varṇaṁ gaura-varṇaṁ veti arthaṁ vihāya kṛṣṇa-rūpo artha-kalpanā na yuktā prakāśya-kṛṣṇāvatārasya dvāparāntar-bhāvitvena prasiddheḥ | ata āhuḥ ānanda-pādāḥ—kalau yaḥ kāntyā akṛṣṇaḥ, gauraḥ, sumedhasaḥ taṁ yajanti | kalau avatīraṇaṁ kīdṛśaṁ tviṣākṛṣṇaṁ gauraṁ sumedhaso yajanti, ity apekṣāyāṁ viśeṣam āha—kṛṣṇa-varṇaṁ kṛṣṇo varṇo rūpaṁ yasyāntaram iti śeṣaḥ | | indranīlamaṇivad ujjvala-kṛṣṇatvaṁ tu asya ujjvala-galita-hema-gaura-kāntyā abhibhūtatvāt na cākṣuṣa-pratyakṣa-gocara iti |","“त्विषाकृष्णं” इति पदस्य पीतवर्णं गौरवर्णं वेति अर्थं विहाय कृष्णरूपो अर्थकल्पना न युक्ता प्रकाश्यकृष्णावतारस्य द्वापरान्तर्भावित्वेन प्रसिद्धेः । अत आहुः आनन्दपादाः—कलौ यः कान्त्या अकृष्णः, गौरः, सुमेधसः तं यजन्ति । कलौ अवतीरणं कीदृशं त्विषाकृष्णं गौरं सुमेधसो यजन्ति, इत्य् अपेक्षायां विशेषम् आह—कृष्णवर्णं कृष्णो वर्णो रूपं यस्यान्तरम् इति शेषः । । इन्द्रनीलमणिवद् उज्ज्वलकृष्णत्वं तु अस्य उज्ज्वलगलितहेमगौरकान्त्या अभिभूतत्वात् न चाक्षुषप्रत्यक्षगोचर इति ।","“त्विषाकृष्णꣳ” इति पदस्य पीतवर्णꣳ गौरवर्णꣳ वेति अर्थꣳ विहाय कृष्णरूपो अर्थकल्पना न युक्ता प्रकाश्यकृष्णावतारस्य द्वापरान्तर्भावित्वेन प्रसिद्धेः । अत आहुः आनन्दपादाः—कलौ यः कान्त्या अकृष्णः, गौरः, सुमेधसः तꣳ यजन्ति । कलौ अवतीरणꣳ कीदृशꣳ त्विषाकृष्णꣳ गौरꣳ सुमेधसो यजन्ति, इत्य् अपेक्षायाꣳ विशेषम् आह—कृष्णवर्णꣳ कृष्णो वर्णो रूपꣳ यस्यान्तरम् इति शेषः । । इन्द्रनीलमणिवद् उज्ज्वलकृष्णत्वꣳ तु अस्य उज्ज्वलगलितहेमगौरकान्त्या अभिभूतत्वात् न चाक्षुषप्रत्यक्षगोचर इति ।"
170,"athavā kṛṣṇa-varṇaṁ kṛṣṇety ato varṇo yatra yasmin śrī-gaurāṅga-mahāprabhu-kṛṣṇa-caitanya-deva-nāmni, śrī-kṛṣṇatvābhivyañjakaṁ kṛṣṇeti varṇa-yugalaṁ prayuktam ity asti kathā krāmasandarbhī | yathā dvāpare śrī-kṛṣṇo’vatarati tathaiva kalau śrī-gaurāṅgo’py avatarati | antaḥ kṛṣṇo bahiḥ pītatvāt sarvataḥ kṛṣṇatvābhivyañjakatvāc ca śrī-kṛṣṇasya pracchannāvirbhāva-viśeṣa evāyam avatāraḥ śrī-gaurāṅga-mahāprabhur ity āyāti |","अथवा कृष्णवर्णं कृष्णेत्य् अतो वर्णो यत्र यस्मिन् श्रीगौराङ्गमहाप्रभुकृष्णचैतन्यदेवनाम्नि, श्रीकृष्णत्वाभिव्यञ्जकं कृष्णेति वर्णयुगलं प्रयुक्तम् इत्य् अस्ति कथा क्रामसन्दर्भी । यथा द्वापरे श्रीकृष्णोऽवतरति तथैव कलौ श्रीगौराङ्गोऽप्य् अवतरति । अन्तः कृष्णो बहिः पीतत्वात् सर्वतः कृष्णत्वाभिव्यञ्जकत्वाच् च श्रीकृष्णस्य प्रच्छन्नाविर्भावविशेष एवायम् अवतारः श्रीगौराङ्गमहाप्रभुर् इत्य् आयाति ।","अथवा कृष्णवर्णꣳ कृष्णेत्य् अतो वर्णो यत्र यस्मिन् श्रीगौराङ्गमहाप्रभुकृष्णचैतन्यदेवनाम्नि, श्रीकृष्णत्वाभिव्यञ्जकꣳ कृष्णेति वर्णयुगलꣳ प्रयुक्तम् इत्य् अस्ति कथा क्रामसन्दर्भी । यथा द्वापरे श्रीकृष्णोऽवतरति तथैव कलौ श्रीगौराङ्गोऽप्य् अवतरति । अन्तः कृष्णो बहिः पीतत्वात् सर्वतः कृष्णत्वाभिव्यञ्जकत्वाच् च श्रीकृष्णस्य प्रच्छन्नाविर्भावविशेष एवायम् अवतारः श्रीगौराङ्गमहाप्रभुर् इत्य् आयाति ।"
172,śrī-kṛṣṇasya kṛṣṇa-varṇa-parāvṛttyā gaura-varṇa-sampattī cāyam eva hetuḥ | śrī-rādhāyā viṣṇu-priyā-rūpeṇāvatīrṇāyāḥ sva-preyasyāvarṇa-bhāvābhyāṁ svīya-kṛṣṇa-varṇa-bhāvābhibhavena sva-preyasī-varṇa-bhāvābhibhāvena ca śrī-kṛṣṇasya kalau pracchannāvatāratvam |,श्रीकृष्णस्य कृष्णवर्णपरावृत्त्या गौरवर्णसम्पत्ती चायम् एव हेतुः । श्रीराधाया विष्णुप्रियारूपेणावतीर्णायाः स्वप्रेयस्यावर्णभावाभ्यां स्वीयकृष्णवर्णभावाभिभवेन स्वप्रेयसीवर्णभावाभिभावेन च श्रीकृष्णस्य कलौ प्रच्छन्नावतारत्वम् ।,श्रीकृष्णस्य कृष्णवर्णपरावृत्त्या गौरवर्णसम्पत्ती चायम् एव हेतुः । श्रीराधाया विष्णुप्रियारूपेणावतीर्णायाः स्वप्रेयस्यावर्णभावाभ्याꣳ स्वीयकृष्णवर्णभावाभिभवेन स्वप्रेयसीवर्णभावाभिभावेन च श्रीकृष्णस्य कलौ प्रच्छन्नावतारत्वम् ।
174,"athaivambhūta-śrī-gaurāṅga-devasya parameśvaratvaṁ vijñāpayati viśeṣaṇāntareṇa “sāṅgopāṅgāstra-pārṣadam” iti | aṅgāni manoramāvayavādīni upāṅgāni mahā-prabhāva-yukta-bhūṣaṇādīni eva astrāṇi pārṣado yasya saḥ | taṁ śrī-gaurāṅga-mahāprabhuṁ sumedhaso yajantīti nirdeśaḥ | athavā aṅgāni hṛdayādīni, upāṅgāni kaustubhādīni astrāṇi sudarśanādīni, pārṣadāḥ sunandādayaḥ pracchannatvāt gupta-bhāvenāvatiṣṭhante yatra śrī-gaurāṅgāvatāre tam ity arthaḥ | pracchannārthakatva-rūpa-kaṣṭha-kalpanāṁ parityajya śrī-gaurāṅga-pūrṇāvatārocita-vyākhyām āha ānanda-pādaḥ—“atyanta-premāspadatvāt tat-tulyā eva pārṣadāḥ śrīmad-advaitācārya-mahānubhāva-caraṇa-prabhṛtayas taiḥ saha vartamānam iti cārthāntareṇa vaktavyam” iti | atra prabhṛtayaḥ iti padena śrī-nityānando gadādharo śrīvāsaḥ tathā śrī-viṣṇu-priyāyāḥ anuja-sahodara-śrī-yādavācāryaḥ, tathā tat-putra śrī-mādhavānandaḥ nitya-pārṣadā jñeyāḥ |","अथैवम्भूतश्रीगौराङ्गदेवस्य परमेश्वरत्वं विज्ञापयति विशेषणान्तरेण “साङ्गोपाङ्गास्त्रपार्षदम्” इति । अङ्गानि मनोरमावयवादीनि उपाङ्गानि महाप्रभावयुक्तभूषणादीनि एव अस्त्राणि पार्षदो यस्य सः । तं श्रीगौराङ्गमहाप्रभुं सुमेधसो यजन्तीति निर्देशः । अथवा अङ्गानि हृदयादीनि, उपाङ्गानि कौस्तुभादीनि अस्त्राणि सुदर्शनादीनि, पार्षदाः सुनन्दादयः प्रच्छन्नत्वात् गुप्तभावेनावतिष्ठन्ते यत्र श्रीगौराङ्गावतारे तम् इत्य् अर्थः । प्रच्छन्नार्थकत्वरूपकष्ठकल्पनां परित्यज्य श्रीगौराङ्गपूर्णावतारोचितव्याख्याम् आह आनन्दपादः—“अत्यन्तप्रेमास्पदत्वात् तत्तुल्या एव पार्षदाः श्रीमदद्वैताचार्यमहानुभावचरणप्रभृतयस् तैः सह वर्तमानम् इति चार्थान्तरेण वक्तव्यम्” इति । अत्र प्रभृतयः इति पदेन श्रीनित्यानन्दो गदाधरो श्रीवासः तथा श्रीविष्णुप्रियायाः अनुजसहोदरश्रीयादवाचार्यः, तथा तत्पुत्र श्रीमाधवानन्दः नित्यपार्षदा ज्ञेयाः ।","अथैवम्भूतश्रीगौराङ्गदेवस्य परमेश्वरत्वꣳ विज्ञापयति विशेषणान्तरेण “साङ्गोपाङ्गास्त्रपार्षदम्” इति । अङ्गानि मनोरमावयवादीनि उपाङ्गानि महाप्रभावयुक्तभूषणादीनि एव अस्त्राणि पार्षदो यस्य सः । तꣳ श्रीगौराङ्गमहाप्रभुꣳ सुमेधसो यजन्तीति निर्देशः । अथवा अङ्गानि हृदयादीनि, उपाङ्गानि कौस्तुभादीनि अस्त्राणि सुदर्शनादीनि, पार्षदाः सुनन्दादयः प्रच्छन्नत्वात् गुप्तभावेनावतिष्ठन्ते यत्र श्रीगौराङ्गावतारे तम् इत्य् अर्थः । प्रच्छन्नार्थकत्वरूपकष्ठकल्पनाꣳ परित्यज्य श्रीगौराङ्गपूर्णावतारोचितव्याख्याम् आह आनन्दपादः—“अत्यन्तप्रेमास्पदत्वात् तत्तुल्या एव पार्षदाः श्रीमदद्वैताचार्यमहानुभावचरणप्रभृतयस् तैः सह वर्तमानम् इति चार्थान्तरेण वक्तव्यम्” इति । अत्र प्रभृतयः इति पदेन श्रीनित्यानन्दो गदाधरो श्रीवासः तथा श्रीविष्णुप्रियायाः अनुजसहोदरश्रीयादवाचार्यः, तथा तत्पुत्र श्रीमाधवानन्दः नित्यपार्षदा ज्ञेयाः ।"
176,"tam evaṁbhūta-kali-pāvanāvatāraṁ śrīman-mahāprabhu-gaurāṅga-devaṁ yajñaiḥ pūjā-sambhāraiḥ saṅkīrtana-prāyaiḥ sumedhasaḥ yajanti | ye ca durmedhasaḥ te śrī-gaurāṅga-devam anādṛtya śrī-gaura-nāma-kīrtanaṁ ca parityajya anya-devārcanena vṛthā-kāla-nipātaṁ kurvanti, ante ca nityaṁ samāpnuvanti iti dhvaniḥ ||1|| ","तम् एवंभूतकलिपावनावतारं श्रीमन्महाप्रभुगौराङ्गदेवं यज्ञैः पूजासम्भारैः सङ्कीर्तनप्रायैः सुमेधसः यजन्ति । ये च दुर्मेधसः ते श्रीगौराङ्गदेवम् अनादृत्य श्रीगौरनामकीर्तनं च परित्यज्य अन्यदेवार्चनेन वृथाकालनिपातं कुर्वन्ति, अन्ते च नित्यं समाप्नुवन्ति इति ध्वनिः ॥१॥ ","तम् एवꣳभूतकलिपावनावतारꣳ श्रीमन्महाप्रभुगौराङ्गदेवꣳ यज्ञैः पूजासम्भारैः सङ्कीर्तनप्रायैः सुमेधसः यजन्ति । ये च दुर्मेधसः ते श्रीगौराङ्गदेवम् अनादृत्य श्रीगौरनामकीर्तनꣳ च परित्यज्य अन्यदेवार्चनेन वृथाकालनिपातꣳ कुर्वन्ति, अन्ते च नित्यꣳ समाप्नुवन्ति इति ध्वनिः ॥१॥ "
182,antaḥ kṛṣṇaṁ bahir gauraṁ darśitāṅgādi-vaibhavam |,अन्तः कृष्णं बहिर् गौरं दर्शिताङ्गादिवैभवम् ।,अन्तः कृष्णꣳ बहिर् गौरꣳ दर्शिताङ्गादिवैभवम् ।
185,sarva-saṁvādinī : tad etat sarvam avadhāryāpi paramotkṛṣṭenārthena tam eva stauti—antaḥ kṛṣṇam ity-ādinā | darśitaṁ caitat parama-vidvac-chiromaṇinā śrī-sārvabhauma-bhaṭṭācāryeṇa—,सर्वसंवादिनी : तद् एतत् सर्वम् अवधार्यापि परमोत्कृष्टेनार्थेन तम् एव स्तौति—अन्तः कृष्णम् इत्यादिना । दर्शितं चैतत् परमविद्वच्छिरोमणिना श्रीसार्वभौमभट्टाचार्येण—,सर्वसꣳवादिनी : तद् एतत् सर्वम् अवधार्यापि परमोत्कृष्टेनार्थेन तम् एव स्तौति—अन्तः कृष्णम् इत्यादिना । दर्शितꣳ चैतत् परमविद्वच्छिरोमणिना श्रीसार्वभौमभट्टाचार्येण—
187,	kālān naṣṭaṁ bhakti-yogaṁ nijaṁ yaḥ,	कालान् नष्टं भक्तियोगं निजं यः,	कालान् नष्टꣳ भक्तियोगꣳ निजꣳ यः
188,	prāduṣkartuṁ kṛṣṇa-caitanya-nāmā |,	प्रादुष्कर्तुं कृष्णचैतन्यनामा ।,	प्रादुष्कर्तुꣳ कृष्णचैतन्यनामा ।
190,	gāḍhaṁ gāḍhaṁ līyatāṁ citta-bhṛṅgaḥ || iti ||2||,	गाढं गाढं लीयतां चित्तभृङ्गः ॥ इति ॥२॥,	गाढꣳ गाढꣳ लीयताꣳ चित्तभृङ्गः ॥ इति ॥२॥
194,rādhā-mohana-gosvāmī : sva-bhajanasya sampradāya-pravartanāyāvatīrṇaṁ gaura-rūpeṇa śrī-kṛṣṇaṁ tad-anugata-vyākhyā-sampattaye punaḥ praṇamati—antaḥ-kṛṣṇam iti | āśritā iti vayam iti śeṣaḥ ||2-7||,राधामोहनगोस्वामी : स्वभजनस्य सम्प्रदायप्रवर्तनायावतीर्णं गौररूपेण श्रीकृष्णं तदनुगतव्याख्यासम्पत्तये पुनः प्रणमति—अन्तःकृष्णम् इति । आश्रिता इति वयम् इति शेषः ॥२-७॥,राधामोहनगोस्वामी : स्वभजनस्य सम्प्रदायप्रवर्तनायावतीर्णꣳ गौररूपेण श्रीकृष्णꣳ तदनुगतव्याख्यासम्पत्तये पुनः प्रणमति—अन्तःकृष्णम् इति । आश्रिता इति वयम् इति शेषः ॥२-७॥
196,gaura-kiśora-gosvāmī : atha prathama-ślokārtha-spaṣṭīkaraṇāya kalau śrī-gaurāṅga eva upāsya iti abhidhā-vṛttyā vijñāpanārthaṁ tat siddhānta-dārḍhyāya tasya paramotkarṣa-pratipādayiṣuḥ tam eva śrī-gaurāṅga-mahāprabhu-kṛṣṇa-caitanya-devaṁ stauti—antaḥ-kṛṣṇam ity-ādinā |,गौरकिशोरगोस्वामी : अथ प्रथमश्लोकार्थस्पष्टीकरणाय कलौ श्रीगौराङ्ग एव उपास्य इति अभिधावृत्त्या विज्ञापनार्थं तत् सिद्धान्तदार्ढ्याय तस्य परमोत्कर्षप्रतिपादयिषुः तम् एव श्रीगौराङ्गमहाप्रभुकृष्णचैतन्यदेवं स्तौति—अन्तःकृष्णम् इत्यादिना ।,गौरकिशोरगोस्वामी : अथ प्रथमश्लोकार्थस्पष्टीकरणाय कलौ श्रीगौराङ्ग एव उपास्य इति अभिधावृत्त्या विज्ञापनार्थꣳ तत् सिद्धान्तदार्ढ्याय तस्य परमोत्कर्षप्रतिपादयिषुः तम् एव श्रीगौराङ्गमहाप्रभुकृष्णचैतन्यदेवꣳ स्तौति—अन्तःकृष्णम् इत्यादिना ।
198,"na ca svataḥ-siddhasya śrī-gaurāṅgāvatārasya punaḥ pratipādanaṁ na saṅgacchate śāstra-vākyādinā, pratipādane’pi heyopādeyatā-rahitasya tasyāpuruṣārthatva-prasaṅga iti vācyam | śāstra-vākyāni śrī-gaurāṅgaṁ pratipādayanti | vimūḍha-janānāṁ tathā kutarkācchannānāṁ matim ākarṣayituṁ bāhya-kathā laukika-rītyā vā śrī-gaurāṅgam upāsyatvena jñāpayanti ghoṣayanti | tataḥ śāstreṇa pratipāditatve’pi śrī-gaurāṅgasya svataḥ-siddhatvaṁ na hīyate | yat tu puruṣārthā prāpti-prasaṅgaḥ, naiṣa doṣaḥ | śrī-gaurāṅgaṁ bhagavataḥ pūrṇāvatāra-bhāvena jñātvā asya arcanādau niviṣṭa-cittānāṁ sarva-kleśa-prahāṇāt parama-puruṣārtha-prāpteḥ |","न च स्वतःसिद्धस्य श्रीगौराङ्गावतारस्य पुनः प्रतिपादनं न सङ्गच्छते शास्त्रवाक्यादिना, प्रतिपादनेऽपि हेयोपादेयतारहितस्य तस्यापुरुषार्थत्वप्रसङ्ग इति वाच्यम् । शास्त्रवाक्यानि श्रीगौराङ्गं प्रतिपादयन्ति । विमूढजनानां तथा कुतर्काच्छन्नानां मतिम् आकर्षयितुं बाह्यकथा लौकिकरीत्या वा श्रीगौराङ्गम् उपास्यत्वेन ज्ञापयन्ति घोषयन्ति । ततः शास्त्रेण प्रतिपादितत्वेऽपि श्रीगौराङ्गस्य स्वतःसिद्धत्वं न हीयते । यत् तु पुरुषार्था प्राप्तिप्रसङ्गः, नैष दोषः । श्रीगौराङ्गं भगवतः पूर्णावतारभावेन ज्ञात्वा अस्य अर्चनादौ निविष्टचित्तानां सर्वक्लेशप्रहाणात् परमपुरुषार्थप्राप्तेः ।","न च स्वतःसिद्धस्य श्रीगौराङ्गावतारस्य पुनः प्रतिपादनꣳ न सङ्गच्छते शास्त्रवाक्यादिना, प्रतिपादनेऽपि हेयोपादेयतारहितस्य तस्यापुरुषार्थत्वप्रसङ्ग इति वाच्यम् । शास्त्रवाक्यानि श्रीगौराङ्गꣳ प्रतिपादयन्ति । विमूढजनानाꣳ तथा कुतर्काच्छन्नानाꣳ मतिम् आकर्षयितुꣳ बाह्यकथा लौकिकरीत्या वा श्रीगौराङ्गम् उपास्यत्वेन ज्ञापयन्ति घोषयन्ति । ततः शास्त्रेण प्रतिपादितत्वेऽपि श्रीगौराङ्गस्य स्वतःसिद्धत्वꣳ न हीयते । यत् तु पुरुषार्था प्राप्तिप्रसङ्गः, नैष दोषः । श्रीगौराङ्गꣳ भगवतः पूर्णावतारभावेन ज्ञात्वा अस्य अर्चनादौ निविष्टचित्तानाꣳ सर्वक्लेशप्रहाणात् परमपुरुषार्थप्राप्तेः ।"
200,"yadyapīdam avirodhena bhakti-siddhāntaṁ nirūpayituṁ śāstraṁ pravṛttam, na ucchṛṅkhala-tarka-śāstravat śuṣka-tarkāśrayeṇa kevalābhir yuktibhiḥ kiñcit mataṁ sādhayituṁ khaṇḍayituṁ vā pravṛttam, tathāpi samyak-darśana-pratipakṣa-bhūtāni ānanda-deśīyānāṁ duṣṭa-matāni avaśyaṁ nirākaraṇīyāni, anyathā kutarka-samācchāditaṁ tattvaṁ na puruṣārtha-siddhaye paryāptaṁ syād iti tat-tan-matam utthāpya nirākriyate |","यद्यपीदम् अविरोधेन भक्तिसिद्धान्तं निरूपयितुं शास्त्रं प्रवृत्तम्, न उच्छृङ्खलतर्कशास्त्रवत् शुष्कतर्काश्रयेण केवलाभिर् युक्तिभिः किञ्चित् मतं साधयितुं खण्डयितुं वा प्रवृत्तम्, तथापि सम्यक्दर्शनप्रतिपक्षभूतानि आनन्ददेशीयानां दुष्टमतानि अवश्यं निराकरणीयानि, अन्यथा कुतर्कसमाच्छादितं तत्त्वं न पुरुषार्थसिद्धये पर्याप्तं स्याद् इति तत्तन्मतम् उत्थाप्य निराक्रियते ।","यद्यपीदम् अविरोधेन भक्तिसिद्धान्तꣳ निरूपयितुꣳ शास्त्रꣳ प्रवृत्तम्, न उच्छृङ्खलतर्कशास्त्रवत् शुष्कतर्काश्रयेण केवलाभिर् युक्तिभिः किञ्चित् मतꣳ साधयितुꣳ खण्डयितुꣳ वा प्रवृत्तम्, तथापि सम्यक्दर्शनप्रतिपक्षभूतानि आनन्ददेशीयानाꣳ दुष्टमतानि अवश्यꣳ निराकरणीयानि, अन्यथा कुतर्कसमाच्छादितꣳ तत्त्वꣳ न पुरुषार्थसिद्धये पर्याप्तꣳ स्याद् इति तत्तन्मतम् उत्थाप्य निराक्रियते ।"
202,atrāśiṣṭā manyante śrī-kṛṣṇena saha bhagavataḥ śrī-gaurāṅgasya na kaścit sambandhaḥ | na cāsau śrī-kṛṣṇasya pracchannāvirbhāva-viśeṣaḥ | ato neśvara-buddhyā sevitavya iti | etan-mataṁ nirākaroti—antaḥ-kṛṣṇeti | kṛṣṇatvaṁ yasyātaram iti | yato’sya darśanenaiva ca śrī-kṛṣṇāvirbhāva-viśeṣa evāyaṁ śrī-gaurāṅgaḥ | tasmāt īśvaratve na kāpi śaṅkā padaṁ labhate |,अत्राशिष्टा मन्यन्ते श्रीकृष्णेन सह भगवतः श्रीगौराङ्गस्य न कश्चित् सम्बन्धः । न चासौ श्रीकृष्णस्य प्रच्छन्नाविर्भावविशेषः । अतो नेश्वरबुद्ध्या सेवितव्य इति । एतन्मतं निराकरोति—अन्तःकृष्णेति । कृष्णत्वं यस्यातरम् इति । यतोऽस्य दर्शनेनैव च श्रीकृष्णाविर्भावविशेष एवायं श्रीगौराङ्गः । तस्मात् ईश्वरत्वे न कापि शङ्का पदं लभते ।,अत्राशिष्टा मन्यन्ते श्रीकृष्णेन सह भगवतः श्रीगौराङ्गस्य न कश्चित् सम्बन्धः । न चासौ श्रीकृष्णस्य प्रच्छन्नाविर्भावविशेषः । अतो नेश्वरबुद्ध्या सेवितव्य इति । एतन्मतꣳ निराकरोति—अन्तःकृष्णेति । कृष्णत्वꣳ यस्यातरम् इति । यतोऽस्य दर्शनेनैव च श्रीकृष्णाविर्भावविशेष एवायꣳ श्रीगौराङ्गः । तस्मात् ईश्वरत्वे न कापि शङ्का पदꣳ लभते ।
204,"yad api kecid āhuḥ śrī-kṛṣṇāvirbhāva-viśeṣa evāyaṁ śrī-gaurāṅgaḥ | ataḥ tadīya-patnī-tat-parikarādibhiḥ saha asya dhyāna-mantrādinā pṛthak-pūjā-paddhatir vidyate śrī-kṛṣṇa-dhyāna-mantrādinaiva tat-siddheḥ, api tu śrī-kṛṣṇāt ṛte śrī-gaurāṅga-pūjā samādheyeti | tan nirasyati—bahir gaura iti nirdeśāt | antaḥ-kṛṣṇatve’pi Z-kṛṣṇāt asya vaiśiṣṭyam āha—bahir gauram iti | apūrvojjvala-hema-varṇam ity arthaḥ | dvāpare atṛpta-kāmaḥ śrī-kṛṣṇaḥ preyasyā varṇa-bhāvābhyām ātmānam ācchādya svīyābhīṣṭa-pūraṇāya kalau śrī-gaurāṅga-rūpeṇāvirbhūtaḥ | ","यद् अपि केचिद् आहुः श्रीकृष्णाविर्भावविशेष एवायं श्रीगौराङ्गः । अतः तदीयपत्नीतत्परिकरादिभिः सह अस्य ध्यानमन्त्रादिना पृथक्पूजापद्धतिर् विद्यते श्रीकृष्णध्यानमन्त्रादिनैव तत्सिद्धेः, अपि तु श्रीकृष्णात् ऋते श्रीगौराङ्गपूजा समाधेयेति । तन् निरस्यति—बहिर् गौर इति निर्देशात् । अन्तःकृष्णत्वेऽपि ज़्कृष्णात् अस्य वैशिष्ट्यम् आह—बहिर् गौरम् इति । अपूर्वोज्ज्वलहेमवर्णम् इत्य् अर्थः । द्वापरे अतृप्तकामः श्रीकृष्णः प्रेयस्या वर्णभावाभ्याम् आत्मानम् आच्छाद्य स्वीयाभीष्टपूरणाय कलौ श्रीगौराङ्गरूपेणाविर्भूतः । ","यद् अपि केचिद् आहुः श्रीकृष्णाविर्भावविशेष एवायꣳ श्रीगौराङ्गः । अतः तदीयपत्नीतत्परिकरादिभिः सह अस्य ध्यानमन्त्रादिना पृथक्पूजापद्धतिर् विद्यते श्रीकृष्णध्यानमन्त्रादिनैव तत्सिद्धेः, अपि तु श्रीकृष्णात् ऋते श्रीगौराङ्गपूजा समाधेयेति । तन् निरस्यति—बहिर् गौर इति निर्देशात् । अन्तःकृष्णत्वेऽपि ज़्कृष्णात् अस्य वैशिष्ट्यम् आह—बहिर् गौरम् इति । अपूर्वोज्ज्वलहेमवर्णम् इत्य् अर्थः । द्वापरे अतृप्तकामः श्रीकृष्णः प्रेयस्या वर्णभावाभ्याम् आत्मानम् आच्छाद्य स्वीयाभीष्टपूरणाय कलौ श्रीगौराङ्गरूपेणाविर्भूतः । "
206,"ataḥ tat-kālocita-dhyānena mantreṇa ca evambhūtasyāsyaitat-kāle kutra pūjādi-sambhavaḥ ? adhikaṁ tu śrī-kṛṣṇasya dhyāna-mantrādau varṇitāḥ ye deha-varṇavayavāḥ taiḥ saha śrī-gaurāṅgasya deha-varṇāvayavāder atyanta-vailakṣaṇyāt tādṛśa-dhyānādes tu rūpādy-ananugatatayā śrī-kṛṣṇasya dhyāna-mantraiḥ śrī-gaurāṅga-pūjā matta-kalpanaiva | ataḥ śrī-gaurāṅga-pūjāyāḥ tad-ucita-mantrāder vyavasthāvaśyaṁ svīkāryā, śāstra-saṅgā ceyam | ānanda-caraṇair api śrī-viṣṇupriyayā saha śrī-gaurāṅgasya yathocita-yugala-mantreṇa śrī-gaura-viṣṇupriyā-yugala-bhajana-sevā-pūjā tathā śrī-nityānandādibhiḥ saha pṛthak pṛthag bhāvena śrī-gaurāṅgasya pūjā tad-ucita-dhyāna-mantreṇa samācaritā | yo vraje nandanandano rādhā-nāthaḥ śrī-kṛṣṇaḥ sa hi atra navadvīpe śacīsutaḥ viṣṇupriyā-nāthaḥ śrī-gaurāṅgaḥ saṁvṛttaḥ | yā vraje vṛṣabhānu-nandinī kṛṣṇa-priyā śrī-rādhā, sā hi navadvīpe sanātana-sutā gaura-priyā śrī-viṣṇupriyā |","अतः तत्कालोचितध्यानेन मन्त्रेण च एवम्भूतस्यास्यैतत्काले कुत्र पूजादिसम्भवः ? अधिकं तु श्रीकृष्णस्य ध्यानमन्त्रादौ वर्णिताः ये देहवर्णवयवाः तैः सह श्रीगौराङ्गस्य देहवर्णावयवादेर् अत्यन्तवैलक्षण्यात् तादृशध्यानादेस् तु रूपाद्यननुगततया श्रीकृष्णस्य ध्यानमन्त्रैः श्रीगौराङ्गपूजा मत्तकल्पनैव । अतः श्रीगौराङ्गपूजायाः तदुचितमन्त्रादेर् व्यवस्थावश्यं स्वीकार्या, शास्त्रसङ्गा चेयम् । आनन्दचरणैर् अपि श्रीविष्णुप्रियया सह श्रीगौराङ्गस्य यथोचितयुगलमन्त्रेण श्रीगौरविष्णुप्रियायुगलभजनसेवापूजा तथा श्रीनित्यानन्दादिभिः सह पृथक् पृथग् भावेन श्रीगौराङ्गस्य पूजा तदुचितध्यानमन्त्रेण समाचरिता । यो व्रजे नन्दनन्दनो राधानाथः श्रीकृष्णः स हि अत्र नवद्वीपे शचीसुतः विष्णुप्रियानाथः श्रीगौराङ्गः संवृत्तः । या व्रजे वृषभानुनन्दिनी कृष्णप्रिया श्रीराधा, सा हि नवद्वीपे सनातनसुता गौरप्रिया श्रीविष्णुप्रिया ।","अतः तत्कालोचितध्यानेन मन्त्रेण च एवम्भूतस्यास्यैतत्काले कुत्र पूजादिसम्भवः ? अधिकꣳ तु श्रीकृष्णस्य ध्यानमन्त्रादौ वर्णिताः ये देहवर्णवयवाः तैः सह श्रीगौराङ्गस्य देहवर्णावयवादेर् अत्यन्तवैलक्षण्यात् तादृशध्यानादेस् तु रूपाद्यननुगततया श्रीकृष्णस्य ध्यानमन्त्रैः श्रीगौराङ्गपूजा मत्तकल्पनैव । अतः श्रीगौराङ्गपूजायाः तदुचितमन्त्रादेर् व्यवस्थावश्यꣳ स्वीकार्या, शास्त्रसङ्गा चेयम् । आनन्दचरणैर् अपि श्रीविष्णुप्रियया सह श्रीगौराङ्गस्य यथोचितयुगलमन्त्रेण श्रीगौरविष्णुप्रियायुगलभजनसेवापूजा तथा श्रीनित्यानन्दादिभिः सह पृथक् पृथग् भावेन श्रीगौराङ्गस्य पूजा तदुचितध्यानमन्त्रेण समाचरिता । यो व्रजे नन्दनन्दनो राधानाथः श्रीकृष्णः स हि अत्र नवद्वीपे शचीसुतः विष्णुप्रियानाथः श्रीगौराङ्गः सꣳवृत्तः । या व्रजे वृषभानुनन्दिनी कृष्णप्रिया श्रीराधा, सा हि नवद्वीपे सनातनसुता गौरप्रिया श्रीविष्णुप्रिया ।"
208,"atrāpare pratyavatiṣṭhate | yadyapi yugāvatāra-nirṇaya-prasaṅge bhāgavatādi-śāstra-pramāṇakaḥ śrī-gaurāṅgaḥ, tathāpi śrī-kṛṣṇa-tattvād apakṛṣṭatayā śrī-gaurāṅga-tattvaṁ śāstreṇa samarthyate, yathā matsyādy-avatāra-tattvāni | kutaḥ etat ? śrī-kṛṣṇāt śrī-gaurāṅgasya pṛthag-dhyāna-mantrādīnāṁ svīkāre’pi śrī-gaurāṅgopāsanāyā ānarthakya-prasaṅgaḥ | dṛśyate ca śāstre—ete cāṁśa-kalāḥ puṁsaḥ kṛṣṇas tu bhagavān svayaṁ [bhā.pu. 1.3.28] iti | ","अत्रापरे प्रत्यवतिष्ठते । यद्यपि युगावतारनिर्णयप्रसङ्गे भागवतादिशास्त्रप्रमाणकः श्रीगौराङ्गः, तथापि श्रीकृष्णतत्त्वाद् अपकृष्टतया श्रीगौराङ्गतत्त्वं शास्त्रेण समर्थ्यते, यथा मत्स्याद्यवतारतत्त्वानि । कुतः एतत् ? श्रीकृष्णात् श्रीगौराङ्गस्य पृथग्ध्यानमन्त्रादीनां स्वीकारेऽपि श्रीगौराङ्गोपासनाया आनर्थक्यप्रसङ्गः । दृश्यते च शास्त्रे—एते चांशकलाः पुंसः कृष्णस् तु भगवान् स्वयं [भा.पु. १.३.२८] इति । ","अत्रापरे प्रत्यवतिष्ठते । यद्यपि युगावतारनिर्णयप्रसङ्गे भागवतादिशास्त्रप्रमाणकः श्रीगौराङ्गः, तथापि श्रीकृष्णतत्त्वाद् अपकृष्टतया श्रीगौराङ्गतत्त्वꣳ शास्त्रेण समर्थ्यते, यथा मत्स्याद्यवतारतत्त्वानि । कुतः एतत् ? श्रीकृष्णात् श्रीगौराङ्गस्य पृथग्ध्यानमन्त्रादीनाꣳ स्वीकारेऽपि श्रीगौराङ्गोपासनाया आनर्थक्यप्रसङ्गः । दृश्यते च शास्त्रे—एते चाꣳशकलाः पुꣳसः कृष्णस् तु भगवान् स्वयꣳ [भा.पु. १.३.२८] इति । "
210,"atrābhidhīyate—na, etat tattvayor utkṛṣṭāpakṛṣṭa-parikalpanāyāḥ śāstra-vigarhitatvāt | yaḥ śrī-kṛṣṇaḥ, sa eva śrī-gaurāṅgaḥ | mastyādīnāṁ tu aṁśatvāt aṁśini kṛṣṇe paryavasānaṁ na viruddham, kintu śrī-gaurāṅgaḥ matsyādivat na aṁśaḥ, yenāsyāvasānaṁ śrī-kṛṣṇe kalpyeta, api tu śrī-kṛṣṇasya pūrṇāvirbhāva-viśeṣatvāt śrī-gaurāṅgo hi ṣaḍ-aiśvaryaiḥ pūrṇaḥ svayaṁ bhagavān, yad uktaṁ vṛddhānandaiḥ—","अत्राभिधीयते—न, एतत् तत्त्वयोर् उत्कृष्टापकृष्टपरिकल्पनायाः शास्त्रविगर्हितत्वात् । यः श्रीकृष्णः, स एव श्रीगौराङ्गः । मस्त्यादीनां तु अंशत्वात् अंशिनि कृष्णे पर्यवसानं न विरुद्धम्, किन्तु श्रीगौराङ्गः मत्स्यादिवत् न अंशः, येनास्यावसानं श्रीकृष्णे कल्प्येत, अपि तु श्रीकृष्णस्य पूर्णाविर्भावविशेषत्वात् श्रीगौराङ्गो हि षडैश्वर्यैः पूर्णः स्वयं भगवान्, यद् उक्तं वृद्धानन्दैः—","अत्राभिधीयते—न, एतत् तत्त्वयोर् उत्कृष्टापकृष्टपरिकल्पनायाः शास्त्रविगर्हितत्वात् । यः श्रीकृष्णः, स एव श्रीगौराङ्गः । मस्त्यादीनाꣳ तु अꣳशत्वात् अꣳशिनि कृष्णे पर्यवसानꣳ न विरुद्धम्, किन्तु श्रीगौराङ्गः मत्स्यादिवत् न अꣳशः, येनास्यावसानꣳ श्रीकृष्णे कल्प्येत, अपि तु श्रीकृष्णस्य पूर्णाविर्भावविशेषत्वात् श्रीगौराङ्गो हि षडैश्वर्यैः पूर्णः स्वयꣳ भगवान्, यद् उक्तꣳ वृद्धानन्दैः—"
213,na caitanyāt kṛṣṇāt jagati para-tattvaṁ param iha || iti |,न चैतन्यात् कृष्णात् जगति परतत्त्वं परम् इह ॥ इति ।,न चैतन्यात् कृष्णात् जगति परतत्त्वꣳ परम् इह ॥ इति ।
215,"śrī-kṛṣṇa-caitanya-śabdaḥ hi śrī-gaurāṅgasya sannyāsa-kālocita-nāma-viśeṣaḥ | nimāi, viśvambharaḥ, viṣṇupriyā-nāthaḥ, mahāprabhuḥ, navadvīpa-candraḥ, nadīyā-vihārī, ity-ādīni asya śrī-gaurāṅgasya apara-nāmāni saṁskṛta-prākṛta-bhāṣā-prasiddhāni | ataḥ śrī-gaurāṅga-tattvam eva hi para-tattvam adhunā kalau iti niṣkarṣaḥ |","श्रीकृष्णचैतन्यशब्दः हि श्रीगौराङ्गस्य सन्न्यासकालोचितनामविशेषः । निमाइ, विश्वम्भरः, विष्णुप्रियानाथः, महाप्रभुः, नवद्वीपचन्द्रः, नदीयाविहारी, इत्यादीनि अस्य श्रीगौराङ्गस्य अपरनामानि संस्कृतप्राकृतभाषाप्रसिद्धानि । अतः श्रीगौराङ्गतत्त्वम् एव हि परतत्त्वम् अधुना कलौ इति निष्कर्षः ।","श्रीकृष्णचैतन्यशब्दः हि श्रीगौराङ्गस्य सन्न्यासकालोचितनामविशेषः । निमाइ, विश्वम्भरः, विष्णुप्रियानाथः, महाप्रभुः, नवद्वीपचन्द्रः, नदीयाविहारी, इत्यादीनि अस्य श्रीगौराङ्गस्य अपरनामानि सꣳस्कृतप्राकृतभाषाप्रसिद्धानि । अतः श्रीगौराङ्गतत्त्वम् एव हि परतत्त्वम् अधुना कलौ इति निष्कर्षः ।"
217,śaktyā saha abhinnaḥ puruṣottamaḥ nitya-līlā-rasāsvādana-paro’pi vipralambhādi-yuktāpūrva-rasāsvādanārthaṁ hlādinī-śaktyā saha vibhinnaḥ san yo vraje śrī-nandanandana-rūpeṇāvirbhūtaḥ so’dhunā kalau pūrva-sañjāta-pipāsāyā rasa-viśeṣāsvādan ena nivāraṇārthaṁ punaḥ hlādinī-śaktyā saha ekībhūtaḥ san śrī-gaurāṅga-rūpeṇāvatīrṇaḥ | ārṣaś cāyaṁ—,शक्त्या सह अभिन्नः पुरुषोत्तमः नित्यलीलारसास्वादनपरोऽपि विप्रलम्भादियुक्तापूर्वरसास्वादनार्थं ह्लादिनीशक्त्या सह विभिन्नः सन् यो व्रजे श्रीनन्दनन्दनरूपेणाविर्भूतः सोऽधुना कलौ पूर्वसञ्जातपिपासाया रसविशेषास्वादन् एन निवारणार्थं पुनः ह्लादिनीशक्त्या सह एकीभूतः सन् श्रीगौराङ्गरूपेणावतीर्णः । आर्षश् चायं—,शक्त्या सह अभिन्नः पुरुषोत्तमः नित्यलीलारसास्वादनपरोऽपि विप्रलम्भादियुक्तापूर्वरसास्वादनार्थꣳ ह्लादिनीशक्त्या सह विभिन्नः सन् यो व्रजे श्रीनन्दनन्दनरूपेणाविर्भूतः सोऽधुना कलौ पूर्वसञ्जातपिपासाया रसविशेषास्वादन् एन निवारणार्थꣳ पुनः ह्लादिनीशक्त्या सह एकीभूतः सन् श्रीगौराङ्गरूपेणावतीर्णः । आर्षश् चायꣳ—
220,ekātmānāv api bhuvi purā deha-bhedaṁ gatau tau |,एकात्मानाव् अपि भुवि पुरा देहभेदं गतौ तौ ।,एकात्मानाव् अपि भुवि पुरा देहभेदꣳ गतौ तौ ।
221,caitanyākhyaṁ prakaṁam adhunā tad-dvayaṁ caikyam āptaṁ,चैतन्याख्यं प्रकंअम् अधुना तद्द्वयं चैक्यम् आप्तं,चैतन्याख्यꣳ प्रकꣳअम् अधुना तद्द्वयꣳ चैक्यम् आप्तꣳ
222,rādhā-bhāva-dyuti-suvalitaṁ naumi kṛṣṇa-svarūpam || [cai.ca. 1.1.5] iti |,राधाभावद्युतिसुवलितं नौमि कृष्णस्वरूपम् ॥ [चै.च. १.१.५] इति ।,राधाभावद्युतिसुवलितꣳ नौमि कृष्णस्वरूपम् ॥ [चै.च. १.१.५] इति ।
224,"śrīmad-bhāgavata-nibaddhaṁ śrī-kṛṣṇoktam, na pāraye’haṁ niravadya ity-ādi-ślokena yat śrī-kṛṣṇa-tattva-mādhuryaṁ prakāśitaṁ tad adhunābhinava-mādhuryāntara-saṁyuktaṁ sat śrī-gaurāṅga-tattvākāreṇa parisphuṭam | yad vā, śrī-kṛṣṇa-tattvaṁ hi hlādinī-śaktyā saha prema-rasena paripākāvasthāntaraṁ prāpya śrī-gaurāṅga-rūpeṇa paryavasitam | tena ca śrī-kṛṣṇa-tattvāt etasya śrī-gaurāṅga-tattvasyāsvādana-vaiśiṣṭyaṁ ca—para-tattvaṁ param iha iti upāsakānām anubhava-balena suṣṭhu saṅgacchate |","श्रीमद्भागवतनिबद्धं श्रीकृष्णोक्तम्, न पारयेऽहं निरवद्य इत्यादिश्लोकेन यत् श्रीकृष्णतत्त्वमाधुर्यं प्रकाशितं तद् अधुनाभिनवमाधुर्यान्तरसंयुक्तं सत् श्रीगौराङ्गतत्त्वाकारेण परिस्फुटम् । यद् वा, श्रीकृष्णतत्त्वं हि ह्लादिनीशक्त्या सह प्रेमरसेन परिपाकावस्थान्तरं प्राप्य श्रीगौराङ्गरूपेण पर्यवसितम् । तेन च श्रीकृष्णतत्त्वात् एतस्य श्रीगौराङ्गतत्त्वस्यास्वादनवैशिष्ट्यं च—परतत्त्वं परम् इह इति उपासकानाम् अनुभवबलेन सुष्ठु सङ्गच्छते ।","श्रीमद्भागवतनिबद्धꣳ श्रीकृष्णोक्तम्, न पारयेऽहꣳ निरवद्य इत्यादिश्लोकेन यत् श्रीकृष्णतत्त्वमाधुर्यꣳ प्रकाशितꣳ तद् अधुनाभिनवमाधुर्यान्तरसꣳयुक्तꣳ सत् श्रीगौराङ्गतत्त्वाकारेण परिस्फुटम् । यद् वा, श्रीकृष्णतत्त्वꣳ हि ह्लादिनीशक्त्या सह प्रेमरसेन परिपाकावस्थान्तरꣳ प्राप्य श्रीगौराङ्गरूपेण पर्यवसितम् । तेन च श्रीकृष्णतत्त्वात् एतस्य श्रीगौराङ्गतत्त्वस्यास्वादनवैशिष्ट्यꣳ च—परतत्त्वꣳ परम् इह इति उपासकानाम् अनुभवबलेन सुष्ठु सङ्गच्छते ।"
226,śrī-kṛṣṇāvirbhāva-viśeṣa evāyaṁ śrī-gaurāṅgaḥ | tathā ca tasya parameśvaratva-jñāpaka-śāstra-vākyāni uddhṛtāni | adhunā punaḥ tṇay apy aparāṇi veda-vyāsādibhiḥ uṭṭaṅkitāni upasthāpyante | dṛśyate ca purāṇe—,श्रीकृष्णाविर्भावविशेष एवायं श्रीगौराङ्गः । तथा च तस्य परमेश्वरत्वज्ञापकशास्त्रवाक्यानि उद्धृतानि । अधुना पुनः त्णय् अप्य् अपराणि वेदव्यासादिभिः उट्टङ्कितानि उपस्थाप्यन्ते । दृश्यते च पुराणे—,श्रीकृष्णाविर्भावविशेष एवायꣳ श्रीगौराङ्गः । तथा च तस्य परमेश्वरत्वज्ञापकशास्त्रवाक्यानि उद्धृतानि । अधुना पुनः त्णय् अप्य् अपराणि वेदव्यासादिभिः उट्टङ्कितानि उपस्थाप्यन्ते । दृश्यते च पुराणे—
229,hari-bhaktiṁ grāhayāmi kalau pāpa-hatān narān || iti |,हरिभक्तिं ग्राहयामि कलौ पापहतान् नरान् ॥ इति ।,हरिभक्तिꣳ ग्राहयामि कलौ पापहतान् नरान् ॥ इति ।
237,kriyāmāsāmagaḥ sāmo nirvāṇaṁ bheṣajaṁ bhiṣak |,क्रियामासामगः सामो निर्वाणं भेषजं भिषक् ।,क्रियामासामगः सामो निर्वाणꣳ भेषजꣳ भिषक् ।
241,āsan varṇās trayo hy asya gṛhṇato’nuyugaṁ tanuḥ |,आसन् वर्णास् त्रयो ह्य् अस्य गृह्णतोऽनुयुगं तनुः ।,आसन् वर्णास् त्रयो ह्य् अस्य गृह्णतोऽनुयुगꣳ तनुः ।
242,	śuklo raktas tathā pīta idānīṁ kṛṣṇatāṁ gataḥ || [bhā.pu. 10.8.13] iti |,	शुक्लो रक्तस् तथा पीत इदानीं कृष्णतां गतः ॥ [भा.पु. १०.८.१३] इति ।,	शुक्लो रक्तस् तथा पीत इदानीꣳ कृष्णताꣳ गतः ॥ [भा.पु. १०.८.१३] इति ।
246,kṛṣṇa-varṇaṁ tviṣākṛṣṇaṁ sāṅgopāṅgāstra-pārṣadam |,कृष्णवर्णं त्विषाकृष्णं साङ्गोपाङ्गास्त्रपार्षदम् ।,कृष्णवर्णꣳ त्विषाकृष्णꣳ साङ्गोपाङ्गास्त्रपार्षदम् ।
250,kaleḥ prathama-sandhyāyāṁ gaurāṅgo’haṁ mahī-tale |,कलेः प्रथमसन्ध्यायां गौराङ्गोऽहं महीतले ।,कलेः प्रथमसन्ध्यायाꣳ गौराङ्गोऽहꣳ महीतले ।
252,aham eva kalau vipra nityaṁ pracchanna-vigrahaḥ |,अहम् एव कलौ विप्र नित्यं प्रच्छन्नविग्रहः ।,अहम् एव कलौ विप्र नित्यꣳ प्रच्छन्नविग्रहः ।
254,ahaṁ pūrṇo bhaviṣyāmi yuga-sandhau viśeṣataḥ |,अहं पूर्णो भविष्यामि युगसन्धौ विशेषतः ।,अहꣳ पूर्णो भविष्यामि युगसन्धौ विशेषतः ।
255,gaṅgā-tīre navadvīpe vāram ekaṁ śacī-sutaḥ || iti |,गङ्गातीरे नवद्वीपे वारम् एकं शचीसुतः ॥ इति ।,गङ्गातीरे नवद्वीपे वारम् एकꣳ शचीसुतः ॥ इति ।
257,uktaṁ ca ananta-saṁhitāyāṁ śrī-bhagavatā—,उक्तं च अनन्तसंहितायां श्रीभगवता—,उक्तꣳ च अनन्तसꣳहितायाꣳ श्रीभगवता—
262,gaṅgāyāṁ dakṣiṇe bhāge navadvīpe manorame |,गङ्गायां दक्षिणे भागे नवद्वीपे मनोरमे ।,गङ्गायाꣳ दक्षिणे भागे नवद्वीपे मनोरमे ।
263,phālgunyāṁ paurṇamāsyāṁ vai niśāyāṁ gaura-vigrahaḥ || iti |,फाल्गुन्यां पौर्णमास्यां वै निशायां गौरविग्रहः ॥ इति ।,फाल्गुन्याꣳ पौर्णमास्याꣳ वै निशायाꣳ गौरविग्रहः ॥ इति ।
265,api ca ūrdhvāmnāya-saṁhitāyāṁ śrī-bhagavad-vākyaṁ—,अपि च ऊर्ध्वाम्नायसंहितायां श्रीभगवद्वाक्यं—,अपि च ऊर्ध्वाम्नायसꣳहितायाꣳ श्रीभगवद्वाक्यꣳ—
266,kṛṣṇaṁ vadiṣyanti janāḥ kaṁsārātiṁ surās tathā |,कृष्णं वदिष्यन्ति जनाः कंसारातिं सुरास् तथा ।,कृष्णꣳ वदिष्यन्ति जनाः कꣳसारातिꣳ सुरास् तथा ।
267,paurṇamāsyāṁ phālgunasya phālgunī-ṛkṣa-yogataḥ ||,पौर्णमास्यां फाल्गुनस्य फाल्गुनीऋक्षयोगतः ॥,पौर्णमास्याꣳ फाल्गुनस्य फाल्गुनीऋक्षयोगतः ॥
272,kalau purandarāt śacyāṁ gaura-rūpo vibhuḥ smṛtaḥ |,कलौ पुरन्दरात् शच्यां गौररूपो विभुः स्मृतः ।,कलौ पुरन्दरात् शच्याꣳ गौररूपो विभुः स्मृतः ।
284,sukhāvahaḥ syāl lokānāṁ tan me brūhi mahā-mune ||,सुखावहः स्याल् लोकानां तन् मे ब्रूहि महामुने ॥,सुखावहः स्याल् लोकानाꣳ तन् मे ब्रूहि महामुने ॥
287,mantraṁ vakṣyāmi te brahman mahā-puṇya-pradaṁ śubham ||,मन्त्रं वक्ष्यामि ते ब्रह्मन् महापुण्यप्रदं शुभम् ॥,मन्त्रꣳ वक्ष्यामि ते ब्रह्मन् महापुण्यप्रदꣳ शुभम् ॥
288,oṁ gaurāya namaḥ ity eṣa mantro lokeṣu pūjitaḥ |,ॐ गौराय नमः इत्य् एष मन्त्रो लोकेषु पूजितः ।,ओꣳ गौराय नमः इत्य् एष मन्त्रो लोकेषु पूजितः ।
290,evaṁ bahu-vidhā brahman mantrās te parikīrtitāḥ |,एवं बहुविधा ब्रह्मन् मन्त्रास् ते परिकीर्तिताः ।,एवꣳ बहुविधा ब्रह्मन् मन्त्रास् ते परिकीर्तिताः ।
292,vṛndāvane ca mantro’yaṁ sādhitaḥ siddhim āpnuyāt ||,वृन्दावने च मन्त्रोऽयं साधितः सिद्धिम् आप्नुयात् ॥,वृन्दावने च मन्त्रोऽयꣳ साधितः सिद्धिम् आप्नुयात् ॥
294,ity ādīni śrī-ūrdhvāmnāya-saṁhitāyāṁ gaura-mantroddhāra-nāma tṛtīyādhyāyaḥ | atha īśāna-saṁhitāyāṁ śrī-pārvatīṁ prati śrī-mahādeva-vākyam—,इत्य् आदीनि श्रीऊर्ध्वाम्नायसंहितायां गौरमन्त्रोद्धारनाम तृतीयाध्यायः । अथ ईशानसंहितायां श्रीपार्वतीं प्रति श्रीमहादेववाक्यम्—,इत्य् आदीनि श्रीऊर्ध्वाम्नायसꣳहितायाꣳ गौरमन्त्रोद्धारनाम तृतीयाध्यायः । अथ ईशानसꣳहितायाꣳ श्रीपार्वतीꣳ प्रति श्रीमहादेववाक्यम्—
296,aparaṁ śṛṇu cārvaṅgi mantra-rājam imaṁ priye |,अपरं शृणु चार्वङ्गि मन्त्रराजम् इमं प्रिये ।,अपरꣳ शृणु चार्वङ्गि मन्त्रराजम् इमꣳ प्रिये ।
297,ādau māyāṁ samuccārya gauracandraṁ tato vadet |,आदौ मायां समुच्चार्य गौरचन्द्रं ततो वदेत् ।,आदौ मायाꣳ समुच्चार्य गौरचन्द्रꣳ ततो वदेत् ।
298,bhakti-yogena gaurāṅgaṁ pūjayet priye || ity ādīni |,भक्तियोगेन गौराङ्गं पूजयेत् प्रिये ॥ इत्य् आदीनि ।,भक्तियोगेन गौराङ्गꣳ पूजयेत् प्रिये ॥ इत्य् आदीनि ।
300,tathā hi—namasyāmi śacī-putraṁ gauracandram ity-ādi śrī-gaurāṅga-deva-stotram | śrīman-mauktika-dāma-baddha-cikuram ity-ādi śrī-gaurāṅga-mahāprabhor dhyānam—,तथा हि—नमस्यामि शचीपुत्रं गौरचन्द्रम् इत्यादि श्रीगौराङ्गदेवस्तोत्रम् । श्रीमन्मौक्तिकदामबद्धचिकुरम् इत्यादि श्रीगौराङ्गमहाप्रभोर् ध्यानम्—,तथा हि—नमस्यामि शचीपुत्रꣳ गौरचन्द्रम् इत्यादि श्रीगौराङ्गदेवस्तोत्रम् । श्रीमन्मौक्तिकदामबद्धचिकुरम् इत्यादि श्रीगौराङ्गमहाप्रभोर् ध्यानम्—
305,"iti śrī-gaurāṅga-mahāprabhoḥ praṇāma-mantraḥ | śloke tu “sa-putrāya” iti padena “putraḥ” śrī-viṣṇupriyāyāḥ sahodarānuja-śrī-yādavācāryaḥ, tena saha avasthito yaḥ śrī-gaurāṅga-mahāprabhuḥ, tasmai iti | putratvena śrī-yādavācārya-pratipālya-svīya-sevādhikāraṁ śrī-gaurāṅga-mahāprabhuḥ tasmai parama-kṛpayā dadau | tataḥ śrī-yādavācāryasya gaurāṅga-putratvaṁ siddham | “sa-kalatrāya” iti | śacīnandanāya vidmahe ity-ādi hi śrī-gaurāṅga-gāyatrī | adhunā sampravakṣyāmi kavacaṁ sarva-siddhidam ity-ādi śrī-gaurāṅga-kavacam | etāni sarvāṇi hi śāstrebhyaḥ avabodhanīyāni |","इति श्रीगौराङ्गमहाप्रभोः प्रणाममन्त्रः । श्लोके तु “सपुत्राय” इति पदेन “पुत्रः” श्रीविष्णुप्रियायाः सहोदरानुजश्रीयादवाचार्यः, तेन सह अवस्थितो यः श्रीगौराङ्गमहाप्रभुः, तस्मै इति । पुत्रत्वेन श्रीयादवाचार्यप्रतिपाल्यस्वीयसेवाधिकारं श्रीगौराङ्गमहाप्रभुः तस्मै परमकृपया ददौ । ततः श्रीयादवाचार्यस्य गौराङ्गपुत्रत्वं सिद्धम् । “सकलत्राय” इति । शचीनन्दनाय विद्महे इत्यादि हि श्रीगौराङ्गगायत्री । अधुना सम्प्रवक्ष्यामि कवचं सर्वसिद्धिदम् इत्यादि श्रीगौराङ्गकवचम् । एतानि सर्वाणि हि शास्त्रेभ्यः अवबोधनीयानि ।","इति श्रीगौराङ्गमहाप्रभोः प्रणाममन्त्रः । श्लोके तु “सपुत्राय” इति पदेन “पुत्रः” श्रीविष्णुप्रियायाः सहोदरानुजश्रीयादवाचार्यः, तेन सह अवस्थितो यः श्रीगौराङ्गमहाप्रभुः, तस्मै इति । पुत्रत्वेन श्रीयादवाचार्यप्रतिपाल्यस्वीयसेवाधिकारꣳ श्रीगौराङ्गमहाप्रभुः तस्मै परमकृपया ददौ । ततः श्रीयादवाचार्यस्य गौराङ्गपुत्रत्वꣳ सिद्धम् । “सकलत्राय” इति । शचीनन्दनाय विद्महे इत्यादि हि श्रीगौराङ्गगायत्री । अधुना सम्प्रवक्ष्यामि कवचꣳ सर्वसिद्धिदम् इत्यादि श्रीगौराङ्गकवचम् । एतानि सर्वाणि हि शास्त्रेभ्यः अवबोधनीयानि ।"
307,ataḥ pūrvollikhita-śāstra-vākya-samanvayāt śrī-gaurāṅgasya parameśvaratvaṁ śrī-kṛṣṇāvirbhāva-viśeṣatvaṁ ca siddham | na ca etad-vākya-gatānāṁ padānāṁ śrī-gaurāṅga-svarūpa-viṣayatve yāthārthyena avagamyamāne arthāntara-kalpanā | yuktā śruta-hāny-aśruta-kalpanā-prasaṅgāt | dvāpare yaḥ śrī-kṛṣṇaḥ kalau sa eva śrī-gaurāṅga iti śāstra-vidāṁ tātparyam | ato yathocita-dhyāna-mantrādinā śrī-gaurāṅgopāsanāyā avaśya-kartavyatā prāpā | akaraṇe pratyaveyū puruṣāpasadāḥ | śrī-gaurāṅgam anādṛtya śrī-kṛṣṇa-bhajana-sevā-ratasya jarāsandhādivat asuratvaṁ jñeyam | tasmāt—śrī-gaurāṅgopāsanāyāḥ ānarthakya-prasaṅga iti vacanaṁ sāhasa-mātram |,अतः पूर्वोल्लिखितशास्त्रवाक्यसमन्वयात् श्रीगौराङ्गस्य परमेश्वरत्वं श्रीकृष्णाविर्भावविशेषत्वं च सिद्धम् । न च एतद्वाक्यगतानां पदानां श्रीगौराङ्गस्वरूपविषयत्वे याथार्थ्येन अवगम्यमाने अर्थान्तरकल्पना । युक्ता श्रुतहान्यश्रुतकल्पनाप्रसङ्गात् । द्वापरे यः श्रीकृष्णः कलौ स एव श्रीगौराङ्ग इति शास्त्रविदां तात्पर्यम् । अतो यथोचितध्यानमन्त्रादिना श्रीगौराङ्गोपासनाया अवश्यकर्तव्यता प्रापा । अकरणे प्रत्यवेयू पुरुषापसदाः । श्रीगौराङ्गम् अनादृत्य श्रीकृष्णभजनसेवारतस्य जरासन्धादिवत् असुरत्वं ज्ञेयम् । तस्मात्—श्रीगौराङ्गोपासनायाः आनर्थक्यप्रसङ्ग इति वचनं साहसमात्रम् ।,अतः पूर्वोल्लिखितशास्त्रवाक्यसमन्वयात् श्रीगौराङ्गस्य परमेश्वरत्वꣳ श्रीकृष्णाविर्भावविशेषत्वꣳ च सिद्धम् । न च एतद्वाक्यगतानाꣳ पदानाꣳ श्रीगौराङ्गस्वरूपविषयत्वे याथार्थ्येन अवगम्यमाने अर्थान्तरकल्पना । युक्ता श्रुतहान्यश्रुतकल्पनाप्रसङ्गात् । द्वापरे यः श्रीकृष्णः कलौ स एव श्रीगौराङ्ग इति शास्त्रविदाꣳ तात्पर्यम् । अतो यथोचितध्यानमन्त्रादिना श्रीगौराङ्गोपासनाया अवश्यकर्तव्यता प्रापा । अकरणे प्रत्यवेयू पुरुषापसदाः । श्रीगौराङ्गम् अनादृत्य श्रीकृष्णभजनसेवारतस्य जरासन्धादिवत् असुरत्वꣳ ज्ञेयम् । तस्मात्—श्रीगौराङ्गोपासनायाः आनर्थक्यप्रसङ्ग इति वचनꣳ साहसमात्रम् ।
309,"ye ca kaulaṭerāḥ śrī-kṛṣṇa-bhakti-vyājātiśayena śrī-gaurāṅga-tattvam anyathā kalpayanti, tathā bhāva-sindhu-śrī-gaurāṅgasya vibhinna-bhāvottha-vākyāvalīm anucintya—asau gaurāṅgaḥ śrī-kṛṣṇasya dāsaḥ, na tu parameśvaraḥ ity evaṁ jalpanti ca, mṛdaṅga-karatāla-vādyādibhiḥ saha saṅkīrtanaṁna dharmāṅgam iti sva-jātīya-sahacara-vākya-balena saṅkīrtana-yajñasyāpakṛṣṭatāṁ sādhayanti, matsyādivad avatāra-rūpeṇa parama-sādhāraṇa-manuṣya-rūpeṇa bhāgavata-rūpeṇa vā, amuṁ śrī-gaurāṅgaṁ cintayanti, teṣāṁ gaṇḍe pañca-capeṭikā-svarūpaṁ śrī-gaurāṅga-tattva-māhātmya-siddhānta-sāhācārya-vareṇyaḥ ","ये च कौलटेराः श्रीकृष्णभक्तिव्याजातिशयेन श्रीगौराङ्गतत्त्वम् अन्यथा कल्पयन्ति, तथा भावसिन्धुश्रीगौराङ्गस्य विभिन्नभावोत्थवाक्यावलीम् अनुचिन्त्य—असौ गौराङ्गः श्रीकृष्णस्य दासः, न तु परमेश्वरः इत्य् एवं जल्पन्ति च, मृदङ्गकरतालवाद्यादिभिः सह सङ्कीर्तनंन धर्माङ्गम् इति स्वजातीयसहचरवाक्यबलेन सङ्कीर्तनयज्ञस्यापकृष्टतां साधयन्ति, मत्स्यादिवद् अवताररूपेण परमसाधारणमनुष्यरूपेण भागवतरूपेण वा, अमुं श्रीगौराङ्गं चिन्तयन्ति, तेषां गण्डे पञ्चचपेटिकास्वरूपं श्रीगौराङ्गतत्त्वमाहात्म्यसिद्धान्तसाहाचार्यवरेण्यः ","ये च कौलटेराः श्रीकृष्णभक्तिव्याजातिशयेन श्रीगौराङ्गतत्त्वम् अन्यथा कल्पयन्ति, तथा भावसिन्धुश्रीगौराङ्गस्य विभिन्नभावोत्थवाक्यावलीम् अनुचिन्त्य—असौ गौराङ्गः श्रीकृष्णस्य दासः, न तु परमेश्वरः इत्य् एवꣳ जल्पन्ति च, मृदङ्गकरतालवाद्यादिभिः सह सङ्कीर्तनꣳन धर्माङ्गम् इति स्वजातीयसहचरवाक्यबलेन सङ्कीर्तनयज्ञस्यापकृष्टताꣳ साधयन्ति, मत्स्यादिवद् अवताररूपेण परमसाधारणमनुष्यरूपेण भागवतरूपेण वा, अमुꣳ श्रीगौराङ्गꣳ चिन्तयन्ति, तेषाꣳ गण्डे पञ्चचपेटिकास्वरूपꣳ श्रीगौराङ्गतत्त्वमाहात्म्यसिद्धान्तसाहाचार्यवरेण्यः "
311,yad advaitaṁ brahmopaniṣadi tad apy asya tanu-bhā,यद् अद्वैतं ब्रह्मोपनिषदि तद् अप्य् अस्य तनुभा,यद् अद्वैतꣳ ब्रह्मोपनिषदि तद् अप्य् अस्य तनुभा
312,ya ātmāntaryāmī puruṣa iti so 'syāṁśa-vibhavaḥ |,य आत्मान्तर्यामी पुरुष इति सो ऽस्यांशविभवः ।,य आत्मान्तर्यामी पुरुष इति सो ऽस्याꣳशविभवः ।
313,ṣaḍ-aiśvaryaiḥ pūrṇo ya iha bhagavān sa svayam ayaṁ,षडैश्वर्यैः पूर्णो य इह भगवान् स स्वयम् अयं,षडैश्वर्यैः पूर्णो य इह भगवान् स स्वयम् अयꣳ
314,na caitanyāt kṛṣṇāj jagati para-tattvaṁ param iha || [cai.ca. 1.1.3] iti |,न चैतन्यात् कृष्णाज् जगति परतत्त्वं परम् इह ॥ [चै.च. १.१.३] इति ।,न चैतन्यात् कृष्णाज् जगति परतत्त्वꣳ परम् इह ॥ [चै.च. १.१.३] इति ।
316,"yā avyavasitā buddhiḥ nikhila-loka-pati-śrī-gaurāṅgaṁ tyaktvā aanyatra dhāvati, sā matiḥ kulaṭā, tayā paricālitaḥ paripuṣṭaḥ yaḥ jīvaḥ sa kaulaṭeraḥ | paripoṣaṇāt asyā mateḥ mātṛtvam, paripoṣyatvāt jīvasya putratvam, ataḥ kaulaṭeratvam eṣāṁ sāmpratam eva |","या अव्यवसिता बुद्धिः निखिललोकपतिश्रीगौराङ्गं त्यक्त्वा अअन्यत्र धावति, सा मतिः कुलटा, तया परिचालितः परिपुष्टः यः जीवः स कौलटेरः । परिपोषणात् अस्या मतेः मातृत्वम्, परिपोष्यत्वात् जीवस्य पुत्रत्वम्, अतः कौलटेरत्वम् एषां साम्प्रतम् एव ।","या अव्यवसिता बुद्धिः निखिललोकपतिश्रीगौराङ्गꣳ त्यक्त्वा अअन्यत्र धावति, सा मतिः कुलटा, तया परिचालितः परिपुष्टः यः जीवः स कौलटेरः । परिपोषणात् अस्या मतेः मातृत्वम्, परिपोष्यत्वात् जीवस्य पुत्रत्वम्, अतः कौलटेरत्वम् एषाꣳ साम्प्रतम् एव ।"
318,kali-pāvanāvatāra-śrī-gaurāṅgasya parameśvaratvaṁ jñāpayati—“darśitāṅgādi-vaibhavam” iti | ye tāvat sattva-guṇa-vivarjitāḥ abhaktās te śrī-kṛṣṇa-caitanya-mahāprabhu-śrī-gaurāṅgam alaukika-guṇa-gaṇaiśvaryādir yuktam api īśvaratvena na jānantīti kautukam | tad uktaṁ yāmunācārya-stotre—,कलिपावनावतारश्रीगौराङ्गस्य परमेश्वरत्वं ज्ञापयति—“दर्शिताङ्गादिवैभवम्” इति । ये तावत् सत्त्वगुणविवर्जिताः अभक्तास् ते श्रीकृष्णचैतन्यमहाप्रभुश्रीगौराङ्गम् अलौकिकगुणगणैश्वर्यादिर् युक्तम् अपि ईश्वरत्वेन न जानन्तीति कौतुकम् । तद् उक्तं यामुनाचार्यस्तोत्रे—,कलिपावनावतारश्रीगौराङ्गस्य परमेश्वरत्वꣳ ज्ञापयति—“दर्शिताङ्गादिवैभवम्” इति । ये तावत् सत्त्वगुणविवर्जिताः अभक्तास् ते श्रीकृष्णचैतन्यमहाप्रभुश्रीगौराङ्गम् अलौकिकगुणगणैश्वर्यादिर् युक्तम् अपि ईश्वरत्वेन न जानन्तीति कौतुकम् । तद् उक्तꣳ यामुनाचार्यस्तोत्रे—
320,tvāṁ śīla-rūpa-caritaiḥ parama-prakṛṣṭaiḥ,त्वां शीलरूपचरितैः परमप्रकृष्टैः,त्वाꣳ शीलरूपचरितैः परमप्रकृष्टैः
322,prakhyāta-daiva-paramārtha-vidāṁ mataiś ca,प्रख्यातदैवपरमार्थविदां मतैश् च,प्रख्यातदैवपरमार्थविदाꣳ मतैश् च
323,naivāsura-prakṛtayaḥ prabhavanti boddhum || [stotra-ratnaṁ 12] iti |,नैवासुरप्रकृतयः प्रभवन्ति बोद्धुम् ॥ [स्तोत्ररत्नं १२] इति ।,नैवासुरप्रकृतयः प्रभवन्ति बोद्धुम् ॥ [स्तोत्ररत्नꣳ १२] इति ।
325,atha grantha-kāraḥ parameśvara-śrī-kṛṣṇa-caitanya-gaurāṅga-mahāprabhoś caraṇa-kamale ātmānaṁ sampūrṇa-rūpeṇa utsargī karoti anyān api tat kartum āhvayati—“kṛṣṇa-caitanyam āśritāḥ” ity anena ||2||,अथ ग्रन्थकारः परमेश्वरश्रीकृष्णचैतन्यगौराङ्गमहाप्रभोश् चरणकमले आत्मानं सम्पूर्णरूपेण उत्सर्गी करोति अन्यान् अपि तत् कर्तुम् आह्वयति—“कृष्णचैतन्यम् आश्रिताः” इत्य् अनेन ॥२॥,अथ ग्रन्थकारः परमेश्वरश्रीकृष्णचैतन्यगौराङ्गमहाप्रभोश् चरणकमले आत्मानꣳ सम्पूर्णरूपेण उत्सर्गी करोति अन्यान् अपि तत् कर्तुम् आह्वयति—“कृष्णचैतन्यम् आश्रिताः” इत्य् अनेन ॥२॥
331,jayatāṁ mathurā-bhūmau śrīla-rūpa-sanātanau |,जयतां मथुराभूमौ श्रीलरूपसनातनौ ।,जयताꣳ मथुराभूमौ श्रीलरूपसनातनौ ।
332,yau vilekhayatas tattvaṁ jñāpakau pustikām imām ||3||,यौ विलेखयतस् तत्त्वं ज्ञापकौ पुस्तिकाम् इमाम् ॥३॥,यौ विलेखयतस् तत्त्वꣳ ज्ञापकौ पुस्तिकाम् इमाम् ॥३॥
334,sarva-saṁvādinī : jayatām iti | jñāpakau jñāpayitum ||3||,सर्वसंवादिनी : जयताम् इति । ज्ञापकौ ज्ञापयितुम् ॥३॥,सर्वसꣳवादिनी : जयताम् इति । ज्ञापकौ ज्ञापयितुम् ॥३॥
336,baladevaḥ : athāśīr namaskāra-rūpaṁ maṅgalam ācarati jayatām iti | śrīlau jñāna-vairāgya-tapaḥ-sampattimantau rūpa-sanātanau me guru-parama-gurū jayataḥ nijotkarṣaṁ prakaṭayatām | mathurā-bhūmāv iti | tatra tayor adhyakṣatā vyajyate | tayor jayo’stv ity āśāsyate | jayatir atra tad itara-sarva-sad-vṛndotkarṣa-vacanaḥ | tad-utkarṣāśrayatvāt tayos tat-sarva-namasyatvam ākṣipyate | tat-sarvāntaḥpātitvāt svasya tau namayāv iti ca vyajyate | tau kīdṛśāv ity āha | yāv imāṁ samdarbhākhyāṁ pustikāṁ vilekhayatas tasyā likhane māṁ pravartayataḥ | buddhau siddhatvāt imām ity uktiḥ | tattvaṁ jñāpakau tattvaṁ vādya-prabhede syāt svarūpe paramātmani iti viśva-koṣāt | pareśaṁ saparikaraṁ jñāpayiṣyantāv ity arthaḥ | kartari bhaviṣyati ṇvul ṣaṣṭhī-niṣedhas tu akenor bhaviṣyad ādhamarṇayoḥ [pā. 2.3.70] iti sūtrāt ||3||,बलदेवः : अथाशीर् नमस्काररूपं मङ्गलम् आचरति जयताम् इति । श्रीलौ ज्ञानवैराग्यतपःसम्पत्तिमन्तौ रूपसनातनौ मे गुरुपरमगुरू जयतः निजोत्कर्षं प्रकटयताम् । मथुराभूमाव् इति । तत्र तयोर् अध्यक्षता व्यज्यते । तयोर् जयोऽस्त्व् इत्य् आशास्यते । जयतिर् अत्र तद् इतरसर्वसद्वृन्दोत्कर्षवचनः । तदुत्कर्षाश्रयत्वात् तयोस् तत्सर्वनमस्यत्वम् आक्षिप्यते । तत्सर्वान्तःपातित्वात् स्वस्य तौ नमयाव् इति च व्यज्यते । तौ कीदृशाव् इत्य् आह । याव् इमां सम्दर्भाख्यां पुस्तिकां विलेखयतस् तस्या लिखने मां प्रवर्तयतः । बुद्धौ सिद्धत्वात् इमाम् इत्य् उक्तिः । तत्त्वं ज्ञापकौ तत्त्वं वाद्यप्रभेदे स्यात् स्वरूपे परमात्मनि इति विश्वकोषात् । परेशं सपरिकरं ज्ञापयिष्यन्ताव् इत्य् अर्थः । कर्तरि भविष्यति ण्वुल् षष्ठीनिषेधस् तु अकेनोर् भविष्यद् आधमर्णयोः [पा. २.३.७०] इति सूत्रात् ॥३॥,बलदेवः : अथाशीर् नमस्काररूपꣳ मङ्गलम् आचरति जयताम् इति । श्रीलौ ज्ञानवैराग्यतपःसम्पत्तिमन्तौ रूपसनातनौ मे गुरुपरमगुरू जयतः निजोत्कर्षꣳ प्रकटयताम् । मथुराभूमाव् इति । तत्र तयोर् अध्यक्षता व्यज्यते । तयोर् जयोऽस्त्व् इत्य् आशास्यते । जयतिर् अत्र तद् इतरसर्वसद्वृन्दोत्कर्षवचनः । तदुत्कर्षाश्रयत्वात् तयोस् तत्सर्वनमस्यत्वम् आक्षिप्यते । तत्सर्वान्तःपातित्वात् स्वस्य तौ नमयाव् इति च व्यज्यते । तौ कीदृशाव् इत्य् आह । याव् इमाꣳ सम्दर्भाख्याꣳ पुस्तिकाꣳ विलेखयतस् तस्या लिखने माꣳ प्रवर्तयतः । बुद्धौ सिद्धत्वात् इमाम् इत्य् उक्तिः । तत्त्वꣳ ज्ञापकौ तत्त्वꣳ वाद्यप्रभेदे स्यात् स्वरूपे परमात्मनि इति विश्वकोषात् । परेशꣳ सपरिकरꣳ ज्ञापयिष्यन्ताव् इत्य् अर्थः । कर्तरि भविष्यति ण्वुल् षष्ठीनिषेधस् तु अकेनोर् भविष्यद् आधमर्णयोः [पा. २.३.७०] इति सूत्रात् ॥३॥
338,rādhā-mohana-gosvāmī : na vyākhyātam.,राधामोहनगोस्वामी : न व्याख्यातम्।,राधामोहनगोस्वामी : न व्याख्यातम्.
340,"gaura-kiśora-gosvāmī : purā kila śrī-rūpa-sanātanau karṇāṭa-deśa-vāsi-prasiddha-brāhmaṇa-vaṁśajau āstām | atha kārya-vyapadeśena tau dvau gauḍe rāja-mantri-rūpeṇa avasatām | tatra śrī-gaurāṅgasyānugata-jana-caraṇa-reṇoḥ sparśena jñāna-vijñāna-tapaḥ-sampattimantau tau kaṭhora-vairāgyam avalambya vraja-bhūmau vasan śrī-gaurāṅga-mahāprabhoḥ sañcārita-śakti-balena vaiṣṇava-śrī-granthādīn prakaṭayāmāsatuḥ | vartamāna-grantha-kāraḥ tayor bhrātuṣputraḥ śiṣyaṁ ca, granthasya nirvighna-parisamāpty-arthaṁ tau dvau namaskaroti | vairāgyānantaraṁ jāgatika-dhana-śūnyatve’pi ahaituka-bhakti-sampatter adhikāritva-hetor anayoḥ śrī-yuktatvāt—śrīla iti | śrī-rūpa-sanātanayor nirdeśena grantha-kārasyeyaṁ grantha-saṅkalana-pravṛttiḥ | dhāmnā saha tayor jayam icchati—jayatām iti ||3||","गौरकिशोरगोस्वामी : पुरा किल श्रीरूपसनातनौ कर्णाटदेशवासिप्रसिद्धब्राह्मणवंशजौ आस्ताम् । अथ कार्यव्यपदेशेन तौ द्वौ गौडे राजमन्त्रिरूपेण अवसताम् । तत्र श्रीगौराङ्गस्यानुगतजनचरणरेणोः स्पर्शेन ज्ञानविज्ञानतपःसम्पत्तिमन्तौ तौ कठोरवैराग्यम् अवलम्ब्य व्रजभूमौ वसन् श्रीगौराङ्गमहाप्रभोः सञ्चारितशक्तिबलेन वैष्णवश्रीग्रन्थादीन् प्रकटयामासतुः । वर्तमानग्रन्थकारः तयोर् भ्रातुष्पुत्रः शिष्यं च, ग्रन्थस्य निर्विघ्नपरिसमाप्त्यर्थं तौ द्वौ नमस्करोति । वैराग्यानन्तरं जागतिकधनशून्यत्वेऽपि अहैतुकभक्तिसम्पत्तेर् अधिकारित्वहेतोर् अनयोः श्रीयुक्तत्वात्—श्रील इति । श्रीरूपसनातनयोर् निर्देशेन ग्रन्थकारस्येयं ग्रन्थसङ्कलनप्रवृत्तिः । धाम्ना सह तयोर् जयम् इच्छति—जयताम् इति ॥३॥","गौरकिशोरगोस्वामी : पुरा किल श्रीरूपसनातनौ कर्णाटदेशवासिप्रसिद्धब्राह्मणवꣳशजौ आस्ताम् । अथ कार्यव्यपदेशेन तौ द्वौ गौडे राजमन्त्रिरूपेण अवसताम् । तत्र श्रीगौराङ्गस्यानुगतजनचरणरेणोः स्पर्शेन ज्ञानविज्ञानतपःसम्पत्तिमन्तौ तौ कठोरवैराग्यम् अवलम्ब्य व्रजभूमौ वसन् श्रीगौराङ्गमहाप्रभोः सञ्चारितशक्तिबलेन वैष्णवश्रीग्रन्थादीन् प्रकटयामासतुः । वर्तमानग्रन्थकारः तयोर् भ्रातुष्पुत्रः शिष्यꣳ च, ग्रन्थस्य निर्विघ्नपरिसमाप्त्यर्थꣳ तौ द्वौ नमस्करोति । वैराग्यानन्तरꣳ जागतिकधनशून्यत्वेऽपि अहैतुकभक्तिसम्पत्तेर् अधिकारित्वहेतोर् अनयोः श्रीयुक्तत्वात्—श्रील इति । श्रीरूपसनातनयोर् निर्देशेन ग्रन्थकारस्येयꣳ ग्रन्थसङ्कलनप्रवृत्तिः । धाम्ना सह तयोर् जयम् इच्छति—जयताम् इति ॥३॥"
346,ko’pi tad-bāndhavo bhaṭṭo dakṣiṇa-dvija-vaṁśajaḥ |,कोऽपि तद्बान्धवो भट्टो दक्षिणद्विजवंशजः ।,कोऽपि तद्बान्धवो भट्टो दक्षिणद्विजवꣳशजः ।
347,vivicya vyalikhad granthaṁ likhitād vṛddha-vaiṣṇavaiḥ ||4||,विविच्य व्यलिखद् ग्रन्थं लिखिताद् वृद्धवैष्णवैः ॥४॥,विविच्य व्यलिखद् ग्रन्थꣳ लिखिताद् वृद्धवैष्णवैः ॥४॥
349,"sarva-saṁvādinī : ko’pīti | vṛddha-vaiṣṇavaiḥ śrī-rāmānuja-madhvācārya-śrīdhara-svāmy-ādibhir yal likhitam, tasmād uddhṛtasyety arthaḥ | anena sva-kapola-kalpitatvaṁ ca nirastam ||4||","सर्वसंवादिनी : कोऽपीति । वृद्धवैष्णवैः श्रीरामानुजमध्वाचार्यश्रीधरस्वाम्यादिभिर् यल् लिखितम्, तस्माद् उद्धृतस्येत्य् अर्थः । अनेन स्वकपोलकल्पितत्वं च निरस्तम् ॥४॥","सर्वसꣳवादिनी : कोऽपीति । वृद्धवैष्णवैः श्रीरामानुजमध्वाचार्यश्रीधरस्वाम्यादिभिर् यल् लिखितम्, तस्माद् उद्धृतस्येत्य् अर्थः । अनेन स्वकपोलकल्पितत्वꣳ च निरस्तम् ॥४॥"
351,baladevaḥ : granthasya purātanatvaṁ sva-pariṣkṛtatvaṁ cāha—ko’pīti | tad-bāndhavas tayo rūpa-sanātanayor bandhur gopāla-bhaṭṭa ity arthaḥ | vṛddha-vaiṣṇavaiḥ śrī-madhv-ādibhir likhitād granthāt taṁ vivicya vicārya sāraṁ gṛhītvā grantham imaṁ vyalikhat ||4||,बलदेवः : ग्रन्थस्य पुरातनत्वं स्वपरिष्कृतत्वं चाह—कोऽपीति । तद्बान्धवस् तयो रूपसनातनयोर् बन्धुर् गोपालभट्ट इत्य् अर्थः । वृद्धवैष्णवैः श्रीमध्वादिभिर् लिखिताद् ग्रन्थात् तं विविच्य विचार्य सारं गृहीत्वा ग्रन्थम् इमं व्यलिखत् ॥४॥,बलदेवः : ग्रन्थस्य पुरातनत्वꣳ स्वपरिष्कृतत्वꣳ चाह—कोऽपीति । तद्बान्धवस् तयो रूपसनातनयोर् बन्धुर् गोपालभट्ट इत्य् अर्थः । वृद्धवैष्णवैः श्रीमध्वादिभिर् लिखिताद् ग्रन्थात् तꣳ विविच्य विचार्य सारꣳ गृहीत्वा ग्रन्थम् इमꣳ व्यलिखत् ॥४॥
353,rādhā-mohana-gosvāmī : na vyākhyātam.,राधामोहनगोस्वामी : न व्याख्यातम्।,राधामोहनगोस्वामी : न व्याख्यातम्.
355,gaura-kiśora-gosvāmī : granthasyāsya prācīnatvaṁ tathā mahājana-vartma-cāritvaṁ darśayati—ko’pīti | bhaṭṭaḥ śrī-gopāla-bhaṭṭa-pādaḥ | “vṛddha-vaiṣṇavaiḥ śrī-rāmānujānanda-śrīdhara-svāmi-pādādibhir yal likhitaṁ tad dṛṣṭvety arthaḥ | anena sva-kapola-kalpitatvaṁ nirastam” iti saṁvādinī ||3||,गौरकिशोरगोस्वामी : ग्रन्थस्यास्य प्राचीनत्वं तथा महाजनवर्त्मचारित्वं दर्शयति—कोऽपीति । भट्टः श्रीगोपालभट्टपादः । “वृद्धवैष्णवैः श्रीरामानुजानन्दश्रीधरस्वामिपादादिभिर् यल् लिखितं तद् दृष्ट्वेत्य् अर्थः । अनेन स्वकपोलकल्पितत्वं निरस्तम्” इति संवादिनी ॥३॥,गौरकिशोरगोस्वामी : ग्रन्थस्यास्य प्राचीनत्वꣳ तथा महाजनवर्त्मचारित्वꣳ दर्शयति—कोऽपीति । भट्टः श्रीगोपालभट्टपादः । “वृद्धवैष्णवैः श्रीरामानुजानन्दश्रीधरस्वामिपादादिभिर् यल् लिखितꣳ तद् दृष्ट्वेत्य् अर्थः । अनेन स्वकपोलकल्पितत्वꣳ निरस्तम्” इति सꣳवादिनी ॥३॥
361,tasyādyaṁ granthanālekhaṁ krāntam utkrānta-khaṇḍitam |,तस्याद्यं ग्रन्थनालेखं क्रान्तम् उत्क्रान्तखण्डितम् ।,तस्याद्यꣳ ग्रन्थनालेखꣳ क्रान्तम् उत्क्रान्तखण्डितम् ।
362,paryālocyātha paryāyaṁ kṛtvā likhati jīvakaḥ ||5||,पर्यालोच्याथ पर्यायं कृत्वा लिखति जीवकः ॥५॥,पर्यालोच्याथ पर्यायꣳ कृत्वा लिखति जीवकः ॥५॥
364,sarva-saṁvādinī : na vyākhyātam.,सर्वसंवादिनी : न व्याख्यातम्।,सर्वसꣳवादिनी : न व्याख्यातम्.
366,"baladevaḥ : tasya bhaṭṭasya ādyaṁ purātanaṁ granthanālekhaṁ paryālocya jīvako mal-lakṣaṇaḥ, paryāyaṁ kṛtvā kramaṁ nibadhya likhati | “grantha sandarbhe”[dhātu 1839] caurādikaḥ | tato ṇyāsa-śrantha [pā. 3.3.107] iti karmaṇi yuc, granthanā granthaḥ | tasya lekhaṁ likhanam, bhāve ghañ | taṁ lekhaṁ kīdṛśam ?ity āha—krāntam, krameṇa sthitam | vyutkrāntaṁ vyutkrameṇa sthitam | khaṇḍitaṁ chinnam iti sva-śramasya sārthakyam ||5||","बलदेवः : तस्य भट्टस्य आद्यं पुरातनं ग्रन्थनालेखं पर्यालोच्य जीवको मल्लक्षणः, पर्यायं कृत्वा क्रमं निबध्य लिखति । “ग्रन्थ सन्दर्भे”[धातु १८३९] चौरादिकः । ततो ण्यासश्रन्थ [पा. ३.३.१०७] इति कर्मणि युच्, ग्रन्थना ग्रन्थः । तस्य लेखं लिखनम्, भावे घञ् । तं लेखं कीदृशम् ?इत्य् आह—क्रान्तम्, क्रमेण स्थितम् । व्युत्क्रान्तं व्युत्क्रमेण स्थितम् । खण्डितं छिन्नम् इति स्वश्रमस्य सार्थक्यम् ॥५॥","बलदेवः : तस्य भट्टस्य आद्यꣳ पुरातनꣳ ग्रन्थनालेखꣳ पर्यालोच्य जीवको मल्लक्षणः, पर्यायꣳ कृत्वा क्रमꣳ निबध्य लिखति । “ग्रन्थ सन्दर्भे”[धातु १८३९] चौरादिकः । ततो ण्यासश्रन्थ [पा. ३.३.१०७] इति कर्मणि युच्, ग्रन्थना ग्रन्थः । तस्य लेखꣳ लिखनम्, भावे घञ् । तꣳ लेखꣳ कीदृशम् ?इत्य् आह—क्रान्तम्, क्रमेण स्थितम् । व्युत्क्रान्तꣳ व्युत्क्रमेण स्थितम् । खण्डितꣳ छिन्नम् इति स्वश्रमस्य सार्थक्यम् ॥५॥"
368,rādhā-mohana-gosvāmī : na vyākhyātam.,राधामोहनगोस्वामी : न व्याख्यातम्।,राधामोहनगोस्वामी : न व्याख्यातम्.
370,gaura-kiśora-gosvāmī : atha grantha-kāraḥ nikhila-śāstra-niṣṇātaḥ mahā-dārśanika-cūḍāmaṇiḥ śrī-jīva-gosvāmii-pādaḥ vaiṣṇavocita-svabhāva-sulabha-vinaya-guṇa-sampannatvāt svāhaṅkāraṁ pariharati—tasyādyam iti ślokena ||5||,गौरकिशोरगोस्वामी : अथ ग्रन्थकारः निखिलशास्त्रनिष्णातः महादार्शनिकचूडामणिः श्रीजीवगोस्वामिइपादः वैष्णवोचितस्वभावसुलभविनयगुणसम्पन्नत्वात् स्वाहङ्कारं परिहरति—तस्याद्यम् इति श्लोकेन ॥५॥,गौरकिशोरगोस्वामी : अथ ग्रन्थकारः निखिलशास्त्रनिष्णातः महादार्शनिकचूडामणिः श्रीजीवगोस्वामिइपादः वैष्णवोचितस्वभावसुलभविनयगुणसम्पन्नत्वात् स्वाहङ्कारꣳ परिहरति—तस्याद्यम् इति श्लोकेन ॥५॥
379,sarva-saṁvādinī : ya iti | eko mukhyaḥ | etat likhanam ||6||,सर्वसंवादिनी : य इति । एको मुख्यः । एतत् लिखनम् ॥६॥,सर्वसꣳवादिनी : य इति । एको मुख्यः । एतत् लिखनम् ॥६॥
381,baladevaḥ : granthasya rahasyatvam āha yaḥ śrīti | kṛṣṇa-pāratamye’nyenānādṛte tasyāmaṅgalaṁ syād iti | tan-maṅgalāyaitat | na tu granthāvadya-bhayāt | tasya suvyutpannair niravadyatvena parīkṣitatvāt ||6||,बलदेवः : ग्रन्थस्य रहस्यत्वम् आह यः श्रीति । कृष्णपारतम्येऽन्येनानादृते तस्यामङ्गलं स्याद् इति । तन्मङ्गलायैतत् । न तु ग्रन्थावद्यभयात् । तस्य सुव्युत्पन्नैर् निरवद्यत्वेन परीक्षितत्वात् ॥६॥,बलदेवः : ग्रन्थस्य रहस्यत्वम् आह यः श्रीति । कृष्णपारतम्येऽन्येनानादृते तस्यामङ्गलꣳ स्याद् इति । तन्मङ्गलायैतत् । न तु ग्रन्थावद्यभयात् । तस्य सुव्युत्पन्नैर् निरवद्यत्वेन परीक्षितत्वात् ॥६॥
383,rādhā-mohana-gosvāmī : na vyākhyātam.,राधामोहनगोस्वामी : न व्याख्यातम्।,राधामोहनगोस्वामी : न व्याख्यातम्.
385,"gaura-kiśora-gosvāmī : asya granthasya gurutvātiśayyāt grantha-prārambhe śapatha-vākyam āha—yaḥ śrī-kṛṣṇeti | na ca viruddha-matāvalambibhiḥ saha vicāra-parāṅmukhatāvaśan svīya-sāmpradāyikāveṣṭana-viśeṣa evāyaṁ yenānyeṣāṁ paṭhana-pāṭhanaṁ vyāvartitam | sarvatrāpratidvandvitve’pi nirahaṅkāra-samadarśi-vaiṣṇave udāratāyāḥ cira-prācuryāt | puruṣottame śrī-kṛṣṇe śraddhā-hīnānāṁ tat-sambandhi-grantha-paryāya-locanena avajñā-buddhi-vaśāt para-pakṣa-jigīṣonmādanād vā aparādhaḥ sañjāyeta tat teṣāṁ mābhūt, iti sarva-jana-kalyāṇa-kāṅkṣī-grantha-kāraḥ svārthī-bhūta-viśva-vyāpī-kāruṇyaḥ śrī-jīva-gosvāmi-pādaḥ aparān niṣedhati—anyasmai śapatho’rpitaḥ iti ||6||","गौरकिशोरगोस्वामी : अस्य ग्रन्थस्य गुरुत्वातिशय्यात् ग्रन्थप्रारम्भे शपथवाक्यम् आह—यः श्रीकृष्णेति । न च विरुद्धमतावलम्बिभिः सह विचारपराङ्मुखतावशन् स्वीयसाम्प्रदायिकावेष्टनविशेष एवायं येनान्येषां पठनपाठनं व्यावर्तितम् । सर्वत्राप्रतिद्वन्द्वित्वेऽपि निरहङ्कारसमदर्शिवैष्णवे उदारतायाः चिरप्राचुर्यात् । पुरुषोत्तमे श्रीकृष्णे श्रद्धाहीनानां तत्सम्बन्धिग्रन्थपर्यायलोचनेन अवज्ञाबुद्धिवशात् परपक्षजिगीषोन्मादनाद् वा अपराधः सञ्जायेत तत् तेषां माभूत्, इति सर्वजनकल्याणकाङ्क्षीग्रन्थकारः स्वार्थीभूतविश्वव्यापीकारुण्यः श्रीजीवगोस्वामिपादः अपरान् निषेधति—अन्यस्मै शपथोऽर्पितः इति ॥६॥","गौरकिशोरगोस्वामी : अस्य ग्रन्थस्य गुरुत्वातिशय्यात् ग्रन्थप्रारम्भे शपथवाक्यम् आह—यः श्रीकृष्णेति । न च विरुद्धमतावलम्बिभिः सह विचारपराङ्मुखतावशन् स्वीयसाम्प्रदायिकावेष्टनविशेष एवायꣳ येनान्येषाꣳ पठनपाठनꣳ व्यावर्तितम् । सर्वत्राप्रतिद्वन्द्वित्वेऽपि निरहङ्कारसमदर्शिवैष्णवे उदारतायाः चिरप्राचुर्यात् । पुरुषोत्तमे श्रीकृष्णे श्रद्धाहीनानाꣳ तत्सम्बन्धिग्रन्थपर्यायलोचनेन अवज्ञाबुद्धिवशात् परपक्षजिगीषोन्मादनाद् वा अपराधः सञ्जायेत तत् तेषाꣳ माभूत्, इति सर्वजनकल्याणकाङ्क्षीग्रन्थकारः स्वार्थीभूतविश्वव्यापीकारुण्यः श्रीजीवगोस्वामिपादः अपरान् निषेधति—अन्यस्मै शपथोऽर्पितः इति ॥६॥"
392,śrī-bhāgavata-sandarbhaṁ sandarbhaṁ vaśmi lekhitum ||7||,श्रीभागवतसन्दर्भं सन्दर्भं वश्मि लेखितुम् ॥७॥,श्रीभागवतसन्दर्भꣳ सन्दर्भꣳ वश्मि लेखितुम् ॥७॥
394,sarva-saṁvādinī : atheti | śrī-bhāgavata-sandarbha-nāmānaṁ sandarbha-grantham ity arthaḥ | vaśmi kāmaye ||7||,सर्वसंवादिनी : अथेति । श्रीभागवतसन्दर्भनामानं सन्दर्भग्रन्थम् इत्य् अर्थः । वश्मि कामये ॥७॥,सर्वसꣳवादिनी : अथेति । श्रीभागवतसन्दर्भनामानꣳ सन्दर्भग्रन्थम् इत्य् अर्थः । वश्मि कामये ॥७॥
399,nānārthavattvaṁ vedyatvaṁ sandarbhaḥ kathyate budhaiḥ ||,नानार्थवत्त्वं वेद्यत्वं सन्दर्भः कथ्यते बुधैः ॥,नानार्थवत्त्वꣳ वेद्यत्वꣳ सन्दर्भः कथ्यते बुधैः ॥
401,ity abhiyuktokta-laksaṇaṁ sandarbhaṁ lekhituṁ vaśmi vāñchāmi | śrī-bhāgavataṁ sandṛbhyate grathyate’treti | halaś ca [pā. 3.3.21] ity adhikaraṇe ghañ ||7||,इत्य् अभियुक्तोक्तलक्सणं सन्दर्भं लेखितुं वश्मि वाञ्छामि । श्रीभागवतं सन्दृभ्यते ग्रथ्यतेऽत्रेति । हलश् च [पा. ३.३.२१] इत्य् अधिकरणे घञ् ॥७॥,इत्य् अभियुक्तोक्तलक्सणꣳ सन्दर्भꣳ लेखितुꣳ वश्मि वाञ्छामि । श्रीभागवतꣳ सन्दृभ्यते ग्रथ्यतेऽत्रेति । हलश् च [पा. ३.३.२१] इत्य् अधिकरणे घञ् ॥७॥
403,rādhā-mohana-gosvāmī : na vyākhyātam.,राधामोहनगोस्वामी : न व्याख्यातम्।,राधामोहनगोस्वामी : न व्याख्यातम्.
405,"gaura-kiśora-gosvāmī : anantaraṁ granthasya yathocitaṁ nāma nirdiśati—natveti | śrī-bhāgavata-sandarbham iti | sam-pūrva-dṛbha-dhātor ghañi niṣpannaṁ sandarbha-padaṁ racanām āhuḥ—sandarbhaḥ prabandhaḥ iti trikāṇḍa-śeṣaḥ | sandarbho racanā gumphaḥ granthanaṁ samā iti hemacandraḥ | sandarbha-lakṣaṇam uktaṁ prācīnaiḥ, yathā—","गौरकिशोरगोस्वामी : अनन्तरं ग्रन्थस्य यथोचितं नाम निर्दिशति—नत्वेति । श्रीभागवतसन्दर्भम् इति । सम्पूर्वदृभधातोर् घञि निष्पन्नं सन्दर्भपदं रचनाम् आहुः—सन्दर्भः प्रबन्धः इति त्रिकाण्डशेषः । सन्दर्भो रचना गुम्फः ग्रन्थनं समा इति हेमचन्द्रः । सन्दर्भलक्षणम् उक्तं प्राचीनैः, यथा—","गौरकिशोरगोस्वामी : अनन्तरꣳ ग्रन्थस्य यथोचितꣳ नाम निर्दिशति—नत्वेति । श्रीभागवतसन्दर्भम् इति । सम्पूर्वदृभधातोर् घञि निष्पन्नꣳ सन्दर्भपदꣳ रचनाम् आहुः—सन्दर्भः प्रबन्धः इति त्रिकाण्डशेषः । सन्दर्भो रचना गुम्फः ग्रन्थनꣳ समा इति हेमचन्द्रः । सन्दर्भलक्षणम् उक्तꣳ प्राचीनैः, यथा—"
407,gūḍhārthasya prakāśaṁ ca sāroktiḥ śreṣṭhatā tathā |,गूढार्थस्य प्रकाशं च सारोक्तिः श्रेष्ठता तथा ।,गूढार्थस्य प्रकाशꣳ च सारोक्तिः श्रेष्ठता तथा ।
408,nānārthatvaṁ vedyatvaṁ sandarbhaḥ kathyate budhaiḥ ||,नानार्थत्वं वेद्यत्वं सन्दर्भः कथ्यते बुधैः ॥,नानार्थत्वꣳ वेद्यत्वꣳ सन्दर्भः कथ्यते बुधैः ॥
416,yasya brahmeti saṁjñāṁ kvacid api nigame yāti cin-mātra-sattāpy,यस्य ब्रह्मेति संज्ञां क्वचिद् अपि निगमे याति चिन्मात्रसत्ताप्य्,यस्य ब्रह्मेति सꣳज्ञाꣳ क्वचिद् अपि निगमे याति चिन्मात्रसत्ताप्य्
417,aṁśo yasyāṁśakaiḥ svair vibhavati vaśayann eva māyāṁ pumāṁś ca |,अंशो यस्यांशकैः स्वैर् विभवति वशयन्न् एव मायां पुमांश् च ।,अꣳशो यस्याꣳशकैः स्वैर् विभवति वशयन्न् एव मायाꣳ पुमाꣳश् च ।
418,ekaṁ yasyaiva rūpaṁ vilasati parama-vyomni nārāyaṇākhyaṁ,एकं यस्यैव रूपं विलसति परमव्योम्नि नारायणाख्यं,एकꣳ यस्यैव रूपꣳ विलसति परमव्योम्नि नारायणाख्यꣳ
419,sa śrī-kṛṣṇo vidhattāṁ svayam iha bhagavān prema tat-pāda-bhājām ||8||,स श्रीकृष्णो विधत्तां स्वयम् इह भगवान् प्रेम तत्पादभाजाम् ॥८॥,स श्रीकृष्णो विधत्ताꣳ स्वयम् इह भगवान् प्रेम तत्पादभाजाम् ॥८॥
421,"sarva-saṁvādinī : sarva-granthārthaṁ saṅkṣepeṇa darśayann api maṅgalācarati—yasya iti | kvacid api satyaṁ jñānam anantaṁ brahma [tai.u. 2.1.2] ity ādāv api-śabdena tatraiva brahmatvaṁ mukhyam ity ānītam | aṁśakaiḥ līlāvatāra-rūpair guṇāvatāra-rūpaiś ca | pumān puruṣaḥ sarvāntaryāmī paramātmākhyaḥ | ekaṁ śrī-kṛṣṇākhyād anyat | yasyaiva iti tasya bhagavattva-sāmye’pi śrī-kṛṣṇasyaiva svayaṁ-bhagavattvaṁ darśitam | nārāyaṇākhyaṁ rūpaṁ pādottara-khaṇḍādi-pratipādyaḥ parama-vyomākhya-mahā-vaikuṇṭhādhipaḥ śrīpatiḥ | “svayaṁ bhagavān” iti, kṛṣṇas tu bhagavān svayaṁ [bhā.pu. 1.3.28] iti śrī-bhāgavata-prāmāṇyam iheti sūcitam | śrīr iti tad-avyabhicāriṇī svarūpa-śaktir api darśitā | iha jagati | tat-pāda-bhājāṁ tac-caraṇāravindaṁ bhajatām | prema prīty-atiśayam | vidhattāṁ kurutāṁ prādurbhāvayatv ity arthaḥ ||8||","सर्वसंवादिनी : सर्वग्रन्थार्थं सङ्क्षेपेण दर्शयन्न् अपि मङ्गलाचरति—यस्य इति । क्वचिद् अपि सत्यं ज्ञानम् अनन्तं ब्रह्म [तै.उ. २.१.२] इत्य् आदाव् अपिशब्देन तत्रैव ब्रह्मत्वं मुख्यम् इत्य् आनीतम् । अंशकैः लीलावताररूपैर् गुणावताररूपैश् च । पुमान् पुरुषः सर्वान्तर्यामी परमात्माख्यः । एकं श्रीकृष्णाख्याद् अन्यत् । यस्यैव इति तस्य भगवत्त्वसाम्येऽपि श्रीकृष्णस्यैव स्वयंभगवत्त्वं दर्शितम् । नारायणाख्यं रूपं पादोत्तरखण्डादिप्रतिपाद्यः परमव्योमाख्यमहावैकुण्ठाधिपः श्रीपतिः । “स्वयं भगवान्” इति, कृष्णस् तु भगवान् स्वयं [भा.पु. १.३.२८] इति श्रीभागवतप्रामाण्यम् इहेति सूचितम् । श्रीर् इति तदव्यभिचारिणी स्वरूपशक्तिर् अपि दर्शिता । इह जगति । तत्पादभाजां तच्चरणारविन्दं भजताम् । प्रेम प्रीत्यतिशयम् । विधत्तां कुरुतां प्रादुर्भावयत्व् इत्य् अर्थः ॥८॥","सर्वसꣳवादिनी : सर्वग्रन्थार्थꣳ सङ्क्षेपेण दर्शयन्न् अपि मङ्गलाचरति—यस्य इति । क्वचिद् अपि सत्यꣳ ज्ञानम् अनन्तꣳ ब्रह्म [तै.उ. २.१.२] इत्य् आदाव् अपिशब्देन तत्रैव ब्रह्मत्वꣳ मुख्यम् इत्य् आनीतम् । अꣳशकैः लीलावताररूपैर् गुणावताररूपैश् च । पुमान् पुरुषः सर्वान्तर्यामी परमात्माख्यः । एकꣳ श्रीकृष्णाख्याद् अन्यत् । यस्यैव इति तस्य भगवत्त्वसाम्येऽपि श्रीकृष्णस्यैव स्वयꣳभगवत्त्वꣳ दर्शितम् । नारायणाख्यꣳ रूपꣳ पादोत्तरखण्डादिप्रतिपाद्यः परमव्योमाख्यमहावैकुण्ठाधिपः श्रीपतिः । “स्वयꣳ भगवान्” इति, कृष्णस् तु भगवान् स्वयꣳ [भा.पु. १.३.२८] इति श्रीभागवतप्रामाण्यम् इहेति सूचितम् । श्रीर् इति तदव्यभिचारिणी स्वरूपशक्तिर् अपि दर्शिता । इह जगति । तत्पादभाजाꣳ तच्चरणारविन्दꣳ भजताम् । प्रेम प्रीत्यतिशयम् । विधत्ताꣳ कुरुताꣳ प्रादुर्भावयत्व् इत्य् अर्थः ॥८॥"
423,"baladevaḥ : atha śrotṛ-rucy-utpattaye granthasya viṣayādīn anubandhān saṅkṣepeṇa tāvad āha yasyeti | sa svayaṁ bhagavān śrī-kṛṣṇaḥ | iha jagati tat-pāda-bhājāṁ tac-caraṇa-padma-sevināṁ sva-viṣayakaṁ prema vidhattām arpayatu | sa kaḥ | ity āha yasya svarūpānubandhyākṛtiguṇa-vibhūti-viśiṣṭasyaiva śrī-kṛṣṇasya | cinmātra-sattā anabhivyakta-tat-tad-viśeṣā jñāna-rūpā vidyamānatā | kvacid api nigame kasmiṁścit satyaṁ jñānam anantaṁ brahma [tai.u.2.1.1],astīty evopalabdhavyaḥ [kā.u. 2.3.13] ity-ādi-rūpe śruti-khaṇḍe brahmeti saṁjñāṁ yāti | tādṛśatayā cintayatāṁ tathā pratītam āsīd ity arthaḥ | bhakti-bhāvita-manasāṁ tu vyañjita-tat-tad-viśeṣā saiva puruṣatvena pratītā bhavatīti bodhyam | satyaṁ jñānam ity upakrāntasyaivānandamaya-puruṣatvena nirūpaṇāt | ata evam uktaṁ jitaṁ te stotre—","बलदेवः : अथ श्रोतृरुच्युत्पत्तये ग्रन्थस्य विषयादीन् अनुबन्धान् सङ्क्षेपेण तावद् आह यस्येति । स स्वयं भगवान् श्रीकृष्णः । इह जगति तत्पादभाजां तच्चरणपद्मसेविनां स्वविषयकं प्रेम विधत्ताम् अर्पयतु । स कः । इत्य् आह यस्य स्वरूपानुबन्ध्याकृतिगुणविभूतिविशिष्टस्यैव श्रीकृष्णस्य । चिन्मात्रसत्ता अनभिव्यक्ततत्तद्विशेषा ज्ञानरूपा विद्यमानता । क्वचिद् अपि निगमे कस्मिंश्चित् सत्यं ज्ञानम् अनन्तं ब्रह्म [तै.उ.२.१.१],अस्तीत्य् एवोपलब्धव्यः [का.उ. २.३.१३] इत्यादिरूपे श्रुतिखण्डे ब्रह्मेति संज्ञां याति । तादृशतया चिन्तयतां तथा प्रतीतम् आसीद् इत्य् अर्थः । भक्तिभावितमनसां तु व्यञ्जिततत्तद्विशेषा सैव पुरुषत्वेन प्रतीता भवतीति बोध्यम् । सत्यं ज्ञानम् इत्य् उपक्रान्तस्यैवानन्दमयपुरुषत्वेन निरूपणात् । अत एवम् उक्तं जितं ते स्तोत्रे—","बलदेवः : अथ श्रोतृरुच्युत्पत्तये ग्रन्थस्य विषयादीन् अनुबन्धान् सङ्क्षेपेण तावद् आह यस्येति । स स्वयꣳ भगवान् श्रीकृष्णः । इह जगति तत्पादभाजाꣳ तच्चरणपद्मसेविनाꣳ स्वविषयकꣳ प्रेम विधत्ताम् अर्पयतु । स कः । इत्य् आह यस्य स्वरूपानुबन्ध्याकृतिगुणविभूतिविशिष्टस्यैव श्रीकृष्णस्य । चिन्मात्रसत्ता अनभिव्यक्ततत्तद्विशेषा ज्ञानरूपा विद्यमानता । क्वचिद् अपि निगमे कस्मिꣳश्चित् सत्यꣳ ज्ञानम् अनन्तꣳ ब्रह्म [तै.उ.२.१.१],अस्तीत्य् एवोपलब्धव्यः [का.उ. २.३.१३] इत्यादिरूपे श्रुतिखण्डे ब्रह्मेति सꣳज्ञाꣳ याति । तादृशतया चिन्तयताꣳ तथा प्रतीतम् आसीद् इत्य् अर्थः । भक्तिभावितमनसाꣳ तु व्यञ्जिततत्तद्विशेषा सैव पुरुषत्वेन प्रतीता भवतीति बोध्यम् । सत्यꣳ ज्ञानम् इत्य् उपक्रान्तस्यैवानन्दमयपुरुषत्वेन निरूपणात् । अत एवम् उक्तꣳ जितꣳ ते स्तोत्रे—"
425,na te rūpaṁ na cākāro nāyudhāni na cāspadam |,न ते रूपं न चाकारो नायुधानि न चास्पदम् ।,न ते रूपꣳ न चाकारो नायुधानि न चास्पदम् ।
426,tathāpi puruṣākāro bhaktānāṁ tvaṁ prakāśate || iti |,तथापि पुरुषाकारो भक्तानां त्वं प्रकाशते ॥ इति ।,तथापि पुरुषाकारो भक्तानाꣳ त्वꣳ प्रकाशते ॥ इति ।
428,"sa caivaṁ prācīnāṅgīkṛtam iti vācyam | uktarītyā tasyāpy anabhīṣṭatvābhāvāt | yasya kṛṣṇasyāṁśaḥ pumān māyāṁ vaśayann eva svair aṁśakair vibhavati | kāraṇārṇavaśāyī sahasraśīrṣā puruṣaḥ saṅkarṣaṇaḥ kṛṣṇāṁśaḥ prakṛter bhartā | tāṁ vaśe sthāpayann eva sva-vīkṣaṇa-kṣubdhayā tayāṇḍāni sṛṣṭvā, teṣāṁ garbheṣv ambubhir ardha-pūrṇeṣu sahasra-śīrṣā pradyumnaḥ san svair aṁśakaiḥ matsyādibhiḥ | vibhavati vibhava-saṁjñakān līlāvatārān prakaṭayatīty arthaḥ | yasyaiva kṛṣṇasya nārāyaṇākhyam ekaṁ mukhyaṁ rūpam | āvaraṇāṣṭakād bahiḥṣṭheparama-vyomni vilasati sa nārāyaṇo yaya vilāsa ity arthaḥ | ananyāpekṣi-rūpaḥ svayaṁ bhagavān prāyas tat-sama-guṇa-vibhūtir ākṛtyādibhir anyādṛk tu vilāsa iti sarvam etac caturtha-sandarbhe visphuṭībhaviṣyad-vīkṣaṇīyam ||8||","स चैवं प्राचीनाङ्गीकृतम् इति वाच्यम् । उक्तरीत्या तस्याप्य् अनभीष्टत्वाभावात् । यस्य कृष्णस्यांशः पुमान् मायां वशयन्न् एव स्वैर् अंशकैर् विभवति । कारणार्णवशायी सहस्रशीर्षा पुरुषः सङ्कर्षणः कृष्णांशः प्रकृतेर् भर्ता । तां वशे स्थापयन्न् एव स्ववीक्षणक्षुब्धया तयाण्डानि सृष्ट्वा, तेषां गर्भेष्व् अम्बुभिर् अर्धपूर्णेषु सहस्रशीर्षा प्रद्युम्नः सन् स्वैर् अंशकैः मत्स्यादिभिः । विभवति विभवसंज्ञकान् लीलावतारान् प्रकटयतीत्य् अर्थः । यस्यैव कृष्णस्य नारायणाख्यम् एकं मुख्यं रूपम् । आवरणाष्टकाद् बहिःष्ठेपरमव्योम्नि विलसति स नारायणो यय विलास इत्य् अर्थः । अनन्यापेक्षिरूपः स्वयं भगवान् प्रायस् तत्समगुणविभूतिर् आकृत्यादिभिर् अन्यादृक् तु विलास इति सर्वम् एतच् चतुर्थसन्दर्भे विस्फुटीभविष्यद्वीक्षणीयम् ॥८॥","स चैवꣳ प्राचीनाङ्गीकृतम् इति वाच्यम् । उक्तरीत्या तस्याप्य् अनभीष्टत्वाभावात् । यस्य कृष्णस्याꣳशः पुमान् मायाꣳ वशयन्न् एव स्वैर् अꣳशकैर् विभवति । कारणार्णवशायी सहस्रशीर्षा पुरुषः सङ्कर्षणः कृष्णाꣳशः प्रकृतेर् भर्ता । ताꣳ वशे स्थापयन्न् एव स्ववीक्षणक्षुब्धया तयाण्डानि सृष्ट्वा, तेषाꣳ गर्भेष्व् अम्बुभिर् अर्धपूर्णेषु सहस्रशीर्षा प्रद्युम्नः सन् स्वैर् अꣳशकैः मत्स्यादिभिः । विभवति विभवसꣳज्ञकान् लीलावतारान् प्रकटयतीत्य् अर्थः । यस्यैव कृष्णस्य नारायणाख्यम् एकꣳ मुख्यꣳ रूपम् । आवरणाष्टकाद् बहिःष्ठेपरमव्योम्नि विलसति स नारायणो यय विलास इत्य् अर्थः । अनन्यापेक्षिरूपः स्वयꣳ भगवान् प्रायस् तत्समगुणविभूतिर् आकृत्यादिभिर् अन्यादृक् तु विलास इति सर्वम् एतच् चतुर्थसन्दर्भे विस्फुटीभविष्यद्वीक्षणीयम् ॥८॥"
431,vadanti tat tattva-vidas tattvaṁ yaj jñānam advayam |,वदन्ति तत् तत्त्वविदस् तत्त्वं यज् ज्ञानम् अद्वयम् ।,वदन्ति तत् तत्त्वविदस् तत्त्वꣳ यज् ज्ञानम् अद्वयम् ।
434,"iti śrī-bhāgavatīya-śloka-tātparya-padyena darśayati—yasyeti | kvacid api nigame brahma-saṁhitādau, yasya cin-mātra-sattā brahmeti saṁjñāṁ yāti, niyatam āśrayatīty anvayaḥ | cit jñānam | tan-mātraṁ tan-mayaṁ sva-svarūpa-bhūta-jñānavad-vastu-sattā | sva-svarūpa-bhūta-sat-pada-pravṛtti-nimittavad ity arthaḥ | “satyaṁ jñānam anantaṁ brahma’ iti śruteḥ | ","इति श्रीभागवतीयश्लोकतात्पर्यपद्येन दर्शयति—यस्येति । क्वचिद् अपि निगमे ब्रह्मसंहितादौ, यस्य चिन्मात्रसत्ता ब्रह्मेति संज्ञां याति, नियतम् आश्रयतीत्य् अन्वयः । चित् ज्ञानम् । तन्मात्रं तन्मयं स्वस्वरूपभूतज्ञानवद्वस्तुसत्ता । स्वस्वरूपभूतसत्पदप्रवृत्तिनिमित्तवद् इत्य् अर्थः । “सत्यं ज्ञानम् अनन्तं ब्रह्मऽ इति श्रुतेः । ","इति श्रीभागवतीयश्लोकतात्पर्यपद्येन दर्शयति—यस्येति । क्वचिद् अपि निगमे ब्रह्मसꣳहितादौ, यस्य चिन्मात्रसत्ता ब्रह्मेति सꣳज्ञाꣳ याति, नियतम् आश्रयतीत्य् अन्वयः । चित् ज्ञानम् । तन्मात्रꣳ तन्मयꣳ स्वस्वरूपभूतज्ञानवद्वस्तुसत्ता । स्वस्वरूपभूतसत्पदप्रवृत्तिनिमित्तवद् इत्य् अर्थः । “सत्यꣳ ज्ञानम् अनन्तꣳ ब्रह्मऽ इति श्रुतेः । "
436,"tathā ca, śrī-kṛṣṇaḥ sva-svarūpa-bhūta-śrī-vigraha-dhāri brahmeti bhāvaḥ | evaṁ ca brahma-padaṁ jñāna-paraṁ jñāni-paraṁ ca | dharma-dharmiṇor abhedāt pratyekaṁ tayor bhedāc ca | evaṁ śarīra-śarīriṇor api bhedābhedau | evaṁ tac-charīrāvaśiṣṭasyāpi brahmatvam | viśiṣṭasya viśeṣyānatirekāt | yasyāṁśaḥ pumāṁś ca | paramātmā prathama-puruṣaḥ | māyāṁ prakṛtiṁ vaśayan tad-guṇa-yogena svair aṁśakaiḥ | sva-svarūpa-bhūta-jīvātmaa-rūpa-dharmaiḥ | vibhavati vividho bhavati | ","तथा च, श्रीकृष्णः स्वस्वरूपभूतश्रीविग्रहधारि ब्रह्मेति भावः । एवं च ब्रह्मपदं ज्ञानपरं ज्ञानिपरं च । धर्मधर्मिणोर् अभेदात् प्रत्येकं तयोर् भेदाच् च । एवं शरीरशरीरिणोर् अपि भेदाभेदौ । एवं तच्छरीरावशिष्टस्यापि ब्रह्मत्वम् । विशिष्टस्य विशेष्यानतिरेकात् । यस्यांशः पुमांश् च । परमात्मा प्रथमपुरुषः । मायां प्रकृतिं वशयन् तद्गुणयोगेन स्वैर् अंशकैः । स्वस्वरूपभूतजीवात्मअरूपधर्मैः । विभवति विविधो भवति । ","तथा च, श्रीकृष्णः स्वस्वरूपभूतश्रीविग्रहधारि ब्रह्मेति भावः । एवꣳ च ब्रह्मपदꣳ ज्ञानपरꣳ ज्ञानिपरꣳ च । धर्मधर्मिणोर् अभेदात् प्रत्येकꣳ तयोर् भेदाच् च । एवꣳ शरीरशरीरिणोर् अपि भेदाभेदौ । एवꣳ तच्छरीरावशिष्टस्यापि ब्रह्मत्वम् । विशिष्टस्य विशेष्यानतिरेकात् । यस्याꣳशः पुमाꣳश् च । परमात्मा प्रथमपुरुषः । मायाꣳ प्रकृतिꣳ वशयन् तद्गुणयोगेन स्वैर् अꣳशकैः । स्वस्वरूपभूतजीवात्मअरूपधर्मैः । विभवति विविधो भवति । "
438,"śrī-vaikuṇṭha-nāthasya vilāsa-rūpatvaṁ darśayati—ekam iti | rasāmṛta-sindhāv apy uktam—“siddhāntatas tv abhedo’pi śrīśa-kṛṣṇa-svarūpayoḥ” [bha.ra.si. 1.2.59] iti | śrīśeti śrī-rādhayor aikyaṁ sūcayati | sphurad-urv iti | bhagavad-viśeṣaṇaṁ prema-viśeṣaṇaṁ veti | atrāyaṁ vivekaḥ—yadā jñānānanda-tātparyeṇa brahma-śabda-prayogas tadā dharmatvam | yadā jñānādimat-tātparyeṇa brahma-śabda-prayogas tadā aṁśatvam | yadā śarīratvena jñānādimattvena ca prabodhayituṁ prayukto brahma-śabdas, tadā sampūrṇa-bhagavat-paraḥ | kṛṣṇa-śarīrāder api jñānānanda-svarūpatayā sac-cid-ānanda-vigraha ity-ādi prayoga iti ||8||","श्रीवैकुण्ठनाथस्य विलासरूपत्वं दर्शयति—एकम् इति । रसामृतसिन्धाव् अप्य् उक्तम्—“सिद्धान्ततस् त्व् अभेदोऽपि श्रीशकृष्णस्वरूपयोः” [भ.र.सि. १.२.५९] इति । श्रीशेति श्रीराधयोर् ऐक्यं सूचयति । स्फुरदुर्व् इति । भगवद्विशेषणं प्रेमविशेषणं वेति । अत्रायं विवेकः—यदा ज्ञानानन्दतात्पर्येण ब्रह्मशब्दप्रयोगस् तदा धर्मत्वम् । यदा ज्ञानादिमत्तात्पर्येण ब्रह्मशब्दप्रयोगस् तदा अंशत्वम् । यदा शरीरत्वेन ज्ञानादिमत्त्वेन च प्रबोधयितुं प्रयुक्तो ब्रह्मशब्दस्, तदा सम्पूर्णभगवत्परः । कृष्णशरीरादेर् अपि ज्ञानानन्दस्वरूपतया सच्चिदानन्दविग्रह इत्यादि प्रयोग इति ॥८॥","श्रीवैकुण्ठनाथस्य विलासरूपत्वꣳ दर्शयति—एकम् इति । रसामृतसिन्धाव् अप्य् उक्तम्—“सिद्धान्ततस् त्व् अभेदोऽपि श्रीशकृष्णस्वरूपयोः” [भ.र.सि. १.२.५९] इति । श्रीशेति श्रीराधयोर् ऐक्यꣳ सूचयति । स्फुरदुर्व् इति । भगवद्विशेषणꣳ प्रेमविशेषणꣳ वेति । अत्रायꣳ विवेकः—यदा ज्ञानानन्दतात्पर्येण ब्रह्मशब्दप्रयोगस् तदा धर्मत्वम् । यदा ज्ञानादिमत्तात्पर्येण ब्रह्मशब्दप्रयोगस् तदा अꣳशत्वम् । यदा शरीरत्वेन ज्ञानादिमत्त्वेन च प्रबोधयितुꣳ प्रयुक्तो ब्रह्मशब्दस्, तदा सम्पूर्णभगवत्परः । कृष्णशरीरादेर् अपि ज्ञानानन्दस्वरूपतया सच्चिदानन्दविग्रह इत्यादि प्रयोग इति ॥८॥"
440,"gaura-kiśora-gosvāmī : sarva-granthārthaṁ saṁkṣepeṇa darśayann api maṅgalam ācarati, tathā viṣayādīn anubandhān nirdiśati—yasyeti granthena | anubandho nāma adhikāri-viṣaya-sambandha-prayojanāni | svayaṁ bhagavān sa śrī-kṛṣṇaḥ puruṣottama iha saṁsāre tat-pāda-bhājāṁ tac-caraṇa-sevakānāṁ premāṇaṁ vidhattāṁ vidadhāt | ko’sau ? ity āha—yasya śrī-kṛṣṇasyāpi cin-mātra-sattā kvacit nigame brahmeti saṁjñāṁ yāti | satyaṁ jñānam anantaṁ brahma [tai.u.2.1.1] ity ādau brahmānubhavopadeśaḥ śrutau dṛśyate | tad brahma śrī-kṛṣṇasya cin-mātra-sattvāt nātiriktam | śrī-kṛṣṇasyācintya-jñāna-rūpatva-viśeṣa eva brahma | api-śabdena tatraiva brahmatvaṁ mukhyam ity ānītam | jñāna-mārgī śrī-kṛṣṇasya cin-mātra-sattāṁ brahmeti matyā prāpnotīti bhāvaḥ | etena cin-mātra-sattātirikta-brahmāstitva-kalpanā viśeṣeṇa bādhitā | yasya svarūpato’ṁśaḥ sann api punaḥ svakīyair aṁśakair līlāvatāra-rūpair guṇāvatāra-rūpaiś ca māyāṁ svakīyāṁ prakṛtim, mayādhyakṣeṇa prakṛtiḥ sūyate sa-carācaraṁ [gītā 9.10], mama māyā duratyayā [gītā 7.14] ity-ādi-gītā-saṁvādena sarva-carācara-visarga-karīṁ jīva-vimohinīṁ śaktiṁ varṇayan vaśīkurvann eva vibhavati viśeṣeṇa prabhavati | tat-tad-avatāra-grahaṇenāpi nāsya svarūpānyathā-bhāvo bhavatīty ākūtam | pumān puruṣaḥ sarvāntaryāmī paramātmākhyaḥ | evaṁ śrī-kṛṣṇākhyād anyaḥ yasyeti tasya bhagavattā-sāmye’pi śrī-kṛṣṇasyaiva svayaṁ bhagavattvaṁ darśitam | yasya ekaṁ mukhyam, eke mukhyānya-kevalā iti koṣāt nārāyaṇākhyaṁ rūpaṁ pādmottara-khaṇḍādi pratipādyam, parama-vyomni mahā-vaikuṇṭhe vilasati, sarvātiśāyi-mahimnā virājate | parama-vyomākhya-mahā-vaikuṇṭhādhipatiḥ śrīpatiḥ svayaṁ bhagavāniti pādmottara-khaṇḍe kathānusandheyā | kṛṣṇas tu bhagavān [bhā.pu. 1.3.28] svayam iti śrī-bhāgavata-prāmāṇyam ihāpi sūcitam | śrīti tad-avyabhicāriṇī-svarūpa-śaktir api darśitā | iti saṁvādinī-vijñaptyā śriyā rādhikayā yuktaḥ sa śrī-kṛṣṇaḥ prema vidhattām | prema śrī-kṛṣṇa-caraṇe ahaikutka-prīty-atiśayaḥ | sa eva pūrva-puruṣārthaḥ | etena mukty-ādeḥ parama-puruṣārthatvam apākṛtaṁ boddhavyam ||8||","गौरकिशोरगोस्वामी : सर्वग्रन्थार्थं संक्षेपेण दर्शयन्न् अपि मङ्गलम् आचरति, तथा विषयादीन् अनुबन्धान् निर्दिशति—यस्येति ग्रन्थेन । अनुबन्धो नाम अधिकारिविषयसम्बन्धप्रयोजनानि । स्वयं भगवान् स श्रीकृष्णः पुरुषोत्तम इह संसारे तत्पादभाजां तच्चरणसेवकानां प्रेमाणं विधत्तां विदधात् । कोऽसौ ? इत्य् आह—यस्य श्रीकृष्णस्यापि चिन्मात्रसत्ता क्वचित् निगमे ब्रह्मेति संज्ञां याति । सत्यं ज्ञानम् अनन्तं ब्रह्म [तै.उ.२.१.१] इत्य् आदौ ब्रह्मानुभवोपदेशः श्रुतौ दृश्यते । तद् ब्रह्म श्रीकृष्णस्य चिन्मात्रसत्त्वात् नातिरिक्तम् । श्रीकृष्णस्याचिन्त्यज्ञानरूपत्वविशेष एव ब्रह्म । अपिशब्देन तत्रैव ब्रह्मत्वं मुख्यम् इत्य् आनीतम् । ज्ञानमार्गी श्रीकृष्णस्य चिन्मात्रसत्तां ब्रह्मेति मत्या प्राप्नोतीति भावः । एतेन चिन्मात्रसत्तातिरिक्तब्रह्मास्तित्वकल्पना विशेषेण बाधिता । यस्य स्वरूपतोऽंशः सन्न् अपि पुनः स्वकीयैर् अंशकैर् लीलावताररूपैर् गुणावताररूपैश् च मायां स्वकीयां प्रकृतिम्, मयाध्यक्षेण प्रकृतिः सूयते सचराचरं [गीता ९.१०], मम माया दुरत्यया [गीता ७.१४] इत्यादिगीतासंवादेन सर्वचराचरविसर्गकरीं जीवविमोहिनीं शक्तिं वर्णयन् वशीकुर्वन्न् एव विभवति विशेषेण प्रभवति । तत्तदवतारग्रहणेनापि नास्य स्वरूपान्यथाभावो भवतीत्य् आकूतम् । पुमान् पुरुषः सर्वान्तर्यामी परमात्माख्यः । एवं श्रीकृष्णाख्याद् अन्यः यस्येति तस्य भगवत्तासाम्येऽपि श्रीकृष्णस्यैव स्वयं भगवत्त्वं दर्शितम् । यस्य एकं मुख्यम्, एके मुख्यान्यकेवला इति कोषात् नारायणाख्यं रूपं पाद्मोत्तरखण्डादि प्रतिपाद्यम्, परमव्योम्नि महावैकुण्ठे विलसति, सर्वातिशायिमहिम्ना विराजते । परमव्योमाख्यमहावैकुण्ठाधिपतिः श्रीपतिः स्वयं भगवानिति पाद्मोत्तरखण्डे कथानुसन्धेया । कृष्णस् तु भगवान् [भा.पु. १.३.२८] स्वयम् इति श्रीभागवतप्रामाण्यम् इहापि सूचितम् । श्रीति तदव्यभिचारिणीस्वरूपशक्तिर् अपि दर्शिता । इति संवादिनीविज्ञप्त्या श्रिया राधिकया युक्तः स श्रीकृष्णः प्रेम विधत्ताम् । प्रेम श्रीकृष्णचरणे अहैकुत्कप्रीत्यतिशयः । स एव पूर्वपुरुषार्थः । एतेन मुक्त्यादेः परमपुरुषार्थत्वम् अपाकृतं बोद्धव्यम् ॥८॥","गौरकिशोरगोस्वामी : सर्वग्रन्थार्थꣳ सꣳक्षेपेण दर्शयन्न् अपि मङ्गलम् आचरति, तथा विषयादीन् अनुबन्धान् निर्दिशति—यस्येति ग्रन्थेन । अनुबन्धो नाम अधिकारिविषयसम्बन्धप्रयोजनानि । स्वयꣳ भगवान् स श्रीकृष्णः पुरुषोत्तम इह सꣳसारे तत्पादभाजाꣳ तच्चरणसेवकानाꣳ प्रेमाणꣳ विधत्ताꣳ विदधात् । कोऽसौ ? इत्य् आह—यस्य श्रीकृष्णस्यापि चिन्मात्रसत्ता क्वचित् निगमे ब्रह्मेति सꣳज्ञाꣳ याति । सत्यꣳ ज्ञानम् अनन्तꣳ ब्रह्म [तै.उ.२.१.१] इत्य् आदौ ब्रह्मानुभवोपदेशः श्रुतौ दृश्यते । तद् ब्रह्म श्रीकृष्णस्य चिन्मात्रसत्त्वात् नातिरिक्तम् । श्रीकृष्णस्याचिन्त्यज्ञानरूपत्वविशेष एव ब्रह्म । अपिशब्देन तत्रैव ब्रह्मत्वꣳ मुख्यम् इत्य् आनीतम् । ज्ञानमार्गी श्रीकृष्णस्य चिन्मात्रसत्ताꣳ ब्रह्मेति मत्या प्राप्नोतीति भावः । एतेन चिन्मात्रसत्तातिरिक्तब्रह्मास्तित्वकल्पना विशेषेण बाधिता । यस्य स्वरूपतोऽꣳशः सन्न् अपि पुनः स्वकीयैर् अꣳशकैर् लीलावताररूपैर् गुणावताररूपैश् च मायाꣳ स्वकीयाꣳ प्रकृतिम्, मयाध्यक्षेण प्रकृतिः सूयते सचराचरꣳ [गीता ९.१०], मम माया दुरत्यया [गीता ७.१४] इत्यादिगीतासꣳवादेन सर्वचराचरविसर्गकरीꣳ जीवविमोहिनीꣳ शक्तिꣳ वर्णयन् वशीकुर्वन्न् एव विभवति विशेषेण प्रभवति । तत्तदवतारग्रहणेनापि नास्य स्वरूपान्यथाभावो भवतीत्य् आकूतम् । पुमान् पुरुषः सर्वान्तर्यामी परमात्माख्यः । एवꣳ श्रीकृष्णाख्याद् अन्यः यस्येति तस्य भगवत्तासाम्येऽपि श्रीकृष्णस्यैव स्वयꣳ भगवत्त्वꣳ दर्शितम् । यस्य एकꣳ मुख्यम्, एके मुख्यान्यकेवला इति कोषात् नारायणाख्यꣳ रूपꣳ पाद्मोत्तरखण्डादि प्रतिपाद्यम्, परमव्योम्नि महावैकुण्ठे विलसति, सर्वातिशायिमहिम्ना विराजते । परमव्योमाख्यमहावैकुण्ठाधिपतिः श्रीपतिः स्वयꣳ भगवानिति पाद्मोत्तरखण्डे कथानुसन्धेया । कृष्णस् तु भगवान् [भा.पु. १.३.२८] स्वयम् इति श्रीभागवतप्रामाण्यम् इहापि सूचितम् । श्रीति तदव्यभिचारिणीस्वरूपशक्तिर् अपि दर्शिता । इति सꣳवादिनीविज्ञप्त्या श्रिया राधिकया युक्तः स श्रीकृष्णः प्रेम विधत्ताम् । प्रेम श्रीकृष्णचरणे अहैकुत्कप्रीत्यतिशयः । स एव पूर्वपुरुषार्थः । एतेन मुक्त्यादेः परमपुरुषार्थत्वम् अपाकृतꣳ बोद्धव्यम् ॥८॥"
447,athaivaṁ sūcitānāṁ śrī-kṛṣṇa-tad-vācya-vācakatā-lakṣaṇa-sambandha-tad-bhajana-lakṣaṇa-vidheya-saparyāyābhidheya-tat-prema-lakṣaṇa-prayojanākhyānām arthānāṁ nirṇayāya tāvat pramāṇaṁ nirṇīyate | tatra puruṣasya bhramādi-doṣa-catuṣṭaya-duṣṭatvāt sutarām alaukikācintya-svabhāva-vastu-sparśāyogyatvāc ca tat-pratyakṣādīny api sa-doṣāṇi ||9||,अथैवं सूचितानां श्रीकृष्णतद्वाच्यवाचकतालक्षणसम्बन्धतद्भजनलक्षणविधेयसपर्यायाभिधेयतत्प्रेमलक्षणप्रयोजनाख्यानाम् अर्थानां निर्णयाय तावत् प्रमाणं निर्णीयते । तत्र पुरुषस्य भ्रमादिदोषचतुष्टयदुष्टत्वात् सुतराम् अलौकिकाचिन्त्यस्वभाववस्तुस्पर्शायोग्यत्वाच् च तत्प्रत्यक्षादीन्य् अपि सदोषाणि ॥९॥,अथैवꣳ सूचितानाꣳ श्रीकृष्णतद्वाच्यवाचकतालक्षणसम्बन्धतद्भजनलक्षणविधेयसपर्यायाभिधेयतत्प्रेमलक्षणप्रयोजनाख्यानाम् अर्थानाꣳ निर्णयाय तावत् प्रमाणꣳ निर्णीयते । तत्र पुरुषस्य भ्रमादिदोषचतुष्टयदुष्टत्वात् सुतराम् अलौकिकाचिन्त्यस्वभाववस्तुस्पर्शायोग्यत्वाच् च तत्प्रत्यक्षादीन्य् अपि सदोषाणि ॥९॥
449,"sarva-saṁvādinī : atra puruṣasya iti | atraitad uktaṁ bhavati—yadyapi pratyakṣānumāna-śabdārṣopamāṇārthāpatty-abhāva-sambhavaitihya-ceṣṭākhyāni daśa pramāṇāni viditāni, tathāpi bhrama-pramāda-vipralipsā-karaṇāpāṭava-doṣa-rahita-vacanātmakaḥ śabda eva mūlaṁ pramāṇam | anyeṣāṁ prāyaḥ puruṣa-bhramādi-doṣamayatayānyathā-pratīti-darśanena pramāṇaṁ vā tad-ābhāsaṁ veti puruṣair nirṇetum aśakyatvāt, tasya tu tad-abhāvāt | ato rājñā bhṛtyānām iva tenaivānyeṣāṁ baddha-mūlatvāt, tasya tu nairapekṣyāt, yathā-śakti kvacid eva tasya taiḥ sācivya-karaṇāt, svādhīnasya tasya tu tāny upamardyāpi pravṛtti-darśanāt, tena pratipādite vastuni tair viroddhum aśakyatvāt, teṣāṁ śaktibhir aspṛśye vastuni tasyaiva tu sādhakatamatvāt |","सर्वसंवादिनी : अत्र पुरुषस्य इति । अत्रैतद् उक्तं भवति—यद्यपि प्रत्यक्षानुमानशब्दार्षोपमाणार्थापत्त्यभावसम्भवैतिह्यचेष्टाख्यानि दश प्रमाणानि विदितानि, तथापि भ्रमप्रमादविप्रलिप्साकरणापाटवदोषरहितवचनात्मकः शब्द एव मूलं प्रमाणम् । अन्येषां प्रायः पुरुषभ्रमादिदोषमयतयान्यथाप्रतीतिदर्शनेन प्रमाणं वा तदाभासं वेति पुरुषैर् निर्णेतुम् अशक्यत्वात्, तस्य तु तदभावात् । अतो राज्ञा भृत्यानाम् इव तेनैवान्येषां बद्धमूलत्वात्, तस्य तु नैरपेक्ष्यात्, यथाशक्ति क्वचिद् एव तस्य तैः साचिव्यकरणात्, स्वाधीनस्य तस्य तु तान्य् उपमर्द्यापि प्रवृत्तिदर्शनात्, तेन प्रतिपादिते वस्तुनि तैर् विरोद्धुम् अशक्यत्वात्, तेषां शक्तिभिर् अस्पृश्ये वस्तुनि तस्यैव तु साधकतमत्वात् ।","सर्वसꣳवादिनी : अत्र पुरुषस्य इति । अत्रैतद् उक्तꣳ भवति—यद्यपि प्रत्यक्षानुमानशब्दार्षोपमाणार्थापत्त्यभावसम्भवैतिह्यचेष्टाख्यानि दश प्रमाणानि विदितानि, तथापि भ्रमप्रमादविप्रलिप्साकरणापाटवदोषरहितवचनात्मकः शब्द एव मूलꣳ प्रमाणम् । अन्येषाꣳ प्रायः पुरुषभ्रमादिदोषमयतयान्यथाप्रतीतिदर्शनेन प्रमाणꣳ वा तदाभासꣳ वेति पुरुषैर् निर्णेतुम् अशक्यत्वात्, तस्य तु तदभावात् । अतो राज्ञा भृत्यानाम् इव तेनैवान्येषाꣳ बद्धमूलत्वात्, तस्य तु नैरपेक्ष्यात्, यथाशक्ति क्वचिद् एव तस्य तैः साचिव्यकरणात्, स्वाधीनस्य तस्य तु तान्य् उपमर्द्यापि प्रवृत्तिदर्शनात्, तेन प्रतिपादिते वस्तुनि तैर् विरोद्धुम् अशक्यत्वात्, तेषाꣳ शक्तिभिर् अस्पृश्ये वस्तुनि तस्यैव तु साधकतमत्वात् ।"
451,"tathā hi, pratyakṣaṁ tāvan mano-buddhīndriya-pañcaka-janyatayā ṣaḍ-vidhaṁ bhavet | pratyekaṁ punaḥ savikalpaka-nirvikalpaka-bhedena dvādaśa-vidhaṁ bhavati | tad eva ca punaḥ vaiduṣam avaiduṣaṁ ceti dvividham | tatra vaiduṣe ca vipratipatti-bhramādi-nṛ-doṣa-rāhityāt, śabdasyāpi tan-mūlatvāc ca | avaiduṣe evaṁ saṁśayaḥ | tadīyaṁ jñānaṁ hi vyabhicarati, yathā—“māyā-muṇḍāvalokane devadattasyaiva muṇḍam idaṁ vilokyate” ity ādau | na tu śabdaḥ, yathā—“himālaye himam, ratnākare ratnam” ity ādau tac-chabdenaiva baddha-mūlam | yathā dṛṣṭa-cara-māyā-muṇḍakena kenacid bhramāt satye’py aśraddhīyamāne satyam evedam iti nabho-vāṇyādau jānann api vṛddhopāsanaṁ vinā na kiñcid api tattvena nirṇetuṁ śaknotīti hi sarveṣāṁ nyāya-vidāṁ sthitiḥ | ","तथा हि, प्रत्यक्षं तावन् मनोबुद्धीन्द्रियपञ्चकजन्यतया षड्विधं भवेत् । प्रत्येकं पुनः सविकल्पकनिर्विकल्पकभेदेन द्वादशविधं भवति । तद् एव च पुनः वैदुषम् अवैदुषं चेति द्विविधम् । तत्र वैदुषे च विप्रतिपत्तिभ्रमादिनृदोषराहित्यात्, शब्दस्यापि तन्मूलत्वाच् च । अवैदुषे एवं संशयः । तदीयं ज्ञानं हि व्यभिचरति, यथा—“मायामुण्डावलोकने देवदत्तस्यैव मुण्डम् इदं विलोक्यते” इत्य् आदौ । न तु शब्दः, यथा—“हिमालये हिमम्, रत्नाकरे रत्नम्” इत्य् आदौ तच्छब्देनैव बद्धमूलम् । यथा दृष्टचरमायामुण्डकेन केनचिद् भ्रमात् सत्येऽप्य् अश्रद्धीयमाने सत्यम् एवेदम् इति नभोवाण्यादौ जानन्न् अपि वृद्धोपासनं विना न किञ्चिद् अपि तत्त्वेन निर्णेतुं शक्नोतीति हि सर्वेषां न्यायविदां स्थितिः । ","तथा हि, प्रत्यक्षꣳ तावन् मनोबुद्धीन्द्रियपञ्चकजन्यतया षड्विधꣳ भवेत् । प्रत्येकꣳ पुनः सविकल्पकनिर्विकल्पकभेदेन द्वादशविधꣳ भवति । तद् एव च पुनः वैदुषम् अवैदुषꣳ चेति द्विविधम् । तत्र वैदुषे च विप्रतिपत्तिभ्रमादिनृदोषराहित्यात्, शब्दस्यापि तन्मूलत्वाच् च । अवैदुषे एवꣳ सꣳशयः । तदीयꣳ ज्ञानꣳ हि व्यभिचरति, यथा—“मायामुण्डावलोकने देवदत्तस्यैव मुण्डम् इदꣳ विलोक्यते” इत्य् आदौ । न तु शब्दः, यथा—“हिमालये हिमम्, रत्नाकरे रत्नम्” इत्य् आदौ तच्छब्देनैव बद्धमूलम् । यथा दृष्टचरमायामुण्डकेन केनचिद् भ्रमात् सत्येऽप्य् अश्रद्धीयमाने सत्यम् एवेदम् इति नभोवाण्यादौ जानन्न् अपि वृद्धोपासनꣳ विना न किञ्चिद् अपि तत्त्वेन निर्णेतुꣳ शक्नोतीति हि सर्वेषाꣳ न्यायविदाꣳ स्थितिः । "
453,"śabdasya tu nairapekṣyam, yathā—“daśamas tvam asi” ity ādau | sa eṣa śabdo daśamo’ham asmīti pramāyās tiraskāriṇaṁ mohaṁ śravaṇa-patha-praveśa-mātrād vinivartayaty eveti spaṣṭam eva nairapekṣyam | ātma-śakty-anurūpam eva pratyakṣeṇa śabdasya sācivya-kṛtiḥ, yathā—“agnir himasya bheṣajam” ity ādāv eva | na tu bhavān babhūva garbhe me mathurā-nagare sutaḥ ity ādau | ","शब्दस्य तु नैरपेक्ष्यम्, यथा—“दशमस् त्वम् असि” इत्य् आदौ । स एष शब्दो दशमोऽहम् अस्मीति प्रमायास् तिरस्कारिणं मोहं श्रवणपथप्रवेशमात्राद् विनिवर्तयत्य् एवेति स्पष्टम् एव नैरपेक्ष्यम् । आत्मशक्त्यनुरूपम् एव प्रत्यक्षेण शब्दस्य साचिव्यकृतिः, यथा—“अग्निर् हिमस्य भेषजम्” इत्य् आदाव् एव । न तु भवान् बभूव गर्भे मे मथुरानगरे सुतः इत्य् आदौ । ","शब्दस्य तु नैरपेक्ष्यम्, यथा—“दशमस् त्वम् असि” इत्य् आदौ । स एष शब्दो दशमोऽहम् अस्मीति प्रमायास् तिरस्कारिणꣳ मोहꣳ श्रवणपथप्रवेशमात्राद् विनिवर्तयत्य् एवेति स्पष्टम् एव नैरपेक्ष्यम् । आत्मशक्त्यनुरूपम् एव प्रत्यक्षेण शब्दस्य साचिव्यकृतिः, यथा—“अग्निर् हिमस्य भेषजम्” इत्य् आदाव् एव । न तु भवान् बभूव गर्भे मे मथुरानगरे सुतः इत्य् आदौ । "
455,"śabdasya tu tad-upamardakam, yathā “sarpa-daṣṭe tvayi viṣaṁ nāsti” iti mantra ity ādau | tena [śabdena] pratipādite pratyakṣāvirodhitvam, yathā “sauvarṇaṁ bhasitaṁ snigdhaṁ” ity ādau | tasyaiva tu sādhakatamatvam, yathā [kvacin nara-dehe] graha-ceṣtādāv iti | sarva-pratyakṣa-siddhaṁ yat tat satyam ity eṣa pakṣaḥ sarvasyaikatra milanāsambhavāt parāhataḥ | atha bahūnāṁ pratyakṣa-siddhm ity eṣo’pi kvacid deśe pauruṣeya-śāstre vā kasyāpi vastuno’nyathā-jñāna-darśanāt parāhataḥ |","शब्दस्य तु तदुपमर्दकम्, यथा “सर्पदष्टे त्वयि विषं नास्ति” इति मन्त्र इत्य् आदौ । तेन [शब्देन] प्रतिपादिते प्रत्यक्षाविरोधित्वम्, यथा “सौवर्णं भसितं स्निग्धं” इत्य् आदौ । तस्यैव तु साधकतमत्वम्, यथा [क्वचिन् नरदेहे] ग्रहचेष्तादाव् इति । सर्वप्रत्यक्षसिद्धं यत् तत् सत्यम् इत्य् एष पक्षः सर्वस्यैकत्र मिलनासम्भवात् पराहतः । अथ बहूनां प्रत्यक्षसिद्ध्म् इत्य् एषोऽपि क्वचिद् देशे पौरुषेयशास्त्रे वा कस्यापि वस्तुनोऽन्यथाज्ञानदर्शनात् पराहतः ।","शब्दस्य तु तदुपमर्दकम्, यथा “सर्पदष्टे त्वयि विषꣳ नास्ति” इति मन्त्र इत्य् आदौ । तेन [शब्देन] प्रतिपादिते प्रत्यक्षाविरोधित्वम्, यथा “सौवर्णꣳ भसितꣳ स्निग्धꣳ” इत्य् आदौ । तस्यैव तु साधकतमत्वम्, यथा [क्वचिन् नरदेहे] ग्रहचेष्तादाव् इति । सर्वप्रत्यक्षसिद्धꣳ यत् तत् सत्यम् इत्य् एष पक्षः सर्वस्यैकत्र मिलनासम्भवात् पराहतः । अथ बहूनाꣳ प्रत्यक्षसिद्ध्म् इत्य् एषोऽपि क्वचिद् देशे पौरुषेयशास्त्रे वा कस्यापि वस्तुनोऽन्यथाज्ञानदर्शनात् पराहतः ।"
457,"atha pratijñā-hetūdāharaṇopanaya-nigamanābhidha-pañcāṅgam anumānaṁ yat tad api vyabhicarati | tatra viṣama-vyāpau yathā vṛṣṭyā tat-kāla-nirvāpita-vahnau cira-kṣaṇam adhikoditvara-dhūme parvate “parvato’yaṁ vahnimān” ity ādau, varṣāsu dhūmāyamāna-svabhāve parvate vā, na tu śabdaḥ—“sūryakāntāt yogenāgnir uttiṣṭhate” ity atra |","अथ प्रतिज्ञाहेतूदाहरणोपनयनिगमनाभिधपञ्चाङ्गम् अनुमानं यत् तद् अपि व्यभिचरति । तत्र विषमव्यापौ यथा वृष्ट्या तत्कालनिर्वापितवह्नौ चिरक्षणम् अधिकोदित्वरधूमे पर्वते “पर्वतोऽयं वह्निमान्” इत्य् आदौ, वर्षासु धूमायमानस्वभावे पर्वते वा, न तु शब्दः—“सूर्यकान्तात् योगेनाग्निर् उत्तिष्ठते” इत्य् अत्र ।","अथ प्रतिज्ञाहेतूदाहरणोपनयनिगमनाभिधपञ्चाङ्गम् अनुमानꣳ यत् तद् अपि व्यभिचरति । तत्र विषमव्यापौ यथा वृष्ट्या तत्कालनिर्वापितवह्नौ चिरक्षणम् अधिकोदित्वरधूमे पर्वते “पर्वतोऽयꣳ वह्निमान्” इत्य् आदौ, वर्षासु धूमायमानस्वभावे पर्वते वा, न तु शब्दः—“सूर्यकान्तात् योगेनाग्निर् उत्तिष्ठते” इत्य् अत्र ।"
459,"tat [anumānaṁ] śabdenaiva baddha-mūlam, yathā—“are śītāturāḥ pathikāḥ ! māsmin dhūmād vahni-sambhāvanāṁ kṛḍhvam, dṛṣṭam asmābhir atrāsau vṛṣṭyādhunaiva nirvāṇaḥ |” “kintv amutraiva dhūmodgāriṇi girau dṛśyate vahniḥ,” ity ādau, “dhūmābhāsa evāyam, na tv atra vahniḥ, kintu amutraiva” ity-ādi vākyādau ca | ","तत् [अनुमानं] शब्देनैव बद्धमूलम्, यथा—“अरे शीतातुराः पथिकाः ! मास्मिन् धूमाद् वह्निसम्भावनां कृढ्वम्, दृष्टम् अस्माभिर् अत्रासौ वृष्ट्याधुनैव निर्वाणः ।” “किन्त्व् अमुत्रैव धूमोद्गारिणि गिरौ दृश्यते वह्निः,” इत्य् आदौ, “धूमाभास एवायम्, न त्व् अत्र वह्निः, किन्तु अमुत्रैव” इत्यादि वाक्यादौ च । ","तत् [अनुमानꣳ] शब्देनैव बद्धमूलम्, यथा—“अरे शीतातुराः पथिकाः ! मास्मिन् धूमाद् वह्निसम्भावनाꣳ कृढ्वम्, दृष्टम् अस्माभिर् अत्रासौ वृष्ट्याधुनैव निर्वाणः ।” “किन्त्व् अमुत्रैव धूमोद्गारिणि गिरौ दृश्यते वह्निः,” इत्य् आदौ, “धूमाभास एवायम्, न त्व् अत्र वह्निः, किन्तु अमुत्रैव” इत्यादि वाक्यादौ च । "
461,"yadi vaktavyaṁ—evam ābhāsatvena pūrvatra svarūpāsiddho hetuḥ, ity ato na sad-anumāna-vyabhicāriteti, samānākāratvāt, viṣa-parvata-bāṣpādiṣu netra-jvālādīnām api darśanāt, [ucyate]—alaṁ dhūmādīnām asārvatrikatvāt tad-bāṣpātīta-kāla-gata-dhūma-jātatvādi-sambhavāc ca, na dhūma-dhūmābhāsayor agni-sadbhāvāsadbhāva-mātra-pratipatter agni-jñānād eva dhūma-jñāne sādhya-sādhana-samabhivyāhārāt parasparāśrayaḥ prasajyeta |","यदि वक्तव्यं—एवम् आभासत्वेन पूर्वत्र स्वरूपासिद्धो हेतुः, इत्य् अतो न सदनुमानव्यभिचारितेति, समानाकारत्वात्, विषपर्वतबाष्पादिषु नेत्रज्वालादीनाम् अपि दर्शनात्, [उच्यते]—अलं धूमादीनाम् असार्वत्रिकत्वात् तद्बाष्पातीतकालगतधूमजातत्वादिसम्भवाच् च, न धूमधूमाभासयोर् अग्निसद्भावासद्भावमात्रप्रतिपत्तेर् अग्निज्ञानाद् एव धूमज्ञाने साध्यसाधनसमभिव्याहारात् परस्पराश्रयः प्रसज्येत ।","यदि वक्तव्यꣳ—एवम् आभासत्वेन पूर्वत्र स्वरूपासिद्धो हेतुः, इत्य् अतो न सदनुमानव्यभिचारितेति, समानाकारत्वात्, विषपर्वतबाष्पादिषु नेत्रज्वालादीनाम् अपि दर्शनात्, [उच्यते]—अलꣳ धूमादीनाम् असार्वत्रिकत्वात् तद्बाष्पातीतकालगतधूमजातत्वादिसम्भवाच् च, न धूमधूमाभासयोर् अग्निसद्भावासद्भावमात्रप्रतिपत्तेर् अग्निज्ञानाद् एव धूमज्ञाने साध्यसाधनसमभिव्याहारात् परस्पराश्रयः प्रसज्येत ।"
463,"tad evaṁ tādṛśa-pratyakṣasyaiva pramāṁ prati vyabhicāre sama-vyāptāv api tad-vyabhicāraḥ | śabdasya nairapekṣyam, yathā “daśamas tvam asi” ity ādāv eva | ātma-śakty-anurūpam eva ca tasya tena sācivya-karaṇam, yathā hīraka-guṇa-viśeṣam adṛṣṭavadbhiḥ pārthivatvena sarvam evāśmādikaṁ dravyaṁ lauha-cchedyam ity anumātuṁ śakyate, na tu śruta-tādṛśa-guṇakaṁ hīrakaṁ tac-chedyam itīty ādau |","तद् एवं तादृशप्रत्यक्षस्यैव प्रमां प्रति व्यभिचारे समव्याप्ताव् अपि तद्व्यभिचारः । शब्दस्य नैरपेक्ष्यम्, यथा “दशमस् त्वम् असि” इत्य् आदाव् एव । आत्मशक्त्यनुरूपम् एव च तस्य तेन साचिव्यकरणम्, यथा हीरकगुणविशेषम् अदृष्टवद्भिः पार्थिवत्वेन सर्वम् एवाश्मादिकं द्रव्यं लौहच्छेद्यम् इत्य् अनुमातुं शक्यते, न तु श्रुततादृशगुणकं हीरकं तच्छेद्यम् इतीत्य् आदौ ।","तद् एवꣳ तादृशप्रत्यक्षस्यैव प्रमाꣳ प्रति व्यभिचारे समव्याप्ताव् अपि तद्व्यभिचारः । शब्दस्य नैरपेक्ष्यम्, यथा “दशमस् त्वम् असि” इत्य् आदाव् एव । आत्मशक्त्यनुरूपम् एव च तस्य तेन साचिव्यकरणम्, यथा हीरकगुणविशेषम् अदृष्टवद्भिः पार्थिवत्वेन सर्वम् एवाश्मादिकꣳ द्रव्यꣳ लौहच्छेद्यम् इत्य् अनुमातुꣳ शक्यते, न तु श्रुततादृशगुणकꣳ हीरकꣳ तच्छेद्यम् इतीत्य् आदौ ।"
465,"śabdasya tad-upamardakatvam, yathā—“vahni-taptam aṅgaṁ vahni-tāpena śāmyati | śuṇṭhy-ādi-dravyaṁ jāṭharāgni-pākādau mādhuryādi-bhāg bhavati” ity ādau | tena pratipādite’numānenāvirodhyatvam, yathā—“ekeveyam oṣadhis tridoṣaghnī” ity ādau | tac-chaktibhir aspṛśye’rthe śabdasyaiva sādhakatamatvam, yathā—graha-ceṣṭādāv eveti | tad evaṁ mukhyayor eva tayo ābhāsīkṛtau, parāṇi tu svayam evānapekṣyāṇi bhavanti, tasya [śabdasya] tayoś ca [pratyakṣānumānayoś ca] anugatatvāt |","शब्दस्य तदुपमर्दकत्वम्, यथा—“वह्नितप्तम् अङ्गं वह्नितापेन शाम्यति । शुण्ठ्यादिद्रव्यं जाठराग्निपाकादौ माधुर्यादिभाग् भवति” इत्य् आदौ । तेन प्रतिपादितेऽनुमानेनाविरोध्यत्वम्, यथा—“एकेवेयम् ओषधिस् त्रिदोषघ्नी” इत्य् आदौ । तच्छक्तिभिर् अस्पृश्येऽर्थे शब्दस्यैव साधकतमत्वम्, यथा—ग्रहचेष्टादाव् एवेति । तद् एवं मुख्ययोर् एव तयो आभासीकृतौ, पराणि तु स्वयम् एवानपेक्ष्याणि भवन्ति, तस्य [शब्दस्य] तयोश् च [प्रत्यक्षानुमानयोश् च] अनुगतत्वात् ।","शब्दस्य तदुपमर्दकत्वम्, यथा—“वह्नितप्तम् अङ्गꣳ वह्नितापेन शाम्यति । शुण्ठ्यादिद्रव्यꣳ जाठराग्निपाकादौ माधुर्यादिभाग् भवति” इत्य् आदौ । तेन प्रतिपादितेऽनुमानेनाविरोध्यत्वम्, यथा—“एकेवेयम् ओषधिस् त्रिदोषघ्नी” इत्य् आदौ । तच्छक्तिभिर् अस्पृश्येऽर्थे शब्दस्यैव साधकतमत्वम्, यथा—ग्रहचेष्टादाव् एवेति । तद् एवꣳ मुख्ययोर् एव तयो आभासीकृतौ, पराणि तु स्वयम् एवानपेक्ष्याणि भवन्ति, तस्य [शब्दस्य] तयोश् च [प्रत्यक्षानुमानयोश् च] अनुगतत्वात् ।"
467,"atha tathātva-jñānārthaṁ tāni ca darśyante | tatra devānām ṛṣīṇāṁ ca vacanam ārṣam | go-sadṛśo gavaya iti jñānam upamānam | pīnatvam ahny-abhojini naktaṁ bhojitvaṁ gamayati, tad anyathā na bhavatīty artha-giroḥ kalpanaṁ yasya phalam asāv arthāpattiḥ | sannikarṣaṁ vinā nendriyāṇi gṛhṇanti, tasmāt ghaṭābhāve pramāṇaṁ tad-anupalabdhi-rūpo’bhāva eva | sahasre śataṁ sambhavatīti buddhau sambhāvanaṁ sambhavaḥ | ajñāta-vaktṛ-krṭāgata pāramparya-prasiddham aitihyam | aṅguly-uttolanato ghaṭa-daśakādi-jñāna-kṛc ceṣṭeti |","अथ तथात्वज्ञानार्थं तानि च दर्श्यन्ते । तत्र देवानाम् ऋषीणां च वचनम् आर्षम् । गोसदृशो गवय इति ज्ञानम् उपमानम् । पीनत्वम् अह्न्यभोजिनि नक्तं भोजित्वं गमयति, तद् अन्यथा न भवतीत्य् अर्थगिरोः कल्पनं यस्य फलम् असाव् अर्थापत्तिः । सन्निकर्षं विना नेन्द्रियाणि गृह्णन्ति, तस्मात् घटाभावे प्रमाणं तदनुपलब्धिरूपोऽभाव एव । सहस्रे शतं सम्भवतीति बुद्धौ सम्भावनं सम्भवः । अज्ञातवक्तृक्र्टागत पारम्पर्यप्रसिद्धम् ऐतिह्यम् । अङ्गुल्युत्तोलनतो घटदशकादिज्ञानकृच् चेष्टेति ।","अथ तथात्वज्ञानार्थꣳ तानि च दर्श्यन्ते । तत्र देवानाम् ऋषीणाꣳ च वचनम् आर्षम् । गोसदृशो गवय इति ज्ञानम् उपमानम् । पीनत्वम् अह्न्यभोजिनि नक्तꣳ भोजित्वꣳ गमयति, तद् अन्यथा न भवतीत्य् अर्थगिरोः कल्पनꣳ यस्य फलम् असाव् अर्थापत्तिः । सन्निकर्षꣳ विना नेन्द्रियाणि गृह्णन्ति, तस्मात् घटाभावे प्रमाणꣳ तदनुपलब्धिरूपोऽभाव एव । सहस्रे शतꣳ सम्भवतीति बुद्धौ सम्भावनꣳ सम्भवः । अज्ञातवक्तृक्र्टागत पारम्पर्यप्रसिद्धम् ऐतिह्यम् । अङ्गुल्युत्तोलनतो घटदशकादिज्ञानकृच् चेष्टेति ।"
469,"kiṁ ca, paśv-ādibhiś cāviśeṣān na pratyakṣādikaṁ jñānaṁ paramārtha-pramāpakam | dṛśyete cāmīṣām iṣṭāniṣṭayor darśana-ghrāṇādinā pravṛtti-nivṛttī | na ca teṣāṁ kācit paramārtha-siddhiḥ | dṛśyate cātibālānāṁ mātara-pitr-ādy-āpta-śabdād eva sarva-jñāna-pravṛttiḥ, taṁ vinā caikākitayā rakṣitānāṁ jaḍa-mūkateti | na ca vyavahāra-siddhir iti ||9||","किं च, पश्वादिभिश् चाविशेषान् न प्रत्यक्षादिकं ज्ञानं परमार्थप्रमापकम् । दृश्येते चामीषाम् इष्टानिष्टयोर् दर्शनघ्राणादिना प्रवृत्तिनिवृत्ती । न च तेषां काचित् परमार्थसिद्धिः । दृश्यते चातिबालानां मातरपित्राद्याप्तशब्दाद् एव सर्वज्ञानप्रवृत्तिः, तं विना चैकाकितया रक्षितानां जडमूकतेति । न च व्यवहारसिद्धिर् इति ॥९॥","किꣳ च, पश्वादिभिश् चाविशेषान् न प्रत्यक्षादिकꣳ ज्ञानꣳ परमार्थप्रमापकम् । दृश्येते चामीषाम् इष्टानिष्टयोर् दर्शनघ्राणादिना प्रवृत्तिनिवृत्ती । न च तेषाꣳ काचित् परमार्थसिद्धिः । दृश्यते चातिबालानाꣳ मातरपित्राद्याप्तशब्दाद् एव सर्वज्ञानप्रवृत्तिः, तꣳ विना चैकाकितया रक्षितानाꣳ जडमूकतेति । न च व्यवहारसिद्धिर् इति ॥९॥"
471,baladevaḥ : athaivam iti | sūcitānāṁ vyañjitānāṁ caturṇām ity arthaḥ | śrī-kṛṣṇaś ca granthasya viṣayaḥ | tad-vācya-vācaka-lakṣaṇaś ca sambandhaḥ | tad-bhajanaṁ tac-chravaṇa-kīrtanādi-tal-lakṣaṇaṁ yad-vidheyaṁ tat-saparyāyāṁ yad abhidheyaṁ tac ca | tat-prema-lakṣaṇaṁ prayojanaṁ ca puruṣārthas tad-ākhyānām | eka-vācya-vācakatavaṁ paryāyatvam | samānaḥ paryāyo’syeti saparyāyaḥ | samānārthaka-saha-śabdena samāsād asvapada-vigraho bahu-vrīhiḥ | vopasarjanasya [pā. 6.3.82] iti sūtrāt sahasya sādeśaḥ | ,बलदेवः : अथैवम् इति । सूचितानां व्यञ्जितानां चतुर्णाम् इत्य् अर्थः । श्रीकृष्णश् च ग्रन्थस्य विषयः । तद्वाच्यवाचकलक्षणश् च सम्बन्धः । तद्भजनं तच्छ्रवणकीर्तनादितल्लक्षणं यद्विधेयं तत्सपर्यायां यद् अभिधेयं तच् च । तत्प्रेमलक्षणं प्रयोजनं च पुरुषार्थस् तदाख्यानाम् । एकवाच्यवाचकतवं पर्यायत्वम् । समानः पर्यायोऽस्येति सपर्यायः । समानार्थकसहशब्देन समासाद् अस्वपदविग्रहो बहुव्रीहिः । वोपसर्जनस्य [पा. ६.३.८२] इति सूत्रात् सहस्य सादेशः । ,बलदेवः : अथैवम् इति । सूचितानाꣳ व्यञ्जितानाꣳ चतुर्णाम् इत्य् अर्थः । श्रीकृष्णश् च ग्रन्थस्य विषयः । तद्वाच्यवाचकलक्षणश् च सम्बन्धः । तद्भजनꣳ तच्छ्रवणकीर्तनादितल्लक्षणꣳ यद्विधेयꣳ तत्सपर्यायाꣳ यद् अभिधेयꣳ तच् च । तत्प्रेमलक्षणꣳ प्रयोजनꣳ च पुरुषार्थस् तदाख्यानाम् । एकवाच्यवाचकतवꣳ पर्यायत्वम् । समानः पर्यायोऽस्येति सपर्यायः । समानार्थकसहशब्देन समासाद् अस्वपदविग्रहो बहुव्रीहिः । वोपसर्जनस्य [पा. ६.३.८२] इति सूत्रात् सहस्य सादेशः । 
476,"tatreti puruṣasya vyāvahārikasya vyutpannasyāpi bhramādi-doṣa-grastatvāt tādṛk-pāramārthaika-vastu-sparśānarhatvāc catat-pratyakṣādīni ca sadoṣāṇīti yojyam | bhramaḥ pramādo vipralipsā karaṇāpaṭavaṁ ceti jīve catvāro doṣāḥ | teṣv atasmiṁs tad-buddhir bhramaḥ | yena sthāṇau puruṣa-buddhiḥ | anavadhānatānya-cittatā-lakṣaṇaḥ pramādaḥ | yenāntike gīyamānaṁ gānaṁ na gṛhyate | vañcanecchā vipralipsā | yayā’śiṣye sva-jñāto’py artho na prakāśyate | indriyam āndyaṁ karaṇāpaṭavam | yena datta-manasāpi yathāvat vastu na paricīyate | ete pramātṛ-jīva-doṣāḥ | parmāṇeṣu sañcaranti | teṣu bhramādi-trayaṁ pratyakṣe, tan-mūlake’numāne ca | vipralipsā tu śabda iti bodhyam | pratyakṣādīny aṣṭau bhavanti pramāṇāni | tatrārtha-sannikṛṣṭaṁ cakṣurādīndriyaṁ pratyakṣam | anumiti-karaṇam anumānaṁ [tarka-saṅgraha] agnyādi-jñānam anumitiḥ, tat-karaṇaṁ dhūmādi-jñānam | āpta-vākyaṁ śabdaḥ [ibid.] | upamiti-karaṇam upamānaṁ [ibid.] go-sadṛśo gavaya ity ādau | saṁjñāsaṁjñi-sambandha-jñānam upamitiḥ [ibid.] tat-karaṇaṁ sādṛśya-jñānam |","तत्रेति पुरुषस्य व्यावहारिकस्य व्युत्पन्नस्यापि भ्रमादिदोषग्रस्तत्वात् तादृक्पारमार्थैकवस्तुस्पर्शानर्हत्वाच् चतत्प्रत्यक्षादीनि च सदोषाणीति योज्यम् । भ्रमः प्रमादो विप्रलिप्सा करणापटवं चेति जीवे चत्वारो दोषाः । तेष्व् अतस्मिंस् तद्बुद्धिर् भ्रमः । येन स्थाणौ पुरुषबुद्धिः । अनवधानतान्यचित्ततालक्षणः प्रमादः । येनान्तिके गीयमानं गानं न गृह्यते । वञ्चनेच्छा विप्रलिप्सा । ययाऽशिष्ये स्वज्ञातोऽप्य् अर्थो न प्रकाश्यते । इन्द्रियम् आन्द्यं करणापटवम् । येन दत्तमनसापि यथावत् वस्तु न परिचीयते । एते प्रमातृजीवदोषाः । पर्माणेषु सञ्चरन्ति । तेषु भ्रमादित्रयं प्रत्यक्षे, तन्मूलकेऽनुमाने च । विप्रलिप्सा तु शब्द इति बोध्यम् । प्रत्यक्षादीन्य् अष्टौ भवन्ति प्रमाणानि । तत्रार्थसन्निकृष्टं चक्षुरादीन्द्रियं प्रत्यक्षम् । अनुमितिकरणम् अनुमानं [तर्कसङ्ग्रह] अग्न्यादिज्ञानम् अनुमितिः, तत्करणं धूमादिज्ञानम् । आप्तवाक्यं शब्दः [इबिद्.] । उपमितिकरणम् उपमानं [इबिद्.] गोसदृशो गवय इत्य् आदौ । संज्ञासंज्ञिसम्बन्धज्ञानम् उपमितिः [इबिद्.] तत्करणं सादृश्यज्ञानम् ।","तत्रेति पुरुषस्य व्यावहारिकस्य व्युत्पन्नस्यापि भ्रमादिदोषग्रस्तत्वात् तादृक्पारमार्थैकवस्तुस्पर्शानर्हत्वाच् चतत्प्रत्यक्षादीनि च सदोषाणीति योज्यम् । भ्रमः प्रमादो विप्रलिप्सा करणापटवꣳ चेति जीवे चत्वारो दोषाः । तेष्व् अतस्मिꣳस् तद्बुद्धिर् भ्रमः । येन स्थाणौ पुरुषबुद्धिः । अनवधानतान्यचित्ततालक्षणः प्रमादः । येनान्तिके गीयमानꣳ गानꣳ न गृह्यते । वञ्चनेच्छा विप्रलिप्सा । ययाऽशिष्ये स्वज्ञातोऽप्य् अर्थो न प्रकाश्यते । इन्द्रियम् आन्द्यꣳ करणापटवम् । येन दत्तमनसापि यथावत् वस्तु न परिचीयते । एते प्रमातृजीवदोषाः । पर्माणेषु सञ्चरन्ति । तेषु भ्रमादित्रयꣳ प्रत्यक्षे, तन्मूलकेऽनुमाने च । विप्रलिप्सा तु शब्द इति बोध्यम् । प्रत्यक्षादीन्य् अष्टौ भवन्ति प्रमाणानि । तत्रार्थसन्निकृष्टꣳ चक्षुरादीन्द्रियꣳ प्रत्यक्षम् । अनुमितिकरणम् अनुमानꣳ [तर्कसङ्ग्रह] अग्न्यादिज्ञानम् अनुमितिः, तत्करणꣳ धूमादिज्ञानम् । आप्तवाक्यꣳ शब्दः [इबिद्.] । उपमितिकरणम् उपमानꣳ [इबिद्.] गोसदृशो गवय इत्य् आदौ । सꣳज्ञासꣳज्ञिसम्बन्धज्ञानम् उपमितिः [इबिद्.] तत्करणꣳ सादृश्यज्ञानम् ।"
478,asaidhyad-artha-dṛṣṭyā sādhakānyārthakalpanam arthāpattiḥ | yayā divābhuñjāne pīnatvaṁ rātri-bhojanaṁ kalpayitvā sādhyate | abhāva-grāhikānupalabdhiḥ | bhūtale ghaṭānupalabdhyā yathā ghaṭābhāvo gṛhyate | sahasre śataṁ sambhaved iti buddhau sambhāvanā sambhavaḥ | ajñāta-vaktṛkaṁ paramparāprasiddham aitihyam | yatheha tarau yakṣo’sti | ity evam aṣṭau ||9||,असैध्यदर्थदृष्ट्या साधकान्यार्थकल्पनम् अर्थापत्तिः । यया दिवाभुञ्जाने पीनत्वं रात्रिभोजनं कल्पयित्वा साध्यते । अभावग्राहिकानुपलब्धिः । भूतले घटानुपलब्ध्या यथा घटाभावो गृह्यते । सहस्रे शतं सम्भवेद् इति बुद्धौ सम्भावना सम्भवः । अज्ञातवक्तृकं परम्पराप्रसिद्धम् ऐतिह्यम् । यथेह तरौ यक्षोऽस्ति । इत्य् एवम् अष्टौ ॥९॥,असैध्यदर्थदृष्ट्या साधकान्यार्थकल्पनम् अर्थापत्तिः । यया दिवाभुञ्जाने पीनत्वꣳ रात्रिभोजनꣳ कल्पयित्वा साध्यते । अभावग्राहिकानुपलब्धिः । भूतले घटानुपलब्ध्या यथा घटाभावो गृह्यते । सहस्रे शतꣳ सम्भवेद् इति बुद्धौ सम्भावना सम्भवः । अज्ञातवक्तृकꣳ परम्पराप्रसिद्धम् ऐतिह्यम् । यथेह तरौ यक्षोऽस्ति । इत्य् एवम् अष्टौ ॥९॥
480,"rādhamohana-gosvāmī : atheti pramāṇaṁ vinirṇīyata ity anenāsyānvayaḥ | kim-arthaṁ pramāṇa-vinirṇayaḥ ? ity ata āha—evaṁ sūcitānām iti | tatra śrī-bhāgavata-sandarbhaṁ vacmīty anena śrī-kṛṣṇa-svarūpa-tad-bhajanayor abhidheyatvam | tayor vācya-vācakatā-lakṣaṇa-sambandhaś ca sūcitaḥ | “prema dadyād bhajadbhyaḥ” ity anena bhajanasya vidheyatvam, premnaḥ phalatvaṁ sūcitam | śrī-kṛṣṇeti tad-bhajanopalakṣaṇam | tena kṛṣṇa-tad-bhajanayor vācyatā, granthasya vācakateti paraspara-sambandho darśitaḥ | śrī-kṛṣṇa-sambandha-kathanāt tasyābhidheyatā-lābhaḥ | bhajanasya vidheyatayābhidheyatvam iti viśeṣāya svātantryeṇa tat-kīrtanam | vidheya-paryāyābhidheyety asya vidheya-lakṣaṇābhidheyety arthaḥ | ","राधमोहनगोस्वामी : अथेति प्रमाणं विनिर्णीयत इत्य् अनेनास्यान्वयः । किमर्थं प्रमाणविनिर्णयः ? इत्य् अत आह—एवं सूचितानाम् इति । तत्र श्रीभागवतसन्दर्भं वच्मीत्य् अनेन श्रीकृष्णस्वरूपतद्भजनयोर् अभिधेयत्वम् । तयोर् वाच्यवाचकतालक्षणसम्बन्धश् च सूचितः । “प्रेम दद्याद् भजद्भ्यः” इत्य् अनेन भजनस्य विधेयत्वम्, प्रेम्नः फलत्वं सूचितम् । श्रीकृष्णेति तद्भजनोपलक्षणम् । तेन कृष्णतद्भजनयोर् वाच्यता, ग्रन्थस्य वाचकतेति परस्परसम्बन्धो दर्शितः । श्रीकृष्णसम्बन्धकथनात् तस्याभिधेयतालाभः । भजनस्य विधेयतयाभिधेयत्वम् इति विशेषाय स्वातन्त्र्येण तत्कीर्तनम् । विधेयपर्यायाभिधेयेत्य् अस्य विधेयलक्षणाभिधेयेत्य् अर्थः । ","राधमोहनगोस्वामी : अथेति प्रमाणꣳ विनिर्णीयत इत्य् अनेनास्यान्वयः । किमर्थꣳ प्रमाणविनिर्णयः ? इत्य् अत आह—एवꣳ सूचितानाम् इति । तत्र श्रीभागवतसन्दर्भꣳ वच्मीत्य् अनेन श्रीकृष्णस्वरूपतद्भजनयोर् अभिधेयत्वम् । तयोर् वाच्यवाचकतालक्षणसम्बन्धश् च सूचितः । “प्रेम दद्याद् भजद्भ्यः” इत्य् अनेन भजनस्य विधेयत्वम्, प्रेम्नः फलत्वꣳ सूचितम् । श्रीकृष्णेति तद्भजनोपलक्षणम् । तेन कृष्णतद्भजनयोर् वाच्यता, ग्रन्थस्य वाचकतेति परस्परसम्बन्धो दर्शितः । श्रीकृष्णसम्बन्धकथनात् तस्याभिधेयतालाभः । भजनस्य विधेयतयाभिधेयत्वम् इति विशेषाय स्वातन्त्र्येण तत्कीर्तनम् । विधेयपर्यायाभिधेयेत्य् अस्य विधेयलक्षणाभिधेयेत्य् अर्थः । "
482,"evaṁ ca bhāgavata-sandarbham ity asya bhagavata idaṁ śrī-kṛṣṇa-svarūpa-tad-bhajanam, tasya sandarbham, kāṇḍaṁ tattvato nirṇāyaka-vākya-jātam iti paryavasito’rthaḥ | vacmīty asya kathayāmīty arthaḥ | vastutas tu bhāgavata-sandarbha-bhagavad-bhajana-pratipādaka-śrī-bhāgavatākhya-granthasya sandarbham artha-nirṇāyaka-vākya-jātaṁ vacmīty arthaḥ | evaṁ ca śrī-bhāgavatasya prayojanābhidheya-sambandhā evāsya granthasya prayojanābhidheya-sambandhā iti jñeyam | tatreti—pramāṇeṣv ity arthaḥ | tat-pratyakṣādīty atrāsyānvayaḥ | tat-pratyakṣādīni laukika-puruṣa-pratyakṣādīni | teneśvara-pratyakṣasya sadoṣatvaṁ vyāvṛttiḥ | ādinā—anumānopamānānupalabdhi-parigrahaḥ sadoṣāṇi bhrama-janakatayā sambhāvitāni | tenāpuruṣa-pratyakṣādeḥ kvacid vastu-sādhakatve, anumānasyeśvara-sādhakatve’pi ca na kṣatiḥ | ","एवं च भागवतसन्दर्भम् इत्य् अस्य भगवत इदं श्रीकृष्णस्वरूपतद्भजनम्, तस्य सन्दर्भम्, काण्डं तत्त्वतो निर्णायकवाक्यजातम् इति पर्यवसितोऽर्थः । वच्मीत्य् अस्य कथयामीत्य् अर्थः । वस्तुतस् तु भागवतसन्दर्भभगवद्भजनप्रतिपादकश्रीभागवताख्यग्रन्थस्य सन्दर्भम् अर्थनिर्णायकवाक्यजातं वच्मीत्य् अर्थः । एवं च श्रीभागवतस्य प्रयोजनाभिधेयसम्बन्धा एवास्य ग्रन्थस्य प्रयोजनाभिधेयसम्बन्धा इति ज्ञेयम् । तत्रेति—प्रमाणेष्व् इत्य् अर्थः । तत्प्रत्यक्षादीत्य् अत्रास्यान्वयः । तत्प्रत्यक्षादीनि लौकिकपुरुषप्रत्यक्षादीनि । तेनेश्वरप्रत्यक्षस्य सदोषत्वं व्यावृत्तिः । आदिना—अनुमानोपमानानुपलब्धिपरिग्रहः सदोषाणि भ्रमजनकतया सम्भावितानि । तेनापुरुषप्रत्यक्षादेः क्वचिद् वस्तुसाधकत्वे, अनुमानस्येश्वरसाधकत्वेऽपि च न क्षतिः । ","एवꣳ च भागवतसन्दर्भम् इत्य् अस्य भगवत इदꣳ श्रीकृष्णस्वरूपतद्भजनम्, तस्य सन्दर्भम्, काण्डꣳ तत्त्वतो निर्णायकवाक्यजातम् इति पर्यवसितोऽर्थः । वच्मीत्य् अस्य कथयामीत्य् अर्थः । वस्तुतस् तु भागवतसन्दर्भभगवद्भजनप्रतिपादकश्रीभागवताख्यग्रन्थस्य सन्दर्भम् अर्थनिर्णायकवाक्यजातꣳ वच्मीत्य् अर्थः । एवꣳ च श्रीभागवतस्य प्रयोजनाभिधेयसम्बन्धा एवास्य ग्रन्थस्य प्रयोजनाभिधेयसम्बन्धा इति ज्ञेयम् । तत्रेति—प्रमाणेष्व् इत्य् अर्थः । तत्प्रत्यक्षादीत्य् अत्रास्यान्वयः । तत्प्रत्यक्षादीनि लौकिकपुरुषप्रत्यक्षादीनि । तेनेश्वरप्रत्यक्षस्य सदोषत्वꣳ व्यावृत्तिः । आदिना—अनुमानोपमानानुपलब्धिपरिग्रहः सदोषाणि भ्रमजनकतया सम्भावितानि । तेनापुरुषप्रत्यक्षादेः क्वचिद् वस्तुसाधकत्वे, अनुमानस्येश्वरसाधकत्वेऽपि च न क्षतिः । "
490,tatas tāni na pramāṇānīty anādi-siddha-sarva-puruṣa-paramparāsu sarva-laukikālaukika-jñāna-nidānatvādaprākṛta-vacana-lakṣaṇo veda evāsmākaṁ sarvātīta-sarvāśraya-sarvācintyāścarya-svabhāvaṁ vastu-vividiṣatāṁ pramāṇam ||10||,ततस् तानि न प्रमाणानीत्य् अनादिसिद्धसर्वपुरुषपरम्परासु सर्वलौकिकालौकिकज्ञाननिदानत्वादप्राकृतवचनलक्षणो वेद एवास्माकं सर्वातीतसर्वाश्रयसर्वाचिन्त्याश्चर्यस्वभावं वस्तुविविदिषतां प्रमाणम् ॥१०॥,ततस् तानि न प्रमाणानीत्य् अनादिसिद्धसर्वपुरुषपरम्परासु सर्वलौकिकालौकिकज्ञाननिदानत्वादप्राकृतवचनलक्षणो वेद एवास्माकꣳ सर्वातीतसर्वाश्रयसर्वाचिन्त्याश्चर्यस्वभावꣳ वस्तुविविदिषताꣳ प्रमाणम् ॥१०॥
492,"sarva-saṁvādinī : athaivaṁ śabdasya pramāṇatve paryavasite ko’sau śabda iti vivecanīyam | tatra “bhramādi-rahitaṁ vacaḥ śabdaḥ” ity anenaiva paryāptir na syāt | yathā sva-mati-gṛhīte pakṣe bhramādi-rahito’yam ayam eveti pratisvaṁ mata-bhede nirṇayābhāvāpattes tathā tasyāpi śabdasya pratyakṣāvagamyatvena parānugatatvād aprāmāṇyāpatteḥ | tasmād yo [śabdaḥ] nija-nija-vidvattāyai sarvair evābhyasyate, yasyādhigamena sarveṣām api sarvaiva vidvattā bhavati, yat kṛtayaiva parama-vidvattayā pratyakṣādikam api śuddhaṁ syāt, yaś cānāditvāt svayam eva siddhaḥ, sa eva nikhilaitihya-mūla-rūpo mahā-vākya-samudayaḥ śabdo’tra gṛhyate | sa ca śāstram eva | tac ca veda eva | ya evānādi-siddhaḥ sarva-kāraṇasya bhagavato’nādi-siddhaṁ punaḥ punaḥ sṛṣṭy-ādau tasmād evāvirbhūtam apauruṣeyaṁ vākyam | tad eva bhramādi-rahitaṁ sambhāvitam | tac ca sarva-janakasya tasya ca sa-doṣa-deśāyāvaśyakaṁ mantavyam | tad eva cāvyabhicāri pramāṇam | tac ca tat-kṛpayā ko’pi ko’pi gṛhṇāti | kutarka-karkaśā mūḍhā vā tan na gṛhṇantu nāma, teṣām apramā-padaṁ katham apayātu ? na ceśvara-vihita-vaidyakādi-śāstram amatam | pramāṇābhāvād itaravad yātīti cen, na | pareṣāṁ tad-anugatatvād eva śāstratva-vyavahāraḥ | na ca buddhasyāpīśvaratve sati tad-vākyaṁ ca pramāṇaṁ syād iti vācyam | yena śāstreṇa tasya īśvaratvaṁ manyāmahe, tenaiva tasya daitya-mohana-śāstra-kāritvenoktatvāt |","सर्वसंवादिनी : अथैवं शब्दस्य प्रमाणत्वे पर्यवसिते कोऽसौ शब्द इति विवेचनीयम् । तत्र “भ्रमादिरहितं वचः शब्दः” इत्य् अनेनैव पर्याप्तिर् न स्यात् । यथा स्वमतिगृहीते पक्षे भ्रमादिरहितोऽयम् अयम् एवेति प्रतिस्वं मतभेदे निर्णयाभावापत्तेस् तथा तस्यापि शब्दस्य प्रत्यक्षावगम्यत्वेन परानुगतत्वाद् अप्रामाण्यापत्तेः । तस्माद् यो [शब्दः] निजनिजविद्वत्तायै सर्वैर् एवाभ्यस्यते, यस्याधिगमेन सर्वेषाम् अपि सर्वैव विद्वत्ता भवति, यत् कृतयैव परमविद्वत्तया प्रत्यक्षादिकम् अपि शुद्धं स्यात्, यश् चानादित्वात् स्वयम् एव सिद्धः, स एव निखिलैतिह्यमूलरूपो महावाक्यसमुदयः शब्दोऽत्र गृह्यते । स च शास्त्रम् एव । तच् च वेद एव । य एवानादिसिद्धः सर्वकारणस्य भगवतोऽनादिसिद्धं पुनः पुनः सृष्ट्यादौ तस्माद् एवाविर्भूतम् अपौरुषेयं वाक्यम् । तद् एव भ्रमादिरहितं सम्भावितम् । तच् च सर्वजनकस्य तस्य च सदोषदेशायावश्यकं मन्तव्यम् । तद् एव चाव्यभिचारि प्रमाणम् । तच् च तत्कृपया कोऽपि कोऽपि गृह्णाति । कुतर्ककर्कशा मूढा वा तन् न गृह्णन्तु नाम, तेषाम् अप्रमापदं कथम् अपयातु ? न चेश्वरविहितवैद्यकादिशास्त्रम् अमतम् । प्रमाणाभावाद् इतरवद् यातीति चेन्, न । परेषां तदनुगतत्वाद् एव शास्त्रत्वव्यवहारः । न च बुद्धस्यापीश्वरत्वे सति तद्वाक्यं च प्रमाणं स्याद् इति वाच्यम् । येन शास्त्रेण तस्य ईश्वरत्वं मन्यामहे, तेनैव तस्य दैत्यमोहनशास्त्रकारित्वेनोक्तत्वात् ।","सर्वसꣳवादिनी : अथैवꣳ शब्दस्य प्रमाणत्वे पर्यवसिते कोऽसौ शब्द इति विवेचनीयम् । तत्र “भ्रमादिरहितꣳ वचः शब्दः” इत्य् अनेनैव पर्याप्तिर् न स्यात् । यथा स्वमतिगृहीते पक्षे भ्रमादिरहितोऽयम् अयम् एवेति प्रतिस्वꣳ मतभेदे निर्णयाभावापत्तेस् तथा तस्यापि शब्दस्य प्रत्यक्षावगम्यत्वेन परानुगतत्वाद् अप्रामाण्यापत्तेः । तस्माद् यो [शब्दः] निजनिजविद्वत्तायै सर्वैर् एवाभ्यस्यते, यस्याधिगमेन सर्वेषाम् अपि सर्वैव विद्वत्ता भवति, यत् कृतयैव परमविद्वत्तया प्रत्यक्षादिकम् अपि शुद्धꣳ स्यात्, यश् चानादित्वात् स्वयम् एव सिद्धः, स एव निखिलैतिह्यमूलरूपो महावाक्यसमुदयः शब्दोऽत्र गृह्यते । स च शास्त्रम् एव । तच् च वेद एव । य एवानादिसिद्धः सर्वकारणस्य भगवतोऽनादिसिद्धꣳ पुनः पुनः सृष्ट्यादौ तस्माद् एवाविर्भूतम् अपौरुषेयꣳ वाक्यम् । तद् एव भ्रमादिरहितꣳ सम्भावितम् । तच् च सर्वजनकस्य तस्य च सदोषदेशायावश्यकꣳ मन्तव्यम् । तद् एव चाव्यभिचारि प्रमाणम् । तच् च तत्कृपया कोऽपि कोऽपि गृह्णाति । कुतर्ककर्कशा मूढा वा तन् न गृह्णन्तु नाम, तेषाम् अप्रमापदꣳ कथम् अपयातु ? न चेश्वरविहितवैद्यकादिशास्त्रम् अमतम् । प्रमाणाभावाद् इतरवद् यातीति चेन्, न । परेषाꣳ तदनुगतत्वाद् एव शास्त्रत्वव्यवहारः । न च बुद्धस्यापीश्वरत्वे सति तद्वाक्यꣳ च प्रमाणꣳ स्याद् इति वाच्यम् । येन शास्त्रेण तस्य ईश्वरत्वꣳ मन्यामहे, तेनैव तस्य दैत्यमोहनशास्त्रकारित्वेनोक्तत्वात् ।"
494,"atra [vedasya prāmāṇya-viṣaye] vācaspatiś caivam āha [śaṅkara-bhāṣya-bhāmatī-ṭīkāyām upodghāte]—“na ca jyeṣṭha-[agrajāta]-pramāṇa-pratyakṣa-virodhād āmnāyasyaiva tad-apekṣasyāprāmānyam upacaritārthatvaṁ veti yuktam | asyāpauruṣeyatayā niransta-samsanta-doṣāśaṅkasya bodhakatayā ca svataḥ-siddha-pramāṇa-bhāvasya sva-kārya-pramitau parānapekṣatvāt | pramitāv anapekṣatve’py utpattau pratyakṣāpekṣatvāt | tad-virodhād anutpatti-lakṣaṇam asyāprāmāṇyam iti cet, na | utpādakāpratidvandvitvāt | na hy āgama-jñānaṁ sāṁvyavahārikaṁ pratyakṣasya prāmāṇyam upahanti, yena kāraṇābhāvān na bhavet, api tu tāttvikam | na ca tat tasyotpādakam atāttvika-pramāṇa-bhāvebhyo’pi sāṁvyavahārikebhyaḥ [pramāṇebhyaḥ] tattva-jñānotpatti-darśanāt | yathā varṇe hrasva-dīrghatvādayo’nya-dharmā api samāropitās tattva-pratipatti-hetavaḥ | na hi laukikā nāga iti vā, nagaḥ iti vā padāt kuñjaraṁ vā taruṁ vā pratipadyamānā bhavanti bhrāntāḥ | na cāmanya-paraṁ vākyaṁ svārthe upacaritārthaṁ kartuṁ yuktam | uktaṁ hi—na vidhau paraḥ śabdārthaḥ [pū.mī. 1.2.19, śaṅkara-bhāṣye] iti | jyeṣṭhatvaṁ [agra-jātatvaṁ] cānapekṣitasya bādhyatve hetur na tu bādhakatve, rajata-jñānasya jyāyasaḥ śukti-jñānena kanīyasā bādhaka-darśanāt | tad-anapavādhane yad apabādhātmanas tasyotpatter anupapattiḥ | darśitaṁ ca tāttvika-pramāṇa-bhāvasyānapekṣitatvam | tathā ca pāramarśaṁ sūtraṁ—pūrvaṁ daurbalyaṁ prakṛtivat [pū.mī. 6.5.54] iti | tathā—","अत्र [वेदस्य प्रामाण्यविषये] वाचस्पतिश् चैवम् आह [शङ्करभाष्यभामतीटीकायाम् उपोद्घाते]—“न च ज्येष्ठ-[अग्रजात]-प्रमाणप्रत्यक्षविरोधाद् आम्नायस्यैव तदपेक्षस्याप्रामान्यम् उपचरितार्थत्वं वेति युक्तम् । अस्यापौरुषेयतया निरन्स्तसम्सन्तदोषाशङ्कस्य बोधकतया च स्वतःसिद्धप्रमाणभावस्य स्वकार्यप्रमितौ परानपेक्षत्वात् । प्रमिताव् अनपेक्षत्वेऽप्य् उत्पत्तौ प्रत्यक्षापेक्षत्वात् । तद्विरोधाद् अनुत्पत्तिलक्षणम् अस्याप्रामाण्यम् इति चेत्, न । उत्पादकाप्रतिद्वन्द्वित्वात् । न ह्य् आगमज्ञानं सांव्यवहारिकं प्रत्यक्षस्य प्रामाण्यम् उपहन्ति, येन कारणाभावान् न भवेत्, अपि तु तात्त्विकम् । न च तत् तस्योत्पादकम् अतात्त्विकप्रमाणभावेभ्योऽपि सांव्यवहारिकेभ्यः [प्रमाणेभ्यः] तत्त्वज्ञानोत्पत्तिदर्शनात् । यथा वर्णे ह्रस्वदीर्घत्वादयोऽन्यधर्मा अपि समारोपितास् तत्त्वप्रतिपत्तिहेतवः । न हि लौकिका नाग इति वा, नगः इति वा पदात् कुञ्जरं वा तरुं वा प्रतिपद्यमाना भवन्ति भ्रान्ताः । न चामन्यपरं वाक्यं स्वार्थे उपचरितार्थं कर्तुं युक्तम् । उक्तं हि—न विधौ परः शब्दार्थः [पू.मी. १.२.१९, शङ्करभाष्ये] इति । ज्येष्ठत्वं [अग्रजातत्वं] चानपेक्षितस्य बाध्यत्वे हेतुर् न तु बाधकत्वे, रजतज्ञानस्य ज्यायसः शुक्तिज्ञानेन कनीयसा बाधकदर्शनात् । तदनपवाधने यद् अपबाधात्मनस् तस्योत्पत्तेर् अनुपपत्तिः । दर्शितं च तात्त्विकप्रमाणभावस्यानपेक्षितत्वम् । तथा च पारमर्शं सूत्रं—पूर्वं दौर्बल्यं प्रकृतिवत् [पू.मी. ६.५.५४] इति । तथा—","अत्र [वेदस्य प्रामाण्यविषये] वाचस्पतिश् चैवम् आह [शङ्करभाष्यभामतीटीकायाम् उपोद्घाते]—“न च ज्येष्ठ-[अग्रजात]-प्रमाणप्रत्यक्षविरोधाद् आम्नायस्यैव तदपेक्षस्याप्रामान्यम् उपचरितार्थत्वꣳ वेति युक्तम् । अस्यापौरुषेयतया निरन्स्तसम्सन्तदोषाशङ्कस्य बोधकतया च स्वतःसिद्धप्रमाणभावस्य स्वकार्यप्रमितौ परानपेक्षत्वात् । प्रमिताव् अनपेक्षत्वेऽप्य् उत्पत्तौ प्रत्यक्षापेक्षत्वात् । तद्विरोधाद् अनुत्पत्तिलक्षणम् अस्याप्रामाण्यम् इति चेत्, न । उत्पादकाप्रतिद्वन्द्वित्वात् । न ह्य् आगमज्ञानꣳ साꣳव्यवहारिकꣳ प्रत्यक्षस्य प्रामाण्यम् उपहन्ति, येन कारणाभावान् न भवेत्, अपि तु तात्त्विकम् । न च तत् तस्योत्पादकम् अतात्त्विकप्रमाणभावेभ्योऽपि साꣳव्यवहारिकेभ्यः [प्रमाणेभ्यः] तत्त्वज्ञानोत्पत्तिदर्शनात् । यथा वर्णे ह्रस्वदीर्घत्वादयोऽन्यधर्मा अपि समारोपितास् तत्त्वप्रतिपत्तिहेतवः । न हि लौकिका नाग इति वा, नगः इति वा पदात् कुञ्जरꣳ वा तरुꣳ वा प्रतिपद्यमाना भवन्ति भ्रान्ताः । न चामन्यपरꣳ वाक्यꣳ स्वार्थे उपचरितार्थꣳ कर्तुꣳ युक्तम् । उक्तꣳ हि—न विधौ परः शब्दार्थः [पू.मी. १.२.१९, शङ्करभाष्ये] इति । ज्येष्ठत्वꣳ [अग्रजातत्वꣳ] चानपेक्षितस्य बाध्यत्वे हेतुर् न तु बाधकत्वे, रजतज्ञानस्य ज्यायसः शुक्तिज्ञानेन कनीयसा बाधकदर्शनात् । तदनपवाधने यद् अपबाधात्मनस् तस्योत्पत्तेर् अनुपपत्तिः । दर्शितꣳ च तात्त्विकप्रमाणभावस्यानपेक्षितत्वम् । तथा च पारमर्शꣳ सूत्रꣳ—पूर्वꣳ दौर्बल्यꣳ प्रकृतिवत् [पू.मी. ६.५.५४] इति । तथा—"
496,	paurvāparya-balīyastvaṁ tatra nāma pratīyate |,	पौर्वापर्यबलीयस्त्वं तत्र नाम प्रतीयते ।,	पौर्वापर्यबलीयस्त्वꣳ तत्र नाम प्रतीयते ।
497,	anyonya-nirapekṣāṇāṁ yatra janma dhiyāṁ bhavet || [ta.vā. 3.3.2] iti ||,	अन्योन्यनिरपेक्षाणां यत्र जन्म धियां भवेत् ॥ [त.वा. ३.३.२] इति ॥,	अन्योन्यनिरपेक्षाणाꣳ यत्र जन्म धियाꣳ भवेत् ॥ [त.वा. ३.३.२] इति ॥
499,"atra sāṁvyavahārikam iti sārvatrikam eva vyavahārikam iti jñeyam | kvacid upamardasya [arvācīna-jñānasya] darśitatvād eva śāstratva-vyavahāraḥ | dṛśyate cānyatra—sūryādi-maṇḍalasya sūkṣmatasyā pratyakṣīkṛtir apy anumāna-śabdābhyāṁ bādhitā bhavatīti dūrastha-vastunas tādṛśatayā [sthūlasya sūkṣmatayā] dṛṣṭatvāc chāstra-prasiddhatvāc ca | tad evaṁ sthite śrī-vaiṣṇavās tv eva vadanti | vedasya na prākṛta-pratyakṣādivad avidyāvad viṣaya-mātratvena yāvad evāvidyā tāvad eva tad-vyavahāraḥ | sati vyavahāre prāmāṇyaṁ ceti mantavyam | apauruṣeyatvān nityatvāt, sarva-mukty-eka-kālābhāvena [sarveṣāṁ jīvanmuktānāṁ yāvat sadyo-videha-muktiḥ prapañce avasthāne] tad-adhikāriṇāṁ satatāstitvāt, parameśvara-prasādena parameśvaravad evāvidyātītānāṁ cic-chakty-eka-vibhavānām ātmārāmāṇāṁ pārṣadānām api brahmānandoparicaya-bhakti-paramānandena sāmādi-pārāyaṇāder darśayiṣyamāṇatvāt, śrīmat-parameśvarasya sva-veda-maryādām avalambyaiva muhuḥ sṛṣṭy-ādi-pravartakatvāc ca | yeṣāṁ tu puruṣa-jñāna-kalpitam eva vedādikaṁ sarvaṁ dvaitam, teṣām apauruṣeyatvābhāvāt tata eva bhramādi-sambhavāt svapna-pralāpavad-vyavahāra-siddhāv api prāmāṇyaṁ nopapādyata iti tan-matam avaidika-viśeṣa iti | ","अत्र सांव्यवहारिकम् इति सार्वत्रिकम् एव व्यवहारिकम् इति ज्ञेयम् । क्वचिद् उपमर्दस्य [अर्वाचीनज्ञानस्य] दर्शितत्वाद् एव शास्त्रत्वव्यवहारः । दृश्यते चान्यत्र—सूर्यादिमण्डलस्य सूक्ष्मतस्या प्रत्यक्षीकृतिर् अप्य् अनुमानशब्दाभ्यां बाधिता भवतीति दूरस्थवस्तुनस् तादृशतया [स्थूलस्य सूक्ष्मतया] दृष्टत्वाच् छास्त्रप्रसिद्धत्वाच् च । तद् एवं स्थिते श्रीवैष्णवास् त्व् एव वदन्ति । वेदस्य न प्राकृतप्रत्यक्षादिवद् अविद्यावद् विषयमात्रत्वेन यावद् एवाविद्या तावद् एव तद्व्यवहारः । सति व्यवहारे प्रामाण्यं चेति मन्तव्यम् । अपौरुषेयत्वान् नित्यत्वात्, सर्वमुक्त्येककालाभावेन [सर्वेषां जीवन्मुक्तानां यावत् सद्योविदेहमुक्तिः प्रपञ्चे अवस्थाने] तदधिकारिणां सततास्तित्वात्, परमेश्वरप्रसादेन परमेश्वरवद् एवाविद्यातीतानां चिच्छक्त्येकविभवानाम् आत्मारामाणां पार्षदानाम् अपि ब्रह्मानन्दोपरिचयभक्तिपरमानन्देन सामादिपारायणादेर् दर्शयिष्यमाणत्वात्, श्रीमत्परमेश्वरस्य स्ववेदमर्यादाम् अवलम्ब्यैव मुहुः सृष्ट्यादिप्रवर्तकत्वाच् च । येषां तु पुरुषज्ञानकल्पितम् एव वेदादिकं सर्वं द्वैतम्, तेषाम् अपौरुषेयत्वाभावात् तत एव भ्रमादिसम्भवात् स्वप्नप्रलापवद्व्यवहारसिद्धाव् अपि प्रामाण्यं नोपपाद्यत इति तन्मतम् अवैदिकविशेष इति । ","अत्र साꣳव्यवहारिकम् इति सार्वत्रिकम् एव व्यवहारिकम् इति ज्ञेयम् । क्वचिद् उपमर्दस्य [अर्वाचीनज्ञानस्य] दर्शितत्वाद् एव शास्त्रत्वव्यवहारः । दृश्यते चान्यत्र—सूर्यादिमण्डलस्य सूक्ष्मतस्या प्रत्यक्षीकृतिर् अप्य् अनुमानशब्दाभ्याꣳ बाधिता भवतीति दूरस्थवस्तुनस् तादृशतया [स्थूलस्य सूक्ष्मतया] दृष्टत्वाच् छास्त्रप्रसिद्धत्वाच् च । तद् एवꣳ स्थिते श्रीवैष्णवास् त्व् एव वदन्ति । वेदस्य न प्राकृतप्रत्यक्षादिवद् अविद्यावद् विषयमात्रत्वेन यावद् एवाविद्या तावद् एव तद्व्यवहारः । सति व्यवहारे प्रामाण्यꣳ चेति मन्तव्यम् । अपौरुषेयत्वान् नित्यत्वात्, सर्वमुक्त्येककालाभावेन [सर्वेषाꣳ जीवन्मुक्तानाꣳ यावत् सद्योविदेहमुक्तिः प्रपञ्चे अवस्थाने] तदधिकारिणाꣳ सततास्तित्वात्, परमेश्वरप्रसादेन परमेश्वरवद् एवाविद्यातीतानाꣳ चिच्छक्त्येकविभवानाम् आत्मारामाणाꣳ पार्षदानाम् अपि ब्रह्मानन्दोपरिचयभक्तिपरमानन्देन सामादिपारायणादेर् दर्शयिष्यमाणत्वात्, श्रीमत्परमेश्वरस्य स्ववेदमर्यादाम् अवलम्ब्यैव मुहुः सृष्ट्यादिप्रवर्तकत्वाच् च । येषाꣳ तु पुरुषज्ञानकल्पितम् एव वेदादिकꣳ सर्वꣳ द्वैतम्, तेषाम् अपौरुषेयत्वाभावात् तत एव भ्रमादिसम्भवात् स्वप्नप्रलापवद्व्यवहारसिद्धाव् अपि प्रामाण्यꣳ नोपपाद्यत इति तन्मतम् अवैदिकविशेष इति । "
501,nanv arvāg-jana-saṁvādādi-darśanāt kathaṁ tasyānāditvādi ? ucyate—ata eva ca nityatvaṁ [ve.sū. 1.3.29] ity atra sūtre śāṅkara-śārīraka-bhāṣya-pramāṇitāyāṁ śrutau śrūyate—yajñena vācaḥ padavīyam āyan tām anvavindy ṛṣiṣu praviṣṭāṁ [ṛ.ve. 10.71.3] iti | smṛtau ca—,नन्व् अर्वाग्जनसंवादादिदर्शनात् कथं तस्यानादित्वादि ? उच्यते—अत एव च नित्यत्वं [वे.सू. १.३.२९] इत्य् अत्र सूत्रे शाङ्करशारीरकभाष्यप्रमाणितायां श्रुतौ श्रूयते—यज्ञेन वाचः पदवीयम् आयन् ताम् अन्वविन्द्य् ऋषिषु प्रविष्टां [ऋ.वे. १०.७१.३] इति । स्मृतौ च—,नन्व् अर्वाग्जनसꣳवादादिदर्शनात् कथꣳ तस्यानादित्वादि ? उच्यते—अत एव च नित्यत्वꣳ [वे.सू. १.३.२९] इत्य् अत्र सूत्रे शाङ्करशारीरकभाष्यप्रमाणितायाꣳ श्रुतौ श्रूयते—यज्ञेन वाचः पदवीयम् आयन् ताम् अन्वविन्द्य् ऋषिषु प्रविष्टाꣳ [ऋ.वे. १०.७१.३] इति । स्मृतौ च—
506,"tasmān nitya-siddhasyaiva veda-śabdasya tatra tatra praveśa eva, na tu tat-kartṛkatā | tathā cānādi-siddha-vedānurūpaiva pratikalpaṁ tat-tan-nāmādi-pravṛttiḥ | tathā hi—samāna-nāma-rūpatvāc cāvṛttāv apy avirodho darśanāt smṛteś ca [ve.sū. 1.3.30] ity atra tattva-vāda-bhāṣya-kṛdbhiḥ śrī-madhvācāryair udāhṛtā śrutiḥ | sūryācandramasau dhātā yathā-pūrvam akalpayat [ṛ.ve. 10.190],","तस्मान् नित्यसिद्धस्यैव वेदशब्दस्य तत्र तत्र प्रवेश एव, न तु तत्कर्तृकता । तथा चानादिसिद्धवेदानुरूपैव प्रतिकल्पं तत्तन्नामादिप्रवृत्तिः । तथा हि—समाननामरूपत्वाच् चावृत्ताव् अप्य् अविरोधो दर्शनात् स्मृतेश् च [वे.सू. १.३.३०] इत्य् अत्र तत्त्ववादभाष्यकृद्भिः श्रीमध्वाचार्यैर् उदाहृता श्रुतिः । सूर्याचन्द्रमसौ धाता यथापूर्वम् अकल्पयत् [ऋ.वे. १०.१९०],","तस्मान् नित्यसिद्धस्यैव वेदशब्दस्य तत्र तत्र प्रवेश एव, न तु तत्कर्तृकता । तथा चानादिसिद्धवेदानुरूपैव प्रतिकल्पꣳ तत्तन्नामादिप्रवृत्तिः । तथा हि—समाननामरूपत्वाच् चावृत्ताव् अप्य् अविरोधो दर्शनात् स्मृतेश् च [वे.सू. १.३.३०] इत्य् अत्र तत्त्ववादभाष्यकृद्भिः श्रीमध्वाचार्यैर् उदाहृता श्रुतिः । सूर्याचन्द्रमसौ धाता यथापूर्वम् अकल्पयत् [ऋ.वे. १०.१९०],"
509,tasmān nānīdṛśaṁ kvāpi viśvam etad bhaviṣyati || iti |,तस्मान् नानीदृशं क्वापि विश्वम् एतद् भविष्यति ॥ इति ।,तस्मान् नानीदृशꣳ क्वापि विश्वम् एतद् भविष्यति ॥ इति ।
512,anādi nidhanaṁ cāhur akṣaraṁ param eva ca |,अनादि निधनं चाहुर् अक्षरं परम् एव च ।,अनादि निधनꣳ चाहुर् अक्षरꣳ परम् एव च ।
514,ṛṣīṇāṁ nāmadheyāni yāś ca vedeṣu sṛṣṭayaḥ |,ऋषीणां नामधेयानि याश् च वेदेषु सृष्टयः ।,ऋषीणाꣳ नामधेयानि याश् च वेदेषु सृष्टयः ।
517,"atra śabda-pūrvaka-sṛṣṭi-prakrame śrutiś cādvaita-śārīraka-bhāṣye darśitā—etā iti vai prajāpatir devānusṛjata, asṛgrān iti manuṣyān indava iti pitṝn [chā.brā. 1.3.28] ity-ādikā | tathā sa bhūr iti vyāharat sa bhūmim asṛjata[tai.brā. 2.2.4.2] ity-ādikā ca | tathā śrī-rāmānuja-śārīrake (1.3.27) darśitā ca—vedena nāma-rūpe vyākarot satāsatī prajāpatiḥ iti | ata evautpattike śabdasyārthena sambandhe samāśrite nirapekṣam eva vedasya prāmāṇyaṁ matam | śabda iti cen nātaḥ prabhavāt pratyakṣānumānābhyām ity atra saṁvādādi-rūpa-prakriyā tu śrotṛ-bodha-saukarya-karīti sāmañjasyam eva bhajate | tasmād vedākhyaṁ śāstraṁ pramāṇaṁ tat-tal-lakṣaṇa-hīnatvāt tad-viruddhatvāc cāvaidika tu śāstraṁ na pramāṇam ||10||","अत्र शब्दपूर्वकसृष्टिप्रक्रमे श्रुतिश् चाद्वैतशारीरकभाष्ये दर्शिता—एता इति वै प्रजापतिर् देवानुसृजत, असृग्रान् इति मनुष्यान् इन्दव इति पितॄन् [छा.ब्रा. १.३.२८] इत्यादिका । तथा स भूर् इति व्याहरत् स भूमिम् असृजत[तै.ब्रा. २.२.४.२] इत्यादिका च । तथा श्रीरामानुजशारीरके (१.३.२७) दर्शिता च—वेदेन नामरूपे व्याकरोत् सतासती प्रजापतिः इति । अत एवौत्पत्तिके शब्दस्यार्थेन सम्बन्धे समाश्रिते निरपेक्षम् एव वेदस्य प्रामाण्यं मतम् । शब्द इति चेन् नातः प्रभवात् प्रत्यक्षानुमानाभ्याम् इत्य् अत्र संवादादिरूपप्रक्रिया तु श्रोतृबोधसौकर्यकरीति सामञ्जस्यम् एव भजते । तस्माद् वेदाख्यं शास्त्रं प्रमाणं तत्तल्लक्षणहीनत्वात् तद्विरुद्धत्वाच् चावैदिक तु शास्त्रं न प्रमाणम् ॥१०॥","अत्र शब्दपूर्वकसृष्टिप्रक्रमे श्रुतिश् चाद्वैतशारीरकभाष्ये दर्शिता—एता इति वै प्रजापतिर् देवानुसृजत, असृग्रान् इति मनुष्यान् इन्दव इति पितॄन् [छा.ब्रा. १.३.२८] इत्यादिका । तथा स भूर् इति व्याहरत् स भूमिम् असृजत[तै.ब्रा. २.२.४.२] इत्यादिका च । तथा श्रीरामानुजशारीरके (१.३.२७) दर्शिता च—वेदेन नामरूपे व्याकरोत् सतासती प्रजापतिः इति । अत एवौत्पत्तिके शब्दस्यार्थेन सम्बन्धे समाश्रिते निरपेक्षम् एव वेदस्य प्रामाण्यꣳ मतम् । शब्द इति चेन् नातः प्रभवात् प्रत्यक्षानुमानाभ्याम् इत्य् अत्र सꣳवादादिरूपप्रक्रिया तु श्रोतृबोधसौकर्यकरीति सामञ्जस्यम् एव भजते । तस्माद् वेदाख्यꣳ शास्त्रꣳ प्रमाणꣳ तत्तल्लक्षणहीनत्वात् तद्विरुद्धत्वाच् चावैदिक तु शास्त्रꣳ न प्रमाणम् ॥१०॥"
519,"baladevaḥ : tatas tāni na pramāṇānīti | tato bhramādi-doṣa-yogāt | tāni pratyakṣādīni paramārtha-pramā-karaṇāni na bhavanti | māyā-muṇḍāvaloke tasyaivedaṁ muṇḍam ity atra pratyakṣaṁ vyabhicāri | vṛṣṭyā tat-kāla-nirvāpita-vahnau ciraṁ dhūma-prodgāriṇi girau vahminān dhūmāt ity anumānaṁ ca vyabhicāri dṛṣṭam | āpta-vākyaṁ ca tathā, ekenāptena muninā samarthitasyārthasyāpareṇa tādṛśena dūṣitatvāt | ata uktaṁ nāsav ṛṣir yasya mataṁ na bhinnam iti | ","बलदेवः : ततस् तानि न प्रमाणानीति । ततो भ्रमादिदोषयोगात् । तानि प्रत्यक्षादीनि परमार्थप्रमाकरणानि न भवन्ति । मायामुण्डावलोके तस्यैवेदं मुण्डम् इत्य् अत्र प्रत्यक्षं व्यभिचारि । वृष्ट्या तत्कालनिर्वापितवह्नौ चिरं धूमप्रोद्गारिणि गिरौ वह्मिनान् धूमात् इत्य् अनुमानं च व्यभिचारि दृष्टम् । आप्तवाक्यं च तथा, एकेनाप्तेन मुनिना समर्थितस्यार्थस्यापरेण तादृशेन दूषितत्वात् । अत उक्तं नासव् ऋषिर् यस्य मतं न भिन्नम् इति । ","बलदेवः : ततस् तानि न प्रमाणानीति । ततो भ्रमादिदोषयोगात् । तानि प्रत्यक्षादीनि परमार्थप्रमाकरणानि न भवन्ति । मायामुण्डावलोके तस्यैवेदꣳ मुण्डम् इत्य् अत्र प्रत्यक्षꣳ व्यभिचारि । वृष्ट्या तत्कालनिर्वापितवह्नौ चिरꣳ धूमप्रोद्गारिणि गिरौ वह्मिनान् धूमात् इत्य् अनुमानꣳ च व्यभिचारि दृष्टम् । आप्तवाक्यꣳ च तथा, एकेनाप्तेन मुनिना समर्थितस्यार्थस्यापरेण तादृशेन दूषितत्वात् । अत उक्तꣳ नासव् ऋषिर् यस्य मतꣳ न भिन्नम् इति । "
521,"evaṁ mukhyānām eṣāṁ sadoṣatvāt tad upajīvinām upamānādīnāṁ tathātvaṁ susiddham eva | kiṁcāpta-vākyaṁ laukikārtha-grahe pramāṇam eva, yathā himādrau himam ity ādau | tad-ubhaya-nirapekṣaṁ ca tat daśamas tvam asi ity ādau | tad-ubhayāgamye sādhakatamaṁ ca tat | grahāṇāṁ rāśiṣu sañcāre yathā | kiṁ cāpta-vākyenānugṛhītaṁ tad-ubhayaṁ pramāpakam | dṛṣṭa-cara-māyā-muṇḍakena puṁsā satye’py aviśvaste tasyaivedaṁ muṇḍam iti nabhovāṇyānugṛhītaṁ pratyakṣaṁ yathā | are śītārtāḥ panthā māsminn agniṁ sambhāvayata, vṛṣṭyā nirvāṇo’tra sa dṛṣṭaḥ kintv amuṣmin dhūmodgāriṇi girau so’sti ity āptavākyenānugṛhītam anumānaṁ ca yatheti | tad evaṁ pratyakṣānumāna-śabdāḥ pramāṇānīty āha manuḥ—","एवं मुख्यानाम् एषां सदोषत्वात् तद् उपजीविनाम् उपमानादीनां तथात्वं सुसिद्धम् एव । किंचाप्तवाक्यं लौकिकार्थग्रहे प्रमाणम् एव, यथा हिमाद्रौ हिमम् इत्य् आदौ । तदुभयनिरपेक्षं च तत् दशमस् त्वम् असि इत्य् आदौ । तदुभयागम्ये साधकतमं च तत् । ग्रहाणां राशिषु सञ्चारे यथा । किं चाप्तवाक्येनानुगृहीतं तदुभयं प्रमापकम् । दृष्टचरमायामुण्डकेन पुंसा सत्येऽप्य् अविश्वस्ते तस्यैवेदं मुण्डम् इति नभोवाण्यानुगृहीतं प्रत्यक्षं यथा । अरे शीतार्ताः पन्था मास्मिन्न् अग्निं सम्भावयत, वृष्ट्या निर्वाणोऽत्र स दृष्टः किन्त्व् अमुष्मिन् धूमोद्गारिणि गिरौ सोऽस्ति इत्य् आप्तवाक्येनानुगृहीतम् अनुमानं च यथेति । तद् एवं प्रत्यक्षानुमानशब्दाः प्रमाणानीत्य् आह मनुः—","एवꣳ मुख्यानाम् एषाꣳ सदोषत्वात् तद् उपजीविनाम् उपमानादीनाꣳ तथात्वꣳ सुसिद्धम् एव । किꣳचाप्तवाक्यꣳ लौकिकार्थग्रहे प्रमाणम् एव, यथा हिमाद्रौ हिमम् इत्य् आदौ । तदुभयनिरपेक्षꣳ च तत् दशमस् त्वम् असि इत्य् आदौ । तदुभयागम्ये साधकतमꣳ च तत् । ग्रहाणाꣳ राशिषु सञ्चारे यथा । किꣳ चाप्तवाक्येनानुगृहीतꣳ तदुभयꣳ प्रमापकम् । दृष्टचरमायामुण्डकेन पुꣳसा सत्येऽप्य् अविश्वस्ते तस्यैवेदꣳ मुण्डम् इति नभोवाण्यानुगृहीतꣳ प्रत्यक्षꣳ यथा । अरे शीतार्ताः पन्था मास्मिन्न् अग्निꣳ सम्भावयत, वृष्ट्या निर्वाणोऽत्र स दृष्टः किन्त्व् अमुष्मिन् धूमोद्गारिणि गिरौ सोऽस्ति इत्य् आप्तवाक्येनानुगृहीतम् अनुमानꣳ च यथेति । तद् एवꣳ प्रत्यक्षानुमानशब्दाः प्रमाणानीत्य् आह मनुः—"
523,pratyakṣam anumānaṁ caśāstraṁ ca vividhāgamam |,प्रत्यक्षम् अनुमानं चशास्त्रं च विविधागमम् ।,प्रत्यक्षम् अनुमानꣳ चशास्त्रꣳ च विविधागमम् ।
524,trayaṁ suviditaṁ kāryaṁ dharma-śuddhim abhīpsatā || [manu. 12.105] iti |,त्रयं सुविदितं कार्यं धर्मशुद्धिम् अभीप्सता ॥ [मनु. १२.१०५] इति ।,त्रयꣳ सुविदितꣳ कार्यꣳ धर्मशुद्धिम् अभीप्सता ॥ [मनु. १२.१०५] इति ।
526,evam asmad-vṛddhāś ca | sarva-paramparāsu brahmotpanneṣu deva-mānavādiṣu sarveṣu vaṁśeṣu | paramparā parīpāṭyāṁ santāne’pi vadhe kvacititi viśvaḥ | laukika-jñānaṁ karma-vidyā | alaukika-jñānaṁ brahma-vidyā | aprākṛteti vācā virūpa nityayā iti mantra-varṇanāt [ṛ.ve. 8.75.6] | ,एवम् अस्मद्वृद्धाश् च । सर्वपरम्परासु ब्रह्मोत्पन्नेषु देवमानवादिषु सर्वेषु वंशेषु । परम्परा परीपाट्यां सन्तानेऽपि वधे क्वचितिति विश्वः । लौकिकज्ञानं कर्मविद्या । अलौकिकज्ञानं ब्रह्मविद्या । अप्राकृतेति वाचा विरूप नित्यया इति मन्त्रवर्णनात् [ऋ.वे. ८.७५.६] । ,एवम् अस्मद्वृद्धाश् च । सर्वपरम्परासु ब्रह्मोत्पन्नेषु देवमानवादिषु सर्वेषु वꣳशेषु । परम्परा परीपाट्याꣳ सन्तानेऽपि वधे क्वचितिति विश्वः । लौकिकज्ञानꣳ कर्मविद्या । अलौकिकज्ञानꣳ ब्रह्मविद्या । अप्राकृतेति वाचा विरूप नित्यया इति मन्त्रवर्णनात् [ऋ.वे. ८.७५.६] । 
533,"rādhā-mohana-gosvāmī : tataḥ puruṣa-pratyakṣādeḥ sa-doṣatvāt | tāni puruṣa-pratyakṣādīni, na pramāṇāni, neśvara-tad-bhajanayor yāthārthyena sādhana-samarthāni | atraiva hetv-antaraṁ—sutarām acintyālaukika-vastu-sparśāyogyatvāc ceti | anumānasyeśvara-sādhanatva-sambhavepi śrī-kṛṣṇa-rūpa-tad-bhajana-sādhana-yogyatvam | ","राधामोहनगोस्वामी : ततः पुरुषप्रत्यक्षादेः सदोषत्वात् । तानि पुरुषप्रत्यक्षादीनि, न प्रमाणानि, नेश्वरतद्भजनयोर् याथार्थ्येन साधनसमर्थानि । अत्रैव हेत्वन्तरं—सुतराम् अचिन्त्यालौकिकवस्तुस्पर्शायोग्यत्वाच् चेति । अनुमानस्येश्वरसाधनत्वसम्भवेपि श्रीकृष्णरूपतद्भजनसाधनयोग्यत्वम् । ","राधामोहनगोस्वामी : ततः पुरुषप्रत्यक्षादेः सदोषत्वात् । तानि पुरुषप्रत्यक्षादीनि, न प्रमाणानि, नेश्वरतद्भजनयोर् याथार्थ्येन साधनसमर्थानि । अत्रैव हेत्वन्तरꣳ—सुतराम् अचिन्त्यालौकिकवस्तुस्पर्शायोग्यत्वाच् चेति । अनुमानस्येश्वरसाधनत्वसम्भवेपि श्रीकृष्णरूपतद्भजनसाधनयोग्यत्वम् । "
535,"nanu veda evety eva-kārāsaṅgatiḥ ? vedārtha-viveke’numānāpekṣaṇāt | ātmā vā are draṣṭavyaḥ śrotavyo nididhyāsitavyaḥ [bṛ.ā.u. 2.4.5] ity-ādi-śruteḥ | evaṁ mukhyānām eṣāṁ sadoṣatvāt tad-upajīvinām upamānādīnāṁ tathātvaṁ susiddham eva | ātmā vai ātmaiva, “draṣṭavyaḥ” sākṣāt-kartavyaḥ | katham ? ity apekṣāyām āha—“śrotavya” ity-ādi-trayam | tatra śravaṇaṁ vedetihāsa-purāṇādibhyaḥ kāryam | śrotavyaḥ śruti-vākyebhyaḥ iti śravaṇāt | bahu-vacanaṁ—gaṇārtham | tena purāṇādi-parigrahaḥ | vedārtha-pratītāv api tatrārthānara-paratva-sambhāvanayāprāmāṇya-śaṅkā | tasyā sambhavenāha—“mantavyaḥ” iti | mananaṁ bahubhir hetubhir anumānam | mantavyaś copapattibhiḥ iti śravaṇāt | ","ननु वेद एवेत्य् एवकारासङ्गतिः ? वेदार्थविवेकेऽनुमानापेक्षणात् । आत्मा वा अरे द्रष्टव्यः श्रोतव्यो निदिध्यासितव्यः [बृ.आ.उ. २.४.५] इत्यादिश्रुतेः । एवं मुख्यानाम् एषां सदोषत्वात् तदुपजीविनाम् उपमानादीनां तथात्वं सुसिद्धम् एव । आत्मा वै आत्मैव, “द्रष्टव्यः” साक्षात्कर्तव्यः । कथम् ? इत्य् अपेक्षायाम् आह—“श्रोतव्य” इत्यादित्रयम् । तत्र श्रवणं वेदेतिहासपुराणादिभ्यः कार्यम् । श्रोतव्यः श्रुतिवाक्येभ्यः इति श्रवणात् । बहुवचनं—गणार्थम् । तेन पुराणादिपरिग्रहः । वेदार्थप्रतीताव् अपि तत्रार्थानरपरत्वसम्भावनयाप्रामाण्यशङ्का । तस्या सम्भवेनाह—“मन्तव्यः” इति । मननं बहुभिर् हेतुभिर् अनुमानम् । मन्तव्यश् चोपपत्तिभिः इति श्रवणात् । ","ननु वेद एवेत्य् एवकारासङ्गतिः ? वेदार्थविवेकेऽनुमानापेक्षणात् । आत्मा वा अरे द्रष्टव्यः श्रोतव्यो निदिध्यासितव्यः [बृ.आ.उ. २.४.५] इत्यादिश्रुतेः । एवꣳ मुख्यानाम् एषाꣳ सदोषत्वात् तदुपजीविनाम् उपमानादीनाꣳ तथात्वꣳ सुसिद्धम् एव । आत्मा वै आत्मैव, “द्रष्टव्यः” साक्षात्कर्तव्यः । कथम् ? इत्य् अपेक्षायाम् आह—“श्रोतव्य” इत्यादित्रयम् । तत्र श्रवणꣳ वेदेतिहासपुराणादिभ्यः कार्यम् । श्रोतव्यः श्रुतिवाक्येभ्यः इति श्रवणात् । बहुवचनꣳ—गणार्थम् । तेन पुराणादिपरिग्रहः । वेदार्थप्रतीताव् अपि तत्रार्थानरपरत्वसम्भावनयाप्रामाण्यशङ्का । तस्या सम्भवेनाह—“मन्तव्यः” इति । मननꣳ बहुभिर् हेतुभिर् अनुमानम् । मन्तव्यश् चोपपत्तिभिः इति श्रवणात् । "
537,"tathā ca tarkānugṛhītena mananena vedād avagatam arthaṁ samyaktayāvadhārye punaḥ punar dhyāna-rūpa-nididhyāsanaṁ kāryam | tata ātma-sākṣātkāra iti paryavasitārthaḥ | ātma-padaṁ cātra parameśvara-param | tam eva viditvātimṛtyum eti nānyaḥ panthā vidyate’yanāya [] ity-ādi-śruty-eka-vākyatvāt | na ca, na vā are patyuḥ kāmāya patiḥ priyo bhavati, ātmanas tu kāmāya patiḥ priyo bhavati ity-ādi jīvātmānam upakramya ātmā vā are draṣṭavyaḥ [bṛ.ā.u. 2.4.5] ity uktatvād ātma-padaṁ jīvātma-param iti vācyam | na vā are patyuḥ kāmāya ity-ādinā svātmopādhika-paty-ādi-niṣṭha-priyatvākhyānena svātma-sukhasyaiva parama-prayojanatvam uktvā, paramātma-sukhasya sarvato’tiśayasya prāptaye sarvathā yatitavyam ity āśayena “ātmā draṣṭavyaḥ” ity upasaṁhārāt ||10||","तथा च तर्कानुगृहीतेन मननेन वेदाद् अवगतम् अर्थं सम्यक्तयावधार्ये पुनः पुनर् ध्यानरूपनिदिध्यासनं कार्यम् । तत आत्मसाक्षात्कार इति पर्यवसितार्थः । आत्मपदं चात्र परमेश्वरपरम् । तम् एव विदित्वातिमृत्युम् एति नान्यः पन्था विद्यतेऽयनाय [] इत्यादिश्रुत्येकवाक्यत्वात् । न च, न वा अरे पत्युः कामाय पतिः प्रियो भवति, आत्मनस् तु कामाय पतिः प्रियो भवति इत्यादि जीवात्मानम् उपक्रम्य आत्मा वा अरे द्रष्टव्यः [बृ.आ.उ. २.४.५] इत्य् उक्तत्वाद् आत्मपदं जीवात्मपरम् इति वाच्यम् । न वा अरे पत्युः कामाय इत्यादिना स्वात्मोपाधिकपत्यादिनिष्ठप्रियत्वाख्यानेन स्वात्मसुखस्यैव परमप्रयोजनत्वम् उक्त्वा, परमात्मसुखस्य सर्वतोऽतिशयस्य प्राप्तये सर्वथा यतितव्यम् इत्य् आशयेन “आत्मा द्रष्टव्यः” इत्य् उपसंहारात् ॥१०॥","तथा च तर्कानुगृहीतेन मननेन वेदाद् अवगतम् अर्थꣳ सम्यक्तयावधार्ये पुनः पुनर् ध्यानरूपनिदिध्यासनꣳ कार्यम् । तत आत्मसाक्षात्कार इति पर्यवसितार्थः । आत्मपदꣳ चात्र परमेश्वरपरम् । तम् एव विदित्वातिमृत्युम् एति नान्यः पन्था विद्यतेऽयनाय [] इत्यादिश्रुत्येकवाक्यत्वात् । न च, न वा अरे पत्युः कामाय पतिः प्रियो भवति, आत्मनस् तु कामाय पतिः प्रियो भवति इत्यादि जीवात्मानम् उपक्रम्य आत्मा वा अरे द्रष्टव्यः [बृ.आ.उ. २.४.५] इत्य् उक्तत्वाद् आत्मपदꣳ जीवात्मपरम् इति वाच्यम् । न वा अरे पत्युः कामाय इत्यादिना स्वात्मोपाधिकपत्यादिनिष्ठप्रियत्वाख्यानेन स्वात्मसुखस्यैव परमप्रयोजनत्वम् उक्त्वा, परमात्मसुखस्य सर्वतोऽतिशयस्य प्राप्तये सर्वथा यतितव्यम् इत्य् आशयेन “आत्मा द्रष्टव्यः” इत्य् उपसꣳहारात् ॥१०॥"
543,"tac cānumataṁ—tarkāpratiṣṭhānāt [bra.sū. 2.1.11] ity ādau, acintyāḥ khalu ye bhāvā na tāṁs tarkeṇa yojayet [ma.bhā. 6.5.12] ity ādau, śāstra-yonitvāt [bra.sū. 1.1.3] ity ādau,śrutes tu śabda-mūlatvāt [bra.sū. 2.1.27] ity ādau | ","तच् चानुमतं—तर्काप्रतिष्ठानात् [ब्र.सू. २.१.११] इत्य् आदौ, अचिन्त्याः खलु ये भावा न तांस् तर्केण योजयेत् [म.भा. ६.५.१२] इत्य् आदौ, शास्त्रयोनित्वात् [ब्र.सू. १.१.३] इत्य् आदौ,श्रुतेस् तु शब्दमूलत्वात् [ब्र.सू. २.१.२७] इत्य् आदौ । ","तच् चानुमतꣳ—तर्काप्रतिष्ठानात् [ब्र.सू. २.१.११] इत्य् आदौ, अचिन्त्याः खलु ये भावा न ताꣳस् तर्केण योजयेत् [म.भा. ६.५.१२] इत्य् आदौ, शास्त्रयोनित्वात् [ब्र.सू. १.१.३] इत्य् आदौ,श्रुतेस् तु शब्दमूलत्वात् [ब्र.सू. २.१.२७] इत्य् आदौ । "
545,pitṛ-deva-manuṣyāṇāṁ vedaś cakṣus taveśvara | ,पितृदेवमनुष्याणां वेदश् चक्षुस् तवेश्वर । ,पितृदेवमनुष्याणाꣳ वेदश् चक्षुस् तवेश्वर । 
548,"sarva-saṁvādinī : yeṣāṁ veśvara-kalpanā nāsti, teṣām api śāstrasyātyarvāg-jana-kṛtatvena prasiddhatvād anādy avicchinna-veda-pralopana-bhūyiṣṭha-vṛttitvenānādi-siddha-varṇāśrama-lopi-cārityeṇa varṇaṁ ca taṁ taṁ nijānnādinā vilupyaiva sva-goṣṭhīṣu sampādanena cārvācīnatvenaivāvagatatvāt tat [śāstraṁ] kenāpy adhunaivotthāpitam ity eva sphuṭam āyāti |","सर्वसंवादिनी : येषां वेश्वरकल्पना नास्ति, तेषाम् अपि शास्त्रस्यात्यर्वाग्जनकृतत्वेन प्रसिद्धत्वाद् अनाद्य् अविच्छिन्नवेदप्रलोपनभूयिष्ठवृत्तित्वेनानादिसिद्धवर्णाश्रमलोपिचारित्येण वर्णं च तं तं निजान्नादिना विलुप्यैव स्वगोष्ठीषु सम्पादनेन चार्वाचीनत्वेनैवावगतत्वात् तत् [शास्त्रं] केनाप्य् अधुनैवोत्थापितम् इत्य् एव स्फुटम् आयाति ।","सर्वसꣳवादिनी : येषाꣳ वेश्वरकल्पना नास्ति, तेषाम् अपि शास्त्रस्यात्यर्वाग्जनकृतत्वेन प्रसिद्धत्वाद् अनाद्य् अविच्छिन्नवेदप्रलोपनभूयिष्ठवृत्तित्वेनानादिसिद्धवर्णाश्रमलोपिचारित्येण वर्णꣳ च तꣳ तꣳ निजान्नादिना विलुप्यैव स्वगोष्ठीषु सम्पादनेन चार्वाचीनत्वेनैवावगतत्वात् तत् [शास्त्रꣳ] केनाप्य् अधुनैवोत्थापितम् इत्य् एव स्फुटम् आयाति ।"
550,"nanu vede'pi grāvāṇaḥ plavante, mṛd avravīd āpo'bruvan ity-ādi-darśanād anāptatvam iva [asatya-vaktṛtvam iva] pratīyate? ucyate—karma-viśeṣāṅgī-bhūtānāṁ grāvṇāṁ [karma-phala-dāne] vīrya-vardhanāya stutir iyam | sā ca śrī-rāma-kalpita-setu-bandhādau prasiddhatvena yathāvad eveti na doṣaḥ | tathā mṛd avravīd āpo'bruvan ity ādau tat-tad-abhimāni-devataiva vyapadiśyata iti jñeyam |","ननु वेदेऽपि ग्रावाणः प्लवन्ते, मृद् अव्रवीद् आपोऽब्रुवन् इत्यादिदर्शनाद् अनाप्तत्वम् इव [असत्यवक्तृत्वम् इव] प्रतीयते? उच्यते—कर्मविशेषाङ्गीभूतानां ग्राव्णां [कर्मफलदाने] वीर्यवर्धनाय स्तुतिर् इयम् । सा च श्रीरामकल्पितसेतुबन्धादौ प्रसिद्धत्वेन यथावद् एवेति न दोषः । तथा मृद् अव्रवीद् आपोऽब्रुवन् इत्य् आदौ तत्तदभिमानिदेवतैव व्यपदिश्यत इति ज्ञेयम् ।","ननु वेदेऽपि ग्रावाणः प्लवन्ते, मृद् अव्रवीद् आपोऽब्रुवन् इत्यादिदर्शनाद् अनाप्तत्वम् इव [असत्यवक्तृत्वम् इव] प्रतीयते? उच्यते—कर्मविशेषाङ्गीभूतानाꣳ ग्राव्णाꣳ [कर्मफलदाने] वीर्यवर्धनाय स्तुतिर् इयम् । सा च श्रीरामकल्पितसेतुबन्धादौ प्रसिद्धत्वेन यथावद् एवेति न दोषः । तथा मृद् अव्रवीद् आपोऽब्रुवन् इत्य् आदौ तत्तदभिमानिदेवतैव व्यपदिश्यत इति ज्ञेयम् ।"
552,"tad evaṁ sarvatraiva sarvatraivāpta eva vedaḥ | kintu sarvajñeśvara-vacanatvenāsarvajña-jīvair durūhatvāt tat-prabhāva-labdha-pratyakṣa-viśeṣavadbhir eva sarvatra tad-anubhave śakyate, na tu tārkikaiḥ | tad uktaṁ puruṣottama-tantre—","तद् एवं सर्वत्रैव सर्वत्रैवाप्त एव वेदः । किन्तु सर्वज्ञेश्वरवचनत्वेनासर्वज्ञजीवैर् दुरूहत्वात् तत्प्रभावलब्धप्रत्यक्षविशेषवद्भिर् एव सर्वत्र तदनुभवे शक्यते, न तु तार्किकैः । तद् उक्तं पुरुषोत्तमतन्त्रे—","तद् एवꣳ सर्वत्रैव सर्वत्रैवाप्त एव वेदः । किन्तु सर्वज्ञेश्वरवचनत्वेनासर्वज्ञजीवैर् दुरूहत्वात् तत्प्रभावलब्धप्रत्यक्षविशेषवद्भिर् एव सर्वत्र तदनुभवे शक्यते, न तु तार्किकैः । तद् उक्तꣳ पुरुषोत्तमतन्त्रे—"
554,śāstrārtha-yukto'nubhavaḥ pramāṇaṁ tūttamaṁ matam | ,शास्त्रार्थयुक्तोऽनुभवः प्रमाणं तूत्तमं मतम् । ,शास्त्रार्थयुक्तोऽनुभवः प्रमाणꣳ तूत्तमꣳ मतम् । 
555,anumādyā na svatantrāḥ pramāṇa-padavīṁ yayuḥ || iti |,अनुमाद्या न स्वतन्त्राः प्रमाणपदवीं ययुः ॥ इति ।,अनुमाद्या न स्वतन्त्राः प्रमाणपदवीꣳ ययुः ॥ इति ।
557,"tathaiva mataṁ brahma-sūtra-kāraiḥ—tarkāpratiṣṭhānāt [bra.sū. 2.1.11], śrutes tu śabda-mūlatvāt [bra.sū. 2.1.27] ity ādau | tathā ca śrutiḥ—naiṣā tarkeṇa matir āpaneyā proktā'nyenaiva sujñānāya preṣṭha [ka.u. 1.2.9], nīhāreṇa prāvṛtā jalpyāś ca [ṛk saṁ 10.82.7] ity ādyāḥ | jalpa-pravṛttās tārkikā iti śruti-padārthaḥ | ata eva varāha-purāṇe—","तथैव मतं ब्रह्मसूत्रकारैः—तर्काप्रतिष्ठानात् [ब्र.सू. २.१.११], श्रुतेस् तु शब्दमूलत्वात् [ब्र.सू. २.१.२७] इत्य् आदौ । तथा च श्रुतिः—नैषा तर्केण मतिर् आपनेया प्रोक्ताऽन्येनैव सुज्ञानाय प्रेष्ठ [क.उ. १.२.९], नीहारेण प्रावृता जल्प्याश् च [ऋक् सं १०.८२.७] इत्य् आद्याः । जल्पप्रवृत्तास् तार्किका इति श्रुतिपदार्थः । अत एव वराहपुराणे—","तथैव मतꣳ ब्रह्मसूत्रकारैः—तर्काप्रतिष्ठानात् [ब्र.सू. २.१.११], श्रुतेस् तु शब्दमूलत्वात् [ब्र.सू. २.१.२७] इत्य् आदौ । तथा च श्रुतिः—नैषा तर्केण मतिर् आपनेया प्रोक्ताऽन्येनैव सुज्ञानाय प्रेष्ठ [क.उ. १.२.९], नीहारेण प्रावृता जल्प्याश् च [ऋक् सꣳ १०.८२.७] इत्य् आद्याः । जल्पप्रवृत्तास् तार्किका इति श्रुतिपदार्थः । अत एव वराहपुराणे—"
559,sarvatra śakyate kartum āgamaṁ hi vinānumā | ,सर्वत्र शक्यते कर्तुम् आगमं हि विनानुमा । ,सर्वत्र शक्यते कर्तुम् आगमꣳ हि विनानुमा । 
567,"advaita-śārīrake'pi—“na ca śakyante atītānāgata-vartamānās tārkikā ekasmin deśe kāle ca samāhartuṁ yena tadīyaṁ mataṁ samyag-jñānam iti pratipadyemahi | vedasya ca nityatve vijñānotpatti-hetutve ca sati vyavasthita-viṣayārthatvopapatteḥ | taj-janitasya jñānasya ca samyaktvam atītān āgata-vartamānaiḥ sarvair api tārkikair upahnotum aśakyam” [bra.sū. 2.1.11, śā.bhā.] iti |","अद्वैतशारीरकेऽपि—“न च शक्यन्ते अतीतानागतवर्तमानास् तार्किका एकस्मिन् देशे काले च समाहर्तुं येन तदीयं मतं सम्यग्ज्ञानम् इति प्रतिपद्येमहि । वेदस्य च नित्यत्वे विज्ञानोत्पत्तिहेतुत्वे च सति व्यवस्थितविषयार्थत्वोपपत्तेः । तज्जनितस्य ज्ञानस्य च सम्यक्त्वम् अतीतान् आगतवर्तमानैः सर्वैर् अपि तार्किकैर् उपह्नोतुम् अशक्यम्” [ब्र.सू. २.१.११, शा.भा.] इति ।","अद्वैतशारीरकेऽपि—“न च शक्यन्ते अतीतानागतवर्तमानास् तार्किका एकस्मिन् देशे काले च समाहर्तुꣳ येन तदीयꣳ मतꣳ सम्यग्ज्ञानम् इति प्रतिपद्येमहि । वेदस्य च नित्यत्वे विज्ञानोत्पत्तिहेतुत्वे च सति व्यवस्थितविषयार्थत्वोपपत्तेः । तज्जनितस्य ज्ञानस्य च सम्यक्त्वम् अतीतान् आगतवर्तमानैः सर्वैर् अपि तार्किकैर् उपह्नोतुम् अशक्यम्” [ब्र.सू. २.१.११, शा.भा.] इति ।"
569,"yat tv āgame kvacit tarkeṇa bodhanā dṛśyate, tat tatraiva śobhanam, āgama-rūpatvāt, bodhana-saukaryārtha-mātroddiṣṭa-tarkatvāt | yadi ca yat tarkeṇa sidhyati, tad eva veda-vacanaṁ pramāṇam iti syāt, tadā tarka evāstām, kiṁ vedeneti vaidikam anyā api te bāhyā evety ayam abhiprāyaḥ sarvatra | ata eva teṣāṁ śṛgālatvam eva gatir ity uktaṁ bhārate [ma.bhā. 12.180.47-49] | ","यत् त्व् आगमे क्वचित् तर्केण बोधना दृश्यते, तत् तत्रैव शोभनम्, आगमरूपत्वात्, बोधनसौकर्यार्थमात्रोद्दिष्टतर्कत्वात् । यदि च यत् तर्केण सिध्यति, तद् एव वेदवचनं प्रमाणम् इति स्यात्, तदा तर्क एवास्ताम्, किं वेदेनेति वैदिकम् अन्या अपि ते बाह्या एवेत्य् अयम् अभिप्रायः सर्वत्र । अत एव तेषां शृगालत्वम् एव गतिर् इत्य् उक्तं भारते [म.भा. १२.१८०.४७-४९] । ","यत् त्व् आगमे क्वचित् तर्केण बोधना दृश्यते, तत् तत्रैव शोभनम्, आगमरूपत्वात्, बोधनसौकर्यार्थमात्रोद्दिष्टतर्कत्वात् । यदि च यत् तर्केण सिध्यति, तद् एव वेदवचनꣳ प्रमाणम् इति स्यात्, तदा तर्क एवास्ताम्, किꣳ वेदेनेति वैदिकम् अन्या अपि ते बाह्या एवेत्य् अयम् अभिप्रायः सर्वत्र । अत एव तेषाꣳ शृगालत्वम् एव गतिर् इत्य् उक्तꣳ भारते [म.भा. १२.१८०.४७-४९] । "
571,"yat tu śrotavyo mantavya [bṛ.ā.u. 2.4.5] ity-ādiṣu mananaṁ nāma tarko'ṅgīkṛtaḥ, tatraivam uktaṁ yathā kūrma-purāṇe—","यत् तु श्रोतव्यो मन्तव्य [बृ।आ।उ। २।४।५] इत्यादिषु मननं नाम तर्कोऽङ्गीकृतः, तत्रैवम् उक्तं यथा कूर्मपुराणे—","यत् तु श्रोतव्यो मन्तव्य [बृ.आ.उ. २.४.५] इत्यादिषु मननꣳ नाम तर्कोऽङ्गीकृतः, तत्रैवम् उक्तꣳ यथा कूर्मपुराणे—"
574,ity-ādyam ūhanaṁ tarkaḥ śuṣka-tarkaṁ ca varjayet || iti |,इत्याद्यम् ऊहनं तर्कः शुष्कतर्कं च वर्जयेत् ॥ इति ।,इत्याद्यम् ऊहनꣳ तर्कः शुष्कतर्कꣳ च वर्जयेत् ॥ इति ।
576,"athaivaṁ sarveṣāṁ veda-vakyānāṁ prāmāṇya eva sthite kecid evam āhuḥ—kārya evārthe vedasya prāmāṇyam, na siddhe tatraiva [kriyānvita-vede] śakti-tātparyayor avadhāritatvāt | tatra śaktir yathā—uttama-vṛddhena madhyama-vṛddham uddiśya gām ānaya [sā.da. 2.7] ity ukte taṁ gavānayana-pravṛttam upalabhya bālo'sya vacasaḥ sāsnādimat-piṇḍānayanam arthaḥ iti pratipadyate | anantaraṁ gāṁ cāraya, aśvam ānaya ity ādāv āvāpodvāpābhyāṁ [goścāraṇānayābhyām] go-śabdasya sāsnādimān arthaḥ, ānayana-śabdasya ca āharaṇam arthaḥ iti saṅketam avadhārayati | tataḥ prathamata eva kāryānvita eva pravṛttes tatraiva śakti-grahaḥ | tathā ca tātparyam api tatraiva bhavet |","अथैवं सर्वेषां वेदवक्यानां प्रामाण्य एव स्थिते केचिद् एवम् आहुः—कार्य एवार्थे वेदस्य प्रामाण्यम्, न सिद्धे तत्रैव [क्रियान्वितवेदे] शक्तितात्पर्ययोर् अवधारितत्वात् । तत्र शक्तिर् यथा—उत्तमवृद्धेन मध्यमवृद्धम् उद्दिश्य गाम् आनय [सा.द. २.७] इत्य् उक्ते तं गवानयनप्रवृत्तम् उपलभ्य बालोऽस्य वचसः सास्नादिमत्पिण्डानयनम् अर्थः इति प्रतिपद्यते । अनन्तरं गां चारय, अश्वम् आनय इत्य् आदाव् आवापोद्वापाभ्यां [गोश्चारणानयाभ्याम्] गोशब्दस्य सास्नादिमान् अर्थः, आनयनशब्दस्य च आहरणम् अर्थः इति सङ्केतम् अवधारयति । ततः प्रथमत एव कार्यान्वित एव प्रवृत्तेस् तत्रैव शक्तिग्रहः । तथा च तात्पर्यम् अपि तत्रैव भवेत् ।","अथैवꣳ सर्वेषाꣳ वेदवक्यानाꣳ प्रामाण्य एव स्थिते केचिद् एवम् आहुः—कार्य एवार्थे वेदस्य प्रामाण्यम्, न सिद्धे तत्रैव [क्रियान्वितवेदे] शक्तितात्पर्ययोर् अवधारितत्वात् । तत्र शक्तिर् यथा—उत्तमवृद्धेन मध्यमवृद्धम् उद्दिश्य गाम् आनय [सा.द. २.७] इत्य् उक्ते तꣳ गवानयनप्रवृत्तम् उपलभ्य बालोऽस्य वचसः सास्नादिमत्पिण्डानयनम् अर्थः इति प्रतिपद्यते । अनन्तरꣳ गाꣳ चारय, अश्वम् आनय इत्य् आदाव् आवापोद्वापाभ्याꣳ [गोश्चारणानयाभ्याम्] गोशब्दस्य सास्नादिमान् अर्थः, आनयनशब्दस्य च आहरणम् अर्थः इति सङ्केतम् अवधारयति । ततः प्रथमत एव कार्यान्वित एव प्रवृत्तेस् तत्रैव शक्तिग्रहः । तथा च तात्पर्यम् अपि तत्रैव भवेत् ।"
578,"atrocyate—siddhe śakty-abhāvaḥ kutaḥ? kiṁ saṅgati-grāhaka-vyavahārasya siddhe'bhāvāt? tatrāpi [artha-sambandhena] kārya-saṁsargitvād vā? nādyaḥ, “putras te jātaḥ” ity-ādi-vākya-janyasya pitrādi-śrotṛ-vyavahāra-mukha-vikāśāder darśanāt | nāpi dvitīyaḥ, kārya-saṁsargitvasya putra-janmādāv abhāvāt | na cātrāpi taṁ [tava jāta-putraṁ] paśya ity-ādikaṁ kāryaṁ kalpyam, tat-kalpakābhāvāt | prāthamika-kāryānvita-śakti-grahānupapattir eva tat-kalpiketi cet? na | kāryānvite vākye śakti-grahāsiddheḥ, kārya-pada eva kāryānvitatvābhāvena vyabhicārāt, yogyetarānvitatva-mātreṇa saṅgati-grahopapattau viśeṣaṇa-vaiyarthyāc ca | na ca kārye kāryāntarānvitatvam astīti vācyam, tad-anvitatvāyogād anavasthāpatteś ca | na ca [kārye] kāryānvitatva eva prāthamika-śakti-graha-niyamaḥ | [kāryānvita-vyatirikta]-siddha-[pada]-nirdeśe'pi bālaka-vyutpattir dṛśyate idaṁ vastram ity ādau | tasmāt siddhe siddhāyāṁ śaktau dṛṣṭe ca śrotṛ-pratīti-virodhābhāve vaktus tātparyam api tatra setsyatīti siddhavan-nirdiṣṭānām upaniṣadādīnām api svārthe prāmāṇyam asty eva | ","अत्रोच्यते—सिद्धे शक्त्यभावः कुतः? किं सङ्गतिग्राहकव्यवहारस्य सिद्धेऽभावात्? तत्रापि [अर्थसम्बन्धेन] कार्यसंसर्गित्वाद् वा? नाद्यः, “पुत्रस् ते जातः” इत्यादिवाक्यजन्यस्य पित्रादिश्रोतृव्यवहारमुखविकाशादेर् दर्शनात् । नापि द्वितीयः, कार्यसंसर्गित्वस्य पुत्रजन्मादाव् अभावात् । न चात्रापि तं [तव जातपुत्रं] पश्य इत्यादिकं कार्यं कल्प्यम्, तत्कल्पकाभावात् । प्राथमिककार्यान्वितशक्तिग्रहानुपपत्तिर् एव तत्कल्पिकेति चेत्? न । कार्यान्विते वाक्ये शक्तिग्रहासिद्धेः, कार्यपद एव कार्यान्वितत्वाभावेन व्यभिचारात्, योग्येतरान्वितत्वमात्रेण सङ्गतिग्रहोपपत्तौ विशेषणवैयर्थ्याच् च । न च कार्ये कार्यान्तरान्वितत्वम् अस्तीति वाच्यम्, तदन्वितत्वायोगाद् अनवस्थापत्तेश् च । न च [कार्ये] कार्यान्वितत्व एव प्राथमिकशक्तिग्रहनियमः । [कार्यान्वितव्यतिरिक्त]-सिद्ध-[पद]-निर्देशेऽपि बालकव्युत्पत्तिर् दृश्यते इदं वस्त्रम् इत्य् आदौ । तस्मात् सिद्धे सिद्धायां शक्तौ दृष्टे च श्रोतृप्रतीतिविरोधाभावे वक्तुस् तात्पर्यम् अपि तत्र सेत्स्यतीति सिद्धवन्निर्दिष्टानाम् उपनिषदादीनाम् अपि स्वार्थे प्रामाण्यम् अस्त्य् एव । ","अत्रोच्यते—सिद्धे शक्त्यभावः कुतः? किꣳ सङ्गतिग्राहकव्यवहारस्य सिद्धेऽभावात्? तत्रापि [अर्थसम्बन्धेन] कार्यसꣳसर्गित्वाद् वा? नाद्यः, “पुत्रस् ते जातः” इत्यादिवाक्यजन्यस्य पित्रादिश्रोतृव्यवहारमुखविकाशादेर् दर्शनात् । नापि द्वितीयः, कार्यसꣳसर्गित्वस्य पुत्रजन्मादाव् अभावात् । न चात्रापि तꣳ [तव जातपुत्रꣳ] पश्य इत्यादिकꣳ कार्यꣳ कल्प्यम्, तत्कल्पकाभावात् । प्राथमिककार्यान्वितशक्तिग्रहानुपपत्तिर् एव तत्कल्पिकेति चेत्? न । कार्यान्विते वाक्ये शक्तिग्रहासिद्धेः, कार्यपद एव कार्यान्वितत्वाभावेन व्यभिचारात्, योग्येतरान्वितत्वमात्रेण सङ्गतिग्रहोपपत्तौ विशेषणवैयर्थ्याच् च । न च कार्ये कार्यान्तरान्वितत्वम् अस्तीति वाच्यम्, तदन्वितत्वायोगाद् अनवस्थापत्तेश् च । न च [कार्ये] कार्यान्वितत्व एव प्राथमिकशक्तिग्रहनियमः । [कार्यान्वितव्यतिरिक्त]-सिद्ध-[पद]-निर्देशेऽपि बालकव्युत्पत्तिर् दृश्यते इदꣳ वस्त्रम् इत्य् आदौ । तस्मात् सिद्धे सिद्धायाꣳ शक्तौ दृष्टे च श्रोतृप्रतीतिविरोधाभावे वक्तुस् तात्पर्यम् अपि तत्र सेत्स्यतीति सिद्धवन्निर्दिष्टानाम् उपनिषदादीनाम् अपि स्वार्थे प्रामाण्यम् अस्त्य् एव । "
580,"tad uktam—“tasmān mantrārtha-vādayor anya-[karma]-paratve'pi svārthe prāmāṇyaṁ bhavaty eva | tad yadi sva-rasata eva niṣpratibandham avadhārita-rūpam anadhigata-viṣayaṁ ca vijñānam utpadyate śabdāt, tad-antareṇāpi tātparyaṁ tasya prāmāṇyaṁ kiṁ na syāt? tat-saṅgāna-vigānayoḥ [vandana-nindanayoḥ] punar anuvāda-guṇa-vādatve, upaniṣadāṁ punar-ananya-śeṣatvād apāsta-samastānartham anantānandaika-rasam anadhigatam ātma-tattvaṁ gamayantīnāṁ pramānāntara-virodhe'pi [viruddhasya pratyakṣādi-pramāṇasya] tasyaivābhāsī-karaṇena ca svārtha eva prāmāṇyam” [bhagavan-nāma-kaumudī 1.13] iti |","तद् उक्तम्—“तस्मान् मन्त्रार्थवादयोर् अन्य-[कर्म]-परत्वेऽपि स्वार्थे प्रामाण्यं भवत्य् एव । तद् यदि स्वरसत एव निष्प्रतिबन्धम् अवधारितरूपम् अनधिगतविषयं च विज्ञानम् उत्पद्यते शब्दात्, तदन्तरेणापि तात्पर्यं तस्य प्रामाण्यं किं न स्यात्? तत्सङ्गानविगानयोः [वन्दननिन्दनयोः] पुनर् अनुवादगुणवादत्वे, उपनिषदां पुनरनन्यशेषत्वाद् अपास्तसमस्तानर्थम् अनन्तानन्दैकरसम् अनधिगतम् आत्मतत्त्वं गमयन्तीनां प्रमानान्तरविरोधेऽपि [विरुद्धस्य प्रत्यक्षादिप्रमाणस्य] तस्यैवाभासीकरणेन च स्वार्थ एव प्रामाण्यम्” [भगवन्नामकौमुदी १.१३] इति ।","तद् उक्तम्—“तस्मान् मन्त्रार्थवादयोर् अन्य-[कर्म]-परत्वेऽपि स्वार्थे प्रामाण्यꣳ भवत्य् एव । तद् यदि स्वरसत एव निष्प्रतिबन्धम् अवधारितरूपम् अनधिगतविषयꣳ च विज्ञानम् उत्पद्यते शब्दात्, तदन्तरेणापि तात्पर्यꣳ तस्य प्रामाण्यꣳ किꣳ न स्यात्? तत्सङ्गानविगानयोः [वन्दननिन्दनयोः] पुनर् अनुवादगुणवादत्वे, उपनिषदाꣳ पुनरनन्यशेषत्वाद् अपास्तसमस्तानर्थम् अनन्तानन्दैकरसम् अनधिगतम् आत्मतत्त्वꣳ गमयन्तीनाꣳ प्रमानान्तरविरोधेऽपि [विरुद्धस्य प्रत्यक्षादिप्रमाणस्य] तस्यैवाभासीकरणेन च स्वार्थ एव प्रामाण्यम्” [भगवन्नामकौमुदी १.१३] इति ।"
582,"tad evaṁ sarvasminn api vedātmake śabde svārthaṁ prati prāmāṇyam upalabdhe, sa katham arthaṁ prasūta ? iti vivriyate—tatra varṇānām āśu vināśitvān nārthaṁ janayituṁ śaktiḥ sambhavati | tataś ca pūrva-pūrvākṣara-janya-saṁskāravad antyākṣarasyaivārtha-pratyāyakatvaṁ manyante | te ca saṁskārāḥ kārya-mātra-pratyāyitāḥ, apratyakṣatvāt | saṁskāra-kāryasya smaraṇasya krama-vartitvāt samudāya-pratyayābhāvān nāntya-varṇasyāpy artha-pratyāyakatvam ity abhipretyāpare tu sphoṭam eva tat-pratyāyakam āhuḥ—“sa ca varṇānām anekatvenaika-pratyayānupapatter ekaika-varṇa-pratyayāhita-saṁskāra-bīje'ntya-varṇa-pratyaya-janita-paripāke pratyayiny eka-pratyaya-viṣayatayā jhaṭiti pratyavabhāsate |” [bra.sū. 1.3.28, śā.bhā.] ","तद् एवं सर्वस्मिन्न् अपि वेदात्मके शब्दे स्वार्थं प्रति प्रामाण्यम् उपलब्धे, स कथम् अर्थं प्रसूत ? इति विव्रियते—तत्र वर्णानाम् आशु विनाशित्वान् नार्थं जनयितुं शक्तिः सम्भवति । ततश् च पूर्वपूर्वाक्षरजन्यसंस्कारवद् अन्त्याक्षरस्यैवार्थप्रत्यायकत्वं मन्यन्ते । ते च संस्काराः कार्यमात्रप्रत्यायिताः, अप्रत्यक्षत्वात् । संस्कारकार्यस्य स्मरणस्य क्रमवर्तित्वात् समुदायप्रत्ययाभावान् नान्त्यवर्णस्याप्य् अर्थप्रत्यायकत्वम् इत्य् अभिप्रेत्यापरे तु स्फोटम् एव तत्प्रत्यायकम् आहुः—“स च वर्णानाम् अनेकत्वेनैकप्रत्ययानुपपत्तेर् एकैकवर्णप्रत्ययाहितसंस्कारबीजेऽन्त्यवर्णप्रत्ययजनितपरिपाके प्रत्ययिन्य् एकप्रत्ययविषयतया झटिति प्रत्यवभासते ।” [ब्र.सू. १.३.२८, शा.भा.] ","तद् एवꣳ सर्वस्मिन्न् अपि वेदात्मके शब्दे स्वार्थꣳ प्रति प्रामाण्यम् उपलब्धे, स कथम् अर्थꣳ प्रसूत ? इति विव्रियते—तत्र वर्णानाम् आशु विनाशित्वान् नार्थꣳ जनयितुꣳ शक्तिः सम्भवति । ततश् च पूर्वपूर्वाक्षरजन्यसꣳस्कारवद् अन्त्याक्षरस्यैवार्थप्रत्यायकत्वꣳ मन्यन्ते । ते च सꣳस्काराः कार्यमात्रप्रत्यायिताः, अप्रत्यक्षत्वात् । सꣳस्कारकार्यस्य स्मरणस्य क्रमवर्तित्वात् समुदायप्रत्ययाभावान् नान्त्यवर्णस्याप्य् अर्थप्रत्यायकत्वम् इत्य् अभिप्रेत्यापरे तु स्फोटम् एव तत्प्रत्यायकम् आहुः—“स च वर्णानाम् अनेकत्वेनैकप्रत्ययानुपपत्तेर् एकैकवर्णप्रत्ययाहितसꣳस्कारबीजेऽन्त्यवर्णप्रत्ययजनितपरिपाके प्रत्ययिन्य् एकप्रत्ययविषयतया झटिति प्रत्यवभासते ।” [ब्र.सू. १.३.२८, शा.भा.] "
584,"ata eva sphoṭa-rūpatvād vedasya nityatvaṁ “tasya pratyuccāraṇaṁ pratyabhijñāyamānatvāt” [bra.sū. 1.3.28, śā.bhā.] | vedāntinas tu, “varṇā eva tu śabda iti bhagavān upavarṣa” [jaiminī-kṛtāyāṁ dvādaśa-lakṣaṇyāṁ 1.5.5., śabara-kṛta-bhāṣye] ity etaṁ nyāyam anusṛtya “dvir-go”-śabdo'yam uccāritaḥ | na tu dvau go-śabdāv ity ekataiva sarvaiḥ pratyabhijñāyamānatvād varṇātmakānām eva śabdānāṁ nityatvam aṅgīkṛtya te ca varṇāḥ pipīlikā-paṅktivat kramādy-anugṛhītārtha-viśeṣa-sambaddhāḥ santaḥ sva-vyavahāre'py ekaika-varṇa-grahaṇānantaraṁ samasta-varṇa-pratyaya-darśinyāṁ buddhau tādṛśam eva pratyavabhāsamānās taṁ tam artham avyabhicāreṇa pratyāyiṣyantīty ato varṇa-vādināṁ laghāyasī kalpanā syāt | sphoṭa-vādināṁ tu dṛṣṭa-hānir adṛṣṭa-kalpanā ca | tathā varṇāś ceme krameṇa gṛhyamānāḥ sphoṭaṁ vyañjayanti | sa sphoṭo'rthaṁ vyanaktīti garīyasī kalpanā syād iti manyante |","अत एव स्फोटरूपत्वाद् वेदस्य नित्यत्वं “तस्य प्रत्युच्चारणं प्रत्यभिज्ञायमानत्वात्” [ब्र.सू. १.३.२८, शा.भा.] । वेदान्तिनस् तु, “वर्णा एव तु शब्द इति भगवान् उपवर्ष” [जैमिनीकृतायां द्वादशलक्षण्यां १.५.५., शबरकृतभाष्ये] इत्य् एतं न्यायम् अनुसृत्य “द्विर्गो”-शब्दोऽयम् उच्चारितः । न तु द्वौ गोशब्दाव् इत्य् एकतैव सर्वैः प्रत्यभिज्ञायमानत्वाद् वर्णात्मकानाम् एव शब्दानां नित्यत्वम् अङ्गीकृत्य ते च वर्णाः पिपीलिकापङ्क्तिवत् क्रमाद्यनुगृहीतार्थविशेषसम्बद्धाः सन्तः स्वव्यवहारेऽप्य् एकैकवर्णग्रहणानन्तरं समस्तवर्णप्रत्ययदर्शिन्यां बुद्धौ तादृशम् एव प्रत्यवभासमानास् तं तम् अर्थम् अव्यभिचारेण प्रत्यायिष्यन्तीत्य् अतो वर्णवादिनां लघायसी कल्पना स्यात् । स्फोटवादिनां तु दृष्टहानिर् अदृष्टकल्पना च । तथा वर्णाश् चेमे क्रमेण गृह्यमानाः स्फोटं व्यञ्जयन्ति । स स्फोटोऽर्थं व्यनक्तीति गरीयसी कल्पना स्याद् इति मन्यन्ते ।","अत एव स्फोटरूपत्वाद् वेदस्य नित्यत्वꣳ “तस्य प्रत्युच्चारणꣳ प्रत्यभिज्ञायमानत्वात्” [ब्र.सू. १.३.२८, शा.भा.] । वेदान्तिनस् तु, “वर्णा एव तु शब्द इति भगवान् उपवर्ष” [जैमिनीकृतायाꣳ द्वादशलक्षण्याꣳ १.५.५., शबरकृतभाष्ये] इत्य् एतꣳ न्यायम् अनुसृत्य “द्विर्गो”-शब्दोऽयम् उच्चारितः । न तु द्वौ गोशब्दाव् इत्य् एकतैव सर्वैः प्रत्यभिज्ञायमानत्वाद् वर्णात्मकानाम् एव शब्दानाꣳ नित्यत्वम् अङ्गीकृत्य ते च वर्णाः पिपीलिकापङ्क्तिवत् क्रमाद्यनुगृहीतार्थविशेषसम्बद्धाः सन्तः स्वव्यवहारेऽप्य् एकैकवर्णग्रहणानन्तरꣳ समस्तवर्णप्रत्ययदर्शिन्याꣳ बुद्धौ तादृशम् एव प्रत्यवभासमानास् तꣳ तम् अर्थम् अव्यभिचारेण प्रत्यायिष्यन्तीत्य् अतो वर्णवादिनाꣳ लघायसी कल्पना स्यात् । स्फोटवादिनाꣳ तु दृष्टहानिर् अदृष्टकल्पना च । तथा वर्णाश् चेमे क्रमेण गृह्यमानाः स्फोटꣳ व्यञ्जयन्ति । स स्फोटोऽर्थꣳ व्यनक्तीति गरीयसी कल्पना स्याद् इति मन्यन्ते ।"
586,tad evaṁ varṇa-rūpāṇām eva veda-śabdānāṁ nityatvam artha-pratyāyakatvaṁ cāṅgīkṛtam | tatra mukhyā-lakṣaṇā-guṇa-bhedena tridhā śabda-vṛttiḥ | mukhyāpi rūḍhi-yoga-bhedena dvidhā | rūḍhiḥ svarūpeṇa jātyā guṇena vā nirdeśārhe vastuni saṁjñā-saṁjñi-saṅketena pravartate | yathā—“ḍitthaḥ [kāṣṭha-mayo hastī] gauḥ śuklaḥ” | ,तद् एवं वर्णरूपाणाम् एव वेदशब्दानां नित्यत्वम् अर्थप्रत्यायकत्वं चाङ्गीकृतम् । तत्र मुख्यालक्षणागुणभेदेन त्रिधा शब्दवृत्तिः । मुख्यापि रूढियोगभेदेन द्विधा । रूढिः स्वरूपेण जात्या गुणेन वा निर्देशार्हे वस्तुनि संज्ञासंज्ञिसङ्केतेन प्रवर्तते । यथा—“डित्थः [काष्ठमयो हस्ती] गौः शुक्लः” । ,तद् एवꣳ वर्णरूपाणाम् एव वेदशब्दानाꣳ नित्यत्वम् अर्थप्रत्यायकत्वꣳ चाङ्गीकृतम् । तत्र मुख्यालक्षणागुणभेदेन त्रिधा शब्दवृत्तिः । मुख्यापि रूढियोगभेदेन द्विधा । रूढिः स्वरूपेण जात्या गुणेन वा निर्देशार्हे वस्तुनि सꣳज्ञासꣳज्ञिसङ्केतेन प्रवर्तते । यथा—“डित्थः [काष्ठमयो हस्ती] गौः शुक्लः” । 
588,"lakṣaṇā tenaiva saṅketenābhihitārthasambandhinī | yathā “gaṅgāyāṁ ghoṣaḥ” | iyaṁ punas tridhā—ajahat-svārthā, jahat-svārthā, jahad-ajahat-svārthā ca | yathā [krameṇa] “śveto dhāvati”, “gaṅgāyāṁ ghoṣaḥ”, “so'yaṁ devadattaḥ” iti | śrī-rāmānujādibhis tv antyā na manyate, tat tu tad-grantheṣv evānveṣṭavyam | [so'yaṁ devadatta iti dṛṣṭānte] sa iti padena tat-kālānubhūta ucyate | ayam itīdānīm anubhūyamāna ucyate | atra dvayor anvaye virodha eva nāsti, kathaṁ lakṣaṇā syād iti saṁkṣepaḥ | ","लक्षणा तेनैव सङ्केतेनाभिहितार्थसम्बन्धिनी । यथा “गङ्गायां घोषः” । इयं पुनस् त्रिधा—अजहत्स्वार्था, जहत्स्वार्था, जहदजहत्स्वार्था च । यथा [क्रमेण] “श्वेतो धावति”, “गङ्गायां घोषः”, “सोऽयं देवदत्तः” इति । श्रीरामानुजादिभिस् त्व् अन्त्या न मन्यते, तत् तु तद्ग्रन्थेष्व् एवान्वेष्टव्यम् । [सोऽयं देवदत्त इति दृष्टान्ते] स इति पदेन तत्कालानुभूत उच्यते । अयम् इतीदानीम् अनुभूयमान उच्यते । अत्र द्वयोर् अन्वये विरोध एव नास्ति, कथं लक्षणा स्याद् इति संक्षेपः । ","लक्षणा तेनैव सङ्केतेनाभिहितार्थसम्बन्धिनी । यथा “गङ्गायाꣳ घोषः” । इयꣳ पुनस् त्रिधा—अजहत्स्वार्था, जहत्स्वार्था, जहदजहत्स्वार्था च । यथा [क्रमेण] “श्वेतो धावति”, “गङ्गायाꣳ घोषः”, “सोऽयꣳ देवदत्तः” इति । श्रीरामानुजादिभिस् त्व् अन्त्या न मन्यते, तत् तु तद्ग्रन्थेष्व् एवान्वेष्टव्यम् । [सोऽयꣳ देवदत्त इति दृष्टान्ते] स इति पदेन तत्कालानुभूत उच्यते । अयम् इतीदानीम् अनुभूयमान उच्यते । अत्र द्वयोर् अन्वये विरोध एव नास्ति, कथꣳ लक्षणा स्याद् इति सꣳक्षेपः । "
590,gauṇī cābhihitārtha-lakṣita-guṇa-yukte tat-sadṛśe | yathā “siṁho devadattaḥ” | ,गौणी चाभिहितार्थलक्षितगुणयुक्ते तत्सदृशे । यथा “सिंहो देवदत्तः” । ,गौणी चाभिहितार्थलक्षितगुणयुक्ते तत्सदृशे । यथा “सिꣳहो देवदत्तः” । 
596,"iha “lakṣaṇā” ca “rūḍhiṁ” prayojanaṁ vāpekṣyaiva bhavati | ādye yathā “kaliṅgaḥ sāhasikaḥ” | ante yathā “gaṅgāyāṁ ghoṣaḥ” [ghoṣa-nivāsaḥ] | atra taṭasya śītalatva-pāvanatvāder bodhanaṁ prayojanam | gauṇyāṁ tu prayojanam evāpekṣyam | yathā “gaur vāhīkaḥ”, ajñatvādy-atiśayabodhanam atra prayojanam | yogas tu etat trividha-vṛtti-pratipādita-padārthayoḥ prakṛti-pratyayārthayor yogena | yathā “paṅkajam”, “aupagavaḥ”, “pācakaḥ” |","इह “लक्षणा” च “रूढिं” प्रयोजनं वापेक्ष्यैव भवति । आद्ये यथा “कलिङ्गः साहसिकः” । अन्ते यथा “गङ्गायां घोषः” [घोषनिवासः] । अत्र तटस्य शीतलत्वपावनत्वादेर् बोधनं प्रयोजनम् । गौण्यां तु प्रयोजनम् एवापेक्ष्यम् । यथा “गौर् वाहीकः”, अज्ञत्वाद्यतिशयबोधनम् अत्र प्रयोजनम् । योगस् तु एतत् त्रिविधवृत्तिप्रतिपादितपदार्थयोः प्रकृतिप्रत्ययार्थयोर् योगेन । यथा “पङ्कजम्”, “औपगवः”, “पाचकः” ।","इह “लक्षणा” च “रूढिꣳ” प्रयोजनꣳ वापेक्ष्यैव भवति । आद्ये यथा “कलिङ्गः साहसिकः” । अन्ते यथा “गङ्गायाꣳ घोषः” [घोषनिवासः] । अत्र तटस्य शीतलत्वपावनत्वादेर् बोधनꣳ प्रयोजनम् । गौण्याꣳ तु प्रयोजनम् एवापेक्ष्यम् । यथा “गौर् वाहीकः”, अज्ञत्वाद्यतिशयबोधनम् अत्र प्रयोजनम् । योगस् तु एतत् त्रिविधवृत्तिप्रतिपादितपदार्थयोः प्रकृतिप्रत्ययार्थयोर् योगेन । यथा “पङ्कजम्”, “औपगवः”, “पाचकः” ।"
598,"vyañjanābhidhā ca vṛttir manyate | yathā “gaṅgāyāṁ ghoṣaḥ” ity ukte tan-nivāsa-bhūtasya taṭasya śītalatva-pāvanatvādikaṁ gamyam ity-ādi | tad uktam—“śabda-buddhi-karmaṇāṁ viramya vyāpārābhāva iti nayenābhidhā-lakṣaṇā-tātparyākhyāsu tisṛṣu vṛttiṣu svaṁ svam arthaṁ bodhayitvopakṣīṇāsu yayānyo'rtho bodhyate, sā śabdasyārthasya prakṛti-pratyayādeś ca śaktir vyañjana-nigamana-dhvanana-pratyāyana-bhāvābhiprāyādi-vyapadeśa-viṣayā vyañjanā nama” [sā.da. 2.19, vṛtti] iti |","व्यञ्जनाभिधा च वृत्तिर् मन्यते । यथा “गङ्गायां घोषः” इत्य् उक्ते तन्निवासभूतस्य तटस्य शीतलत्वपावनत्वादिकं गम्यम् इत्यादि । तद् उक्तम्—“शब्दबुद्धिकर्मणां विरम्य व्यापाराभाव इति नयेनाभिधालक्षणातात्पर्याख्यासु तिसृषु वृत्तिषु स्वं स्वम् अर्थं बोधयित्वोपक्षीणासु ययान्योऽर्थो बोध्यते, सा शब्दस्यार्थस्य प्रकृतिप्रत्ययादेश् च शक्तिर् व्यञ्जननिगमनध्वननप्रत्यायनभावाभिप्रायादिव्यपदेशविषया व्यञ्जना नम” [सा.द. २.१९, वृत्ति] इति ।","व्यञ्जनाभिधा च वृत्तिर् मन्यते । यथा “गङ्गायाꣳ घोषः” इत्य् उक्ते तन्निवासभूतस्य तटस्य शीतलत्वपावनत्वादिकꣳ गम्यम् इत्यादि । तद् उक्तम्—“शब्दबुद्धिकर्मणाꣳ विरम्य व्यापाराभाव इति नयेनाभिधालक्षणातात्पर्याख्यासु तिसृषु वृत्तिषु स्वꣳ स्वम् अर्थꣳ बोधयित्वोपक्षीणासु ययान्योऽर्थो बोध्यते, सा शब्दस्यार्थस्य प्रकृतिप्रत्ययादेश् च शक्तिर् व्यञ्जननिगमनध्वननप्रत्यायनभावाभिप्रायादिव्यपदेशविषया व्यञ्जना नम” [सा.द. २.१९, वृत्ति] इति ।"
600,"athaitāś ca vṛttayaḥ pada-vākyatvam āpanneṣv eva śabdeṣu tat-tad-arthaṁ bodhayitum udayante | tasya padatvaṁ ca vibhakty-arthāliṅganena jāyate | tāni ca punar-vākyatām āpadya viśeṣārthaṁ bodhayanti—vākyaṁ syād yogyatākāṅkṣāsatti-yuktaḥ padoccayaḥ [sā.da. 2.1] | tatra, “yogyatā—padārthānāṁ paraspara-sambandhe bādhābhavaḥ | anyathā “vahninā siñcati” ity api vākyaṁ syāt” | prajāpatir ātmano vapām upākhidat [tai.sa. 2.5.1] ity ādau tu tad-vidhānām acintya-prabhāvatvād yogyatā'sty eva | ","अथैताश् च वृत्तयः पदवाक्यत्वम् आपन्नेष्व् एव शब्देषु तत्तदर्थं बोधयितुम् उदयन्ते । तस्य पदत्वं च विभक्त्यर्थालिङ्गनेन जायते । तानि च पुनर्वाक्यताम् आपद्य विशेषार्थं बोधयन्ति—वाक्यं स्याद् योग्यताकाङ्क्षासत्तियुक्तः पदोच्चयः [सा.द. २.१] । तत्र, “योग्यता—पदार्थानां परस्परसम्बन्धे बाधाभवः । अन्यथा “वह्निना सिञ्चति” इत्य् अपि वाक्यं स्यात्” । प्रजापतिर् आत्मनो वपाम् उपाखिदत् [तै.स. २.५.१] इत्य् आदौ तु तद्विधानाम् अचिन्त्यप्रभावत्वाद् योग्यताऽस्त्य् एव । ","अथैताश् च वृत्तयः पदवाक्यत्वम् आपन्नेष्व् एव शब्देषु तत्तदर्थꣳ बोधयितुम् उदयन्ते । तस्य पदत्वꣳ च विभक्त्यर्थालिङ्गनेन जायते । तानि च पुनर्वाक्यताम् आपद्य विशेषार्थꣳ बोधयन्ति—वाक्यꣳ स्याद् योग्यताकाङ्क्षासत्तियुक्तः पदोच्चयः [सा.द. २.१] । तत्र, “योग्यता—पदार्थानाꣳ परस्परसम्बन्धे बाधाभवः । अन्यथा “वह्निना सिञ्चति” इत्य् अपि वाक्यꣳ स्यात्” । प्रजापतिर् आत्मनो वपाम् उपाखिदत् [तै.स. २.५.१] इत्य् आदौ तु तद्विधानाम् अचिन्त्यप्रभावत्वाद् योग्यताऽस्त्य् एव । "
602,"“ākāṅkṣā pratīti-paryavasāna-virahaḥ śrotṛ-jijñāsā-rūpaḥ | anyathā ‘gaur aśvaḥ’, ‘puruṣo hastī’ ity ādīnām api vākyatvaṁ syāt | [tatraiva] āsattiḥ—buddhy-avicchedaḥ | anyathedānīm uccāritasya devadatta-padasya dināntaroccāritena gacchatīti-padena saṅgatiḥ syāt | atrākāṅkṣā-yogyatayor ātmārtha-dharmatve'pi padoccaya-dharmatvam upacārāt” [sā.da. 2.1 vṛttiḥ] iti |","“आकाङ्क्षा प्रतीतिपर्यवसानविरहः श्रोतृजिज्ञासारूपः । अन्यथा ऽगौर् अश्वःऽ, ऽपुरुषो हस्तीऽ इत्य् आदीनाम् अपि वाक्यत्वं स्यात् । [तत्रैव] आसत्तिः—बुद्ध्यविच्छेदः । अन्यथेदानीम् उच्चारितस्य देवदत्तपदस्य दिनान्तरोच्चारितेन गच्छतीतिपदेन सङ्गतिः स्यात् । अत्राकाङ्क्षायोग्यतयोर् आत्मार्थधर्मत्वेऽपि पदोच्चयधर्मत्वम् उपचारात्” [सा.द. २.१ वृत्तिः] इति ।","“आकाङ्क्षा प्रतीतिपर्यवसानविरहः श्रोतृजिज्ञासारूपः । अन्यथा ऽगौर् अश्वःऽ, ऽपुरुषो हस्तीऽ इत्य् आदीनाम् अपि वाक्यत्वꣳ स्यात् । [तत्रैव] आसत्तिः—बुद्ध्यविच्छेदः । अन्यथेदानीम् उच्चारितस्य देवदत्तपदस्य दिनान्तरोच्चारितेन गच्छतीतिपदेन सङ्गतिः स्यात् । अत्राकाङ्क्षायोग्यतयोर् आत्मार्थधर्मत्वेऽपि पदोच्चयधर्मत्वम् उपचारात्” [सा.द. २.१ वृत्तिः] इति ।"
604,tac ca vākyaṁ mahā-vākyānugatam | mahā-vākyaṁ ca vākya-samudāyaḥ | asyārthas tūpakramopasaṁhārādibhir evāvadhāryate | tathā hi [bra.sū. 1.1.47 mādhva-bhāṣya-dhṛta-bṛhat-saṁhitā-vākyam]—,तच् च वाक्यं महावाक्यानुगतम् । महावाक्यं च वाक्यसमुदायः । अस्यार्थस् तूपक्रमोपसंहारादिभिर् एवावधार्यते । तथा हि [ब्र.सू. १.१.४७ माध्वभाष्यधृतबृहत्संहितावाक्यम्]—,तच् च वाक्यꣳ महावाक्यानुगतम् । महावाक्यꣳ च वाक्यसमुदायः । अस्यार्थस् तूपक्रमोपसꣳहारादिभिर् एवावधार्यते । तथा हि [ब्र.सू. १.१.४७ माध्वभाष्यधृतबृहत्सꣳहितावाक्यम्]—
606,upakramopasaṁhārāv abhyāso'pūrvatā phalam | ,उपक्रमोपसंहाराव् अभ्यासोऽपूर्वता फलम् । ,उपक्रमोपसꣳहाराव् अभ्यासोऽपूर्वता फलम् । 
607,arthavādopapattī ca liṅgaṁ tātparya-nirṇaye || ,अर्थवादोपपत्ती च लिङ्गं तात्पर्यनिर्णये ॥ ,अर्थवादोपपत्ती च लिङ्गꣳ तात्पर्यनिर्णये ॥ 
609,"(1) upakramopasaṁhārayor eka-rūpatvam, (2) [abhyāsaḥ] paunaḥpunyam, (3) [apūrvatā] anadhigatatvam, (4) phalaṁ prayojanam, (5) [artha-vādaḥ] praśaṁsā, (6) [upapattiḥ] yuktimattvaṁ ceti ṣaḍ-vidhāni tātparya-liṅgāni | evam anvaya-vyatirekābhyāṁ gati-sāmānyenāpi mahā-vākyārtho'vagantavyaḥ | atra yuktimattvaṁ nāma na śuṣka-tarkānugṛhītatvam, kintu tac-chāstroditaṁ kathañcit tat-sambhāvanā-mātraṁ lakṣaṇaṁ śāstra-vaiyarthya-prasaṅgād eva |","(१) उपक्रमोपसंहारयोर् एकरूपत्वम्, (२) [अभ्यासः] पौनःपुन्यम्, (३) [अपूर्वता] अनधिगतत्वम्, (४) फलं प्रयोजनम्, (५) [अर्थवादः] प्रशंसा, (६) [उपपत्तिः] युक्तिमत्त्वं चेति षड्विधानि तात्पर्यलिङ्गानि । एवम् अन्वयव्यतिरेकाभ्यां गतिसामान्येनापि महावाक्यार्थोऽवगन्तव्यः । अत्र युक्तिमत्त्वं नाम न शुष्कतर्कानुगृहीतत्वम्, किन्तु तच्छास्त्रोदितं कथञ्चित् तत्सम्भावनामात्रं लक्षणं शास्त्रवैयर्थ्यप्रसङ्गाद् एव ।","(१) उपक्रमोपसꣳहारयोर् एकरूपत्वम्, (२) [अभ्यासः] पौनःपुन्यम्, (३) [अपूर्वता] अनधिगतत्वम्, (४) फलꣳ प्रयोजनम्, (५) [अर्थवादः] प्रशꣳसा, (६) [उपपत्तिः] युक्तिमत्त्वꣳ चेति षड्विधानि तात्पर्यलिङ्गानि । एवम् अन्वयव्यतिरेकाभ्याꣳ गतिसामान्येनापि महावाक्यार्थोऽवगन्तव्यः । अत्र युक्तिमत्त्वꣳ नाम न शुष्कतर्कानुगृहीतत्वम्, किन्तु तच्छास्त्रोदितꣳ कथञ्चित् तत्सम्भावनामात्रꣳ लक्षणꣳ शास्त्रवैयर्थ्यप्रसङ्गाद् एव ।"
611,"yatra tu vākyāntareṇaiva virodhaḥ syāt tatra balābalatvaṁ vivecanīyam | tac ca (1) śāstra-gatam, (2) vacana-gataṁ ca | (1) pūrvaṁ [śāstra-gataṁ] yathā, śruti-smṛti-virodhe tu śrutir eva balīyasī ity-ādi | uttaraṁ ca [vacana-gataṁ ca] yathā, śruti-liṅga-vākya-prakaraṇa-sthāna-samākhyānāṁ samavāye pāra-daurbalyam artha-viprakarṣāt [pū.mī.sū. 3.3.14] ity adi | niruktāni caitāni—","यत्र तु वाक्यान्तरेणैव विरोधः स्यात् तत्र बलाबलत्वं विवेचनीयम् । तच् च (१) शास्त्रगतम्, (२) वचनगतं च । (१) पूर्वं [शास्त्रगतं] यथा, श्रुतिस्मृतिविरोधे तु श्रुतिर् एव बलीयसी इत्यादि । उत्तरं च [वचनगतं च] यथा, श्रुतिलिङ्गवाक्यप्रकरणस्थानसमाख्यानां समवाये पारदौर्बल्यम् अर्थविप्रकर्षात् [पू.मी.सू. ३.३.१४] इत्य् अदि । निरुक्तानि चैतानि—","यत्र तु वाक्यान्तरेणैव विरोधः स्यात् तत्र बलाबलत्वꣳ विवेचनीयम् । तच् च (१) शास्त्रगतम्, (२) वचनगतꣳ च । (१) पूर्वꣳ [शास्त्रगतꣳ] यथा, श्रुतिस्मृतिविरोधे तु श्रुतिर् एव बलीयसी इत्यादि । उत्तरꣳ च [वचनगतꣳ च] यथा, श्रुतिलिङ्गवाक्यप्रकरणस्थानसमाख्यानाꣳ समवाये पारदौर्बल्यम् अर्थविप्रकर्षात् [पू.मी.सू. ३.३.१४] इत्य् अदि । निरुक्तानि चैतानि—"
614,vākyaṁ padāny eva tu saṁhitāni | ,वाक्यं पदान्य् एव तु संहितानि । ,वाक्यꣳ पदान्य् एव तु सꣳहितानि । 
615,"sā prakriyā yat karaṇaṁ sakṣāṅkṣam, ","सा प्रक्रिया यत् करणं सक्षाङ्क्षम्, ","सा प्रक्रिया यत् करणꣳ सक्षाङ्क्षम्, "
616,sthānaṁ kramo yoga-balaṁ samākhyā || iti |,स्थानं क्रमो योगबलं समाख्या ॥ इति ।,स्थानꣳ क्रमो योगबलꣳ समाख्या ॥ इति ।
618,tac ca virodhitvaṁ parokṣa-vādādi-nibandhanaṁ cintayatvetara-vākyasya balavad-vākyānugato'rthaś cintanīyaḥ | ,तच् च विरोधित्वं परोक्षवादादिनिबन्धनं चिन्तयत्वेतरवाक्यस्य बलवद्वाक्यानुगतोऽर्थश् चिन्तनीयः । ,तच् च विरोधित्वꣳ परोक्षवादादिनिबन्धनꣳ चिन्तयत्वेतरवाक्यस्य बलवद्वाक्यानुगतोऽर्थश् चिन्तनीयः । 
620,"idaṁ pratipādyasyācintyatve eva yukti-dūratvaṁ vyākhyātam—acintyāḥ khalu ye bhāvā na tāṁs tarkeṇa yojayet [ma.bhā. 6.6.11, skande ca] ity-ādi-darśanena | cintyatve tu yuktir apy avakāśaṁ labhate, cel labhatām, na tatrāsmākam āgraha iti sarvathā vedasyaiva prāmāṇyam | tad uktaṁ śaṅkara-śārīrake'pi—“āgama-balena brahma-vādī kāraṇādi-svarūpaṁ nirūpayati, nāvaśyaṁ tasya [anumānasya] yathā-dṛṣṭaṁ sarvam abhyupagataṁ mantavyam” [bra.sū. 2.2.38] iti |","इदं प्रतिपाद्यस्याचिन्त्यत्वे एव युक्तिदूरत्वं व्याख्यातम्—अचिन्त्याः खलु ये भावा न तांस् तर्केण योजयेत् [म.भा. ६.६.११, स्कन्दे च] इत्यादिदर्शनेन । चिन्त्यत्वे तु युक्तिर् अप्य् अवकाशं लभते, चेल् लभताम्, न तत्रास्माकम् आग्रह इति सर्वथा वेदस्यैव प्रामाण्यम् । तद् उक्तं शङ्करशारीरकेऽपि—“आगमबलेन ब्रह्मवादी कारणादिस्वरूपं निरूपयति, नावश्यं तस्य [अनुमानस्य] यथादृष्टं सर्वम् अभ्युपगतं मन्तव्यम्” [ब्र.सू. २.२.३८] इति ।","इदꣳ प्रतिपाद्यस्याचिन्त्यत्वे एव युक्तिदूरत्वꣳ व्याख्यातम्—अचिन्त्याः खलु ये भावा न ताꣳस् तर्केण योजयेत् [म.भा. ६.६.११, स्कन्दे च] इत्यादिदर्शनेन । चिन्त्यत्वे तु युक्तिर् अप्य् अवकाशꣳ लभते, चेल् लभताम्, न तत्रास्माकम् आग्रह इति सर्वथा वेदस्यैव प्रामाण्यम् । तद् उक्तꣳ शङ्करशारीरकेऽपि—“आगमबलेन ब्रह्मवादी कारणादिस्वरूपꣳ निरूपयति, नावश्यꣳ तस्य [अनुमानस्य] यथादृष्टꣳ सर्वम् अभ्युपगतꣳ मन्तव्यम्” [ब्र.सू. २.२.३८] इति ।"
622,"tad evaṁ vedo nāmālaukikaḥ śabdas tasya paramaṁ pratipadyaṁ yat tad alaukikatvād acintyam eva bhaviṣyati | tasmiṁs tv anveṣṭavye tad-upakramādibhiḥ sarveṣām apy upari yad upapadyate, tad evopāsyam iti ||11||","तद् एवं वेदो नामालौकिकः शब्दस् तस्य परमं प्रतिपद्यं यत् तद् अलौकिकत्वाद् अचिन्त्यम् एव भविष्यति । तस्मिंस् त्व् अन्वेष्टव्ये तदुपक्रमादिभिः सर्वेषाम् अप्य् उपरि यद् उपपद्यते, तद् एवोपास्यम् इति ॥११॥","तद् एवꣳ वेदो नामालौकिकः शब्दस् तस्य परमꣳ प्रतिपद्यꣳ यत् तद् अलौकिकत्वाद् अचिन्त्यम् एव भविष्यति । तस्मिꣳस् त्व् अन्वेष्टव्ये तदुपक्रमादिभिः सर्वेषाम् अप्य् उपरि यद् उपपद्यते, तद् एवोपास्यम् इति ॥११॥"
624,"baladevaḥ : nanu ko’yam āgraho veda evāsmākaṁ pramāṇam iti cet tatrāha—tac cānumatam iti | śrī-vyāsādyair iti śeṣaḥ | tad-vāyāny āha tarketyādīni sādhya-sādhanayor apīty antāni | tarketi brahma-sūtra-khaṇḍaḥ | tasyārthaḥ—paramārtha-nirṇayas tarkeṇa na bhavati puruṣa-buddhi-vaividhyena tasya naṣṭa-pratiṣṭhatvāt | evam āha śrutiḥ naiṣā tarkeṇa matir āpaneyā proktānyenaiva sujñānāya preṣṭha [ka.u. 1.2.9] iti | vyāpyāropeṇa vyāpakāropas tarkaḥ [sthitarka-saṅgraha], yady ayaṁ nirvahniḥ syāt tadā nirdhūmaḥ syāt ity evaṁ rūpaḥ | sa ca vyāpti-śaṅkāṁ nirasyann anumānāṅgaṁ bhaved atas tarkeṇānumānaṁ grāhyam iti | acintyāḥ ity udyama-parvaṇi dṛṣṭam | śāstreti brahma-sūtram | na ity ākṛṣyam | upāsyo harir anumānenopaniṣadā vā vedya iti sandehe mantavyaḥ [bṛ.ā.u. 4.5.6] iti śruter anumānena sa vedya iti prāpte nānumānena vedyo hariḥ | kutaḥ ? śāstram upaniṣad yonir vedana-hetur yasya tattvāt | aupaniṣadaṁ puruṣaṁ pṛcchāmi [bṛ.ā.u. 3.9.26] ity ādyā hi śrutiḥ | śrutes tu iti brahma-sūtraṁ [2.1.17] | na ity anuvartate | brahmaṇi loka-dṛṣṭāḥ śramādayo doṣā na syuḥ | kutaḥ | so’kāmayata bahu syāṁ prajāyeya [tai.u.2.6.1] iti saṅkalpa-mātreṇa nikhila-sṛṣṭi-śravaṇāt | nanu śrutir bādhitaṁ kathaṁ brūyād iti cet tatrāha śabdeti | avicintyārthasya śabdaika-pramāṇakatvāt | dṛṣṭaṁ caitan maṇi-mantrādau | pitṛ-deva ity uddhavoktir ekādaśe | he īśvara, tava vedaḥ pitrādīnāṁ śreyaḥ śreṣṭhaṁ cakṣuḥ | kvety āha anupalabdhe’rtha ity-ādi | tathā ca veda evāsmākaṁ pramāṇam iti mad-vākyaṁ sarva-sammatim iti nāpūrvaṁ mayoktam ||11||","बलदेवः : ननु कोऽयम् आग्रहो वेद एवास्माकं प्रमाणम् इति चेत् तत्राह—तच् चानुमतम् इति । श्रीव्यासाद्यैर् इति शेषः । तद्वायान्य् आह तर्केत्यादीनि साध्यसाधनयोर् अपीत्य् अन्तानि । तर्केति ब्रह्मसूत्रखण्डः । तस्यार्थः—परमार्थनिर्णयस् तर्केण न भवति पुरुषबुद्धिवैविध्येन तस्य नष्टप्रतिष्ठत्वात् । एवम् आह श्रुतिः नैषा तर्केण मतिर् आपनेया प्रोक्तान्येनैव सुज्ञानाय प्रेष्ठ [क.उ. १.२.९] इति । व्याप्यारोपेण व्यापकारोपस् तर्कः [स्थितर्कसङ्ग्रह], यद्य् अयं निर्वह्निः स्यात् तदा निर्धूमः स्यात् इत्य् एवं रूपः । स च व्याप्तिशङ्कां निरस्यन्न् अनुमानाङ्गं भवेद् अतस् तर्केणानुमानं ग्राह्यम् इति । अचिन्त्याः इत्य् उद्यमपर्वणि दृष्टम् । शास्त्रेति ब्रह्मसूत्रम् । न इत्य् आकृष्यम् । उपास्यो हरिर् अनुमानेनोपनिषदा वा वेद्य इति सन्देहे मन्तव्यः [बृ.आ.उ. ४.५.६] इति श्रुतेर् अनुमानेन स वेद्य इति प्राप्ते नानुमानेन वेद्यो हरिः । कुतः ? शास्त्रम् उपनिषद् योनिर् वेदनहेतुर् यस्य तत्त्वात् । औपनिषदं पुरुषं पृच्छामि [बृ.आ.उ. ३.९.२६] इत्य् आद्या हि श्रुतिः । श्रुतेस् तु इति ब्रह्मसूत्रं [२.१.१७] । न इत्य् अनुवर्तते । ब्रह्मणि लोकदृष्टाः श्रमादयो दोषा न स्युः । कुतः । सोऽकामयत बहु स्यां प्रजायेय [तै.उ.२.६.१] इति सङ्कल्पमात्रेण निखिलसृष्टिश्रवणात् । ननु श्रुतिर् बाधितं कथं ब्रूयाद् इति चेत् तत्राह शब्देति । अविचिन्त्यार्थस्य शब्दैकप्रमाणकत्वात् । दृष्टं चैतन् मणिमन्त्रादौ । पितृदेव इत्य् उद्धवोक्तिर् एकादशे । हे ईश्वर, तव वेदः पित्रादीनां श्रेयः श्रेष्ठं चक्षुः । क्वेत्य् आह अनुपलब्धेऽर्थ इत्यादि । तथा च वेद एवास्माकं प्रमाणम् इति मद्वाक्यं सर्वसम्मतिम् इति नापूर्वं मयोक्तम् ॥११॥","बलदेवः : ननु कोऽयम् आग्रहो वेद एवास्माकꣳ प्रमाणम् इति चेत् तत्राह—तच् चानुमतम् इति । श्रीव्यासाद्यैर् इति शेषः । तद्वायान्य् आह तर्केत्यादीनि साध्यसाधनयोर् अपीत्य् अन्तानि । तर्केति ब्रह्मसूत्रखण्डः । तस्यार्थः—परमार्थनिर्णयस् तर्केण न भवति पुरुषबुद्धिवैविध्येन तस्य नष्टप्रतिष्ठत्वात् । एवम् आह श्रुतिः नैषा तर्केण मतिर् आपनेया प्रोक्तान्येनैव सुज्ञानाय प्रेष्ठ [क.उ. १.२.९] इति । व्याप्यारोपेण व्यापकारोपस् तर्कः [स्थितर्कसङ्ग्रह], यद्य् अयꣳ निर्वह्निः स्यात् तदा निर्धूमः स्यात् इत्य् एवꣳ रूपः । स च व्याप्तिशङ्काꣳ निरस्यन्न् अनुमानाङ्गꣳ भवेद् अतस् तर्केणानुमानꣳ ग्राह्यम् इति । अचिन्त्याः इत्य् उद्यमपर्वणि दृष्टम् । शास्त्रेति ब्रह्मसूत्रम् । न इत्य् आकृष्यम् । उपास्यो हरिर् अनुमानेनोपनिषदा वा वेद्य इति सन्देहे मन्तव्यः [बृ.आ.उ. ४.५.६] इति श्रुतेर् अनुमानेन स वेद्य इति प्राप्ते नानुमानेन वेद्यो हरिः । कुतः ? शास्त्रम् उपनिषद् योनिर् वेदनहेतुर् यस्य तत्त्वात् । औपनिषदꣳ पुरुषꣳ पृच्छामि [बृ.आ.उ. ३.९.२६] इत्य् आद्या हि श्रुतिः । श्रुतेस् तु इति ब्रह्मसूत्रꣳ [२.१.१७] । न इत्य् अनुवर्तते । ब्रह्मणि लोकदृष्टाः श्रमादयो दोषा न स्युः । कुतः । सोऽकामयत बहु स्याꣳ प्रजायेय [तै.उ.२.६.१] इति सङ्कल्पमात्रेण निखिलसृष्टिश्रवणात् । ननु श्रुतिर् बाधितꣳ कथꣳ ब्रूयाद् इति चेत् तत्राह शब्देति । अविचिन्त्यार्थस्य शब्दैकप्रमाणकत्वात् । दृष्टꣳ चैतन् मणिमन्त्रादौ । पितृदेव इत्य् उद्धवोक्तिर् एकादशे । हे ईश्वर, तव वेदः पित्रादीनाꣳ श्रेयः श्रेष्ठꣳ चक्षुः । क्वेत्य् आह अनुपलब्धेऽर्थ इत्यादि । तथा च वेद एवास्माकꣳ प्रमाणम् इति मद्वाक्यꣳ सर्वसम्मतिम् इति नापूर्वꣳ मयोक्तम् ॥११॥"
626,"rādhā-mohana-gosvāmī : brahma-vid āpnoti param ity-ādi-śruteś ceti cen, na, veda-nirapekṣyasyānumānasya lokātīta-śrī-kṛṣṇa-tal-līlā-śravaṇādi bhajanāsādhanatvāt | tarkāpratiṣṭhānāt iti vedānta-sūtrasya śāstra-vinā-kṛtānumānasya vastv asādhakatvād ity arthaḥ | acintyāḥ—lokātītatayā durghaṭatvena pratīyamānāḥ | bhāvāḥ—īśvara-guṇa-līlādi-rūpāḥ śāstra-prasiddhāḥ | tarkeṇa—sva-mati-kalpitānumānena | yojayet—māyikatvādi-rūpeṇa kalpayed iti vacanārthaḥ śāstraṁ yoniḥ pramāṇam asyeti sūtrārthaḥ | yad vā, śāstrasya yoniḥ, kāraṇaṁ tattvāt | tathā ca śāstrasya parama-kāruṇika-yathārtha-sarvārtha-darśi-pratāraṇādi-doṣa-rahita-parameśvara-praṇītatvena śāstram eva garīyaḥ pramāṇam iti | ","राधामोहनगोस्वामी : ब्रह्मविद् आप्नोति परम् इत्यादिश्रुतेश् चेति चेन्, न, वेदनिरपेक्ष्यस्यानुमानस्य लोकातीतश्रीकृष्णतल्लीलाश्रवणादि भजनासाधनत्वात् । तर्काप्रतिष्ठानात् इति वेदान्तसूत्रस्य शास्त्रविनाकृतानुमानस्य वस्त्व् असाधकत्वाद् इत्य् अर्थः । अचिन्त्याः—लोकातीततया दुर्घटत्वेन प्रतीयमानाः । भावाः—ईश्वरगुणलीलादिरूपाः शास्त्रप्रसिद्धाः । तर्केण—स्वमतिकल्पितानुमानेन । योजयेत्—मायिकत्वादिरूपेण कल्पयेद् इति वचनार्थः शास्त्रं योनिः प्रमाणम् अस्येति सूत्रार्थः । यद् वा, शास्त्रस्य योनिः, कारणं तत्त्वात् । तथा च शास्त्रस्य परमकारुणिकयथार्थसर्वार्थदर्शिप्रतारणादिदोषरहितपरमेश्वरप्रणीतत्वेन शास्त्रम् एव गरीयः प्रमाणम् इति । ","राधामोहनगोस्वामी : ब्रह्मविद् आप्नोति परम् इत्यादिश्रुतेश् चेति चेन्, न, वेदनिरपेक्ष्यस्यानुमानस्य लोकातीतश्रीकृष्णतल्लीलाश्रवणादि भजनासाधनत्वात् । तर्काप्रतिष्ठानात् इति वेदान्तसूत्रस्य शास्त्रविनाकृतानुमानस्य वस्त्व् असाधकत्वाद् इत्य् अर्थः । अचिन्त्याः—लोकातीततया दुर्घटत्वेन प्रतीयमानाः । भावाः—ईश्वरगुणलीलादिरूपाः शास्त्रप्रसिद्धाः । तर्केण—स्वमतिकल्पितानुमानेन । योजयेत्—मायिकत्वादिरूपेण कल्पयेद् इति वचनार्थः शास्त्रꣳ योनिः प्रमाणम् अस्येति सूत्रार्थः । यद् वा, शास्त्रस्य योनिः, कारणꣳ तत्त्वात् । तथा च शास्त्रस्य परमकारुणिकयथार्थसर्वार्थदर्शिप्रतारणादिदोषरहितपरमेश्वरप्रणीतत्वेन शास्त्रम् एव गरीयः प्रमाणम् इति । "
628,"nanu śāstrasya parameśvara-praṇītatve kiṁ mānaḥ ? ity ato vedānta-sūtro darśayati—śrutes tu śabda-mātratvāt iti | tu-kāraḥ anya-pramāṇataḥ prāmānya-sūcanāya | śruteḥ—vedasya | śabda-mūlatvāt—asya mahato bhūtasya niśvasitam etad ṛg-vedo jāyate [bṛ.ā.u. 1.4.15] ity-ādi, yo brahmāṇaṁ vidadhāti pūrvaṁ vedāṁś ca tasmai prahiṇoti ity-ādi-śruti-rūpa-śabdaḥ | mūlaṁ—parameśvara-praṇītatve pramāṇaṁ yasyāḥ, tattvāt | ","ननु शास्त्रस्य परमेश्वरप्रणीतत्वे किं मानः ? इत्य् अतो वेदान्तसूत्रो दर्शयति—श्रुतेस् तु शब्दमात्रत्वात् इति । तुकारः अन्यप्रमाणतः प्रामान्यसूचनाय । श्रुतेः—वेदस्य । शब्दमूलत्वात्—अस्य महतो भूतस्य निश्वसितम् एतद् ऋग्वेदो जायते [बृ.आ.उ. १.४.१५] इत्यादि, यो ब्रह्माणं विदधाति पूर्वं वेदांश् च तस्मै प्रहिणोति इत्यादिश्रुतिरूपशब्दः । मूलं—परमेश्वरप्रणीतत्वे प्रमाणं यस्याः, तत्त्वात् । ","ननु शास्त्रस्य परमेश्वरप्रणीतत्वे किꣳ मानः ? इत्य् अतो वेदान्तसूत्रो दर्शयति—श्रुतेस् तु शब्दमात्रत्वात् इति । तुकारः अन्यप्रमाणतः प्रामान्यसूचनाय । श्रुतेः—वेदस्य । शब्दमूलत्वात्—अस्य महतो भूतस्य निश्वसितम् एतद् ऋग्वेदो जायते [बृ.आ.उ. १.४.१५] इत्यादि, यो ब्रह्माणꣳ विदधाति पूर्वꣳ वेदाꣳश् च तस्मै प्रहिणोति इत्यादिश्रुतिरूपशब्दः । मूलꣳ—परमेश्वरप्रणीतत्वे प्रमाणꣳ यस्याः, तत्त्वात् । "
630,"pitṛ-deva iti tava veda-cakṣur iti samanvayaḥ | cakṣuḥ jñāpakam | śreyaḥ uttamam | anupalabdhe pratyakṣādy-agocare | arthe tvat-svarūpa-guṇa-līlādi-rūpe | sādhyaṁ—premādi-rūpa-phalam, sādhanaṁ tat-sādhanam, tayor apīty arthaḥ | śrīman-madhva-bhāṣye tv evaṁ vyākhyā—śrutes tu śabda-mūlatvād iti | na ceśvara-pakṣe ayaṁ virodhaḥ | yo’sau viruddho’viruddho’nurāgavān indro’nindraḥ pravṛttir apravṛttiḥ sa paraḥ paramātmā iti paiṅgy-ādi-śruter eva śabda-mūlatvāc ca na virodhaḥ | ","पितृदेव इति तव वेदचक्षुर् इति समन्वयः । चक्षुः ज्ञापकम् । श्रेयः उत्तमम् । अनुपलब्धे प्रत्यक्षाद्यगोचरे । अर्थे त्वत्स्वरूपगुणलीलादिरूपे । साध्यं—प्रेमादिरूपफलम्, साधनं तत्साधनम्, तयोर् अपीत्य् अर्थः । श्रीमन्मध्वभाष्ये त्व् एवं व्याख्या—श्रुतेस् तु शब्दमूलत्वाद् इति । न चेश्वरपक्षे अयं विरोधः । योऽसौ विरुद्धोऽविरुद्धोऽनुरागवान् इन्द्रोऽनिन्द्रः प्रवृत्तिर् अप्रवृत्तिः स परः परमात्मा इति पैङ्ग्यादिश्रुतेर् एव शब्दमूलत्वाच् च न विरोधः । ","पितृदेव इति तव वेदचक्षुर् इति समन्वयः । चक्षुः ज्ञापकम् । श्रेयः उत्तमम् । अनुपलब्धे प्रत्यक्षाद्यगोचरे । अर्थे त्वत्स्वरूपगुणलीलादिरूपे । साध्यꣳ—प्रेमादिरूपफलम्, साधनꣳ तत्साधनम्, तयोर् अपीत्य् अर्थः । श्रीमन्मध्वभाष्ये त्व् एवꣳ व्याख्या—श्रुतेस् तु शब्दमूलत्वाद् इति । न चेश्वरपक्षे अयꣳ विरोधः । योऽसौ विरुद्धोऽविरुद्धोऽनुरागवान् इन्द्रोऽनिन्द्रः प्रवृत्तिर् अप्रवृत्तिः स परः परमात्मा इति पैङ्ग्यादिश्रुतेर् एव शब्दमूलत्वाच् च न विरोधः । "
632,yad vākyoktaṁ na tad-yuktir viroddhuṁ śaknuyāt kvacit | ,यद् वाक्योक्तं न तद्युक्तिर् विरोद्धुं शक्नुयात् क्वचित् । ,यद् वाक्योक्तꣳ न तद्युक्तिर् विरोद्धुꣳ शक्नुयात् क्वचित् । 
635,"iti puruṣottama-tantre iti | nanu vedasya prāmāṇye siddhe eva vedāvagata-parameśvara-praṇītatvaka-vedasya balavattvam avadhārya, tac ca na sambhavati, parasparāśrayād iti cen, na | sthāvara-jaṅgama-prāṇināṁ sukha-duḥkhādi-vaicitryeṇa manda-madhyottama-yoni-vaicitryeṇa ca teṣāṁ karma-vaicitryam eva tad-vaicitrya-kāraṇaṁ vācyam | kāraṇāntarādarśanāt | tāni ca karmāṇi śāstrato’vagamya anādi-śiṣṭa-paramparayā kriyamāṇāni dṛśyante | śāstrokta-karmaṇāṁ keṣāṁcit phalāni na dṛśyante | jyotir-āyur-vedādi-śāstrāṇi dṛṣṭa-phalāni suprasiddhānīti vedasya prāmāṇyam avadhāryate | eva vedaḥ pauruṣeyo vākyatvāt ity ādy anumānena veda-prāmāṇya-siddhāv api vedasya nitya-nirdoṣa-parameśvara-praṇītatvena tad-arthasyānumānādinā bādhasyāyogāt vedasya prāmāṇyam | anumānasya nānā-vidhatve’pi anukūla-tarka-saha-kṛtasya prāmāṇyam avagantavyam | tathā vedārtha-vicāra eva sad-anumānaṁ vidheyam ity api bodhyam iti dik ||11||","इति पुरुषोत्तमतन्त्रे इति । ननु वेदस्य प्रामाण्ये सिद्धे एव वेदावगतपरमेश्वरप्रणीतत्वकवेदस्य बलवत्त्वम् अवधार्य, तच् च न सम्भवति, परस्पराश्रयाद् इति चेन्, न । स्थावरजङ्गमप्राणिनां सुखदुःखादिवैचित्र्येण मन्दमध्योत्तमयोनिवैचित्र्येण च तेषां कर्मवैचित्र्यम् एव तद्वैचित्र्यकारणं वाच्यम् । कारणान्तरादर्शनात् । तानि च कर्माणि शास्त्रतोऽवगम्य अनादिशिष्टपरम्परया क्रियमाणानि दृश्यन्ते । शास्त्रोक्तकर्मणां केषांचित् फलानि न दृश्यन्ते । ज्योतिरायुर्वेदादिशास्त्राणि दृष्टफलानि सुप्रसिद्धानीति वेदस्य प्रामाण्यम् अवधार्यते । एव वेदः पौरुषेयो वाक्यत्वात् इत्य् आद्य् अनुमानेन वेदप्रामाण्यसिद्धाव् अपि वेदस्य नित्यनिर्दोषपरमेश्वरप्रणीतत्वेन तदर्थस्यानुमानादिना बाधस्यायोगात् वेदस्य प्रामाण्यम् । अनुमानस्य नानाविधत्वेऽपि अनुकूलतर्कसहकृतस्य प्रामाण्यम् अवगन्तव्यम् । तथा वेदार्थविचार एव सदनुमानं विधेयम् इत्य् अपि बोध्यम् इति दिक् ॥११॥","इति पुरुषोत्तमतन्त्रे इति । ननु वेदस्य प्रामाण्ये सिद्धे एव वेदावगतपरमेश्वरप्रणीतत्वकवेदस्य बलवत्त्वम् अवधार्य, तच् च न सम्भवति, परस्पराश्रयाद् इति चेन्, न । स्थावरजङ्गमप्राणिनाꣳ सुखदुःखादिवैचित्र्येण मन्दमध्योत्तमयोनिवैचित्र्येण च तेषाꣳ कर्मवैचित्र्यम् एव तद्वैचित्र्यकारणꣳ वाच्यम् । कारणान्तरादर्शनात् । तानि च कर्माणि शास्त्रतोऽवगम्य अनादिशिष्टपरम्परया क्रियमाणानि दृश्यन्ते । शास्त्रोक्तकर्मणाꣳ केषाꣳचित् फलानि न दृश्यन्ते । ज्योतिरायुर्वेदादिशास्त्राणि दृष्टफलानि सुप्रसिद्धानीति वेदस्य प्रामाण्यम् अवधार्यते । एव वेदः पौरुषेयो वाक्यत्वात् इत्य् आद्य् अनुमानेन वेदप्रामाण्यसिद्धाव् अपि वेदस्य नित्यनिर्दोषपरमेश्वरप्रणीतत्वेन तदर्थस्यानुमानादिना बाधस्यायोगात् वेदस्य प्रामाण्यम् । अनुमानस्य नानाविधत्वेऽपि अनुकूलतर्कसहकृतस्य प्रामाण्यम् अवगन्तव्यम् । तथा वेदार्थविचार एव सदनुमानꣳ विधेयम् इत्य् अपि बोध्यम् इति दिक् ॥११॥"
637,"gaura-kiśora-gosvāmī : na kevalam asmābhiḥ vyasanitayā sarva-śreṣṭhatvena vedasya prāmāṇyaṁ vyavasthāpitam, api tu śrī-vyāsādibhiḥ tad api svīkṛtam | tad āhuḥ—tac cānumatam iti | yad uktaṁ tarkasyāpratiṣṭhitatvaṁ tad api śrī-vyāsa-kṛta-brahma-sūtre—tarkāpratiṣṭhānād apy anyathānumeyam iti ced evam apy avimokṣa-prasaṅgaḥity atra darśitam | tarkaḥ vyāpakābhāvatvena nirṇīte vyāpyārope;na vyāpakāropas tarkaḥ iti sārārthaḥ | aprākṛta-viṣaye tarkasyānavasaratva-samarthaka-pramāṇa-ślokam āha—acintyāḥ iti | ","गौरकिशोरगोस्वामी : न केवलम् अस्माभिः व्यसनितया सर्वश्रेष्ठत्वेन वेदस्य प्रामाण्यं व्यवस्थापितम्, अपि तु श्रीव्यासादिभिः तद् अपि स्वीकृतम् । तद् आहुः—तच् चानुमतम् इति । यद् उक्तं तर्कस्याप्रतिष्ठितत्वं तद् अपि श्रीव्यासकृतब्रह्मसूत्रे—तर्काप्रतिष्ठानाद् अप्य् अन्यथानुमेयम् इति चेद् एवम् अप्य् अविमोक्षप्रसङ्गःइत्य् अत्र दर्शितम् । तर्कः व्यापकाभावत्वेन निर्णीते व्याप्यारोपे;न व्यापकारोपस् तर्कः इति सारार्थः । अप्राकृतविषये तर्कस्यानवसरत्वसमर्थकप्रमाणश्लोकम् आह—अचिन्त्याः इति । ","गौरकिशोरगोस्वामी : न केवलम् अस्माभिः व्यसनितया सर्वश्रेष्ठत्वेन वेदस्य प्रामाण्यꣳ व्यवस्थापितम्, अपि तु श्रीव्यासादिभिः तद् अपि स्वीकृतम् । तद् आहुः—तच् चानुमतम् इति । यद् उक्तꣳ तर्कस्याप्रतिष्ठितत्वꣳ तद् अपि श्रीव्यासकृतब्रह्मसूत्रे—तर्काप्रतिष्ठानाद् अप्य् अन्यथानुमेयम् इति चेद् एवम् अप्य् अविमोक्षप्रसङ्गःइत्य् अत्र दर्शितम् । तर्कः व्यापकाभावत्वेन निर्णीते व्याप्यारोपे;न व्यापकारोपस् तर्कः इति सारार्थः । अप्राकृतविषये तर्कस्यानवसरत्वसमर्थकप्रमाणश्लोकम् आह—अचिन्त्याः इति । "
639,acintyāḥ khalu ye bhāvā na tāṁs tarkeṇa sādhayet |,अचिन्त्याः खलु ये भावा न तांस् तर्केण साधयेत् ।,अचिन्त्याः खलु ये भावा न ताꣳस् तर्केण साधयेत् ।
640,prakṛtibhyaḥ paraṁ yat tu tad acintyasya lakṣaṇam || [ma.bhā. 6.6.11] iti |,प्रकृतिभ्यः परं यत् तु तद् अचिन्त्यस्य लक्षणम् ॥ [म.भा. ६.६.११] इति ।,प्रकृतिभ्यः परꣳ यत् तु तद् अचिन्त्यस्य लक्षणम् ॥ [म.भा. ६.६.११] इति ।
642,"prakṛtibhyaḥ param, param aprākṛtaṁ māyātītam iti yāvat | tatraiva śrī-brahma-sūtre, śāstra-yonitvāt, śrutes tu śabda-mūlatvāt ity-ādi-sūtre sarvatra śāstrasyaiva sarvopari prāmāṇyaṁ sthāpitam | ato, “veda evāsmākaṁ pramāṇaṁ” (10) iti siddhāntaḥ sarva-vādi-sampratipannaḥ | “cintyatve tu yuktir apy avakāśaṁ labhate, cel labhatām, na tatrāsmākam āgraha iti sarvathā vedasyaiva prāmāṇyam” iti saṁvādinī |","प्रकृतिभ्यः परम्, परम् अप्राकृतं मायातीतम् इति यावत् । तत्रैव श्रीब्रह्मसूत्रे, शास्त्रयोनित्वात्, श्रुतेस् तु शब्दमूलत्वात् इत्यादिसूत्रे सर्वत्र शास्त्रस्यैव सर्वोपरि प्रामाण्यं स्थापितम् । अतो, “वेद एवास्माकं प्रमाणं” (१०) इति सिद्धान्तः सर्ववादिसम्प्रतिपन्नः । “चिन्त्यत्वे तु युक्तिर् अप्य् अवकाशं लभते, चेल् लभताम्, न तत्रास्माकम् आग्रह इति सर्वथा वेदस्यैव प्रामाण्यम्” इति संवादिनी ।","प्रकृतिभ्यः परम्, परम् अप्राकृतꣳ मायातीतम् इति यावत् । तत्रैव श्रीब्रह्मसूत्रे, शास्त्रयोनित्वात्, श्रुतेस् तु शब्दमूलत्वात् इत्यादिसूत्रे सर्वत्र शास्त्रस्यैव सर्वोपरि प्रामाण्यꣳ स्थापितम् । अतो, “वेद एवास्माकꣳ प्रमाणꣳ” (१०) इति सिद्धान्तः सर्ववादिसम्प्रतिपन्नः । “चिन्त्यत्वे तु युक्तिर् अप्य् अवकाशꣳ लभते, चेल् लभताम्, न तत्रास्माकम् आग्रह इति सर्वथा वेदस्यैव प्रामाण्यम्” इति सꣳवादिनी ।"
644,"idam atrānusandheyaṁ sūkṣmekṣikā-parāyaṇaiḥ—tarkasya kutrāpi pārthagarthyena prāmāṇyaṁ na sambhavati | mūla-pramāṇa-viśeṣam upajīvya asambhāvanā-viparīta-sambhāvanā-nirākaraṇa-dvāreṇa pramāṇa-parigṛhītārthasyaiva dārḍhyam anena sampādyate | alaukike viṣaye laukika-pramāṇānām apravṛttau tatra cālaukikāpauruṣeya-vedasyaivādhikārāt kā kathā tarkasya ? tad-upajīvya-pramāṇānām api tatrānadhikāraḥ | yadi veda-parigṛhītārthasya pratibandhaka-śaṅkā-nirāśa-dvārā tarkasyopayogo’bhyupagamyate, tadā nāsmākaṁ vipratipattiḥ | vedāvirodhinā tarkeṇa śāstra-tattva-nirṇaye tu guṇa eva, śuṣka-tarkāśrayeṇa dharma-vighātanaṁ pāpam eva iti śāstra-maryādā | tathā ca tarkāśrayaṇaṁ tan-mīmāṁsā-pariśodhita-praṇālyā eva kartavyaṁ netarathā ||11||","इदम् अत्रानुसन्धेयं सूक्ष्मेक्षिकापरायणैः—तर्कस्य कुत्रापि पार्थगर्थ्येन प्रामाण्यं न सम्भवति । मूलप्रमाणविशेषम् उपजीव्य असम्भावनाविपरीतसम्भावनानिराकरणद्वारेण प्रमाणपरिगृहीतार्थस्यैव दार्ढ्यम् अनेन सम्पाद्यते । अलौकिके विषये लौकिकप्रमाणानाम् अप्रवृत्तौ तत्र चालौकिकापौरुषेयवेदस्यैवाधिकारात् का कथा तर्कस्य ? तदुपजीव्यप्रमाणानाम् अपि तत्रानधिकारः । यदि वेदपरिगृहीतार्थस्य प्रतिबन्धकशङ्कानिराशद्वारा तर्कस्योपयोगोऽभ्युपगम्यते, तदा नास्माकं विप्रतिपत्तिः । वेदाविरोधिना तर्केण शास्त्रतत्त्वनिर्णये तु गुण एव, शुष्कतर्काश्रयेण धर्मविघातनं पापम् एव इति शास्त्रमर्यादा । तथा च तर्काश्रयणं तन्मीमांसापरिशोधितप्रणाल्या एव कर्तव्यं नेतरथा ॥११॥","इदम् अत्रानुसन्धेयꣳ सूक्ष्मेक्षिकापरायणैः—तर्कस्य कुत्रापि पार्थगर्थ्येन प्रामाण्यꣳ न सम्भवति । मूलप्रमाणविशेषम् उपजीव्य असम्भावनाविपरीतसम्भावनानिराकरणद्वारेण प्रमाणपरिगृहीतार्थस्यैव दार्ढ्यम् अनेन सम्पाद्यते । अलौकिके विषये लौकिकप्रमाणानाम् अप्रवृत्तौ तत्र चालौकिकापौरुषेयवेदस्यैवाधिकारात् का कथा तर्कस्य ? तदुपजीव्यप्रमाणानाम् अपि तत्रानधिकारः । यदि वेदपरिगृहीतार्थस्य प्रतिबन्धकशङ्कानिराशद्वारा तर्कस्योपयोगोऽभ्युपगम्यते, तदा नास्माकꣳ विप्रतिपत्तिः । वेदाविरोधिना तर्केण शास्त्रतत्त्वनिर्णये तु गुण एव, शुष्कतर्काश्रयेण धर्मविघातनꣳ पापम् एव इति शास्त्रमर्यादा । तथा च तर्काश्रयणꣳ तन्मीमाꣳसापरिशोधितप्रणाल्या एव कर्तव्यꣳ नेतरथा ॥११॥"
650,"tatra ca veda-śabdasya samprati duṣpāratvād duradhigamārthatvāc ca tad-artha-nirṇāyakānāṁ munīnām api paraspara-virodhād veda-rūpo vedārtha-nirṇāyakaś cetihāsa-purāṇātmakaḥ śabda eva vicāraṇīyaḥ | tatra ca yo vā veda-śabdo nātma-viditaḥ so’pi tad-dṛṣṭyānumeya eveti samprati tasyaiva pramotpādakatvaṁ sthitam | tathā himahābhārate mānavīyeca—itihāsa-purāṇābhyāṁ vedaṁ samupabṛṁhayet [ma.bhā. 1.1.267] iti | pūraṇāt purāṇam iti cānyatra | na cāvedena vedasya bṛṁhaṇaṁ sambhavati, na hy aparipūrṇasya kanaka-valayasya trapuṇā pūraṇaṁ yujyate | ","तत्र च वेदशब्दस्य सम्प्रति दुष्पारत्वाद् दुरधिगमार्थत्वाच् च तदर्थनिर्णायकानां मुनीनाम् अपि परस्परविरोधाद् वेदरूपो वेदार्थनिर्णायकश् चेतिहासपुराणात्मकः शब्द एव विचारणीयः । तत्र च यो वा वेदशब्दो नात्मविदितः सोऽपि तद्दृष्ट्यानुमेय एवेति सम्प्रति तस्यैव प्रमोत्पादकत्वं स्थितम् । तथा हिमहाभारते मानवीयेच—इतिहासपुराणाभ्यां वेदं समुपबृंहयेत् [म.भा. १.१.२६७] इति । पूरणात् पुराणम् इति चान्यत्र । न चावेदेन वेदस्य बृंहणं सम्भवति, न ह्य् अपरिपूर्णस्य कनकवलयस्य त्रपुणा पूरणं युज्यते । ","तत्र च वेदशब्दस्य सम्प्रति दुष्पारत्वाद् दुरधिगमार्थत्वाच् च तदर्थनिर्णायकानाꣳ मुनीनाम् अपि परस्परविरोधाद् वेदरूपो वेदार्थनिर्णायकश् चेतिहासपुराणात्मकः शब्द एव विचारणीयः । तत्र च यो वा वेदशब्दो नात्मविदितः सोऽपि तद्दृष्ट्यानुमेय एवेति सम्प्रति तस्यैव प्रमोत्पादकत्वꣳ स्थितम् । तथा हिमहाभारते मानवीयेच—इतिहासपुराणाभ्याꣳ वेदꣳ समुपबृꣳहयेत् [म.भा. १.१.२६७] इति । पूरणात् पुराणम् इति चान्यत्र । न चावेदेन वेदस्य बृꣳहणꣳ सम्भवति, न ह्य् अपरिपूर्णस्य कनकवलयस्य त्रपुणा पूरणꣳ युज्यते । "
652,"nanu, yadi veda-śabdaḥ purāṇam itihāsaṁ copādatte, tarhi purāṇam anyad anveṣaṇīyam ? yadi tu na, na tarhītihāsa-purāṇayor abhedo vedena ? ucyate—viśiṣṭaikārtha-pratipādaka-pada-kadambasyāpauruṣeyatvād abhede’pi svara-krama-bhedād bheda-nirdeśo’py upapadyate | ṛg-ādibhiḥ samam anayor apauruṣeyatvenābhedo mādhyandina-śrutāv eva vyajyate—evaṁ vā are’sya mahato bhūtasya niśvasitam etad yad ṛg-vedo yajur-vedaḥ sāma-vedo’tharvāṅgirasa itihāsaḥ purāṇaṁ [bṛ.ā.u. 2.4.10] ity-ādinā ||12||","ननु, यदि वेदशब्दः पुराणम् इतिहासं चोपादत्ते, तर्हि पुराणम् अन्यद् अन्वेषणीयम् ? यदि तु न, न तर्हीतिहासपुराणयोर् अभेदो वेदेन ? उच्यते—विशिष्टैकार्थप्रतिपादकपदकदम्बस्यापौरुषेयत्वाद् अभेदेऽपि स्वरक्रमभेदाद् भेदनिर्देशोऽप्य् उपपद्यते । ऋगादिभिः समम् अनयोर् अपौरुषेयत्वेनाभेदो माध्यन्दिनश्रुताव् एव व्यज्यते—एवं वा अरेऽस्य महतो भूतस्य निश्वसितम् एतद् यद् ऋग्वेदो यजुर्वेदः सामवेदोऽथर्वाङ्गिरस इतिहासः पुराणं [बृ.आ.उ. २.४.१०] इत्यादिना ॥१२॥","ननु, यदि वेदशब्दः पुराणम् इतिहासꣳ चोपादत्ते, तर्हि पुराणम् अन्यद् अन्वेषणीयम् ? यदि तु न, न तर्हीतिहासपुराणयोर् अभेदो वेदेन ? उच्यते—विशिष्टैकार्थप्रतिपादकपदकदम्बस्यापौरुषेयत्वाद् अभेदेऽपि स्वरक्रमभेदाद् भेदनिर्देशोऽप्य् उपपद्यते । ऋगादिभिः समम् अनयोर् अपौरुषेयत्वेनाभेदो माध्यन्दिनश्रुताव् एव व्यज्यते—एवꣳ वा अरेऽस्य महतो भूतस्य निश्वसितम् एतद् यद् ऋग्वेदो यजुर्वेदः सामवेदोऽथर्वाङ्गिरस इतिहासः पुराणꣳ [बृ.आ.उ. २.४.१०] इत्यादिना ॥१२॥"
654,sarva-saṁvādinī : athaivaṁ pramāṇa-nirṇaye sthite'pi punar āśaṅkyottara-pakṣaṁ darśayati—“tatra ca veda-śabdasya” iti | “samprati” kalau | apracarad-rūpatvena durmedhastvena ca “duṣpāratvāt” ||12||,सर्वसंवादिनी : अथैवं प्रमाणनिर्णये स्थितेऽपि पुनर् आशङ्क्योत्तरपक्षं दर्शयति—“तत्र च वेदशब्दस्य” इति । “सम्प्रति” कलौ । अप्रचरद्रूपत्वेन दुर्मेधस्त्वेन च “दुष्पारत्वात्” ॥१२॥,सर्वसꣳवादिनी : अथैवꣳ प्रमाणनिर्णये स्थितेऽपि पुनर् आशङ्क्योत्तरपक्षꣳ दर्शयति—“तत्र च वेदशब्दस्य” इति । “सम्प्रति” कलौ । अप्रचरद्रूपत्वेन दुर्मेधस्त्वेन च “दुष्पारत्वात्” ॥१२॥
656,"baladevaḥ : evaṁ ced ṛg-ādi-vedenāstu paramārtha-vicāraḥ, tatrāha—tatra ca veda-śabdasyeti | tarhi nyāyādi-śāstrair vedārtha-nirṇetṛbhiḥ so’stīti cet tatrāha—tad-artha-nirṇāyakānām iti | tasyaiveti itihāsa-purāṇātmakasya veda-rūpasyety arthaḥ | samupabṛṁhayed iti vedārthaṁ spaṣṭīkuryād ity arthaḥ | purāṇād iti vedārthasyeti bodhyam | trapuṇā sīsakena | purāṇetihāsayor veda-rūpatāyāṁ kaścic chaṅkate nanv ity-ādinā | tatra samādhatte ucyata ity-ādinā | nikhila-śakti-viśiṣṭa-bhagavad-rūpaikārtha-pratipādakaṁ yat padaka-damba-mṛgādi-purāṇāntaṁ tasyeti | ṛg-ādi-bhāge svara-kramo’sti itihāsa-purāṇa-bhāge tu sa nāstīty etad-aṁśena bhedaḥ | evaṁ vā iti maitreyīṁ patnīṁ prati yājñavalkya-vacanam | are maitreyi asyeśvarasya mahato vibhoḥ pūjyasya vā bhūtasya pūrva-siddhasya | sphuṭārtham anyat ||12||","बलदेवः : एवं चेद् ऋगादिवेदेनास्तु परमार्थविचारः, तत्राह—तत्र च वेदशब्दस्येति । तर्हि न्यायादिशास्त्रैर् वेदार्थनिर्णेतृभिः सोऽस्तीति चेत् तत्राह—तदर्थनिर्णायकानाम् इति । तस्यैवेति इतिहासपुराणात्मकस्य वेदरूपस्येत्य् अर्थः । समुपबृंहयेद् इति वेदार्थं स्पष्टीकुर्याद् इत्य् अर्थः । पुराणाद् इति वेदार्थस्येति बोध्यम् । त्रपुणा सीसकेन । पुराणेतिहासयोर् वेदरूपतायां कश्चिच् छङ्कते नन्व् इत्यादिना । तत्र समाधत्ते उच्यत इत्यादिना । निखिलशक्तिविशिष्टभगवद्रूपैकार्थप्रतिपादकं यत् पदकदम्बमृगादिपुराणान्तं तस्येति । ऋगादिभागे स्वरक्रमोऽस्ति इतिहासपुराणभागे तु स नास्तीत्य् एतदंशेन भेदः । एवं वा इति मैत्रेयीं पत्नीं प्रति याज्ञवल्क्यवचनम् । अरे मैत्रेयि अस्येश्वरस्य महतो विभोः पूज्यस्य वा भूतस्य पूर्वसिद्धस्य । स्फुटार्थम् अन्यत् ॥१२॥","बलदेवः : एवꣳ चेद् ऋगादिवेदेनास्तु परमार्थविचारः, तत्राह—तत्र च वेदशब्दस्येति । तर्हि न्यायादिशास्त्रैर् वेदार्थनिर्णेतृभिः सोऽस्तीति चेत् तत्राह—तदर्थनिर्णायकानाम् इति । तस्यैवेति इतिहासपुराणात्मकस्य वेदरूपस्येत्य् अर्थः । समुपबृꣳहयेद् इति वेदार्थꣳ स्पष्टीकुर्याद् इत्य् अर्थः । पुराणाद् इति वेदार्थस्येति बोध्यम् । त्रपुणा सीसकेन । पुराणेतिहासयोर् वेदरूपतायाꣳ कश्चिच् छङ्कते नन्व् इत्यादिना । तत्र समाधत्ते उच्यत इत्यादिना । निखिलशक्तिविशिष्टभगवद्रूपैकार्थप्रतिपादकꣳ यत् पदकदम्बमृगादिपुराणान्तꣳ तस्येति । ऋगादिभागे स्वरक्रमोऽस्ति इतिहासपुराणभागे तु स नास्तीत्य् एतदꣳशेन भेदः । एवꣳ वा इति मैत्रेयीꣳ पत्नीꣳ प्रति याज्ञवल्क्यवचनम् । अरे मैत्रेयि अस्येश्वरस्य महतो विभोः पूज्यस्य वा भूतस्य पूर्वसिद्धस्य । स्फुटार्थम् अन्यत् ॥१२॥"
658,"rādhā-mohana-gosvāmī : “duṣpāratvād” iti keṣāṁcid vedānām ucchannatvāt keṣāṁcit pracchannatvāc ca iti bhāvaḥ | “tad-artha-nirṇāyakāṇāṁ” vedānta-sūtrādi-kāriṇāṁ “munīnāṁ” vyāsa-kaṇādādīnām | “veda-rūpaḥ”—gauṇyā nirūḍha-lakṣaṇayā veda-śabda-pratipādyaḥ | “nātma-viditaḥ”, apracarad-rūpatvāt | “tad-dṛṣṭyā” itihāsa-purāṇa-dṛṣṭyā | “samupabṛṁhayet” iti vedayati vihita-niṣiddhaṁ para-tattva-svarūpaṁ ca jñāpayati iti vedaḥ, tam abhidheya-prakāśatayā pūrayet | itihāsa-purāṇayor veda-śāstrāntar-bhūtatvaṁ jānīyād iti yāvat | nāma-vyutpattyāpi veda-samupabṛṁhaṇam āha—“pūraṇād” iti, veda-pūraṇād ity arthaḥ | purāṇam iti hrasvaḥ saṁjñāyām | “bṛṁhaṇaṁ” pūraṇam | ","राधामोहनगोस्वामी : “दुष्पारत्वाद्” इति केषांचिद् वेदानाम् उच्छन्नत्वात् केषांचित् प्रच्छन्नत्वाच् च इति भावः । “तदर्थनिर्णायकाणां” वेदान्तसूत्रादिकारिणां “मुनीनां” व्यासकणादादीनाम् । “वेदरूपः”—गौण्या निरूढलक्षणया वेदशब्दप्रतिपाद्यः । “नात्मविदितः”, अप्रचरद्रूपत्वात् । “तद्दृष्ट्या” इतिहासपुराणदृष्ट्या । “समुपबृंहयेत्” इति वेदयति विहितनिषिद्धं परतत्त्वस्वरूपं च ज्ञापयति इति वेदः, तम् अभिधेयप्रकाशतया पूरयेत् । इतिहासपुराणयोर् वेदशास्त्रान्तर्भूतत्वं जानीयाद् इति यावत् । नामव्युत्पत्त्यापि वेदसमुपबृंहणम् आह—“पूरणाद्” इति, वेदपूरणाद् इत्य् अर्थः । पुराणम् इति ह्रस्वः संज्ञायाम् । “बृंहणं” पूरणम् । ","राधामोहनगोस्वामी : “दुष्पारत्वाद्” इति केषाꣳचिद् वेदानाम् उच्छन्नत्वात् केषाꣳचित् प्रच्छन्नत्वाच् च इति भावः । “तदर्थनिर्णायकाणाꣳ” वेदान्तसूत्रादिकारिणाꣳ “मुनीनाꣳ” व्यासकणादादीनाम् । “वेदरूपः”—गौण्या निरूढलक्षणया वेदशब्दप्रतिपाद्यः । “नात्मविदितः”, अप्रचरद्रूपत्वात् । “तद्दृष्ट्या” इतिहासपुराणदृष्ट्या । “समुपबृꣳहयेत्” इति वेदयति विहितनिषिद्धꣳ परतत्त्वस्वरूपꣳ च ज्ञापयति इति वेदः, तम् अभिधेयप्रकाशतया पूरयेत् । इतिहासपुराणयोर् वेदशास्त्रान्तर्भूतत्वꣳ जानीयाद् इति यावत् । नामव्युत्पत्त्यापि वेदसमुपबृꣳहणम् आह—“पूरणाद्” इति, वेदपूरणाद् इत्य् अर्थः । पुराणम् इति ह्रस्वः सꣳज्ञायाम् । “बृꣳहणꣳ” पूरणम् । "
660,"purāṇaṁ—veda-śabdenopādīyamānaṁ purāṇam | anyavat ucchanna-pracchanna-vedavad anveṣaṇīyam iti | idānīṁ pracarat-purāṇetihāsayor veda-vyavahārābhāvād iti bhāvaḥ | pada-kadambasyeti veda-ghaṭakasya purāṇetihāsa-ghaṭakasya cety ādeḥ | apauruṣeyatvāt | jīvāpraṇītatvāt, parameśvara-praṇītatvād iti yāvat | abhede’pi veda-śabda-pratipādatve’pi, svara-krama-bhedāt | svara-kramayor bhedāt | bheda-nirdeśaḥ veda-purāṇayor bhedena vyavahāraḥ | svaraḥ—dāttodātādi-rūpaḥ | tathā ca dāttodāttādi-svara-bhedenādhyayana-vidhi-viṣayatā vedasya | purāṇetihāsayor na dāttādi-svara-bhedenādhyayana-vidhi-viṣayatā, kintu—","पुराणं—वेदशब्देनोपादीयमानं पुराणम् । अन्यवत् उच्छन्नप्रच्छन्नवेदवद् अन्वेषणीयम् इति । इदानीं प्रचरत्पुराणेतिहासयोर् वेदव्यवहाराभावाद् इति भावः । पदकदम्बस्येति वेदघटकस्य पुराणेतिहासघटकस्य चेत्य् आदेः । अपौरुषेयत्वात् । जीवाप्रणीतत्वात्, परमेश्वरप्रणीतत्वाद् इति यावत् । अभेदेऽपि वेदशब्दप्रतिपादत्वेऽपि, स्वरक्रमभेदात् । स्वरक्रमयोर् भेदात् । भेदनिर्देशः वेदपुराणयोर् भेदेन व्यवहारः । स्वरः—दात्तोदातादिरूपः । तथा च दात्तोदात्तादिस्वरभेदेनाध्ययनविधिविषयता वेदस्य । पुराणेतिहासयोर् न दात्तादिस्वरभेदेनाध्ययनविधिविषयता, किन्तु—","पुराणꣳ—वेदशब्देनोपादीयमानꣳ पुराणम् । अन्यवत् उच्छन्नप्रच्छन्नवेदवद् अन्वेषणीयम् इति । इदानीꣳ प्रचरत्पुराणेतिहासयोर् वेदव्यवहाराभावाद् इति भावः । पदकदम्बस्येति वेदघटकस्य पुराणेतिहासघटकस्य चेत्य् आदेः । अपौरुषेयत्वात् । जीवाप्रणीतत्वात्, परमेश्वरप्रणीतत्वाद् इति यावत् । अभेदेऽपि वेदशब्दप्रतिपादत्वेऽपि, स्वरक्रमभेदात् । स्वरक्रमयोर् भेदात् । भेदनिर्देशः वेदपुराणयोर् भेदेन व्यवहारः । स्वरः—दात्तोदातादिरूपः । तथा च दात्तोदात्तादिस्वरभेदेनाध्ययनविधिविषयता वेदस्य । पुराणेतिहासयोर् न दात्तादिस्वरभेदेनाध्ययनविधिविषयता, किन्तु—"
664,brāhmaṇaṁ vācakaṁ vidyān nānya-varṇajam ādarāt |,ब्राह्मणं वाचकं विद्यान् नान्यवर्णजम् आदरात् ।,ब्राह्मणꣳ वाचकꣳ विद्यान् नान्यवर्णजम् आदरात् ।
665,śrutvānya-varṇajād rājan vācakān narakaṁ vrajet |,श्रुत्वान्यवर्णजाद् राजन् वाचकान् नरकं व्रजेत् ।,श्रुत्वान्यवर्णजाद् राजन् वाचकान् नरकꣳ व्रजेत् ।
668,kāṁsyopadohanā kāṁsya-kroḍāḥ | vācakaḥ pūjito yena prasannās tasya devatāḥ | tathā—,कांस्योपदोहना कांस्यक्रोडाः । वाचकः पूजितो येन प्रसन्नास् तस्य देवताः । तथा—,काꣳस्योपदोहना काꣳस्यक्रोडाः । वाचकः पूजितो येन प्रसन्नास् तस्य देवताः । तथा—
670,jñātvā parva-samāptiṁ ca pūjayed vācakaṁ budhaḥ |,ज्ञात्वा पर्वसमाप्तिं च पूजयेद् वाचकं बुधः ।,ज्ञात्वा पर्वसमाप्तिꣳ च पूजयेद् वाचकꣳ बुधः ।
671,ātmānam api vikrīya sa icchet saphalaṁ kratum ||,आत्मानम् अपि विक्रीय स इच्छेत् सफलं क्रतुम् ॥,आत्मानम् अपि विक्रीय स इच्छेत् सफलꣳ क्रतुम् ॥
674,vispaṣṭam adrutaṁ śāntaṁ spaṣṭākṣara-padaṁ tathā |,विस्पष्टम् अद्रुतं शान्तं स्पष्टाक्षरपदं तथा ।,विस्पष्टम् अद्रुतꣳ शान्तꣳ स्पष्टाक्षरपदꣳ तथा ।
675,kala-svara-samāyuktaṁ rasa-bhāva-samanvitam |,कलस्वरसमायुक्तं रसभावसमन्वितम् ।,कलस्वरसमायुक्तꣳ रसभावसमन्वितम् ।
676,budhyamānaḥ sadā hy arthaṁ granthārthaṁ kṛtsnaśo nṛpa |,बुध्यमानः सदा ह्य् अर्थं ग्रन्थार्थं कृत्स्नशो नृप ।,बुध्यमानः सदा ह्य् अर्थꣳ ग्रन्थार्थꣳ कृत्स्नशो नृप ।
677,brāhmaṇādiṣu sarveṣu granthārthaṁ cārpayen nṛpa |,ब्राह्मणादिषु सर्वेषु ग्रन्थार्थं चार्पयेन् नृप ।,ब्राह्मणादिषु सर्वेषु ग्रन्थार्थꣳ चार्पयेन् नृप ।
678,ya evaṁ vācayed vidvān sa vipro vyāsa ucyate ||,य एवं वाचयेद् विद्वान् स विप्रो व्यास उच्यते ॥,य एवꣳ वाचयेद् विद्वान् स विप्रो व्यास उच्यते ॥
681,sapta-svara-samāyuktaṁ kāle kāle viśāmpate |,सप्तस्वरसमायुक्तं काले काले विशाम्पते ।,सप्तस्वरसमायुक्तꣳ काले काले विशाम्पते ।
686,"krama-bhedaḥ—upakramopasaṁhāra-viśeṣa-niyamita ānupūrvī-viśeṣaḥ | ṛg-ādy-ākhyānupūrvī-viśeṣavattvaṁ veda-pada-pravṛtti-nimittam, svara-viśeṣeṇādhyayana-vidhi-viṣayatāvacchedakam, śūdrasyādhyayana-śravaṇādi-niṣedha-viṣayatāvacchedakaṁ ca | purāṇādy-ānupūrvīmattvaṁ ca, śūdrādhyayana-niṣedha-viṣayatāvacchedakam, śravaṇa-vidhi-viṣayatāvacchedakaṁ ceti veda-purāṇādyor apauruṣeyatvāviśe’pi bheda-nirdeśaḥ | viśiṣṭaikārtha-pratipādaka-vācya-kadambānāṁ kenāpi pramāṇena loke prāg-anavagatārtha-parāṇām apauruṣeyāṇāṁ vedatvam | purāṇādīnāṁ ca parama-dayālunā bhagavatā svayaṁ strī-śūdra-brahma-bandhūnāṁ śravaṇādy-arthaṁ vedād anantaroktānāṁ vedād avagatārtha-bodhakatayā na tatra veda-śabdasya mukhyā vṛttiḥ, kintu gauṇī vṛttiḥ | tathā bhede’pi mukhya-gauṇa-veda-śabda-pratipāditānāṁ veda-purāṇetihāsānām eka-granthatvam, brahma-vedana-rūpaika-pratipatti-rūpatvāt | sarve vedā yat padam āmananti iti śruteḥ | veda-purāṇetihāsānām abhede’pi na vedam apekṣya purāṇetihāsayor nyūnatvam | paraṁ tu tulya-pradhāna-bhāvaḥ | apauruṣeyatvena svataḥ pramāṇatā-taulyāt | ","क्रमभेदः—उपक्रमोपसंहारविशेषनियमित आनुपूर्वीविशेषः । ऋगाद्याख्यानुपूर्वीविशेषवत्त्वं वेदपदप्रवृत्तिनिमित्तम्, स्वरविशेषेणाध्ययनविधिविषयतावच्छेदकम्, शूद्रस्याध्ययनश्रवणादिनिषेधविषयतावच्छेदकं च । पुराणाद्यानुपूर्वीमत्त्वं च, शूद्राध्ययननिषेधविषयतावच्छेदकम्, श्रवणविधिविषयतावच्छेदकं चेति वेदपुराणाद्योर् अपौरुषेयत्वाविशेऽपि भेदनिर्देशः । विशिष्टैकार्थप्रतिपादकवाच्यकदम्बानां केनापि प्रमाणेन लोके प्रागनवगतार्थपराणाम् अपौरुषेयाणां वेदत्वम् । पुराणादीनां च परमदयालुना भगवता स्वयं स्त्रीशूद्रब्रह्मबन्धूनां श्रवणाद्यर्थं वेदाद् अनन्तरोक्तानां वेदाद् अवगतार्थबोधकतया न तत्र वेदशब्दस्य मुख्या वृत्तिः, किन्तु गौणी वृत्तिः । तथा भेदेऽपि मुख्यगौणवेदशब्दप्रतिपादितानां वेदपुराणेतिहासानाम् एकग्रन्थत्वम्, ब्रह्मवेदनरूपैकप्रतिपत्तिरूपत्वात् । सर्वे वेदा यत् पदम् आमनन्ति इति श्रुतेः । वेदपुराणेतिहासानाम् अभेदेऽपि न वेदम् अपेक्ष्य पुराणेतिहासयोर् न्यूनत्वम् । परं तु तुल्यप्रधानभावः । अपौरुषेयत्वेन स्वतः प्रमाणतातौल्यात् । ","क्रमभेदः—उपक्रमोपसꣳहारविशेषनियमित आनुपूर्वीविशेषः । ऋगाद्याख्यानुपूर्वीविशेषवत्त्वꣳ वेदपदप्रवृत्तिनिमित्तम्, स्वरविशेषेणाध्ययनविधिविषयतावच्छेदकम्, शूद्रस्याध्ययनश्रवणादिनिषेधविषयतावच्छेदकꣳ च । पुराणाद्यानुपूर्वीमत्त्वꣳ च, शूद्राध्ययननिषेधविषयतावच्छेदकम्, श्रवणविधिविषयतावच्छेदकꣳ चेति वेदपुराणाद्योर् अपौरुषेयत्वाविशेऽपि भेदनिर्देशः । विशिष्टैकार्थप्रतिपादकवाच्यकदम्बानाꣳ केनापि प्रमाणेन लोके प्रागनवगतार्थपराणाम् अपौरुषेयाणाꣳ वेदत्वम् । पुराणादीनाꣳ च परमदयालुना भगवता स्वयꣳ स्त्रीशूद्रब्रह्मबन्धूनाꣳ श्रवणाद्यर्थꣳ वेदाद् अनन्तरोक्तानाꣳ वेदाद् अवगतार्थबोधकतया न तत्र वेदशब्दस्य मुख्या वृत्तिः, किन्तु गौणी वृत्तिः । तथा भेदेऽपि मुख्यगौणवेदशब्दप्रतिपादितानाꣳ वेदपुराणेतिहासानाम् एकग्रन्थत्वम्, ब्रह्मवेदनरूपैकप्रतिपत्तिरूपत्वात् । सर्वे वेदा यत् पदम् आमनन्ति इति श्रुतेः । वेदपुराणेतिहासानाम् अभेदेऽपि न वेदम् अपेक्ष्य पुराणेतिहासयोर् न्यूनत्वम् । परꣳ तु तुल्यप्रधानभावः । अपौरुषेयत्वेन स्वतः प्रमाणतातौल्यात् । "
688,"yad vā, veda-śabdasya śakti-dvayī | ekā ṛg-ādy-ānupūrvī-viśeṣa-rūpeṇa, aparā ca apauruṣeyatvena ṛg-ādi-veda-catuṣṭaya-purāṇetihāsa-sādhāraṇī | iti vṛtti-dvaya-svīkāra-phalaṁ coktam evāvadheyam | atra veda-purāṇaṁ nāma—vedotthāpitākāṅkṣā-nivartanam | tad uktaṁ—arthaikyād ekaṁ vākyaṁ sākāṅgkṣaṁ ced vibhāge syāt iti | arthaikyaṁ—tātparya-viṣayārtha-pratipatter aikyam | veda-sthale tātparya-viṣaya-pratipattir brahma-tattva-nirṇayaḥ | ekaṁ vākyaṁ—eko granthaḥ | vibhāge granthayoḥ pṛthag-upanyāse’pi | atrākāṅkṣā—vedārtha-pratītau satyāṁ tatrāsambhāvanādinā katham etad-artha-saṅgatiḥ ? iti śiṣya-jijñāsā | tan-nivṛttiś ca purāṇetihāsābhyāṁ kriyate iti vedam apekṣya purāṇetihāsayor utkarṣa-pratītir iti veda-purāṇayor eka-granthatve purāṇetihāsayor vedārtha-saṅgrāhakatvena panuruktya-doṣa iti parāstam | veda-catuṣṭayārtha-vivaraṇa-rūpatvāt tayor iti ||12||","यद् वा, वेदशब्दस्य शक्तिद्वयी । एका ऋगाद्यानुपूर्वीविशेषरूपेण, अपरा च अपौरुषेयत्वेन ऋगादिवेदचतुष्टयपुराणेतिहाससाधारणी । इति वृत्तिद्वयस्वीकारफलं चोक्तम् एवावधेयम् । अत्र वेदपुराणं नाम—वेदोत्थापिताकाङ्क्षानिवर्तनम् । तद् उक्तं—अर्थैक्याद् एकं वाक्यं साकाङ्ग्क्षं चेद् विभागे स्यात् इति । अर्थैक्यं—तात्पर्यविषयार्थप्रतिपत्तेर् ऐक्यम् । वेदस्थले तात्पर्यविषयप्रतिपत्तिर् ब्रह्मतत्त्वनिर्णयः । एकं वाक्यं—एको ग्रन्थः । विभागे ग्रन्थयोः पृथगुपन्यासेऽपि । अत्राकाङ्क्षा—वेदार्थप्रतीतौ सत्यां तत्रासम्भावनादिना कथम् एतदर्थसङ्गतिः ? इति शिष्यजिज्ञासा । तन्निवृत्तिश् च पुराणेतिहासाभ्यां क्रियते इति वेदम् अपेक्ष्य पुराणेतिहासयोर् उत्कर्षप्रतीतिर् इति वेदपुराणयोर् एकग्रन्थत्वे पुराणेतिहासयोर् वेदार्थसङ्ग्राहकत्वेन पनुरुक्त्यदोष इति परास्तम् । वेदचतुष्टयार्थविवरणरूपत्वात् तयोर् इति ॥१२॥","यद् वा, वेदशब्दस्य शक्तिद्वयी । एका ऋगाद्यानुपूर्वीविशेषरूपेण, अपरा च अपौरुषेयत्वेन ऋगादिवेदचतुष्टयपुराणेतिहाससाधारणी । इति वृत्तिद्वयस्वीकारफलꣳ चोक्तम् एवावधेयम् । अत्र वेदपुराणꣳ नाम—वेदोत्थापिताकाङ्क्षानिवर्तनम् । तद् उक्तꣳ—अर्थैक्याद् एकꣳ वाक्यꣳ साकाङ्ग्क्षꣳ चेद् विभागे स्यात् इति । अर्थैक्यꣳ—तात्पर्यविषयार्थप्रतिपत्तेर् ऐक्यम् । वेदस्थले तात्पर्यविषयप्रतिपत्तिर् ब्रह्मतत्त्वनिर्णयः । एकꣳ वाक्यꣳ—एको ग्रन्थः । विभागे ग्रन्थयोः पृथगुपन्यासेऽपि । अत्राकाङ्क्षा—वेदार्थप्रतीतौ सत्याꣳ तत्रासम्भावनादिना कथम् एतदर्थसङ्गतिः ? इति शिष्यजिज्ञासा । तन्निवृत्तिश् च पुराणेतिहासाभ्याꣳ क्रियते इति वेदम् अपेक्ष्य पुराणेतिहासयोर् उत्कर्षप्रतीतिर् इति वेदपुराणयोर् एकग्रन्थत्वे पुराणेतिहासयोर् वेदार्थसङ्ग्राहकत्वेन पनुरुक्त्यदोष इति परास्तम् । वेदचतुष्टयार्थविवरणरूपत्वात् तयोर् इति ॥१२॥"
690,gaura-kiśora-gosvāmī: ādau śabdātmaka-vedasya prāmāṇyaṁ vyavasthāpya tad-anantaraṁ tad-artha-nirṇāyka-purāṇasya prāmāṇyaṁ siddhānta-mukhena pūrvapakṣa-vākyāni samādhāya ghoṣayati—tatra ca ity-ādinā | idam atrākutaḥ—bhaved etad evaṁ purāṇa-prāmāṇyānveṣaṇaṁ kāryaṁ yadi vedasyāprāptyāśaṅkā | purāṇasya asmāt pṛthak śāstratvaṁ vā syāt | vedasya vartamānatve vedārtha-vyākhyātṝṇāṁ munīnāṁ ca prasiddhatve vedārtha-nirṇāyaka-purāṇasya prāmāṇyāveṣaṇā-pravṛtteḥ kutaḥ sambhāvanā ? sākṣād vedenaiva sarva-prayojanānāṁ siddhatvāt | atra siddhāntam āha—“veda-śāstrasya samprati” ity-ādinā “vedārtha-nirṇāyakaś cetihāsa-purāṇātmakaḥ śabda eva vicāraṇīyaḥ” ity anteneti |,गौरकिशोरगोस्वामी: आदौ शब्दात्मकवेदस्य प्रामाण्यं व्यवस्थाप्य तदनन्तरं तदर्थनिर्णाय्कपुराणस्य प्रामाण्यं सिद्धान्तमुखेन पूर्वपक्षवाक्यानि समाधाय घोषयति—तत्र च इत्यादिना । इदम् अत्राकुतः—भवेद् एतद् एवं पुराणप्रामाण्यान्वेषणं कार्यं यदि वेदस्याप्राप्त्याशङ्का । पुराणस्य अस्मात् पृथक् शास्त्रत्वं वा स्यात् । वेदस्य वर्तमानत्वे वेदार्थव्याख्यातॄणां मुनीनां च प्रसिद्धत्वे वेदार्थनिर्णायकपुराणस्य प्रामाण्यावेषणाप्रवृत्तेः कुतः सम्भावना ? साक्षाद् वेदेनैव सर्वप्रयोजनानां सिद्धत्वात् । अत्र सिद्धान्तम् आह—“वेदशास्त्रस्य सम्प्रति” इत्यादिना “वेदार्थनिर्णायकश् चेतिहासपुराणात्मकः शब्द एव विचारणीयः” इत्य् अन्तेनेति ।,गौरकिशोरगोस्वामी: आदौ शब्दात्मकवेदस्य प्रामाण्यꣳ व्यवस्थाप्य तदनन्तरꣳ तदर्थनिर्णाय्कपुराणस्य प्रामाण्यꣳ सिद्धान्तमुखेन पूर्वपक्षवाक्यानि समाधाय घोषयति—तत्र च इत्यादिना । इदम् अत्राकुतः—भवेद् एतद् एवꣳ पुराणप्रामाण्यान्वेषणꣳ कार्यꣳ यदि वेदस्याप्राप्त्याशङ्का । पुराणस्य अस्मात् पृथक् शास्त्रत्वꣳ वा स्यात् । वेदस्य वर्तमानत्वे वेदार्थव्याख्यातॄणाꣳ मुनीनाꣳ च प्रसिद्धत्वे वेदार्थनिर्णायकपुराणस्य प्रामाण्यावेषणाप्रवृत्तेः कुतः सम्भावना ? साक्षाद् वेदेनैव सर्वप्रयोजनानाꣳ सिद्धत्वात् । अत्र सिद्धान्तम् आह—“वेदशास्त्रस्य सम्प्रति” इत्यादिना “वेदार्थनिर्णायकश् चेतिहासपुराणात्मकः शब्द एव विचारणीयः” इत्य् अन्तेनेति ।
692,samprati kalau yuge janānām alpāyuṣṭvāt kaleḥ prabhāvāt hīna-buddhitvāc ca vedasya ca duṣpāratvt duradhigamārthatvaṁ ceti jñeyam | tathā coktaṁ—,सम्प्रति कलौ युगे जनानाम् अल्पायुष्ट्वात् कलेः प्रभावात् हीनबुद्धित्वाच् च वेदस्य च दुष्पारत्व्त् दुरधिगमार्थत्वं चेति ज्ञेयम् । तथा चोक्तं—,सम्प्रति कलौ युगे जनानाम् अल्पायुष्ट्वात् कलेः प्रभावात् हीनबुद्धित्वाच् च वेदस्य च दुष्पारत्व्त् दुरधिगमार्थत्वꣳ चेति ज्ञेयम् । तथा चोक्तꣳ—
694,janma-saṁskāra-vidyādeḥ śakteḥ svādhyāya-karmaṇoḥ |,जन्मसंस्कारविद्यादेः शक्तेः स्वाध्यायकर्मणोः ।,जन्मसꣳस्कारविद्यादेः शक्तेः स्वाध्यायकर्मणोः ।
697,"ataḥ purāṇasya prayojanavatvam iti bhāvaḥ | ye ke ca vedāt purāṇasya pṛthak-śāstratvaṁ parikalpya asya prāmāṇyaṁ nirasyanti, teṣāṁ mata-vimardanāya vedena sahāsyābhinnatvaṁ sthāpayati, tatra ca yo vā veda śabdaḥ iti | nigūḍhārthatvenāsyāspaṣṭāṁśasya spaṣṭīkaraṇāya tathā vedasya pūraṇāya purāṇasyopayogaḥ | tad uktaṁ śrī-mahābhārate pūraṇāt purāṇam iti | vedaṁ samupabṛṁhayet iti | vedārtaṁ spaṣṭīkuryād ity arthaḥ | aparipūrṇāṁśasya hi samajātīya-vastunā pūraṇaṁ lokānāṁ rītiḥ | anyathā na ca tat pūraṇa-pada-vācyam | tad dhi dṛśyate saha samajātīyatvaṁ siddham | tad dhīdaṁ vākyaṁ na cāvedeneti trapuṇā sīsakena | purāṇasya veda-rūpatāyāḥ svīkāre’pi vedasya purāṇāt vaiśiṣṭyaṁ na hīyate | ubhayor apauruṣeyatvād abhede’pi svara-krama-bhedo vartate | ato—“vaiśiṣṭyaikārthyaiḥ” iti sandarbhaḥ | purāṇasya veda-rūpatvaṁ na kevalam anumānenaivopanyastam, api tu śruti-baleneti, vedena sahaikasmāt puruṣottamāt samudbhūtatvāt vedavat purāṇasyāpi apauruṣeyatvaṁ jñeyam | ataḥ tattvato vedāt abhinnaṁ purāṇaṁ vedavat pramāṇam | asya vā mahato bhūtasya [bṛ.ā.u. 2.4.10] iti śruteḥ ||12||","अतः पुराणस्य प्रयोजनवत्वम् इति भावः । ये के च वेदात् पुराणस्य पृथक्शास्त्रत्वं परिकल्प्य अस्य प्रामाण्यं निरस्यन्ति, तेषां मतविमर्दनाय वेदेन सहास्याभिन्नत्वं स्थापयति, तत्र च यो वा वेद शब्दः इति । निगूढार्थत्वेनास्यास्पष्टांशस्य स्पष्टीकरणाय तथा वेदस्य पूरणाय पुराणस्योपयोगः । तद् उक्तं श्रीमहाभारते पूरणात् पुराणम् इति । वेदं समुपबृंहयेत् इति । वेदार्तं स्पष्टीकुर्याद् इत्य् अर्थः । अपरिपूर्णांशस्य हि समजातीयवस्तुना पूरणं लोकानां रीतिः । अन्यथा न च तत् पूरणपदवाच्यम् । तद् धि दृश्यते सह समजातीयत्वं सिद्धम् । तद् धीदं वाक्यं न चावेदेनेति त्रपुणा सीसकेन । पुराणस्य वेदरूपतायाः स्वीकारेऽपि वेदस्य पुराणात् वैशिष्ट्यं न हीयते । उभयोर् अपौरुषेयत्वाद् अभेदेऽपि स्वरक्रमभेदो वर्तते । अतो—“वैशिष्ट्यैकार्थ्यैः” इति सन्दर्भः । पुराणस्य वेदरूपत्वं न केवलम् अनुमानेनैवोपन्यस्तम्, अपि तु श्रुतिबलेनेति, वेदेन सहैकस्मात् पुरुषोत्तमात् समुद्भूतत्वात् वेदवत् पुराणस्यापि अपौरुषेयत्वं ज्ञेयम् । अतः तत्त्वतो वेदात् अभिन्नं पुराणं वेदवत् प्रमाणम् । अस्य वा महतो भूतस्य [बृ.आ.उ. २.४.१०] इति श्रुतेः ॥१२॥","अतः पुराणस्य प्रयोजनवत्वम् इति भावः । ये के च वेदात् पुराणस्य पृथक्शास्त्रत्वꣳ परिकल्प्य अस्य प्रामाण्यꣳ निरस्यन्ति, तेषाꣳ मतविमर्दनाय वेदेन सहास्याभिन्नत्वꣳ स्थापयति, तत्र च यो वा वेद शब्दः इति । निगूढार्थत्वेनास्यास्पष्टाꣳशस्य स्पष्टीकरणाय तथा वेदस्य पूरणाय पुराणस्योपयोगः । तद् उक्तꣳ श्रीमहाभारते पूरणात् पुराणम् इति । वेदꣳ समुपबृꣳहयेत् इति । वेदार्तꣳ स्पष्टीकुर्याद् इत्य् अर्थः । अपरिपूर्णाꣳशस्य हि समजातीयवस्तुना पूरणꣳ लोकानाꣳ रीतिः । अन्यथा न च तत् पूरणपदवाच्यम् । तद् धि दृश्यते सह समजातीयत्वꣳ सिद्धम् । तद् धीदꣳ वाक्यꣳ न चावेदेनेति त्रपुणा सीसकेन । पुराणस्य वेदरूपतायाः स्वीकारेऽपि वेदस्य पुराणात् वैशिष्ट्यꣳ न हीयते । उभयोर् अपौरुषेयत्वाद् अभेदेऽपि स्वरक्रमभेदो वर्तते । अतो—“वैशिष्ट्यैकार्थ्यैः” इति सन्दर्भः । पुराणस्य वेदरूपत्वꣳ न केवलम् अनुमानेनैवोपन्यस्तम्, अपि तु श्रुतिबलेनेति, वेदेन सहैकस्मात् पुरुषोत्तमात् समुद्भूतत्वात् वेदवत् पुराणस्यापि अपौरुषेयत्वꣳ ज्ञेयम् । अतः तत्त्वतो वेदात् अभिन्नꣳ पुराणꣳ वेदवत् प्रमाणम् । अस्य वा महतो भूतस्य [बृ.आ.उ. २.४.१०] इति श्रुतेः ॥१२॥"
705,purā tapaś cacārogram amarāṇāṁ pitāmahaḥ |,पुरा तपश् चचारोग्रम् अमराणां पितामहः ।,पुरा तपश् चचारोग्रम् अमराणाꣳ पितामहः ।
707,tataḥ purāṇam akhilaṁ sarva-śāstra-mayaṁ dhruvam |,ततः पुराणम् अखिलं सर्वशास्त्रमयं ध्रुवम् ।,ततः पुराणम् अखिलꣳ सर्वशास्त्रमयꣳ ध्रुवम् ।
708,nitya-śabda-mayaṁ puṇyaṁ śata-koṭi-pravistaram ||,नित्यशब्दमयं पुण्यं शतकोटिप्रविस्तरम् ॥,नित्यशब्दमयꣳ पुण्यꣳ शतकोटिप्रविस्तरम् ॥
709,nirgataṁ brahmaṇo vaktrāt tasya bhedān nibodhata |,निर्गतं ब्रह्मणो वक्त्रात् तस्य भेदान् निबोधत ।,निर्गतꣳ ब्रह्मणो वक्त्रात् तस्य भेदान् निबोधत ।
710,brāhmyaṁ purāṇaṁ prathamaṁ [ska.pu. 2.3-5]ity-ādi |,ब्राह्म्यं पुराणं प्रथमं [स्क.पु. २.३-५]इत्यादि ।,ब्राह्म्यꣳ पुराणꣳ प्रथमꣳ [स्क.पु. २.३-५]इत्यादि ।
714,itihāsa-purāṇāni pañcamaṁ vedam īśvaraḥ |,इतिहासपुराणानि पञ्चमं वेदम् ईश्वरः ।,इतिहासपुराणानि पञ्चमꣳ वेदम् ईश्वरः ।
717,api cātra sākṣād eva veda-śabdaḥ prayuktaḥ purāṇetihāsayoḥ | anyatra ca—purāṇaṁ pañcamo vedaḥ | itihāsaḥ purāṇaṁ ca pañcamo veda ucyate [bhā.pu. 1.4.20] | vedān adhyāpayāmāsa mahābhārata-pañcamān [ma.bhā. 12.340.11] ity ādau | ,अपि चात्र साक्षाद् एव वेदशब्दः प्रयुक्तः पुराणेतिहासयोः । अन्यत्र च—पुराणं पञ्चमो वेदः । इतिहासः पुराणं च पञ्चमो वेद उच्यते [भा.पु. १.४.२०] । वेदान् अध्यापयामास महाभारतपञ्चमान् [म.भा. १२.३४०.११] इत्य् आदौ । ,अपि चात्र साक्षाद् एव वेदशब्दः प्रयुक्तः पुराणेतिहासयोः । अन्यत्र च—पुराणꣳ पञ्चमो वेदः । इतिहासः पुराणꣳ च पञ्चमो वेद उच्यते [भा.पु. १.४.२०] । वेदान् अध्यापयामास महाभारतपञ्चमान् [म.भा. १२.३४०.११] इत्य् आदौ । 
719,"anyathā vedān ityādāv api pañcamatvaṁ nāvakalpeta samāna-jātīya-niveśitatvāt saṅkhyāyāḥ |bhaviṣya-purāṇe—kārṣṇaṁ ca pañcamaṁ vedaṁ yan mahābhārataṁ smṛtam iti | tathā casāma-kauthumīya-śākhāyāṁ chāndogyopaniṣadica—ṛg-vedaṁ bhagavo’dhyemi yajur-vedaṁ sāma-vedam ātharvaṇaṁ caturtham itihāsaṁ purāṇaṁ pañcamaṁ vedānāṁ vedaṁ [chā.u. 7.1.2] ity-ādi | ata eva,asya mahato bhūtasya [bṛ.ā.u. 2.4.10] ity ādāv itihāsa-purāṇayoś caturṇām evāntarbhūtatva-kalpanayā prasiddha-pratyākhyānaṁ nirastam | tad uktaṁ—brāhmaṁ purāṇaṁ prathamam ity-ādi ||13||","अन्यथा वेदान् इत्यादाव् अपि पञ्चमत्वं नावकल्पेत समानजातीयनिवेशितत्वात् सङ्ख्यायाः ।भविष्यपुराणे—कार्ष्णं च पञ्चमं वेदं यन् महाभारतं स्मृतम् इति । तथा चसामकौथुमीयशाखायां छान्दोग्योपनिषदिच—ऋग्वेदं भगवोऽध्येमि यजुर्वेदं सामवेदम् आथर्वणं चतुर्थम् इतिहासं पुराणं पञ्चमं वेदानां वेदं [छा.उ. ७.१.२] इत्यादि । अत एव,अस्य महतो भूतस्य [बृ.आ.उ. २.४.१०] इत्य् आदाव् इतिहासपुराणयोश् चतुर्णाम् एवान्तर्भूतत्वकल्पनया प्रसिद्धप्रत्याख्यानं निरस्तम् । तद् उक्तं—ब्राह्मं पुराणं प्रथमम् इत्यादि ॥१३॥","अन्यथा वेदान् इत्यादाव् अपि पञ्चमत्वꣳ नावकल्पेत समानजातीयनिवेशितत्वात् सङ्ख्यायाः ।भविष्यपुराणे—कार्ष्णꣳ च पञ्चमꣳ वेदꣳ यन् महाभारतꣳ स्मृतम् इति । तथा चसामकौथुमीयशाखायाꣳ छान्दोग्योपनिषदिच—ऋग्वेदꣳ भगवोऽध्येमि यजुर्वेदꣳ सामवेदम् आथर्वणꣳ चतुर्थम् इतिहासꣳ पुराणꣳ पञ्चमꣳ वेदानाꣳ वेदꣳ [छा.उ. ७.१.२] इत्यादि । अत एव,अस्य महतो भूतस्य [बृ.आ.उ. २.४.१०] इत्य् आदाव् इतिहासपुराणयोश् चतुर्णाम् एवान्तर्भूतत्वकल्पनया प्रसिद्धप्रत्याख्यानꣳ निरस्तम् । तद् उक्तꣳ—ब्राह्मꣳ पुराणꣳ प्रथमम् इत्यादि ॥१३॥"
721,sarva-saṁvādinī : na vyākhyātam.,सर्वसंवादिनी : न व्याख्यातम्।,सर्वसꣳवादिनी : न व्याख्यातम्.
723,"baladevaḥ : puretyādau vedānāṁ purāṇānāṁ cāvirbhāva uktaḥ | sasṛje āvirbhāvayāmāsa | samāneti yajña-datta-pañcamān viprān āmantrayasva itivat | kārṣṇam iti kṛṣṇena vyāsenoktam ity arthaḥ | ataeveti pañcama-vedatva-śravaṇād evety arthaḥ | caturṇām evāntargate | teṣv eva yat purā-vṛttaṁ yac ca pañca-lakṣaṇam ākhyānam | te eva tad-bhūte grāhye | na tu ye vyāsa-kṛta-tattvena bhuvi khyāte śūdrāṇām api śravye iti karmaṭhair yat kalpitaṁ, tannirastam ity arthaḥ ||13||","बलदेवः : पुरेत्यादौ वेदानां पुराणानां चाविर्भाव उक्तः । ससृजे आविर्भावयामास । समानेति यज्ञदत्तपञ्चमान् विप्रान् आमन्त्रयस्व इतिवत् । कार्ष्णम् इति कृष्णेन व्यासेनोक्तम् इत्य् अर्थः । अतएवेति पञ्चमवेदत्वश्रवणाद् एवेत्य् अर्थः । चतुर्णाम् एवान्तर्गते । तेष्व् एव यत् पुरावृत्तं यच् च पञ्चलक्षणम् आख्यानम् । ते एव तद्भूते ग्राह्ये । न तु ये व्यासकृततत्त्वेन भुवि ख्याते शूद्राणाम् अपि श्रव्ये इति कर्मठैर् यत् कल्पितं, तन्निरस्तम् इत्य् अर्थः ॥१३॥","बलदेवः : पुरेत्यादौ वेदानाꣳ पुराणानाꣳ चाविर्भाव उक्तः । ससृजे आविर्भावयामास । समानेति यज्ञदत्तपञ्चमान् विप्रान् आमन्त्रयस्व इतिवत् । कार्ष्णम् इति कृष्णेन व्यासेनोक्तम् इत्य् अर्थः । अतएवेति पञ्चमवेदत्वश्रवणाद् एवेत्य् अर्थः । चतुर्णाम् एवान्तर्गते । तेष्व् एव यत् पुरावृत्तꣳ यच् च पञ्चलक्षणम् आख्यानम् । ते एव तद्भूते ग्राह्ये । न तु ये व्यासकृततत्त्वेन भुवि ख्याते शूद्राणाम् अपि श्रव्ये इति कर्मठैर् यत् कल्पितꣳ, तन्निरस्तम् इत्य् अर्थः ॥१३॥"
725,"rādha-mohana-gosvāmī : samāna-jātīya-niveśitatvād iti | samāna-jātīya eva pūrake’nvayāt, svānvayitāvacchedaka-dharmācchinnenaiva pūraṇād iti yāvat | veda-gata-saṅkhyāyā avedena pūraṇaṁ na bhavatīti paryavasitam | vedānāṁ vedam iti ṛg-ādi-caturṇāṁ vedānām arthāvedakaṁ purāṇam ity arthaḥ | ata eva—śruti-śrutibhir itihāsa-purāṇayoḥ pañcamatva-nirukter eva | antarbhūtatva-kalanayeti—caturṇāṁ vedānām antarbhūtatva-kalpanaṁ—asya mahato bhūtasya [bṛ.ā.u. 2.4.10]—ṛg-vedaḥ prathamaḥ, tato yajur-vedaḥ, tataḥ sāma-vedaḥ, tato’tharvāṅgirasaḥ, atharva-vedaḥ | teṣv itihāsa-purāṇam iti śruty-artha-kalpanāt | tatrāyam abhiprāyaḥ—tasmāt tapas tepānāc catvāro vedā ajāyanta, ṛcaḥ sāmāni jajñire ity atra sāmānyato veda-catuṣṭayatvam uktvā tad-vivaraṇaṁ—ṛca ity-ādi | tapas tepanāt īśvarāt | tathā “mahato bhūtasya” iti śrutāv api veda-catuṣṭaya-kathanānantaraṁ tad-ghaṭaketihāsa-purāṇam āha—anyathā na vā—asya mahato bhūtasya iti śrutau itihāsaḥ purāṇam ity anantaram, “vidyā upaniṣad” ity-ādi-śravaṇāt vidyopaniṣām api veda-catuṣṭayānantargatatvāpattiḥ, prasiddha-bhāratādītihāsa-brāhmādi-purāṇānāṁ vedārtha-saṅgrāhakatvena vyāsādi-kṛtatvena na prasiddhir na teṣām apauruṣeyatvam, tathā ṛg-ādi-veda-madhye, saṁyuṁ prajāpatiṁ devā abruvan ity ādy upakramya, yo brāhmaṇāyāvaguret taṁ śatena yātayeti ity-ādi-śruteḥ, avacanenaiva provāca ity-ādi śruteś cetihāsa-rūpatvāt | yato vā imāni bhūtāni jāyanta ity-ādi-śruteḥ, etasmād ātmana ākāśaḥ sambhūtaḥ ity-ādi-śruteḥ | sa brahmaṇā sṛjati rudr vilāpayati harir ādir anādiḥ ity-ādi-śruteś ca sarga-visarga-nirodha-bhagavad-avatārādi-kathana-lakṣaṇa-purāṇa-rūpatvāc ca keṣāṁcid ucchanna-pracchannatayādhunikānāṁ janānām ajñātatvāt, pracarad-rūpāṇām api durūhatvāt, vyāsena tad-arthān saṅkalayya bhāratādītihāsa-purāṇāni kṛtānīti bodhyam | ","राधमोहनगोस्वामी : समानजातीयनिवेशितत्वाद् इति । समानजातीय एव पूरकेऽन्वयात्, स्वान्वयितावच्छेदकधर्माच्छिन्नेनैव पूरणाद् इति यावत् । वेदगतसङ्ख्याया अवेदेन पूरणं न भवतीति पर्यवसितम् । वेदानां वेदम् इति ऋगादिचतुर्णां वेदानाम् अर्थावेदकं पुराणम् इत्य् अर्थः । अत एव—श्रुतिश्रुतिभिर् इतिहासपुराणयोः पञ्चमत्वनिरुक्तेर् एव । अन्तर्भूतत्वकलनयेति—चतुर्णां वेदानाम् अन्तर्भूतत्वकल्पनं—अस्य महतो भूतस्य [बृ.आ.उ. २.४.१०]—ऋग्वेदः प्रथमः, ततो यजुर्वेदः, ततः सामवेदः, ततोऽथर्वाङ्गिरसः, अथर्ववेदः । तेष्व् इतिहासपुराणम् इति श्रुत्यर्थकल्पनात् । तत्रायम् अभिप्रायः—तस्मात् तपस् तेपानाच् चत्वारो वेदा अजायन्त, ऋचः सामानि जज्ञिरे इत्य् अत्र सामान्यतो वेदचतुष्टयत्वम् उक्त्वा तद्विवरणं—ऋच इत्यादि । तपस् तेपनात् ईश्वरात् । तथा “महतो भूतस्य” इति श्रुताव् अपि वेदचतुष्टयकथनानन्तरं तद्घटकेतिहासपुराणम् आह—अन्यथा न वा—अस्य महतो भूतस्य इति श्रुतौ इतिहासः पुराणम् इत्य् अनन्तरम्, “विद्या उपनिषद्” इत्यादिश्रवणात् विद्योपनिषाम् अपि वेदचतुष्टयानन्तर्गतत्वापत्तिः, प्रसिद्धभारतादीतिहासब्राह्मादिपुराणानां वेदार्थसङ्ग्राहकत्वेन व्यासादिकृतत्वेन न प्रसिद्धिर् न तेषाम् अपौरुषेयत्वम्, तथा ऋगादिवेदमध्ये, संयुं प्रजापतिं देवा अब्रुवन् इत्य् आद्य् उपक्रम्य, यो ब्राह्मणायावगुरेत् तं शतेन यातयेति इत्यादिश्रुतेः, अवचनेनैव प्रोवाच इत्यादि श्रुतेश् चेतिहासरूपत्वात् । यतो वा इमानि भूतानि जायन्त इत्यादिश्रुतेः, एतस्माद् आत्मन आकाशः सम्भूतः इत्यादिश्रुतेः । स ब्रह्मणा सृजति रुद्र् विलापयति हरिर् आदिर् अनादिः इत्यादिश्रुतेश् च सर्गविसर्गनिरोधभगवदवतारादिकथनलक्षणपुराणरूपत्वाच् च केषांचिद् उच्छन्नप्रच्छन्नतयाधुनिकानां जनानाम् अज्ञातत्वात्, प्रचरद्रूपाणाम् अपि दुरूहत्वात्, व्यासेन तदर्थान् सङ्कलय्य भारतादीतिहासपुराणानि कृतानीति बोध्यम् । ","राधमोहनगोस्वामी : समानजातीयनिवेशितत्वाद् इति । समानजातीय एव पूरकेऽन्वयात्, स्वान्वयितावच्छेदकधर्माच्छिन्नेनैव पूरणाद् इति यावत् । वेदगतसङ्ख्याया अवेदेन पूरणꣳ न भवतीति पर्यवसितम् । वेदानाꣳ वेदम् इति ऋगादिचतुर्णाꣳ वेदानाम् अर्थावेदकꣳ पुराणम् इत्य् अर्थः । अत एव—श्रुतिश्रुतिभिर् इतिहासपुराणयोः पञ्चमत्वनिरुक्तेर् एव । अन्तर्भूतत्वकलनयेति—चतुर्णाꣳ वेदानाम् अन्तर्भूतत्वकल्पनꣳ—अस्य महतो भूतस्य [बृ.आ.उ. २.४.१०]—ऋग्वेदः प्रथमः, ततो यजुर्वेदः, ततः सामवेदः, ततोऽथर्वाङ्गिरसः, अथर्ववेदः । तेष्व् इतिहासपुराणम् इति श्रुत्यर्थकल्पनात् । तत्रायम् अभिप्रायः—तस्मात् तपस् तेपानाच् चत्वारो वेदा अजायन्त, ऋचः सामानि जज्ञिरे इत्य् अत्र सामान्यतो वेदचतुष्टयत्वम् उक्त्वा तद्विवरणꣳ—ऋच इत्यादि । तपस् तेपनात् ईश्वरात् । तथा “महतो भूतस्य” इति श्रुताव् अपि वेदचतुष्टयकथनानन्तरꣳ तद्घटकेतिहासपुराणम् आह—अन्यथा न वा—अस्य महतो भूतस्य इति श्रुतौ इतिहासः पुराणम् इत्य् अनन्तरम्, “विद्या उपनिषद्” इत्यादिश्रवणात् विद्योपनिषाम् अपि वेदचतुष्टयानन्तर्गतत्वापत्तिः, प्रसिद्धभारतादीतिहासब्राह्मादिपुराणानाꣳ वेदार्थसङ्ग्राहकत्वेन व्यासादिकृतत्वेन न प्रसिद्धिर् न तेषाम् अपौरुषेयत्वम्, तथा ऋगादिवेदमध्ये, सꣳयुꣳ प्रजापतिꣳ देवा अब्रुवन् इत्य् आद्य् उपक्रम्य, यो ब्राह्मणायावगुरेत् तꣳ शतेन यातयेति इत्यादिश्रुतेः, अवचनेनैव प्रोवाच इत्यादि श्रुतेश् चेतिहासरूपत्वात् । यतो वा इमानि भूतानि जायन्त इत्यादिश्रुतेः, एतस्माद् आत्मन आकाशः सम्भूतः इत्यादिश्रुतेः । स ब्रह्मणा सृजति रुद्र् विलापयति हरिर् आदिर् अनादिः इत्यादिश्रुतेश् च सर्गविसर्गनिरोधभगवदवतारादिकथनलक्षणपुराणरूपत्वाच् च केषाꣳचिद् उच्छन्नप्रच्छन्नतयाधुनिकानाꣳ जनानाम् अज्ञातत्वात्, प्रचरद्रूपाणाम् अपि दुरूहत्वात्, व्यासेन तदर्थान् सङ्कलय्य भारतादीतिहासपुराणानि कृतानीति बोध्यम् । "
727,"“prasiddha-pratyākhyānaṁ” prasiddhānāṁ bhārata-brāhmādīnāṁ vedatva-pratyākhyānaṁ nirastam iti | itihāsa-purāṇayoḥ śrutau kramika-jātatvena kathanād itihāsasya pañcamatvam, purāṇasya ṣaṣṭhatvaṁ yadyapi vaktum ucitam, tathāpītihāsa-purāṇayor vedārtha-vivaraṇa-rūpatvenaikyam ādṛtya prathamatvam uktam, svatantrecchatvād bhagavataḥ | śrutau prāg itihāsa-niḥsaraṇaṁ tataḥ purāṇam iti krama-nirdeśāt vyāsena tat-krameṇaiva tayor āvirbhāvanam | tena bhāratānantaram eva purāṇa-saṅgrahaḥ kṛta iti |","“प्रसिद्धप्रत्याख्यानं” प्रसिद्धानां भारतब्राह्मादीनां वेदत्वप्रत्याख्यानं निरस्तम् इति । इतिहासपुराणयोः श्रुतौ क्रमिकजातत्वेन कथनाद् इतिहासस्य पञ्चमत्वम्, पुराणस्य षष्ठत्वं यद्यपि वक्तुम् उचितम्, तथापीतिहासपुराणयोर् वेदार्थविवरणरूपत्वेनैक्यम् आदृत्य प्रथमत्वम् उक्तम्, स्वतन्त्रेच्छत्वाद् भगवतः । श्रुतौ प्राग् इतिहासनिःसरणं ततः पुराणम् इति क्रमनिर्देशात् व्यासेन तत्क्रमेणैव तयोर् आविर्भावनम् । तेन भारतानन्तरम् एव पुराणसङ्ग्रहः कृत इति ।","“प्रसिद्धप्रत्याख्यानꣳ” प्रसिद्धानाꣳ भारतब्राह्मादीनाꣳ वेदत्वप्रत्याख्यानꣳ निरस्तम् इति । इतिहासपुराणयोः श्रुतौ क्रमिकजातत्वेन कथनाद् इतिहासस्य पञ्चमत्वम्, पुराणस्य षष्ठत्वꣳ यद्यपि वक्तुम् उचितम्, तथापीतिहासपुराणयोर् वेदार्थविवरणरूपत्वेनैक्यम् आदृत्य प्रथमत्वम् उक्तम्, स्वतन्त्रेच्छत्वाद् भगवतः । श्रुतौ प्राग् इतिहासनिःसरणꣳ ततः पुराणम् इति क्रमनिर्देशात् व्यासेन तत्क्रमेणैव तयोर् आविर्भावनम् । तेन भारतानन्तरम् एव पुराणसङ्ग्रहः कृत इति ।"
730,bhāratākhyānam akhilaṁ cakre tad-upabṛṁhitam ||,भारताख्यानम् अखिलं चक्रे तदुपबृंहितम् ॥,भारताख्यानम् अखिलꣳ चक्रे तदुपबृꣳहितम् ॥
732,"iti vacanasyārthaḥ—satyavatī-sutaḥ aṣṭādaśa-purāṇaṁ kṛtvā bhāratākhyānam akhilaṁ pūrṇaṁ cakre | khila-śabdasyānarthatvāt | tad-upabṛṁhitaṁ—vedārthair yutam | yad vā, akhilaṁ tad eva lokādi-gata-sarvaṁ bhāratākhyānam, tad-upabṛṁhitaṁ taiḥ purāṇaiḥ | upabṛṁhitaṁ pūrṇaṁ cakre ity anvayaḥ, na tu aṣṭādaśa-purāṇāni kṛtvā bhārataṁ cakre ity anvayaḥ, śruty-ādi-virodhāpatteḥ | ata eva vakṣyamāṇa-garuḍa-purāṇa-bhāgavata-lakṣaṇe—artho’yaṁ brahma-sūtrāṇāṁ bhāratārtha-vinirṇayaḥ ity uktam | tathoktam iti—prasiddha-purāṇasya vedatvam uktam ||13||","इति वचनस्यार्थः—सत्यवतीसुतः अष्टादशपुराणं कृत्वा भारताख्यानम् अखिलं पूर्णं चक्रे । खिलशब्दस्यानर्थत्वात् । तदुपबृंहितं—वेदार्थैर् युतम् । यद् वा, अखिलं तद् एव लोकादिगतसर्वं भारताख्यानम्, तदुपबृंहितं तैः पुराणैः । उपबृंहितं पूर्णं चक्रे इत्य् अन्वयः, न तु अष्टादशपुराणानि कृत्वा भारतं चक्रे इत्य् अन्वयः, श्रुत्यादिविरोधापत्तेः । अत एव वक्ष्यमाणगरुडपुराणभागवतलक्षणे—अर्थोऽयं ब्रह्मसूत्राणां भारतार्थविनिर्णयः इत्य् उक्तम् । तथोक्तम् इति—प्रसिद्धपुराणस्य वेदत्वम् उक्तम् ॥१३॥","इति वचनस्यार्थः—सत्यवतीसुतः अष्टादशपुराणꣳ कृत्वा भारताख्यानम् अखिलꣳ पूर्णꣳ चक्रे । खिलशब्दस्यानर्थत्वात् । तदुपबृꣳहितꣳ—वेदार्थैर् युतम् । यद् वा, अखिलꣳ तद् एव लोकादिगतसर्वꣳ भारताख्यानम्, तदुपबृꣳहितꣳ तैः पुराणैः । उपबृꣳहितꣳ पूर्णꣳ चक्रे इत्य् अन्वयः, न तु अष्टादशपुराणानि कृत्वा भारतꣳ चक्रे इत्य् अन्वयः, श्रुत्यादिविरोधापत्तेः । अत एव वक्ष्यमाणगरुडपुराणभागवतलक्षणे—अर्थोऽयꣳ ब्रह्मसूत्राणाꣳ भारतार्थविनिर्णयः इत्य् उक्तम् । तथोक्तम् इति—प्रसिद्धपुराणस्य वेदत्वम् उक्तम् ॥१३॥"
734,"gaura-kiśora-gosvāmī : purāṇasya prāmāṇya-dṛḍhīkaraṇāya asyaiva tu pañcama-vedatvaṁ nirdiśati | ṣaḍ-aṅga-veda-purāṇānām āvirbhāva-kathām āha—purā iti | anityatvāśaṅkā-nirāsāya āha—nitya-śabda-mayaḥ iti | dhvaṁsa-prāg-abhāva-rahitatvaṁ hi nityatvam | sasṛje āvirbhāvayāmāsa | anyathā karmaja-sṛṣṭi-svīkāra anityatva-prasaṅgāt sva-vacana-virodhaḥ | purāṇasya pañcama-vedatva-jñāpaka-ślokāḥ yathā-krameṇoddhṛtāḥ | purāṇaṁ pañcamaṁ vedam ity ādīni | kārṣṇaḥ kṛṣṇa-dvaipāyaṇa-vyāsena racitaṁ saṅkalitam | na kevalaṁ purāṇa-vacana-balena pañcama-vedatvaṁ vyavasthāpitam, api tu ṛg-vedaṁ bhagavo’dhyemi ity-ādi śrutyā purāṇasya pañcama-vedatvaṁ nirdiṣṭam | purāṇādau śūdrāṇām adhikāra-darśanāt na caiṣāṁ veda-rūpatvam iti yaḥ pūrva-pakṣiṇām ākṣepaḥ so’py anena nirastaḥ ||13||","गौरकिशोरगोस्वामी : पुराणस्य प्रामाण्यदृढीकरणाय अस्यैव तु पञ्चमवेदत्वं निर्दिशति । षडङ्गवेदपुराणानाम् आविर्भावकथाम् आह—पुरा इति । अनित्यत्वाशङ्कानिरासाय आह—नित्यशब्दमयः इति । ध्वंसप्रागभावरहितत्वं हि नित्यत्वम् । ससृजे आविर्भावयामास । अन्यथा कर्मजसृष्टिस्वीकार अनित्यत्वप्रसङ्गात् स्ववचनविरोधः । पुराणस्य पञ्चमवेदत्वज्ञापकश्लोकाः यथाक्रमेणोद्धृताः । पुराणं पञ्चमं वेदम् इत्य् आदीनि । कार्ष्णः कृष्णद्वैपायणव्यासेन रचितं सङ्कलितम् । न केवलं पुराणवचनबलेन पञ्चमवेदत्वं व्यवस्थापितम्, अपि तु ऋग्वेदं भगवोऽध्येमि इत्यादि श्रुत्या पुराणस्य पञ्चमवेदत्वं निर्दिष्टम् । पुराणादौ शूद्राणाम् अधिकारदर्शनात् न चैषां वेदरूपत्वम् इति यः पूर्वपक्षिणाम् आक्षेपः सोऽप्य् अनेन निरस्तः ॥१३॥","गौरकिशोरगोस्वामी : पुराणस्य प्रामाण्यदृढीकरणाय अस्यैव तु पञ्चमवेदत्वꣳ निर्दिशति । षडङ्गवेदपुराणानाम् आविर्भावकथाम् आह—पुरा इति । अनित्यत्वाशङ्कानिरासाय आह—नित्यशब्दमयः इति । ध्वꣳसप्रागभावरहितत्वꣳ हि नित्यत्वम् । ससृजे आविर्भावयामास । अन्यथा कर्मजसृष्टिस्वीकार अनित्यत्वप्रसङ्गात् स्ववचनविरोधः । पुराणस्य पञ्चमवेदत्वज्ञापकश्लोकाः यथाक्रमेणोद्धृताः । पुराणꣳ पञ्चमꣳ वेदम् इत्य् आदीनि । कार्ष्णः कृष्णद्वैपायणव्यासेन रचितꣳ सङ्कलितम् । न केवलꣳ पुराणवचनबलेन पञ्चमवेदत्वꣳ व्यवस्थापितम्, अपि तु ऋग्वेदꣳ भगवोऽध्येमि इत्यादि श्रुत्या पुराणस्य पञ्चमवेदत्वꣳ निर्दिष्टम् । पुराणादौ शूद्राणाम् अधिकारदर्शनात् न चैषाꣳ वेदरूपत्वम् इति यः पूर्वपक्षिणाम् आक्षेपः सोऽप्य् अनेन निरस्तः ॥१३॥"
740,pañcamatve kāraṇaṁ ca vāyu-purāṇesūta-vākyam—,पञ्चमत्वे कारणं च वायुपुराणेसूतवाक्यम्—,पञ्चमत्वे कारणꣳ च वायुपुराणेसूतवाक्यम्—
742,itihāsa-purāṇānāṁ vaktāraṁ samyag eva hi |,इतिहासपुराणानां वक्तारं सम्यग् एव हि ।,इतिहासपुराणानाꣳ वक्तारꣳ सम्यग् एव हि ।
743,māṁ caiva pratijagrāha bhagavān īśvaraḥ prabhuḥ ||,मां चैव प्रतिजग्राह भगवान् ईश्वरः प्रभुः ॥,माꣳ चैव प्रतिजग्राह भगवान् ईश्वरः प्रभुः ॥
744,eka āsīd yajur vedas taṁ caturdhā vyakalpayat |,एक आसीद् यजुर् वेदस् तं चतुर्धा व्यकल्पयत् ।,एक आसीद् यजुर् वेदस् तꣳ चतुर्धा व्यकल्पयत् ।
745,cāturhotram abhūt tasmiṁs tenayajñam akalpayat ||,चातुर्होत्रम् अभूत् तस्मिंस् तेनयज्ञम् अकल्पयत् ॥,चातुर्होत्रम् अभूत् तस्मिꣳस् तेनयज्ञम् अकल्पयत् ॥
746,ādhvaryavaṁ yajurbhis tu ṛgbhir hotraṁ tathaiva ca |,आध्वर्यवं यजुर्भिस् तु ऋग्भिर् होत्रं तथैव च ।,आध्वर्यवꣳ यजुर्भिस् तु ऋग्भिर् होत्रꣳ तथैव च ।
747,audgātraṁ sāmabhiś caiva brahmatvaṁ cāpy atharvabhiḥ || [vā.pu. 60.16-18],औद्गात्रं सामभिश् चैव ब्रह्मत्वं चाप्य् अथर्वभिः ॥ [वा.पु. ६०.१६-१८],औद्गात्रꣳ सामभिश् चैव ब्रह्मत्वꣳ चाप्य् अथर्वभिः ॥ [वा.पु. ६०.१६-१८]
750,purāṇa-saṁhitāś cakre purāṇārtha-viśāradaḥ ||,पुराणसंहिताश् चक्रे पुराणार्थविशारदः ॥,पुराणसꣳहिताश् चक्रे पुराणार्थविशारदः ॥
751,yac chiṣṭaṁ tu yajur-veda iti śāstrārtha-nirṇayaḥ | [vā.pu. 60.21-22],यच् छिष्टं तु यजुर्वेद इति शास्त्रार्थनिर्णयः । [वा.पु. ६०.२१-२२],यच् छिष्टꣳ तु यजुर्वेद इति शास्त्रार्थनिर्णयः । [वा.पु. ६०.२१-२२]
753,iti brahma-yajñādhyayane ca viniyogo dṛśyate’mīṣāṁ yad brāhmaṇānītihāsa-purāṇāni iti | so’pi nāvedatve sambhavati | ato yad āha bhagavānmātsye—,इति ब्रह्मयज्ञाध्ययने च विनियोगो दृश्यतेऽमीषां यद् ब्राह्मणानीतिहासपुराणानि इति । सोऽपि नावेदत्वे सम्भवति । अतो यद् आह भगवान्मात्स्ये—,इति ब्रह्मयज्ञाध्ययने च विनियोगो दृश्यतेऽमीषाꣳ यद् ब्राह्मणानीतिहासपुराणानि इति । सोऽपि नावेदत्वे सम्भवति । अतो यद् आह भगवान्मात्स्ये—
755,kālenāgrahaṇaṁ matvā purāṇasya dvijottamāḥ |,कालेनाग्रहणं मत्वा पुराणस्य द्विजोत्तमाः ।,कालेनाग्रहणꣳ मत्वा पुराणस्य द्विजोत्तमाः ।
756,vyāsa-rūpam ahaṁ kṛtvā saṁharāmi yuge yuge || [ma.pu. 53.8-9],व्यासरूपम् अहं कृत्वा संहरामि युगे युगे ॥ [म.पु. ५३.८-९],व्यासरूपम् अहꣳ कृत्वा सꣳहरामि युगे युगे ॥ [म.पु. ५३.८-९]
758,itipūrva-siddham eva purāṇaṁ sukha-saṅgrahaṇāya saṅkalpayāmīti tatrārthaḥ | tad-anantaraṁ hy uktam—,इतिपूर्वसिद्धम् एव पुराणं सुखसङ्ग्रहणाय सङ्कल्पयामीति तत्रार्थः । तदनन्तरं ह्य् उक्तम्—,इतिपूर्वसिद्धम् एव पुराणꣳ सुखसङ्ग्रहणाय सङ्कल्पयामीति तत्रार्थः । तदनन्तरꣳ ह्य् उक्तम्—
765,"atra tu “yac chiṣṭaṁ tu yajur-vede” ity uktatvāt tasyābhidheya-bhāgaś “caturlakṣas” tv atra martya-loke “saṅkṣepeṇa” sāra-saṅgraheṇa “niveśitaḥ,” na tu racanāntareṇa ||14||","अत्र तु “यच् छिष्टं तु यजुर्वेदे” इत्य् उक्तत्वात् तस्याभिधेयभागश् “चतुर्लक्षस्” त्व् अत्र मर्त्यलोके “सङ्क्षेपेण” सारसङ्ग्रहेण “निवेशितः,” न तु रचनान्तरेण ॥१४॥","अत्र तु “यच् छिष्टꣳ तु यजुर्वेदे” इत्य् उक्तत्वात् तस्याभिधेयभागश् “चतुर्लक्षस्” त्व् अत्र मर्त्यलोके “सङ्क्षेपेण” सारसङ्ग्रहेण “निवेशितः,” न तु रचनान्तरेण ॥१४॥"
767,sarva-saṁvādinī : na vyākhyātam.,सर्वसंवादिनी : न व्याख्यातम्।,सर्वसꣳवादिनी : न व्याख्यातम्.
769,baladevaḥ : pañcamatve kāraṇaṁ ceti | ṛg-ādibhiś caturbhiś cāturhotraṁ caturbhir ṛtvigbhir nispādyaṁ karma bhavati itihāsādibhyāṁ tan na bhavatīti tad-bhāgasya pañcamatvam ity arthaḥ | ākhyānaiḥ pañca-lakṣaṇaiḥ purāṇāni | upākhyānaiḥ purā-vṛttaiḥ | gāthābhiś chando-viśeṣaiś ca | saṁhitā bhārata-rūpāś cakre| tāś ca yac chiṣṭaṁ tu yajur vedas tad-rūpā ity arthaḥ | brahmeti brahma-yajñe vedādhyayane’mīṣām itihāsādīnāṁ viniyogo dṛśyate | so’pi viniyogas teṣām avedatve na sambhavati | kṛtvā’virbhāvya | saṅkalayāmi saṅkṣipāmi | abhidheya-bhāgaḥ sārāṁśaḥ ||14||,बलदेवः : पञ्चमत्वे कारणं चेति । ऋगादिभिश् चतुर्भिश् चातुर्होत्रं चतुर्भिर् ऋत्विग्भिर् निस्पाद्यं कर्म भवति इतिहासादिभ्यां तन् न भवतीति तद्भागस्य पञ्चमत्वम् इत्य् अर्थः । आख्यानैः पञ्चलक्षणैः पुराणानि । उपाख्यानैः पुरावृत्तैः । गाथाभिश् छन्दोविशेषैश् च । संहिता भारतरूपाश् चक्रे। ताश् च यच् छिष्टं तु यजुर् वेदस् तद्रूपा इत्य् अर्थः । ब्रह्मेति ब्रह्मयज्ञे वेदाध्ययनेऽमीषाम् इतिहासादीनां विनियोगो दृश्यते । सोऽपि विनियोगस् तेषाम् अवेदत्वे न सम्भवति । कृत्वाऽविर्भाव्य । सङ्कलयामि सङ्क्षिपामि । अभिधेयभागः सारांशः ॥१४॥,बलदेवः : पञ्चमत्वे कारणꣳ चेति । ऋगादिभिश् चतुर्भिश् चातुर्होत्रꣳ चतुर्भिर् ऋत्विग्भिर् निस्पाद्यꣳ कर्म भवति इतिहासादिभ्याꣳ तन् न भवतीति तद्भागस्य पञ्चमत्वम् इत्य् अर्थः । आख्यानैः पञ्चलक्षणैः पुराणानि । उपाख्यानैः पुरावृत्तैः । गाथाभिश् छन्दोविशेषैश् च । सꣳहिता भारतरूपाश् चक्रे। ताश् च यच् छिष्टꣳ तु यजुर् वेदस् तद्रूपा इत्य् अर्थः । ब्रह्मेति ब्रह्मयज्ञे वेदाध्ययनेऽमीषाम् इतिहासादीनाꣳ विनियोगो दृश्यते । सोऽपि विनियोगस् तेषाम् अवेदत्वे न सम्भवति । कृत्वाऽविर्भाव्य । सङ्कलयामि सङ्क्षिपामि । अभिधेयभागः साराꣳशः ॥१४॥
771,"rādhā-mohana-gosvāmī : yajur-vedasya veda-sāmānya-rūpatva-kathanam ṛk-sāmātharva-vedātiriktasya yajur-vedatva-lābhāya | ata evoktaṁ—yajuḥ sarvatra gīyata iti caturdhā vibhāga-nimittam adhvaryutvādi kārya-bheda iti bhāvaḥ | yac chiṣṭaṁ tu yajur-vedaḥ iti | adhvaryutva-lakṣaṇa-vedebhyaḥ kāṁścid vedān ādāya yajur-ādi-nāma-bhedena vibhāge kṛte yad avaśiṣṭam, tad api yajur-veda-nāmakam ity arthaḥ | na ca—asya mahato bhūtasya iti śrutau ṛg-ādi-krameṇaiva jātatvāt, katham ekasya yajur-vedasya ṛg-ādi-bhedena vibhāgo vyāsa-kṛta iti vācyam | ṛg-ādi-krameṇa veda udbhūtaḥ | tatra yajurvedasya pracuratvena samuditasya yajur-vedatvenaikatvena ca vyavahārāt tathokteḥ, ādhikyena vyapadeśā bhavanti iti nyāyāt | ṛg-ādi-bhedena vedasya caturdhā-vyavahārasya prāk sattve’pi tad-adhikāri-bheda-kārya-bheda-vyavasthayā vyāsena vyavasthāpanāt tasya vibhāga-kṛttva-vyapadeśa iti bhāvaḥ | ākhyānair iti praśnottara-vacana-nibandhaiḥ sūta-śaunaka-saṁvāda-rūpair ity arthaḥ | upākhyānaiḥ—prāthamika-granthābhidheya-prakāśakaiḥ śuka-parīkṣit-saṁvādādi-rūpaiḥ | gāthābhiḥ—purā-vṛttetihāsa-saṁvādākhyābhir iti | purāṇa-saṁhitāṁ—purāṇa-saṅgrahaṁ cakre iti | tathā cākhyānādibhiḥ susajjīkṛtya purāṇāni prāduścakāra | yathoktaṁ gītā-vyākhyāyāṁ svāmi-caraṇaiḥ—“prāyeṇa bhagavan-mukh-niḥsṛtān eva ślokān vyalikhat | kāṁścit tat-saṅgataye svayaṁ ca vyaracayat”[1.1] iti |","राधामोहनगोस्वामी : यजुर्वेदस्य वेदसामान्यरूपत्वकथनम् ऋक्सामाथर्ववेदातिरिक्तस्य यजुर्वेदत्वलाभाय । अत एवोक्तं—यजुः सर्वत्र गीयत इति चतुर्धा विभागनिमित्तम् अध्वर्युत्वादि कार्यभेद इति भावः । यच् छिष्टं तु यजुर्वेदः इति । अध्वर्युत्वलक्षणवेदेभ्यः कांश्चिद् वेदान् आदाय यजुरादिनामभेदेन विभागे कृते यद् अवशिष्टम्, तद् अपि यजुर्वेदनामकम् इत्य् अर्थः । न च—अस्य महतो भूतस्य इति श्रुतौ ऋगादिक्रमेणैव जातत्वात्, कथम् एकस्य यजुर्वेदस्य ऋगादिभेदेन विभागो व्यासकृत इति वाच्यम् । ऋगादिक्रमेण वेद उद्भूतः । तत्र यजुर्वेदस्य प्रचुरत्वेन समुदितस्य यजुर्वेदत्वेनैकत्वेन च व्यवहारात् तथोक्तेः, आधिक्येन व्यपदेशा भवन्ति इति न्यायात् । ऋगादिभेदेन वेदस्य चतुर्धाव्यवहारस्य प्राक् सत्त्वेऽपि तदधिकारिभेदकार्यभेदव्यवस्थया व्यासेन व्यवस्थापनात् तस्य विभागकृत्त्वव्यपदेश इति भावः । आख्यानैर् इति प्रश्नोत्तरवचननिबन्धैः सूतशौनकसंवादरूपैर् इत्य् अर्थः । उपाख्यानैः—प्राथमिकग्रन्थाभिधेयप्रकाशकैः शुकपरीक्षित्संवादादिरूपैः । गाथाभिः—पुरावृत्तेतिहाससंवादाख्याभिर् इति । पुराणसंहितां—पुराणसङ्ग्रहं चक्रे इति । तथा चाख्यानादिभिः सुसज्जीकृत्य पुराणानि प्रादुश्चकार । यथोक्तं गीताव्याख्यायां स्वामिचरणैः—“प्रायेण भगवन्मुख्निःसृतान् एव श्लोकान् व्यलिखत् । कांश्चित् तत्सङ्गतये स्वयं च व्यरचयत्”[१.१] इति ।","राधामोहनगोस्वामी : यजुर्वेदस्य वेदसामान्यरूपत्वकथनम् ऋक्सामाथर्ववेदातिरिक्तस्य यजुर्वेदत्वलाभाय । अत एवोक्तꣳ—यजुः सर्वत्र गीयत इति चतुर्धा विभागनिमित्तम् अध्वर्युत्वादि कार्यभेद इति भावः । यच् छिष्टꣳ तु यजुर्वेदः इति । अध्वर्युत्वलक्षणवेदेभ्यः काꣳश्चिद् वेदान् आदाय यजुरादिनामभेदेन विभागे कृते यद् अवशिष्टम्, तद् अपि यजुर्वेदनामकम् इत्य् अर्थः । न च—अस्य महतो भूतस्य इति श्रुतौ ऋगादिक्रमेणैव जातत्वात्, कथम् एकस्य यजुर्वेदस्य ऋगादिभेदेन विभागो व्यासकृत इति वाच्यम् । ऋगादिक्रमेण वेद उद्भूतः । तत्र यजुर्वेदस्य प्रचुरत्वेन समुदितस्य यजुर्वेदत्वेनैकत्वेन च व्यवहारात् तथोक्तेः, आधिक्येन व्यपदेशा भवन्ति इति न्यायात् । ऋगादिभेदेन वेदस्य चतुर्धाव्यवहारस्य प्राक् सत्त्वेऽपि तदधिकारिभेदकार्यभेदव्यवस्थया व्यासेन व्यवस्थापनात् तस्य विभागकृत्त्वव्यपदेश इति भावः । आख्यानैर् इति प्रश्नोत्तरवचननिबन्धैः सूतशौनकसꣳवादरूपैर् इत्य् अर्थः । उपाख्यानैः—प्राथमिकग्रन्थाभिधेयप्रकाशकैः शुकपरीक्षित्सꣳवादादिरूपैः । गाथाभिः—पुरावृत्तेतिहाससꣳवादाख्याभिर् इति । पुराणसꣳहिताꣳ—पुराणसङ्ग्रहꣳ चक्रे इति । तथा चाख्यानादिभिः सुसज्जीकृत्य पुराणानि प्रादुश्चकार । यथोक्तꣳ गीताव्याख्यायाꣳ स्वामिचरणैः—“प्रायेण भगवन्मुख्निःसृतान् एव श्लोकान् व्यलिखत् । काꣳश्चित् तत्सङ्गतये स्वयꣳ च व्यरचयत्”[१.१] इति ।"
773,vyaktaṁ prathama-skandhe—,व्यक्तं प्रथमस्कन्धे—,व्यक्तꣳ प्रथमस्कन्धे—
775,sa saṁhitāṁ bhāgavatīṁ kṛtvānukramya cātma-jam |,स संहितां भागवतीं कृत्वानुक्रम्य चात्मजम् ।,स सꣳहिताꣳ भागवतीꣳ कृत्वानुक्रम्य चात्मजम् ।
776,śukam adhyāpayām āsa nivṛtti-nirataṁ muniḥ || [bhā.pu. 1.7.8] iti |,शुकम् अध्यापयाम् आस निवृत्तिनिरतं मुनिः ॥ [भा.पु. १.७.८] इति ।,शुकम् अध्यापयाम् आस निवृत्तिनिरतꣳ मुनिः ॥ [भा.पु. १.७.८] इति ।
778,"iti vyākhyātaṁ ca prathama-skandha-sandarbhe—“prathamataḥ sāmānyatayā kṛtvā śrī-nāradopadeśānantaram anukramya tat-sammaty-anukrameṇa viśeṣataḥ kṛtvā” iti | viniyogaḥ—adhyayana-viṣayatvam | nāvedatve sambhavati—brahma-padasya veda eva śakter iti bhāvaḥ | tad-artha iti | tasya śatakoṭi-pravistarasya arthaḥ | tātparya-viṣayārthopasaṁhāro yatra saḥ, caturlakṣa ity arthaḥ | tad-arthaḥ ity asya prakārāntareṇa svayam āha—atra ca ity-ādi | purāṇetihāsayor api yac chiṣṭam ity anena grahaṇam, tasyāpi yajurvedāntargatatvād iti bhāvaḥ | tasya yajurveda-bhāgasyābhidheya-bhāgo yatra saḥ | atra ity asyārtham āha-martya-loka iti | na tu vacanāntareṇeti yajurvedābhidheya-bhāga-viśeṣātmake purāṇa-viśiṣṭasya caturlakṣatvāśrayasya svarūpeṇaivābhihitaḥ, na tu vacanāntara-rūpeṇeti bhāvaḥ | vastutaḥ abhidheya-bhāgaḥ—purāṇa-tātparya-viṣayībhūto’rtha ity arthaḥ , na tu bahu-vrīhiṇā grantha ity arthaḥ | caturlakṣaḥ—caturtha-ślokātmaka-grantha-pratipādyaḥ, saṅkṣepeṇa sāra-saṅgraheṇa, yajurvedāt śatakoṭi-pravistarātmaka-yajurveda-bhāgāt sārārtha-saṅgrahaka-tad-ghaṭaka-vākyeneti yāvat niveśitaḥ kṛtaḥ | apauruṣeya-purāṇa-vacana-ghaṭitaś caturlakṣaḥ purāṇam iti paryavasitam | ambarīṣa śuka-proktaṁ nityaṁ bhāgavataṁ śṛṇu ity anenāṁśa-viśeṣasyaiva bhāgavatatvena nirdeśaḥ | tad-yuktatvenāṣṭādaśa-sāhasrātmakaṁ bhāgavatam iti gīyata iti | evaṁ ca bhāgavata-śabdo’pauruṣeya-purāṇa-bhāga-viśeṣa-paraḥ | janmādy asya ity-ādi viṣṇurātam amūmucat ity anta-grantha-paraś ca | yathā veda-śabdo’pauruṣeyatvena ṛg-vedādi-purāṇānta-paraś caturveda-paraś ceti | evaṁ bhārata-brāhma-pādmādi-padam, purāṇetihāsa-padaṁ ca bodhyam ||14||","इति व्याख्यातं च प्रथमस्कन्धसन्दर्भे—“प्रथमतः सामान्यतया कृत्वा श्रीनारदोपदेशानन्तरम् अनुक्रम्य तत्सम्मत्यनुक्रमेण विशेषतः कृत्वा” इति । विनियोगः—अध्ययनविषयत्वम् । नावेदत्वे सम्भवति—ब्रह्मपदस्य वेद एव शक्तेर् इति भावः । तदर्थ इति । तस्य शतकोटिप्रविस्तरस्य अर्थः । तात्पर्यविषयार्थोपसंहारो यत्र सः, चतुर्लक्ष इत्य् अर्थः । तदर्थः इत्य् अस्य प्रकारान्तरेण स्वयम् आह—अत्र च इत्यादि । पुराणेतिहासयोर् अपि यच् छिष्टम् इत्य् अनेन ग्रहणम्, तस्यापि यजुर्वेदान्तर्गतत्वाद् इति भावः । तस्य यजुर्वेदभागस्याभिधेयभागो यत्र सः । अत्र इत्य् अस्यार्थम् आहमर्त्यलोक इति । न तु वचनान्तरेणेति यजुर्वेदाभिधेयभागविशेषात्मके पुराणविशिष्टस्य चतुर्लक्षत्वाश्रयस्य स्वरूपेणैवाभिहितः, न तु वचनान्तररूपेणेति भावः । वस्तुतः अभिधेयभागः—पुराणतात्पर्यविषयीभूतोऽर्थ इत्य् अर्थः , न तु बहुव्रीहिणा ग्रन्थ इत्य् अर्थः । चतुर्लक्षः—चतुर्थश्लोकात्मकग्रन्थप्रतिपाद्यः, सङ्क्षेपेण सारसङ्ग्रहेण, यजुर्वेदात् शतकोटिप्रविस्तरात्मकयजुर्वेदभागात् सारार्थसङ्ग्रहकतद्घटकवाक्येनेति यावत् निवेशितः कृतः । अपौरुषेयपुराणवचनघटितश् चतुर्लक्षः पुराणम् इति पर्यवसितम् । अम्बरीष शुकप्रोक्तं नित्यं भागवतं शृणु इत्य् अनेनांशविशेषस्यैव भागवतत्वेन निर्देशः । तद्युक्तत्वेनाष्टादशसाहस्रात्मकं भागवतम् इति गीयत इति । एवं च भागवतशब्दोऽपौरुषेयपुराणभागविशेषपरः । जन्माद्य् अस्य इत्यादि विष्णुरातम् अमूमुचत् इत्य् अन्तग्रन्थपरश् च । यथा वेदशब्दोऽपौरुषेयत्वेन ऋग्वेदादिपुराणान्तपरश् चतुर्वेदपरश् चेति । एवं भारतब्राह्मपाद्मादिपदम्, पुराणेतिहासपदं च बोध्यम् ॥१४॥","इति व्याख्यातꣳ च प्रथमस्कन्धसन्दर्भे—“प्रथमतः सामान्यतया कृत्वा श्रीनारदोपदेशानन्तरम् अनुक्रम्य तत्सम्मत्यनुक्रमेण विशेषतः कृत्वा” इति । विनियोगः—अध्ययनविषयत्वम् । नावेदत्वे सम्भवति—ब्रह्मपदस्य वेद एव शक्तेर् इति भावः । तदर्थ इति । तस्य शतकोटिप्रविस्तरस्य अर्थः । तात्पर्यविषयार्थोपसꣳहारो यत्र सः, चतुर्लक्ष इत्य् अर्थः । तदर्थः इत्य् अस्य प्रकारान्तरेण स्वयम् आह—अत्र च इत्यादि । पुराणेतिहासयोर् अपि यच् छिष्टम् इत्य् अनेन ग्रहणम्, तस्यापि यजुर्वेदान्तर्गतत्वाद् इति भावः । तस्य यजुर्वेदभागस्याभिधेयभागो यत्र सः । अत्र इत्य् अस्यार्थम् आहमर्त्यलोक इति । न तु वचनान्तरेणेति यजुर्वेदाभिधेयभागविशेषात्मके पुराणविशिष्टस्य चतुर्लक्षत्वाश्रयस्य स्वरूपेणैवाभिहितः, न तु वचनान्तररूपेणेति भावः । वस्तुतः अभिधेयभागः—पुराणतात्पर्यविषयीभूतोऽर्थ इत्य् अर्थः , न तु बहुव्रीहिणा ग्रन्थ इत्य् अर्थः । चतुर्लक्षः—चतुर्थश्लोकात्मकग्रन्थप्रतिपाद्यः, सङ्क्षेपेण सारसङ्ग्रहेण, यजुर्वेदात् शतकोटिप्रविस्तरात्मकयजुर्वेदभागात् सारार्थसङ्ग्रहकतद्घटकवाक्येनेति यावत् निवेशितः कृतः । अपौरुषेयपुराणवचनघटितश् चतुर्लक्षः पुराणम् इति पर्यवसितम् । अम्बरीष शुकप्रोक्तꣳ नित्यꣳ भागवतꣳ शृणु इत्य् अनेनाꣳशविशेषस्यैव भागवतत्वेन निर्देशः । तद्युक्तत्वेनाष्टादशसाहस्रात्मकꣳ भागवतम् इति गीयत इति । एवꣳ च भागवतशब्दोऽपौरुषेयपुराणभागविशेषपरः । जन्माद्य् अस्य इत्यादि विष्णुरातम् अमूमुचत् इत्य् अन्तग्रन्थपरश् च । यथा वेदशब्दोऽपौरुषेयत्वेन ऋग्वेदादिपुराणान्तपरश् चतुर्वेदपरश् चेति । एवꣳ भारतब्राह्मपाद्मादिपदम्, पुराणेतिहासपदꣳ च बोध्यम् ॥१४॥"
780,"gaura-kiśora-gosvāmī : yad dhi purāṇasya vedatvaṁ sādhitam, na ca tat lakṣaṇayā vā gauṇyā | tatra mukhyā-lakṣaṇā-gauṇī-bhedena tridhā śabda-vṛttiḥ | mukhyāpi rūḍhi-yoga-bhedena dvidhā | rūḍhiḥ svarūpe jātyā guṇena vānirdeśārhe vastuni saṁjñā-saṁjñi-saṅketena pravartate, ḍitthaḥ, gauḥ śuklaḥ iti | lakṣaṇā tu tenaiva saṅketenābhihitārtha-sambandhoyathā gaṅgāyāṁ ghoṣaḥ | iyaṁ punas tridhā, ajahat-svārthā, jahat-svārthā, jahad-ajahat-svārthā ca yathā kheto dhāvati, gaṅgāyāṁ ghoṣaḥ, so’yaṁ devadattaḥ | gauṇī cābhihita-lakṣita-guṇa-yukte tat-sadṛśe yathā siṁho devadattaḥ | yad uktaṁ vācaspati-miśreṇa—“para-śabdaḥ paratra-lakṣamāṇa-guṇa-yogena vartate iti yatra prayoktṛ-pratipattroḥ sampratipattiḥ sa gauṇaḥ” | ","गौरकिशोरगोस्वामी : यद् धि पुराणस्य वेदत्वं साधितम्, न च तत् लक्षणया वा गौण्या । तत्र मुख्यालक्षणागौणीभेदेन त्रिधा शब्दवृत्तिः । मुख्यापि रूढियोगभेदेन द्विधा । रूढिः स्वरूपे जात्या गुणेन वानिर्देशार्हे वस्तुनि संज्ञासंज्ञिसङ्केतेन प्रवर्तते, डित्थः, गौः शुक्लः इति । लक्षणा तु तेनैव सङ्केतेनाभिहितार्थसम्बन्धोयथा गङ्गायां घोषः । इयं पुनस् त्रिधा, अजहत्स्वार्था, जहत्स्वार्था, जहदजहत्स्वार्था च यथा खेतो धावति, गङ्गायां घोषः, सोऽयं देवदत्तः । गौणी चाभिहितलक्षितगुणयुक्ते तत्सदृशे यथा सिंहो देवदत्तः । यद् उक्तं वाचस्पतिमिश्रेण—“परशब्दः परत्रलक्षमाणगुणयोगेन वर्तते इति यत्र प्रयोक्तृप्रतिपत्त्रोः सम्प्रतिपत्तिः स गौणः” । ","गौरकिशोरगोस्वामी : यद् धि पुराणस्य वेदत्वꣳ साधितम्, न च तत् लक्षणया वा गौण्या । तत्र मुख्यालक्षणागौणीभेदेन त्रिधा शब्दवृत्तिः । मुख्यापि रूढियोगभेदेन द्विधा । रूढिः स्वरूपे जात्या गुणेन वानिर्देशार्हे वस्तुनि सꣳज्ञासꣳज्ञिसङ्केतेन प्रवर्तते, डित्थः, गौः शुक्लः इति । लक्षणा तु तेनैव सङ्केतेनाभिहितार्थसम्बन्धोयथा गङ्गायाꣳ घोषः । इयꣳ पुनस् त्रिधा, अजहत्स्वार्था, जहत्स्वार्था, जहदजहत्स्वार्था च यथा खेतो धावति, गङ्गायाꣳ घोषः, सोऽयꣳ देवदत्तः । गौणी चाभिहितलक्षितगुणयुक्ते तत्सदृशे यथा सिꣳहो देवदत्तः । यद् उक्तꣳ वाचस्पतिमिश्रेण—“परशब्दः परत्रलक्षमाणगुणयोगेन वर्तते इति यत्र प्रयोक्तृप्रतिपत्त्रोः सम्प्रतिपत्तिः स गौणः” । "
782,"atra tu lakṣaṇādīnāṁ nāvakāśaḥ, purāṇasya vedatvaṁ mukhya-vṛttyaiva tu bhavati | yady evaṁ tathāpy atra bhavān praṣṭavyaḥ, caturṇāṁ vedānāṁ prasiddhatve pañcamasya kiṁ prayojanam ? kutra vāsyopayogaḥ ? vedatva-puraskārenābhinnatve kathaṁ na vāsya caturṣu antarbhāvaḥ iti apekṣāyāṁ siddhānta-sandarbham āha gosvāmi-pādaḥ—“pañcamatve” iti | yajur-ṛk-sāmātharva-purāṇāni iti bhāga-pañcakena vedo vibhaktaḥ | tatra yajur-ṛk-sāmārtharvabhiḥ ādhvaryava-hotraudgātra-brahmatvādi-caturbhiḥ ṛtvigbhiḥ yathā-krameṇa sampādyaṁ karma bhavati | purāṇena tatra sādhyam, atas tad-bhāgasya pañcamatvam | asmin purāṇe sarveṣām eva adhikāraḥ | anyatra tu kevala-dvijātīnām ity asya vaiśiṣṭyam |","अत्र तु लक्षणादीनां नावकाशः, पुराणस्य वेदत्वं मुख्यवृत्त्यैव तु भवति । यद्य् एवं तथाप्य् अत्र भवान् प्रष्टव्यः, चतुर्णां वेदानां प्रसिद्धत्वे पञ्चमस्य किं प्रयोजनम् ? कुत्र वास्योपयोगः ? वेदत्वपुरस्कारेनाभिन्नत्वे कथं न वास्य चतुर्षु अन्तर्भावः इति अपेक्षायां सिद्धान्तसन्दर्भम् आह गोस्वामिपादः—“पञ्चमत्वे” इति । यजुरृक्सामाथर्वपुराणानि इति भागपञ्चकेन वेदो विभक्तः । तत्र यजुरृक्सामार्थर्वभिः आध्वर्यवहोत्रौद्गात्रब्रह्मत्वादिचतुर्भिः ऋत्विग्भिः यथाक्रमेण सम्पाद्यं कर्म भवति । पुराणेन तत्र साध्यम्, अतस् तद्भागस्य पञ्चमत्वम् । अस्मिन् पुराणे सर्वेषाम् एव अधिकारः । अन्यत्र तु केवलद्विजातीनाम् इत्य् अस्य वैशिष्ट्यम् ।","अत्र तु लक्षणादीनाꣳ नावकाशः, पुराणस्य वेदत्वꣳ मुख्यवृत्त्यैव तु भवति । यद्य् एवꣳ तथाप्य् अत्र भवान् प्रष्टव्यः, चतुर्णाꣳ वेदानाꣳ प्रसिद्धत्वे पञ्चमस्य किꣳ प्रयोजनम् ? कुत्र वास्योपयोगः ? वेदत्वपुरस्कारेनाभिन्नत्वे कथꣳ न वास्य चतुर्षु अन्तर्भावः इति अपेक्षायाꣳ सिद्धान्तसन्दर्भम् आह गोस्वामिपादः—“पञ्चमत्वे” इति । यजुरृक्सामाथर्वपुराणानि इति भागपञ्चकेन वेदो विभक्तः । तत्र यजुरृक्सामार्थर्वभिः आध्वर्यवहोत्रौद्गात्रब्रह्मत्वादिचतुर्भिः ऋत्विग्भिः यथाक्रमेण सम्पाद्यꣳ कर्म भवति । पुराणेन तत्र साध्यम्, अतस् तद्भागस्य पञ्चमत्वम् । अस्मिन् पुराणे सर्वेषाम् एव अधिकारः । अन्यत्र तु केवलद्विजातीनाम् इत्य् अस्य वैशिष्ट्यम् ।"
784,"ādau laukika-rīty-anusāreṇa—asya mahato bhūtasya niḥśvasitam etat, ṛg-vedo bhagavo ity-ādi-śrutyā ca purāṇasya pañcama-vedatvaṁ pratipādya adhunā tad-viśeṣam āha—“ākhyānaiḥ: iti | anantaraṁ purāṇasya vedavat vyavahāra-rūpaṁ prāmāṇyaṁ darśayann āha—“brahma-yajñādhyayane” iti | brahma-yajñe vedādhyayane amīṣāṁ purāṇānāṁ viniyogaḥ asti | etenāsyāpi vedatvaṁ samarthitam | purāṇasya saṅkalpana-kathām āha—yad āha bhagavān mātsya iti | sphuṭam anyad iti ||14||","आदौ लौकिकरीत्यनुसारेण—अस्य महतो भूतस्य निःश्वसितम् एतत्, ऋग्वेदो भगवो इत्यादिश्रुत्या च पुराणस्य पञ्चमवेदत्वं प्रतिपाद्य अधुना तद्विशेषम् आह—“आख्यानैः: इति । अनन्तरं पुराणस्य वेदवत् व्यवहाररूपं प्रामाण्यं दर्शयन्न् आह—“ब्रह्मयज्ञाध्ययने” इति । ब्रह्मयज्ञे वेदाध्ययने अमीषां पुराणानां विनियोगः अस्ति । एतेनास्यापि वेदत्वं समर्थितम् । पुराणस्य सङ्कल्पनकथाम् आह—यद् आह भगवान् मात्स्य इति । स्फुटम् अन्यद् इति ॥१४॥","आदौ लौकिकरीत्यनुसारेण—अस्य महतो भूतस्य निःश्वसितम् एतत्, ऋग्वेदो भगवो इत्यादिश्रुत्या च पुराणस्य पञ्चमवेदत्वꣳ प्रतिपाद्य अधुना तद्विशेषम् आह—“आख्यानैः: इति । अनन्तरꣳ पुराणस्य वेदवत् व्यवहाररूपꣳ प्रामाण्यꣳ दर्शयन्न् आह—“ब्रह्मयज्ञाध्ययने” इति । ब्रह्मयज्ञे वेदाध्ययने अमीषाꣳ पुराणानाꣳ विनियोगः अस्ति । एतेनास्यापि वेदत्वꣳ समर्थितम् । पुराणस्य सङ्कल्पनकथाम् आह—यद् आह भगवान् मात्स्य इति । स्फुटम् अन्यद् इति ॥१४॥"
790,tathaiva darśitaṁ veda-saha-bhāvenaśiva-purāṇasya vāyavīya-saṁhitāyām—,तथैव दर्शितं वेदसहभावेनशिवपुराणस्य वायवीयसंहितायाम्—,तथैव दर्शितꣳ वेदसहभावेनशिवपुराणस्य वायवीयसꣳहितायाम्—
792,saṅkṣipya caturo vedāṁś caturdhā vyabhajat prabhuḥ |,सङ्क्षिप्य चतुरो वेदांश् चतुर्धा व्यभजत् प्रभुः ।,सङ्क्षिप्य चतुरो वेदाꣳश् चतुर्धा व्यभजत् प्रभुः ।
794,purāṇam api saṅkṣiptaṁ caturlakṣa-pramāṇataḥ |,पुराणम् अपि सङ्क्षिप्तं चतुर्लक्षप्रमाणतः ।,पुराणम् अपि सङ्क्षिप्तꣳ चतुर्लक्षप्रमाणतः ।
797,saṅkṣiptam ity atra teneti śeṣaḥ | skāndam āgneyam ity-ādi samākhyās tu pravacana-nibandhanāḥ kāṭhakādivat | ānupūrvīr nirmāṇa-nibandhanā vā | tasmāt kvacid anityatva-śravaṇaṁ tv āvirbhāva-tirobhāvāpekṣayā | tad evam itihāsa-purāṇayor vedatvaṁ siddham | tathāpi sūtādīnām adhikāraḥ | sakala-nigama-vallī-sat-phala-śrī-kṛṣṇa-nāmavat | yathoktaṁprabhāsa-khaṇḍe—,सङ्क्षिप्तम् इत्य् अत्र तेनेति शेषः । स्कान्दम् आग्नेयम् इत्यादि समाख्यास् तु प्रवचननिबन्धनाः काठकादिवत् । आनुपूर्वीर् निर्माणनिबन्धना वा । तस्मात् क्वचिद् अनित्यत्वश्रवणं त्व् आविर्भावतिरोभावापेक्षया । तद् एवम् इतिहासपुराणयोर् वेदत्वं सिद्धम् । तथापि सूतादीनाम् अधिकारः । सकलनिगमवल्लीसत्फलश्रीकृष्णनामवत् । यथोक्तंप्रभासखण्डे—,सङ्क्षिप्तम् इत्य् अत्र तेनेति शेषः । स्कान्दम् आग्नेयम् इत्यादि समाख्यास् तु प्रवचननिबन्धनाः काठकादिवत् । आनुपूर्वीर् निर्माणनिबन्धना वा । तस्मात् क्वचिद् अनित्यत्वश्रवणꣳ त्व् आविर्भावतिरोभावापेक्षया । तद् एवम् इतिहासपुराणयोर् वेदत्वꣳ सिद्धम् । तथापि सूतादीनाम् अधिकारः । सकलनिगमवल्लीसत्फलश्रीकृष्णनामवत् । यथोक्तꣳप्रभासखण्डे—
799,madhura-madhuram etan maṅgalaṁ maṅgalānāṁ,मधुरमधुरम् एतन् मङ्गलं मङ्गलानां,मधुरमधुरम् एतन् मङ्गलꣳ मङ्गलानाꣳ
800,sakala-nigama-vallī-sat-phalaṁ cit-svarūpam |,सकलनिगमवल्लीसत्फलं चित्स्वरूपम् ।,सकलनिगमवल्लीसत्फलꣳ चित्स्वरूपम् ।
801,sakṛd api parigītaṁ śraddhayā helayā vā ,सकृद् अपि परिगीतं श्रद्धया हेलया वा ,सकृद् अपि परिगीतꣳ श्रद्धया हेलया वा 
802,bhṛgu-vara nara-mātraṁ tārayet kṛṣṇa-nāma || iti ||,भृगुवर नरमात्रं तारयेत् कृष्णनाम ॥ इति ॥,भृगुवर नरमात्रꣳ तारयेत् कृष्णनाम ॥ इति ॥
804,yathā coktaṁviṣṇu-dharme—,यथा चोक्तंविष्णुधर्मे—,यथा चोक्तꣳविष्णुधर्मे—
807,adhītās tena yenoktaṁ harir ity akṣara-dvayam || iti |,अधीतास् तेन येनोक्तं हरिर् इत्य् अक्षरद्वयम् ॥ इति ।,अधीतास् तेन येनोक्तꣳ हरिर् इत्य् अक्षरद्वयम् ॥ इति ।
809,atha vedārtha-nirṇāyakatvaṁ cavaiṣṇave—,अथ वेदार्थनिर्णायकत्वं चवैष्णवे—,अथ वेदार्थनिर्णायकत्वꣳ चवैष्णवे—
812,vedāḥ pratiṣṭhitāḥ sarve purāṇe nātra saṁśayaḥ || ity ādau |,वेदाः प्रतिष्ठिताः सर्वे पुराणे नात्र संशयः ॥ इत्य् आदौ ।,वेदाः प्रतिष्ठिताः सर्वे पुराणे नात्र सꣳशयः ॥ इत्य् आदौ ।
814,"kiṁ ca, vedārtha-dīpakānāṁ śāstrāṇāṁ madhya-pātitābhyupagame’py āvirbhāvaka-vaiśiṣṭyāt tayor eva vaiśiṣṭyam | yathāpādme—","किं च, वेदार्थदीपकानां शास्त्राणां मध्यपातिताभ्युपगमेऽप्य् आविर्भावकवैशिष्ट्यात् तयोर् एव वैशिष्ट्यम् । यथापाद्मे—","किꣳ च, वेदार्थदीपकानाꣳ शास्त्राणाꣳ मध्यपातिताभ्युपगमेऽप्य् आविर्भावकवैशिष्ट्यात् तयोर् एव वैशिष्ट्यम् । यथापाद्मे—"
816,dvaipāyanena yad buddhaṁ ,द्वैपायनेन यद् बुद्धं ,द्वैपायनेन यद् बुद्धꣳ 
818,sarva-buddhaṁ sa vai veda ,सर्वबुद्धं स वै वेद ,सर्वबुद्धꣳ स वै वेद 
819,tad buddhaṁ nānya-gocaraḥ ||15||,तद् बुद्धं नान्यगोचरः ॥१५॥,तद् बुद्धꣳ नान्यगोचरः ॥१५॥
821,sarva-saṁvādinī : upasaṁharati—tad evaṁ vedatvaṁ siddham iti | ata eva smṛty-anavakāśa-doṣa-prasaṅga iti cen nānya-smṛty-anavakāśa-doṣa-prasaṅgāt [bra.sū. 2.1.1] ity anena nyāyenāpy anyatra smṛtivat smṛty-antara-virodha-dṛṣṭatvaṁ ca nātrāpatati |,सर्वसंवादिनी : उपसंहरति—तद् एवं वेदत्वं सिद्धम् इति । अत एव स्मृत्यनवकाशदोषप्रसङ्ग इति चेन् नान्यस्मृत्यनवकाशदोषप्रसङ्गात् [ब्र.सू. २.१.१] इत्य् अनेन न्यायेनाप्य् अन्यत्र स्मृतिवत् स्मृत्यन्तरविरोधदृष्टत्वं च नात्रापतति ।,सर्वसꣳवादिनी : उपसꣳहरति—तद् एवꣳ वेदत्वꣳ सिद्धम् इति । अत एव स्मृत्यनवकाशदोषप्रसङ्ग इति चेन् नान्यस्मृत्यनवकाशदोषप्रसङ्गात् [ब्र.सू. २.१.१] इत्य् अनेन न्यायेनाप्य् अन्यत्र स्मृतिवत् स्मृत्यन्तरविरोधदृष्टत्वꣳ च नात्रापतति ।
823,"nanu, na ca smārtam atad-dharmābhilāpāt [bra.sū. 1.2.20] ity atra pradhānaṁ smṛty-uktam eva | na ca śrautam iti pratipādayatā śrī-bādarāyaṇena purāṇānām api prādhānika-prakriyatvāt smṛtitvaṁ bodhyate? na | tatra svatantraṁ yat pradhānam, tad eva niṣedhayatā tena pradhāna-svātantrya-pratipādakaṁ sāṁkhya-darśanam eva smṛtitvena manyate | tad-adhīnatvād arthavad [bra.sū. 1.4.3] iti sūtrāntareṇa hi parameśvarādhīnatayā viśrutam avyākṛtādy-apara-paryāyaṁ-manyatayeva pradhānam | tathā ca purāṇe dṛṣṭam iti na smṛti-sādhāraṇyaṁ tasyeti vedatvam eva sthitam ||15||","ननु, न च स्मार्तम् अतद्धर्माभिलापात् [ब्र.सू. १.२.२०] इत्य् अत्र प्रधानं स्मृत्युक्तम् एव । न च श्रौतम् इति प्रतिपादयता श्रीबादरायणेन पुराणानाम् अपि प्राधानिकप्रक्रियत्वात् स्मृतित्वं बोध्यते? न । तत्र स्वतन्त्रं यत् प्रधानम्, तद् एव निषेधयता तेन प्रधानस्वातन्त्र्यप्रतिपादकं सांख्यदर्शनम् एव स्मृतित्वेन मन्यते । तदधीनत्वाद् अर्थवद् [ब्र.सू. १.४.३] इति सूत्रान्तरेण हि परमेश्वराधीनतया विश्रुतम् अव्याकृताद्यपरपर्यायंमन्यतयेव प्रधानम् । तथा च पुराणे दृष्टम् इति न स्मृतिसाधारण्यं तस्येति वेदत्वम् एव स्थितम् ॥१५॥","ननु, न च स्मार्तम् अतद्धर्माभिलापात् [ब्र.सू. १.२.२०] इत्य् अत्र प्रधानꣳ स्मृत्युक्तम् एव । न च श्रौतम् इति प्रतिपादयता श्रीबादरायणेन पुराणानाम् अपि प्राधानिकप्रक्रियत्वात् स्मृतित्वꣳ बोध्यते? न । तत्र स्वतन्त्रꣳ यत् प्रधानम्, तद् एव निषेधयता तेन प्रधानस्वातन्त्र्यप्रतिपादकꣳ साꣳख्यदर्शनम् एव स्मृतित्वेन मन्यते । तदधीनत्वाद् अर्थवद् [ब्र.सू. १.४.३] इति सूत्रान्तरेण हि परमेश्वराधीनतया विश्रुतम् अव्याकृताद्यपरपर्यायꣳमन्यतयेव प्रधानम् । तथा च पुराणे दृष्टम् इति न स्मृतिसाधारण्यꣳ तस्येति वेदत्वम् एव स्थितम् ॥१५॥"
825,"baladevaḥ : vyasteti | vyastā vibhaktā vedā yena tatayāveda-vyāsaḥ smṛtaḥ | skāndam ity-ādi | skandena proktaṁ na tu kṛtam iti vaktṛ-hetukā skāndādi-saṁjñā | kaṭhenādhītaṁ kāṭhakam ity-ādi saṁjñāvat | kaṭhānāṁ vedaḥ kāṭhakaḥ| gotra-varaṇād vuñ [pā. 4.3.126], caraṇād dharmāmnāyayor iti vaktavyam iti sūtra-vārtikābhyām | tataś ca kañhenādhītam iti suṣṭhūktam | anyathā janatvenānityatāpattiḥ| ānupūrvī kramaḥ | brāhyam ity-ādikaramanirmāṇa-hetukā vā sā sā sa`jñety arthaḥ | brāhmyādikrameêa purāṇa-bhāgo bodhyaḥ | tathāpi sūtādīnām iti | itihāsāder vedatve’pi tatra śūdrādhikāraḥ strī-śūdra-dvija-bandhūnām ity-ādi-vākya-balād bodhyaḥ | bhārata-vyapadeśeneti | durūha-bhāgasya vyākhyānāt, chinna-bhāgārtha-pūraṇāc capurāṇe vedāḥ pratiṣṭhitāḥ naiścalyena sthitā ity arthaḥ | kiṁ ceti | vedārtha-dīpakānāṁ mānavīyādīnāṁ madhye yadyapītihāsa-purāṇayoḥ smṛtitvenābhyupagamas tathāpi vyāsayeśvarasya tad-āvirbhāvakatvāt tad-utkarṣa ity arthaḥ | tatra pramāṇaṁ dvaipāyanenety ādi||15||","बलदेवः : व्यस्तेति । व्यस्ता विभक्ता वेदा येन ततयावेदव्यासः स्मृतः । स्कान्दम् इत्यादि । स्कन्देन प्रोक्तं न तु कृतम् इति वक्तृहेतुका स्कान्दादिसंज्ञा । कठेनाधीतं काठकम् इत्यादि संज्ञावत् । कठानां वेदः काठकः। गोत्रवरणाद् वुञ् [पा. ४.३.१२६], चरणाद् धर्माम्नाययोर् इति वक्तव्यम् इति सूत्रवार्तिकाभ्याम् । ततश् च कञ्हेनाधीतम् इति सुष्ठूक्तम् । अन्यथा जनत्वेनानित्यतापत्तिः। आनुपूर्वी क्रमः । ब्राह्यम् इत्यादिकरमनिर्माणहेतुका वा सा सा स`ज्ञेत्य् अर्थः । ब्राह्म्यादिक्रमेêअ पुराणभागो बोध्यः । तथापि सूतादीनाम् इति । इतिहासादेर् वेदत्वेऽपि तत्र शूद्राधिकारः स्त्रीशूद्रद्विजबन्धूनाम् इत्यादिवाक्यबलाद् बोध्यः । भारतव्यपदेशेनेति । दुरूहभागस्य व्याख्यानात्, छिन्नभागार्थपूरणाच् चपुराणे वेदाः प्रतिष्ठिताः नैश्चल्येन स्थिता इत्य् अर्थः । किं चेति । वेदार्थदीपकानां मानवीयादीनां मध्ये यद्यपीतिहासपुराणयोः स्मृतित्वेनाभ्युपगमस् तथापि व्यासयेश्वरस्य तदाविर्भावकत्वात् तदुत्कर्ष इत्य् अर्थः । तत्र प्रमाणं द्वैपायनेनेत्य् आदि॥१५॥","बलदेवः : व्यस्तेति । व्यस्ता विभक्ता वेदा येन ततयावेदव्यासः स्मृतः । स्कान्दम् इत्यादि । स्कन्देन प्रोक्तꣳ न तु कृतम् इति वक्तृहेतुका स्कान्दादिसꣳज्ञा । कठेनाधीतꣳ काठकम् इत्यादि सꣳज्ञावत् । कठानाꣳ वेदः काठकः। गोत्रवरणाद् वुञ् [पा. ४.३.१२६], चरणाद् धर्माम्नाययोर् इति वक्तव्यम् इति सूत्रवार्तिकाभ्याम् । ततश् च कञ्हेनाधीतम् इति सुष्ठूक्तम् । अन्यथा जनत्वेनानित्यतापत्तिः। आनुपूर्वी क्रमः । ब्राह्यम् इत्यादिकरमनिर्माणहेतुका वा सा सा स`ज्ञेत्य् अर्थः । ब्राह्म्यादिक्रमेêअ पुराणभागो बोध्यः । तथापि सूतादीनाम् इति । इतिहासादेर् वेदत्वेऽपि तत्र शूद्राधिकारः स्त्रीशूद्रद्विजबन्धूनाम् इत्यादिवाक्यबलाद् बोध्यः । भारतव्यपदेशेनेति । दुरूहभागस्य व्याख्यानात्, छिन्नभागार्थपूरणाच् चपुराणे वेदाः प्रतिष्ठिताः नैश्चल्येन स्थिता इत्य् अर्थः । किꣳ चेति । वेदार्थदीपकानाꣳ मानवीयादीनाꣳ मध्ये यद्यपीतिहासपुराणयोः स्मृतित्वेनाभ्युपगमस् तथापि व्यासयेश्वरस्य तदाविर्भावकत्वात् तदुत्कर्ष इत्य् अर्थः । तत्र प्रमाणꣳ द्वैपायनेनेत्य् आदि॥१५॥"
827,"rādhā-mohana-gosvāmī : teneti śeṣa iti | tena vyāsena | samākhyāḥ saṁjñā-viśeṣāḥ | pravacana-nibandhanāḥ sargādau prathamādhyāpaka-nāma-nibandhanāḥ | ānupūrvīti—upakramopasaṁhāra-paryantānupūrvī-viśeṣa-nirmāṇena nibandhanāḥ nibandhāḥ | svatantrecchena bhagavataiva kṛtā iti yāvat | evaṁ cetihāsa-madhye purāṇa-lakṣaṇa-sarga-pratisarādi-varṇana-sattve’pi, purāṇa-madhye paurāṇika-saṁvādādi-sattve’pi, tayor nāma-bheda svecchāmaya-bhagavat-kṛtatvād upapanna iti | yadyapi caturlakṣa-samudita-vākyasyāpauruṣeyatvaṁ yathā-śrutaitad-granthato labhyate, tathāpi nāradopadeśa-tad-adhīna-veda-vyāsa-grantha-karaṇa-prastāvādeḥ parameśvara-niḥśvasitatvaṁ na ghaṭate, vyāsa-praṇaya-pūrvaṁ pratīta-purāṇādeḥ pracchannatvenādarśanāt nāradopadeśānantaraṁ vyāsena punaḥ praṇayanād ity-ādi vivecanena pracarad-rūpa-purāṇādikaṁ vyāsan sajjīkṛtam, tatrābhidheyārtha-saṅgraho’pauruṣeṇa vākya-jātena kṛtaḥ | tat-saṅgaty-artha-prasaṅgataś ca vākyāntarāṇy uktānīti tathā vyākhyātam | anityatva-śravaṇaṁ—vyāsa-kṛtatva-śravaṇa-nibandhanam | vedatvaṁ siddham iti—apauruṣeyatva-rūpa-vedatvaṁ siddham ity arthaḥ | “vyāsa-rūpam ahaṁ kṛtvā” ity anena vyāsasya bhagavad-avatāratva-kathanād vyāsa-kṛta-veda-purāṇādi-saṅgrahasya svataḥ pramāṇatvam api bodhyam | tathāpi purāṇādau vedatve’pi, “sūtādīnāṁ” iti sūtāderviśeṣa-grahaṇān na śūdra-sāmānyasyādhikāraḥ |","राधामोहनगोस्वामी : तेनेति शेष इति । तेन व्यासेन । समाख्याः संज्ञाविशेषाः । प्रवचननिबन्धनाः सर्गादौ प्रथमाध्यापकनामनिबन्धनाः । आनुपूर्वीति—उपक्रमोपसंहारपर्यन्तानुपूर्वीविशेषनिर्माणेन निबन्धनाः निबन्धाः । स्वतन्त्रेच्छेन भगवतैव कृता इति यावत् । एवं चेतिहासमध्ये पुराणलक्षणसर्गप्रतिसरादिवर्णनसत्त्वेऽपि, पुराणमध्ये पौराणिकसंवादादिसत्त्वेऽपि, तयोर् नामभेद स्वेच्छामयभगवत्कृतत्वाद् उपपन्न इति । यद्यपि चतुर्लक्षसमुदितवाक्यस्यापौरुषेयत्वं यथाश्रुतैतद्ग्रन्थतो लभ्यते, तथापि नारदोपदेशतदधीनवेदव्यासग्रन्थकरणप्रस्तावादेः परमेश्वरनिःश्वसितत्वं न घटते, व्यासप्रणयपूर्वं प्रतीतपुराणादेः प्रच्छन्नत्वेनादर्शनात् नारदोपदेशानन्तरं व्यासेन पुनः प्रणयनाद् इत्यादि विवेचनेन प्रचरद्रूपपुराणादिकं व्यासन् सज्जीकृतम्, तत्राभिधेयार्थसङ्ग्रहोऽपौरुषेण वाक्यजातेन कृतः । तत्सङ्गत्यर्थप्रसङ्गतश् च वाक्यान्तराण्य् उक्तानीति तथा व्याख्यातम् । अनित्यत्वश्रवणं—व्यासकृतत्वश्रवणनिबन्धनम् । वेदत्वं सिद्धम् इति—अपौरुषेयत्वरूपवेदत्वं सिद्धम् इत्य् अर्थः । “व्यासरूपम् अहं कृत्वा” इत्य् अनेन व्यासस्य भगवदवतारत्वकथनाद् व्यासकृतवेदपुराणादिसङ्ग्रहस्य स्वतः प्रमाणत्वम् अपि बोध्यम् । तथापि पुराणादौ वेदत्वेऽपि, “सूतादीनां” इति सूतादेर्विशेषग्रहणान् न शूद्रसामान्यस्याधिकारः ।","राधामोहनगोस्वामी : तेनेति शेष इति । तेन व्यासेन । समाख्याः सꣳज्ञाविशेषाः । प्रवचननिबन्धनाः सर्गादौ प्रथमाध्यापकनामनिबन्धनाः । आनुपूर्वीति—उपक्रमोपसꣳहारपर्यन्तानुपूर्वीविशेषनिर्माणेन निबन्धनाः निबन्धाः । स्वतन्त्रेच्छेन भगवतैव कृता इति यावत् । एवꣳ चेतिहासमध्ये पुराणलक्षणसर्गप्रतिसरादिवर्णनसत्त्वेऽपि, पुराणमध्ये पौराणिकसꣳवादादिसत्त्वेऽपि, तयोर् नामभेद स्वेच्छामयभगवत्कृतत्वाद् उपपन्न इति । यद्यपि चतुर्लक्षसमुदितवाक्यस्यापौरुषेयत्वꣳ यथाश्रुतैतद्ग्रन्थतो लभ्यते, तथापि नारदोपदेशतदधीनवेदव्यासग्रन्थकरणप्रस्तावादेः परमेश्वरनिःश्वसितत्वꣳ न घटते, व्यासप्रणयपूर्वꣳ प्रतीतपुराणादेः प्रच्छन्नत्वेनादर्शनात् नारदोपदेशानन्तरꣳ व्यासेन पुनः प्रणयनाद् इत्यादि विवेचनेन प्रचरद्रूपपुराणादिकꣳ व्यासन् सज्जीकृतम्, तत्राभिधेयार्थसङ्ग्रहोऽपौरुषेण वाक्यजातेन कृतः । तत्सङ्गत्यर्थप्रसङ्गतश् च वाक्यान्तराण्य् उक्तानीति तथा व्याख्यातम् । अनित्यत्वश्रवणꣳ—व्यासकृतत्वश्रवणनिबन्धनम् । वेदत्वꣳ सिद्धम् इति—अपौरुषेयत्वरूपवेदत्वꣳ सिद्धम् इत्य् अर्थः । “व्यासरूपम् अहꣳ कृत्वा” इत्य् अनेन व्यासस्य भगवदवतारत्वकथनाद् व्यासकृतवेदपुराणादिसङ्ग्रहस्य स्वतः प्रमाणत्वम् अपि बोध्यम् । तथापि पुराणादौ वेदत्वेऽपि, “सूतादीनाꣳ” इति सूतादेर्विशेषग्रहणान् न शूद्रसामान्यस्याधिकारः ।"
829,	adhyetavyaṁ na cānyena brāhmaṇaṁ kṣatriyaṁ vinā |,	अध्येतव्यं न चान्येन ब्राह्मणं क्षत्रियं विना ।,	अध्येतव्यꣳ न चान्येन ब्राह्मणꣳ क्षत्रियꣳ विना ।
830,śrotavyam iha śūdreṇa nādhyetavyaṁ kadācana ||,श्रोतव्यम् इह शूद्रेण नाध्येतव्यं कदाचन ॥,श्रोतव्यम् इह शूद्रेण नाध्येतव्यꣳ कदाचन ॥
837,"vedeṣu ity atra veda-padam ṛg-ādi-caturveda-param—strī-śūdra-dvija-bandhūnāṁ trayī na śruti-gocaraḥ [bhā.pu. 1.4.25] iti prathamāt | tatra trayīti—caturvedopalakṣaṇam | yathā śukrācāryājñayā tat-kanyāyā devayānyā vivāhaḥ kṣatriyeṇāpi yayātinā kṛto na doṣāya jātaḥ, tat santāna-yadu-prabhṛtīnām uttamatvaṁ ca—samayaś cāpi sādhūnāṁ pramāṇaṁ vedavad bhavet ity-ādi-vacanāt | samayaḥ pratijñā, ata eva brāhmaṇa-vacanena paraśurāma-bhayād brāhmaṇa-sabhāyāṁ gūḍha-sthitasya kasyacit kṣatriyasya brāhmaṇatvaṁ jātam ity uktaṁ mahābhārate—","वेदेषु इत्य् अत्र वेदपदम् ऋगादिचतुर्वेदपरम्—स्त्रीशूद्रद्विजबन्धूनां त्रयी न श्रुतिगोचरः [भा.पु. १.४.२५] इति प्रथमात् । तत्र त्रयीति—चतुर्वेदोपलक्षणम् । यथा शुक्राचार्याज्ञया तत्कन्याया देवयान्या विवाहः क्षत्रियेणापि ययातिना कृतो न दोषाय जातः, तत् सन्तानयदुप्रभृतीनाम् उत्तमत्वं च—समयश् चापि साधूनां प्रमाणं वेदवद् भवेत् इत्यादिवचनात् । समयः प्रतिज्ञा, अत एव ब्राह्मणवचनेन परशुरामभयाद् ब्राह्मणसभायां गूढस्थितस्य कस्यचित् क्षत्रियस्य ब्राह्मणत्वं जातम् इत्य् उक्तं महाभारते—","वेदेषु इत्य् अत्र वेदपदम् ऋगादिचतुर्वेदपरम्—स्त्रीशूद्रद्विजबन्धूनाꣳ त्रयी न श्रुतिगोचरः [भा.पु. १.४.२५] इति प्रथमात् । तत्र त्रयीति—चतुर्वेदोपलक्षणम् । यथा शुक्राचार्याज्ञया तत्कन्याया देवयान्या विवाहः क्षत्रियेणापि ययातिना कृतो न दोषाय जातः, तत् सन्तानयदुप्रभृतीनाम् उत्तमत्वꣳ च—समयश् चापि साधूनाꣳ प्रमाणꣳ वेदवद् भवेत् इत्यादिवचनात् । समयः प्रतिज्ञा, अत एव ब्राह्मणवचनेन परशुरामभयाद् ब्राह्मणसभायाꣳ गूढस्थितस्य कस्यचित् क्षत्रियस्य ब्राह्मणत्वꣳ जातम् इत्य् उक्तꣳ महाभारते—"
840,ahaṁ cādhyagamaṁ tatra niviṣṭas tad-anugrahāt || [bhā.pu. 1.3.44],अहं चाध्यगमं तत्र निविष्टस् तदनुग्रहात् ॥ [भा.पु. १.३.४४],अहꣳ चाध्यगमꣳ तत्र निविष्टस् तदनुग्रहात् ॥ [भा.पु. १.३.४४]
842,iti prathamāt catur-veda-pāṭhas tu sūtādīnām apy anadhikṛtas tatra dvijānām evādhikārāt | ata eva prathame sūtaṁ prati śaunaka-vākyāt—manye tvāṁ viṣaye vācāṁ snātam anyatra chāndasāt [bhā.pu. 1.4.13] iti | chāndasāt vedāt | tatra hetu-vacanam uktaṁ svāmi-caraṇaiḥ—atraivarnīkatvāt iti |,इति प्रथमात् चतुर्वेदपाठस् तु सूतादीनाम् अप्य् अनधिकृतस् तत्र द्विजानाम् एवाधिकारात् । अत एव प्रथमे सूतं प्रति शौनकवाक्यात्—मन्ये त्वां विषये वाचां स्नातम् अन्यत्र छान्दसात् [भा.पु. १.४.१३] इति । छान्दसात् वेदात् । तत्र हेतुवचनम् उक्तं स्वामिचरणैः—अत्रैवर्नीकत्वात् इति ।,इति प्रथमात् चतुर्वेदपाठस् तु सूतादीनाम् अप्य् अनधिकृतस् तत्र द्विजानाम् एवाधिकारात् । अत एव प्रथमे सूतꣳ प्रति शौनकवाक्यात्—मन्ये त्वाꣳ विषये वाचाꣳ स्नातम् अन्यत्र छान्दसात् [भा.पु. १.४.१३] इति । छान्दसात् वेदात् । तत्र हेतुवचनम् उक्तꣳ स्वामिचरणैः—अत्रैवर्नीकत्वात् इति ।
844,aho vayaṁ janma-bhṛto’dya hāsma,अहो वयं जन्मभृतोऽद्य हास्म,अहो वयꣳ जन्मभृतोऽद्य हास्म
846,"dauṣkulyam ādhiṁ vidhunoti śīghraṁ
mahattamānām abhidhāna-yogaḥ ||","दौष्कुल्यम् आधिं विधुनोति शीघ्रं
महत्तमानाम् अभिधानयोगः ॥","दौष्कुल्यम् आधिꣳ विधुनोति शीघ्रꣳ
महत्तमानाम् अभिधानयोगः ॥"
854,bhāgavata-vyākhyāne labdha-prasaṅgaṁ mahatām ādara-pātram ātmānaṁ ślāghate dvābhyām | aho ity āścaryam | ha iti harṣe | vayam iti bahu-vacanaṁ ślāghāyām | pratiloma-jā apy adya janma-bhṛtaḥ sa-phala-janmāna āsma jātāḥ | vṛddhānām anuvṛttyā ādareṇa | jñāna-vṛddhaḥ śukas tasya sevayeti vā | yato duṣkulatvaṁ tan-nimittam ādhiṁ ca manaḥ-pīḍāṁ mahattamānām abhidhāna-yogo yogo laukiko’pi saṁbhāṣaṇa-lakṣaṇaḥ saṁbandho vidhunoty apanayati |,भागवतव्याख्याने लब्धप्रसङ्गं महताम् आदरपात्रम् आत्मानं श्लाघते द्वाभ्याम् । अहो इत्य् आश्चर्यम् । ह इति हर्षे । वयम् इति बहुवचनं श्लाघायाम् । प्रतिलोमजा अप्य् अद्य जन्मभृतः सफलजन्मान आस्म जाताः । वृद्धानाम् अनुवृत्त्या आदरेण । ज्ञानवृद्धः शुकस् तस्य सेवयेति वा । यतो दुष्कुलत्वं तन्निमित्तम् आधिं च मनःपीडां महत्तमानाम् अभिधानयोगो योगो लौकिकोऽपि संभाषणलक्षणः संबन्धो विधुनोत्य् अपनयति ।,भागवतव्याख्याने लब्धप्रसङ्गꣳ महताम् आदरपात्रम् आत्मानꣳ श्लाघते द्वाभ्याम् । अहो इत्य् आश्चर्यम् । ह इति हर्षे । वयम् इति बहुवचनꣳ श्लाघायाम् । प्रतिलोमजा अप्य् अद्य जन्मभृतः सफलजन्मान आस्म जाताः । वृद्धानाम् अनुवृत्त्या आदरेण । ज्ञानवृद्धः शुकस् तस्य सेवयेति वा । यतो दुष्कुलत्वꣳ तन्निमित्तम् आधिꣳ च मनःपीडाꣳ महत्तमानाम् अभिधानयोगो योगो लौकिकोऽपि सꣳभाषणलक्षणः सꣳबन्धो विधुनोत्य् अपनयति ।
856,"kutaḥ punaḥ kiṁ punar vaktavyaṁ tasyānanatasya nāma gṛṇataḥ puṁso mahattānāāna-yogo dauṣkulyaṁ vidhunotīti | yadvā nāma gṛṇataḥ punaḥ kuto dauṣkulyam iti | yad vā, gṛṇataḥ puṁsas tasya nāma dauṣkulyaṁ vidhunotīti kiṁ vaktavyam iti kaimutya-nyāyam evāha | anantāḥ śaktayo yasya | svato’py anantaḥ | kiṁca mahatsu guṇā yasya sa mahad-guṇaḥ tasya bhāvas tasmāt | yaṁ guṇato’py anantam āhuḥ ||iti |","कुतः पुनः किं पुनर् वक्तव्यं तस्याननतस्य नाम गृणतः पुंसो महत्तानाआनयोगो दौष्कुल्यं विधुनोतीति । यद्वा नाम गृणतः पुनः कुतो दौष्कुल्यम् इति । यद् वा, गृणतः पुंसस् तस्य नाम दौष्कुल्यं विधुनोतीति किं वक्तव्यम् इति कैमुत्यन्यायम् एवाह । अनन्ताः शक्तयो यस्य । स्वतोऽप्य् अनन्तः । किंच महत्सु गुणा यस्य स महद्गुणः तस्य भावस् तस्मात् । यं गुणतोऽप्य् अनन्तम् आहुः ॥इति ।","कुतः पुनः किꣳ पुनर् वक्तव्यꣳ तस्याननतस्य नाम गृणतः पुꣳसो महत्तानाआनयोगो दौष्कुल्यꣳ विधुनोतीति । यद्वा नाम गृणतः पुनः कुतो दौष्कुल्यम् इति । यद् वा, गृणतः पुꣳसस् तस्य नाम दौष्कुल्यꣳ विधुनोतीति किꣳ वक्तव्यम् इति कैमुत्यन्यायम् एवाह । अनन्ताः शक्तयो यस्य । स्वतोऽप्य् अनन्तः । किꣳच महत्सु गुणा यस्य स महद्गुणः तस्य भावस् तस्मात् । यꣳ गुणतोऽप्य् अनन्तम् आहुः ॥इति ।"
858,viloma-jātatvaṁ brāhmaṇyāṁ kṣatriyāt sūtaḥ ity ukta-lakṣaṇam | ata eva bhagavan-nāma-kathanādināpy adhikārī jñāpitaḥ | evaṁ ca sūtādīnām iti ādi-padena bhagavad-bhakti-yogādi-lakṣaṇa-guṇavatām anyeṣāṁ parigrahaḥ | tathā ināṁ bhārate nahuṣaṁ prati yudhiṣṭhira-vākyam—,विलोमजातत्वं ब्राह्मण्यां क्षत्रियात् सूतः इत्य् उक्तलक्षणम् । अत एव भगवन्नामकथनादिनाप्य् अधिकारी ज्ञापितः । एवं च सूतादीनाम् इति आदिपदेन भगवद्भक्तियोगादिलक्षणगुणवताम् अन्येषां परिग्रहः । तथा इनां भारते नहुषं प्रति युधिष्ठिरवाक्यम्—,विलोमजातत्वꣳ ब्राह्मण्याꣳ क्षत्रियात् सूतः इत्य् उक्तलक्षणम् । अत एव भगवन्नामकथनादिनाप्य् अधिकारी ज्ञापितः । एवꣳ च सूतादीनाम् इति आदिपदेन भगवद्भक्तियोगादिलक्षणगुणवताम् अन्येषाꣳ परिग्रहः । तथा इनाꣳ भारते नहुषꣳ प्रति युधिष्ठिरवाक्यम्—
860,satyaṁ dānaṁ kṣamā śīlam ānṛśāṁsyaṁ tapo ghṛṇā |,सत्यं दानं क्षमा शीलम् आनृशांस्यं तपो घृणा ।,सत्यꣳ दानꣳ क्षमा शीलम् आनृशाꣳस्यꣳ तपो घृणा ।
862,yatraitan na bhavet sarpa taṁ śūdram iti nirdiśet || iti |,यत्रैतन् न भवेत् सर्प तं शूद्रम् इति निर्दिशेत् ॥ इति ।,यत्रैतन् न भवेत् सर्प तꣳ शूद्रम् इति निर्दिशेत् ॥ इति ।
864,teṣāṁ pūrveṣām | avarajaḥ arvācīnāḥ | evam atra vakṣyamāṇāni na śūdrā bhagavad-bhaktāḥ ity-ādi-bahu-vacanāni tathādhikāre draṣṭavyānīti | yat tu—,तेषां पूर्वेषाम् । अवरजः अर्वाचीनाः । एवम् अत्र वक्ष्यमाणानि न शूद्रा भगवद्भक्ताः इत्यादिबहुवचनानि तथाधिकारे द्रष्टव्यानीति । यत् तु—,तेषाꣳ पूर्वेषाम् । अवरजः अर्वाचीनाः । एवम् अत्र वक्ष्यमाणानि न शूद्रा भगवद्भक्ताः इत्यादिबहुवचनानि तथाधिकारे द्रष्टव्यानीति । यत् तु—
866,vipro’dhītyāpnuyāt prajñāṁ rājanyodadhi-mekhalām |,विप्रोऽधीत्याप्नुयात् प्रज्ञां राजन्योदधिमेखलाम् ।,विप्रोऽधीत्याप्नुयात् प्रज्ञाꣳ राजन्योदधिमेखलाम् ।
867,vaiśyo nidhi-patitvaṁ ca śūdraḥ śuddhyati pātakān || [bhā.pu. 12.12.65],वैश्यो निधिपतित्वं च शूद्रः शुद्ध्यति पातकान् ॥ [भा.पु. १२.१२.६५],वैश्यो निधिपतित्वꣳ च शूद्रः शुद्ध्यति पातकान् ॥ [भा.पु. १२.१२.६५]
869,"iti dvādaśa-skandha-vacanāt śūdra-mātrasyādhikāra iti vadanti, tan na—śrotavyam iha śūdreṇa ity-ādi-vacana-virodhāt | sugatim āpnuyāt śravaṇāc ca śūdra-yoniḥ iti hari-vaṁśīyāc ca | udadhi-mekhalāṁ pṛthvīm | sandhir ārṣa iti | śūdro’dhītya ity asya cāntar-bhūta-ṇy-anta-kriyayā | pāṭhayitvā ity arthaḥ | pañcabhir halaiḥ karṣati gṛhī ityādivat | bhaktir atra prema-lakṣaṇā | sāmāya-bhaktim abhipretya tv āha—mādhva-bhāṣya-dhṛta-vyoma-saṁhitā-vacanam—","इति द्वादशस्कन्धवचनात् शूद्रमात्रस्याधिकार इति वदन्ति, तन् न—श्रोतव्यम् इह शूद्रेण इत्यादिवचनविरोधात् । सुगतिम् आप्नुयात् श्रवणाच् च शूद्रयोनिः इति हरिवंशीयाच् च । उदधिमेखलां पृथ्वीम् । सन्धिर् आर्ष इति । शूद्रोऽधीत्य इत्य् अस्य चान्तर्भूतण्यन्तक्रियया । पाठयित्वा इत्य् अर्थः । पञ्चभिर् हलैः कर्षति गृही इत्यादिवत् । भक्तिर् अत्र प्रेमलक्षणा । सामायभक्तिम् अभिप्रेत्य त्व् आह—माध्वभाष्यधृतव्योमसंहितावचनम्—","इति द्वादशस्कन्धवचनात् शूद्रमात्रस्याधिकार इति वदन्ति, तन् न—श्रोतव्यम् इह शूद्रेण इत्यादिवचनविरोधात् । सुगतिम् आप्नुयात् श्रवणाच् च शूद्रयोनिः इति हरिवꣳशीयाच् च । उदधिमेखलाꣳ पृथ्वीम् । सन्धिर् आर्ष इति । शूद्रोऽधीत्य इत्य् अस्य चान्तर्भूतण्यन्तक्रियया । पाठयित्वा इत्य् अर्थः । पञ्चभिर् हलैः कर्षति गृही इत्यादिवत् । भक्तिर् अत्र प्रेमलक्षणा । सामायभक्तिम् अभिप्रेत्य त्व् आह—माध्वभाष्यधृतव्योमसꣳहितावचनम्—"
872,strī-śūdra-dvija-bandhūnāṁ tantra-jñāne’dhikāritā ||,स्त्रीशूद्रद्विजबन्धूनां तन्त्रज्ञानेऽधिकारिता ॥,स्त्रीशूद्रद्विजबन्धूनाꣳ तन्त्रज्ञानेऽधिकारिता ॥
874,traivarṇikānāṁ vedoktaṁ samyag-bhaktimatāṁ harau |,त्रैवर्णिकानां वेदोक्तं सम्यग्भक्तिमतां हरौ ।,त्रैवर्णिकानाꣳ वेदोक्तꣳ सम्यग्भक्तिमताꣳ हरौ ।
875,āhur apy uttamantrīṇām adhikāraṁ tu vaidike || iti |,आहुर् अप्य् उत्तमन्त्रीणाम् अधिकारं तु वैदिके ॥ इति ।,आहुर् अप्य् उत्तमन्त्रीणाम् अधिकारꣳ तु वैदिके ॥ इति ।
877,tantra-padaṁ vedātirikta-śāstra-param | ekadeśoparakte mantra-pūjādau | veda-mantra-varjyaṁ śūdrasya iti chandogāhnika-dhṛta-smṛtau vedeti viśeṣaṇāt | smārtaṁ śūdraḥ samācaret iti mala-māsa-tattva-dhṛta-pipāna-kārikā-śravaṇāt |,तन्त्रपदं वेदातिरिक्तशास्त्रपरम् । एकदेशोपरक्ते मन्त्रपूजादौ । वेदमन्त्रवर्ज्यं शूद्रस्य इति छन्दोगाह्निकधृतस्मृतौ वेदेति विशेषणात् । स्मार्तं शूद्रः समाचरेत् इति मलमासतत्त्वधृतपिपानकारिकाश्रवणात् ।,तन्त्रपदꣳ वेदातिरिक्तशास्त्रपरम् । एकदेशोपरक्ते मन्त्रपूजादौ । वेदमन्त्रवर्ज्यꣳ शूद्रस्य इति छन्दोगाह्निकधृतस्मृतौ वेदेति विशेषणात् । स्मार्तꣳ शूद्रः समाचरेत् इति मलमासतत्त्वधृतपिपानकारिकाश्रवणात् ।
879,caturṇām api varṇānāṁ yāni proktāni śreyase |,चतुर्णाम् अपि वर्णानां यानि प्रोक्तानि श्रेयसे ।,चतुर्णाम् अपि वर्णानाꣳ यानि प्रोक्तानि श्रेयसे ।
881,viśeṣatas tu śūdrāṇāṁ pāvanāni manīṣibhiḥ |,विशेषतस् तु शूद्राणां पावनानि मनीषिभिः ।,विशेषतस् तु शूद्राणाꣳ पावनानि मनीषिभिः ।
882,aṣṭādaśa purāṇāni caritaṁ rāghavasya ca |,अष्टादश पुराणानि चरितं राघवस्य च ।,अष्टादश पुराणानि चरितꣳ राघवस्य च ।
885,"ity atra mokṣānuktiḥ | prāg-vacane śreyase ity anena mokṣasya pradhānatayā svātantreṇa kathanāt | evaṁ ca strī-śūdrādīnāṁ tantrokta-mantra-pūjādinā labdha-bhagavad-bhāvāḥ saṁsāraṁ tarantīti sūcanāya śūdrāṇāṁ purāṇādhikāre dṛṣṭāntam āha—kṛṣṇa-nāmavad iti | kṛṣṇa-nāmno vedopari-bhāgatve’pi tat-kīrtanādau pramāṇa-vaśān nara-mātrādhikāraḥ | tat-kīrtanādinā nara-mātrasya saṁsāra-taraṇam, tathā purāṇādau pramāṇa","इत्य् अत्र मोक्षानुक्तिः । प्राग्वचने श्रेयसे इत्य् अनेन मोक्षस्य प्रधानतया स्वातन्त्रेण कथनात् । एवं च स्त्रीशूद्रादीनां तन्त्रोक्तमन्त्रपूजादिना लब्धभगवद्भावाः संसारं तरन्तीति सूचनाय शूद्राणां पुराणाधिकारे दृष्टान्तम् आह—कृष्णनामवद् इति । कृष्णनाम्नो वेदोपरिभागत्वेऽपि तत्कीर्तनादौ प्रमाणवशान् नरमात्राधिकारः । तत्कीर्तनादिना नरमात्रस्य संसारतरणम्, तथा पुराणादौ प्रमाण","इत्य् अत्र मोक्षानुक्तिः । प्राग्वचने श्रेयसे इत्य् अनेन मोक्षस्य प्रधानतया स्वातन्त्रेण कथनात् । एवꣳ च स्त्रीशूद्रादीनाꣳ तन्त्रोक्तमन्त्रपूजादिना लब्धभगवद्भावाः सꣳसारꣳ तरन्तीति सूचनाय शूद्राणाꣳ पुराणाधिकारे दृष्टान्तम् आह—कृष्णनामवद् इति । कृष्णनाम्नो वेदोपरिभागत्वेऽपि तत्कीर्तनादौ प्रमाणवशान् नरमात्राधिकारः । तत्कीर्तनादिना नरमात्रस्य सꣳसारतरणम्, तथा पुराणादौ प्रमाण"
899,tathaiva dṛṣṭaṁ śrī-viṣṇu-purāṇe parāśara-vākyam—,तथैव दृष्टं श्रीविष्णुपुराणे पराशरवाक्यम्—,तथैव दृष्टꣳ श्रीविष्णुपुराणे पराशरवाक्यम्—
901,tato’tra mat-suto vyāsa aṣṭāviṁśatime’ntare |,ततोऽत्र मत्सुतो व्यास अष्टाविंशतिमेऽन्तरे ।,ततोऽत्र मत्सुतो व्यास अष्टाविꣳशतिमेऽन्तरे ।
902,vedam ekaṁ catuṣpādaṁ caturdhā vyabhajat prabhuḥ ||,वेदम् एकं चतुष्पादं चतुर्धा व्यभजत् प्रभुः ॥,वेदम् एकꣳ चतुष्पादꣳ चतुर्धा व्यभजत् प्रभुः ॥
905,tad anenaiva vyāsānāṁ śākhābhedān dvijottama |,तद् अनेनैव व्यासानां शाखाभेदान् द्विजोत्तम ।,तद् अनेनैव व्यासानाꣳ शाखाभेदान् द्विजोत्तम ।
907,kṛṣṇa-dvaipāyanaṁ vyāsaṁ viddhi nārāyaṇaṁ prabhum |,कृष्णद्वैपायनं व्यासं विद्धि नारायणं प्रभुम् ।,कृष्णद्वैपायनꣳ व्यासꣳ विद्धि नारायणꣳ प्रभुम् ।
912,nārāyaṇād viniṣpannaṁ jñānaṁ kṛta-yuge sthitam |,नारायणाद् विनिष्पन्नं ज्ञानं कृतयुगे स्थितम् ।,नारायणाद् विनिष्पन्नꣳ ज्ञानꣳ कृतयुगे स्थितम् ।
913,kiñcit tad anyathā jātaṁ tretāyāṁ dvāpare’khilam ||,किञ्चित् तद् अन्यथा जातं त्रेतायां द्वापरेऽखिलम् ॥,किञ्चित् तद् अन्यथा जातꣳ त्रेतायाꣳ द्वापरेऽखिलम् ॥
914,gautamasya ṛṣeḥ śāpāj jñāne tv ajñānatāṁ gate |,गौतमस्य ऋषेः शापाज् ज्ञाने त्व् अज्ञानतां गते ।,गौतमस्य ऋषेः शापाज् ज्ञाने त्व् अज्ञानताꣳ गते ।
916,śaraṇyaṁ śaraṇaṁ jagmur nārāyaṇam anāmayam |,शरण्यं शरणं जग्मुर् नारायणम् अनामयम् ।,शरण्यꣳ शरणꣳ जग्मुर् नारायणम् अनामयम् ।
918,avatīrṇo mahāyogī satyavatyāṁ parāśarāt |,अवतीर्णो महायोगी सत्यवत्यां पराशरात् ।,अवतीर्णो महायोगी सत्यवत्याꣳ पराशरात् ।
921,veda-śabdenātra purāṇādi-dvayam api gṛhyate | tad evam itihāsa-purāṇa-vicāra eva śreyān iti siddham | tatrāpi purāṇasyaiva garimā dṛśyate | uktaṁ hi nāradīye—,वेदशब्देनात्र पुराणादिद्वयम् अपि गृह्यते । तद् एवम् इतिहासपुराणविचार एव श्रेयान् इति सिद्धम् । तत्रापि पुराणस्यैव गरिमा दृश्यते । उक्तं हि नारदीये—,वेदशब्देनात्र पुराणादिद्वयम् अपि गृह्यते । तद् एवम् इतिहासपुराणविचार एव श्रेयान् इति सिद्धम् । तत्रापि पुराणस्यैव गरिमा दृश्यते । उक्तꣳ हि नारदीये—
923,vedārthād adhikaṁ manye purāṇārthaṁ varānane |,वेदार्थाद् अधिकं मन्ये पुराणार्थं वरानने ।,वेदार्थाद् अधिकꣳ मन्ये पुराणार्थꣳ वरानने ।
924,vedāḥ pratiṣṭhitāḥ sarve purāṇe nātra saṁśayaḥ ||,वेदाः प्रतिष्ठिताः सर्वे पुराणे नात्र संशयः ॥,वेदाः प्रतिष्ठिताः सर्वे पुराणे नात्र सꣳशयः ॥
926,sudānto’pi suśānto’pi na gatiṁ kvacid āpnuyāt || iti ||16||,सुदान्तोऽपि सुशान्तोऽपि न गतिं क्वचिद् आप्नुयात् ॥ इति ॥१६॥,सुदान्तोऽपि सुशान्तोऽपि न गतिꣳ क्वचिद् आप्नुयात् ॥ इति ॥१६॥
928,sarva-saṁvādinī : na vyākhyātam.,सर्वसंवादिनी : न व्याख्यातम्।,सर्वसꣳवादिनी : न व्याख्यातम्.
930,baladevaḥ : vyāseti | bādarāyaṇasya jñānaṁ mahākāśam | anyeṣāṁ jñānāni tu tad-aṁśa-bhūtāni khaṇḍākāśānīti tasyeśvaratvāt sārvajñyam uktam | tato’tra mat-sutaḥ ity ādau ca vyāsāntarebhyaḥpārāśaryasyeśvaratvān mahotkarṣaḥ | nārāyaṇāt ity ādau ceśvaratvaṁ prasphuṭam uktam | gautamasya śāpāt iti | varotpanna-nityadhānya-rāśir gautamo mahati durbhikṣe viprān abhojayat | atha subhikṣe gantukāmāṁs tān haṭhena nyavāsayat | te ca māyānirmitāyā go-gautama-sparśena mṛtāyā hatyām uktvā gatāḥ | tataḥ kṛta-prāyaścitto’pi gautamas tan-māyāṁ vijñāya śaśāpa | tatas teṣāṁ jñāna-lopa iti vārāhe kathāsti | adhikam iti | niḥśandehatvād iti bodhyam | anyathā kṛtvā avajñāya ||16||,बलदेवः : व्यासेति । बादरायणस्य ज्ञानं महाकाशम् । अन्येषां ज्ञानानि तु तदंशभूतानि खण्डाकाशानीति तस्येश्वरत्वात् सार्वज्ञ्यम् उक्तम् । ततोऽत्र मत्सुतः इत्य् आदौ च व्यासान्तरेभ्यःपाराशर्यस्येश्वरत्वान् महोत्कर्षः । नारायणात् इत्य् आदौ चेश्वरत्वं प्रस्फुटम् उक्तम् । गौतमस्य शापात् इति । वरोत्पन्ननित्यधान्यराशिर् गौतमो महति दुर्भिक्षे विप्रान् अभोजयत् । अथ सुभिक्षे गन्तुकामांस् तान् हठेन न्यवासयत् । ते च मायानिर्मिताया गोगौतमस्पर्शेन मृताया हत्याम् उक्त्वा गताः । ततः कृतप्रायश्चित्तोऽपि गौतमस् तन्मायां विज्ञाय शशाप । ततस् तेषां ज्ञानलोप इति वाराहे कथास्ति । अधिकम् इति । निःशन्देहत्वाद् इति बोध्यम् । अन्यथा कृत्वा अवज्ञाय ॥१६॥,बलदेवः : व्यासेति । बादरायणस्य ज्ञानꣳ महाकाशम् । अन्येषाꣳ ज्ञानानि तु तदꣳशभूतानि खण्डाकाशानीति तस्येश्वरत्वात् सार्वज्ञ्यम् उक्तम् । ततोऽत्र मत्सुतः इत्य् आदौ च व्यासान्तरेभ्यःपाराशर्यस्येश्वरत्वान् महोत्कर्षः । नारायणात् इत्य् आदौ चेश्वरत्वꣳ प्रस्फुटम् उक्तम् । गौतमस्य शापात् इति । वरोत्पन्ननित्यधान्यराशिर् गौतमो महति दुर्भिक्षे विप्रान् अभोजयत् । अथ सुभिक्षे गन्तुकामाꣳस् तान् हठेन न्यवासयत् । ते च मायानिर्मिताया गोगौतमस्पर्शेन मृताया हत्याम् उक्त्वा गताः । ततः कृतप्रायश्चित्तोऽपि गौतमस् तन्मायाꣳ विज्ञाय शशाप । ततस् तेषाꣳ ज्ञानलोप इति वाराहे कथास्ति । अधिकम् इति । निःशन्देहत्वाद् इति बोध्यम् । अन्यथा कृत्वा अवज्ञाय ॥१६॥
937,vedavan niścalaṁ manye purāṇārthaṁ dvijottamāḥ |,वेदवन् निश्चलं मन्ये पुराणार्थं द्विजोत्तमाः ।,वेदवन् निश्चलꣳ मन्ये पुराणार्थꣳ द्विजोत्तमाः ।
938,vedāḥ pratiṣṭhitāḥ sarve purāṇe nātra saṁśayaḥ ||,वेदाः प्रतिष्ठिताः सर्वे पुराणे नात्र संशयः ॥,वेदाः प्रतिष्ठिताः सर्वे पुराणे नात्र सꣳशयः ॥
939,bibhety alpa-śrutād vedī mām ayaṁ cālayiṣyati |,बिभेत्य् अल्पश्रुताद् वेदी माम् अयं चालयिष्यति ।,बिभेत्य् अल्पश्रुताद् वेदी माम् अयꣳ चालयिष्यति ।
940,itihāsa-purāṇais tu niścalo’yaṁ kutaḥ purā ||,इतिहासपुराणैस् तु निश्चलोऽयं कुतः पुरा ॥,इतिहासपुराणैस् तु निश्चलोऽयꣳ कुतः पुरा ॥
941,yan na dṛṣṭaṁ hi vedeṣu tad dṛṣṭaṁ smṛtiṣu dvijāḥ |,यन् न दृष्टं हि वेदेषु तद् दृष्टं स्मृतिषु द्विजाः ।,यन् न दृष्टꣳ हि वेदेषु तद् दृष्टꣳ स्मृतिषु द्विजाः ।
942,ubhayor yan na dṛṣṭaṁ hi tat purāṇaiḥ pragīyate ||,उभयोर् यन् न दृष्टं हि तत् पुराणैः प्रगीयते ॥,उभयोर् यन् न दृष्टꣳ हि तत् पुराणैः प्रगीयते ॥
944,purāṇaṁ naiva jānāti na ca sa syād vicakṣaṇaḥ || [2.90-93] iti |,पुराणं नैव जानाति न च स स्याद् विचक्षणः ॥ [२.९०-९३] इति ।,पुराणꣳ नैव जानाति न च स स्याद् विचक्षणः ॥ [२.९०-९३] इति ।
946,atha purāṇānām evaṁ prāmāṇye sthite’pi teṣām api sāmastyenāpracarad-rūpatvāt nānādevatāpratipādaka-prāyatvād arvācīnaiḥ kṣudra-buddhibhir artho duradhigama iti tad-avastha eva saṁśayaḥ | yad uktaṁ mātsye—,अथ पुराणानाम् एवं प्रामाण्ये स्थितेऽपि तेषाम् अपि सामस्त्येनाप्रचरद्रूपत्वात् नानादेवताप्रतिपादकप्रायत्वाद् अर्वाचीनैः क्षुद्रबुद्धिभिर् अर्थो दुरधिगम इति तदवस्थ एव संशयः । यद् उक्तं मात्स्ये—,अथ पुराणानाम् एवꣳ प्रामाण्ये स्थितेऽपि तेषाम् अपि सामस्त्येनाप्रचरद्रूपत्वात् नानादेवताप्रतिपादकप्रायत्वाद् अर्वाचीनैः क्षुद्रबुद्धिभिर् अर्थो दुरधिगम इति तदवस्थ एव सꣳशयः । यद् उक्तꣳ मात्स्ये—
948,pañcāṅgaṁ ca purāṇaṁ syād ākhyānam itarat smṛtam |,पञ्चाङ्गं च पुराणं स्याद् आख्यानम् इतरत् स्मृतम् ।,पञ्चाङ्गꣳ च पुराणꣳ स्याद् आख्यानम् इतरत् स्मृतम् ।
949,sāttvikeṣu ca kalpeṣu māhātmyam adhikaṁ hareḥ ||,सात्त्विकेषु च कल्पेषु माहात्म्यम् अधिकं हरेः ॥,सात्त्विकेषु च कल्पेषु माहात्म्यम् अधिकꣳ हरेः ॥
950,rājaseṣu ca māhātmyam adhikaṁ brahmaṇo viduḥ |,राजसेषु च माहात्म्यम् अधिकं ब्रह्मणो विदुः ।,राजसेषु च माहात्म्यम् अधिकꣳ ब्रह्मणो विदुः ।
951,tadvad agneś ca māhātmyaṁ tāmaseṣu śivasya ca |,तद्वद् अग्नेश् च माहात्म्यं तामसेषु शिवस्य च ।,तद्वद् अग्नेश् च माहात्म्यꣳ तामसेषु शिवस्य च ।
952,saṅkīrṇeṣu sarasvatyāḥ pitṝṇāṁ ca nigadyate || iti |,सङ्कीर्णेषु सरस्वत्याः पितॄणां च निगद्यते ॥ इति ।,सङ्कीर्णेषु सरस्वत्याः पितॄणाꣳ च निगद्यते ॥ इति ।
954,atrāgnes tat-tad-aganu pratipādyasya tat-tad-yajñasyety arthaḥ | śivasya ceti cakārāch chivāyāś ca | saṅkīrṇeṣu sattva-rajas-tamomayeṣu kalpeṣu bahuṣu | sarasvatyāḥ nānāvāṇyātmaka-tad-upalakṣitāyā nānādevatāyā ity arthaḥ | pitṝṇāṁ karmaṇā pitṛlokaḥ [bṛ.ā.u. 1.5.16] iti | śrutes tat prāpaka-karmaṇām ity arthaḥ ||17||,अत्राग्नेस् तत्तदगनु प्रतिपाद्यस्य तत्तद्यज्ञस्येत्य् अर्थः । शिवस्य चेति चकाराछ् छिवायाश् च । सङ्कीर्णेषु सत्त्वरजस्तमोमयेषु कल्पेषु बहुषु । सरस्वत्याः नानावाण्यात्मकतदुपलक्षिताया नानादेवताया इत्य् अर्थः । पितॄणां कर्मणा पितृलोकः [बृ.आ.उ. १.५.१६] इति । श्रुतेस् तत् प्रापककर्मणाम् इत्य् अर्थः ॥१७॥,अत्राग्नेस् तत्तदगनु प्रतिपाद्यस्य तत्तद्यज्ञस्येत्य् अर्थः । शिवस्य चेति चकाराछ् छिवायाश् च । सङ्कीर्णेषु सत्त्वरजस्तमोमयेषु कल्पेषु बहुषु । सरस्वत्याः नानावाण्यात्मकतदुपलक्षिताया नानादेवताया इत्य् अर्थः । पितॄणाꣳ कर्मणा पितृलोकः [बृ.आ.उ. १.५.१६] इति । श्रुतेस् तत् प्रापककर्मणाम् इत्य् अर्थः ॥१७॥
956,sarva-saṁvādinī : na vyākhyātam.,सर्वसंवादिनी : न व्याख्यातम्।,सर्वसꣳवादिनी : न व्याख्यातम्.
958,baladevaḥ : vedavad iti | purāṇārtho vedavat sarva-sammata ity arthaḥ | nanu paṇḍitaiḥ kṛtād veda-bhāṣyāt tad-artho grāhya iticet tatrāha bibhetīti | akṛte bhāṣye siddhe kiṁ tena kṛtrimeṇeti bhāvaḥ | atheti asndigdhārthatayā purāṇānām eva prāmāṇye pramākaraṇatva ity arthaḥ | arvācīnaiḥ kṣdra-buddhibhir iti | yasya vibhūtayo’pīdṛśyaḥ sa harir eva sarva-śreṣṭha iti tadaikārthyam—,बलदेवः : वेदवद् इति । पुराणार्थो वेदवत् सर्वसम्मत इत्य् अर्थः । ननु पण्डितैः कृताद् वेदभाष्यात् तदर्थो ग्राह्य इतिचेत् तत्राह बिभेतीति । अकृते भाष्ये सिद्धे किं तेन कृत्रिमेणेति भावः । अथेति अस्न्दिग्धार्थतया पुराणानाम् एव प्रामाण्ये प्रमाकरणत्व इत्य् अर्थः । अर्वाचीनैः क्ष्द्रबुद्धिभिर् इति । यस्य विभूतयोऽपीदृश्यः स हरिर् एव सर्वश्रेष्ठ इति तदैकार्थ्यम्—,बलदेवः : वेदवद् इति । पुराणार्थो वेदवत् सर्वसम्मत इत्य् अर्थः । ननु पण्डितैः कृताद् वेदभाष्यात् तदर्थो ग्राह्य इतिचेत् तत्राह बिभेतीति । अकृते भाष्ये सिद्धे किꣳ तेन कृत्रिमेणेति भावः । अथेति अस्न्दिग्धार्थतया पुराणानाम् एव प्रामाण्ये प्रमाकरणत्व इत्य् अर्थः । अर्वाचीनैः क्ष्द्रबुद्धिभिर् इति । यस्य विभूतयोऽपीदृश्यः स हरिर् एव सर्वश्रेष्ठ इति तदैकार्थ्यम्—
961,ādāv ante ca madhye ca hariḥ sarvatra gīyate || [ha.vaṁ. 132.95],आदाव् अन्ते च मध्ये च हरिः सर्वत्र गीयते ॥ [ह.वं. १३२.९५],आदाव् अन्ते च मध्ये च हरिः सर्वत्र गीयते ॥ [ह.वꣳ. १३२.९५]
963,iti harivaṁśoktam ajānadbhir ity arthaḥ ||17||,इति हरिवंशोक्तम् अजानद्भिर् इत्य् अर्थः ॥१७॥,इति हरिवꣳशोक्तम् अजानद्भिर् इत्य् अर्थः ॥१७॥
969,"tad evaṁ sati tat-tat-kalpa-kathāmayatvenaiva mātsya eva prasiddhānāṁ tat-tat-purāṇānāṁ vyavasthā jñāpitā | tāratamyaṁ tu kathaṁ syāt yenetara-nirṇayaḥ kriyeta ? sattvādi-tāratamyenaiveti cet, sattvāt sañjāyate jñānaṁ [gītā 14.17] iti,sattvaṁ yad brahma-darśanam [bhā.pu. 1.2.24]iti ca nyāyāt sāttvikam eva purāṇādika paramārtha-jñānāya prabalam ity āyātam | tathāpi paramārthe’pi nānā-bhaṅgyā vipratipadyamānānāṁ samādhānāya kiṁ syāt | yadi sarvasyāpi vedasya purāṇasya cārtha-nirṇayāya tenaiva śrī-bhagavatā vyāsena brahma-sūtraṁ kṛtaṁ tad-avalokanenaiva sarvo’rtho nirṇaye ity ucyate | tarhi nānya-sūtrakāra-muny-anugatair manyeta | kiṁ ca, atyanta-gūḍhārthānām alpākṣarāṇāṁ tat-sūtrāṇām anyārthatvaṁ kaścid ācakṣīta | tataḥ katarad ivātra samādhānam ? tad eva samādheyaṁ yady ekatamam eva purāṇa-lakṣaṇam apauruṣeyaṁ śāstraṁ sarva-vedetihāsa-purāṇānām artha-sāraṁ brahma-sūtropajīvyaṁ ca bhavad bhuvi sampūrṇaṁ pracarad-rūpaṁ syāt | ","तद् एवं सति तत्तत्कल्पकथामयत्वेनैव मात्स्य एव प्रसिद्धानां तत्तत्पुराणानां व्यवस्था ज्ञापिता । तारतम्यं तु कथं स्यात् येनेतरनिर्णयः क्रियेत ? सत्त्वादितारतम्येनैवेति चेत्, सत्त्वात् सञ्जायते ज्ञानं [गीता १४.१७] इति,सत्त्वं यद् ब्रह्मदर्शनम् [भा.पु. १.२.२४]इति च न्यायात् सात्त्विकम् एव पुराणादिक परमार्थज्ञानाय प्रबलम् इत्य् आयातम् । तथापि परमार्थेऽपि नानाभङ्ग्या विप्रतिपद्यमानानां समाधानाय किं स्यात् । यदि सर्वस्यापि वेदस्य पुराणस्य चार्थनिर्णयाय तेनैव श्रीभगवता व्यासेन ब्रह्मसूत्रं कृतं तदवलोकनेनैव सर्वोऽर्थो निर्णये इत्य् उच्यते । तर्हि नान्यसूत्रकारमुन्यनुगतैर् मन्येत । किं च, अत्यन्तगूढार्थानाम् अल्पाक्षराणां तत्सूत्राणाम् अन्यार्थत्वं कश्चिद् आचक्षीत । ततः कतरद् इवात्र समाधानम् ? तद् एव समाधेयं यद्य् एकतमम् एव पुराणलक्षणम् अपौरुषेयं शास्त्रं सर्ववेदेतिहासपुराणानाम् अर्थसारं ब्रह्मसूत्रोपजीव्यं च भवद् भुवि सम्पूर्णं प्रचरद्रूपं स्यात् । ","तद् एवꣳ सति तत्तत्कल्पकथामयत्वेनैव मात्स्य एव प्रसिद्धानाꣳ तत्तत्पुराणानाꣳ व्यवस्था ज्ञापिता । तारतम्यꣳ तु कथꣳ स्यात् येनेतरनिर्णयः क्रियेत ? सत्त्वादितारतम्येनैवेति चेत्, सत्त्वात् सञ्जायते ज्ञानꣳ [गीता १४.१७] इति,सत्त्वꣳ यद् ब्रह्मदर्शनम् [भा.पु. १.२.२४]इति च न्यायात् सात्त्विकम् एव पुराणादिक परमार्थज्ञानाय प्रबलम् इत्य् आयातम् । तथापि परमार्थेऽपि नानाभङ्ग्या विप्रतिपद्यमानानाꣳ समाधानाय किꣳ स्यात् । यदि सर्वस्यापि वेदस्य पुराणस्य चार्थनिर्णयाय तेनैव श्रीभगवता व्यासेन ब्रह्मसूत्रꣳ कृतꣳ तदवलोकनेनैव सर्वोऽर्थो निर्णये इत्य् उच्यते । तर्हि नान्यसूत्रकारमुन्यनुगतैर् मन्येत । किꣳ च, अत्यन्तगूढार्थानाम् अल्पाक्षराणाꣳ तत्सूत्राणाम् अन्यार्थत्वꣳ कश्चिद् आचक्षीत । ततः कतरद् इवात्र समाधानम् ? तद् एव समाधेयꣳ यद्य् एकतमम् एव पुराणलक्षणम् अपौरुषेयꣳ शास्त्रꣳ सर्ववेदेतिहासपुराणानाम् अर्थसारꣳ ब्रह्मसूत्रोपजीव्यꣳ च भवद् भुवि सम्पूर्णꣳ प्रचरद्रूपꣳ स्यात् । "
971,"satyam uktam, yata eva ca sarva-pramāṇānāṁ cakravarti-bhūtam asmad-abhimataṁ śrīmad-bhāgavatam evodbhāvitaṁ bhavatā ||18||","सत्यम् उक्तम्, यत एव च सर्वप्रमाणानां चक्रवर्तिभूतम् अस्मदभिमतं श्रीमद्भागवतम् एवोद्भावितं भवता ॥१८॥","सत्यम् उक्तम्, यत एव च सर्वप्रमाणानाꣳ चक्रवर्तिभूतम् अस्मदभिमतꣳ श्रीमद्भागवतम् एवोद्भावितꣳ भवता ॥१८॥"
973,sarva-saṁvādinī : nanu brahma-sūtrasyāpi vedāntar-bhūtatvaṁ śrūyate ity āśaṅkyāha—kiṁ cātyanta- [mū. 1] iti ||18|| ,सर्वसंवादिनी : ननु ब्रह्मसूत्रस्यापि वेदान्तर्भूतत्वं श्रूयते इत्य् आशङ्क्याह—किं चात्यन्त- [मू. १] इति ॥१८॥ ,सर्वसꣳवादिनी : ननु ब्रह्मसूत्रस्यापि वेदान्तर्भूतत्वꣳ श्रूयते इत्य् आशङ्क्याह—किꣳ चात्यन्त- [मू. १] इति ॥१८॥ 
975,"baladevaḥ : tad evam iti | mātsya eveti | purāṇa-saṅkhyā-tad-dāna-phala-kathanāñcite’dhyāya iti bodhyam | tāratamyam iti | apakarṣotkarṣa-rūpaṁ yenetarasyotkṛṣṭasya purāṇasya nirṇayaḥ syād ity arthaḥ | sāttvika-purāṇam evotkṛṣṭam iti bhāvena svayam āha sattvād iti | pṛcchati tathāpīti, paramārtha-nirṇayāya sāttvika-śāstrāṅgīkāre’pīty arthaḥ | nānā-bhaṅgyeti|saguṇaṁ nirguṇaṁ jñāna-guṇakaṁ jaḍam ity-ādikaṁ kuṭila-yukti-kadambair nirūpayatām ity arthaḥ | nānā-sūtra-kāreti | gautamādy-anusāribhir ity arthaḥ | nanu brahma-sūtra-śāstre sthite kāpekṣā tad-anya-sūtrāṇām iti cet tatrāha kiṁ cātyanteti | pṛṣṭaḥ prāha tad eveti | brahma-sūtropajīvyam iti | yena brahma-sūtraṁ sthirārthaṁ syād ity arthaḥ | pṛṣṭasya hṛd-gataṁ sphuṭayati satyam uktam ity-ādinā ||18||","बलदेवः : तद् एवम् इति । मात्स्य एवेति । पुराणसङ्ख्यातद्दानफलकथनाञ्चितेऽध्याय इति बोध्यम् । तारतम्यम् इति । अपकर्षोत्कर्षरूपं येनेतरस्योत्कृष्टस्य पुराणस्य निर्णयः स्याद् इत्य् अर्थः । सात्त्विकपुराणम् एवोत्कृष्टम् इति भावेन स्वयम् आह सत्त्वाद् इति । पृच्छति तथापीति, परमार्थनिर्णयाय सात्त्विकशास्त्राङ्गीकारेऽपीत्य् अर्थः । नानाभङ्ग्येति।सगुणं निर्गुणं ज्ञानगुणकं जडम् इत्यादिकं कुटिलयुक्तिकदम्बैर् निरूपयताम् इत्य् अर्थः । नानासूत्रकारेति । गौतमाद्यनुसारिभिर् इत्य् अर्थः । ननु ब्रह्मसूत्रशास्त्रे स्थिते कापेक्षा तदन्यसूत्राणाम् इति चेत् तत्राह किं चात्यन्तेति । पृष्टः प्राह तद् एवेति । ब्रह्मसूत्रोपजीव्यम् इति । येन ब्रह्मसूत्रं स्थिरार्थं स्याद् इत्य् अर्थः । पृष्टस्य हृद्गतं स्फुटयति सत्यम् उक्तम् इत्यादिना ॥१८॥","बलदेवः : तद् एवम् इति । मात्स्य एवेति । पुराणसङ्ख्यातद्दानफलकथनाञ्चितेऽध्याय इति बोध्यम् । तारतम्यम् इति । अपकर्षोत्कर्षरूपꣳ येनेतरस्योत्कृष्टस्य पुराणस्य निर्णयः स्याद् इत्य् अर्थः । सात्त्विकपुराणम् एवोत्कृष्टम् इति भावेन स्वयम् आह सत्त्वाद् इति । पृच्छति तथापीति, परमार्थनिर्णयाय सात्त्विकशास्त्राङ्गीकारेऽपीत्य् अर्थः । नानाभङ्ग्येति।सगुणꣳ निर्गुणꣳ ज्ञानगुणकꣳ जडम् इत्यादिकꣳ कुटिलयुक्तिकदम्बैर् निरूपयताम् इत्य् अर्थः । नानासूत्रकारेति । गौतमाद्यनुसारिभिर् इत्य् अर्थः । ननु ब्रह्मसूत्रशास्त्रे स्थिते कापेक्षा तदन्यसूत्राणाम् इति चेत् तत्राह किꣳ चात्यन्तेति । पृष्टः प्राह तद् एवेति । ब्रह्मसूत्रोपजीव्यम् इति । येन ब्रह्मसूत्रꣳ स्थिरार्थꣳ स्याद् इत्य् अर्थः । पृष्टस्य हृद्गतꣳ स्फुटयति सत्यम् उक्तम् इत्यादिना ॥१८॥"
981,"yat khalu sarva-purāṇa-jātam āvirbhāvya, brahma-sūtraṁ ca praṇīyāpy aparituṣṭena tena bhagavatā nija-sūtrāṇām akṛtrima-bhāṣya-bhūtaṁ samādhi-labdham āvirbhāvitaṁ, yasminn eva sarva-śāstra-samanvayo dṛśyate, sarva-vedārtha-lakṣaṇāṁ gāyatrīm adhikṛtya pravartitatvāt | tathā hi tat-svarūpaṁ mātsye—","यत् खलु सर्वपुराणजातम् आविर्भाव्य, ब्रह्मसूत्रं च प्रणीयाप्य् अपरितुष्टेन तेन भगवता निजसूत्राणाम् अकृत्रिमभाष्यभूतं समाधिलब्धम् आविर्भावितं, यस्मिन्न् एव सर्वशास्त्रसमन्वयो दृश्यते, सर्ववेदार्थलक्षणां गायत्रीम् अधिकृत्य प्रवर्तितत्वात् । तथा हि तत्स्वरूपं मात्स्ये—","यत् खलु सर्वपुराणजातम् आविर्भाव्य, ब्रह्मसूत्रꣳ च प्रणीयाप्य् अपरितुष्टेन तेन भगवता निजसूत्राणाम् अकृत्रिमभाष्यभूतꣳ समाधिलब्धम् आविर्भावितꣳ, यस्मिन्न् एव सर्वशास्त्रसमन्वयो दृश्यते, सर्ववेदार्थलक्षणाꣳ गायत्रीम् अधिकृत्य प्रवर्तितत्वात् । तथा हि तत्स्वरूपꣳ मात्स्ये—"
983,yatrādhikṛtya gāyatrīṁ varṇyate dharma-vistaraḥ |,यत्राधिकृत्य गायत्रीं वर्ण्यते धर्मविस्तरः ।,यत्राधिकृत्य गायत्रीꣳ वर्ण्यते धर्मविस्तरः ।
984,vṛtrāsura-vadhopetaṁ tad-bhāgavatam iṣyate || [ma.pu. 53.20],वृत्रासुरवधोपेतं तद्भागवतम् इष्यते ॥ [म.पु. ५३.२०],वृत्रासुरवधोपेतꣳ तद्भागवतम् इष्यते ॥ [म.पु. ५३.२०]
985,likhitvā tac ca yo dadyād dhema-siṁha-samanvitam |,लिखित्वा तच् च यो दद्याद् धेमसिंहसमन्वितम् ।,लिखित्वा तच् च यो दद्याद् धेमसिꣳहसमन्वितम् ।
986,prauṣṭha-padyāṁ paurṇamāsyāṁ sa yāti paramāṁ gatim |,प्रौष्ठपद्यां पौर्णमास्यां स याति परमां गतिम् ।,प्रौष्ठपद्याꣳ पौर्णमास्याꣳ स याति परमाꣳ गतिम् ।
987,aṣṭādaśa-sahasrāṇi purāṇaṁ tat prakīrtitam || [ma.pu. 53.22] iti |,अष्टादशसहस्राणि पुराणं तत् प्रकीर्तितम् ॥ [म.पु. ५३.२२] इति ।,अष्टादशसहस्राणि पुराणꣳ तत् प्रकीर्तितम् ॥ [म.पु. ५३.२२] इति ।
989,"atra gāyatrī-śabdena tat-sūcaka-tad-avyabhicāri-dhīmahi-pada-saṁvalita-tad-artham eveṣyate, sarveṣāṁ mantrāṇām ādi-rūpāyās tasyāḥ sākṣāt-kathanānarhatvāt | tad-arthatā ca janmādy asya yataḥ [bhā.pu. 1.1.1], tena brahma hṛdā iti sarva-lokāśrayatva-buddhi-vṛtti-prerakatvādi-sāmyāt | dharma-vistara ity atra dharma-śabdaḥ parama-dharma-paraḥ,dharmaḥ projjhita-kaitavo’tra paramaḥ [bhā.pu. 1.1.2] ity atraiva pratipāditatvāt | sa ca bhagavad-dhyānādi-lakṣaṇa eveti purastād vyaktībhaviṣyati ||19||","अत्र गायत्रीशब्देन तत्सूचकतदव्यभिचारिधीमहिपदसंवलिततदर्थम् एवेष्यते, सर्वेषां मन्त्राणाम् आदिरूपायास् तस्याः साक्षात्कथनानर्हत्वात् । तदर्थता च जन्माद्य् अस्य यतः [भा.पु. १.१.१], तेन ब्रह्म हृदा इति सर्वलोकाश्रयत्वबुद्धिवृत्तिप्रेरकत्वादिसाम्यात् । धर्मविस्तर इत्य् अत्र धर्मशब्दः परमधर्मपरः,धर्मः प्रोज्झितकैतवोऽत्र परमः [भा.पु. १.१.२] इत्य् अत्रैव प्रतिपादितत्वात् । स च भगवद्ध्यानादिलक्षण एवेति पुरस्ताद् व्यक्तीभविष्यति ॥१९॥","अत्र गायत्रीशब्देन तत्सूचकतदव्यभिचारिधीमहिपदसꣳवलिततदर्थम् एवेष्यते, सर्वेषाꣳ मन्त्राणाम् आदिरूपायास् तस्याः साक्षात्कथनानर्हत्वात् । तदर्थता च जन्माद्य् अस्य यतः [भा.पु. १.१.१], तेन ब्रह्म हृदा इति सर्वलोकाश्रयत्वबुद्धिवृत्तिप्रेरकत्वादिसाम्यात् । धर्मविस्तर इत्य् अत्र धर्मशब्दः परमधर्मपरः,धर्मः प्रोज्झितकैतवोऽत्र परमः [भा.पु. १.१.२] इत्य् अत्रैव प्रतिपादितत्वात् । स च भगवद्ध्यानादिलक्षण एवेति पुरस्ताद् व्यक्तीभविष्यति ॥१९॥"
991,sarva-saṁvādinī : na vyākhyātam.,सर्वसंवादिनी : न व्याख्यातम्।,सर्वसꣳवादिनी : न व्याख्यातम्.
993,baladevaḥ : śrī-bhāgavataṁ stauti—yat khalv ity-ādi | aparituṣṭeneti—purāṇa-jāte brahma-sūtre ca bhagavat-pāramaiśvarya-mādhuryayoḥ sandigdhatayā gūḍhatayā coktes tatra tatra cāparitoṣaḥ | śrī-bhāgavate tu tayos tad-vilakṣaṇatayoktes tatra paritoṣa iti bodhyam | tad-arthatā gāyatry-arthatā | sa ca bhagavad-dhyānādi-lakṣaṇa iti | viśuddha-bhakti-mārga-bodhaka ity arthaḥ ||19||,बलदेवः : श्रीभागवतं स्तौति—यत् खल्व् इत्यादि । अपरितुष्टेनेति—पुराणजाते ब्रह्मसूत्रे च भगवत्पारमैश्वर्यमाधुर्ययोः सन्दिग्धतया गूढतया चोक्तेस् तत्र तत्र चापरितोषः । श्रीभागवते तु तयोस् तद्विलक्षणतयोक्तेस् तत्र परितोष इति बोध्यम् । तदर्थता गायत्र्यर्थता । स च भगवद्ध्यानादिलक्षण इति । विशुद्धभक्तिमार्गबोधक इत्य् अर्थः ॥१९॥,बलदेवः : श्रीभागवतꣳ स्तौति—यत् खल्व् इत्यादि । अपरितुष्टेनेति—पुराणजाते ब्रह्मसूत्रे च भगवत्पारमैश्वर्यमाधुर्ययोः सन्दिग्धतया गूढतया चोक्तेस् तत्र तत्र चापरितोषः । श्रीभागवते तु तयोस् तद्विलक्षणतयोक्तेस् तत्र परितोष इति बोध्यम् । तदर्थता गायत्र्यर्थता । स च भगवद्ध्यानादिलक्षण इति । विशुद्धभक्तिमार्गबोधक इत्य् अर्थः ॥१९॥
999,"evaṁ skānde prabhāsa-khaṇḍe [2.39-42] ca,yatrādhikṛtya gāyatrīm ity-ādi | ","एवं स्कान्दे प्रभासखण्डे [२.३९-४२] च,यत्राधिकृत्य गायत्रीम् इत्यादि । ","एवꣳ स्कान्दे प्रभासखण्डे [२.३९-४२] च,यत्राधिकृत्य गायत्रीम् इत्यादि । "
1002,tad-vṛttāntodbhavaṁ loke tac ca bhāgavataṁ smṛtam ||,तद्वृत्तान्तोद्भवं लोके तच् च भागवतं स्मृतम् ॥,तद्वृत्तान्तोद्भवꣳ लोके तच् च भागवतꣳ स्मृतम् ॥
1004,likhitvā tac caity-ādi | aṣṭādaśa-sahasrāṇi purāṇaṁ tat prakīrtitam iti ca | tad evam agni-purāṇe ca vacanāni vartante | ṭīkā-kṛdbhiḥ pramāṇī-kṛte purāṇāntare ca—,लिखित्वा तच् चैत्यादि । अष्टादशसहस्राणि पुराणं तत् प्रकीर्तितम् इति च । तद् एवम् अग्निपुराणे च वचनानि वर्तन्ते । टीकाकृद्भिः प्रमाणीकृते पुराणान्तरे च—,लिखित्वा तच् चैत्यादि । अष्टादशसहस्राणि पुराणꣳ तत् प्रकीर्तितम् इति च । तद् एवम् अग्निपुराणे च वचनानि वर्तन्ते । टीकाकृद्भिः प्रमाणीकृते पुराणान्तरे च—
1008,gāyatryā ca samārambhas tad vai bhāgavataṁ viduḥ || iti |,गायत्र्या च समारम्भस् तद् वै भागवतं विदुः ॥ इति ।,गायत्र्या च समारम्भस् तद् वै भागवतꣳ विदुः ॥ इति ।
1010,atra hayagrīva-brahma-vidyā iti vṛtra-vadha-sāhacaryeṇa nārāyaṇa-varmaivocyate | hayagrīva-śabdenātrāśvaśirā dadhīcir evocyate | tenaiva ca pravartitā nārāyaṇa-varmākhyā brahma-vidyā | tasyāśva-śirastvaṁ ca ṣaṣṭheyad vā aśva-śiro nāma [bhā.pu. 6.9.52] ity atra prasiddhaṁ nārāyaṇa-varmaṇo brahma-vidyātvaṁ ca—,अत्र हयग्रीवब्रह्मविद्या इति वृत्रवधसाहचर्येण नारायणवर्मैवोच्यते । हयग्रीवशब्देनात्राश्वशिरा दधीचिर् एवोच्यते । तेनैव च प्रवर्तिता नारायणवर्माख्या ब्रह्मविद्या । तस्याश्वशिरस्त्वं च षष्ठेयद् वा अश्वशिरो नाम [भा.पु. ६.९.५२] इत्य् अत्र प्रसिद्धं नारायणवर्मणो ब्रह्मविद्यात्वं च—,अत्र हयग्रीवब्रह्मविद्या इति वृत्रवधसाहचर्येण नारायणवर्मैवोच्यते । हयग्रीवशब्देनात्राश्वशिरा दधीचिर् एवोच्यते । तेनैव च प्रवर्तिता नारायणवर्माख्या ब्रह्मविद्या । तस्याश्वशिरस्त्वꣳ च षष्ठेयद् वा अश्वशिरो नाम [भा.पु. ६.९.५२] इत्य् अत्र प्रसिद्धꣳ नारायणवर्मणो ब्रह्मविद्यात्वꣳ च—
1013,pravargyaṁ brahma-vidyāṁ ca sat-kṛto’satya-śaṅkitaḥ || ,प्रवर्ग्यं ब्रह्मविद्यां च सत्कृतोऽसत्यशङ्कितः ॥ ,प्रवर्ग्यꣳ ब्रह्मविद्याꣳ च सत्कृतोऽसत्यशङ्कितः ॥ 
1015,iti ṭīkotthāpita-vacanena ceti | śrīmad-bhāgavatasya bhagavat-priyatvena bhāgavatābhīṣṭatvena ca parama-sāttvikatvam | yathā pādme ambarīṣaṁ prati gautama-praśnaḥ—,इति टीकोत्थापितवचनेन चेति । श्रीमद्भागवतस्य भगवत्प्रियत्वेन भागवताभीष्टत्वेन च परमसात्त्विकत्वम् । यथा पाद्मे अम्बरीषं प्रति गौतमप्रश्नः—,इति टीकोत्थापितवचनेन चेति । श्रीमद्भागवतस्य भगवत्प्रियत्वेन भागवताभीष्टत्वेन च परमसात्त्विकत्वम् । यथा पाद्मे अम्बरीषꣳ प्रति गौतमप्रश्नः—
1017,purāṇaṁ tvaṁ bhāgavataṁ paṭhase purato hareḥ |,पुराणं त्वं भागवतं पठसे पुरतो हरेः ।,पुराणꣳ त्वꣳ भागवतꣳ पठसे पुरतो हरेः ।
1018,caritaṁ daitya-rājasya prahlādasya ca bhūpate || [pa.pu. 6.22.115],चरितं दैत्यराजस्य प्रह्लादस्य च भूपते ॥ [प.पु. ६.२२.११५],चरितꣳ दैत्यराजस्य प्रह्लादस्य च भूपते ॥ [प.पु. ६.२२.११५]
1023,gītānām asahasraṁ ca purāṇaṁ śuka-bhāṣitam |,गीतानाम् असहस्रं च पुराणं शुकभाषितम् ।,गीतानाम् असहस्रꣳ च पुराणꣳ शुकभाषितम् ।
1024,paṭhitavyaṁ prayatnena hareḥ santoṣa-kāraṇam || [pa.pu.],पठितव्यं प्रयत्नेन हरेः सन्तोषकारणम् ॥ [प.पु.],पठितव्यꣳ प्रयत्नेन हरेः सन्तोषकारणम् ॥ [प.पु.]
1028,ambarīṣa śuka-proktaṁ nityaṁ bhāgavataṁ śṛṇu |,अम्बरीष शुकप्रोक्तं नित्यं भागवतं शृणु ।,अम्बरीष शुकप्रोक्तꣳ नित्यꣳ भागवतꣳ शृणु ।
1031,skānde prahlāda-saṁhitāyāṁ dvārakā-māhātmye—,स्कान्दे प्रह्लादसंहितायां द्वारकामाहात्म्ये—,स्कान्दे प्रह्लादसꣳहितायाꣳ द्वारकामाहात्म्ये—
1033,śrīmad-bhāgavataṁ bhaktyā paṭhate hari-sannidhau |,श्रीमद्भागवतं भक्त्या पठते हरिसन्निधौ ।,श्रीमद्भागवतꣳ भक्त्या पठते हरिसन्निधौ ।
1034,jāgare tat-padaṁ yāti kula-vṛnda-samanvitaḥ ||20||,जागरे तत्पदं याति कुलवृन्दसमन्वितः ॥२०॥,जागरे तत्पदꣳ याति कुलवृन्दसमन्वितः ॥२०॥
1036,sarva-saṁvādinī : śrī-bhāgavata-svarūpa-jñāne pramāṇāntaram āha—evaṁ skānda iti | “yatra” ity-ādikaṁ ca padyaṁ yathā mātsyam eva jñeyam | sārasvatasya iti tat-kalpa-madhye yā bhagaval-līlās tat-sambandhinaḥ | ,सर्वसंवादिनी : श्रीभागवतस्वरूपज्ञाने प्रमाणान्तरम् आह—एवं स्कान्द इति । “यत्र” इत्यादिकं च पद्यं यथा मात्स्यम् एव ज्ञेयम् । सारस्वतस्य इति तत्कल्पमध्ये या भगवल्लीलास् तत्सम्बन्धिनः । ,सर्वसꣳवादिनी : श्रीभागवतस्वरूपज्ञाने प्रमाणान्तरम् आह—एवꣳ स्कान्द इति । “यत्र” इत्यादिकꣳ च पद्यꣳ यथा मात्स्यम् एव ज्ञेयम् । सारस्वतस्य इति तत्कल्पमध्ये या भगवल्लीलास् तत्सम्बन्धिनः । 
1038,"“ye syur narāmarāḥ” [skāndhe prabhāsa-khaṇḍe] iti kalpāntara-bhagavat-kathā tu tatra prāyiky evety arthaḥ | sā ca pādma-kalpam atho śṛṇu ity ādyā | yatra viśeṣa-vākyam, tatrānyatra kvacid eveti jñeyam | atra prabhāsa-khaṇḍe yad aṣṭādaśa-purāṇāvirbhāvānantaram eva bhārataṁ prakāśitam iti śrūyate, tad bhāgavata-virodhāt, bhāratārtha-vinirṇayaḥ [gāruḍoktau] iti śrī-bhāgavata-māhātmya-virodhāc ca | pūrvaṁ kṛtam api bhārataṁ tat-paścāj janamejayādiṣu pracāritam ity apekṣyaiva jñeyam | tad evaṁ pramāṇa-prakaraṇaṁ vyākhyātam ||20||","“ये स्युर् नरामराः” [स्कान्धे प्रभासखण्डे] इति कल्पान्तरभगवत्कथा तु तत्र प्रायिक्य् एवेत्य् अर्थः । सा च पाद्मकल्पम् अथो शृणु इत्य् आद्या । यत्र विशेषवाक्यम्, तत्रान्यत्र क्वचिद् एवेति ज्ञेयम् । अत्र प्रभासखण्डे यद् अष्टादशपुराणाविर्भावानन्तरम् एव भारतं प्रकाशितम् इति श्रूयते, तद् भागवतविरोधात्, भारतार्थविनिर्णयः [गारुडोक्तौ] इति श्रीभागवतमाहात्म्यविरोधाच् च । पूर्वं कृतम् अपि भारतं तत्पश्चाज् जनमेजयादिषु प्रचारितम् इत्य् अपेक्ष्यैव ज्ञेयम् । तद् एवं प्रमाणप्रकरणं व्याख्यातम् ॥२०॥","“ये स्युर् नरामराः” [स्कान्धे प्रभासखण्डे] इति कल्पान्तरभगवत्कथा तु तत्र प्रायिक्य् एवेत्य् अर्थः । सा च पाद्मकल्पम् अथो शृणु इत्य् आद्या । यत्र विशेषवाक्यम्, तत्रान्यत्र क्वचिद् एवेति ज्ञेयम् । अत्र प्रभासखण्डे यद् अष्टादशपुराणाविर्भावानन्तरम् एव भारतꣳ प्रकाशितम् इति श्रूयते, तद् भागवतविरोधात्, भारतार्थविनिर्णयः [गारुडोक्तौ] इति श्रीभागवतमाहात्म्यविरोधाच् च । पूर्वꣳ कृतम् अपि भारतꣳ तत्पश्चाज् जनमेजयादिषु प्रचारितम् इत्य् अपेक्ष्यैव ज्ञेयम् । तद् एवꣳ प्रमाणप्रकरणꣳ व्याख्यातम् ॥२०॥"
1040,baladevaḥ : grantha ity ādau hayagrīvādi-śabdayor bhrāntiṁ nirākurvan vyācaṣṭe | atra hayagrīvety ādinā | etac chrutveti | dadhyaṅ dadhīciḥ | pravargyam iti prāṇa-vidyām | nanu pādmādīni sāttvikāni pañca santi | tair astu vicāra iti cet tatrāha śrīmad iti | etasya parama-sāttvikatve pādmādi-vacanāny udāharati purāṇaṁ tvam ity-ādinā | kula-vṛndeti tat-kartṛka-śravaṇa-mahimnā tat-kulasya ca hari-pada-lābha ity arthaḥ ||20||,बलदेवः : ग्रन्थ इत्य् आदौ हयग्रीवादिशब्दयोर् भ्रान्तिं निराकुर्वन् व्याचष्टे । अत्र हयग्रीवेत्य् आदिना । एतच् छ्रुत्वेति । दध्यङ् दधीचिः । प्रवर्ग्यम् इति प्राणविद्याम् । ननु पाद्मादीनि सात्त्विकानि पञ्च सन्ति । तैर् अस्तु विचार इति चेत् तत्राह श्रीमद् इति । एतस्य परमसात्त्विकत्वे पाद्मादिवचनान्य् उदाहरति पुराणं त्वम् इत्यादिना । कुलवृन्देति तत्कर्तृकश्रवणमहिम्ना तत्कुलस्य च हरिपदलाभ इत्य् अर्थः ॥२०॥,बलदेवः : ग्रन्थ इत्य् आदौ हयग्रीवादिशब्दयोर् भ्रान्तिꣳ निराकुर्वन् व्याचष्टे । अत्र हयग्रीवेत्य् आदिना । एतच् छ्रुत्वेति । दध्यङ् दधीचिः । प्रवर्ग्यम् इति प्राणविद्याम् । ननु पाद्मादीनि सात्त्विकानि पञ्च सन्ति । तैर् अस्तु विचार इति चेत् तत्राह श्रीमद् इति । एतस्य परमसात्त्विकत्वे पाद्मादिवचनान्य् उदाहरति पुराणꣳ त्वम् इत्यादिना । कुलवृन्देति तत्कर्तृकश्रवणमहिम्ना तत्कुलस्य च हरिपदलाभ इत्य् अर्थः ॥२०॥
1049,artho’yaṁ brahma-sūtrāṇāṁ bhāratārtha-vinirṇayaḥ ||,अर्थोऽयं ब्रह्मसूत्राणां भारतार्थविनिर्णयः ॥,अर्थोऽयꣳ ब्रह्मसूत्राणाꣳ भारतार्थविनिर्णयः ॥
1050,gāyatrī-bhāṣya-rūpo’sau vedārtha-paribṛṁhitaḥ |,गायत्रीभाष्यरूपोऽसौ वेदार्थपरिबृंहितः ।,गायत्रीभाष्यरूपोऽसौ वेदार्थपरिबृꣳहितः ।
1051,purāṇānāṁ sāma-rūpaḥ sākṣād-bhagavatoditaḥ ||,पुराणानां सामरूपः साक्षाद्भगवतोदितः ॥,पुराणानाꣳ सामरूपः साक्षाद्भगवतोदितः ॥
1052,dvādaśa-skandha-yukto’yaṁ śata-viccheda-saṁyutaḥ |,द्वादशस्कन्धयुक्तोऽयं शतविच्छेदसंयुतः ।,द्वादशस्कन्धयुक्तोऽयꣳ शतविच्छेदसꣳयुतः ।
1055,"brahma-sūtrāṇām arthas teṣām akṛtrima-bhāṣya-bhūta ity arthaḥ | pūrvaṁ sūkṣmatvena manasy āvirbhūtaṁ, tad eva saṅkṣipya sūtratvena punaḥ prakaṭitaṁ, paścād vistīrṇatvena sākṣāc-chrī-bhāgavatam iti | tasmāt tad-bhāṣya-bhūte svataḥ-siddhe tasmin satyarvacīnam anyad anyeṣāṁ sva-sva-kapola-kalpitaṁ tad-anugatam evādaraṇīyam iti gamyate | ","ब्रह्मसूत्राणाम् अर्थस् तेषाम् अकृत्रिमभाष्यभूत इत्य् अर्थः । पूर्वं सूक्ष्मत्वेन मनस्य् आविर्भूतं, तद् एव सङ्क्षिप्य सूत्रत्वेन पुनः प्रकटितं, पश्चाद् विस्तीर्णत्वेन साक्षाच्छ्रीभागवतम् इति । तस्मात् तद्भाष्यभूते स्वतःसिद्धे तस्मिन् सत्यर्वचीनम् अन्यद् अन्येषां स्वस्वकपोलकल्पितं तदनुगतम् एवादरणीयम् इति गम्यते । ","ब्रह्मसूत्राणाम् अर्थस् तेषाम् अकृत्रिमभाष्यभूत इत्य् अर्थः । पूर्वꣳ सूक्ष्मत्वेन मनस्य् आविर्भूतꣳ, तद् एव सङ्क्षिप्य सूत्रत्वेन पुनः प्रकटितꣳ, पश्चाद् विस्तीर्णत्वेन साक्षाच्छ्रीभागवतम् इति । तस्मात् तद्भाष्यभूते स्वतःसिद्धे तस्मिन् सत्यर्वचीनम् अन्यद् अन्येषाꣳ स्वस्वकपोलकल्पितꣳ तदनुगतम् एवादरणीयम् इति गम्यते । "
1059,nirṇayaḥ sarva-śāstrāṇāṁ bhārataṁ parikīrtitam |,निर्णयः सर्वशास्त्राणां भारतं परिकीर्तितम् ।,निर्णयः सर्वशास्त्राणाꣳ भारतꣳ परिकीर्तितम् ।
1060,bhārataṁ sarva-vedāś ca tulām āropitāḥ purā |,भारतं सर्ववेदाश् च तुलाम् आरोपिताः पुरा ।,भारतꣳ सर्ववेदाश् च तुलाम् आरोपिताः पुरा ।
1065,ity ādy-ukta-lakṣaṇasya bhāratasyārtha-vinirṇayo yatra saḥ | śrī-bhagavaty eva tātparyaṁ tasyāpi | tad uktaṁ mokṣa-dharme nārāyaṇīye śrī-veda-vyāsaṁ prati janamejayena—,इत्य् आद्युक्तलक्षणस्य भारतस्यार्थविनिर्णयो यत्र सः । श्रीभगवत्य् एव तात्पर्यं तस्यापि । तद् उक्तं मोक्षधर्मे नारायणीये श्रीवेदव्यासं प्रति जनमेजयेन—,इत्य् आद्युक्तलक्षणस्य भारतस्यार्थविनिर्णयो यत्र सः । श्रीभगवत्य् एव तात्पर्यꣳ तस्यापि । तद् उक्तꣳ मोक्षधर्मे नारायणीये श्रीवेदव्यासꣳ प्रति जनमेजयेन—
1067,idaṁ śata-sahasrād dhi bhāratākhyāna-vistarāt |,इदं शतसहस्राद् धि भारताख्यानविस्तरात् ।,इदꣳ शतसहस्राद् धि भारताख्यानविस्तरात् ।
1069,navanītaṁ yathā dadhno malayāc candanaṁ yathā |,नवनीतं यथा दध्नो मलयाच् चन्दनं यथा ।,नवनीतꣳ यथा दध्नो मलयाच् चन्दनꣳ यथा ।
1070,āraṇyakaṁ ca vedebhya oṣadhibhyo’mṛtaṁ yathā ||,आरण्यकं च वेदेभ्य ओषधिभ्योऽमृतं यथा ॥,आरण्यकꣳ च वेदेभ्य ओषधिभ्योऽमृतꣳ यथा ॥
1071,samuddhṛtam idaṁ brahman kathāmṛtam anuttamam |,समुद्धृतम् इदं ब्रह्मन् कथामृतम् अनुत्तमम् ।,समुद्धृतम् इदꣳ ब्रह्मन् कथामृतम् अनुत्तमम् ।
1072,tapo-nidhe tvayoktaṁ hi nārāyaṇa-kathāśrayam || [ma.bhā. 12.331.2-4] iti ||21||,तपोनिधे त्वयोक्तं हि नारायणकथाश्रयम् ॥ [म.भा. १२.३३१.२-४] इति ॥२१॥,तपोनिधे त्वयोक्तꣳ हि नारायणकथाश्रयम् ॥ [म.भा. १२.३३१.२-४] इति ॥२१॥
1074,sarva-saṁvādinī : na vyākhyātam.,सर्वसंवादिनी : न व्याख्यातम्।,सर्वसꣳवादिनी : न व्याख्यातम्.
1076,baladevaḥ : gāruḍa-vacanaiś ca parama-sāttvikatvaṁ vyañjayan brahma-sūtrādy-artha-nirṇīyakatvaṁ guṇam āha artho’yam iti | gāruḍa-vākya-padāni vyācaṣṭe brahma-sūtrāṇām ity-ādinā | tasmāt tad-bhāṣyety ādi anyad vaiṣṇavācārya-racitam ādhunikaṁ bhāṣyaṁ tad-anugataṁ śrī-bhāgavatāviruddham evādartavyam | tad-viruddhaṁ śaṅkara-bhaṭṭa-bhāskarādi-racitaṁ tu heyam ity arthaḥ | bhāratārtheti padaṁ vyākurvan bhārata-vākyenaiva bhārata-svarūpaṁ darśayati nirṇayaḥ sarveti | bhārataṁ kiṁ tātparyakam ity āha śrībhagavaty eveti | tasya bhāratasyāpīty arthaḥ | bhāratasya bhagavat-tāt-paryakatve nārāyaṇīya-vākyam udāharati idaṁ śatety ādi ||21||,बलदेवः : गारुडवचनैश् च परमसात्त्विकत्वं व्यञ्जयन् ब्रह्मसूत्राद्यर्थनिर्णीयकत्वं गुणम् आह अर्थोऽयम् इति । गारुडवाक्यपदानि व्याचष्टे ब्रह्मसूत्राणाम् इत्यादिना । तस्मात् तद्भाष्येत्य् आदि अन्यद् वैष्णवाचार्यरचितम् आधुनिकं भाष्यं तदनुगतं श्रीभागवताविरुद्धम् एवादर्तव्यम् । तद्विरुद्धं शङ्करभट्टभास्करादिरचितं तु हेयम् इत्य् अर्थः । भारतार्थेति पदं व्याकुर्वन् भारतवाक्येनैव भारतस्वरूपं दर्शयति निर्णयः सर्वेति । भारतं किं तात्पर्यकम् इत्य् आह श्रीभगवत्य् एवेति । तस्य भारतस्यापीत्य् अर्थः । भारतस्य भगवत्तात्पर्यकत्वे नारायणीयवाक्यम् उदाहरति इदं शतेत्य् आदि ॥२१॥,बलदेवः : गारुडवचनैश् च परमसात्त्विकत्वꣳ व्यञ्जयन् ब्रह्मसूत्राद्यर्थनिर्णीयकत्वꣳ गुणम् आह अर्थोऽयम् इति । गारुडवाक्यपदानि व्याचष्टे ब्रह्मसूत्राणाम् इत्यादिना । तस्मात् तद्भाष्येत्य् आदि अन्यद् वैष्णवाचार्यरचितम् आधुनिकꣳ भाष्यꣳ तदनुगतꣳ श्रीभागवताविरुद्धम् एवादर्तव्यम् । तद्विरुद्धꣳ शङ्करभट्टभास्करादिरचितꣳ तु हेयम् इत्य् अर्थः । भारतार्थेति पदꣳ व्याकुर्वन् भारतवाक्येनैव भारतस्वरूपꣳ दर्शयति निर्णयः सर्वेति । भारतꣳ किꣳ तात्पर्यकम् इत्य् आह श्रीभगवत्य् एवेति । तस्य भारतस्यापीत्य् अर्थः । भारतस्य भगवत्तात्पर्यकत्वे नारायणीयवाक्यम् उदाहरति इदꣳ शतेत्य् आदि ॥२१॥
1084,munir vivakṣur bhagavad-guṇānāṁ,मुनिर् विवक्षुर् भगवद्गुणानां,मुनिर् विवक्षुर् भगवद्गुणानाꣳ
1086,yasmin nṛṇāṁ grāmya-sukhānuvādair,यस्मिन् नृणां ग्राम्यसुखानुवादैर्,यस्मिन् नृणाꣳ ग्राम्यसुखानुवादैर्
1089,tasmād gāyatrī-bhāṣya-rūpo’sau | tathaiva hi viṣṇu-dharmottarādau tad-vyākhyāne bhagavān eva vistareṇa pratipāditaḥ | atra janmādyasya ity asya vyākhyānaṁ ca tathā darśayiṣyate | ,तस्माद् गायत्रीभाष्यरूपोऽसौ । तथैव हि विष्णुधर्मोत्तरादौ तद्व्याख्याने भगवान् एव विस्तरेण प्रतिपादितः । अत्र जन्माद्यस्य इत्य् अस्य व्याख्यानं च तथा दर्शयिष्यते । ,तस्माद् गायत्रीभाष्यरूपोऽसौ । तथैव हि विष्णुधर्मोत्तरादौ तद्व्याख्याने भगवान् एव विस्तरेण प्रतिपादितः । अत्र जन्माद्यस्य इत्य् अस्य व्याख्यानꣳ च तथा दर्शयिष्यते । 
1091,"vedārtha-paribṛṁhitaḥ | vedārthasya paribṛṁhaṇaṁ yasmāt | tac coktam,itihāsa-purāṇābhyām ity-ādi | purāṇānāṁ sāma-rūpaḥ | vedeṣu sāmavat sa teṣu śreṣṭha ity arthaḥ | ataeva skānde—","वेदार्थपरिबृंहितः । वेदार्थस्य परिबृंहणं यस्मात् । तच् चोक्तम्,इतिहासपुराणाभ्याम् इत्यादि । पुराणानां सामरूपः । वेदेषु सामवत् स तेषु श्रेष्ठ इत्य् अर्थः । अतएव स्कान्दे—","वेदार्थपरिबृꣳहितः । वेदार्थस्य परिबृꣳहणꣳ यस्मात् । तच् चोक्तम्,इतिहासपुराणाभ्याम् इत्यादि । पुराणानाꣳ सामरूपः । वेदेषु सामवत् स तेषु श्रेष्ठ इत्य् अर्थः । अतएव स्कान्दे—"
1094,na yasya tiṣṭhate gehe śāstraṁ bhāgavataṁ kalau ||,न यस्य तिष्ठते गेहे शास्त्रं भागवतं कलौ ॥,न यस्य तिष्ठते गेहे शास्त्रꣳ भागवतꣳ कलौ ॥
1095,kathaṁ sa vaiṣṇavo jñeyaḥ śāstraṁ bhāgavataṁ kalau |,कथं स वैष्णवो ज्ञेयः शास्त्रं भागवतं कलौ ।,कथꣳ स वैष्णवो ज्ञेयः शास्त्रꣳ भागवतꣳ कलौ ।
1097,yatra yatra bhaved vipra śāstraṁ bhāgavataṁ kalau |,यत्र यत्र भवेद् विप्र शास्त्रं भागवतं कलौ ।,यत्र यत्र भवेद् विप्र शास्त्रꣳ भागवतꣳ कलौ ।
1099,yaḥ paṭhet prayato nityaṁ ślokaṁ bhāgavataṁ mune |,यः पठेत् प्रयतो नित्यं श्लोकं भागवतं मुने ।,यः पठेत् प्रयतो नित्यꣳ श्लोकꣳ भागवतꣳ मुने ।
1100,aṣṭādaśa-purāṇānāṁ phalaṁ prāpnoti mānavaḥ || iti |,अष्टादशपुराणानां फलं प्राप्नोति मानवः ॥ इति ।,अष्टादशपुराणानाꣳ फलꣳ प्राप्नोति मानवः ॥ इति ।
1101,"[viṣṇu-khaṇḍe mārga-śīrṣa-māhātmye 16.40,42,44,33]","[विष्णुखण्डे मार्गशीर्षमाहात्म्ये १६।४०,४२,४४,३३]","[विष्णुखण्डे मार्गशीर्षमाहात्म्ये १६.४०,४२,४४,३३]"
1102,śata-viccheda-saṁyutaḥ | pañcatriṁśad-adhika-śata-trayādhyāya-viśiṣṭa ity arthaḥ | spaṣṭārtham anyat | ,शतविच्छेदसंयुतः । पञ्चत्रिंशदधिकशतत्रयाध्यायविशिष्ट इत्य् अर्थः । स्पष्टार्थम् अन्यत् । ,शतविच्छेदसꣳयुतः । पञ्चत्रिꣳशदधिकशतत्रयाध्यायविशिष्ट इत्य् अर्थः । स्पष्टार्थम् अन्यत् । 
1104,tad evaṁ paramārtha-vivitsubhiḥ śrī-bhāgavatam eva sāmprataṁ vicāraṇīyam iti sthitam | hemādrervrata-khaṇḍe—,तद् एवं परमार्थविवित्सुभिः श्रीभागवतम् एव साम्प्रतं विचारणीयम् इति स्थितम् । हेमाद्रेर्व्रतखण्डे—,तद् एवꣳ परमार्थविवित्सुभिः श्रीभागवतम् एव साम्प्रतꣳ विचारणीयम् इति स्थितम् । हेमाद्रेर्व्रतखण्डे—
1106,strī-śūdra-dvijabandhūnāṁ trayī na śruti-gocarā |,स्त्रीशूद्रद्विजबन्धूनां त्रयी न श्रुतिगोचरा ।,स्त्रीशूद्रद्विजबन्धूनाꣳ त्रयी न श्रुतिगोचरा ।
1107,karma-śreyasi mūḍhānāṁ śreya evaṁ bhaved iha |,कर्मश्रेयसि मूढानां श्रेय एवं भवेद् इह ।,कर्मश्रेयसि मूढानाꣳ श्रेय एवꣳ भवेद् इह ।
1108,iti bhāratam ākhyānaṁ kṛpayā muninā kṛtam || [bhā.pu. 1.4.25],इति भारतम् आख्यानं कृपया मुनिना कृतम् ॥ [भा.पु. १.४.२५],इति भारतम् आख्यानꣳ कृपया मुनिना कृतम् ॥ [भा.पु. १.४.२५]
1110,iti vākyaṁ śrī-bhāgavatīyatvenotthāpya bhāratasya vedārtha-tulyatvena nirṇayaḥ kṛta iti | tan-matānusāreṇa tv evaṁ vyākhyeyaṁ bhāratārthasya vinirṇayaḥ | vedārtha-tulyatvena viśiṣya nirṇayo yatreti | yasmād evaṁ bhagavat-paras tasmād eva yatrādhikṛtya gāyatrīm iti kṛta-lakṣaṇa-śrīmad-bhāgavata-nāmā granthaḥ śrī-bhagavat-parāyā gāyatryā bhāṣya-rūpo’sau | tad uktaṁ yatrādhikṛtya gāyatrīm ity-ādi | ,इति वाक्यं श्रीभागवतीयत्वेनोत्थाप्य भारतस्य वेदार्थतुल्यत्वेन निर्णयः कृत इति । तन्मतानुसारेण त्व् एवं व्याख्येयं भारतार्थस्य विनिर्णयः । वेदार्थतुल्यत्वेन विशिष्य निर्णयो यत्रेति । यस्माद् एवं भगवत्परस् तस्माद् एव यत्राधिकृत्य गायत्रीम् इति कृतलक्षणश्रीमद्भागवतनामा ग्रन्थः श्रीभगवत्पराया गायत्र्या भाष्यरूपोऽसौ । तद् उक्तं यत्राधिकृत्य गायत्रीम् इत्यादि । ,इति वाक्यꣳ श्रीभागवतीयत्वेनोत्थाप्य भारतस्य वेदार्थतुल्यत्वेन निर्णयः कृत इति । तन्मतानुसारेण त्व् एवꣳ व्याख्येयꣳ भारतार्थस्य विनिर्णयः । वेदार्थतुल्यत्वेन विशिष्य निर्णयो यत्रेति । यस्माद् एवꣳ भगवत्परस् तस्माद् एव यत्राधिकृत्य गायत्रीम् इति कृतलक्षणश्रीमद्भागवतनामा ग्रन्थः श्रीभगवत्पराया गायत्र्या भाष्यरूपोऽसौ । तद् उक्तꣳ यत्राधिकृत्य गायत्रीम् इत्यादि । 
1112,tathaiva hy agni-purāṇetasya vyākhyāne vistareṇa pratipāditaḥ | tatra tadīya-vyākhyā-dig-darśanaṁ yathā—,तथैव ह्य् अग्निपुराणेतस्य व्याख्याने विस्तरेण प्रतिपादितः । तत्र तदीयव्याख्यादिग्दर्शनं यथा—,तथैव ह्य् अग्निपुराणेतस्य व्याख्याने विस्तरेण प्रतिपादितः । तत्र तदीयव्याख्यादिग्दर्शनꣳ यथा—
1114,taj-jyotiḥ paramaṁ brahma bhargas tejo yataḥ smṛtaḥ | [a.pu. 216.3],तज्ज्योतिः परमं ब्रह्म भर्गस् तेजो यतः स्मृतः । [अ.पु. २१६.३],तज्ज्योतिः परमꣳ ब्रह्म भर्गस् तेजो यतः स्मृतः । [अ.पु. २१६.३]
1119,śivaṁ kecit paṭhanti sma śakti-rūpaṁ paṭhanti ca |,शिवं केचित् पठन्ति स्म शक्तिरूपं पठन्ति च ।,शिवꣳ केचित् पठन्ति स्म शक्तिरूपꣳ पठन्ति च ।
1120,kecit sūryaṁ kecid agniṁ daivatāny agni-hotriṇaḥ ||,केचित् सूर्यं केचिद् अग्निं दैवतान्य् अग्निहोत्रिणः ॥,केचित् सूर्यꣳ केचिद् अग्निꣳ दैवतान्य् अग्निहोत्रिणः ॥
1123,atra janmādyasya ity asya vyākhyānaṁ ca tathā darśayiṣyate | kasmai yena vibhāsito’yaṁ ity upasaṁhāra-vākye ca tac-chuddhaṁ [bhā.pu. 12.13.19] ity-ādi-samānam evāgni-purāṇe tad vyākhyānam |,अत्र जन्माद्यस्य इत्य् अस्य व्याख्यानं च तथा दर्शयिष्यते । कस्मै येन विभासितोऽयं इत्य् उपसंहारवाक्ये च तच्छुद्धं [भा.पु. १२.१३.१९] इत्यादिसमानम् एवाग्निपुराणे तद् व्याख्यानम् ।,अत्र जन्माद्यस्य इत्य् अस्य व्याख्यानꣳ च तथा दर्शयिष्यते । कस्मै येन विभासितोऽयꣳ इत्य् उपसꣳहारवाक्ये च तच्छुद्धꣳ [भा.पु. १२.१३.१९] इत्यादिसमानम् एवाग्निपुराणे तद् व्याख्यानम् ।
1125,nityaṁ śuddhaṁ paraṁ brahma nitya-bhargam adhīśvaram |,नित्यं शुद्धं परं ब्रह्म नित्यभर्गम् अधीश्वरम् ।,नित्यꣳ शुद्धꣳ परꣳ ब्रह्म नित्यभर्गम् अधीश्वरम् ।
1126,ahaṁ jyotiḥ paraṁ brahma dhyāyema hi vimuktaye || [a.pu. 216.6]iti |,अहं ज्योतिः परं ब्रह्म ध्यायेम हि विमुक्तये ॥ [अ.पु. २१६.६]इति ।,अहꣳ ज्योतिः परꣳ ब्रह्म ध्यायेम हि विमुक्तये ॥ [अ.पु. २१६.६]इति ।
1128,"atrāhaṁ brahmeti “nādevo devam arcayet” iti nyāyena yogyatvāya svasya tādṛktva-bhāvanā darśitā | dhyāyemeti ahaṁ tāvat dhyāyeyaṁ, sarve ca vayaṁ dhyāyemety arthaḥ | tad etan-mate tu mantre’pi bharga-śabdo’yam ad-anta eva syāt | supāṁ suluk [pā. 7.1.39] ity-ādinā chāndasa-sūtreṇa tu dvitīyaika-vacanasyāmaḥ su-bhāvo jñeyaḥ |","अत्राहं ब्रह्मेति “नादेवो देवम् अर्चयेत्” इति न्यायेन योग्यत्वाय स्वस्य तादृक्त्वभावना दर्शिता । ध्यायेमेति अहं तावत् ध्यायेयं, सर्वे च वयं ध्यायेमेत्य् अर्थः । तद् एतन्मते तु मन्त्रेऽपि भर्गशब्दोऽयम् अदन्त एव स्यात् । सुपां सुलुक् [पा. ७.१.३९] इत्यादिना छान्दससूत्रेण तु द्वितीयैकवचनस्यामः सुभावो ज्ञेयः ।","अत्राहꣳ ब्रह्मेति “नादेवो देवम् अर्चयेत्” इति न्यायेन योग्यत्वाय स्वस्य तादृक्त्वभावना दर्शिता । ध्यायेमेति अहꣳ तावत् ध्यायेयꣳ, सर्वे च वयꣳ ध्यायेमेत्य् अर्थः । तद् एतन्मते तु मन्त्रेऽपि भर्गशब्दोऽयम् अदन्त एव स्यात् । सुपाꣳ सुलुक् [पा. ७.१.३९] इत्यादिना छान्दससूत्रेण तु द्वितीयैकवचनस्यामः सुभावो ज्ञेयः ।"
1130,"yat tu dvādaśe oṁ namas te [bhā.pu. 12.6.67] ity-ādi gadyeṣu tad-arthatvena sūryaḥ stutaḥ, tat paramātma-dṛṣṭyaiva, na tu svātantryeṇety adoṣaḥ |","यत् तु द्वादशे ॐ नमस् ते [भा.पु. १२.६.६७] इत्यादि गद्येषु तदर्थत्वेन सूर्यः स्तुतः, तत् परमात्मदृष्ट्यैव, न तु स्वातन्त्र्येणेत्य् अदोषः ।","यत् तु द्वादशे ओꣳ नमस् ते [भा.पु. १२.६.६७] इत्यादि गद्येषु तदर्थत्वेन सूर्यः स्तुतः, तत् परमात्मदृष्ट्यैव, न तु स्वातन्त्र्येणेत्य् अदोषः ।"
1132,"tathaivāgre śrī-śaunaka-vākye, brūhi naḥ śraddadhānānāṁ vyūhaṁ sūryātmano hareḥ [bhā.pu. 12.11.28] iti | na cāsya bhargasya sūrya-maṇḍala-mātrādhiṣṭhānatvam | mantre vareṇya-śabdenātra ca granthe para-śabdena paramaiśvarya-paryantatāyā darśitatvāt | ","तथैवाग्रे श्रीशौनकवाक्ये, ब्रूहि नः श्रद्दधानानां व्यूहं सूर्यात्मनो हरेः [भा.पु. १२.११.२८] इति । न चास्य भर्गस्य सूर्यमण्डलमात्राधिष्ठानत्वम् । मन्त्रे वरेण्यशब्देनात्र च ग्रन्थे परशब्देन परमैश्वर्यपर्यन्तताया दर्शितत्वात् । ","तथैवाग्रे श्रीशौनकवाक्ये, ब्रूहि नः श्रद्दधानानाꣳ व्यूहꣳ सूर्यात्मनो हरेः [भा.पु. १२.११.२८] इति । न चास्य भर्गस्य सूर्यमण्डलमात्राधिष्ठानत्वम् । मन्त्रे वरेण्यशब्देनात्र च ग्रन्थे परशब्देन परमैश्वर्यपर्यन्तताया दर्शितत्वात् । "
1136,dhyānena puruṣo’yaṁ ca draṣṭavyaḥ sūrya-maṇḍale |,ध्यानेन पुरुषोऽयं च द्रष्टव्यः सूर्यमण्डले ।,ध्यानेन पुरुषोऽयꣳ च द्रष्टव्यः सूर्यमण्डले ।
1137,satyaṁ sadā-śivaṁ brahma viṣṇor yat paramaṁ padam || iti |,सत्यं सदाशिवं ब्रह्म विष्णोर् यत् परमं पदम् ॥ इति ।,सत्यꣳ सदाशिवꣳ ब्रह्म विष्णोर् यत् परमꣳ पदम् ॥ इति ।
1139,"trilokī-janānām upāsanārthaṁ pralaye vināśini sūrya-maṇḍale cāntaryāmitayā prādurbhūto’yaṁ puruṣo dhyānena draṣṭavya upāsitavyaḥ | yat tu viṣṇos tasya mahā-vaikuṇṭha-rūpaṁ paramaṁ padam | tad eva satyaṁ kāla-trayāvyabhicāri, sadā-śivam upadrava-śūnyaṁ yato brahma-svarūpam ity arthaḥ | tad etad gāyatrīṁ procya purāṇa-lakṣaṇa-prakaraṇe yatrādhikṛtya gāyatrīm ity-ādy apy uktam agni-purāṇe| tasmāt,","त्रिलोकीजनानाम् उपासनार्थं प्रलये विनाशिनि सूर्यमण्डले चान्तर्यामितया प्रादुर्भूतोऽयं पुरुषो ध्यानेन द्रष्टव्य उपासितव्यः । यत् तु विष्णोस् तस्य महावैकुण्ठरूपं परमं पदम् । तद् एव सत्यं कालत्रयाव्यभिचारि, सदाशिवम् उपद्रवशून्यं यतो ब्रह्मस्वरूपम् इत्य् अर्थः । तद् एतद् गायत्रीं प्रोच्य पुराणलक्षणप्रकरणे यत्राधिकृत्य गायत्रीम् इत्याद्य् अप्य् उक्तम् अग्निपुराणे। तस्मात्,","त्रिलोकीजनानाम् उपासनार्थꣳ प्रलये विनाशिनि सूर्यमण्डले चान्तर्यामितया प्रादुर्भूतोऽयꣳ पुरुषो ध्यानेन द्रष्टव्य उपासितव्यः । यत् तु विष्णोस् तस्य महावैकुण्ठरूपꣳ परमꣳ पदम् । तद् एव सत्यꣳ कालत्रयाव्यभिचारि, सदाशिवम् उपद्रवशून्यꣳ यतो ब्रह्मस्वरूपम् इत्य् अर्थः । तद् एतद् गायत्रीꣳ प्रोच्य पुराणलक्षणप्रकरणे यत्राधिकृत्य गायत्रीम् इत्याद्य् अप्य् उक्तम् अग्निपुराणे। तस्मात्,"
1141,agneḥ purāṇaṁ gāyatrīṁ sametya bhagavat-parām |,अग्नेः पुराणं गायत्रीं समेत्य भगवत्पराम् ।,अग्नेः पुराणꣳ गायत्रीꣳ समेत्य भगवत्पराम् ।
1142,bhagavantaṁ tatra matvā jagaj-janmādi-kāraṇam ||,भगवन्तं तत्र मत्वा जगज्जन्मादिकारणम् ॥,भगवन्तꣳ तत्र मत्वा जगज्जन्मादिकारणम् ॥
1144,śrīmad-bhāgavataṁ śaśvat pṛthvyāṁ jayati sarvataḥ ||,श्रीमद्भागवतं शश्वत् पृथ्व्यां जयति सर्वतः ॥,श्रीमद्भागवतꣳ शश्वत् पृथ्व्याꣳ जयति सर्वतः ॥
1150,gāyatry-ukthāni śāstrāṇi bhargaṁ prāṇāṁs tathaiva ca || ,गायत्र्युक्थानि शास्त्राणि भर्गं प्राणांस् तथैव च ॥ ,गायत्र्युक्थानि शास्त्राणि भर्गꣳ प्राणाꣳस् तथैव च ॥ 
1151,tataḥ smṛteyaṁ gāyatrī sāvitrī yata eva ca | ,ततः स्मृतेयं गायत्री सावित्री यत एव च । ,ततः स्मृतेयꣳ गायत्री सावित्री यत एव च । 
1154,"atha krama-prāptā vyākhyā,vedārtha-paribṛṁhita iti | vedārthānāṁ paribṛṁhaṇaṁ yasmāt | tac coktam itihāsa-purāṇābhyām iti | purāṇānāṁ sāma-rūpa iti vedeṣu sāmavat purāṇeṣu śreṣṭha ity arthaḥ | purāṇāntarāṇāṁ keṣāṁcid āpātato rajas-tamasī juṣamāṇais tat-paratvāpratītatve’pi vedānāṁ kāṇḍa-traya-vākyaika-vākyatāyāṁ yathā sāmnā, tathā teṣāṁ śrī-bhāgavatena pratipādye śrī-bhagavaty eva paryavasānam iti bhāvaḥ | tad uktam—","अथ क्रमप्राप्ता व्याख्या,वेदार्थपरिबृंहित इति । वेदार्थानां परिबृंहणं यस्मात् । तच् चोक्तम् इतिहासपुराणाभ्याम् इति । पुराणानां सामरूप इति वेदेषु सामवत् पुराणेषु श्रेष्ठ इत्य् अर्थः । पुराणान्तराणां केषांचिद् आपाततो रजस्तमसी जुषमाणैस् तत्परत्वाप्रतीतत्वेऽपि वेदानां काण्डत्रयवाक्यैकवाक्यतायां यथा साम्ना, तथा तेषां श्रीभागवतेन प्रतिपाद्ये श्रीभगवत्य् एव पर्यवसानम् इति भावः । तद् उक्तम्—","अथ क्रमप्राप्ता व्याख्या,वेदार्थपरिबृꣳहित इति । वेदार्थानाꣳ परिबृꣳहणꣳ यस्मात् । तच् चोक्तम् इतिहासपुराणाभ्याम् इति । पुराणानाꣳ सामरूप इति वेदेषु सामवत् पुराणेषु श्रेष्ठ इत्य् अर्थः । पुराणान्तराणाꣳ केषाꣳचिद् आपाततो रजस्तमसी जुषमाणैस् तत्परत्वाप्रतीतत्वेऽपि वेदानाꣳ काण्डत्रयवाक्यैकवाक्यतायाꣳ यथा साम्ना, तथा तेषाꣳ श्रीभागवतेन प्रतिपाद्ये श्रीभगवत्य् एव पर्यवसानम् इति भावः । तद् उक्तम्—"
1157,ādāv ante ca madhye ca hariḥ sarvatra gīyate || [ha.vaṁ. 132.95]iti |,आदाव् अन्ते च मध्ये च हरिः सर्वत्र गीयते ॥ [ह.वं. १३२.९५]इति ।,आदाव् अन्ते च मध्ये च हरिः सर्वत्र गीयते ॥ [ह.वꣳ. १३२.९५]इति ।
1159,"pratipādayiṣyate ca tad idaṁ paramātma-sandarbhe | sākṣād bhagavatoditam iti | kasmai yena vibhāsito’yaṁ [bhā.pu. 12.13.19] ity upasaṁhāra-vākyānusāreṇa jñeyam | śata-viccheda-saṁyuta iti | vistāra-bhiyā na viviriyate | tad evaṁ śrīmad-bhāgavataṁ sarva-śāstra-cakravarti-padam āptam iti sthite hema-siṁha-samanvitam ity atra hema-siṁhāsanam ārūḍham iti ṭīkākārair yad vyākhyātaṁ, tad eva yuktam |","प्रतिपादयिष्यते च तद् इदं परमात्मसन्दर्भे । साक्षाद् भगवतोदितम् इति । कस्मै येन विभासितोऽयं [भा.पु. १२.१३.१९] इत्य् उपसंहारवाक्यानुसारेण ज्ञेयम् । शतविच्छेदसंयुत इति । विस्तारभिया न विविरियते । तद् एवं श्रीमद्भागवतं सर्वशास्त्रचक्रवर्तिपदम् आप्तम् इति स्थिते हेमसिंहसमन्वितम् इत्य् अत्र हेमसिंहासनम् आरूढम् इति टीकाकारैर् यद् व्याख्यातं, तद् एव युक्तम् ।","प्रतिपादयिष्यते च तद् इदꣳ परमात्मसन्दर्भे । साक्षाद् भगवतोदितम् इति । कस्मै येन विभासितोऽयꣳ [भा.पु. १२.१३.१९] इत्य् उपसꣳहारवाक्यानुसारेण ज्ञेयम् । शतविच्छेदसꣳयुत इति । विस्तारभिया न विविरियते । तद् एवꣳ श्रीमद्भागवतꣳ सर्वशास्त्रचक्रवर्तिपदम् आप्तम् इति स्थिते हेमसिꣳहसमन्वितम् इत्य् अत्र हेमसिꣳहासनम् आरूढम् इति टीकाकारैर् यद् व्याख्यातꣳ, तद् एव युक्तम् ।"
1161,ataḥ śrīmad-bhāgavatasyaivābhyāsāvaśyakatvaṁ śreṣṭhatvaṁ ca skānde nirṇītam—śataśo’tha sahasraiś ca kim anyaiḥ śāstra-saṅgrahaiḥ [viṣṇu-khaṇḍe mārga-śīrṣa-māhātmye 16.40] | tad evaṁ paramārtha-vivitsubhiḥ śrī-bhāgavatam eva sāmprataṁ vicāraṇīyam iti sthitam ||22||,अतः श्रीमद्भागवतस्यैवाभ्यासावश्यकत्वं श्रेष्ठत्वं च स्कान्दे निर्णीतम्—शतशोऽथ सहस्रैश् च किम् अन्यैः शास्त्रसङ्ग्रहैः [विष्णुखण्डे मार्गशीर्षमाहात्म्ये १६.४०] । तद् एवं परमार्थविवित्सुभिः श्रीभागवतम् एव साम्प्रतं विचारणीयम् इति स्थितम् ॥२२॥,अतः श्रीमद्भागवतस्यैवाभ्यासावश्यकत्वꣳ श्रेष्ठत्वꣳ च स्कान्दे निर्णीतम्—शतशोऽथ सहस्रैश् च किम् अन्यैः शास्त्रसङ्ग्रहैः [विष्णुखण्डे मार्गशीर्षमाहात्म्ये १६.४०] । तद् एवꣳ परमार्थविवित्सुभिः श्रीभागवतम् एव साम्प्रतꣳ विचारणीयम् इति स्थितम् ॥२२॥
1163,sarva-saṁvādinī : na vyākhyātam.,सर्वसंवादिनी : न व्याख्यातम्।,सर्वसꣳवादिनी : न व्याख्यातम्.
1165,baladevaḥ : nanu śrī-bhāgavatasya bhāratārtha-nirṇāyakatvaṁ kathaṁ pratītam iti cet tatrāha tathā tṛtīya iti | munir iti maitreyaṁ prati viduroktiḥ | te maitreyasya guru-putratvāt sakhā kṛṣṇo vyāsaḥ | grāmyā gṛhidharmakartavyatādi-lakṣaṇā vyāvahārikī mūṣika-viḍāla-gṛdhra-gomāyu-dṛṣṭāntopetā ca kathā | tat-tat-svārtha-kautuka-kathā-śravaṇāya bhārata-sadasi samāgatānāṁ nṝṇāṁ śrī-gītādi-śravaṇena harau matir gṛhītā syād iti tat-kathānuvāda eva | vastuto bhagavat-param eva bhāratam iti śrī-bhāgavatena nirṇītam ity arthaḥ |sāmavedavadasya śraiṣṭhyaṁ skānda-vākyaṁ śataśo’thetyādi prakaṭārtham | tad evam iti | ukta-guṇa-gaṇe siddhe satīty arthaḥ ||22||,बलदेवः : ननु श्रीभागवतस्य भारतार्थनिर्णायकत्वं कथं प्रतीतम् इति चेत् तत्राह तथा तृतीय इति । मुनिर् इति मैत्रेयं प्रति विदुरोक्तिः । ते मैत्रेयस्य गुरुपुत्रत्वात् सखा कृष्णो व्यासः । ग्राम्या गृहिधर्मकर्तव्यतादिलक्षणा व्यावहारिकी मूषिकविडालगृध्रगोमायुदृष्टान्तोपेता च कथा । तत्तत्स्वार्थकौतुककथाश्रवणाय भारतसदसि समागतानां नॄणां श्रीगीतादिश्रवणेन हरौ मतिर् गृहीता स्याद् इति तत्कथानुवाद एव । वस्तुतो भगवत्परम् एव भारतम् इति श्रीभागवतेन निर्णीतम् इत्य् अर्थः ।सामवेदवदस्य श्रैष्ठ्यं स्कान्दवाक्यं शतशोऽथेत्यादि प्रकटार्थम् । तद् एवम् इति । उक्तगुणगणे सिद्धे सतीत्य् अर्थः ॥२२॥,बलदेवः : ननु श्रीभागवतस्य भारतार्थनिर्णायकत्वꣳ कथꣳ प्रतीतम् इति चेत् तत्राह तथा तृतीय इति । मुनिर् इति मैत्रेयꣳ प्रति विदुरोक्तिः । ते मैत्रेयस्य गुरुपुत्रत्वात् सखा कृष्णो व्यासः । ग्राम्या गृहिधर्मकर्तव्यतादिलक्षणा व्यावहारिकी मूषिकविडालगृध्रगोमायुदृष्टान्तोपेता च कथा । तत्तत्स्वार्थकौतुककथाश्रवणाय भारतसदसि समागतानाꣳ नॄणाꣳ श्रीगीतादिश्रवणेन हरौ मतिर् गृहीता स्याद् इति तत्कथानुवाद एव । वस्तुतो भगवत्परम् एव भारतम् इति श्रीभागवतेन निर्णीतम् इत्य् अर्थः ।सामवेदवदस्य श्रैष्ठ्यꣳ स्कान्दवाक्यꣳ शतशोऽथेत्यादि प्रकटार्थम् । तद् एवम् इति । उक्तगुणगणे सिद्धे सतीत्य् अर्थः ॥२२॥
1171,ataeva satsv api nānā-śāstreṣv etad evoktam—kalau naṣṭa-dṛśām eṣa purāṇārko ’dhunoditaḥ [bhā.pu. 1.3.45] iti | arkatā-rūpakeṇa tad vinā nānyeṣāṁ samyag-vastu-prakāśakatvam iti pratipadyate | ,अतएव सत्स्व् अपि नानाशास्त्रेष्व् एतद् एवोक्तम्—कलौ नष्टदृशाम् एष पुराणार्को ऽधुनोदितः [भा.पु. १.३.४५] इति । अर्कतारूपकेण तद् विना नान्येषां सम्यग्वस्तुप्रकाशकत्वम् इति प्रतिपद्यते । ,अतएव सत्स्व् अपि नानाशास्त्रेष्व् एतद् एवोक्तम्—कलौ नष्टदृशाम् एष पुराणार्को ऽधुनोदितः [भा.पु. १.३.४५] इति । अर्कतारूपकेण तद् विना नान्येषाꣳ सम्यग्वस्तुप्रकाशकत्वम् इति प्रतिपद्यते । 
1173,"yasyaiva śrīmad-bhāgavatasya bhāṣya-bhūtaṁ śrī-hayaśīrṣa-pañcarātre śāstra-prastāve gaṇitaṁ tantra-bhāgavatābhidhaṁ tantram, yasya sākṣāc chrī-hanumadbhāṣya-vāsanābhāṣya-sambandhokti-vidvatkāmadhenu-tattvadīpikā-bhāvārthadīpikā-paramahaṁsapriyā-śukahṛdayādayo vyākhyā-granthāḥ | tathā muktāphala-harilīlā-bhaktiratnāvaly-ādayo nibandhāś ca vividhā eva tat-tan-mata-prasiddha-mahānubhāva-kṛtā virājante | yad eva ca hemādri-granthasya [caturvarga-cintāmaṇeḥ] dāna-khaṇḍe purāṇa-dāna-prastāve matsya-purāṇīya-tal-lakṣaṇa-dhṛtyā praśastam | hemādri-pariśeṣa-khaṇḍasya kāla-nirṇaye ca kali-yuga-dharma-nirṇaye,kaliṁ sabhājayanty āryāḥ [bhā.pu. 11.5.36] ity-ādikaṁ yad-vākyatvenotthāpya yat-pratipādita-dharma eva kalāv aṅgīkṛtaḥ | ","यस्यैव श्रीमद्भागवतस्य भाष्यभूतं श्रीहयशीर्षपञ्चरात्रे शास्त्रप्रस्तावे गणितं तन्त्रभागवताभिधं तन्त्रम्, यस्य साक्षाच् छ्रीहनुमद्भाष्यवासनाभाष्यसम्बन्धोक्तिविद्वत्कामधेनुतत्त्वदीपिकाभावार्थदीपिकापरमहंसप्रियाशुकहृदयादयो व्याख्याग्रन्थाः । तथा मुक्ताफलहरिलीलाभक्तिरत्नावल्यादयो निबन्धाश् च विविधा एव तत्तन्मतप्रसिद्धमहानुभावकृता विराजन्ते । यद् एव च हेमाद्रिग्रन्थस्य [चतुर्वर्गचिन्तामणेः] दानखण्डे पुराणदानप्रस्तावे मत्स्यपुराणीयतल्लक्षणधृत्या प्रशस्तम् । हेमाद्रिपरिशेषखण्डस्य कालनिर्णये च कलियुगधर्मनिर्णये,कलिं सभाजयन्त्य् आर्याः [भा.पु. ११.५.३६] इत्यादिकं यद्वाक्यत्वेनोत्थाप्य यत्प्रतिपादितधर्म एव कलाव् अङ्गीकृतः । ","यस्यैव श्रीमद्भागवतस्य भाष्यभूतꣳ श्रीहयशीर्षपञ्चरात्रे शास्त्रप्रस्तावे गणितꣳ तन्त्रभागवताभिधꣳ तन्त्रम्, यस्य साक्षाच् छ्रीहनुमद्भाष्यवासनाभाष्यसम्बन्धोक्तिविद्वत्कामधेनुतत्त्वदीपिकाभावार्थदीपिकापरमहꣳसप्रियाशुकहृदयादयो व्याख्याग्रन्थाः । तथा मुक्ताफलहरिलीलाभक्तिरत्नावल्यादयो निबन्धाश् च विविधा एव तत्तन्मतप्रसिद्धमहानुभावकृता विराजन्ते । यद् एव च हेमाद्रिग्रन्थस्य [चतुर्वर्गचिन्तामणेः] दानखण्डे पुराणदानप्रस्तावे मत्स्यपुराणीयतल्लक्षणधृत्या प्रशस्तम् । हेमाद्रिपरिशेषखण्डस्य कालनिर्णये च कलियुगधर्मनिर्णये,कलिꣳ सभाजयन्त्य् आर्याः [भा.पु. ११.५.३६] इत्यादिकꣳ यद्वाक्यत्वेनोत्थाप्य यत्प्रतिपादितधर्म एव कलाव् अङ्गीकृतः । "
1175,"atha yad eva kaivalyam apy atikramya bhakti-sukha-vyāhārādi-liṅgena nija-matasyāpy upari virājamānārthaṁ matvā, yad apauruṣeyaṁ vedānta-vyākhyānaṁ bhayād acālayataiva śaṅkarāvatāratayā prasiddhena vakṣyamāṇa-svagopanādi-hetuka-bhagavad-ājñā-pravartitādvaya-vādenāpi tan-mātra-varṇita-viśva-rūpa-darśana-kṛta-vrajeśvarī-vismaya-śrī-vraja-kumārī-vasana-cauryādikaṁ govindāṣṭakādau varṇayatā taṭasthībhūya nija-vacaḥ-sāphalyāya spṛṣṭam iti ||23||","अथ यद् एव कैवल्यम् अप्य् अतिक्रम्य भक्तिसुखव्याहारादिलिङ्गेन निजमतस्याप्य् उपरि विराजमानार्थं मत्वा, यद् अपौरुषेयं वेदान्तव्याख्यानं भयाद् अचालयतैव शङ्करावतारतया प्रसिद्धेन वक्ष्यमाणस्वगोपनादिहेतुकभगवदाज्ञाप्रवर्तिताद्वयवादेनापि तन्मात्रवर्णितविश्वरूपदर्शनकृतव्रजेश्वरीविस्मयश्रीव्रजकुमारीवसनचौर्यादिकं गोविन्दाष्टकादौ वर्णयता तटस्थीभूय निजवचःसाफल्याय स्पृष्टम् इति ॥२३॥","अथ यद् एव कैवल्यम् अप्य् अतिक्रम्य भक्तिसुखव्याहारादिलिङ्गेन निजमतस्याप्य् उपरि विराजमानार्थꣳ मत्वा, यद् अपौरुषेयꣳ वेदान्तव्याख्यानꣳ भयाद् अचालयतैव शङ्करावतारतया प्रसिद्धेन वक्ष्यमाणस्वगोपनादिहेतुकभगवदाज्ञाप्रवर्तिताद्वयवादेनापि तन्मात्रवर्णितविश्वरूपदर्शनकृतव्रजेश्वरीविस्मयश्रीव्रजकुमारीवसनचौर्यादिकꣳ गोविन्दाष्टकादौ वर्णयता तटस्थीभूय निजवचःसाफल्याय स्पृष्टम् इति ॥२३॥"
1177,sarva-saṁvādinī : na vyākhyātam.,सर्वसंवादिनी : न व्याख्यातम्।,सर्वसꣳवादिनी : न व्याख्यातम्.
1179,baladevaḥ : ataeveti varṇita-lakṣaṇād utkarṣād eva hetor ity arthaḥ | purātanānām ṛṣīṇām ādhunikānāṁ ca vidvattamānām upādeyam idaṁ śrī-bhāgavatam ity āha yasyaiveti | virājante samprati pracarantīty arthaḥ | dharma-śāstra-kṛtāṁ copādeyam etad ity āha yad eva ca hemādrīty ādi | tat-pratipādito dharmaḥ kṛṣṇa-saṅkīrtana-lakṣaṇaḥ | nanu ced īdṛśaṁ śrī-bhāgavataṁ tarhi śaṅkarācāryaḥ kutas tan na vyācaṣṭeti cet tatrāha | atha yad eva kaivalyam ity-ādi | ayaṁ bhāvaḥ pralayādhikārī khalu harer bhakto’ham upaniṣad-ādi vyākhyāya tat-siddhāntaṁ vilāpya tasyājñāṁ pālitavān evāsmi | atha tad atipriye śrī-bhāgavate’pi cālite sa prabhur mayi kupyed ato na tac cālyam | evaṁ sati me sārajñatā sukha-sampac ca na syād ataḥ kathañcit tat sparśanīyam iti tan-mātroktaṁ viśva-rūpa-darśanādi-sva-kāvye nibabandheti tena cādṛta tad iti sarva-mānyaṁ śrī-bhāgavatam iti ||23||,बलदेवः : अतएवेति वर्णितलक्षणाद् उत्कर्षाद् एव हेतोर् इत्य् अर्थः । पुरातनानाम् ऋषीणाम् आधुनिकानां च विद्वत्तमानाम् उपादेयम् इदं श्रीभागवतम् इत्य् आह यस्यैवेति । विराजन्ते सम्प्रति प्रचरन्तीत्य् अर्थः । धर्मशास्त्रकृतां चोपादेयम् एतद् इत्य् आह यद् एव च हेमाद्रीत्य् आदि । तत्प्रतिपादितो धर्मः कृष्णसङ्कीर्तनलक्षणः । ननु चेद् ईदृशं श्रीभागवतं तर्हि शङ्कराचार्यः कुतस् तन् न व्याचष्टेति चेत् तत्राह । अथ यद् एव कैवल्यम् इत्यादि । अयं भावः प्रलयाधिकारी खलु हरेर् भक्तोऽहम् उपनिषदादि व्याख्याय तत्सिद्धान्तं विलाप्य तस्याज्ञां पालितवान् एवास्मि । अथ तद् अतिप्रिये श्रीभागवतेऽपि चालिते स प्रभुर् मयि कुप्येद् अतो न तच् चाल्यम् । एवं सति मे सारज्ञता सुखसम्पच् च न स्याद् अतः कथञ्चित् तत् स्पर्शनीयम् इति तन्मात्रोक्तं विश्वरूपदर्शनादिस्वकाव्ये निबबन्धेति तेन चादृत तद् इति सर्वमान्यं श्रीभागवतम् इति ॥२३॥,बलदेवः : अतएवेति वर्णितलक्षणाद् उत्कर्षाद् एव हेतोर् इत्य् अर्थः । पुरातनानाम् ऋषीणाम् आधुनिकानाꣳ च विद्वत्तमानाम् उपादेयम् इदꣳ श्रीभागवतम् इत्य् आह यस्यैवेति । विराजन्ते सम्प्रति प्रचरन्तीत्य् अर्थः । धर्मशास्त्रकृताꣳ चोपादेयम् एतद् इत्य् आह यद् एव च हेमाद्रीत्य् आदि । तत्प्रतिपादितो धर्मः कृष्णसङ्कीर्तनलक्षणः । ननु चेद् ईदृशꣳ श्रीभागवतꣳ तर्हि शङ्कराचार्यः कुतस् तन् न व्याचष्टेति चेत् तत्राह । अथ यद् एव कैवल्यम् इत्यादि । अयꣳ भावः प्रलयाधिकारी खलु हरेर् भक्तोऽहम् उपनिषदादि व्याख्याय तत्सिद्धान्तꣳ विलाप्य तस्याज्ञाꣳ पालितवान् एवास्मि । अथ तद् अतिप्रिये श्रीभागवतेऽपि चालिते स प्रभुर् मयि कुप्येद् अतो न तच् चाल्यम् । एवꣳ सति मे सारज्ञता सुखसम्पच् च न स्याद् अतः कथञ्चित् तत् स्पर्शनीयम् इति तन्मात्रोक्तꣳ विश्वरूपदर्शनादिस्वकाव्ये निबबन्धेति तेन चादृत तद् इति सर्वमान्यꣳ श्रीभागवतम् इति ॥२३॥
1185,yad eva kila dṛṣṭvā śrī-madhvācārya-caraṇair vaiṣṇavāntarāṇāṁ tac-chiṣyāntara-puṇyāraṇyādi-rītika-vyākhyā-praveśa-śaṅkayā tatra tātparyāntaraṁ likhadbhir vartmopadeśaḥ kṛta iti ca sātvatā varṇayanti | tasmād yuktam uktaṁ tatraiva prathama-skandhe—,यद् एव किल दृष्ट्वा श्रीमध्वाचार्यचरणैर् वैष्णवान्तराणां तच्छिष्यान्तरपुण्यारण्यादिरीतिकव्याख्याप्रवेशशङ्कया तत्र तात्पर्यान्तरं लिखद्भिर् वर्त्मोपदेशः कृत इति च सात्वता वर्णयन्ति । तस्माद् युक्तम् उक्तं तत्रैव प्रथमस्कन्धे—,यद् एव किल दृष्ट्वा श्रीमध्वाचार्यचरणैर् वैष्णवान्तराणाꣳ तच्छिष्यान्तरपुण्यारण्यादिरीतिकव्याख्याप्रवेशशङ्कया तत्र तात्पर्यान्तरꣳ लिखद्भिर् वर्त्मोपदेशः कृत इति च सात्वता वर्णयन्ति । तस्माद् युक्तम् उक्तꣳ तत्रैव प्रथमस्कन्धे—
1187,tad idaṁ grāhayāmāsa sutam ātmavatāṁ varam |,तद् इदं ग्राहयामास सुतम् आत्मवतां वरम् ।,तद् इदꣳ ग्राहयामास सुतम् आत्मवताꣳ वरम् ।
1188,sarva-vedetihāsānāṁ sāraṁ sāraṁ sumuddhṛtam || [bhā.pu. 1.3.41-42],सर्ववेदेतिहासानां सारं सारं सुमुद्धृतम् ॥ [भा.पु. १.३.४१-४२],सर्ववेदेतिहासानाꣳ सारꣳ सारꣳ सुमुद्धृतम् ॥ [भा.पु. १.३.४१-४२]
1191,sarva-vedānta-sāraṁ hi śrī-bhāgavatam iṣyate |,सर्ववेदान्तसारं हि श्रीभागवतम् इष्यते ।,सर्ववेदान्तसारꣳ हि श्रीभागवतम् इष्यते ।
1196,nigama-kalpa-taror galitaṁ phalaṁ,निगमकल्पतरोर् गलितं फलं,निगमकल्पतरोर् गलितꣳ फलꣳ
1197,śuka-mukhād amṛta-drava-saṁyutam |,शुकमुखाद् अमृतद्रवसंयुतम् ।,शुकमुखाद् अमृतद्रवसꣳयुतम् ।
1198,pibata bhāgavataṁ rasam ālayaṁ,पिबत भागवतं रसम् आलयं,पिबत भागवतꣳ रसम् आलयꣳ
1204,adhyātma-dīpam atititīrṣatāṁ tamo’ndham |,अध्यात्मदीपम् अतितितीर्षतां तमोऽन्धम् ।,अध्यात्मदीपम् अतितितीर्षताꣳ तमोऽन्धम् ।
1205,saṁsāriṇāṁ karuṇayāha purāṇa-guhyaṁ,संसारिणां करुणयाह पुराणगुह्यं,सꣳसारिणाꣳ करुणयाह पुराणगुह्यꣳ
1206,taṁ vyāsa-sūnum upayāmi guruṁ munīnām || [bhā.pu. 1.2.3],तं व्याससूनुम् उपयामि गुरुं मुनीनाम् ॥ [भा.पु. १.२.३],तꣳ व्याससूनुम् उपयामि गुरुꣳ मुनीनाम् ॥ [भा.पु. १.२.३]
1208,śrī-bhāgavata-mataṁ tu sarva-matānām adhīśa-rūpam iti sūcakam | sarva-munīnāṁ sabhā-madhyam adhyāsyopadeṣṭṛtvena teṣāṁ gurutvam api tasya tatra suvyaktam ||24|| ,श्रीभागवतमतं तु सर्वमतानाम् अधीशरूपम् इति सूचकम् । सर्वमुनीनां सभामध्यम् अध्यास्योपदेष्टृत्वेन तेषां गुरुत्वम् अपि तस्य तत्र सुव्यक्तम् ॥२४॥ ,श्रीभागवतमतꣳ तु सर्वमतानाम् अधीशरूपम् इति सूचकम् । सर्वमुनीनाꣳ सभामध्यम् अध्यास्योपदेष्टृत्वेन तेषाꣳ गुरुत्वम् अपि तस्य तत्र सुव्यक्तम् ॥२४॥ 
1210,sarva-saṁvādinī : na vyākhyātam.,सर्वसंवादिनी : न व्याख्यातम्।,सर्वसꣳवादिनी : न व्याख्यातम्.
1212,"baladevaḥ : śrī-madhva-munes tu paramopāsyaṁ śrī-bhāgavatam ity āha—yad eva kileti | śaṅkareṇa naitad vicālitaṁ kintv ādṛtam eveti vibhāvyety arthaḥ, kintu tac-chiṣyaiḥ puṇyāraṇyādibhir etad anyathā vyākhyātaṁ tena vaiṣṇavānāṁ nirguṇa-cinmātra-param idam iti bhrāntiḥ syād iti śaṅkayā hetunā tad-bhrānti-cchedāya tatra tātparyāntaraṁ bhagavat-paratā-rūpaṁ tato’nyat tātparyaṁ likhadbhis tasya vyākhyāna-vartmopadiṣṭaṁ vaiṣṇavān pratīti | madhvācārya-caraṇair iti atyādara-sūcaka-bahutva-nirdeśaḥ | sva-pūrvācāryatvād iti bodhyam | vāyudevaḥ khalu madhva-muniḥ sarvajño’tivikramī yo dig-vijayinaṁ caturdaśa-vidyaṁ caturdaśabhiḥ kṣaṇair nirjityāsanāni tasya caturdaśa jagrāha | sa ca tac-chiṣyaḥ padmanābhābhidhāno babhūveti prasiddham | tasmād iti prokta-guṇakatvād dhetor ity arthaḥ | ālayam iti mokṣam abhivyāpyety arthaḥ | ya iti andhaṁ tamo’vidyām atititīrṣatāṁ saṁsāriṇāṁ karuṇayā yaḥ purāṇa-guhyaṁ śrī-bhāgavatam āhety anvayaḥ | svānuybhāvam asādhāraṇa-prabhāvam ity arthaḥ ||24||","बलदेवः : श्रीमध्वमुनेस् तु परमोपास्यं श्रीभागवतम् इत्य् आह—यद् एव किलेति । शङ्करेण नैतद् विचालितं किन्त्व् आदृतम् एवेति विभाव्येत्य् अर्थः, किन्तु तच्छिष्यैः पुण्यारण्यादिभिर् एतद् अन्यथा व्याख्यातं तेन वैष्णवानां निर्गुणचिन्मात्रपरम् इदम् इति भ्रान्तिः स्याद् इति शङ्कया हेतुना तद्भ्रान्तिच्छेदाय तत्र तात्पर्यान्तरं भगवत्परतारूपं ततोऽन्यत् तात्पर्यं लिखद्भिस् तस्य व्याख्यानवर्त्मोपदिष्टं वैष्णवान् प्रतीति । मध्वाचार्यचरणैर् इति अत्यादरसूचकबहुत्वनिर्देशः । स्वपूर्वाचार्यत्वाद् इति बोध्यम् । वायुदेवः खलु मध्वमुनिः सर्वज्ञोऽतिविक्रमी यो दिग्विजयिनं चतुर्दशविद्यं चतुर्दशभिः क्षणैर् निर्जित्यासनानि तस्य चतुर्दश जग्राह । स च तच्छिष्यः पद्मनाभाभिधानो बभूवेति प्रसिद्धम् । तस्माद् इति प्रोक्तगुणकत्वाद् धेतोर् इत्य् अर्थः । आलयम् इति मोक्षम् अभिव्याप्येत्य् अर्थः । य इति अन्धं तमोऽविद्याम् अतितितीर्षतां संसारिणां करुणया यः पुराणगुह्यं श्रीभागवतम् आहेत्य् अन्वयः । स्वानुय्भावम् असाधारणप्रभावम् इत्य् अर्थः ॥२४॥","बलदेवः : श्रीमध्वमुनेस् तु परमोपास्यꣳ श्रीभागवतम् इत्य् आह—यद् एव किलेति । शङ्करेण नैतद् विचालितꣳ किन्त्व् आदृतम् एवेति विभाव्येत्य् अर्थः, किन्तु तच्छिष्यैः पुण्यारण्यादिभिर् एतद् अन्यथा व्याख्यातꣳ तेन वैष्णवानाꣳ निर्गुणचिन्मात्रपरम् इदम् इति भ्रान्तिः स्याद् इति शङ्कया हेतुना तद्भ्रान्तिच्छेदाय तत्र तात्पर्यान्तरꣳ भगवत्परतारूपꣳ ततोऽन्यत् तात्पर्यꣳ लिखद्भिस् तस्य व्याख्यानवर्त्मोपदिष्टꣳ वैष्णवान् प्रतीति । मध्वाचार्यचरणैर् इति अत्यादरसूचकबहुत्वनिर्देशः । स्वपूर्वाचार्यत्वाद् इति बोध्यम् । वायुदेवः खलु मध्वमुनिः सर्वज्ञोऽतिविक्रमी यो दिग्विजयिनꣳ चतुर्दशविद्यꣳ चतुर्दशभिः क्षणैर् निर्जित्यासनानि तस्य चतुर्दश जग्राह । स च तच्छिष्यः पद्मनाभाभिधानो बभूवेति प्रसिद्धम् । तस्माद् इति प्रोक्तगुणकत्वाद् धेतोर् इत्य् अर्थः । आलयम् इति मोक्षम् अभिव्याप्येत्य् अर्थः । य इति अन्धꣳ तमोऽविद्याम् अतितितीर्षताꣳ सꣳसारिणाꣳ करुणया यः पुराणगुह्यꣳ श्रीभागवतम् आहेत्य् अन्वयः । स्वानुय्भावम् असाधारणप्रभावम् इत्य् अर्थः ॥२४॥"
1217,tatropajagmur bhuvanaṁ punānā,तत्रोपजग्मुर् भुवनं पुनाना,तत्रोपजग्मुर् भुवनꣳ पुनाना
1220,svayaṁ hi tīrthāni punanti santaḥ ||,स्वयं हि तीर्थानि पुनन्ति सन्तः ॥,स्वयꣳ हि तीर्थानि पुनन्ति सन्तः ॥
1238,kṛta-praṇāmaḥ sva-cikīrṣitaṁ yat |,कृतप्रणामः स्वचिकीर्षितं यत् ।,कृतप्रणामः स्वचिकीर्षितꣳ यत् ।
1242,tataś ca vaḥ pṛcchyam imaṁ vipṛcche,ततश् च वः पृच्छ्यम् इमं विपृच्छे,ततश् च वः पृच्छ्यम् इमꣳ विपृच्छे
1244,sarvātmanā mriyamāṇaiś ca kṛtyaṁ,सर्वात्मना म्रियमाणैश् च कृत्यं,सर्वात्मना म्रियमाणैश् च कृत्यꣳ
1245,śuddhaṁ ca tatrāmṛśatābhiyuktāḥ || [bhā.pu. 1.19.24] ,शुद्धं च तत्रामृशताभियुक्ताः ॥ [भा.पु. १.१९.२४] ,शुद्धꣳ च तत्रामृशताभियुक्ताः ॥ [भा.पु. १.१९.२४] 
1254,tataś ca—pratyutthitās te munayaḥ svāsanebhyaḥ [bhā.pu. 1.19.28] ity-ādy-ante ,ततश् च—प्रत्युत्थितास् ते मुनयः स्वासनेभ्यः [भा।पु। १।१९।२८] इत्याद्यन्ते ,ततश् च—प्रत्युत्थितास् ते मुनयः स्वासनेभ्यः [भा.पु. १.१९.२८] इत्याद्यन्ते 
1256,sa saṁvṛtas tatra mahān mahīyasāṁ,स संवृतस् तत्र महान् महीयसां,स सꣳवृतस् तत्र महान् महीयसाꣳ
1258,vyarocatālaṁ bhagavān yathendur,व्यरोचतालं भगवान् यथेन्दुर्,व्यरोचतालꣳ भगवान् यथेन्दुर्
1261,sarva-saṁvādinī : na vyākhyātam.,सर्वसंवादिनी : न व्याख्यातम्।,सर्वसꣳवादिनी : न व्याख्यातम्.
1263,"baladevaḥ : munīnāṁ gurum ityuktam | tat katham ity atrāha yata iti | yata ity asya ity uktam iti pareṇa sambandhaḥ | aurva iti vipra-vaṁśaṁ vināśayadbhyo duṣṭebhyaḥ kṣatriyebhyo bhayād garbhād ākṛṣyorau tan-mātrā sthāpitas tato jātaḥ kṣatriyāṁs tān svena tejasā bhasmīcakāra iti bhāratekathāsti | nigṛhīta-pāṇi-yojitāñjali-puṭaḥ | evaṁ kartavyasya bhāva itikartavyatā | tasyāṁ viṣaye sarvāvasthāyāṁ puṁsaḥ kiṁ kṛtyam | tatrāpi mriyamāṇaiś ca kiṁ kṛtyam | tac ca śuddhaṁ hiṁsā-śūnyam, tatrāmṛśata yūyam | gāṁ pṛthivīm | anapekṣo niḥspṛhaḥ | nijasya śuddhi-pūrti-kartuḥ sva-svāminaḥ kṛṣṇasya lābhena tuṣṭaḥ | tatra sabhāyām ||25||","बलदेवः : मुनीनां गुरुम् इत्युक्तम् । तत् कथम् इत्य् अत्राह यत इति । यत इत्य् अस्य इत्य् उक्तम् इति परेण सम्बन्धः । और्व इति विप्रवंशं विनाशयद्भ्यो दुष्टेभ्यः क्षत्रियेभ्यो भयाद् गर्भाद् आकृष्योरौ तन्मात्रा स्थापितस् ततो जातः क्षत्रियांस् तान् स्वेन तेजसा भस्मीचकार इति भारतेकथास्ति । निगृहीतपाणियोजिताञ्जलिपुटः । एवं कर्तव्यस्य भाव इतिकर्तव्यता । तस्यां विषये सर्वावस्थायां पुंसः किं कृत्यम् । तत्रापि म्रियमाणैश् च किं कृत्यम् । तच् च शुद्धं हिंसाशून्यम्, तत्रामृशत यूयम् । गां पृथिवीम् । अनपेक्षो निःस्पृहः । निजस्य शुद्धिपूर्तिकर्तुः स्वस्वामिनः कृष्णस्य लाभेन तुष्टः । तत्र सभायाम् ॥२५॥","बलदेवः : मुनीनाꣳ गुरुम् इत्युक्तम् । तत् कथम् इत्य् अत्राह यत इति । यत इत्य् अस्य इत्य् उक्तम् इति परेण सम्बन्धः । और्व इति विप्रवꣳशꣳ विनाशयद्भ्यो दुष्टेभ्यः क्षत्रियेभ्यो भयाद् गर्भाद् आकृष्योरौ तन्मात्रा स्थापितस् ततो जातः क्षत्रियाꣳस् तान् स्वेन तेजसा भस्मीचकार इति भारतेकथास्ति । निगृहीतपाणियोजिताञ्जलिपुटः । एवꣳ कर्तव्यस्य भाव इतिकर्तव्यता । तस्याꣳ विषये सर्वावस्थायाꣳ पुꣳसः किꣳ कृत्यम् । तत्रापि म्रियमाणैश् च किꣳ कृत्यम् । तच् च शुद्धꣳ हिꣳसाशून्यम्, तत्रामृशत यूयम् । गाꣳ पृथिवीम् । अनपेक्षो निःस्पृहः । निजस्य शुद्धिपूर्तिकर्तुः स्वस्वामिनः कृष्णस्य लाभेन तुष्टः । तत्र सभायाम् ॥२५॥"
1269,"atra yadyapi tatra śrī-vyāsa-nāradau tasyāpi guru-parama-gurū, tathāpi punas tan-mukha-niḥsṛtaṁ śrī-bhāgavataṁ tayor apy aśruta-caram iva jātam | ity evaṁ śrī-śukas tāv apy upadideśa deśyam ity abhiprāyaḥ | yad uktaṁ,śuka-mukhād amṛta-dravya-saṁyutaṁ [1.1.3] iti | tasmād evam api śrī-bhāgavatasyaiva sarvādhikyam | mātsyādīnāṁ yat purāṇādhikyaṁ śrūyate tat tv āpekṣikam iti | aho kiṁ bahunā, śrī-kṛṣṇa-pratinidhi-rūpam evedam | yata uktaṁprathama-skandhe—","अत्र यद्यपि तत्र श्रीव्यासनारदौ तस्यापि गुरुपरमगुरू, तथापि पुनस् तन्मुखनिःसृतं श्रीभागवतं तयोर् अप्य् अश्रुतचरम् इव जातम् । इत्य् एवं श्रीशुकस् ताव् अप्य् उपदिदेश देश्यम् इत्य् अभिप्रायः । यद् उक्तं,शुकमुखाद् अमृतद्रव्यसंयुतं [१.१.३] इति । तस्माद् एवम् अपि श्रीभागवतस्यैव सर्वाधिक्यम् । मात्स्यादीनां यत् पुराणाधिक्यं श्रूयते तत् त्व् आपेक्षिकम् इति । अहो किं बहुना, श्रीकृष्णप्रतिनिधिरूपम् एवेदम् । यत उक्तंप्रथमस्कन्धे—","अत्र यद्यपि तत्र श्रीव्यासनारदौ तस्यापि गुरुपरमगुरू, तथापि पुनस् तन्मुखनिःसृतꣳ श्रीभागवतꣳ तयोर् अप्य् अश्रुतचरम् इव जातम् । इत्य् एवꣳ श्रीशुकस् ताव् अप्य् उपदिदेश देश्यम् इत्य् अभिप्रायः । यद् उक्तꣳ,शुकमुखाद् अमृतद्रव्यसꣳयुतꣳ [१.१.३] इति । तस्माद् एवम् अपि श्रीभागवतस्यैव सर्वाधिक्यम् । मात्स्यादीनाꣳ यत् पुराणाधिक्यꣳ श्रूयते तत् त्व् आपेक्षिकम् इति । अहो किꣳ बहुना, श्रीकृष्णप्रतिनिधिरूपम् एवेदम् । यत उक्तꣳप्रथमस्कन्धे—"
1274,"ata eva sarva-guṇa-yuktatvam asyaiva dṛṣṭaṁ dharmaḥ projjhita-kaitavo’tra [1.1.2] ity-ādinā, ","अत एव सर्वगुणयुक्तत्वम् अस्यैव दृष्टं धर्मः प्रोज्झितकैतवोऽत्र [१।१।२] इत्यादिना, ","अत एव सर्वगुणयुक्तत्वम् अस्यैव दृष्टꣳ धर्मः प्रोज्झितकैतवोऽत्र [१.१.२] इत्यादिना, "
1276,vedāḥ purāṇaṁ kāvyaṁ ca prabhur mitraṁ priyeva ca |,वेदाः पुराणं काव्यं च प्रभुर् मित्रं प्रियेव च ।,वेदाः पुराणꣳ काव्यꣳ च प्रभुर् मित्रꣳ प्रियेव च ।
1277,bodhayantīti hi prāhus trivṛd bhāgavataṁ punaḥ ||,बोधयन्तीति हि प्राहुस् त्रिवृद् भागवतं पुनः ॥,बोधयन्तीति हि प्राहुस् त्रिवृद् भागवतꣳ पुनः ॥
1279,"iti muktā-phale hemādri-kāra-vacanena ca | tasmān manyantāṁ vā kecit purāṇāntareṣu veda-sāpekṣatvaṁ, śrī-bhāgavate tu tathā sambhāvanā svayam eva nirastety api svayam eva labdhaṁ bhavati | ataeva parama-śruti-rūpatvaṁ tasya | yathoktam—","इति मुक्ताफले हेमाद्रिकारवचनेन च । तस्मान् मन्यन्तां वा केचित् पुराणान्तरेषु वेदसापेक्षत्वं, श्रीभागवते तु तथा सम्भावना स्वयम् एव निरस्तेत्य् अपि स्वयम् एव लब्धं भवति । अतएव परमश्रुतिरूपत्वं तस्य । यथोक्तम्—","इति मुक्ताफले हेमाद्रिकारवचनेन च । तस्मान् मन्यन्ताꣳ वा केचित् पुराणान्तरेषु वेदसापेक्षत्वꣳ, श्रीभागवते तु तथा सम्भावना स्वयम् एव निरस्तेत्य् अपि स्वयम् एव लब्धꣳ भवति । अतएव परमश्रुतिरूपत्वꣳ तस्य । यथोक्तम्—"
1281,kathaṁ vā pāṇḍaveyasya rājarṣer muninā saha |,कथं वा पाण्डवेयस्य राजर्षेर् मुनिना सह ।,कथꣳ वा पाण्डवेयस्य राजर्षेर् मुनिना सह ।
1282,saṁvādaḥ samabhūt tāta yatraiṣā sātvatī śrutiḥ || [bhā.pu. 1.4.7] iti |,संवादः समभूत् तात यत्रैषा सात्वती श्रुतिः ॥ [भा.पु. १.४.७] इति ।,सꣳवादः समभूत् तात यत्रैषा सात्वती श्रुतिः ॥ [भा.पु. १.४.७] इति ।
1284,"atha “yat khalu sarva-purāṇa-jātam āvirbhāvya” [§19] ity-ādikaṁ pūrvam uktaṁ, tat tu prathama-skandha-gata-śrī-vyāsa-nārada-saṁvādenaiva prameyam ||26||","अथ “यत् खलु सर्वपुराणजातम् आविर्भाव्य” [§१९] इत्यादिकं पूर्वम् उक्तं, तत् तु प्रथमस्कन्धगतश्रीव्यासनारदसंवादेनैव प्रमेयम् ॥२६॥","अथ “यत् खलु सर्वपुराणजातम् आविर्भाव्य” [§१९] इत्यादिकꣳ पूर्वम् उक्तꣳ, तत् तु प्रथमस्कन्धगतश्रीव्यासनारदसꣳवादेनैव प्रमेयम् ॥२६॥"
1286,sarva-saṁvādinī : na vyākhyātam.,सर्वसंवादिनी : न व्याख्यातम्।,सर्वसꣳवादिनी : न व्याख्यातम्.
1288,"baladevaḥ : vaktavyaṁ yojayaty atra yadyapīty-ādinā | tasmād evam iti tad-vaktuḥ śrī-śukasya sarva-gurutvenāpīty arthaḥ | āpekṣikam iti etad-anya-purāṇāpekṣayety arthaḥ | atha paramotkarṣam āha aho kim iti # ataeveti kṛṣṇa-pratinidhitvāt kṛṣṇavat sarva-guṇa-yuktatvam ity arthaḥ | priyeva kānteva | trivṛt vedādi-traya-guṇa-yuktam ity arthaḥ | tasmād iti veda-sāpekṣatvaṁ veda-vākyena purāṇa-prāmāṇyam ity arthaḥ | ataeveti paramārthāvedakatvād vedāntasyeva bhāgavatasya parama-śruti-rūpatvam ity arthaḥ | yatra saṁvāde | sātvatī vaiṣṇavīty arthaḥ | artheti—idaṁ bhagavatā pūrvam ity-ādi-dvādaśokter brahma-nārāyaṇa-saṁvāda-rūpam aṣṭādaśasu madhye prakaṭitam, vyāsa-nārada-saṁvāda-rūpaṁ tatraiva praveśitam, tad-ubhayasya lakṣaṇa-saṅkhye tu mātsyādāv ukte iti bodhyam ity arthaḥ | evam eva bhāratopakrame’pi dṛṣṭam | ādāv ākhyānair vinā caturviṁśati-sahasraṁ bhārataṁ tatas taiḥ sahitaṁ pañcāśat-sahasraṁ tatas tais tato’py adhikam ito’py adhikam iti tadvat ||26||","बलदेवः : वक्तव्यं योजयत्य् अत्र यद्यपीत्यादिना । तस्माद् एवम् इति तद्वक्तुः श्रीशुकस्य सर्वगुरुत्वेनापीत्य् अर्थः । आपेक्षिकम् इति एतदन्यपुराणापेक्षयेत्य् अर्थः । अथ परमोत्कर्षम् आह अहो किम् इति # अतएवेति कृष्णप्रतिनिधित्वात् कृष्णवत् सर्वगुणयुक्तत्वम् इत्य् अर्थः । प्रियेव कान्तेव । त्रिवृत् वेदादित्रयगुणयुक्तम् इत्य् अर्थः । तस्माद् इति वेदसापेक्षत्वं वेदवाक्येन पुराणप्रामाण्यम् इत्य् अर्थः । अतएवेति परमार्थावेदकत्वाद् वेदान्तस्येव भागवतस्य परमश्रुतिरूपत्वम् इत्य् अर्थः । यत्र संवादे । सात्वती वैष्णवीत्य् अर्थः । अर्थेति—इदं भगवता पूर्वम् इत्यादिद्वादशोक्तेर् ब्रह्मनारायणसंवादरूपम् अष्टादशसु मध्ये प्रकटितम्, व्यासनारदसंवादरूपं तत्रैव प्रवेशितम्, तदुभयस्य लक्षणसङ्ख्ये तु मात्स्यादाव् उक्ते इति बोध्यम् इत्य् अर्थः । एवम् एव भारतोपक्रमेऽपि दृष्टम् । आदाव् आख्यानैर् विना चतुर्विंशतिसहस्रं भारतं ततस् तैः सहितं पञ्चाशत्सहस्रं ततस् तैस् ततोऽप्य् अधिकम् इतोऽप्य् अधिकम् इति तद्वत् ॥२६॥","बलदेवः : वक्तव्यꣳ योजयत्य् अत्र यद्यपीत्यादिना । तस्माद् एवम् इति तद्वक्तुः श्रीशुकस्य सर्वगुरुत्वेनापीत्य् अर्थः । आपेक्षिकम् इति एतदन्यपुराणापेक्षयेत्य् अर्थः । अथ परमोत्कर्षम् आह अहो किम् इति # अतएवेति कृष्णप्रतिनिधित्वात् कृष्णवत् सर्वगुणयुक्तत्वम् इत्य् अर्थः । प्रियेव कान्तेव । त्रिवृत् वेदादित्रयगुणयुक्तम् इत्य् अर्थः । तस्माद् इति वेदसापेक्षत्वꣳ वेदवाक्येन पुराणप्रामाण्यम् इत्य् अर्थः । अतएवेति परमार्थावेदकत्वाद् वेदान्तस्येव भागवतस्य परमश्रुतिरूपत्वम् इत्य् अर्थः । यत्र सꣳवादे । सात्वती वैष्णवीत्य् अर्थः । अर्थेति—इदꣳ भगवता पूर्वम् इत्यादिद्वादशोक्तेर् ब्रह्मनारायणसꣳवादरूपम् अष्टादशसु मध्ये प्रकटितम्, व्यासनारदसꣳवादरूपꣳ तत्रैव प्रवेशितम्, तदुभयस्य लक्षणसङ्ख्ये तु मात्स्यादाव् उक्ते इति बोध्यम् इत्य् अर्थः । एवम् एव भारतोपक्रमेऽपि दृष्टम् । आदाव् आख्यानैर् विना चतुर्विꣳशतिसहस्रꣳ भारतꣳ ततस् तैः सहितꣳ पञ्चाशत्सहस्रꣳ ततस् तैस् ततोऽप्य् अधिकम् इतोऽप्य् अधिकम् इति तद्वत् ॥२६॥"
1294,"tad evaṁ parama-niḥśreyasa-niścayāya śrī-bhāgavatam eva paurvāparyāvirodhena vicāryate | tatrāsmin sandarbha-ṣaṭkātmake granthe sūtra-sthānīyam avatārikā-vākyaṁ, viṣaya-vākyaṁ śrī-bhāgavata-vākyam | bhāṣya-rūpā tad-vyākhyā tu samprati madhya-deśādau vyāptān advaita-vādino nūnaṁ bhagavan-mahimānam avagāhayituṁ tad-vādena karburita-lipīnāṁ parama-vaiṣṇavānāṁ śrīdhara-svāmi-caraṇānāṁ śuddha-vaiṣṇava-siddhāntānugatā cet, tarhi yathāvad eva vilikhyate | kvacit teṣām evānyatra-dṛṣṭa-vyākhyānusāreṇa draviḍādi-deśa-vikhyāta-parama-bhāgavatānāṁ teṣām eva bāhulyena tatra vaiṣṇavatvena prasiddhatvāt | śrī-bhāgavata eva, kvacit kvacin mahārāja draviḍeṣu ca bhūriśaḥ [bhā.pu. 11.5.39] ity anena prathita-mahimnāṁ sākṣāc chrī-prabhṛtitaḥ pravṛtta-sampradāyānāṁ śrī-vaiṣṇavābhidhānāṁ śrī-rāmānuja-bhagavat-pāda-viracita-śrī-bhāṣyādi-dṛṣṭa-mata-prāmāṇyena, mūla-grantha-svārasyena cānyathā ca | advaita-vyākhyānaṁ tu prasiddhatvān nātivitāyate ||27||","तद् एवं परमनिःश्रेयसनिश्चयाय श्रीभागवतम् एव पौर्वापर्याविरोधेन विचार्यते । तत्रास्मिन् सन्दर्भषट्कात्मके ग्रन्थे सूत्रस्थानीयम् अवतारिकावाक्यं, विषयवाक्यं श्रीभागवतवाक्यम् । भाष्यरूपा तद्व्याख्या तु सम्प्रति मध्यदेशादौ व्याप्तान् अद्वैतवादिनो नूनं भगवन्महिमानम् अवगाहयितुं तद्वादेन कर्बुरितलिपीनां परमवैष्णवानां श्रीधरस्वामिचरणानां शुद्धवैष्णवसिद्धान्तानुगता चेत्, तर्हि यथावद् एव विलिख्यते । क्वचित् तेषाम् एवान्यत्रदृष्टव्याख्यानुसारेण द्रविडादिदेशविख्यातपरमभागवतानां तेषाम् एव बाहुल्येन तत्र वैष्णवत्वेन प्रसिद्धत्वात् । श्रीभागवत एव, क्वचित् क्वचिन् महाराज द्रविडेषु च भूरिशः [भा.पु. ११.५.३९] इत्य् अनेन प्रथितमहिम्नां साक्षाच् छ्रीप्रभृतितः प्रवृत्तसम्प्रदायानां श्रीवैष्णवाभिधानां श्रीरामानुजभगवत्पादविरचितश्रीभाष्यादिदृष्टमतप्रामाण्येन, मूलग्रन्थस्वारस्येन चान्यथा च । अद्वैतव्याख्यानं तु प्रसिद्धत्वान् नातिवितायते ॥२७॥","तद् एवꣳ परमनिःश्रेयसनिश्चयाय श्रीभागवतम् एव पौर्वापर्याविरोधेन विचार्यते । तत्रास्मिन् सन्दर्भषट्कात्मके ग्रन्थे सूत्रस्थानीयम् अवतारिकावाक्यꣳ, विषयवाक्यꣳ श्रीभागवतवाक्यम् । भाष्यरूपा तद्व्याख्या तु सम्प्रति मध्यदेशादौ व्याप्तान् अद्वैतवादिनो नूनꣳ भगवन्महिमानम् अवगाहयितुꣳ तद्वादेन कर्बुरितलिपीनाꣳ परमवैष्णवानाꣳ श्रीधरस्वामिचरणानाꣳ शुद्धवैष्णवसिद्धान्तानुगता चेत्, तर्हि यथावद् एव विलिख्यते । क्वचित् तेषाम् एवान्यत्रदृष्टव्याख्यानुसारेण द्रविडादिदेशविख्यातपरमभागवतानाꣳ तेषाम् एव बाहुल्येन तत्र वैष्णवत्वेन प्रसिद्धत्वात् । श्रीभागवत एव, क्वचित् क्वचिन् महाराज द्रविडेषु च भूरिशः [भा.पु. ११.५.३९] इत्य् अनेन प्रथितमहिम्नाꣳ साक्षाच् छ्रीप्रभृतितः प्रवृत्तसम्प्रदायानाꣳ श्रीवैष्णवाभिधानाꣳ श्रीरामानुजभगवत्पादविरचितश्रीभाष्यादिदृष्टमतप्रामाण्येन, मूलग्रन्थस्वारस्येन चान्यथा च । अद्वैतव्याख्यानꣳ तु प्रसिद्धत्वान् नातिवितायते ॥२७॥"
1296,sarva-saṁvādinī : na vyākhyātam.,सर्वसंवादिनी : न व्याख्यातम्।,सर्वसꣳवादिनी : न व्याख्यातम्.
1298,"baladevaḥ : tad evam iti | nanu veda evāsmākaṁ pramāṇam iti pratijñāya purāṇam eva tat svīkarotīti kim idaṁ kautukam iti cen maivaṁ bhramitavyam | evaṁ vā are’sya mahato bhūtasya [bṛ.ā.u. 2.4.10] ity-ādi-śrutyaiva purāṇasya vedatvābhidhānāt | vedeṣu vedāntasyaiva purāṇeṣu śrī-bhāgavatasya śraiṣṭhya-nirṇayāc ca tad eva pramāṇam iti kim asaṅgatam uktam iti | atha brahma-sūtra-bhāṣya-rītyā sandarbhasyāsya pravṛttir ity āha tatrasminn iti | vicārārhavākyaṁ viṣaya-vākyam | bhāṣya-rūpā tad-vyākhyeti | ayam arthaḥ śrīdhara-svāmino vaiṣṇavā eva, taṭ-ṭīkāsu bhagavad-vigraha-guṇa—vibhūti-dhāmnāṁ tat-pārṣada-tanūnāṁ ca nityatvokteḥ | bhagavad-bhakteḥ sarvotkṛṣṭa-mokṣānuvṛttyor ukteś ca tathāpi kvacit kvacin māyāvādollekhas tad-vādino bhagavad-bhaktau praveśayituṁ baḍiśāmiṣārpaṇa-nyāyenaiveti viditam iti | śuddha-vaiṣṇaveti yathā sāṅkhyādi-śāstrāṇām aviruddhāṁśaḥ sarvaiḥ svīkṛtas tadvad idaṁ bodhyam | kvacit teṣām eveti kvacit sthalāntarīya-svāmi-vyākhyānusāreṇaśrī-bhāṣyādi-dṛṣṭa-mata-prāmāṇyena mūla-śrī-bhāgavata-svārasyena cānyathā ca bhāṣya-rūpā tad-vyākhyā mayā likhyata itimat-kapola-kalpanaṁ kiñcid api nāstīti pramāṇopetātra ṭīkety arthaḥ | nanu pūrva-pakṣa-jñānāyādvaitaṁ ca vyākhyeyam iti tatrāha advaiteti ||27||","बलदेवः : तद् एवम् इति । ननु वेद एवास्माकं प्रमाणम् इति प्रतिज्ञाय पुराणम् एव तत् स्वीकरोतीति किम् इदं कौतुकम् इति चेन् मैवं भ्रमितव्यम् । एवं वा अरेऽस्य महतो भूतस्य [बृ.आ.उ. २.४.१०] इत्यादिश्रुत्यैव पुराणस्य वेदत्वाभिधानात् । वेदेषु वेदान्तस्यैव पुराणेषु श्रीभागवतस्य श्रैष्ठ्यनिर्णयाच् च तद् एव प्रमाणम् इति किम् असङ्गतम् उक्तम् इति । अथ ब्रह्मसूत्रभाष्यरीत्या सन्दर्भस्यास्य प्रवृत्तिर् इत्य् आह तत्रस्मिन्न् इति । विचारार्हवाक्यं विषयवाक्यम् । भाष्यरूपा तद्व्याख्येति । अयम् अर्थः श्रीधरस्वामिनो वैष्णवा एव, तट्टीकासु भगवद्विग्रहगुण—विभूतिधाम्नां तत्पार्षदतनूनां च नित्यत्वोक्तेः । भगवद्भक्तेः सर्वोत्कृष्टमोक्षानुवृत्त्योर् उक्तेश् च तथापि क्वचित् क्वचिन् मायावादोल्लेखस् तद्वादिनो भगवद्भक्तौ प्रवेशयितुं बडिशामिषार्पणन्यायेनैवेति विदितम् इति । शुद्धवैष्णवेति यथा साङ्ख्यादिशास्त्राणाम् अविरुद्धांशः सर्वैः स्वीकृतस् तद्वद् इदं बोध्यम् । क्वचित् तेषाम् एवेति क्वचित् स्थलान्तरीयस्वामिव्याख्यानुसारेणश्रीभाष्यादिदृष्टमतप्रामाण्येन मूलश्रीभागवतस्वारस्येन चान्यथा च भाष्यरूपा तद्व्याख्या मया लिख्यत इतिमत्कपोलकल्पनं किञ्चिद् अपि नास्तीति प्रमाणोपेतात्र टीकेत्य् अर्थः । ननु पूर्वपक्षज्ञानायाद्वैतं च व्याख्येयम् इति तत्राह अद्वैतेति ॥२७॥","बलदेवः : तद् एवम् इति । ननु वेद एवास्माकꣳ प्रमाणम् इति प्रतिज्ञाय पुराणम् एव तत् स्वीकरोतीति किम् इदꣳ कौतुकम् इति चेन् मैवꣳ भ्रमितव्यम् । एवꣳ वा अरेऽस्य महतो भूतस्य [बृ.आ.उ. २.४.१०] इत्यादिश्रुत्यैव पुराणस्य वेदत्वाभिधानात् । वेदेषु वेदान्तस्यैव पुराणेषु श्रीभागवतस्य श्रैष्ठ्यनिर्णयाच् च तद् एव प्रमाणम् इति किम् असङ्गतम् उक्तम् इति । अथ ब्रह्मसूत्रभाष्यरीत्या सन्दर्भस्यास्य प्रवृत्तिर् इत्य् आह तत्रस्मिन्न् इति । विचारार्हवाक्यꣳ विषयवाक्यम् । भाष्यरूपा तद्व्याख्येति । अयम् अर्थः श्रीधरस्वामिनो वैष्णवा एव, तट्टीकासु भगवद्विग्रहगुण—विभूतिधाम्नाꣳ तत्पार्षदतनूनाꣳ च नित्यत्वोक्तेः । भगवद्भक्तेः सर्वोत्कृष्टमोक्षानुवृत्त्योर् उक्तेश् च तथापि क्वचित् क्वचिन् मायावादोल्लेखस् तद्वादिनो भगवद्भक्तौ प्रवेशयितुꣳ बडिशामिषार्पणन्यायेनैवेति विदितम् इति । शुद्धवैष्णवेति यथा साङ्ख्यादिशास्त्राणाम् अविरुद्धाꣳशः सर्वैः स्वीकृतस् तद्वद् इदꣳ बोध्यम् । क्वचित् तेषाम् एवेति क्वचित् स्थलान्तरीयस्वामिव्याख्यानुसारेणश्रीभाष्यादिदृष्टमतप्रामाण्येन मूलश्रीभागवतस्वारस्येन चान्यथा च भाष्यरूपा तद्व्याख्या मया लिख्यत इतिमत्कपोलकल्पनꣳ किञ्चिद् अपि नास्तीति प्रमाणोपेतात्र टीकेत्य् अर्थः । ननु पूर्वपक्षज्ञानायाद्वैतꣳ च व्याख्येयम् इति तत्राह अद्वैतेति ॥२७॥"
1304,"atra ca sva-darśitārtha-viśeṣa-prāmāṇyāyaiva, na tu śrīmad-bhāgavata-vākya-prāmāṇyāya, pramāṇāni śruti-purāṇādi-vacanāni yathā-dṛṣṭam evodāharaṇīyāni | kvacit svayam adṛṣṭākarāṇi ca tattva-vāda-gurūṇām anādhunikānāṁ pracura-pracārita-vaiṣṇava-mata-viśeṣāṇāṁ dakṣiṇādi-deśa-vikhyāta-śiṣyopaśiṣyībhūta-vijayadhvaja-vyāsatīrthādi-veda-vedārtha-vid-varāṇāṁ śrī-madhvācārya-caraṇānāṁ bhāgavata-tātparya-bhārata-tātparya-brahma-sūtra-bhāṣyādibhyaḥ saṅgṛhītāni | taiś caivam uktaṁ bhārata-tātparye—","अत्र च स्वदर्शितार्थविशेषप्रामाण्यायैव, न तु श्रीमद्भागवतवाक्यप्रामाण्याय, प्रमाणानि श्रुतिपुराणादिवचनानि यथादृष्टम् एवोदाहरणीयानि । क्वचित् स्वयम् अदृष्टाकराणि च तत्त्ववादगुरूणाम् अनाधुनिकानां प्रचुरप्रचारितवैष्णवमतविशेषाणां दक्षिणादिदेशविख्यातशिष्योपशिष्यीभूतविजयध्वजव्यासतीर्थादिवेदवेदार्थविद्वराणां श्रीमध्वाचार्यचरणानां भागवततात्पर्यभारततात्पर्यब्रह्मसूत्रभाष्यादिभ्यः सङ्गृहीतानि । तैश् चैवम् उक्तं भारततात्पर्ये—","अत्र च स्वदर्शितार्थविशेषप्रामाण्यायैव, न तु श्रीमद्भागवतवाक्यप्रामाण्याय, प्रमाणानि श्रुतिपुराणादिवचनानि यथादृष्टम् एवोदाहरणीयानि । क्वचित् स्वयम् अदृष्टाकराणि च तत्त्ववादगुरूणाम् अनाधुनिकानाꣳ प्रचुरप्रचारितवैष्णवमतविशेषाणाꣳ दक्षिणादिदेशविख्यातशिष्योपशिष्यीभूतविजयध्वजव्यासतीर्थादिवेदवेदार्थविद्वराणाꣳ श्रीमध्वाचार्यचरणानाꣳ भागवततात्पर्यभारततात्पर्यब्रह्मसूत्रभाष्यादिभ्यः सङ्गृहीतानि । तैश् चैवम् उक्तꣳ भारततात्पर्ये—"
1306,śāstrāntarāṇi saṁjānan vedāntasya prasādataḥ |,शास्त्रान्तराणि संजानन् वेदान्तस्य प्रसादतः ।,शास्त्रान्तराणि सꣳजानन् वेदान्तस्य प्रसादतः ।
1311,"tatra tad-uddhṛtā śrutiś caturveda-śikhādyā, purāṇaṁ ca gāruḍādīnāṁ samprati sarvatrāpracarad-rūpam aṁśādikam | saṁhitā ca mahā-saṁhitādikā tantraṁ ca tantra-bhāgavatādikaṁ brahma-tarkādikam iti jñeyam ||28||","तत्र तदुद्धृता श्रुतिश् चतुर्वेदशिखाद्या, पुराणं च गारुडादीनां सम्प्रति सर्वत्राप्रचरद्रूपम् अंशादिकम् । संहिता च महासंहितादिका तन्त्रं च तन्त्रभागवतादिकं ब्रह्मतर्कादिकम् इति ज्ञेयम् ॥२८॥","तत्र तदुद्धृता श्रुतिश् चतुर्वेदशिखाद्या, पुराणꣳ च गारुडादीनाꣳ सम्प्रति सर्वत्राप्रचरद्रूपम् अꣳशादिकम् । सꣳहिता च महासꣳहितादिका तन्त्रꣳ च तन्त्रभागवतादिकꣳ ब्रह्मतर्कादिकम् इति ज्ञेयम् ॥२८॥"
1313,sarva-saṁvādinī : na vyākhyātam.,सर्वसंवादिनी : न व्याख्यातम्।,सर्वसꣳवादिनी : न व्याख्यातम्.
1315,"baladevaḥ : atreti | iha granthe yāni śruti-purāṇādi-vacanāni mayā dhriyante tāni svadarśitārtha-viśeṣa-prāmāṇyaiva | na tu śrī-bhāgavata-vākya-prāmaṇyāya, tasya svataḥ pramāṇatvāt | tāni ca yathā-dṛṣṭam evodāharaṇīyāni mūla-granthān vilokyotthāpitānīty arthaḥ | kānicid vākyāni tu mad-adṛṣṭākarāṇy asmad-ācārya-śrī-madhvamuni-dṛṣṭākarāṇy eva kvacin mayā dhriyanta ity āha kvacid iti | mad-vyākhyānaṁ kvacid artha-viśeṣe prāmāṇyāya śrī-madhvācārya-caraṇānāṁ bhāgavata-tātparyādibhyo granthebhyaḥ saṅgṛhītāni śruti-purāṇādi-vacanāni dhriyanta ity anuṣaṅgaḥ | atrāsya grantha-kartuḥ satyavāditvaṁ dhvanitam | kaumāra-brahmacaryavān naiṣṭhiko yaḥ satya-taponidhiḥ svapne’py anṛtaṁ noce ceti prasiddham | teṣāṁ kīdṛśānām ity āha tattveti | sarvaṁ vastu satyam iti vādas tattva-vādas tad-upadeṣṭṝṇām ity arthaḥ | anādhunikānām atiprācīnānāṁ kenacic chāṅkareṇa saha vivāde madhvasya mataṁ vyāsaḥ svīcakre | śaṅkarasya tu tatyājetyaitihyam asti | pracāriteti bhaktānāṁ viprāṇām eva mokṣaḥ | devā bhakteṣu mukhyāḥ | viriñcasyaiva sāyujyam | lakṣmyā jīvakoṭitvam ity evaṁ mata-viśeṣaḥ | dakṣiṇādideśeti tena gauḍe’pi mādhavendrādayas tad-upaśiṣyāḥ katicid babhūvur ity arthaḥ | śāstrāntarāṇīti tena svasya dṛṣṭa-sarvākaratā vyajyate dig-vijayitvaṁ cety upodghāto vyākhyātaḥ ||28||","बलदेवः : अत्रेति । इह ग्रन्थे यानि श्रुतिपुराणादिवचनानि मया ध्रियन्ते तानि स्वदर्शितार्थविशेषप्रामाण्यैव । न तु श्रीभागवतवाक्यप्रामण्याय, तस्य स्वतः प्रमाणत्वात् । तानि च यथादृष्टम् एवोदाहरणीयानि मूलग्रन्थान् विलोक्योत्थापितानीत्य् अर्थः । कानिचिद् वाक्यानि तु मददृष्टाकराण्य् अस्मदाचार्यश्रीमध्वमुनिदृष्टाकराण्य् एव क्वचिन् मया ध्रियन्त इत्य् आह क्वचिद् इति । मद्व्याख्यानं क्वचिद् अर्थविशेषे प्रामाण्याय श्रीमध्वाचार्यचरणानां भागवततात्पर्यादिभ्यो ग्रन्थेभ्यः सङ्गृहीतानि श्रुतिपुराणादिवचनानि ध्रियन्त इत्य् अनुषङ्गः । अत्रास्य ग्रन्थकर्तुः सत्यवादित्वं ध्वनितम् । कौमारब्रह्मचर्यवान् नैष्ठिको यः सत्यतपोनिधिः स्वप्नेऽप्य् अनृतं नोचे चेति प्रसिद्धम् । तेषां कीदृशानाम् इत्य् आह तत्त्वेति । सर्वं वस्तु सत्यम् इति वादस् तत्त्ववादस् तदुपदेष्टॄणाम् इत्य् अर्थः । अनाधुनिकानाम् अतिप्राचीनानां केनचिच् छाङ्करेण सह विवादे मध्वस्य मतं व्यासः स्वीचक्रे । शङ्करस्य तु तत्याजेत्यैतिह्यम् अस्ति । प्रचारितेति भक्तानां विप्राणाम् एव मोक्षः । देवा भक्तेषु मुख्याः । विरिञ्चस्यैव सायुज्यम् । लक्ष्म्या जीवकोटित्वम् इत्य् एवं मतविशेषः । दक्षिणादिदेशेति तेन गौडेऽपि माधवेन्द्रादयस् तदुपशिष्याः कतिचिद् बभूवुर् इत्य् अर्थः । शास्त्रान्तराणीति तेन स्वस्य दृष्टसर्वाकरता व्यज्यते दिग्विजयित्वं चेत्य् उपोद्घातो व्याख्यातः ॥२८॥","बलदेवः : अत्रेति । इह ग्रन्थे यानि श्रुतिपुराणादिवचनानि मया ध्रियन्ते तानि स्वदर्शितार्थविशेषप्रामाण्यैव । न तु श्रीभागवतवाक्यप्रामण्याय, तस्य स्वतः प्रमाणत्वात् । तानि च यथादृष्टम् एवोदाहरणीयानि मूलग्रन्थान् विलोक्योत्थापितानीत्य् अर्थः । कानिचिद् वाक्यानि तु मददृष्टाकराण्य् अस्मदाचार्यश्रीमध्वमुनिदृष्टाकराण्य् एव क्वचिन् मया ध्रियन्त इत्य् आह क्वचिद् इति । मद्व्याख्यानꣳ क्वचिद् अर्थविशेषे प्रामाण्याय श्रीमध्वाचार्यचरणानाꣳ भागवततात्पर्यादिभ्यो ग्रन्थेभ्यः सङ्गृहीतानि श्रुतिपुराणादिवचनानि ध्रियन्त इत्य् अनुषङ्गः । अत्रास्य ग्रन्थकर्तुः सत्यवादित्वꣳ ध्वनितम् । कौमारब्रह्मचर्यवान् नैष्ठिको यः सत्यतपोनिधिः स्वप्नेऽप्य् अनृतꣳ नोचे चेति प्रसिद्धम् । तेषाꣳ कीदृशानाम् इत्य् आह तत्त्वेति । सर्वꣳ वस्तु सत्यम् इति वादस् तत्त्ववादस् तदुपदेष्टॄणाम् इत्य् अर्थः । अनाधुनिकानाम् अतिप्राचीनानाꣳ केनचिच् छाङ्करेण सह विवादे मध्वस्य मतꣳ व्यासः स्वीचक्रे । शङ्करस्य तु तत्याजेत्यैतिह्यम् अस्ति । प्रचारितेति भक्तानाꣳ विप्राणाम् एव मोक्षः । देवा भक्तेषु मुख्याः । विरिञ्चस्यैव सायुज्यम् । लक्ष्म्या जीवकोटित्वम् इत्य् एवꣳ मतविशेषः । दक्षिणादिदेशेति तेन गौडेऽपि माधवेन्द्रादयस् तदुपशिष्याः कतिचिद् बभूवुर् इत्य् अर्थः । शास्त्रान्तराणीति तेन स्वस्य दृष्टसर्वाकरता व्यज्यते दिग्विजयित्वꣳ चेत्य् उपोद्घातो व्याख्यातः ॥२८॥"
1328,vyatanuta kṛpayā yas tattva-dīpaṁ purāṇaṁ,व्यतनुत कृपया यस् तत्त्वदीपं पुराणं,व्यतनुत कृपया यस् तत्त्वदीपꣳ पुराणꣳ
1329,tam akhila-vṛjina-ghnaṁ vyāsa-sūnuṁ nato’smi || [bhā.pu. 12.12.68],तम् अखिलवृजिनघ्नं व्याससूनुं नतोऽस्मि ॥ [भा.पु. १२.१२.६८],तम् अखिलवृजिनघ्नꣳ व्याससूनुꣳ नतोऽस्मि ॥ [भा.पु. १२.१२.६८]
1331,ṭīkā ca śrīdhara-svāmi-viracitā—śrī-guruṁ namaskaroti | sva-sukhenaiva nibhṛtaṁ pūrṇaṁ ceto yasya saḥ | tenaiva vyudasto’nyasmin bhāvo bhāvanā yasya tathābhūto’py ajitasya rucirābhir līlābhir ākṛṣṭaḥ sāraḥ sva-sukha-gataṁ dhairyaṁ yasya saḥ | tattva-dīpaṁ paramārtha-prakāśakaṁ śrī-bhāgavataṁ yo vyatanuta taṁ nato’smi ity eṣā | ,टीका च श्रीधरस्वामिविरचिता—श्रीगुरुं नमस्करोति । स्वसुखेनैव निभृतं पूर्णं चेतो यस्य सः । तेनैव व्युदस्तोऽन्यस्मिन् भावो भावना यस्य तथाभूतोऽप्य् अजितस्य रुचिराभिर् लीलाभिर् आकृष्टः सारः स्वसुखगतं धैर्यं यस्य सः । तत्त्वदीपं परमार्थप्रकाशकं श्रीभागवतं यो व्यतनुत तं नतोऽस्मि इत्य् एषा । ,टीका च श्रीधरस्वामिविरचिता—श्रीगुरुꣳ नमस्करोति । स्वसुखेनैव निभृतꣳ पूर्णꣳ चेतो यस्य सः । तेनैव व्युदस्तोऽन्यस्मिन् भावो भावना यस्य तथाभूतोऽप्य् अजितस्य रुचिराभिर् लीलाभिर् आकृष्टः सारः स्वसुखगतꣳ धैर्यꣳ यस्य सः । तत्त्वदीपꣳ परमार्थप्रकाशकꣳ श्रीभागवतꣳ यो व्यतनुत तꣳ नतोऽस्मि इत्य् एषा । 
1333,evam eva dvitīye tad-vākyam eva prāyeṇa munayo rājan [bhā.pu. 2.1.7] ity-ādi-padya-trayam anusandheyam | atra “akhila-vṛjinaṁ” tādṛśa-bhāvasya pratikūlam udāsīnaṁ ca jñeyam | tad evam iha sambandhi-tattvaṁ brahmānandād api prakṛṣṭo rucira-līlā-viśiṣṭaḥ śrīmān ajita eva | sa ca pūrṇatvena mukhyatayā śrī-kṛṣṇa-saṁjña eveti śrī-bādarāyaṇa-samādhau vyaktībhaviṣyati | tathā prayojanākhyaḥ puruṣārthaś ca tādṛśa-tad-āsakti-janakaṁ tal-līlā-śravaṇādi-lakṣaṇaṁ tad-bhajanam evety āyātam | atra “vyāsa-sūnum” iti brahma-vaivartānusāreṇa śrī-kṛṣṇa-varāj janmata eva māyayā tasyāspṛṣṭatvaṁ sūcitam || ,एवम् एव द्वितीये तद्वाक्यम् एव प्रायेण मुनयो राजन् [भा.पु. २.१.७] इत्यादिपद्यत्रयम् अनुसन्धेयम् । अत्र “अखिलवृजिनं” तादृशभावस्य प्रतिकूलम् उदासीनं च ज्ञेयम् । तद् एवम् इह सम्बन्धितत्त्वं ब्रह्मानन्दाद् अपि प्रकृष्टो रुचिरलीलाविशिष्टः श्रीमान् अजित एव । स च पूर्णत्वेन मुख्यतया श्रीकृष्णसंज्ञ एवेति श्रीबादरायणसमाधौ व्यक्तीभविष्यति । तथा प्रयोजनाख्यः पुरुषार्थश् च तादृशतदासक्तिजनकं तल्लीलाश्रवणादिलक्षणं तद्भजनम् एवेत्य् आयातम् । अत्र “व्याससूनुम्” इति ब्रह्मवैवर्तानुसारेण श्रीकृष्णवराज् जन्मत एव मायया तस्यास्पृष्टत्वं सूचितम् ॥ ,एवम् एव द्वितीये तद्वाक्यम् एव प्रायेण मुनयो राजन् [भा.पु. २.१.७] इत्यादिपद्यत्रयम् अनुसन्धेयम् । अत्र “अखिलवृजिनꣳ” तादृशभावस्य प्रतिकूलम् उदासीनꣳ च ज्ञेयम् । तद् एवम् इह सम्बन्धितत्त्वꣳ ब्रह्मानन्दाद् अपि प्रकृष्टो रुचिरलीलाविशिष्टः श्रीमान् अजित एव । स च पूर्णत्वेन मुख्यतया श्रीकृष्णसꣳज्ञ एवेति श्रीबादरायणसमाधौ व्यक्तीभविष्यति । तथा प्रयोजनाख्यः पुरुषार्थश् च तादृशतदासक्तिजनकꣳ तल्लीलाश्रवणादिलक्षणꣳ तद्भजनम् एवेत्य् आयातम् । अत्र “व्याससूनुम्” इति ब्रह्मवैवर्तानुसारेण श्रीकृष्णवराज् जन्मत एव मायया तस्यास्पृष्टत्वꣳ सूचितम् ॥ 
1337,sarva-saṁvādinī : atha [mūle] Prameya-prakaraṇārambhe'tha namaskurvann eveti sūtra-sthānīyasyābhāsa-vākyasya viṣaya-sthānīya-śrī-bhāgavata-vākya-samāptāv aṅka-vinyāsas tad-vākya-saṅgati-gaṇanā-paraḥ | sa ca śrī-krama-sandarbhānukulo bhaviṣyati | tatra tatra vyākhyā-samāptau tv aṅka-vinyāsa-viśeṣasyāyam arthaḥ | [“sva-sukha-nibhṛta-” iti padyasya vaktā] dvādaśa-skandhe dvādaśādhyāye śrī-sūtaḥ ||29||,सर्वसंवादिनी : अथ [मूले] प्रमेयप्रकरणारम्भेऽथ नमस्कुर्वन्न् एवेति सूत्रस्थानीयस्याभासवाक्यस्य विषयस्थानीयश्रीभागवतवाक्यसमाप्ताव् अङ्कविन्यासस् तद्वाक्यसङ्गतिगणनापरः । स च श्रीक्रमसन्दर्भानुकुलो भविष्यति । तत्र तत्र व्याख्यासमाप्तौ त्व् अङ्कविन्यासविशेषस्यायम् अर्थः । [“स्वसुखनिभृत-” इति पद्यस्य वक्ता] द्वादशस्कन्धे द्वादशाध्याये श्रीसूतः ॥२९॥,सर्वसꣳवादिनी : अथ [मूले] प्रमेयप्रकरणारम्भेऽथ नमस्कुर्वन्न् एवेति सूत्रस्थानीयस्याभासवाक्यस्य विषयस्थानीयश्रीभागवतवाक्यसमाप्ताव् अङ्कविन्यासस् तद्वाक्यसङ्गतिगणनापरः । स च श्रीक्रमसन्दर्भानुकुलो भविष्यति । तत्र तत्र व्याख्यासमाप्तौ त्व् अङ्कविन्यासविशेषस्यायम् अर्थः । [“स्वसुखनिभृत-” इति पद्यस्य वक्ता] द्वादशस्कन्धे द्वादशाध्याये श्रीसूतः ॥२९॥
1339,"baladevaḥ : atha yasya brahmeti [atra maṅgalācaraṇe 8] padyoktaṁ sambandhi-kṛṣṇa-tattvam, tad-bhakti-lakṣaṇam abhidheyam, tat-prema-lakṣaṇaṁ pumarthaṁ ca nirūpatayā padyena tāvadgranthaṁ pravartayan grantha-kṛd avatārayati | atheti maṅgalārtham | yasmin śāstra-vaktur hṛdaya-niṣṭhā pratīyate tad eva śāstra-pratipādya-vastu, na tv anyad ity arthaḥ | sveti tadīyam ajita-nirūpakaṁ purāṇam ity arthaḥ | ","बलदेवः : अथ यस्य ब्रह्मेति [अत्र मङ्गलाचरणे ८] पद्योक्तं सम्बन्धिकृष्णतत्त्वम्, तद्भक्तिलक्षणम् अभिधेयम्, तत्प्रेमलक्षणं पुमर्थं च निरूपतया पद्येन तावद्ग्रन्थं प्रवर्तयन् ग्रन्थकृद् अवतारयति । अथेति मङ्गलार्थम् । यस्मिन् शास्त्रवक्तुर् हृदयनिष्ठा प्रतीयते तद् एव शास्त्रप्रतिपाद्यवस्तु, न त्व् अन्यद् इत्य् अर्थः । स्वेति तदीयम् अजितनिरूपकं पुराणम् इत्य् अर्थः । ","बलदेवः : अथ यस्य ब्रह्मेति [अत्र मङ्गलाचरणे ८] पद्योक्तꣳ सम्बन्धिकृष्णतत्त्वम्, तद्भक्तिलक्षणम् अभिधेयम्, तत्प्रेमलक्षणꣳ पुमर्थꣳ च निरूपतया पद्येन तावद्ग्रन्थꣳ प्रवर्तयन् ग्रन्थकृद् अवतारयति । अथेति मङ्गलार्थम् । यस्मिन् शास्त्रवक्तुर् हृदयनिष्ठा प्रतीयते तद् एव शास्त्रप्रतिपाद्यवस्तु, न त्व् अन्यद् इत्य् अर्थः । स्वेति तदीयम् अजितनिरूपकꣳ पुराणम् इत्य् अर्थः । "
1341,"ṭīkā ceti—sva-sukheneti | svam asādhāraṇaṁ jīvānāndād utkṛṣṭam | guḍād iva madhu, yad-anabhivyakta-saṁsthāna-guṇa-vibhūti-līlam ānanda-rūpaṁ sva-prakāśaṁ brahma-śabda-vyapadeśyaṁ vastu, tenety arthaḥ | rucirābhir iti pāramaiśvarya-samaveta-mādhurya-sambhinnatvān manojñābhir ānandaika-rūpābhiḥ pānaka-rasa-nyāyena sphurad-ajita-tat-parikarādibhir līlābhir ity arthaḥ | atrākhileti | pratikūlaṁ pratyākhyāyakam | udāsīnaṁ tyājakam ity arthaḥ | aṅka-yugmaṁ skandhādhyāyayor jñāpakam | śrī-sūtaḥ śrī-śaunakaṁ prati nirdhārayatīty avatārika-vākyena sambandhaḥ | evam uttaratra sarvatra bodhyam ||29||","टीका चेति—स्वसुखेनेति । स्वम् असाधारणं जीवानान्दाद् उत्कृष्टम् । गुडाद् इव मधु, यदनभिव्यक्तसंस्थानगुणविभूतिलीलम् आनन्दरूपं स्वप्रकाशं ब्रह्मशब्दव्यपदेश्यं वस्तु, तेनेत्य् अर्थः । रुचिराभिर् इति पारमैश्वर्यसमवेतमाधुर्यसम्भिन्नत्वान् मनोज्ञाभिर् आनन्दैकरूपाभिः पानकरसन्यायेन स्फुरदजिततत्परिकरादिभिर् लीलाभिर् इत्य् अर्थः । अत्राखिलेति । प्रतिकूलं प्रत्याख्यायकम् । उदासीनं त्याजकम् इत्य् अर्थः । अङ्कयुग्मं स्कन्धाध्याययोर् ज्ञापकम् । श्रीसूतः श्रीशौनकं प्रति निर्धारयतीत्य् अवतारिकवाक्येन सम्बन्धः । एवम् उत्तरत्र सर्वत्र बोध्यम् ॥२९॥","टीका चेति—स्वसुखेनेति । स्वम् असाधारणꣳ जीवानान्दाद् उत्कृष्टम् । गुडाद् इव मधु, यदनभिव्यक्तसꣳस्थानगुणविभूतिलीलम् आनन्दरूपꣳ स्वप्रकाशꣳ ब्रह्मशब्दव्यपदेश्यꣳ वस्तु, तेनेत्य् अर्थः । रुचिराभिर् इति पारमैश्वर्यसमवेतमाधुर्यसम्भिन्नत्वान् मनोज्ञाभिर् आनन्दैकरूपाभिः पानकरसन्यायेन स्फुरदजिततत्परिकरादिभिर् लीलाभिर् इत्य् अर्थः । अत्राखिलेति । प्रतिकूलꣳ प्रत्याख्यायकम् । उदासीनꣳ त्याजकम् इत्य् अर्थः । अङ्कयुग्मꣳ स्कन्धाध्याययोर् ज्ञापकम् । श्रीसूतः श्रीशौनकꣳ प्रति निर्धारयतीत्य् अवतारिकवाक्येन सम्बन्धः । एवम् उत्तरत्र सर्वत्र बोध्यम् ॥२९॥"
1347,tādṛśam eva tātparyaṁ karisyamāṇa-tad-grantha-pratipādya-tattva-nirṇaya-kṛte tat-pravaktṛ-śrī-bādarāyaṇa-kṛte samādhāv api saṅkṣepata eva nirdhārayati—,तादृशम् एव तात्पर्यं करिस्यमाणतद्ग्रन्थप्रतिपाद्यतत्त्वनिर्णयकृते तत्प्रवक्तृश्रीबादरायणकृते समाधाव् अपि सङ्क्षेपत एव निर्धारयति—,तादृशम् एव तात्पर्यꣳ करिस्यमाणतद्ग्रन्थप्रतिपाद्यतत्त्वनिर्णयकृते तत्प्रवक्तृश्रीबादरायणकृते समाधाव् अपि सङ्क्षेपत एव निर्धारयति—
1350,apaśyat puruṣaṁ pūrṇaṁ māyāṁ ca tad-apāśrayam ||,अपश्यत् पुरुषं पूर्णं मायां च तदपाश्रयम् ॥,अपश्यत् पुरुषꣳ पूर्णꣳ मायाꣳ च तदपाश्रयम् ॥
1351,yayā sammohito jīva ātmānaṁ tri-guṇātmakam |,यया सम्मोहितो जीव आत्मानं त्रिगुणात्मकम् ।,यया सम्मोहितो जीव आत्मानꣳ त्रिगुणात्मकम् ।
1352,paro’pi manute’narthaṁ tat-kṛtaṁ cābhipadyate ||,परोऽपि मनुतेऽनर्थं तत्कृतं चाभिपद्यते ॥,परोऽपि मनुतेऽनर्थꣳ तत्कृतꣳ चाभिपद्यते ॥
1353,anarthopaśamaṁ sākṣād bhakti-yogam adhokṣaje |,अनर्थोपशमं साक्षाद् भक्तियोगम् अधोक्षजे ।,अनर्थोपशमꣳ साक्षाद् भक्तियोगम् अधोक्षजे ।
1354,lokasyājānato vidvāṁś cakre sātvata-saṁhitām ||,लोकस्याजानतो विद्वांश् चक्रे सात्वतसंहिताम् ॥,लोकस्याजानतो विद्वाꣳश् चक्रे सात्वतसꣳहिताम् ॥
1355,yasyāṁ vai śrūyamāṇāyāṁ kṛṣṇe parama-pūruṣe |,यस्यां वै श्रूयमाणायां कृष्णे परमपूरुषे ।,यस्याꣳ वै श्रूयमाणायाꣳ कृष्णे परमपूरुषे ।
1356,bhaktir utpadyate puṁsaḥ śoka-moha-bhayāpahā ||,भक्तिर् उत्पद्यते पुंसः शोकमोहभयापहा ॥,भक्तिर् उत्पद्यते पुꣳसः शोकमोहभयापहा ॥
1357,sa saṁhitāṁ bhāgavatīṁ kṛtvānukramya cātma-jam |,स संहितां भागवतीं कृत्वानुक्रम्य चात्मजम् ।,स सꣳहिताꣳ भागवतीꣳ कृत्वानुक्रम्य चात्मजम् ।
1358,śukam adhyāpayām āsa nivṛtti-nirataṁ muniḥ || [bhā.pu. 1.7.4-8],शुकम् अध्यापयाम् आस निवृत्तिनिरतं मुनिः ॥ [भा.पु. १.७.४-८],शुकम् अध्यापयाम् आस निवृत्तिनिरतꣳ मुनिः ॥ [भा.पु. १.७.४-८]
1364,iti śaunaka-praśnānantaraṁ ca—,इति शौनकप्रश्नानन्तरं च—,इति शौनकप्रश्नानन्तरꣳ च—
1367,kurvanty ahaitukīṁ bhaktim ittham-bhūta-guṇo hariḥ ||,कुर्वन्त्य् अहैतुकीं भक्तिम् इत्थम्भूतगुणो हरिः ॥,कुर्वन्त्य् अहैतुकीꣳ भक्तिम् इत्थम्भूतगुणो हरिः ॥
1369,adhyagān mahad ākhyānaṁ nityaṁ viṣṇu-jana-priyaḥ ||[bhā.pu. 1.7.10-11],अध्यगान् महद् आख्यानं नित्यं विष्णुजनप्रियः ॥[भा.पु. १.७.१०-११],अध्यगान् महद् आख्यानꣳ नित्यꣳ विष्णुजनप्रियः ॥[भा.पु. १.७.१०-११]
1373,astv evam aṅga bhagavān bhajatāṁ mukundo,अस्त्व् एवम् अङ्ग भगवान् भजतां मुकुन्दो,अस्त्व् एवम् अङ्ग भगवान् भजताꣳ मुकुन्दो
1374,muktiṁ dadāti karhicit sma na bhakti-yogam || [bhā.pu. 5.6.18],मुक्तिं ददाति कर्हिचित् स्म न भक्तियोगम् ॥ [भा.पु. ५.६.१८],मुक्तिꣳ ददाति कर्हिचित् स्म न भक्तियोगम् ॥ [भा.पु. ५.६.१८]
1376,ity atra prasiddheḥ | praṇihite samāhite samādhinānusmara tad-viceṣṭitaṁ [bhā.pu. 1.5.13] iti taṁ prati śrī-nāradopadeśāt | pūrṇa-padasya mukta-pragrahayā vṛttyā—,इत्य् अत्र प्रसिद्धेः । प्रणिहिते समाहिते समाधिनानुस्मर तद्विचेष्टितं [भा.पु. १.५.१३] इति तं प्रति श्रीनारदोपदेशात् । पूर्णपदस्य मुक्तप्रग्रहया वृत्त्या—,इत्य् अत्र प्रसिद्धेः । प्रणिहिते समाहिते समाधिनानुस्मर तद्विचेष्टितꣳ [भा.पु. १.५.१३] इति तꣳ प्रति श्रीनारदोपदेशात् । पूर्णपदस्य मुक्तप्रग्रहया वृत्त्या—
1378,bhagavān iti śabdo’yaṁ tathā puruṣa ity api |,भगवान् इति शब्दोऽयं तथा पुरुष इत्य् अपि ।,भगवान् इति शब्दोऽयꣳ तथा पुरुष इत्य् अपि ।
1383,kāma-kāmo yajet somam akāmaḥ puruṣaṁ param ||,कामकामो यजेत् सोमम् अकामः पुरुषं परम् ॥,कामकामो यजेत् सोमम् अकामः पुरुषꣳ परम् ॥
1385,tīvreṇa bhakti-yogena yajeta puruṣaṁ param || [bhā.pu. 2.3.9-10],तीव्रेण भक्तियोगेन यजेत पुरुषं परम् ॥ [भा.पु. २.३.९-१०],तीव्रेण भक्तियोगेन यजेत पुरुषꣳ परम् ॥ [भा.पु. २.३.९-१०]
1387,ity asya vākya-dvayasya pūrva-vākye puruṣaṁ paramātmānaṁ prakṛty-ekopādhim uttara-vākye puruṣaṁ pūrṇaṁ nirupādhim iti ṭīkānusāreṇa ca pūrṇaḥ puruṣo’tra svayaṁ bhagavān ucyate ||2a||,इत्य् अस्य वाक्यद्वयस्य पूर्ववाक्ये पुरुषं परमात्मानं प्रकृत्येकोपाधिम् उत्तरवाक्ये पुरुषं पूर्णं निरुपाधिम् इति टीकानुसारेण च पूर्णः पुरुषोऽत्र स्वयं भगवान् उच्यते ॥२अ॥,इत्य् अस्य वाक्यद्वयस्य पूर्ववाक्ये पुरुषꣳ परमात्मानꣳ प्रकृत्येकोपाधिम् उत्तरवाक्ये पुरुषꣳ पूर्णꣳ निरुपाधिम् इति टीकानुसारेण च पूर्णः पुरुषोऽत्र स्वयꣳ भगवान् उच्यते ॥२अ॥
1389,sarva-saṁvādinī : “bhakti-yogena” [bhā.pu. 1.7.4] ity-ādi śaunakaṁ prati nirdhārayatīti cūrṇikā-vākyasyānvayāt | evam uttaratrāpi jñeyam ||2a|| (30),सर्वसंवादिनी : “भक्तियोगेन” [भा.पु. १.७.४] इत्यादि शौनकं प्रति निर्धारयतीति चूर्णिकावाक्यस्यान्वयात् । एवम् उत्तरत्रापि ज्ञेयम् ॥२अ॥ (३०),सर्वसꣳवादिनी : “भक्तियोगेन” [भा.पु. १.७.४] इत्यादि शौनकꣳ प्रति निर्धारयतीति चूर्णिकावाक्यस्यान्वयात् । एवम् उत्तरत्रापि ज्ञेयम् ॥२अ॥ (३०)
1391,baladevaḥ : grantha-vaktuḥ śukasya yatra niṣṭhāvadhāritā | tatraiva grantha-kartur vyāsasyāpi niṣṭhām avadhārayitum avatārayati tādṛśam eveti | nivṛtti-nirataṁ brahmānandād anyasmin spṛhā-virahitam | kasyeti saṁhitābhyāsasya kiṁ phalam ity arthaḥ | adhyagād adhītavān | mukta-pragrahayeti yathāśvaḥ pragrahe mukte balāvadhi dhāvaty evaṁ pūrṇa-śabdaḥ pravṛttaḥ pūrṇatvāvadhi pravarteteti vaktuṁ tad-avadhiś ca svayaṁ-bhagavaty eveti tathocyata ity arthaḥ ||2a|| (30),बलदेवः : ग्रन्थवक्तुः शुकस्य यत्र निष्ठावधारिता । तत्रैव ग्रन्थकर्तुर् व्यासस्यापि निष्ठाम् अवधारयितुम् अवतारयति तादृशम् एवेति । निवृत्तिनिरतं ब्रह्मानन्दाद् अन्यस्मिन् स्पृहाविरहितम् । कस्येति संहिताभ्यासस्य किं फलम् इत्य् अर्थः । अध्यगाद् अधीतवान् । मुक्तप्रग्रहयेति यथाश्वः प्रग्रहे मुक्ते बलावधि धावत्य् एवं पूर्णशब्दः प्रवृत्तः पूर्णत्वावधि प्रवर्तेतेति वक्तुं तदवधिश् च स्वयंभगवत्य् एवेति तथोच्यत इत्य् अर्थः ॥२अ॥ (३०),बलदेवः : ग्रन्थवक्तुः शुकस्य यत्र निष्ठावधारिता । तत्रैव ग्रन्थकर्तुर् व्यासस्यापि निष्ठाम् अवधारयितुम् अवतारयति तादृशम् एवेति । निवृत्तिनिरतꣳ ब्रह्मानन्दाद् अन्यस्मिन् स्पृहाविरहितम् । कस्येति सꣳहिताभ्यासस्य किꣳ फलम् इत्य् अर्थः । अध्यगाद् अधीतवान् । मुक्तप्रग्रहयेति यथाश्वः प्रग्रहे मुक्ते बलावधि धावत्य् एवꣳ पूर्णशब्दः प्रवृत्तः पूर्णत्वावधि प्रवर्तेतेति वक्तुꣳ तदवधिश् च स्वयꣳभगवत्य् एवेति तथोच्यत इत्य् अर्थः ॥२अ॥ (३०)
1397,"pūrvam iti pāṭhe pūrvam evāham ihāsam, iti tat-puruṣasya puruṣatvam iti śrauta-nirvacana-viśeṣa-puraskāreṇa ca sa evocyate | tam apaśyat śrī-veda-vyāsa iti svarūpa-śaktimantam evety etat svayam eva labdhaṁ pūrṇaṁ candram apaśyad ity ukte kāntimantam apaśyad iti labhyate | ata eva—","पूर्वम् इति पाठे पूर्वम् एवाहम् इहासम्, इति तत्पुरुषस्य पुरुषत्वम् इति श्रौतनिर्वचनविशेषपुरस्कारेण च स एवोच्यते । तम् अपश्यत् श्रीवेदव्यास इति स्वरूपशक्तिमन्तम् एवेत्य् एतत् स्वयम् एव लब्धं पूर्णं चन्द्रम् अपश्यद् इत्य् उक्ते कान्तिमन्तम् अपश्यद् इति लभ्यते । अत एव—","पूर्वम् इति पाठे पूर्वम् एवाहम् इहासम्, इति तत्पुरुषस्य पुरुषत्वम् इति श्रौतनिर्वचनविशेषपुरस्कारेण च स एवोच्यते । तम् अपश्यत् श्रीवेदव्यास इति स्वरूपशक्तिमन्तम् एवेत्य् एतत् स्वयम् एव लब्धꣳ पूर्णꣳ चन्द्रम् अपश्यद् इत्य् उक्ते कान्तिमन्तम् अपश्यद् इति लभ्यते । अत एव—"
1401,māyāṁ vyudasya cic-chaktyā ,मायां व्युदस्य चिच्छक्त्या ,मायाꣳ व्युदस्य चिच्छक्त्या 
1404,"ata eva māyāṁ ca tad-apāśrayām ity anena tasmin apa apakṛṣṭa āśrayo yasyāḥ | nilīya sthitatvād iti māyāyā na tat-svarūpa-bhūtatvam ity api labhyate | vakṣyate ca—māyā paraity abhimukhe ca vilajjamānā [bhā.pu. 2.7.47] iti | svarūpa-śaktir iyam atraiva vyaktībhaviṣyati anarthopaśamaṁ sākṣād bhakti-yogam adhokṣaje [bhā.pu. 1.7.6] ity anena, ātmārāmāś ca [bhā.pu. 1.7.10] ity anena ca | pūrvatra hi bhakti-yoga-prabhāvaḥ khalv asau māyābhibhāvakatayā svarūpa-śakti-vṛttitvenaiva gamyate | paratra ca te guṇā brahmānandasyāpy uparicaratayā svarūpa-śakteḥ parama-vṛttitām evārhantīti | māyādhiṣṭhātṛ-puruṣas tu tad-aṁśatvena, brahma ca tadīya-nirviśeṣāvirbhāvatvena, tad-antarbhāva-vivakṣayā pṛthaṅ nokte iti jñeyam | ato’tra pūrvavad eva sambandhi-tattvaṁ nirdhāritam ||2b|| (31)","अत एव मायां च तदपाश्रयाम् इत्य् अनेन तस्मिन् अप अपकृष्ट आश्रयो यस्याः । निलीय स्थितत्वाद् इति मायाया न तत्स्वरूपभूतत्वम् इत्य् अपि लभ्यते । वक्ष्यते च—माया परैत्य् अभिमुखे च विलज्जमाना [भा.पु. २.७.४७] इति । स्वरूपशक्तिर् इयम् अत्रैव व्यक्तीभविष्यति अनर्थोपशमं साक्षाद् भक्तियोगम् अधोक्षजे [भा.पु. १.७.६] इत्य् अनेन, आत्मारामाश् च [भा.पु. १.७.१०] इत्य् अनेन च । पूर्वत्र हि भक्तियोगप्रभावः खल्व् असौ मायाभिभावकतया स्वरूपशक्तिवृत्तित्वेनैव गम्यते । परत्र च ते गुणा ब्रह्मानन्दस्याप्य् उपरिचरतया स्वरूपशक्तेः परमवृत्तिताम् एवार्हन्तीति । मायाधिष्ठातृपुरुषस् तु तदंशत्वेन, ब्रह्म च तदीयनिर्विशेषाविर्भावत्वेन, तदन्तर्भावविवक्षया पृथङ् नोक्ते इति ज्ञेयम् । अतोऽत्र पूर्ववद् एव सम्बन्धितत्त्वं निर्धारितम् ॥२ब्॥ (३१)","अत एव मायाꣳ च तदपाश्रयाम् इत्य् अनेन तस्मिन् अप अपकृष्ट आश्रयो यस्याः । निलीय स्थितत्वाद् इति मायाया न तत्स्वरूपभूतत्वम् इत्य् अपि लभ्यते । वक्ष्यते च—माया परैत्य् अभिमुखे च विलज्जमाना [भा.पु. २.७.४७] इति । स्वरूपशक्तिर् इयम् अत्रैव व्यक्तीभविष्यति अनर्थोपशमꣳ साक्षाद् भक्तियोगम् अधोक्षजे [भा.पु. १.७.६] इत्य् अनेन, आत्मारामाश् च [भा.पु. १.७.१०] इत्य् अनेन च । पूर्वत्र हि भक्तियोगप्रभावः खल्व् असौ मायाभिभावकतया स्वरूपशक्तिवृत्तित्वेनैव गम्यते । परत्र च ते गुणा ब्रह्मानन्दस्याप्य् उपरिचरतया स्वरूपशक्तेः परमवृत्तिताम् एवार्हन्तीति । मायाधिष्ठातृपुरुषस् तु तदꣳशत्वेन, ब्रह्म च तदीयनिर्विशेषाविर्भावत्वेन, तदन्तर्भावविवक्षया पृथङ् नोक्ते इति ज्ञेयम् । अतोऽत्र पूर्ववद् एव सम्बन्धितत्त्वꣳ निर्धारितम् ॥२ब्॥ (३१)"
1406,sarva-saṁvādinī : na vyākhyātam.,सर्वसंवादिनी : न व्याख्यातम्।,सर्वसꣳवादिनी : न व्याख्यातम्.
1408,"baladevaḥ : pāṭhāntareṇāpi sa evārtha iti vyākhyātum āha pūrvam iti | īśvarasyaiva pūrva-vartitvāt puruṣatvam ity arthaḥ | sa eveti svayaṁ bhagavān eva | svarūpa-śaktimattve pramāṇam āha tvam iti | śrutiś cātrāsti | parāsya śaktir vividhaiva śrūyate svābhāvikī jñāna-bala-kriyā ca [śve.u. 6.8] iti | eṣaiva hlādinī sandhinīty ādinā smaryate | ity uktam iti kaṇṭhataḥ pāṭhitam arjunenety arthaḥ | māyāto’nyeyaṁ bodhyety āha ataevety ādinā | mūla-vākyena svarūpa-bhūtā cic-chaktir iyaṁ bodhitāstīy āha ataevety ādinā | paṭṭa-mahiṣīva svarūpa-śaktiḥ, bahir dvāra-sevikeva māyā-śaktir ity ubhayor mahad-antaraṁ bodhyam | bhagavad-bhakter bhagavad-guṇānāṁ ca svarūpa-śakti-sārāṁśatvaṁ sayuktikam āha pūrvatra hītyādinā | brahmānandasyeti anabhivyakta-saṁsthānādi-viśeṣasyeti bodhyam | nanu paramātma-rūpas tādṛśa-brahma-rūpaś cāvirbhāvaḥ kuto vyāsena na dṛṣṭa iti cet tatrāha māyādhiṣṭhātr iti ||2b|| (31)","बलदेवः : पाठान्तरेणापि स एवार्थ इति व्याख्यातुम् आह पूर्वम् इति । ईश्वरस्यैव पूर्ववर्तित्वात् पुरुषत्वम् इत्य् अर्थः । स एवेति स्वयं भगवान् एव । स्वरूपशक्तिमत्त्वे प्रमाणम् आह त्वम् इति । श्रुतिश् चात्रास्ति । परास्य शक्तिर् विविधैव श्रूयते स्वाभाविकी ज्ञानबलक्रिया च [श्वे.उ. ६.८] इति । एषैव ह्लादिनी सन्धिनीत्य् आदिना स्मर्यते । इत्य् उक्तम् इति कण्ठतः पाठितम् अर्जुनेनेत्य् अर्थः । मायातोऽन्येयं बोध्येत्य् आह अतएवेत्य् आदिना । मूलवाक्येन स्वरूपभूता चिच्छक्तिर् इयं बोधितास्तीय् आह अतएवेत्य् आदिना । पट्टमहिषीव स्वरूपशक्तिः, बहिर् द्वारसेविकेव मायाशक्तिर् इत्य् उभयोर् महदन्तरं बोध्यम् । भगवद्भक्तेर् भगवद्गुणानां च स्वरूपशक्तिसारांशत्वं सयुक्तिकम् आह पूर्वत्र हीत्यादिना । ब्रह्मानन्दस्येति अनभिव्यक्तसंस्थानादिविशेषस्येति बोध्यम् । ननु परमात्मरूपस् तादृशब्रह्मरूपश् चाविर्भावः कुतो व्यासेन न दृष्ट इति चेत् तत्राह मायाधिष्ठात्र् इति ॥२ब्॥ (३१)","बलदेवः : पाठान्तरेणापि स एवार्थ इति व्याख्यातुम् आह पूर्वम् इति । ईश्वरस्यैव पूर्ववर्तित्वात् पुरुषत्वम् इत्य् अर्थः । स एवेति स्वयꣳ भगवान् एव । स्वरूपशक्तिमत्त्वे प्रमाणम् आह त्वम् इति । श्रुतिश् चात्रास्ति । परास्य शक्तिर् विविधैव श्रूयते स्वाभाविकी ज्ञानबलक्रिया च [श्वे.उ. ६.८] इति । एषैव ह्लादिनी सन्धिनीत्य् आदिना स्मर्यते । इत्य् उक्तम् इति कण्ठतः पाठितम् अर्जुनेनेत्य् अर्थः । मायातोऽन्येयꣳ बोध्येत्य् आह अतएवेत्य् आदिना । मूलवाक्येन स्वरूपभूता चिच्छक्तिर् इयꣳ बोधितास्तीय् आह अतएवेत्य् आदिना । पट्टमहिषीव स्वरूपशक्तिः, बहिर् द्वारसेविकेव मायाशक्तिर् इत्य् उभयोर् महदन्तरꣳ बोध्यम् । भगवद्भक्तेर् भगवद्गुणानाꣳ च स्वरूपशक्तिसाराꣳशत्वꣳ सयुक्तिकम् आह पूर्वत्र हीत्यादिना । ब्रह्मानन्दस्येति अनभिव्यक्तसꣳस्थानादिविशेषस्येति बोध्यम् । ननु परमात्मरूपस् तादृशब्रह्मरूपश् चाविर्भावः कुतो व्यासेन न दृष्ट इति चेत् तत्राह मायाधिष्ठात्र् इति ॥२ब्॥ (३१)"
1412,atha prāk-pratipāditasyaivābhedhyasya prayojanasya ca sthāpakaṁ jīvasya svarūpata eva parameśvarād vailakṣaṇyam apaśyad ity āha—yayā māyayā sammohito jīvaḥ svayaṁ cid-rūpatvena triguṇātmakāj jaḍāt paro’py ātmānaṁ triguṇātmakaṁ jaḍaṁ dehādi-saṅghātaṁ manute | tan-manana-kṛtam anarthaṁ saṁsāra-vyasanaṁ cābhipadyate | tad evaṁ jīvasya cid-rūpatve’pi yayā sammohita iti manute iti ca svarūpa-bhūta-jñāna-śālitvaṁ vyanakti prakāśaika-rūpasya tejasaḥ sva-para-prakāśana-śaktivat | ajñānenāvṛtaṁ jñānaṁ tena muhyanti jantavaḥ [gītā 5.25] iti śrī-gītābhyaḥ | tad evam upādher eva jīvatvaṁ tan-nāśasyaiva mokṣatvam iti matāntaraṁ parihṛtavān | atra yayā sammohitaḥ ity anena tasyā eva tatra kartṛtvaṁ bhagavatas tatrodāsīnatvaṁ matam | vakṣyate ca—,अथ प्राक्प्रतिपादितस्यैवाभेध्यस्य प्रयोजनस्य च स्थापकं जीवस्य स्वरूपत एव परमेश्वराद् वैलक्षण्यम् अपश्यद् इत्य् आह—यया मायया सम्मोहितो जीवः स्वयं चिद्रूपत्वेन त्रिगुणात्मकाज् जडात् परोऽप्य् आत्मानं त्रिगुणात्मकं जडं देहादिसङ्घातं मनुते । तन्मननकृतम् अनर्थं संसारव्यसनं चाभिपद्यते । तद् एवं जीवस्य चिद्रूपत्वेऽपि यया सम्मोहित इति मनुते इति च स्वरूपभूतज्ञानशालित्वं व्यनक्ति प्रकाशैकरूपस्य तेजसः स्वपरप्रकाशनशक्तिवत् । अज्ञानेनावृतं ज्ञानं तेन मुह्यन्ति जन्तवः [गीता ५.२५] इति श्रीगीताभ्यः । तद् एवम् उपाधेर् एव जीवत्वं तन्नाशस्यैव मोक्षत्वम् इति मतान्तरं परिहृतवान् । अत्र यया सम्मोहितः इत्य् अनेन तस्या एव तत्र कर्तृत्वं भगवतस् तत्रोदासीनत्वं मतम् । वक्ष्यते च—,अथ प्राक्प्रतिपादितस्यैवाभेध्यस्य प्रयोजनस्य च स्थापकꣳ जीवस्य स्वरूपत एव परमेश्वराद् वैलक्षण्यम् अपश्यद् इत्य् आह—यया मायया सम्मोहितो जीवः स्वयꣳ चिद्रूपत्वेन त्रिगुणात्मकाज् जडात् परोऽप्य् आत्मानꣳ त्रिगुणात्मकꣳ जडꣳ देहादिसङ्घातꣳ मनुते । तन्मननकृतम् अनर्थꣳ सꣳसारव्यसनꣳ चाभिपद्यते । तद् एवꣳ जीवस्य चिद्रूपत्वेऽपि यया सम्मोहित इति मनुते इति च स्वरूपभूतज्ञानशालित्वꣳ व्यनक्ति प्रकाशैकरूपस्य तेजसः स्वपरप्रकाशनशक्तिवत् । अज्ञानेनावृतꣳ ज्ञानꣳ तेन मुह्यन्ति जन्तवः [गीता ५.२५] इति श्रीगीताभ्यः । तद् एवम् उपाधेर् एव जीवत्वꣳ तन्नाशस्यैव मोक्षत्वम् इति मतान्तरꣳ परिहृतवान् । अत्र यया सम्मोहितः इत्य् अनेन तस्या एव तत्र कर्तृत्वꣳ भगवतस् तत्रोदासीनत्वꣳ मतम् । वक्ष्यते च—
1417,"atra vilajjamānayā ity anenedam āyāti, tasyā jīva-sammhohanaṁ karma śrī-bhagavate na rocata iti yadyapi sā svayaṁ jānāti, tathāpi bhayaṁ dvitīyābhiniveśataḥ syād īśād apetasya [bhā.pu. 11.2.37] iti diśā jīvānām anādi-bhagavad-ajñāna-maya-vaimukhyam asahamānā svarūpāvaraṇam asvarūpāveśaṁ ca karoti ||2c|| (32)","अत्र विलज्जमानया इत्य् अनेनेदम् आयाति, तस्या जीवसम्म्होहनं कर्म श्रीभगवते न रोचत इति यद्यपि सा स्वयं जानाति, तथापि भयं द्वितीयाभिनिवेशतः स्याद् ईशाद् अपेतस्य [भा.पु. ११.२.३७] इति दिशा जीवानाम् अनादिभगवदज्ञानमयवैमुख्यम् असहमाना स्वरूपावरणम् अस्वरूपावेशं च करोति ॥२च्॥ (३२)","अत्र विलज्जमानया इत्य् अनेनेदम् आयाति, तस्या जीवसम्म्होहनꣳ कर्म श्रीभगवते न रोचत इति यद्यपि सा स्वयꣳ जानाति, तथापि भयꣳ द्वितीयाभिनिवेशतः स्याद् ईशाद् अपेतस्य [भा.पु. ११.२.३७] इति दिशा जीवानाम् अनादिभगवदज्ञानमयवैमुख्यम् असहमाना स्वरूपावरणम् अस्वरूपावेशꣳ च करोति ॥२च्॥ (३२)"
1419,sarva-saṁvādinī : na vyākhyātam.,सर्वसंवादिनी : न व्याख्यातम्।,सर्वसꣳवादिनी : न व्याख्यातम्.
1421,"baladevaḥ : jīvo yenśvaraṁ bhajet bhaktyā ca tasmin premāṇaṁ vindet tato māyayā vimuktaḥ syāt tam īśvarāj jīvasya vāstavaṁ bhedam apaśyad iti vyācaṣṭe, atha prāg ity-ādinā | jīvasyeti vailakṣaṇyam iti sevakatva-sevyatvāṇutva-vibhutva-rūpa-nitya-dharma-hetukaṁ bhedam ity arthaḥ | nanu cin-mātro jīvaḥ yo vijñāne tiṣṭhan [bṛ.ā.u. 3.7.22], vijñānaṁ yajñaṁ tanute [tai.u.2.5.1] ity ādau cid-dhātutva-śravaṇāt, na tasya dharma-bhūtaṁ nityaṁ jñānam asti yena moha-manane varṇanīye | tasmāt sattvā sañjāyate jñānaṁ [gītā 14.17] ity-ādi-vākyāt, sattve yā caitanyasya cchāyā, tad eva sattvopahitasya tasya jñānaṁ yena moha-manane vyāsena dṛṣṭe syātām iti cet tatrāha tad evam ity-ādinā | chāyābhāvāc ca na tat-kalpanaṁ yuktam iti bhāvaḥ | nanu svarūpa-bhūtaṁ jñānaṁ katham iti cet tatrāha parkāśaiketi | ahi-kuṇḍalādhikaraṇe [bra.sū. 3.2.28] bhāṣitam etad draṣṭavyam | tṛtīya-sandarbhe vistarīṣyāma etat | tad evam upādher iti antaḥkaraṇaṁ jīvaḥ antaḥ-karaṇa-nāśo jīvasya mokṣa iti śaṅkara-mataṁ dūsitam | tathā sati paro’pīty ādi-vyākopād iti bhāvaḥ | atreti tatra jīva-mohane karmaṇi | tasyā māyāyāḥ| vilajjeti brahma-vākyam | amuyā māyayā | asahamāneti dāsyā ucitam etat karma yat svāmi-vimukhān duḥkhākarotīti | īśa-vaimukhyena pihitaṁ jīvaṁ māyā pidhatte, ghaṭenāvṛtaṁ dīpaṁ yathā tama āvṛṇotīti ||2c|| (32)","बलदेवः : जीवो येन्श्वरं भजेत् भक्त्या च तस्मिन् प्रेमाणं विन्देत् ततो मायया विमुक्तः स्यात् तम् ईश्वराज् जीवस्य वास्तवं भेदम् अपश्यद् इति व्याचष्टे, अथ प्राग् इत्यादिना । जीवस्येति वैलक्षण्यम् इति सेवकत्वसेव्यत्वाणुत्वविभुत्वरूपनित्यधर्महेतुकं भेदम् इत्य् अर्थः । ननु चिन्मात्रो जीवः यो विज्ञाने तिष्ठन् [बृ.आ.उ. ३.७.२२], विज्ञानं यज्ञं तनुते [तै.उ.२.५.१] इत्य् आदौ चिद्धातुत्वश्रवणात्, न तस्य धर्मभूतं नित्यं ज्ञानम् अस्ति येन मोहमनने वर्णनीये । तस्मात् सत्त्वा सञ्जायते ज्ञानं [गीता १४.१७] इत्यादिवाक्यात्, सत्त्वे या चैतन्यस्य च्छाया, तद् एव सत्त्वोपहितस्य तस्य ज्ञानं येन मोहमनने व्यासेन दृष्टे स्याताम् इति चेत् तत्राह तद् एवम् इत्यादिना । छायाभावाच् च न तत्कल्पनं युक्तम् इति भावः । ननु स्वरूपभूतं ज्ञानं कथम् इति चेत् तत्राह पर्काशैकेति । अहिकुण्डलाधिकरणे [ब्र.सू. ३.२.२८] भाषितम् एतद् द्रष्टव्यम् । तृतीयसन्दर्भे विस्तरीष्याम एतत् । तद् एवम् उपाधेर् इति अन्तःकरणं जीवः अन्तःकरणनाशो जीवस्य मोक्ष इति शङ्करमतं दूसितम् । तथा सति परोऽपीत्य् आदिव्याकोपाद् इति भावः । अत्रेति तत्र जीवमोहने कर्मणि । तस्या मायायाः। विलज्जेति ब्रह्मवाक्यम् । अमुया मायया । असहमानेति दास्या उचितम् एतत् कर्म यत् स्वामिविमुखान् दुःखाकरोतीति । ईशवैमुख्येन पिहितं जीवं माया पिधत्ते, घटेनावृतं दीपं यथा तम आवृणोतीति ॥२च्॥ (३२)","बलदेवः : जीवो येन्श्वरꣳ भजेत् भक्त्या च तस्मिन् प्रेमाणꣳ विन्देत् ततो मायया विमुक्तः स्यात् तम् ईश्वराज् जीवस्य वास्तवꣳ भेदम् अपश्यद् इति व्याचष्टे, अथ प्राग् इत्यादिना । जीवस्येति वैलक्षण्यम् इति सेवकत्वसेव्यत्वाणुत्वविभुत्वरूपनित्यधर्महेतुकꣳ भेदम् इत्य् अर्थः । ननु चिन्मात्रो जीवः यो विज्ञाने तिष्ठन् [बृ.आ.उ. ३.७.२२], विज्ञानꣳ यज्ञꣳ तनुते [तै.उ.२.५.१] इत्य् आदौ चिद्धातुत्वश्रवणात्, न तस्य धर्मभूतꣳ नित्यꣳ ज्ञानम् अस्ति येन मोहमनने वर्णनीये । तस्मात् सत्त्वा सञ्जायते ज्ञानꣳ [गीता १४.१७] इत्यादिवाक्यात्, सत्त्वे या चैतन्यस्य च्छाया, तद् एव सत्त्वोपहितस्य तस्य ज्ञानꣳ येन मोहमनने व्यासेन दृष्टे स्याताम् इति चेत् तत्राह तद् एवम् इत्यादिना । छायाभावाच् च न तत्कल्पनꣳ युक्तम् इति भावः । ननु स्वरूपभूतꣳ ज्ञानꣳ कथम् इति चेत् तत्राह पर्काशैकेति । अहिकुण्डलाधिकरणे [ब्र.सू. ३.२.२८] भाषितम् एतद् द्रष्टव्यम् । तृतीयसन्दर्भे विस्तरीष्याम एतत् । तद् एवम् उपाधेर् इति अन्तःकरणꣳ जीवः अन्तःकरणनाशो जीवस्य मोक्ष इति शङ्करमतꣳ दूसितम् । तथा सति परोऽपीत्य् आदिव्याकोपाद् इति भावः । अत्रेति तत्र जीवमोहने कर्मणि । तस्या मायायाः। विलज्जेति ब्रह्मवाक्यम् । अमुया मायया । असहमानेति दास्या उचितम् एतत् कर्म यत् स्वामिविमुखान् दुःखाकरोतीति । ईशवैमुख्येन पिहितꣳ जीवꣳ माया पिधत्ते, घटेनावृतꣳ दीपꣳ यथा तम आवृणोतीति ॥२च्॥ (३२)"
1427,"śrī-bhagavāṁś cānādita eva bhaktāyāṁ prapañcādhikāriṇyāṁ tasyāṁ dākṣiṇyaṁ laṅghituṁ na śaknoti | tathā tad-bhayenāpi jīvānāṁ sva-sāmmukhyaṁ vāñchann upadiśati—
","श्रीभगवांश् चानादित एव भक्तायां प्रपञ्चाधिकारिण्यां तस्यां दाक्षिण्यं लङ्घितुं न शक्नोति । तथा तद्भयेनापि जीवानां स्वसाम्मुख्यं वाञ्छन्न् उपदिशति—
","श्रीभगवाꣳश् चानादित एव भक्तायाꣳ प्रपञ्चाधिकारिण्याꣳ तस्याꣳ दाक्षिण्यꣳ लङ्घितुꣳ न शक्नोति । तथा तद्भयेनापि जीवानाꣳ स्वसाम्मुख्यꣳ वाञ्छन्न् उपदिशति—
"
1429,"mām eva ye prapadyante māyām etāṁ taranti te ||  [gītā 7.14] iti,","माम् एव ये प्रपद्यन्ते मायाम् एतां तरन्ति ते ॥  [गीता ७.१४] इति,","माम् एव ये प्रपद्यन्ते मायाम् एताꣳ तरन्ति ते ॥  [गीता ७.१४] इति,"
1431,satāṁ prasaṅgān mama vīrya-saṁvido,सतां प्रसङ्गान् मम वीर्यसंविदो,सताꣳ प्रसङ्गान् मम वीर्यसꣳविदो
1436,līlayā śrīmad-vyāsa-rūpeṇa tu viśiṣṭayā tad-upadiṣṭavān ity anantaram evāyāsyati | “anarthopaśamaṁ sākṣād” iti | tasmād dvayor api tat tat samañjasaṁ jñeyam |,लीलया श्रीमद्व्यासरूपेण तु विशिष्टया तदुपदिष्टवान् इत्य् अनन्तरम् एवायास्यति । “अनर्थोपशमं साक्षाद्” इति । तस्माद् द्वयोर् अपि तत् तत् समञ्जसं ज्ञेयम् ।,लीलया श्रीमद्व्यासरूपेण तु विशिष्टया तदुपदिष्टवान् इत्य् अनन्तरम् एवायास्यति । “अनर्थोपशमꣳ साक्षाद्” इति । तस्माद् द्वयोर् अपि तत् तत् समञ्जसꣳ ज्ञेयम् ।
1438,"nanu māyā khalu śaktiḥ | śaktiś ca kārya-kṣamatvam | tac ca dharma-viśeṣaḥ | tasyāḥ kathaṁ lajjādikam ? ucyate—evaṁ saty api bhagavati tāsāṁ śaktīnām adhiṣṭhātṛ-devyaḥ śrūyante, yathā kenopaniṣadi mahendra-māyayoḥ saṁvādaḥ ||2d|| (33)","ननु माया खलु शक्तिः । शक्तिश् च कार्यक्षमत्वम् । तच् च धर्मविशेषः । तस्याः कथं लज्जादिकम् ? उच्यते—एवं सत्य् अपि भगवति तासां शक्तीनाम् अधिष्ठातृदेव्यः श्रूयन्ते, यथा केनोपनिषदि महेन्द्रमाययोः संवादः ॥२द्॥ (३३)","ननु माया खलु शक्तिः । शक्तिश् च कार्यक्षमत्वम् । तच् च धर्मविशेषः । तस्याः कथꣳ लज्जादिकम् ? उच्यते—एवꣳ सत्य् अपि भगवति तासाꣳ शक्तीनाम् अधिष्ठातृदेव्यः श्रूयन्ते, यथा केनोपनिषदि महेन्द्रमाययोः सꣳवादः ॥२द्॥ (३३)"
1440,baladevaḥ : nanv īśvaraḥ kathaṁ tan mohanaṁ sahate | tatrāha bhagavāṁś ceti | tarhi kṛpālutā-ksiḥ | tatrāha tatheti | tad-bhayenāpīti māyāto yaj-jīvānāṁ bhayaṁ tenāpi hetunety arthaḥ | tataś ca na tat-ksatir ity arthaḥ | daivīti prapattiś ceyaṁ sat-prasaṅga-hetukaiva tad-upadiṣṭā yayā sāmmukhyaṁ syāt tad viddhi praṇipātena [gītā 4.34] ity-ādi tad-vākyāt | satāṁ prasaṅgāt ity ādy-agrima-vākyāc ca | līlayeti līlāvatāreṇa | viśiṣṭatayeti ācārya-rūpeṇety arthaḥ | tasmād iti dvayor māyā-bhagavator api | tat tad iti | mohanaṁ sāmmukhya-vāñchā cety arthaḥ | nanu māyāyā mohana-lajjana-kartṛtvam uktaṁ tat kathaṁ jaḍāyās tasyāḥ sambhaved iti śaṅkate—nanu māyeti | dharma-viśeṣa utsāhādivad ity arthaḥ | siddhāntayati ucyata iti | adhiṣṭhātṛ-devya iti | vindhyādi-girīṇāṁ yathādhiṣṭhātṛ-mūrtayas tadvat | keneti tasyāṁ brahma ha devebhyo vijigye [kena.u. 3.1] ity-ādi-vākyam asti | tatrāgni-vāyu-maghonaḥ sa-garvān vīkṣya tad-garvam apanetuṁ paramātmāvirabhūt | tam ajānantas te jijñāsayāmāsuḥ | teṣāṁ vīryaṁ parīkṣamāṇaḥ sa tṛṇaṁ nidadhau | sarvaṁ daheyam ity agniḥ | sarvam ādadīyeti vāyuś ca bruvaṁs tan-nirdagdhum ādayetuṁ ca nāśakat | jñātuṁ pravṛttān madhonas tu sa tiro’dhatta | tad-ākāśe maghavā haimavatīm umām ājagāma | kim etad iti papraccha | sā ca brahmaitad ity uvācetiniṣkṛṣṭam ||33||,बलदेवः : नन्व् ईश्वरः कथं तन् मोहनं सहते । तत्राह भगवांश् चेति । तर्हि कृपालुताक्सिः । तत्राह तथेति । तद्भयेनापीति मायातो यज्जीवानां भयं तेनापि हेतुनेत्य् अर्थः । ततश् च न तत्क्सतिर् इत्य् अर्थः । दैवीति प्रपत्तिश् चेयं सत्प्रसङ्गहेतुकैव तदुपदिष्टा यया साम्मुख्यं स्यात् तद् विद्धि प्रणिपातेन [गीता ४.३४] इत्यादि तद्वाक्यात् । सतां प्रसङ्गात् इत्य् आद्यग्रिमवाक्याच् च । लीलयेति लीलावतारेण । विशिष्टतयेति आचार्यरूपेणेत्य् अर्थः । तस्माद् इति द्वयोर् मायाभगवतोर् अपि । तत् तद् इति । मोहनं साम्मुख्यवाञ्छा चेत्य् अर्थः । ननु मायाया मोहनलज्जनकर्तृत्वम् उक्तं तत् कथं जडायास् तस्याः सम्भवेद् इति शङ्कते—ननु मायेति । धर्मविशेष उत्साहादिवद् इत्य् अर्थः । सिद्धान्तयति उच्यत इति । अधिष्ठातृदेव्य इति । विन्ध्यादिगिरीणां यथाधिष्ठातृमूर्तयस् तद्वत् । केनेति तस्यां ब्रह्म ह देवेभ्यो विजिग्ये [केन.उ. ३.१] इत्यादिवाक्यम् अस्ति । तत्राग्निवायुमघोनः सगर्वान् वीक्ष्य तद्गर्वम् अपनेतुं परमात्माविरभूत् । तम् अजानन्तस् ते जिज्ञासयामासुः । तेषां वीर्यं परीक्षमाणः स तृणं निदधौ । सर्वं दहेयम् इत्य् अग्निः । सर्वम् आददीयेति वायुश् च ब्रुवंस् तन्निर्दग्धुम् आदयेतुं च नाशकत् । ज्ञातुं प्रवृत्तान् मधोनस् तु स तिरोऽधत्त । तदाकाशे मघवा हैमवतीम् उमाम् आजगाम । किम् एतद् इति पप्रच्छ । सा च ब्रह्मैतद् इत्य् उवाचेतिनिष्कृष्टम् ॥३३॥,बलदेवः : नन्व् ईश्वरः कथꣳ तन् मोहनꣳ सहते । तत्राह भगवाꣳश् चेति । तर्हि कृपालुताक्सिः । तत्राह तथेति । तद्भयेनापीति मायातो यज्जीवानाꣳ भयꣳ तेनापि हेतुनेत्य् अर्थः । ततश् च न तत्क्सतिर् इत्य् अर्थः । दैवीति प्रपत्तिश् चेयꣳ सत्प्रसङ्गहेतुकैव तदुपदिष्टा यया साम्मुख्यꣳ स्यात् तद् विद्धि प्रणिपातेन [गीता ४.३४] इत्यादि तद्वाक्यात् । सताꣳ प्रसङ्गात् इत्य् आद्यग्रिमवाक्याच् च । लीलयेति लीलावतारेण । विशिष्टतयेति आचार्यरूपेणेत्य् अर्थः । तस्माद् इति द्वयोर् मायाभगवतोर् अपि । तत् तद् इति । मोहनꣳ साम्मुख्यवाञ्छा चेत्य् अर्थः । ननु मायाया मोहनलज्जनकर्तृत्वम् उक्तꣳ तत् कथꣳ जडायास् तस्याः सम्भवेद् इति शङ्कते—ननु मायेति । धर्मविशेष उत्साहादिवद् इत्य् अर्थः । सिद्धान्तयति उच्यत इति । अधिष्ठातृदेव्य इति । विन्ध्यादिगिरीणाꣳ यथाधिष्ठातृमूर्तयस् तद्वत् । केनेति तस्याꣳ ब्रह्म ह देवेभ्यो विजिग्ये [केन.उ. ३.१] इत्यादिवाक्यम् अस्ति । तत्राग्निवायुमघोनः सगर्वान् वीक्ष्य तद्गर्वम् अपनेतुꣳ परमात्माविरभूत् । तम् अजानन्तस् ते जिज्ञासयामासुः । तेषाꣳ वीर्यꣳ परीक्षमाणः स तृणꣳ निदधौ । सर्वꣳ दहेयम् इत्य् अग्निः । सर्वम् आददीयेति वायुश् च ब्रुवꣳस् तन्निर्दग्धुम् आदयेतुꣳ च नाशकत् । ज्ञातुꣳ प्रवृत्तान् मधोनस् तु स तिरोऽधत्त । तदाकाशे मघवा हैमवतीम् उमाम् आजगाम । किम् एतद् इति पप्रच्छ । सा च ब्रह्मैतद् इत्य् उवाचेतिनिष्कृष्टम् ॥३३॥
1446,"tad āstām, prastutaṁ prastūyate | tatra jīvasya tādṛśa-cid-rūpatve’pi parameśvarato vailakṣaṇyaṁ “tad-apāśrayam” iti, “yayā sammohita” iti ca darśayati ||2e|| (34)","तद् आस्ताम्, प्रस्तुतं प्रस्तूयते । तत्र जीवस्य तादृशचिद्रूपत्वेऽपि परमेश्वरतो वैलक्षण्यं “तदपाश्रयम्” इति, “यया सम्मोहित” इति च दर्शयति ॥२ए॥ (३४)","तद् आस्ताम्, प्रस्तुतꣳ प्रस्तूयते । तत्र जीवस्य तादृशचिद्रूपत्वेऽपि परमेश्वरतो वैलक्षण्यꣳ “तदपाश्रयम्” इति, “यया सम्मोहित” इति च दर्शयति ॥२ए॥ (३४)"
1448,baladevaḥ : tatra jīvasyeti māyāṁ ca tad-apāśrayām itīśvarasya māyā-niyantṛtvaṁ yayā sammohito jīva iti jīvasya māyā-niyamyatvaṁ ca | tena svarūpata īśāj jīvasya bheda-paryāyaṁ vailakṣaṇyaṁ dṛṣṭavān iti prasphuṭam | apaśyat ity anena kālo’py ānītaḥ | tad evam īśvara-jīva-māyā-kālākhyāni catvāri tattvāni samādhau śrī-vyāsena dṛṣṭāni | tāni nityāny eva | atha ha vāva nityāni puruṣaḥ prakṛtir ātmā kālaḥ ity evaṁ bhāllaveya-śruteḥ | nityo nityānāṁ cetanaś cetanānām eko bahūnāṁ yo vidadhāti kāmān [ka.u. 2.2.13] iti kāṭhakāt | ,बलदेवः : तत्र जीवस्येति मायां च तदपाश्रयाम् इतीश्वरस्य मायानियन्तृत्वं यया सम्मोहितो जीव इति जीवस्य मायानियम्यत्वं च । तेन स्वरूपत ईशाज् जीवस्य भेदपर्यायं वैलक्षण्यं दृष्टवान् इति प्रस्फुटम् । अपश्यत् इत्य् अनेन कालोऽप्य् आनीतः । तद् एवम् ईश्वरजीवमायाकालाख्यानि चत्वारि तत्त्वानि समाधौ श्रीव्यासेन दृष्टानि । तानि नित्यान्य् एव । अथ ह वाव नित्यानि पुरुषः प्रकृतिर् आत्मा कालः इत्य् एवं भाल्लवेयश्रुतेः । नित्यो नित्यानां चेतनश् चेतनानाम् एको बहूनां यो विदधाति कामान् [क.उ. २.२.१३] इति काठकात् । ,बलदेवः : तत्र जीवस्येति मायाꣳ च तदपाश्रयाम् इतीश्वरस्य मायानियन्तृत्वꣳ यया सम्मोहितो जीव इति जीवस्य मायानियम्यत्वꣳ च । तेन स्वरूपत ईशाज् जीवस्य भेदपर्यायꣳ वैलक्षण्यꣳ दृष्टवान् इति प्रस्फुटम् । अपश्यत् इत्य् अनेन कालोऽप्य् आनीतः । तद् एवम् ईश्वरजीवमायाकालाख्यानि चत्वारि तत्त्वानि समाधौ श्रीव्यासेन दृष्टानि । तानि नित्यान्य् एव । अथ ह वाव नित्यानि पुरुषः प्रकृतिर् आत्मा कालः इत्य् एवꣳ भाल्लवेयश्रुतेः । नित्यो नित्यानाꣳ चेतनश् चेतनानाम् एको बहूनाꣳ यो विदधाति कामान् [क.उ. २.२.१३] इति काठकात् । 
1450,ajām ekāṁ lohita-śukla-kṛṣṇāṁ ,अजाम् एकां लोहितशुक्लकृष्णां ,अजाम् एकाꣳ लोहितशुक्लकृष्णाꣳ 
1451,bahvīḥ prajāḥ sṛjamānāṁ sarūpāḥ | ,बह्वीः प्रजाः सृजमानां सरूपाः । ,बह्वीः प्रजाः सृजमानाꣳ सरूपाः । 
1453,jahāty enāṁ bhukta-bhogām ajo’nyaḥ || iti śvetāśvatarāṇāṁ [4.5] mantrāc ca |,जहात्य् एनां भुक्तभोगाम् अजोऽन्यः ॥ इति श्वेताश्वतराणां [४.५] मन्त्राच् च ।,जहात्य् एनाꣳ भुक्तभोगाम् अजोऽन्यः ॥ इति श्वेताश्वतराणाꣳ [४.५] मन्त्राच् च ।
1457,pradhānaṁ puruṣaṁ cāpi praviśyātmecchayā hariḥ |,प्रधानं पुरुषं चापि प्रविश्यात्मेच्छया हरिः ।,प्रधानꣳ पुरुषꣳ चापि प्रविश्यात्मेच्छया हरिः ।
1459,avyaktaṁ kāraṇaṁ yat tat pradhāna ṛṣi-sattamaiḥ |,अव्यक्तं कारणं यत् तत् प्रधान ऋषिसत्तमैः ।,अव्यक्तꣳ कारणꣳ यत् तत् प्रधान ऋषिसत्तमैः ।
1460,procyate prakṛtiḥ sūkṣmā nityaṁ sad-asad-ātmakam || [vi.pu. 1.2.19],प्रोच्यते प्रकृतिः सूक्ष्मा नित्यं सदसदात्मकम् ॥ [वि.पु. १.२.१९],प्रोच्यते प्रकृतिः सूक्ष्मा नित्यꣳ सदसदात्मकम् ॥ [वि.पु. १.२.१९]
1462,avyucchinnās tatas tv ete sarga-sthity-anta-saṁyamāḥ || [vi.pu. 1.2.26],अव्युच्छिन्नास् ततस् त्व् एते सर्गस्थित्यन्तसंयमाः ॥ [वि.पु. १.२.२६],अव्युच्छिन्नास् ततस् त्व् एते सर्गस्थित्यन्तसꣳयमाः ॥ [वि.पु. १.२.२६]
1467,avidyā-karma-saṁjñānyā tṛtīyā śaktir iṣyate || [vi.pu. 6.7.61],अविद्याकर्मसंज्ञान्या तृतीया शक्तिर् इष्यते ॥ [वि.पु. ६.७.६१],अविद्याकर्मसꣳज्ञान्या तृतीया शक्तिर् इष्यते ॥ [वि.पु. ६.७.६१]
1469,"iti śrī-vaiṣṇavāt | sa yāvad urvyā bharam īśvareśvaraḥ svakāla-śaktyā kṣapayaṁś cared bhuvi [bhā.pu. 10.1.22] iti śrī-bhāgavatāc ca | tatra vibhuvijñānam īśvaraḥ, aṇu-vijñānaṁ jīvaḥ | ubhayaṁ nitya-jñāna-guṇakam | sattvādi-guṇa-traya-viśiṣṭaṁ jaḍaṁ dravyaṁ māyā | guṇa-traya-śūnyaṁ bhūta-vartamānādi-vyavahāra-kāraṇaṁ jaḍaṁ dravyaṁ tu kālaḥ | karmāpy anādi vināśi cāsti na karmāvibhāgād iti cen nānāditvāt [ve.sū. 2.1.35] iti sūtrād iti vastu-sthitiḥ śruti-smṛti-siddhā veditavyā ||34||","इति श्रीवैष्णवात् । स यावद् उर्व्या भरम् ईश्वरेश्वरः स्वकालशक्त्या क्षपयंश् चरेद् भुवि [भा.पु. १०.१.२२] इति श्रीभागवताच् च । तत्र विभुविज्ञानम् ईश्वरः, अणुविज्ञानं जीवः । उभयं नित्यज्ञानगुणकम् । सत्त्वादिगुणत्रयविशिष्टं जडं द्रव्यं माया । गुणत्रयशून्यं भूतवर्तमानादिव्यवहारकारणं जडं द्रव्यं तु कालः । कर्माप्य् अनादि विनाशि चास्ति न कर्माविभागाद् इति चेन् नानादित्वात् [वे.सू. २.१.३५] इति सूत्राद् इति वस्तुस्थितिः श्रुतिस्मृतिसिद्धा वेदितव्या ॥३४॥","इति श्रीवैष्णवात् । स यावद् उर्व्या भरम् ईश्वरेश्वरः स्वकालशक्त्या क्षपयꣳश् चरेद् भुवि [भा.पु. १०.१.२२] इति श्रीभागवताच् च । तत्र विभुविज्ञानम् ईश्वरः, अणुविज्ञानꣳ जीवः । उभयꣳ नित्यज्ञानगुणकम् । सत्त्वादिगुणत्रयविशिष्टꣳ जडꣳ द्रव्यꣳ माया । गुणत्रयशून्यꣳ भूतवर्तमानादिव्यवहारकारणꣳ जडꣳ द्रव्यꣳ तु कालः । कर्माप्य् अनादि विनाशि चास्ति न कर्माविभागाद् इति चेन् नानादित्वात् [वे.सू. २.१.३५] इति सूत्राद् इति वस्तुस्थितिः श्रुतिस्मृतिसिद्धा वेदितव्या ॥३४॥"
1473,"yarhy eva yad ekaṁ cid-rūpaṁ brahma māyāśrayatā-valitaṁ vidyā-mayaṁ, tarhy eva tan-māyā-viṣayatāpannam avidyā-paribhūtaṁ cety uktam iti jīveśvara-vibhāgo’vagataḥ | tataś ca svarūpa-sāmarthya-vailakṣaṇyena tad dvitayaṁ mitho vilakṣaṇa-svarūpam evety āgatam ||2f|| (35)","यर्ह्य् एव यद् एकं चिद्रूपं ब्रह्म मायाश्रयतावलितं विद्यामयं, तर्ह्य् एव तन्मायाविषयतापन्नम् अविद्यापरिभूतं चेत्य् उक्तम् इति जीवेश्वरविभागोऽवगतः । ततश् च स्वरूपसामर्थ्यवैलक्षण्येन तद् द्वितयं मिथो विलक्षणस्वरूपम् एवेत्य् आगतम् ॥२फ़्॥ (३५)","यर्ह्य् एव यद् एकꣳ चिद्रूपꣳ ब्रह्म मायाश्रयतावलितꣳ विद्यामयꣳ, तर्ह्य् एव तन्मायाविषयतापन्नम् अविद्यापरिभूतꣳ चेत्य् उक्तम् इति जीवेश्वरविभागोऽवगतः । ततश् च स्वरूपसामर्थ्यवैलक्षण्येन तद् द्वितयꣳ मिथो विलक्षणस्वरूपम् एवेत्य् आगतम् ॥२फ़्॥ (३५)"
1475,sarva-saṁvādinī : etad-vyākhyānte [mū. 2] yarhy eva yad ekam ity-ādikaṁ śrī-paramātma-sandarbhe [§71] vivaraṇīyam ||2f|| (35),सर्वसंवादिनी : एतद्व्याख्यान्ते [मू. २] यर्ह्य् एव यद् एकम् इत्यादिकं श्रीपरमात्मसन्दर्भे [§७१] विवरणीयम् ॥२फ़्॥ (३५),सर्वसꣳवादिनी : एतद्व्याख्यान्ते [मू. २] यर्ह्य् एव यद् एकम् इत्यादिकꣳ श्रीपरमात्मसन्दर्भे [§७१] विवरणीयम् ॥२फ़्॥ (३५)
1477,"baladevaḥ : yat tu ekam evādvitīyaṁ [chā.u. 6.2.1], vijñānam ānandaṁ brahma [bṛ.ā.u. 3.9.28], neha nānāsti kiñcana [bṛ.ā.u. 4.4.19] ity-ādi-śrutibhyo nirviśeṣa-cin-mātrādvaitaṁ brahma vāstavyam | atha sad-asad-vilakṣaṇatvād anirvacanīyena vidyāvidyā-vṛttikenājñānena sambandhāt tasmād vidyopahitam īśvara-caitanyam avidyopahitaṁ jīva-caitanyaṁ cābhūt | svarūpa-jñānena nivṛtte tv ajñāne na tatreśvara-jīva-bhāvaḥ, kintu nirviśeṣādvitīya-cinmātra-rūpāvasthitir bhaved ity āha—māyī śaṅkaraḥ | tatrāha—yarhy eva yad ekam iti visphuṭārtham | ity uktam iti—yugapad evākasmād evājñāna-yogād ekasya bhāgasya vidyāśrayatvam anyasyāvidyā-parābhūtir iti | ","बलदेवः : यत् तु एकम् एवाद्वितीयं [छा.उ. ६.२.१], विज्ञानम् आनन्दं ब्रह्म [बृ.आ.उ. ३.९.२८], नेह नानास्ति किञ्चन [बृ.आ.उ. ४.४.१९] इत्यादिश्रुतिभ्यो निर्विशेषचिन्मात्राद्वैतं ब्रह्म वास्तव्यम् । अथ सदसद्विलक्षणत्वाद् अनिर्वचनीयेन विद्याविद्यावृत्तिकेनाज्ञानेन सम्बन्धात् तस्माद् विद्योपहितम् ईश्वरचैतन्यम् अविद्योपहितं जीवचैतन्यं चाभूत् । स्वरूपज्ञानेन निवृत्ते त्व् अज्ञाने न तत्रेश्वरजीवभावः, किन्तु निर्विशेषाद्वितीयचिन्मात्ररूपावस्थितिर् भवेद् इत्य् आह—मायी शङ्करः । तत्राह—यर्ह्य् एव यद् एकम् इति विस्फुटार्थम् । इत्य् उक्तम् इति—युगपद् एवाकस्माद् एवाज्ञानयोगाद् एकस्य भागस्य विद्याश्रयत्वम् अन्यस्याविद्यापराभूतिर् इति । ","बलदेवः : यत् तु एकम् एवाद्वितीयꣳ [छा.उ. ६.२.१], विज्ञानम् आनन्दꣳ ब्रह्म [बृ.आ.उ. ३.९.२८], नेह नानास्ति किञ्चन [बृ.आ.उ. ४.४.१९] इत्यादिश्रुतिभ्यो निर्विशेषचिन्मात्राद्वैतꣳ ब्रह्म वास्तव्यम् । अथ सदसद्विलक्षणत्वाद् अनिर्वचनीयेन विद्याविद्यावृत्तिकेनाज्ञानेन सम्बन्धात् तस्माद् विद्योपहितम् ईश्वरचैतन्यम् अविद्योपहितꣳ जीवचैतन्यꣳ चाभूत् । स्वरूपज्ञानेन निवृत्ते त्व् अज्ञाने न तत्रेश्वरजीवभावः, किन्तु निर्विशेषाद्वितीयचिन्मात्ररूपावस्थितिर् भवेद् इत्य् आह—मायी शङ्करः । तत्राह—यर्ह्य् एव यद् एकम् इति विस्फुटार्थम् । इत्य् उक्तम् इति—युगपद् एवाकस्माद् एवाज्ञानयोगाद् एकस्य भागस्य विद्याश्रयत्वम् अन्यस्याविद्यापराभूतिर् इति । "
1479,"kim aparāddhaṁ tena brahmaṇā, yena vividha-vikṣepa-kleśānubhavabhājanatābhūt ? punar apy ākasmikājñāna-sambandhasyāśakyatvād vaktum iti na tad ukta-rītyā tad-vibhāgo vācyaḥ kintu śrī-vyāsa-dṛṣṭa-rītyaiva so’smābhir avagata ity arthaḥ ||2f|| (35)","किम् अपराद्धं तेन ब्रह्मणा, येन विविधविक्षेपक्लेशानुभवभाजनताभूत् ? पुनर् अप्य् आकस्मिकाज्ञानसम्बन्धस्याशक्यत्वाद् वक्तुम् इति न तद् उक्तरीत्या तद्विभागो वाच्यः किन्तु श्रीव्यासदृष्टरीत्यैव सोऽस्माभिर् अवगत इत्य् अर्थः ॥२फ़्॥ (३५)","किम् अपराद्धꣳ तेन ब्रह्मणा, येन विविधविक्षेपक्लेशानुभवभाजनताभूत् ? पुनर् अप्य् आकस्मिकाज्ञानसम्बन्धस्याशक्यत्वाद् वक्तुम् इति न तद् उक्तरीत्या तद्विभागो वाच्यः किन्तु श्रीव्यासदृष्टरीत्यैव सोऽस्माभिर् अवगत इत्य् अर्थः ॥२फ़्॥ (३५)"
1485,"baladevaḥ : yat tu indro māyābhiḥ puru-rūpa īyate [ṛ.ve. 6.47.18, bṛ.ā.u. 2.5.19] ity-ādi-śrutes tasyādvitīyasya brahmaṇo māyayā paricchedād īśvara-jīva-vibhāgaḥ syāt | tatra vidyayā paricchinno mahān khaṇḍa īśvaraḥ | avidyayā paricchinnaḥ kanīyān khaṇḍas tu jīvaḥ | yathā ghaṭenāvacchinnaḥ śarāveṇāvacchinnaś cākāśa-khaṇḍo mahad-alpatā-vyapadeśaṁ bhajati |","बलदेवः : यत् तु इन्द्रो मायाभिः पुरुरूप ईयते [ऋ.वे. ६.४७.१८, बृ.आ.उ. २.५.१९] इत्यादिश्रुतेस् तस्याद्वितीयस्य ब्रह्मणो मायया परिच्छेदाद् ईश्वरजीवविभागः स्यात् । तत्र विद्यया परिच्छिन्नो महान् खण्ड ईश्वरः । अविद्यया परिच्छिन्नः कनीयान् खण्डस् तु जीवः । यथा घटेनावच्छिन्नः शरावेणावच्छिन्नश् चाकाशखण्डो महदल्पताव्यपदेशं भजति ।","बलदेवः : यत् तु इन्द्रो मायाभिः पुरुरूप ईयते [ऋ.वे. ६.४७.१८, बृ.आ.उ. २.५.१९] इत्यादिश्रुतेस् तस्याद्वितीयस्य ब्रह्मणो मायया परिच्छेदाद् ईश्वरजीवविभागः स्यात् । तत्र विद्यया परिच्छिन्नो महान् खण्ड ईश्वरः । अविद्यया परिच्छिन्नः कनीयान् खण्डस् तु जीवः । यथा घटेनावच्छिन्नः शरावेणावच्छिन्नश् चाकाशखण्डो महदल्पताव्यपदेशꣳ भजति ।"
1487,yathā hy ayaṁ jyotir ātmā vivasvān,यथा ह्य् अयं ज्योतिर् आत्मा विवस्वान्,यथा ह्य् अयꣳ ज्योतिर् आत्मा विवस्वान्
1492,ity-ādiṣu brahmaṇas tasya pratibimba-śravaṇāt tad-vibhāgaḥ syāt | vidyāyāṁ pratibimba īśvaraḥ | avidyāyāṁ pratibimbas tu jīvaḥ | yathā sarasi raveḥ pratibimbaḥ yathā ca ghaṭe pratibimbo mahad-alpatva-vyapadeśaṁ bhajate tadvad ity āha śaṅkaraḥ | tad idaṁ nirasanāya darśayati na ceti | anayā rītyā tayor vibhāgo na ca syād ity anvayaḥ ||36||,इत्यादिषु ब्रह्मणस् तस्य प्रतिबिम्बश्रवणात् तद्विभागः स्यात् । विद्यायां प्रतिबिम्ब ईश्वरः । अविद्यायां प्रतिबिम्बस् तु जीवः । यथा सरसि रवेः प्रतिबिम्बः यथा च घटे प्रतिबिम्बो महदल्पत्वव्यपदेशं भजते तद्वद् इत्य् आह शङ्करः । तद् इदं निरसनाय दर्शयति न चेति । अनया रीत्या तयोर् विभागो न च स्याद् इत्य् अन्वयः ॥३६॥,इत्यादिषु ब्रह्मणस् तस्य प्रतिबिम्बश्रवणात् तद्विभागः स्यात् । विद्यायाꣳ प्रतिबिम्ब ईश्वरः । अविद्यायाꣳ प्रतिबिम्बस् तु जीवः । यथा सरसि रवेः प्रतिबिम्बः यथा च घटे प्रतिबिम्बो महदल्पत्वव्यपदेशꣳ भजते तद्वद् इत्य् आह शङ्करः । तद् इदꣳ निरसनाय दर्शयति न चेति । अनया रीत्या तयोर् विभागो न च स्याद् इत्य् अन्वयः ॥३६॥
1496,"tatra yady upādher anāvidyakatvena vāstavatvaṁ tarhy aviṣayasya tasya pariccheda-viṣayatvāsambhavaḥ | nirdharmakasya vyāpakasya niravayavasya ca pratibimbatvāyogo’pi, upādhi-sambandhābhāvāt bimba-pratibimba-bhedābhāvāt, dṛśyatvābhāvāc ca | upādhi-paricchinnākāśastha-jyotir-aṁśasyaiva pratibimbo dṛśyate, na tv ākāśasya dṛśyatvābhāvād eva ||2h|| (37)","तत्र यद्य् उपाधेर् अनाविद्यकत्वेन वास्तवत्वं तर्ह्य् अविषयस्य तस्य परिच्छेदविषयत्वासम्भवः । निर्धर्मकस्य व्यापकस्य निरवयवस्य च प्रतिबिम्बत्वायोगोऽपि, उपाधिसम्बन्धाभावात् बिम्बप्रतिबिम्बभेदाभावात्, दृश्यत्वाभावाच् च । उपाधिपरिच्छिन्नाकाशस्थज्योतिरंशस्यैव प्रतिबिम्बो दृश्यते, न त्व् आकाशस्य दृश्यत्वाभावाद् एव ॥२ह्॥ (३७)","तत्र यद्य् उपाधेर् अनाविद्यकत्वेन वास्तवत्वꣳ तर्ह्य् अविषयस्य तस्य परिच्छेदविषयत्वासम्भवः । निर्धर्मकस्य व्यापकस्य निरवयवस्य च प्रतिबिम्बत्वायोगोऽपि, उपाधिसम्बन्धाभावात् बिम्बप्रतिबिम्बभेदाभावात्, दृश्यत्वाभावाच् च । उपाधिपरिच्छिन्नाकाशस्थज्योतिरꣳशस्यैव प्रतिबिम्बो दृश्यते, न त्व् आकाशस्य दृश्यत्वाभावाद् एव ॥२ह्॥ (३७)"
1498,baladevaḥ : kuto na vācya iti tad-anupapatter evety āha tatra yady upādher iti | pariccheda-pakṣaṁ nirākaroti anāvidyakatvena rajju-bhujaṅgavad-ajñāna-racitatvābhāvena vastu-bhūtatve satīty arthaḥ | aviṣayasyeti agṛhyo na hi gṛhyate iti [bṛ.ā.u. 3.9.26] śruteḥ sarvāspṛśyasya tasya brahmaṇa ity arthaḥ | idam atra bodhyam—na ca ṭaṅka-cchinna-pāṣāṇa-khaṇḍavad-vāstavopādhi-cchinno brahma-khaṇḍa-viśeṣa īśvaro jīvaś ca | brahmaṇo’cchedyatvād akhaṇḍatvābhyupagamāc ca | ādimattvāpattaiś ceśvara-jīvayoḥ | yata ekasya dvidhā tridhā vidhānaṁ chedaḥ | nāpy acchinna evopādhi-saṁyukto brahma-pradeśa-viśeṣa eva sa saḥ | upādhau calaty upādhi-saṁyukti-brahma-pradeśa-calanāyogāt pratikṣaṇam upādhi-saṁyukta-brahma-pradeśa-bhedād anukṣaṇam upahitatvānupahitatvāpatteḥ | na ca kṛtsnaṁ brahmaivopahitaṁ sa saḥ | anupahita-brahma-vyapadeśāsiddheḥ | nāpi brahmādhiṣṭhānam | upādhir eva sa saḥ |muktāvīśa-jīvābhāvāpatter iti tucchaḥ pariccheda-vādaḥ |,बलदेवः : कुतो न वाच्य इति तदनुपपत्तेर् एवेत्य् आह तत्र यद्य् उपाधेर् इति । परिच्छेदपक्षं निराकरोति अनाविद्यकत्वेन रज्जुभुजङ्गवदज्ञानरचितत्वाभावेन वस्तुभूतत्वे सतीत्य् अर्थः । अविषयस्येति अगृह्यो न हि गृह्यते इति [बृ.आ.उ. ३.९.२६] श्रुतेः सर्वास्पृश्यस्य तस्य ब्रह्मण इत्य् अर्थः । इदम् अत्र बोध्यम्—न च टङ्कच्छिन्नपाषाणखण्डवद्वास्तवोपाधिच्छिन्नो ब्रह्मखण्डविशेष ईश्वरो जीवश् च । ब्रह्मणोऽच्छेद्यत्वाद् अखण्डत्वाभ्युपगमाच् च । आदिमत्त्वापत्तैश् चेश्वरजीवयोः । यत एकस्य द्विधा त्रिधा विधानं छेदः । नाप्य् अच्छिन्न एवोपाधिसंयुक्तो ब्रह्मप्रदेशविशेष एव स सः । उपाधौ चलत्य् उपाधिसंयुक्तिब्रह्मप्रदेशचलनायोगात् प्रतिक्षणम् उपाधिसंयुक्तब्रह्मप्रदेशभेदाद् अनुक्षणम् उपहितत्वानुपहितत्वापत्तेः । न च कृत्स्नं ब्रह्मैवोपहितं स सः । अनुपहितब्रह्मव्यपदेशासिद्धेः । नापि ब्रह्माधिष्ठानम् । उपाधिर् एव स सः ।मुक्तावीशजीवाभावापत्तेर् इति तुच्छः परिच्छेदवादः ।,बलदेवः : कुतो न वाच्य इति तदनुपपत्तेर् एवेत्य् आह तत्र यद्य् उपाधेर् इति । परिच्छेदपक्षꣳ निराकरोति अनाविद्यकत्वेन रज्जुभुजङ्गवदज्ञानरचितत्वाभावेन वस्तुभूतत्वे सतीत्य् अर्थः । अविषयस्येति अगृह्यो न हि गृह्यते इति [बृ.आ.उ. ३.९.२६] श्रुतेः सर्वास्पृश्यस्य तस्य ब्रह्मण इत्य् अर्थः । इदम् अत्र बोध्यम्—न च टङ्कच्छिन्नपाषाणखण्डवद्वास्तवोपाधिच्छिन्नो ब्रह्मखण्डविशेष ईश्वरो जीवश् च । ब्रह्मणोऽच्छेद्यत्वाद् अखण्डत्वाभ्युपगमाच् च । आदिमत्त्वापत्तैश् चेश्वरजीवयोः । यत एकस्य द्विधा त्रिधा विधानꣳ छेदः । नाप्य् अच्छिन्न एवोपाधिसꣳयुक्तो ब्रह्मप्रदेशविशेष एव स सः । उपाधौ चलत्य् उपाधिसꣳयुक्तिब्रह्मप्रदेशचलनायोगात् प्रतिक्षणम् उपाधिसꣳयुक्तब्रह्मप्रदेशभेदाद् अनुक्षणम् उपहितत्वानुपहितत्वापत्तेः । न च कृत्स्नꣳ ब्रह्मैवोपहितꣳ स सः । अनुपहितब्रह्मव्यपदेशासिद्धेः । नापि ब्रह्माधिष्ठानम् । उपाधिर् एव स सः ।मुक्तावीशजीवाभावापत्तेर् इति तुच्छः परिच्छेदवादः ।
1500,atha pratibimba-pakṣaṁ nirākaroti nirdharmakasyety ādinā | nirdharmakasyopādi-sambandhābhāvāt | vyāpakasya bimba-pratibimba-bhedābhāvāt | niravayavasya dṛśyatvābhāvāc ca brahmaṇaṅ pratibimba īśvaro jīvaś ca nety arthaḥ | rūpādi-dharma-viśiṣṭasya paricchinnasya sāvayavasya ca sūryādes tad-vidūre jalādy-upādhau pratibimbo dṛṣṭaḥ tad-vilakṣaṇasya brahmaṇaḥ sa na śakyo vaktum ity arthaḥ | nanv ākāśasya tādṛśasyāpi pratibimba-darśanād brahmaṇaḥ sa bhaviṣyatīti cet tatrāha upādhīti graha-nakṣatra-prabhā-maṇḍalasyety arthaḥ | anyathā vāyukāla-diśām api sa darśanīyaḥ | yat tu dhvaneḥ partidhvanir iva brahmaṇaḥ pratibimbaḥ syād ity āha tan na cāru | arthāntaratvād iti pratibimba-vādo’py atitucchaḥ ||37||,अथ प्रतिबिम्बपक्षं निराकरोति निर्धर्मकस्येत्य् आदिना । निर्धर्मकस्योपादिसम्बन्धाभावात् । व्यापकस्य बिम्बप्रतिबिम्बभेदाभावात् । निरवयवस्य दृश्यत्वाभावाच् च ब्रह्मणङ् प्रतिबिम्ब ईश्वरो जीवश् च नेत्य् अर्थः । रूपादिधर्मविशिष्टस्य परिच्छिन्नस्य सावयवस्य च सूर्यादेस् तद्विदूरे जलाद्युपाधौ प्रतिबिम्बो दृष्टः तद्विलक्षणस्य ब्रह्मणः स न शक्यो वक्तुम् इत्य् अर्थः । नन्व् आकाशस्य तादृशस्यापि प्रतिबिम्बदर्शनाद् ब्रह्मणः स भविष्यतीति चेत् तत्राह उपाधीति ग्रहनक्षत्रप्रभामण्डलस्येत्य् अर्थः । अन्यथा वायुकालदिशाम् अपि स दर्शनीयः । यत् तु ध्वनेः पर्तिध्वनिर् इव ब्रह्मणः प्रतिबिम्बः स्याद् इत्य् आह तन् न चारु । अर्थान्तरत्वाद् इति प्रतिबिम्बवादोऽप्य् अतितुच्छः ॥३७॥,अथ प्रतिबिम्बपक्षꣳ निराकरोति निर्धर्मकस्येत्य् आदिना । निर्धर्मकस्योपादिसम्बन्धाभावात् । व्यापकस्य बिम्बप्रतिबिम्बभेदाभावात् । निरवयवस्य दृश्यत्वाभावाच् च ब्रह्मणङ् प्रतिबिम्ब ईश्वरो जीवश् च नेत्य् अर्थः । रूपादिधर्मविशिष्टस्य परिच्छिन्नस्य सावयवस्य च सूर्यादेस् तद्विदूरे जलाद्युपाधौ प्रतिबिम्बो दृष्टः तद्विलक्षणस्य ब्रह्मणः स न शक्यो वक्तुम् इत्य् अर्थः । नन्व् आकाशस्य तादृशस्यापि प्रतिबिम्बदर्शनाद् ब्रह्मणः स भविष्यतीति चेत् तत्राह उपाधीति ग्रहनक्षत्रप्रभामण्डलस्येत्य् अर्थः । अन्यथा वायुकालदिशाम् अपि स दर्शनीयः । यत् तु ध्वनेः पर्तिध्वनिर् इव ब्रह्मणः प्रतिबिम्बः स्याद् इत्य् आह तन् न चारु । अर्थान्तरत्वाद् इति प्रतिबिम्बवादोऽप्य् अतितुच्छः ॥३७॥
1506,tathā vāstava-paricchedādau sati sāmānādhikaraṇya-jñāna-mātreṇa na tat-tyāgaś ca bhavet | tat-padārtha-prabhāvas tatra kāraṇam iti ced asmākam eva mataṁ sammatam ||38|| ,तथा वास्तवपरिच्छेदादौ सति सामानाधिकरण्यज्ञानमात्रेण न तत्त्यागश् च भवेत् । तत्पदार्थप्रभावस् तत्र कारणम् इति चेद् अस्माकम् एव मतं सम्मतम् ॥३८॥ ,तथा वास्तवपरिच्छेदादौ सति सामानाधिकरण्यज्ञानमात्रेण न तत्त्यागश् च भवेत् । तत्पदार्थप्रभावस् तत्र कारणम् इति चेद् अस्माकम् एव मतꣳ सम्मतम् ॥३८॥ 
1508,baladevaḥ : brahmaivāham iti jñāna-mātreṇa tad-rūpāvasthitiḥ syād iti yad-abhimataṁ tat khalūpādher vāstavatva-pakṣe na sambhavatīty āha tathā vāstaveti | ādinā pratibimbo grāhyaḥ | na khalu nigaḍitaḥ kaścid dīno rājaivāham iti jñāna-mātrād rājā bhavan dṛṣṭa iti bhāvaḥ | nanu brahmānusandhi-sāmarthyād bhaved iti cet tatrāha tat-padārtheti | tathā ca tvan-mata-kṣatir iti ||38||,बलदेवः : ब्रह्मैवाहम् इति ज्ञानमात्रेण तद्रूपावस्थितिः स्याद् इति यदभिमतं तत् खलूपाधेर् वास्तवत्वपक्षे न सम्भवतीत्य् आह तथा वास्तवेति । आदिना प्रतिबिम्बो ग्राह्यः । न खलु निगडितः कश्चिद् दीनो राजैवाहम् इति ज्ञानमात्राद् राजा भवन् दृष्ट इति भावः । ननु ब्रह्मानुसन्धिसामर्थ्याद् भवेद् इति चेत् तत्राह तत्पदार्थेति । तथा च त्वन्मतक्षतिर् इति ॥३८॥,बलदेवः : ब्रह्मैवाहम् इति ज्ञानमात्रेण तद्रूपावस्थितिः स्याद् इति यदभिमतꣳ तत् खलूपाधेर् वास्तवत्वपक्षे न सम्भवतीत्य् आह तथा वास्तवेति । आदिना प्रतिबिम्बो ग्राह्यः । न खलु निगडितः कश्चिद् दीनो राजैवाहम् इति ज्ञानमात्राद् राजा भवन् दृष्ट इति भावः । ननु ब्रह्मानुसन्धिसामर्थ्याद् भवेद् इति चेत् तत्राह तत्पदार्थेति । तथा च त्वन्मतक्षतिर् इति ॥३८॥
1514,"upādher āvidyakatve tu tatra tat-paricchinnatvāder apy aghaṭamānatvād āvidyakatvam eveti ghaṭākāśādiṣu vāstavopādhimaya-tad-darśanayā na teṣām avāstava-svapna-dṛṣṭāntopajīvināṁ siddhāntaḥ sidhyati, ghaṭamānāghaṭamānayoḥ saṅgateḥ kartum aśakyatvāt | tataś ca teṣāṁ tat tat sarvam avidyāvilasitam eveti svarūpam aprāptena tena tena tat tad vyavasthāpayitum aśakyam ||2j|| (39)","उपाधेर् आविद्यकत्वे तु तत्र तत्परिच्छिन्नत्वादेर् अप्य् अघटमानत्वाद् आविद्यकत्वम् एवेति घटाकाशादिषु वास्तवोपाधिमयतद्दर्शनया न तेषाम् अवास्तवस्वप्नदृष्टान्तोपजीविनां सिद्धान्तः सिध्यति, घटमानाघटमानयोः सङ्गतेः कर्तुम् अशक्यत्वात् । ततश् च तेषां तत् तत् सर्वम् अविद्याविलसितम् एवेति स्वरूपम् अप्राप्तेन तेन तेन तत् तद् व्यवस्थापयितुम् अशक्यम् ॥२ज्॥ (३९)","उपाधेर् आविद्यकत्वे तु तत्र तत्परिच्छिन्नत्वादेर् अप्य् अघटमानत्वाद् आविद्यकत्वम् एवेति घटाकाशादिषु वास्तवोपाधिमयतद्दर्शनया न तेषाम् अवास्तवस्वप्नदृष्टान्तोपजीविनाꣳ सिद्धान्तः सिध्यति, घटमानाघटमानयोः सङ्गतेः कर्तुम् अशक्यत्वात् । ततश् च तेषाꣳ तत् तत् सर्वम् अविद्याविलसितम् एवेति स्वरूपम् अप्राप्तेन तेन तेन तत् तद् व्यवस्थापयितुम् अशक्यम् ॥२ज्॥ (३९)"
1516,baladevaḥ : athopādher āvidyakatva-pakṣe paricchedādi-vāda-dvayaṁ nirākaroti upādher iti | āvidyakatve rajju-bhujaṅgādivan mithyātve satīty arthaḥ | tatropādhi-paricchinnatva-tat-pratibimbatvayor apy anupapadyamānatvān mithyātvam eveti hetoḥ | ghaṭākāśādiṣ ghaṭa-paricchinnākāśe ghaṭāmbu-pratibimbākāśe ca vāstavoopādhimaya-tad-ubhaya-dṛṣṭānta-darśanayā teṣāṁ cinmātrādvaitnām ekajīvavāda-pariniṣṭhatvād avāstava-svapna-dṛṣṭāntopajīvināṁ siddhānto na sidhyati | ,बलदेवः : अथोपाधेर् आविद्यकत्वपक्षे परिच्छेदादिवादद्वयं निराकरोति उपाधेर् इति । आविद्यकत्वे रज्जुभुजङ्गादिवन् मिथ्यात्वे सतीत्य् अर्थः । तत्रोपाधिपरिच्छिन्नत्वतत्प्रतिबिम्बत्वयोर् अप्य् अनुपपद्यमानत्वान् मिथ्यात्वम् एवेति हेतोः । घटाकाशादिष् घटपरिच्छिन्नाकाशे घटाम्बुप्रतिबिम्बाकाशे च वास्तवोओपाधिमयतदुभयदृष्टान्तदर्शनया तेषां चिन्मात्राद्वैत्नाम् एकजीववादपरिनिष्ठत्वाद् अवास्तवस्वप्नदृष्टान्तोपजीविनां सिद्धान्तो न सिध्यति । ,बलदेवः : अथोपाधेर् आविद्यकत्वपक्षे परिच्छेदादिवादद्वयꣳ निराकरोति उपाधेर् इति । आविद्यकत्वे रज्जुभुजङ्गादिवन् मिथ्यात्वे सतीत्य् अर्थः । तत्रोपाधिपरिच्छिन्नत्वतत्प्रतिबिम्बत्वयोर् अप्य् अनुपपद्यमानत्वान् मिथ्यात्वम् एवेति हेतोः । घटाकाशादिष् घटपरिच्छिन्नाकाशे घटाम्बुप्रतिबिम्बाकाशे च वास्तवोओपाधिमयतदुभयदृष्टान्तदर्शनया तेषाꣳ चिन्मात्राद्वैत्नाम् एकजीववादपरिनिष्ठत्वाद् अवास्तवस्वप्नदृष्टान्तोपजीविनाꣳ सिद्धान्तो न सिध्यति । 
1518,"upādher mithyātve tena paricchedaḥpratibimbaś ca brahmaṇo mithaiva syāt | ato mithyopādhi-dṛṣṭāntatvena satya-ghaṭa-ghaṭāmbunoḥ pradarśanam asamañjasam eva | ghaṭa-ghaṭāmbu-dṛṣṭānta-pradarśanaṁ ghaṭamānam, vidyāvidhā-vṛtti-rūpa-dārṣṭāntika-pradarśanaṁ sva-ghaṭa-mānam | tayoḥ saṅgatiḥ sādṛśya-vilakṣaṇā kartum aśakyaiva sādṛśyābhāvāt | tataś ceti tat tat sarvaṁ pariccheda-pratibimba-kalpanam avidyāvilasitam ajñāna-vijṛmbhitam eva | iti evam-ukta-rītyā | svarūpam aprāptena asiddhena | tena paricchedavādena | tena pratibimbavādena ca | tat-tad-vyavasthāpayituṁ pratipādayitum aśakyam | tataś ca hantṛ-hata-nyāyena vyāsa-dṛṣṭa-prakārakas tad-vibhāgo dhruvaḥ ||39||","उपाधेर् मिथ्यात्वे तेन परिच्छेदःप्रतिबिम्बश् च ब्रह्मणो मिथैव स्यात् । अतो मिथ्योपाधिदृष्टान्तत्वेन सत्यघटघटाम्बुनोः प्रदर्शनम् असमञ्जसम् एव । घटघटाम्बुदृष्टान्तप्रदर्शनं घटमानम्, विद्याविधावृत्तिरूपदार्ष्टान्तिकप्रदर्शनं स्वघटमानम् । तयोः सङ्गतिः सादृश्यविलक्षणा कर्तुम् अशक्यैव सादृश्याभावात् । ततश् चेति तत् तत् सर्वं परिच्छेदप्रतिबिम्बकल्पनम् अविद्याविलसितम् अज्ञानविजृम्भितम् एव । इति एवमुक्तरीत्या । स्वरूपम् अप्राप्तेन असिद्धेन । तेन परिच्छेदवादेन । तेन प्रतिबिम्बवादेन च । तत्तद्व्यवस्थापयितुं प्रतिपादयितुम् अशक्यम् । ततश् च हन्तृहतन्यायेन व्यासदृष्टप्रकारकस् तद्विभागो ध्रुवः ॥३९॥","उपाधेर् मिथ्यात्वे तेन परिच्छेदःप्रतिबिम्बश् च ब्रह्मणो मिथैव स्यात् । अतो मिथ्योपाधिदृष्टान्तत्वेन सत्यघटघटाम्बुनोः प्रदर्शनम् असमञ्जसम् एव । घटघटाम्बुदृष्टान्तप्रदर्शनꣳ घटमानम्, विद्याविधावृत्तिरूपदार्ष्टान्तिकप्रदर्शनꣳ स्वघटमानम् । तयोः सङ्गतिः सादृश्यविलक्षणा कर्तुम् अशक्यैव सादृश्याभावात् । ततश् चेति तत् तत् सर्वꣳ परिच्छेदप्रतिबिम्बकल्पनम् अविद्याविलसितम् अज्ञानविजृम्भितम् एव । इति एवमुक्तरीत्या । स्वरूपम् अप्राप्तेन असिद्धेन । तेन परिच्छेदवादेन । तेन प्रतिबिम्बवादेन च । तत्तद्व्यवस्थापयितुꣳ प्रतिपादयितुम् अशक्यम् । ततश् च हन्तृहतन्यायेन व्यासदृष्टप्रकारकस् तद्विभागो ध्रुवः ॥३९॥"
1524,"iti brahmāvidyayoḥ paryavasāne sati yad eva brahma cin-mātratvenāvidyā-yogasya atyantābhāvāspadatvāc chuddhaṁ, tad eva tad-yogād aśuddhyā jīvaḥ | punas tad eva jīvāvidyā-kalpita-māyāśrayatvād īśvaraḥ, tad eva ca tan-māyā-viṣayatvāj jīva iti virodhas tad-avastha eva syāt | tatra ca śuddhāyāṁ city avidyā | tadavidyā-kalpitopādhau tasyām īśvarākhyāyāṁ vidyeti, tathā vidyāvattve’pi māyikatvam ity asamañjasā ca kalpanā syād ity-ādy anusandheyam ||2k|| (40)","इति ब्रह्माविद्ययोः पर्यवसाने सति यद् एव ब्रह्म चिन्मात्रत्वेनाविद्यायोगस्य अत्यन्ताभावास्पदत्वाच् छुद्धं, तद् एव तद्योगाद् अशुद्ध्या जीवः । पुनस् तद् एव जीवाविद्याकल्पितमायाश्रयत्वाद् ईश्वरः, तद् एव च तन्मायाविषयत्वाज् जीव इति विरोधस् तदवस्थ एव स्यात् । तत्र च शुद्धायां चित्य् अविद्या । तदविद्याकल्पितोपाधौ तस्याम् ईश्वराख्यायां विद्येति, तथा विद्यावत्त्वेऽपि मायिकत्वम् इत्य् असमञ्जसा च कल्पना स्याद् इत्याद्य् अनुसन्धेयम् ॥२क्॥ (४०)","इति ब्रह्माविद्ययोः पर्यवसाने सति यद् एव ब्रह्म चिन्मात्रत्वेनाविद्यायोगस्य अत्यन्ताभावास्पदत्वाच् छुद्धꣳ, तद् एव तद्योगाद् अशुद्ध्या जीवः । पुनस् तद् एव जीवाविद्याकल्पितमायाश्रयत्वाद् ईश्वरः, तद् एव च तन्मायाविषयत्वाज् जीव इति विरोधस् तदवस्थ एव स्यात् । तत्र च शुद्धायाꣳ चित्य् अविद्या । तदविद्याकल्पितोपाधौ तस्याम् ईश्वराख्यायाꣳ विद्येति, तथा विद्यावत्त्वेऽपि मायिकत्वम् इत्य् असमञ्जसा च कल्पना स्याद् इत्याद्य् अनुसन्धेयम् ॥२क्॥ (४०)"
1526,baladevaḥ : nanu paricchedādi-vāda-dvaye nāsmākaṁ tātparyaṁ tasyājña-bodhanāya kalpitatvāt | kintv eka-jīva-vāda eva tad asti | ,बलदेवः : ननु परिच्छेदादिवादद्वये नास्माकं तात्पर्यं तस्याज्ञबोधनाय कल्पितत्वात् । किन्त्व् एकजीववाद एव तद् अस्ति । ,बलदेवः : ननु परिच्छेदादिवादद्वये नास्माकꣳ तात्पर्यꣳ तस्याज्ञबोधनाय कल्पितत्वात् । किन्त्व् एकजीववाद एव तद् अस्ति । 
1533,"ity-ādi-kaivalyopaniṣadi tasyaivopapāditatvāt | tad-vādaś cettham ekam evādvitīyam ity ādy ukta-śrutibhyo’dvitīya-cin-mātro hy ātmā | sa cātmany avidyayā guṇamayīṁ māyāṁ tad-vaiṣamyajāṁ kārya-saṁhitaṁ ca kalpanyann asmad-artham ekaṁ yuṣmad-arthāṁś ca bahūn kalpayati | tatrāsmad-arthaḥ sva-svarūpaḥ puruṣaḥ | yuṣmad-arthaś ca mahad-ādīni bhūmy-antāni jaḍāni | sva-tulyāni puruṣāntarāṇi, savaśvarākhyaḥ puruṣa-viśeṣaś cety evaṁ trividhaḥ | jīveśāv ābhāsena karoti māyā cāvidyā ca svayam eva bhavati [nṛ.tā.u. 2.9] iti śruty-antarāc ca | guṇa-yogād eva kartṛtva-bhoktṛtve tatrātmany adhyaste | yathā svapne kaścid rājadhānīṁ rājānaṁ tat-prajāś ca kalpayati, tan-niyamyam ātmānaṁ ca manyate, tadvat | jāte ca jñāne, jāgare ca sati, tato’nyan na kiñcid astīti cinmātram ekam ātma-svastv iti |","इत्यादिकैवल्योपनिषदि तस्यैवोपपादितत्वात् । तद्वादश् चेत्थम् एकम् एवाद्वितीयम् इत्य् आद्य् उक्तश्रुतिभ्योऽद्वितीयचिन्मात्रो ह्य् आत्मा । स चात्मन्य् अविद्यया गुणमयीं मायां तद्वैषम्यजां कार्यसंहितं च कल्पन्यन्न् अस्मदर्थम् एकं युष्मदर्थांश् च बहून् कल्पयति । तत्रास्मदर्थः स्वस्वरूपः पुरुषः । युष्मदर्थश् च महदादीनि भूम्यन्तानि जडानि । स्वतुल्यानि पुरुषान्तराणि, सवश्वराख्यः पुरुषविशेषश् चेत्य् एवं त्रिविधः । जीवेशाव् आभासेन करोति माया चाविद्या च स्वयम् एव भवति [नृ.ता.उ. २.९] इति श्रुत्यन्तराच् च । गुणयोगाद् एव कर्तृत्वभोक्तृत्वे तत्रात्मन्य् अध्यस्ते । यथा स्वप्ने कश्चिद् राजधानीं राजानं तत्प्रजाश् च कल्पयति, तन्नियम्यम् आत्मानं च मन्यते, तद्वत् । जाते च ज्ञाने, जागरे च सति, ततोऽन्यन् न किञ्चिद् अस्तीति चिन्मात्रम् एकम् आत्मस्वस्त्व् इति ।","इत्यादिकैवल्योपनिषदि तस्यैवोपपादितत्वात् । तद्वादश् चेत्थम् एकम् एवाद्वितीयम् इत्य् आद्य् उक्तश्रुतिभ्योऽद्वितीयचिन्मात्रो ह्य् आत्मा । स चात्मन्य् अविद्यया गुणमयीꣳ मायाꣳ तद्वैषम्यजाꣳ कार्यसꣳहितꣳ च कल्पन्यन्न् अस्मदर्थम् एकꣳ युष्मदर्थाꣳश् च बहून् कल्पयति । तत्रास्मदर्थः स्वस्वरूपः पुरुषः । युष्मदर्थश् च महदादीनि भूम्यन्तानि जडानि । स्वतुल्यानि पुरुषान्तराणि, सवश्वराख्यः पुरुषविशेषश् चेत्य् एवꣳ त्रिविधः । जीवेशाव् आभासेन करोति माया चाविद्या च स्वयम् एव भवति [नृ.ता.उ. २.९] इति श्रुत्यन्तराच् च । गुणयोगाद् एव कर्तृत्वभोक्तृत्वे तत्रात्मन्य् अध्यस्ते । यथा स्वप्ने कश्चिद् राजधानीꣳ राजानꣳ तत्प्रजाश् च कल्पयति, तन्नियम्यम् आत्मानꣳ च मन्यते, तद्वत् । जाते च ज्ञाने, जागरे च सति, ततोऽन्यन् न किञ्चिद् अस्तीति चिन्मात्रम् एकम् आत्मस्वस्त्व् इति ।"
1535,"tam imaṁ vādaṁ nirākartum āha iti brahmeti | iti evaṁ pūrvokta-rītyā paricchedādi-vāda-dvayasya pratyākhyāne jāte, brahma cāvidyā ceti dvayoḥ paryavasāne satīty arthaḥ | atyantābhāvāspadatvād iti agṛhyo na hi gṛhyate [bṛ.ā.u. 3.9.26] ity-ādi śruter evety arthaḥ | virodhas tad-avastha iti vorodhatvād evāśakya-vyavasthāpana ity arthaḥ | tava ca śuddhāyām iti śuddhe brahmaṇy akasmād avidyā-sambandhas tat-sambandhāt tasya jīvatvam | tena jīvena kalpitāyā māyāyā āśrayo bhūtvā tad brahmaiveśvaraḥ | tasyeśvarasya māyayā paribhūtaṁ brahmaiva taj-jīvaḥ | ity-ādi vipralāpo’yam aviduṣām eva, na tu viduṣām iti bhāvaḥ | māyikatvaṁ pratārakatvam ity arthaḥ | sa eva māyā iti śrutis tu brahmāyatta-vṛttikatva-brahma-vyāpyatvābhyāṁ brahmaṇo’natirikto jīva ity eva nivedayantī gatārthā | jīveśau iti śrutis tu māyā-vimohita-tārkikādi-parikalpita-jīveśa-paratayā gatârtheti na kiñcid anupapannam ||2k||(40)","तम् इमं वादं निराकर्तुम् आह इति ब्रह्मेति । इति एवं पूर्वोक्तरीत्या परिच्छेदादिवादद्वयस्य प्रत्याख्याने जाते, ब्रह्म चाविद्या चेति द्वयोः पर्यवसाने सतीत्य् अर्थः । अत्यन्ताभावास्पदत्वाद् इति अगृह्यो न हि गृह्यते [बृ.आ.उ. ३.९.२६] इत्यादि श्रुतेर् एवेत्य् अर्थः । विरोधस् तदवस्थ इति वोरोधत्वाद् एवाशक्यव्यवस्थापन इत्य् अर्थः । तव च शुद्धायाम् इति शुद्धे ब्रह्मण्य् अकस्माद् अविद्यासम्बन्धस् तत्सम्बन्धात् तस्य जीवत्वम् । तेन जीवेन कल्पिताया मायाया आश्रयो भूत्वा तद् ब्रह्मैवेश्वरः । तस्येश्वरस्य मायया परिभूतं ब्रह्मैव तज्जीवः । इत्यादि विप्रलापोऽयम् अविदुषाम् एव, न तु विदुषाम् इति भावः । मायिकत्वं प्रतारकत्वम् इत्य् अर्थः । स एव माया इति श्रुतिस् तु ब्रह्मायत्तवृत्तिकत्वब्रह्मव्याप्यत्वाभ्यां ब्रह्मणोऽनतिरिक्तो जीव इत्य् एव निवेदयन्ती गतार्था । जीवेशौ इति श्रुतिस् तु मायाविमोहिततार्किकादिपरिकल्पितजीवेशपरतया गत्âर्थेति न किञ्चिद् अनुपपन्नम् ॥२क्॥(४०)","तम् इमꣳ वादꣳ निराकर्तुम् आह इति ब्रह्मेति । इति एवꣳ पूर्वोक्तरीत्या परिच्छेदादिवादद्वयस्य प्रत्याख्याने जाते, ब्रह्म चाविद्या चेति द्वयोः पर्यवसाने सतीत्य् अर्थः । अत्यन्ताभावास्पदत्वाद् इति अगृह्यो न हि गृह्यते [बृ.आ.उ. ३.९.२६] इत्यादि श्रुतेर् एवेत्य् अर्थः । विरोधस् तदवस्थ इति वोरोधत्वाद् एवाशक्यव्यवस्थापन इत्य् अर्थः । तव च शुद्धायाम् इति शुद्धे ब्रह्मण्य् अकस्माद् अविद्यासम्बन्धस् तत्सम्बन्धात् तस्य जीवत्वम् । तेन जीवेन कल्पिताया मायाया आश्रयो भूत्वा तद् ब्रह्मैवेश्वरः । तस्येश्वरस्य मायया परिभूतꣳ ब्रह्मैव तज्जीवः । इत्यादि विप्रलापोऽयम् अविदुषाम् एव, न तु विदुषाम् इति भावः । मायिकत्वꣳ प्रतारकत्वम् इत्य् अर्थः । स एव माया इति श्रुतिस् तु ब्रह्मायत्तवृत्तिकत्वब्रह्मव्याप्यत्वाभ्याꣳ ब्रह्मणोऽनतिरिक्तो जीव इत्य् एव निवेदयन्ती गतार्था । जीवेशौ इति श्रुतिस् तु मायाविमोहिततार्किकादिपरिकल्पितजीवेशपरतया गत्âर्थेति न किञ्चिद् अनुपपन्नम् ॥२क्॥(४०)"
1541,"kiṁ ca, yady atrābheda eva tātparyam abhaviṣyat, tarhy ekam eva brahmājñānena bhinnam, jñānena tu tasya bheda-mayaṁ duḥkhaṁ vilīyata ity “apaśyad” ity evāvakṣyat | tathā śrī-bhagaval-līlādīnāṁ vāstavatvābhāve sati śrī-śuka-hṛdaya-virodhaś ca jāyate ||2l|| (41)","किं च, यद्य् अत्राभेद एव तात्पर्यम् अभविष्यत्, तर्ह्य् एकम् एव ब्रह्माज्ञानेन भिन्नम्, ज्ञानेन तु तस्य भेदमयं दुःखं विलीयत इत्य् “अपश्यद्” इत्य् एवावक्ष्यत् । तथा श्रीभगवल्लीलादीनां वास्तवत्वाभावे सति श्रीशुकहृदयविरोधश् च जायते ॥२ल्॥ (४१)","किꣳ च, यद्य् अत्राभेद एव तात्पर्यम् अभविष्यत्, तर्ह्य् एकम् एव ब्रह्माज्ञानेन भिन्नम्, ज्ञानेन तु तस्य भेदमयꣳ दुःखꣳ विलीयत इत्य् “अपश्यद्” इत्य् एवावक्ष्यत् । तथा श्रीभगवल्लीलादीनाꣳ वास्तवत्वाभावे सति श्रीशुकहृदयविरोधश् च जायते ॥२ल्॥ (४१)"
1543,sarva-saṁvādinī : atra śrī-śuka-hṛdaya-virodhaś caivam—yadi bhagavato'py avidyā-mayam eva vaibhavaṁ syāt tadā śrī-śukasya tal-līlākṛṣṭatvaṁ na syād iti mūle caivam agrato śrī-bhagavat-sandarbhe [84] suṣṭhu vicārayiṣyati ||2l|| (41) ,सर्वसंवादिनी : अत्र श्रीशुकहृदयविरोधश् चैवम्—यदि भगवतोऽप्य् अविद्यामयम् एव वैभवं स्यात् तदा श्रीशुकस्य तल्लीलाकृष्टत्वं न स्याद् इति मूले चैवम् अग्रतो श्रीभगवत्सन्दर्भे [८४] सुष्ठु विचारयिष्यति ॥२ल्॥ (४१) ,सर्वसꣳवादिनी : अत्र श्रीशुकहृदयविरोधश् चैवम्—यदि भगवतोऽप्य् अविद्यामयम् एव वैभवꣳ स्यात् तदा श्रीशुकस्य तल्लीलाकृष्टत्वꣳ न स्याद् इति मूले चैवम् अग्रतो श्रीभगवत्सन्दर्भे [८४] सुष्ठु विचारयिष्यति ॥२ल्॥ (४१) 
1545,baladevaḥ : anupapatty-antaram āha kiṁ ceti | atra śrī-bhāgavate śāstre | ity eveti pūrṇaḥ puruṣaḥ kaścid asti tad-āśritayā māyayā jīvo vimohito’narthaṁ bhajati | tad-anarthopaśamanī ca pūrṇasya tasya bhaktiḥ ity apaśyat | ity evaṁ nāvakṣyad ity arthaḥ ||41||,बलदेवः : अनुपपत्त्यन्तरम् आह किं चेति । अत्र श्रीभागवते शास्त्रे । इत्य् एवेति पूर्णः पुरुषः कश्चिद् अस्ति तदाश्रितया मायया जीवो विमोहितोऽनर्थं भजति । तदनर्थोपशमनी च पूर्णस्य तस्य भक्तिः इत्य् अपश्यत् । इत्य् एवं नावक्ष्यद् इत्य् अर्थः ॥४१॥,बलदेवः : अनुपपत्त्यन्तरम् आह किꣳ चेति । अत्र श्रीभागवते शास्त्रे । इत्य् एवेति पूर्णः पुरुषः कश्चिद् अस्ति तदाश्रितया मायया जीवो विमोहितोऽनर्थꣳ भजति । तदनर्थोपशमनी च पूर्णस्य तस्य भक्तिः इत्य् अपश्यत् । इत्य् एवꣳ नावक्ष्यद् इत्य् अर्थः ॥४१॥
1551,"tasmāt pariccheda-pratibimbatvādi-pratipādaka-śāstrāṇy api kathañcit tat-sādṛśyena gauṇyaiva vṛttyā pravarteran | ambuvad agrahaṇāt tu na tathātvaṁ [ve.sū. 3.2.19], vṛddhi-hrāsa-bhāktvam antar-bhāvād ubhaya-sāmañjasyodevaṁ [ve.sū. 3.2.20] iti pūrvottara-pakṣa-maya-nyāyābhyām ||2m|| (42)","तस्मात् परिच्छेदप्रतिबिम्बत्वादिप्रतिपादकशास्त्राण्य् अपि कथञ्चित् तत्सादृश्येन गौण्यैव वृत्त्या प्रवर्तेरन् । अम्बुवद् अग्रहणात् तु न तथात्वं [वे.सू. ३.२.१९], वृद्धिह्रासभाक्त्वम् अन्तर्भावाद् उभयसामञ्जस्योदेवं [वे.सू. ३.२.२०] इति पूर्वोत्तरपक्षमयन्यायाभ्याम् ॥२म्॥ (४२)","तस्मात् परिच्छेदप्रतिबिम्बत्वादिप्रतिपादकशास्त्राण्य् अपि कथञ्चित् तत्सादृश्येन गौण्यैव वृत्त्या प्रवर्तेरन् । अम्बुवद् अग्रहणात् तु न तथात्वꣳ [वे.सू. ३.२.१९], वृद्धिह्रासभाक्त्वम् अन्तर्भावाद् उभयसामञ्जस्योदेवꣳ [वे.सू. ३.२.२०] इति पूर्वोत्तरपक्षमयन्यायाभ्याम् ॥२म्॥ (४२)"
1553,"baladevaḥ : tasmād iti | tat-sādṛśyena paricchinna-pratibimba-tulyatvenety arthaḥ | siṁho devadattaḥ ity atra yathā gauṇyā vṛttyā siṁha-tulyatvaṁ devadattasyocyate, na tu siṁhatvaṁ tadvad ity arthaḥ | nanv evaṁ kena nirṇītam iti cet | sūtrakṛtā śrī-vyāsenaiveti tat sūtra-dvayaṁ darśayati |","बलदेवः : तस्माद् इति । तत्सादृश्येन परिच्छिन्नप्रतिबिम्बतुल्यत्वेनेत्य् अर्थः । सिंहो देवदत्तः इत्य् अत्र यथा गौण्या वृत्त्या सिंहतुल्यत्वं देवदत्तस्योच्यते, न तु सिंहत्वं तद्वद् इत्य् अर्थः । नन्व् एवं केन निर्णीतम् इति चेत् । सूत्रकृता श्रीव्यासेनैवेति तत् सूत्रद्वयं दर्शयति ।","बलदेवः : तस्माद् इति । तत्सादृश्येन परिच्छिन्नप्रतिबिम्बतुल्यत्वेनेत्य् अर्थः । सिꣳहो देवदत्तः इत्य् अत्र यथा गौण्या वृत्त्या सिꣳहतुल्यत्वꣳ देवदत्तस्योच्यते, न तु सिꣳहत्वꣳ तद्वद् इत्य् अर्थः । नन्व् एवꣳ केन निर्णीतम् इति चेत् । सूत्रकृता श्रीव्यासेनैवेति तत् सूत्रद्वयꣳ दर्शयति ।"
1555,"tatraikena tadvāda-dvayam asambhavān nirasyati ambuvad iti | yathāmbunā bhū-khaṇḍasya paricchedaḥ, evam upādhinā brahma-pradeśasya sa syāt | na, ambunā bhūkhaṇḍasyevopādhinā brahma-pradeśasya grahaṇābhāvāt | agṛhyo na hi gṛhyate [bṛ.ā.u. 3.9.26] iti hi śrutiḥ | ato na tathātvaṁ brahmaṇa upādhi-paricchinnatvaṁ nety arthaḥ |","तत्रैकेन तद्वादद्वयम् असम्भवान् निरस्यति अम्बुवद् इति । यथाम्बुना भूखण्डस्य परिच्छेदः, एवम् उपाधिना ब्रह्मप्रदेशस्य स स्यात् । न, अम्बुना भूखण्डस्येवोपाधिना ब्रह्मप्रदेशस्य ग्रहणाभावात् । अगृह्यो न हि गृह्यते [बृ.आ.उ. ३.९.२६] इति हि श्रुतिः । अतो न तथात्वं ब्रह्मण उपाधिपरिच्छिन्नत्वं नेत्य् अर्थः ।","तत्रैकेन तद्वादद्वयम् असम्भवान् निरस्यति अम्बुवद् इति । यथाम्बुना भूखण्डस्य परिच्छेदः, एवम् उपाधिना ब्रह्मप्रदेशस्य स स्यात् । न, अम्बुना भूखण्डस्येवोपाधिना ब्रह्मप्रदेशस्य ग्रहणाभावात् । अगृह्यो न हि गृह्यते [बृ.आ.उ. ३.९.२६] इति हि श्रुतिः । अतो न तथात्वꣳ ब्रह्मण उपाधिपरिच्छिन्नत्वꣳ नेत्य् अर्थः ।"
1557,"yad vā, ambuni yathā raveḥ partibimbaḥ paricchinnasya gṛhyate, evam upādhau brahmaṇaḥ pratibimbo vyāpakasya na gṛhyate | ato na tathātvaṁ tasya pratibimbo nety arthaḥ | tarhi śāstra-dvayaṁ kathaṁ saṅgacchate | tatrāha, vṛddhīti dvitīyena | tad dvayaṁ na mukhya-vṛttyā pravartate | kintu vṛddhi-hrāsa-bhāktvaṁ guṇāṁśam ādāyaiva | yathā mahad-alpau bhū-khaṇḍau, yathā ca ravi-tat-pratibimbau vṛddhi-hrāsa-bhājau, tathā pareśa-jīvau syātām | kutaḥ? antarbhāvāt | etasminn aṁśe śāstra-tātparya-pūrteḥ | evaṁ saty ubhayor dṛṣṭāntāntikayoḥ sāmañjasyāt saṅgater ity arthaḥ | pūrva-nyāyena paricchedādi-vāda-dvayasya khaṇḍanam, uttara-nyāyena tu gauṇa-vṛttyā tasya vyavasthāpanam iti | brahmaṇaḥ khaṇḍaḥy pratibimbo vā jīva eveti sūtra-kṛtāṁ matam | īśo’pi brahmaṇaḥ khaṇḍaḥ pratibimbo veti māyinām īśa-vimukhānāṁ matam iti bodhavyam ||42||","यद् वा, अम्बुनि यथा रवेः पर्तिबिम्बः परिच्छिन्नस्य गृह्यते, एवम् उपाधौ ब्रह्मणः प्रतिबिम्बो व्यापकस्य न गृह्यते । अतो न तथात्वं तस्य प्रतिबिम्बो नेत्य् अर्थः । तर्हि शास्त्रद्वयं कथं सङ्गच्छते । तत्राह, वृद्धीति द्वितीयेन । तद् द्वयं न मुख्यवृत्त्या प्रवर्तते । किन्तु वृद्धिह्रासभाक्त्वं गुणांशम् आदायैव । यथा महदल्पौ भूखण्डौ, यथा च रवितत्प्रतिबिम्बौ वृद्धिह्रासभाजौ, तथा परेशजीवौ स्याताम् । कुतः? अन्तर्भावात् । एतस्मिन्न् अंशे शास्त्रतात्पर्यपूर्तेः । एवं सत्य् उभयोर् दृष्टान्तान्तिकयोः सामञ्जस्यात् सङ्गतेर् इत्य् अर्थः । पूर्वन्यायेन परिच्छेदादिवादद्वयस्य खण्डनम्, उत्तरन्यायेन तु गौणवृत्त्या तस्य व्यवस्थापनम् इति । ब्रह्मणः खण्डःय् प्रतिबिम्बो वा जीव एवेति सूत्रकृतां मतम् । ईशोऽपि ब्रह्मणः खण्डः प्रतिबिम्बो वेति मायिनाम् ईशविमुखानां मतम् इति बोधव्यम् ॥४२॥","यद् वा, अम्बुनि यथा रवेः पर्तिबिम्बः परिच्छिन्नस्य गृह्यते, एवम् उपाधौ ब्रह्मणः प्रतिबिम्बो व्यापकस्य न गृह्यते । अतो न तथात्वꣳ तस्य प्रतिबिम्बो नेत्य् अर्थः । तर्हि शास्त्रद्वयꣳ कथꣳ सङ्गच्छते । तत्राह, वृद्धीति द्वितीयेन । तद् द्वयꣳ न मुख्यवृत्त्या प्रवर्तते । किन्तु वृद्धिह्रासभाक्त्वꣳ गुणाꣳशम् आदायैव । यथा महदल्पौ भूखण्डौ, यथा च रवितत्प्रतिबिम्बौ वृद्धिह्रासभाजौ, तथा परेशजीवौ स्याताम् । कुतः? अन्तर्भावात् । एतस्मिन्न् अꣳशे शास्त्रतात्पर्यपूर्तेः । एवꣳ सत्य् उभयोर् दृष्टान्तान्तिकयोः सामञ्जस्यात् सङ्गतेर् इत्य् अर्थः । पूर्वन्यायेन परिच्छेदादिवादद्वयस्य खण्डनम्, उत्तरन्यायेन तु गौणवृत्त्या तस्य व्यवस्थापनम् इति । ब्रह्मणः खण्डःय् प्रतिबिम्बो वा जीव एवेति सूत्रकृताꣳ मतम् । ईशोऽपि ब्रह्मणः खण्डः प्रतिबिम्बो वेति मायिनाम् ईशविमुखानाꣳ मतम् इति बोधव्यम् ॥४२॥"
1563,tata evābheda-śāstrāṇy ubhayoś cid-rūpatve jīva-samūhasya durghaṭa-ghaṭanā-paṭīyasyā svābhāvika-tad-acintya-śaktyā svabhāvata eva tad-raśmi-paramāṇu-guṇa-sthānīyatvāt tad-vyatirekeṇāvyatirekeṇa ca virodhaṁ parihṛtyāgre muhur api tad etad-vyāsa-samādhi-labdha-siddhānta-yojanāya yojanīyāni ||2n|| (43),तत एवाभेदशास्त्राण्य् उभयोश् चिद्रूपत्वे जीवसमूहस्य दुर्घटघटनापटीयस्या स्वाभाविकतदचिन्त्यशक्त्या स्वभावत एव तद्रश्मिपरमाणुगुणस्थानीयत्वात् तद्व्यतिरेकेणाव्यतिरेकेण च विरोधं परिहृत्याग्रे मुहुर् अपि तद् एतद्व्याससमाधिलब्धसिद्धान्तयोजनाय योजनीयानि ॥२न्॥ (४३),तत एवाभेदशास्त्राण्य् उभयोश् चिद्रूपत्वे जीवसमूहस्य दुर्घटघटनापटीयस्या स्वाभाविकतदचिन्त्यशक्त्या स्वभावत एव तद्रश्मिपरमाणुगुणस्थानीयत्वात् तद्व्यतिरेकेणाव्यतिरेकेण च विरोधꣳ परिहृत्याग्रे मुहुर् अपि तद् एतद्व्याससमाधिलब्धसिद्धान्तयोजनाय योजनीयानि ॥२न्॥ (४३)
1565,"baladevaḥ : tata iti paricchedādi-śāstra-dvayasya tat-sādṛśyārthakatvena nītatvād eva hetoḥ | tvaṁ vā aham asmi bhagavo deva, ahaṁ vai tvam asi tattvam asi ity ādīny abheda-śāstrāṇi | tad etad vyāsa-samādhi-siddhānta-yojanāya muhur apy agre yojanīyānīti sambandhaḥ | kena hetunety āha ubhayor īśa-jīvayoś cid-rūpatvena hetunā | yathā gaura-śyāmayos taruṇa-kumārayor vā viprayor vipratvenaikyam | tataś ca jātyaivābhedo, natu vyaktor ity arthaḥ | tathā jīva-samūhasya durghaṭa-ghaṭanā-paṭīyasyā tad-acintya-śaktyā svabhāvata eva tad-raśmi-paramāṇu-guṇa-sthānīyatvāt tad-vyatirekeṇa, avyatirekeṇa ca hetunā virodhaṁ parihṛtyeti | pareśasya khalu svarūpānubandhinī parākhyā śaktir uṣṇateva raver asti | parāsya śaktir vividhaiva śrūyate svābhāvikījñāna-bala-kriyā ca [śve.u. 6.8] iti mantra-varṇāt | viṣṇu-śaktiḥ parā proktā [vi.pu. 6.7.61] iti smaraṇāc ca | sā hi tad-itarān nikhilān niyamayati | yasmāt tad anye sarve’rthāḥ sva-svabhāvam atyajanto vartante | prakṛtiḥ kālaḥ karma ca svāntaḥ-sthitam apīśvaraṁ sparṣṭuṁ na śaknoti | kintu tato bibhyed eva svasvabhāve tiṣṭhati | jīva-gaṇāś ca tat-sajātīyo’pi na tena samparcituṁ śaknoti kintu tamāśrayann eva vṛttiṁ labhate | mukhya-prāṇam iva śrotrādir indriya-gaṇa iti | tathā yad-attir yad-adhīnā sa tad-rūpaḥ ity abheda-śāstrasyāpi bheda-śāstreṇa sārdham avirodho’yaṁ śrī-vyāsa-samādhi-labdha-siddhānta-savyapekṣa iti | tathā cātreśa-jīvayoḥ svaruūpābhedo nāstīti siddham ||43||","बलदेवः : तत इति परिच्छेदादिशास्त्रद्वयस्य तत्सादृश्यार्थकत्वेन नीतत्वाद् एव हेतोः । त्वं वा अहम् अस्मि भगवो देव, अहं वै त्वम् असि तत्त्वम् असि इत्य् आदीन्य् अभेदशास्त्राणि । तद् एतद् व्याससमाधिसिद्धान्तयोजनाय मुहुर् अप्य् अग्रे योजनीयानीति सम्बन्धः । केन हेतुनेत्य् आह उभयोर् ईशजीवयोश् चिद्रूपत्वेन हेतुना । यथा गौरश्यामयोस् तरुणकुमारयोर् वा विप्रयोर् विप्रत्वेनैक्यम् । ततश् च जात्यैवाभेदो, नतु व्यक्तोर् इत्य् अर्थः । तथा जीवसमूहस्य दुर्घटघटनापटीयस्या तदचिन्त्यशक्त्या स्वभावत एव तद्रश्मिपरमाणुगुणस्थानीयत्वात् तद्व्यतिरेकेण, अव्यतिरेकेण च हेतुना विरोधं परिहृत्येति । परेशस्य खलु स्वरूपानुबन्धिनी पराख्या शक्तिर् उष्णतेव रवेर् अस्ति । परास्य शक्तिर् विविधैव श्रूयते स्वाभाविकीज्ञानबलक्रिया च [श्वे.उ. ६.८] इति मन्त्रवर्णात् । विष्णुशक्तिः परा प्रोक्ता [वि.पु. ६.७.६१] इति स्मरणाच् च । सा हि तदितरान् निखिलान् नियमयति । यस्मात् तद् अन्ये सर्वेऽर्थाः स्वस्वभावम् अत्यजन्तो वर्तन्ते । प्रकृतिः कालः कर्म च स्वान्तःस्थितम् अपीश्वरं स्पर्ष्टुं न शक्नोति । किन्तु ततो बिभ्येद् एव स्वस्वभावे तिष्ठति । जीवगणाश् च तत्सजातीयोऽपि न तेन सम्पर्चितुं शक्नोति किन्तु तमाश्रयन्न् एव वृत्तिं लभते । मुख्यप्राणम् इव श्रोत्रादिर् इन्द्रियगण इति । तथा यदत्तिर् यदधीना स तद्रूपः इत्य् अभेदशास्त्रस्यापि भेदशास्त्रेण सार्धम् अविरोधोऽयं श्रीव्याससमाधिलब्धसिद्धान्तसव्यपेक्ष इति । तथा चात्रेशजीवयोः स्वरुऊपाभेदो नास्तीति सिद्धम् ॥४३॥","बलदेवः : तत इति परिच्छेदादिशास्त्रद्वयस्य तत्सादृश्यार्थकत्वेन नीतत्वाद् एव हेतोः । त्वꣳ वा अहम् अस्मि भगवो देव, अहꣳ वै त्वम् असि तत्त्वम् असि इत्य् आदीन्य् अभेदशास्त्राणि । तद् एतद् व्याससमाधिसिद्धान्तयोजनाय मुहुर् अप्य् अग्रे योजनीयानीति सम्बन्धः । केन हेतुनेत्य् आह उभयोर् ईशजीवयोश् चिद्रूपत्वेन हेतुना । यथा गौरश्यामयोस् तरुणकुमारयोर् वा विप्रयोर् विप्रत्वेनैक्यम् । ततश् च जात्यैवाभेदो, नतु व्यक्तोर् इत्य् अर्थः । तथा जीवसमूहस्य दुर्घटघटनापटीयस्या तदचिन्त्यशक्त्या स्वभावत एव तद्रश्मिपरमाणुगुणस्थानीयत्वात् तद्व्यतिरेकेण, अव्यतिरेकेण च हेतुना विरोधꣳ परिहृत्येति । परेशस्य खलु स्वरूपानुबन्धिनी पराख्या शक्तिर् उष्णतेव रवेर् अस्ति । परास्य शक्तिर् विविधैव श्रूयते स्वाभाविकीज्ञानबलक्रिया च [श्वे.उ. ६.८] इति मन्त्रवर्णात् । विष्णुशक्तिः परा प्रोक्ता [वि.पु. ६.७.६१] इति स्मरणाच् च । सा हि तदितरान् निखिलान् नियमयति । यस्मात् तद् अन्ये सर्वेऽर्थाः स्वस्वभावम् अत्यजन्तो वर्तन्ते । प्रकृतिः कालः कर्म च स्वान्तःस्थितम् अपीश्वरꣳ स्पर्ष्टुꣳ न शक्नोति । किन्तु ततो बिभ्येद् एव स्वस्वभावे तिष्ठति । जीवगणाश् च तत्सजातीयोऽपि न तेन सम्पर्चितुꣳ शक्नोति किन्तु तमाश्रयन्न् एव वृत्तिꣳ लभते । मुख्यप्राणम् इव श्रोत्रादिर् इन्द्रियगण इति । तथा यदत्तिर् यदधीना स तद्रूपः इत्य् अभेदशास्त्रस्यापि भेदशास्त्रेण सार्धम् अविरोधोऽयꣳ श्रीव्याससमाधिलब्धसिद्धान्तसव्यपेक्ष इति । तथा चात्रेशजीवयोः स्वरुऊपाभेदो नास्तीति सिद्धम् ॥४३॥"
1571,tad evaṁ māyāśrayatva-māyā-mohitatvābhyāṁ sthite dvayor bhede tad-bhajanasyaiva abhidheyatvam āyātam ||44||,तद् एवं मायाश्रयत्वमायामोहितत्वाभ्यां स्थिते द्वयोर् भेदे तद्भजनस्यैव अभिधेयत्वम् आयातम् ॥४४॥,तद् एवꣳ मायाश्रयत्वमायामोहितत्वाभ्याꣳ स्थिते द्वयोर् भेदे तद्भजनस्यैव अभिधेयत्वम् आयातम् ॥४४॥
1579,"ataḥ śrī-bhagavata eva sarva-hitopadeṣṭṛtvāt, sarva-duḥkha-haratvāt, raśmīnāṁ sūryavat sarveṣāṁ parama-svarūpatvāt, sarvādhika-guṇa-śālitvātparama-prema-yogatvam iti prayojanaṁ ca sthāpitam ||45|| ","अतः श्रीभगवत एव सर्वहितोपदेष्टृत्वात्, सर्वदुःखहरत्वात्, रश्मीनां सूर्यवत् सर्वेषां परमस्वरूपत्वात्, सर्वाधिकगुणशालित्वात्परमप्रेमयोगत्वम् इति प्रयोजनं च स्थापितम् ॥४५॥ ","अतः श्रीभगवत एव सर्वहितोपदेष्टृत्वात्, सर्वदुःखहरत्वात्, रश्मीनाꣳ सूर्यवत् सर्वेषाꣳ परमस्वरूपत्वात्, सर्वाधिकगुणशालित्वात्परमप्रेमयोगत्वम् इति प्रयोजनꣳ च स्थापितम् ॥४५॥ "
1581,"baladevaḥ : māyā-moha-nivārakatvād yasya bhajanam abhidheyam, sa bhagavān eva bhajatāṁ prema-yogya ity arthād āgatam ity āha ata iti | ato māyāmoha-nivāraka-bhajanatvād bhagavata eva parama-prema-yogyatvam iti sambandhaḥ | jīvātmā prema-yogyaḥ, paramātmā bhagavāṁs tu parama-prema-yogya ity arthaḥ | kuta ity apekṣāyāṁ hetu-catuṣṭayam āha sarveti | raśmīnām ity-ādi—sūryo yathā raśmīnāṁ svarūpaṁ na, kintu parama-svarūpam eva bhavaty evaṁ jīvānāṁ bhagavān iti svarūpaikyaṁ nirastam | antaryāmi-brāhmaṇāt saubāla-brāhamaṇāc ca jīvātmanaḥ paramātmanaḥ śarīrāṇi bhavanti, sa tu teṣāṁ śarīrī iti bhedaḥ prasphuṭo jñātaḥ | ataḥ sarvādhiketi ||45||","बलदेवः : मायामोहनिवारकत्वाद् यस्य भजनम् अभिधेयम्, स भगवान् एव भजतां प्रेमयोग्य इत्य् अर्थाद् आगतम् इत्य् आह अत इति । अतो मायामोहनिवारकभजनत्वाद् भगवत एव परमप्रेमयोग्यत्वम् इति सम्बन्धः । जीवात्मा प्रेमयोग्यः, परमात्मा भगवांस् तु परमप्रेमयोग्य इत्य् अर्थः । कुत इत्य् अपेक्षायां हेतुचतुष्टयम् आह सर्वेति । रश्मीनाम् इत्यादि—सूर्यो यथा रश्मीनां स्वरूपं न, किन्तु परमस्वरूपम् एव भवत्य् एवं जीवानां भगवान् इति स्वरूपैक्यं निरस्तम् । अन्तर्यामिब्राह्मणात् सौबालब्राहमणाच् च जीवात्मनः परमात्मनः शरीराणि भवन्ति, स तु तेषां शरीरी इति भेदः प्रस्फुटो ज्ञातः । अतः सर्वाधिकेति ॥४५॥","बलदेवः : मायामोहनिवारकत्वाद् यस्य भजनम् अभिधेयम्, स भगवान् एव भजताꣳ प्रेमयोग्य इत्य् अर्थाद् आगतम् इत्य् आह अत इति । अतो मायामोहनिवारकभजनत्वाद् भगवत एव परमप्रेमयोग्यत्वम् इति सम्बन्धः । जीवात्मा प्रेमयोग्यः, परमात्मा भगवाꣳस् तु परमप्रेमयोग्य इत्य् अर्थः । कुत इत्य् अपेक्षायाꣳ हेतुचतुष्टयम् आह सर्वेति । रश्मीनाम् इत्यादि—सूर्यो यथा रश्मीनाꣳ स्वरूपꣳ न, किन्तु परमस्वरूपम् एव भवत्य् एवꣳ जीवानाꣳ भगवान् इति स्वरूपैक्यꣳ निरस्तम् । अन्तर्यामिब्राह्मणात् सौबालब्राहमणाच् च जीवात्मनः परमात्मनः शरीराणि भवन्ति, स तु तेषाꣳ शरीरी इति भेदः प्रस्फुटो ज्ञातः । अतः सर्वाधिकेति ॥४५॥"
1587,"tatrābhidheyaṁ ca tādṛśatvena dṛṣṭavān api, yatas tat-pravṛtty-arthaṁ śrī-bhāgavatākhyām imāṁ sātvata-saṁhitāṁ pravartitavān ity āha—anartheti | bhakti-yogaḥ śravaṇa-kīrtanādi-lakṣaṇaḥ sādhana-bhaktiḥ, na tu prema-lakṣaṇaḥ | anuṣṭhānaṁ hy upadeśāpekṣaṁ, prema tu tat-prasādāpekṣam iti | tathāpi tasya tat-prasāda-hetos tat-prema-phala-garbhatvāt sākṣād evānarthopaśamanatvam, na tv anya-sāpekṣatvena | yat karmabhir yat tapasā jñāna-vairāgyataś ca yat [bhā.pu. 11.20.32] ity ādau, sarvaṁ mad-bhakti-yogena mad-bhakto labhate’ñjasā | svargāpavargaṁ [bhā.pu. 11.20.33] ity ādeḥ | jñānādes tu bhakti-sāpekṣatvam eva,śreyaḥ-sṛtiṁ bhaktiṁ [bhā.pu. 10.14.4] ity ādeḥ |","तत्राभिधेयं च तादृशत्वेन दृष्टवान् अपि, यतस् तत्प्रवृत्त्यर्थं श्रीभागवताख्याम् इमां सात्वतसंहितां प्रवर्तितवान् इत्य् आह—अनर्थेति । भक्तियोगः श्रवणकीर्तनादिलक्षणः साधनभक्तिः, न तु प्रेमलक्षणः । अनुष्ठानं ह्य् उपदेशापेक्षं, प्रेम तु तत्प्रसादापेक्षम् इति । तथापि तस्य तत्प्रसादहेतोस् तत्प्रेमफलगर्भत्वात् साक्षाद् एवानर्थोपशमनत्वम्, न त्व् अन्यसापेक्षत्वेन । यत् कर्मभिर् यत् तपसा ज्ञानवैराग्यतश् च यत् [भा.पु. ११.२०.३२] इत्य् आदौ, सर्वं मद्भक्तियोगेन मद्भक्तो लभतेऽञ्जसा । स्वर्गापवर्गं [भा.पु. ११.२०.३३] इत्य् आदेः । ज्ञानादेस् तु भक्तिसापेक्षत्वम् एव,श्रेयःसृतिं भक्तिं [भा.पु. १०.१४.४] इत्य् आदेः ।","तत्राभिधेयꣳ च तादृशत्वेन दृष्टवान् अपि, यतस् तत्प्रवृत्त्यर्थꣳ श्रीभागवताख्याम् इमाꣳ सात्वतसꣳहिताꣳ प्रवर्तितवान् इत्य् आह—अनर्थेति । भक्तियोगः श्रवणकीर्तनादिलक्षणः साधनभक्तिः, न तु प्रेमलक्षणः । अनुष्ठानꣳ ह्य् उपदेशापेक्षꣳ, प्रेम तु तत्प्रसादापेक्षम् इति । तथापि तस्य तत्प्रसादहेतोस् तत्प्रेमफलगर्भत्वात् साक्षाद् एवानर्थोपशमनत्वम्, न त्व् अन्यसापेक्षत्वेन । यत् कर्मभिर् यत् तपसा ज्ञानवैराग्यतश् च यत् [भा.पु. ११.२०.३२] इत्य् आदौ, सर्वꣳ मद्भक्तियोगेन मद्भक्तो लभतेऽञ्जसा । स्वर्गापवर्गꣳ [भा.पु. ११.२०.३३] इत्य् आदेः । ज्ञानादेस् तु भक्तिसापेक्षत्वम् एव,श्रेयःसृतिꣳ भक्तिꣳ [भा.पु. १०.१४.४] इत्य् आदेः ।"
1589,"athavā, anarthasya saṁsāra-vyasanasya tāvat sākṣād-avyavadhānenopaśamanaṁ sammohādi-dvayasya tu premākhya-svīya-phala-dvārety arthaḥ | ataḥ pūrvavad evātrābhidheyaṁ darśitam ||46||","अथवा, अनर्थस्य संसारव्यसनस्य तावत् साक्षादव्यवधानेनोपशमनं सम्मोहादिद्वयस्य तु प्रेमाख्यस्वीयफलद्वारेत्य् अर्थः । अतः पूर्ववद् एवात्राभिधेयं दर्शितम् ॥४६॥","अथवा, अनर्थस्य सꣳसारव्यसनस्य तावत् साक्षादव्यवधानेनोपशमनꣳ सम्मोहादिद्वयस्य तु प्रेमाख्यस्वीयफलद्वारेत्य् अर्थः । अतः पूर्ववद् एवात्राभिधेयꣳ दर्शितम् ॥४६॥"
1591,baladevaḥ : tatrābhīti | tādṛśatvena māyānivārakatvena | dṛṣṭavān api śrī-vyāsaḥ | anuṣṭhānaṁ kṛti-sādhyam | tat-prasādeti bhagavad-anugrahety arthaḥ | tasya śravaṇādi-lakṣaṇasya | anya-sāpekṣatvena karmādi-parikaratvena | jñānādes tv iti jñānam atra yasya brahma [page 6] ity ukta-brahma-viṣayakam | sammohādīyādi-padād ātmano jaḍa-dehādi-rūpatā-mananaṁ grāhyam | ata iti | atra anartheti vākye ||46||,बलदेवः : तत्राभीति । तादृशत्वेन मायानिवारकत्वेन । दृष्टवान् अपि श्रीव्यासः । अनुष्ठानं कृतिसाध्यम् । तत्प्रसादेति भगवदनुग्रहेत्य् अर्थः । तस्य श्रवणादिलक्षणस्य । अन्यसापेक्षत्वेन कर्मादिपरिकरत्वेन । ज्ञानादेस् त्व् इति ज्ञानम् अत्र यस्य ब्रह्म [पगे ६] इत्य् उक्तब्रह्मविषयकम् । सम्मोहादीयादिपदाद् आत्मनो जडदेहादिरूपतामननं ग्राह्यम् । अत इति । अत्र अनर्थेति वाक्ये ॥४६॥,बलदेवः : तत्राभीति । तादृशत्वेन मायानिवारकत्वेन । दृष्टवान् अपि श्रीव्यासः । अनुष्ठानꣳ कृतिसाध्यम् । तत्प्रसादेति भगवदनुग्रहेत्य् अर्थः । तस्य श्रवणादिलक्षणस्य । अन्यसापेक्षत्वेन कर्मादिपरिकरत्वेन । ज्ञानादेस् त्व् इति ज्ञानम् अत्र यस्य ब्रह्म [पगे ६] इत्य् उक्तब्रह्मविषयकम् । सम्मोहादीयादिपदाद् आत्मनो जडदेहादिरूपतामननꣳ ग्राह्यम् । अत इति । अत्र अनर्थेति वाक्ये ॥४६॥
1597,"atha pūrvavad eva prayojanaṁ ca spaṣṭayituṁ pūrvoktasya pūrṇa-puruṣasya ca śrī-kṛṣṇa-svarūpatvaṁ vyañjayituṁ grantha-phala-nirdeśa-dvārā tatra tad-anubhavāntaraṁ pratipādayann āha—“yasyām” iti | bhaktiḥ premā, śravaṇa-rūpayā sādhana-bhaktyā sādhyatvāt | “utpadyate” āvirbhavati | ","अथ पूर्ववद् एव प्रयोजनं च स्पष्टयितुं पूर्वोक्तस्य पूर्णपुरुषस्य च श्रीकृष्णस्वरूपत्वं व्यञ्जयितुं ग्रन्थफलनिर्देशद्वारा तत्र तदनुभवान्तरं प्रतिपादयन्न् आह—“यस्याम्” इति । भक्तिः प्रेमा, श्रवणरूपया साधनभक्त्या साध्यत्वात् । “उत्पद्यते” आविर्भवति । ","अथ पूर्ववद् एव प्रयोजनꣳ च स्पष्टयितुꣳ पूर्वोक्तस्य पूर्णपुरुषस्य च श्रीकृष्णस्वरूपत्वꣳ व्यञ्जयितुꣳ ग्रन्थफलनिर्देशद्वारा तत्र तदनुभवान्तरꣳ प्रतिपादयन्न् आह—“यस्याम्” इति । भक्तिः प्रेमा, श्रवणरूपया साधनभक्त्या साध्यत्वात् । “उत्पद्यते” आविर्भवति । "
1599,"tasyānuṣaṅgikaṁ guṇam āha—“śoka-” iti | atraiṣāṁ saṁskāro’pi naśyatīti bhāvaḥ,prītir na yāvan mayi vāsudeve na mucyate deha-yogena tāvat [bhā.pu. 5.5.6] iti śrī-ṛṣabha-deva-vākyāt | “parama-puruṣe” pūrvokta-pūrṇa-puruṣe | ","तस्यानुषङ्गिकं गुणम् आह—“शोक-” इति । अत्रैषां संस्कारोऽपि नश्यतीति भावः,प्रीतिर् न यावन् मयि वासुदेवे न मुच्यते देहयोगेन तावत् [भा.पु. ५.५.६] इति श्रीऋषभदेववाक्यात् । “परमपुरुषे” पूर्वोक्तपूर्णपुरुषे । ","तस्यानुषङ्गिकꣳ गुणम् आह—“शोक-” इति । अत्रैषाꣳ सꣳस्कारोऽपि नश्यतीति भावः,प्रीतिर् न यावन् मयि वासुदेवे न मुच्यते देहयोगेन तावत् [भा.पु. ५.५.६] इति श्रीऋषभदेववाक्यात् । “परमपुरुषे” पूर्वोक्तपूर्णपुरुषे । "
1601,"kim-ākāraḥ ? ity apekṣāyām āha—“kṛṣṇe” | kṛṣṇas tu bhagavān svayam  [bhā.pu.1.3.28] ity-ādi śāstra-sahasra-bhāvitāntaḥ-karaṇānāṁ paramparayā tat-prasiddhi-madhya-pātināṁ cāsāṅkhya-lokānāṁ tan-nāma-śravaṇa-mātreṇa yaḥ prathama-pratīti-viṣayaḥ syāt, tathā tan-nāmnaḥ prathamākṣara-mātraṁ mantrāya kalpamānaṁ yasyābhimukhyāya syāt, tad-ākāra ity arthaḥ | āhuś ca nāma-kaumudī-kārāḥ—kṛṣṇa-śabdasya tamāla-śyāmala-tviṣi yaśodāyāḥ stanandhaye para-brahmaṇi rūḍhiḥ iti ||2r|| (47)","किमाकारः ? इत्य् अपेक्षायाम् आह—“कृष्णे” । कृष्णस् तु भगवान् स्वयम्  [भा.पु.१.३.२८] इत्यादि शास्त्रसहस्रभावितान्तःकरणानां परम्परया तत्प्रसिद्धिमध्यपातिनां चासाङ्ख्यलोकानां तन्नामश्रवणमात्रेण यः प्रथमप्रतीतिविषयः स्यात्, तथा तन्नाम्नः प्रथमाक्षरमात्रं मन्त्राय कल्पमानं यस्याभिमुख्याय स्यात्, तदाकार इत्य् अर्थः । आहुश् च नामकौमुदीकाराः—कृष्णशब्दस्य तमालश्यामलत्विषि यशोदायाः स्तनन्धये परब्रह्मणि रूढिः इति ॥२र्॥ (४७)","किमाकारः ? इत्य् अपेक्षायाम् आह—“कृष्णे” । कृष्णस् तु भगवान् स्वयम्  [भा.पु.१.३.२८] इत्यादि शास्त्रसहस्रभावितान्तःकरणानाꣳ परम्परया तत्प्रसिद्धिमध्यपातिनाꣳ चासाङ्ख्यलोकानाꣳ तन्नामश्रवणमात्रेण यः प्रथमप्रतीतिविषयः स्यात्, तथा तन्नाम्नः प्रथमाक्षरमात्रꣳ मन्त्राय कल्पमानꣳ यस्याभिमुख्याय स्यात्, तदाकार इत्य् अर्थः । आहुश् च नामकौमुदीकाराः—कृष्णशब्दस्य तमालश्यामलत्विषि यशोदायाः स्तनन्धये परब्रह्मणि रूढिः इति ॥२र्॥ (४७)"
1603,baladevaḥ : atheti | prayojanaṁ bhagavat-prema-lakṣaṇam | tatreti tatra samādhau śrī-vyāsasyānyam anubhavam ity arthaḥ | āvirbhavatīti premṇaḥ parāsārāṁśatvenotpatty-asambhavād ity arthaḥ | tasyeti premṇaḥ | atra premṇi sati | kṛṣṇas tu bhagavān svayam iti śrī-sūtādīnāṁ śrī-jayadevādīnāṁ cāsaṅkhya-lokānām ity arthaḥ | tan-nāma iti tan-nāmnaḥ iti cobhayatra kṛṣṇeti nāma bodhyam | rūḍhir iti prakṛti-pratyaya-sambandhaṁ vinaiva yaśodā-sute prasiddhir maṇḍapa-śabdasyeva gṛha-viśeṣa ity arthaḥ ||47||,बलदेवः : अथेति । प्रयोजनं भगवत्प्रेमलक्षणम् । तत्रेति तत्र समाधौ श्रीव्यासस्यान्यम् अनुभवम् इत्य् अर्थः । आविर्भवतीति प्रेम्णः परासारांशत्वेनोत्पत्त्यसम्भवाद् इत्य् अर्थः । तस्येति प्रेम्णः । अत्र प्रेम्णि सति । कृष्णस् तु भगवान् स्वयम् इति श्रीसूतादीनां श्रीजयदेवादीनां चासङ्ख्यलोकानाम् इत्य् अर्थः । तन्नाम इति तन्नाम्नः इति चोभयत्र कृष्णेति नाम बोध्यम् । रूढिर् इति प्रकृतिप्रत्ययसम्बन्धं विनैव यशोदासुते प्रसिद्धिर् मण्डपशब्दस्येव गृहविशेष इत्य् अर्थः ॥४७॥,बलदेवः : अथेति । प्रयोजनꣳ भगवत्प्रेमलक्षणम् । तत्रेति तत्र समाधौ श्रीव्यासस्यान्यम् अनुभवम् इत्य् अर्थः । आविर्भवतीति प्रेम्णः परासाराꣳशत्वेनोत्पत्त्यसम्भवाद् इत्य् अर्थः । तस्येति प्रेम्णः । अत्र प्रेम्णि सति । कृष्णस् तु भगवान् स्वयम् इति श्रीसूतादीनाꣳ श्रीजयदेवादीनाꣳ चासङ्ख्यलोकानाम् इत्य् अर्थः । तन्नाम इति तन्नाम्नः इति चोभयत्र कृष्णेति नाम बोध्यम् । रूढिर् इति प्रकृतिप्रत्ययसम्बन्धꣳ विनैव यशोदासुते प्रसिद्धिर् मण्डपशब्दस्येव गृहविशेष इत्य् अर्थः ॥४७॥
1607,"atha tasyaiva prayojanasya brahmānandānubhavād api paramatvam anubhūtavān | yatas tādṛśaṁ śukam api tad-ānanda-vaiśiṣṭya-lambhanāya tām adhyāpayāmāsety āha—“sa saṁhitām” iti | “kṛtvānukramya ca” iti prathamataḥ svayaṁ saṅkṣepeṇa kṛtvā, paścāt tu śrī-nāradopadeśād anukrameṇa vivṛtyety arthaḥ | ","अथ तस्यैव प्रयोजनस्य ब्रह्मानन्दानुभवाद् अपि परमत्वम् अनुभूतवान् । यतस् तादृशं शुकम् अपि तदानन्दवैशिष्ट्यलम्भनाय ताम् अध्यापयामासेत्य् आह—“स संहिताम्” इति । “कृत्वानुक्रम्य च” इति प्रथमतः स्वयं सङ्क्षेपेण कृत्वा, पश्चात् तु श्रीनारदोपदेशाद् अनुक्रमेण विवृत्येत्य् अर्थः । ","अथ तस्यैव प्रयोजनस्य ब्रह्मानन्दानुभवाद् अपि परमत्वम् अनुभूतवान् । यतस् तादृशꣳ शुकम् अपि तदानन्दवैशिष्ट्यलम्भनाय ताम् अध्यापयामासेत्य् आह—“स सꣳहिताम्” इति । “कृत्वानुक्रम्य च” इति प्रथमतः स्वयꣳ सङ्क्षेपेण कृत्वा, पश्चात् तु श्रीनारदोपदेशाद् अनुक्रमेण विवृत्येत्य् अर्थः । "
1609,"ataeva śrīmad-bhāgavataṁ bhāratānantaraṁ yad atra śrūyate, yac cānyatrāṣṭādaśa-purāṇānantaraṁ bhāratam iti tad-dvayam api samāhitaṁ syāt | brahmānandānubhava-nimagnatvāt “nivṛtti-nirataṁ” sarvato nivṛttau niratam, tatrāvyabhicāriṇam apīty arthaḥ ||2s|| (48)","अतएव श्रीमद्भागवतं भारतानन्तरं यद् अत्र श्रूयते, यच् चान्यत्राष्टादशपुराणानन्तरं भारतम् इति तद्द्वयम् अपि समाहितं स्यात् । ब्रह्मानन्दानुभवनिमग्नत्वात् “निवृत्तिनिरतं” सर्वतो निवृत्तौ निरतम्, तत्राव्यभिचारिणम् अपीत्य् अर्थः ॥२स्॥ (४८)","अतएव श्रीमद्भागवतꣳ भारतानन्तरꣳ यद् अत्र श्रूयते, यच् चान्यत्राष्टादशपुराणानन्तरꣳ भारतम् इति तद्द्वयम् अपि समाहितꣳ स्यात् । ब्रह्मानन्दानुभवनिमग्नत्वात् “निवृत्तिनिरतꣳ” सर्वतो निवृत्तौ निरतम्, तत्राव्यभिचारिणम् अपीत्य् अर्थः ॥२स्॥ (४८)"
1611,baladevaḥ : atheti brahmānandād yasya brahmety ukta-vastu-sukhād api | paramatvam utkṛṣṭatvam anubhūtavān śrī-vyāsaḥ | tādṛśaṁ tad-ānandānubhavainam api | tad-ānandeti kṛṣṇa-premānanda-prāpaṇāyety arthaḥ | ata eveti | yad atreti atra śrī-bhāgavate | anyatra mātsyādau—aṣṭādaśa-purāṇāni kṛtvā satyavatī-sutaḥ | cakre bhāratam ākhyānaṁ vedārthair upabṛṁhitam ity anenety arthaḥ | tatreti nivṛttāv ity arthaḥ ||48||,बलदेवः : अथेति ब्रह्मानन्दाद् यस्य ब्रह्मेत्य् उक्तवस्तुसुखाद् अपि । परमत्वम् उत्कृष्टत्वम् अनुभूतवान् श्रीव्यासः । तादृशं तदानन्दानुभवैनम् अपि । तदानन्देति कृष्णप्रेमानन्दप्रापणायेत्य् अर्थः । अत एवेति । यद् अत्रेति अत्र श्रीभागवते । अन्यत्र मात्स्यादौ—अष्टादशपुराणानि कृत्वा सत्यवतीसुतः । चक्रे भारतम् आख्यानं वेदार्थैर् उपबृंहितम् इत्य् अनेनेत्य् अर्थः । तत्रेति निवृत्ताव् इत्य् अर्थः ॥४८॥,बलदेवः : अथेति ब्रह्मानन्दाद् यस्य ब्रह्मेत्य् उक्तवस्तुसुखाद् अपि । परमत्वम् उत्कृष्टत्वम् अनुभूतवान् श्रीव्यासः । तादृशꣳ तदानन्दानुभवैनम् अपि । तदानन्देति कृष्णप्रेमानन्दप्रापणायेत्य् अर्थः । अत एवेति । यद् अत्रेति अत्र श्रीभागवते । अन्यत्र मात्स्यादौ—अष्टादशपुराणानि कृत्वा सत्यवतीसुतः । चक्रे भारतम् आख्यानꣳ वेदार्थैर् उपबृꣳहितम् इत्य् अनेनेत्य् अर्थः । तत्रेति निवृत्ताव् इत्य् अर्थः ॥४८॥
1617,tam etaṁ śrī-veda-vyāsasya samādhi-jātānubhavaṁ śrī-śaunaka-praśnottaratvena viśadayan sarvātmārāmānubhavena sa-hetukaṁ saṁvādayati—“ātmārāmāś ca” [1.7.10] iti | “nirgranthā” vidhi-niṣedhātītā nirgatāhaṅkāra-granthayo vā | “ahaitukīṁ” phalānusandhi-rahitām | atra sarvākṣepa-parihārārtham āha—“itthambhūta” ātmārāmāṇām apy ākarṣaṇa-svabhāvo “guṇo” yasya sa iti | ,तम् एतं श्रीवेदव्यासस्य समाधिजातानुभवं श्रीशौनकप्रश्नोत्तरत्वेन विशदयन् सर्वात्मारामानुभवेन सहेतुकं संवादयति—“आत्मारामाश् च” [१.७.१०] इति । “निर्ग्रन्था” विधिनिषेधातीता निर्गताहङ्कारग्रन्थयो वा । “अहैतुकीं” फलानुसन्धिरहिताम् । अत्र सर्वाक्षेपपरिहारार्थम् आह—“इत्थम्भूत” आत्मारामाणाम् अप्य् आकर्षणस्वभावो “गुणो” यस्य स इति । ,तम् एतꣳ श्रीवेदव्यासस्य समाधिजातानुभवꣳ श्रीशौनकप्रश्नोत्तरत्वेन विशदयन् सर्वात्मारामानुभवेन सहेतुकꣳ सꣳवादयति—“आत्मारामाश् च” [१.७.१०] इति । “निर्ग्रन्था” विधिनिषेधातीता निर्गताहङ्कारग्रन्थयो वा । “अहैतुकीꣳ” फलानुसन्धिरहिताम् । अत्र सर्वाक्षेपपरिहारार्थम् आह—“इत्थम्भूत” आत्मारामाणाम् अप्य् आकर्षणस्वभावो “गुणो” यस्य स इति । 
1619,"tam evārthaṁ śrī-śukasyāpy anubhavena saṁvādayati—“harer guṇa-” [1.7.11] iti | śrī-vyāsadevād yat-kiñcic-chrutena guṇena pūrvam “ākṣiptā matir” yasya saḥ | paścād “adhyagāt”“mahad” vistīrṇam api | tataś ca tat-saṅkathā-sauhārdena “nityaṁ”“viṣṇu-janāḥ priyā” yasya tathā-bhūto vā, teṣāṁ priyo vā svayam abhavad ity arthaḥ |","तम् एवार्थं श्रीशुकस्याप्य् अनुभवेन संवादयति—“हरेर् गुण-” [१.७.११] इति । श्रीव्यासदेवाद् यत्किञ्चिच्छ्रुतेन गुणेन पूर्वम् “आक्षिप्ता मतिर्” यस्य सः । पश्चाद् “अध्यगात्”“महद्” विस्तीर्णम् अपि । ततश् च तत्सङ्कथासौहार्देन “नित्यं”“विष्णुजनाः प्रिया” यस्य तथाभूतो वा, तेषां प्रियो वा स्वयम् अभवद् इत्य् अर्थः ।","तम् एवार्थꣳ श्रीशुकस्याप्य् अनुभवेन सꣳवादयति—“हरेर् गुण-” [१.७.११] इति । श्रीव्यासदेवाद् यत्किञ्चिच्छ्रुतेन गुणेन पूर्वम् “आक्षिप्ता मतिर्” यस्य सः । पश्चाद् “अध्यगात्”“महद्” विस्तीर्णम् अपि । ततश् च तत्सङ्कथासौहार्देन “नित्यꣳ”“विष्णुजनाः प्रिया” यस्य तथाभूतो वा, तेषाꣳ प्रियो वा स्वयम् अभवद् इत्य् अर्थः ।"
1621,"ayaṁ bhāvaḥ—brahma-vaivartānusāreṇa pūrvaṁ tāvad ayaṁ garbham ārabhya śrī-kṛṣṇasya svairitayā māyā-nivārakatvaṁ jñātavān | tatra śrī-veda-vyāsas tu taṁ vaśīkartuṁ tad-ananya-sādhanaṁ śrī-bhāgavatam eva jñātvā, tad-guṇātiśaya-prakāśa-mayāṁs tadīya-padya-viśeṣān kathañcic chrāvayitvā, tenākṣipta-matiṁ kṛtvā, tad eva pūrṇaṁ tam adhyāpayāmāsa iti śrī-bhāgavata-mahimātiśayaḥ proktaḥ | ","अयं भावः—ब्रह्मवैवर्तानुसारेण पूर्वं तावद् अयं गर्भम् आरभ्य श्रीकृष्णस्य स्वैरितया मायानिवारकत्वं ज्ञातवान् । तत्र श्रीवेदव्यासस् तु तं वशीकर्तुं तदनन्यसाधनं श्रीभागवतम् एव ज्ञात्वा, तद्गुणातिशयप्रकाशमयांस् तदीयपद्यविशेषान् कथञ्चिच् छ्रावयित्वा, तेनाक्षिप्तमतिं कृत्वा, तद् एव पूर्णं तम् अध्यापयामास इति श्रीभागवतमहिमातिशयः प्रोक्तः । ","अयꣳ भावः—ब्रह्मवैवर्तानुसारेण पूर्वꣳ तावद् अयꣳ गर्भम् आरभ्य श्रीकृष्णस्य स्वैरितया मायानिवारकत्वꣳ ज्ञातवान् । तत्र श्रीवेदव्यासस् तु तꣳ वशीकर्तुꣳ तदनन्यसाधनꣳ श्रीभागवतम् एव ज्ञात्वा, तद्गुणातिशयप्रकाशमयाꣳस् तदीयपद्यविशेषान् कथञ्चिच् छ्रावयित्वा, तेनाक्षिप्तमतिꣳ कृत्वा, तद् एव पूर्णꣳ तम् अध्यापयामास इति श्रीभागवतमहिमातिशयः प्रोक्तः । "
1623,"tad evaṁ darśitaṁ vaktuḥ śrī-śukasya vedavyāsasya ca samāna-hṛdayam | tasmād vaktur hṛdayānurūpam eva sarvatra tātparyaṁ paryālocanīyaṁ, nānyathā | yad yat tad anyathā paryālocanam, tatra tatra kupatha-gāmitaiveti niṣṭaṅkitam ||2t|| (49)","तद् एवं दर्शितं वक्तुः श्रीशुकस्य वेदव्यासस्य च समानहृदयम् । तस्माद् वक्तुर् हृदयानुरूपम् एव सर्वत्र तात्पर्यं पर्यालोचनीयं, नान्यथा । यद् यत् तद् अन्यथा पर्यालोचनम्, तत्र तत्र कुपथगामितैवेति निष्टङ्कितम् ॥२त्॥ (४९)","तद् एवꣳ दर्शितꣳ वक्तुः श्रीशुकस्य वेदव्यासस्य च समानहृदयम् । तस्माद् वक्तुर् हृदयानुरूपम् एव सर्वत्र तात्पर्यꣳ पर्यालोचनीयꣳ, नान्यथा । यद् यत् तद् अन्यथा पर्यालोचनम्, तत्र तत्र कुपथगामितैवेति निष्टङ्कितम् ॥२त्॥ (४९)"
1627,"baladevaḥ : samādhi-dṛṣṭasyārthasya sarva-tattvajña-sammatatvam āha—tam ity-ādinā | nirgatāhaṅkāreti | mahat-tattvāj jāto’yam ahaṅkāraḥ, na tu svarūpānubandhīti bodhyam, dvitīye sandarbhe evam eva nirṇeṣyamāṇatvāt | tadīya-padya-viśeṣān iti pūtanā-dhātrī-gati-dāna-pāṇḍava-sārathya-pratīhāratvādi-pradarśakān katicic chlokān ity arthaḥ | brahma-vaivarte śuko yoni-jātaḥ, bhārate tv ayoni-jātaḥ kathyate | dāra-grahaṇaṁ kanyā-santatiś ceti | tad etat sarvaṁ kalpa-bhedena saṅgamanīyam ||49||","बलदेवः : समाधिदृष्टस्यार्थस्य सर्वतत्त्वज्ञसम्मतत्वम् आह—तम् इत्यादिना । निर्गताहङ्कारेति । महत्तत्त्वाज् जातोऽयम् अहङ्कारः, न तु स्वरूपानुबन्धीति बोध्यम्, द्वितीये सन्दर्भे एवम् एव निर्णेष्यमाणत्वात् । तदीयपद्यविशेषान् इति पूतनाधात्रीगतिदानपाण्डवसारथ्यप्रतीहारत्वादिप्रदर्शकान् कतिचिच् छ्लोकान् इत्य् अर्थः । ब्रह्मवैवर्ते शुको योनिजातः, भारते त्व् अयोनिजातः कथ्यते । दारग्रहणं कन्यासन्ततिश् चेति । तद् एतत् सर्वं कल्पभेदेन सङ्गमनीयम् ॥४९॥","बलदेवः : समाधिदृष्टस्यार्थस्य सर्वतत्त्वज्ञसम्मतत्वम् आह—तम् इत्यादिना । निर्गताहङ्कारेति । महत्तत्त्वाज् जातोऽयम् अहङ्कारः, न तु स्वरूपानुबन्धीति बोध्यम्, द्वितीये सन्दर्भे एवम् एव निर्णेष्यमाणत्वात् । तदीयपद्यविशेषान् इति पूतनाधात्रीगतिदानपाण्डवसारथ्यप्रतीहारत्वादिप्रदर्शकान् कतिचिच् छ्लोकान् इत्य् अर्थः । ब्रह्मवैवर्ते शुको योनिजातः, भारते त्व् अयोनिजातः कथ्यते । दारग्रहणꣳ कन्यासन्ततिश् चेति । तद् एतत् सर्वꣳ कल्पभेदेन सङ्गमनीयम् ॥४९॥"
1633,"atha krameṇa vistaratas tathaiva tātparyaṁ nirṇetuṁ sambandhābhidheya-prayojaneṣu ṣaḍbhiḥ sandarbhair nirṇeṣyamāṇeṣu prathamaṁ yasya vācya-vācakatā-sambandhīdaṁ śāstraṁ, tad eva dharmaḥ projjhita-kaitavaḥ ity-ādi-padye sāmānyākāratas tāvad āha—","अथ क्रमेण विस्तरतस् तथैव तात्पर्यं निर्णेतुं सम्बन्धाभिधेयप्रयोजनेषु षड्भिः सन्दर्भैर् निर्णेष्यमाणेषु प्रथमं यस्य वाच्यवाचकतासम्बन्धीदं शास्त्रं, तद् एव धर्मः प्रोज्झितकैतवः इत्यादिपद्ये सामान्याकारतस् तावद् आह—","अथ क्रमेण विस्तरतस् तथैव तात्पर्यꣳ निर्णेतुꣳ सम्बन्धाभिधेयप्रयोजनेषु षड्भिः सन्दर्भैर् निर्णेष्यमाणेषु प्रथमꣳ यस्य वाच्यवाचकतासम्बन्धीदꣳ शास्त्रꣳ, तद् एव धर्मः प्रोज्झितकैतवः इत्यादिपद्ये सामान्याकारतस् तावद् आह—"
1635,vedyaṁ vāstavam atra vastu [bhā.pu.1.1.2] iti ||,वेद्यं वास्तवम् अत्र वस्तु [भा.पु.१.१.२] इति ॥,वेद्यꣳ वास्तवम् अत्र वस्तु [भा.पु.१.१.२] इति ॥
1637,"ṭīkā ca—atra śrīmati sundare bhāgavate vāstavaṁ paramārtha-bhūtaṁ vastu vedyam, na tu vaiśeṣikādivad dravya-guṇādi-rūpam ity eṣā ||3|| (50)","टीका च—अत्र श्रीमति सुन्दरे भागवते वास्तवं परमार्थभूतं वस्तु वेद्यम्, न तु वैशेषिकादिवद् द्रव्यगुणादिरूपम् इत्य् एषा ॥३॥ (५०)","टीका च—अत्र श्रीमति सुन्दरे भागवते वास्तवꣳ परमार्थभूतꣳ वस्तु वेद्यम्, न तु वैशेषिकादिवद् द्रव्यगुणादिरूपम् इत्य् एषा ॥३॥ (५०)"
1641,baladevaḥ : saṅkṣepeṇoktaṁ sambandhādikaṁ vistareṇa darśayitum upakramate athetyādi | tathaiveti śrī-śukādi-hṛdayānusāreṇety arthaḥ | sāmānyata iti anirdiṣṭa-svarūpa-guṇa-vibhūti-kathanāyety arthaḥ | vaiśeṣikādivad iti kaṇāda-gautamokta-śāstravad ity arthaḥ ||50||,बलदेवः : सङ्क्षेपेणोक्तं सम्बन्धादिकं विस्तरेण दर्शयितुम् उपक्रमते अथेत्यादि । तथैवेति श्रीशुकादिहृदयानुसारेणेत्य् अर्थः । सामान्यत इति अनिर्दिष्टस्वरूपगुणविभूतिकथनायेत्य् अर्थः । वैशेषिकादिवद् इति कणादगौतमोक्तशास्त्रवद् इत्य् अर्थः ॥५०॥,बलदेवः : सङ्क्षेपेणोक्तꣳ सम्बन्धादिकꣳ विस्तरेण दर्शयितुम् उपक्रमते अथेत्यादि । तथैवेति श्रीशुकादिहृदयानुसारेणेत्य् अर्थः । सामान्यत इति अनिर्दिष्टस्वरूपगुणविभूतिकथनायेत्य् अर्थः । वैशेषिकादिवद् इति कणादगौतमोक्तशास्त्रवद् इत्य् अर्थः ॥५०॥
1645,atha kiṁ-rūpaṁ tadvastu-tattvam ? ity atrāha—,अथ किंरूपं तद्वस्तुतत्त्वम् ? इत्य् अत्राह—,अथ किꣳरूपꣳ तद्वस्तुतत्त्वम् ? इत्य् अत्राह—
1647,vadanti tat tattva-vidas tattvaṁ yaj jñānam advayaṁ [bhā.pu. 1.2.11] iti | ,वदन्ति तत् तत्त्वविदस् तत्त्वं यज् ज्ञानम् अद्वयं [भा.पु. १.२.११] इति । ,वदन्ति तत् तत्त्वविदस् तत्त्वꣳ यज् ज्ञानम् अद्वयꣳ [भा.पु. १.२.११] इति । 
1649,"“jñānaṁ” cid-eka-rūpam | “advayatvaṁ” cāsya svayaṁ-siddha-tādṛśātādṛśa-tattvāntarābhāvāt sva-śakty-eka-sahāyatvāt, paramāśrayaṁ taṁ vinā tāsām asiddhatvāc ca | “tattvam” iti parama-puruṣārthatā-dyotanayā parama-sukha-rūpatvaṁ tasya bodhyate | ata eva tasya nityatvaṁ ca darśitam ||","“ज्ञानं” चिदेकरूपम् । “अद्वयत्वं” चास्य स्वयंसिद्धतादृशातादृशतत्त्वान्तराभावात् स्वशक्त्येकसहायत्वात्, परमाश्रयं तं विना तासाम् असिद्धत्वाच् च । “तत्त्वम्” इति परमपुरुषार्थताद्योतनया परमसुखरूपत्वं तस्य बोध्यते । अत एव तस्य नित्यत्वं च दर्शितम् ॥","“ज्ञानꣳ” चिदेकरूपम् । “अद्वयत्वꣳ” चास्य स्वयꣳसिद्धतादृशातादृशतत्त्वान्तराभावात् स्वशक्त्येकसहायत्वात्, परमाश्रयꣳ तꣳ विना तासाम् असिद्धत्वाच् च । “तत्त्वम्” इति परमपुरुषार्थताद्योतनया परमसुखरूपत्वꣳ तस्य बोध्यते । अत एव तस्य नित्यत्वꣳ च दर्शितम् ॥"
1653,"baladevaḥ : svarūpa-nideśa-pūrvakaṁ tattvaṁ vaktum avatārayati atha kim iti | svayaṁ siddheti ātmanaiva siddhaṁ khalu svayaṁ siddham ucyate | svayaṁ dāsās tapasvinaḥ ity atra tapasv-dāsyam ātmanā tapasvinaiva siddhaṁ pratīyate tadvat | tādṛśaṁ ca pareśa-vastv eva, na tu tādṛśam api jīva-caitanyam, na tv atādṛśaṁ prakṛti-kāla-lakṣaṇaṁ jaḍa-vastu | tad-abhāvād advayatvam | tayoḥ svayaṁsiddhatvābhāvaḥ kutaḥ | ity atrāha paramāśrayaṁ taṁ vineti | sva-śaktyeka-sahāye’py advaya-padaṁ prayujyate dhanur dvitīyaḥ pāṇḍur iti |","बलदेवः : स्वरूपनिदेशपूर्वकं तत्त्वं वक्तुम् अवतारयति अथ किम् इति । स्वयं सिद्धेति आत्मनैव सिद्धं खलु स्वयं सिद्धम् उच्यते । स्वयं दासास् तपस्विनः इत्य् अत्र तपस्व्दास्यम् आत्मना तपस्विनैव सिद्धं प्रतीयते तद्वत् । तादृशं च परेशवस्त्व् एव, न तु तादृशम् अपि जीवचैतन्यम्, न त्व् अतादृशं प्रकृतिकाललक्षणं जडवस्तु । तदभावाद् अद्वयत्वम् । तयोः स्वयंसिद्धत्वाभावः कुतः । इत्य् अत्राह परमाश्रयं तं विनेति । स्वशक्त्येकसहायेऽप्य् अद्वयपदं प्रयुज्यते धनुर् द्वितीयः पाण्डुर् इति ।","बलदेवः : स्वरूपनिदेशपूर्वकꣳ तत्त्वꣳ वक्तुम् अवतारयति अथ किम् इति । स्वयꣳ सिद्धेति आत्मनैव सिद्धꣳ खलु स्वयꣳ सिद्धम् उच्यते । स्वयꣳ दासास् तपस्विनः इत्य् अत्र तपस्व्दास्यम् आत्मना तपस्विनैव सिद्धꣳ प्रतीयते तद्वत् । तादृशꣳ च परेशवस्त्व् एव, न तु तादृशम् अपि जीवचैतन्यम्, न त्व् अतादृशꣳ प्रकृतिकाललक्षणꣳ जडवस्तु । तदभावाद् अद्वयत्वम् । तयोः स्वयꣳसिद्धत्वाभावः कुतः । इत्य् अत्राह परमाश्रयꣳ तꣳ विनेति । स्वशक्त्येकसहायेऽप्य् अद्वयपदꣳ प्रयुज्यते धनुर् द्वितीयः पाण्डुर् इति ।"
1655,"nanu vedānte vjñānam ānandaṁ brahma iti | vijñānānada-svarūpaṁ brahma paṭhyate, iha jñānam iti katham | tatrāha tattvam iti | idam atra tattvam ity ukte sāre vastuni tattva-śabdo nīyate | sāraṁ ca sukham eva sarveṣām upāyānāṁ tad-arthatvāt | tathā ca sukha-rūpatvam api tasyāgatam | nanu jñānaṁ sukhaṁ cānityaṁ dṛṣṭaṁ tatrāha ataeveti | svayaṁsiddhatvena vyākhyānān nityaṁ tad ity arthaḥ | sad-akāraṇaṁ yat tan nityam iti hi tīrthakārāḥ | evaṁ ca tādṛśa-brahma-sambandhīdaṁ śāstram ity uktam ||4|| (51)","ननु वेदान्ते व्ज्ञानम् आनन्दं ब्रह्म इति । विज्ञानानदस्वरूपं ब्रह्म पठ्यते, इह ज्ञानम् इति कथम् । तत्राह तत्त्वम् इति । इदम् अत्र तत्त्वम् इत्य् उक्ते सारे वस्तुनि तत्त्वशब्दो नीयते । सारं च सुखम् एव सर्वेषाम् उपायानां तदर्थत्वात् । तथा च सुखरूपत्वम् अपि तस्यागतम् । ननु ज्ञानं सुखं चानित्यं दृष्टं तत्राह अतएवेति । स्वयंसिद्धत्वेन व्याख्यानान् नित्यं तद् इत्य् अर्थः । सदकारणं यत् तन् नित्यम् इति हि तीर्थकाराः । एवं च तादृशब्रह्मसम्बन्धीदं शास्त्रम् इत्य् उक्तम् ॥४॥ (५१)","ननु वेदान्ते व्ज्ञानम् आनन्दꣳ ब्रह्म इति । विज्ञानानदस्वरूपꣳ ब्रह्म पठ्यते, इह ज्ञानम् इति कथम् । तत्राह तत्त्वम् इति । इदम् अत्र तत्त्वम् इत्य् उक्ते सारे वस्तुनि तत्त्वशब्दो नीयते । सारꣳ च सुखम् एव सर्वेषाम् उपायानाꣳ तदर्थत्वात् । तथा च सुखरूपत्वम् अपि तस्यागतम् । ननु ज्ञानꣳ सुखꣳ चानित्यꣳ दृष्टꣳ तत्राह अतएवेति । स्वयꣳसिद्धत्वेन व्याख्यानान् नित्यꣳ तद् इत्य् अर्थः । सदकारणꣳ यत् तन् नित्यम् इति हि तीर्थकाराः । एवꣳ च तादृशब्रह्मसम्बन्धीदꣳ शास्त्रम् इत्य् उक्तम् ॥४॥ (५१)"
1661,"nanu nīla-pītādy-ākāraṁ kṣaṇikam eva jñānaṁ dṛṣṭam, tat punar advayaṁ nityaṁ jñānaṁ kathaṁ lakṣyate, yan-niṣṭham idaṁ śāstram ? ityatrāha—","ननु नीलपीताद्याकारं क्षणिकम् एव ज्ञानं दृष्टम्, तत् पुनर् अद्वयं नित्यं ज्ञानं कथं लक्ष्यते, यन्निष्ठम् इदं शास्त्रम् ? इत्यत्राह—","ननु नीलपीताद्याकारꣳ क्षणिकम् एव ज्ञानꣳ दृष्टम्, तत् पुनर् अद्वयꣳ नित्यꣳ ज्ञानꣳ कथꣳ लक्ष्यते, यन्निष्ठम् इदꣳ शास्त्रम् ? इत्यत्राह—"
1663,sarva-vedānta-sāraṁ yad brahmātmaikatva-lakṣaṇam | ,सर्ववेदान्तसारं यद् ब्रह्मात्मैकत्वलक्षणम् । ,सर्ववेदान्तसारꣳ यद् ब्रह्मात्मैकत्वलक्षणम् । 
1664,vastv advitīyaṁ tan-niṣṭhaṁ kaivalyaika-prayojanam || [bhā. 12.13.12] iti |,वस्त्व् अद्वितीयं तन्निष्ठं कैवल्यैकप्रयोजनम् ॥ [भा. १२.१३.१२] इति ।,वस्त्व् अद्वितीयꣳ तन्निष्ठꣳ कैवल्यैकप्रयोजनम् ॥ [भा. १२.१३.१२] इति ।
1666,"satyaṁ jñānam anantaṁ brahma [tai.u. 2.1.1] iti yasya svarūpam uktam, yenāśrutaṁ śrutaṁ bhavati [chā.u.6.1.3] iti yad-vijñānena sarva-vijñānaṁ pratijñātam,sad eva saumyedam agra āsīt [chā.u. 6.2.1] ity-ādinā nikhila-jagad-eka-kāraṇatā,tad aikṣata bahu syāṁ [chā.u. 6.2.3] ity anena satya-saṅkalpatā ca yasya pratipāditā, tena brahmaṇā svarūpa-śaktibhyāṁ sarva-bṛhattamena sārdham,anena jīvenātmanā [chā.u. 6.3.2] iti tadīyoktāvidantā-nirdeśena tato bhinnatve’py ātmatā-nirdeśena tad-ātmāṁśa-viśeṣatvena labdhasya bādarāyaṇa-samādhi-dṛṣṭa-yukter atyabhinnatā-rahitasya jīvātmano yad ekatvaṁ tattvam asi [chā.u. 6.8.7] ity ādau jñātā,tad-aṁśa-bhūta-cid-rūpatvena samānākāratā | tad eva lakṣaṇaṁ prathamato jñāne sādhakatamaṁ yasyatathābhūtam, yat sarva-vedānta-sāram advitīyaṁ vastu tan-niṣṭhaṁ tad-eka-viṣayam idaṁ śrī-bhāgavatam iti prāktana-padya-sthenānuṣaṅgaḥ | ","सत्यं ज्ञानम् अनन्तं ब्रह्म [तै.उ. २.१.१] इति यस्य स्वरूपम् उक्तम्, येनाश्रुतं श्रुतं भवति [छा.उ.६.१.३] इति यद्विज्ञानेन सर्वविज्ञानं प्रतिज्ञातम्,सद् एव सौम्येदम् अग्र आसीत् [छा.उ. ६.२.१] इत्यादिना निखिलजगदेककारणता,तद् ऐक्षत बहु स्यां [छा.उ. ६.२.३] इत्य् अनेन सत्यसङ्कल्पता च यस्य प्रतिपादिता, तेन ब्रह्मणा स्वरूपशक्तिभ्यां सर्वबृहत्तमेन सार्धम्,अनेन जीवेनात्मना [छा.उ. ६.३.२] इति तदीयोक्ताविदन्तानिर्देशेन ततो भिन्नत्वेऽप्य् आत्मतानिर्देशेन तदात्मांशविशेषत्वेन लब्धस्य बादरायणसमाधिदृष्टयुक्तेर् अत्यभिन्नतारहितस्य जीवात्मनो यद् एकत्वं तत्त्वम् असि [छा.उ. ६.८.७] इत्य् आदौ ज्ञाता,तदंशभूतचिद्रूपत्वेन समानाकारता । तद् एव लक्षणं प्रथमतो ज्ञाने साधकतमं यस्यतथाभूतम्, यत् सर्ववेदान्तसारम् अद्वितीयं वस्तु तन्निष्ठं तदेकविषयम् इदं श्रीभागवतम् इति प्राक्तनपद्यस्थेनानुषङ्गः । ","सत्यꣳ ज्ञानम् अनन्तꣳ ब्रह्म [तै.उ. २.१.१] इति यस्य स्वरूपम् उक्तम्, येनाश्रुतꣳ श्रुतꣳ भवति [छा.उ.६.१.३] इति यद्विज्ञानेन सर्वविज्ञानꣳ प्रतिज्ञातम्,सद् एव सौम्येदम् अग्र आसीत् [छा.उ. ६.२.१] इत्यादिना निखिलजगदेककारणता,तद् ऐक्षत बहु स्याꣳ [छा.उ. ६.२.३] इत्य् अनेन सत्यसङ्कल्पता च यस्य प्रतिपादिता, तेन ब्रह्मणा स्वरूपशक्तिभ्याꣳ सर्वबृहत्तमेन सार्धम्,अनेन जीवेनात्मना [छा.उ. ६.३.२] इति तदीयोक्ताविदन्तानिर्देशेन ततो भिन्नत्वेऽप्य् आत्मतानिर्देशेन तदात्माꣳशविशेषत्वेन लब्धस्य बादरायणसमाधिदृष्टयुक्तेर् अत्यभिन्नतारहितस्य जीवात्मनो यद् एकत्वꣳ तत्त्वम् असि [छा.उ. ६.८.७] इत्य् आदौ ज्ञाता,तदꣳशभूतचिद्रूपत्वेन समानाकारता । तद् एव लक्षणꣳ प्रथमतो ज्ञाने साधकतमꣳ यस्यतथाभूतम्, यत् सर्ववेदान्तसारम् अद्वितीयꣳ वस्तु तन्निष्ठꣳ तदेकविषयम् इदꣳ श्रीभागवतम् इति प्राक्तनपद्यस्थेनानुषङ्गः । "
1668,"yathā janma-prabhṛti kaścid gṛha-guhāvaruddhaḥ sūryaṁ vividiṣuḥ kathañcid gavākṣa-patitaṁ sūryāṁśu-kaṇaṁ darśayitvā kenacid upadiśyate “eṣa saḥ” iti | “etat tad-aṁśa-jyotiḥ-samānākāratayā tan-mahā-jyotir-maṇḍalam anusandhīyatām” ity arthaḥ | tadvaj jīvasya tathā tad-aṁśatvaṁ ca tac-chakti-viśeṣa-siddhatvenaiva paramātma-sandarbhe[§§19-47]sthāpayiṣyāmaḥ | tad etajjīvādi-lakṣaṇāṁśa-viśiṣṭatayaivopaniṣadas tasya sāṁśatvam api kvacid upadiśanti, niraṁśatvopadeśikā śrutis tu kevala-tan-niṣṭhā | ","यथा जन्मप्रभृति कश्चिद् गृहगुहावरुद्धः सूर्यं विविदिषुः कथञ्चिद् गवाक्षपतितं सूर्यांशुकणं दर्शयित्वा केनचिद् उपदिश्यते “एष सः” इति । “एतत् तदंशज्योतिःसमानाकारतया तन्महाज्योतिर्मण्डलम् अनुसन्धीयताम्” इत्य् अर्थः । तद्वज् जीवस्य तथा तदंशत्वं च तच्छक्तिविशेषसिद्धत्वेनैव परमात्मसन्दर्भे[§§१९-४७]स्थापयिष्यामः । तद् एतज्जीवादिलक्षणांशविशिष्टतयैवोपनिषदस् तस्य सांशत्वम् अपि क्वचिद् उपदिशन्ति, निरंशत्वोपदेशिका श्रुतिस् तु केवलतन्निष्ठा । ","यथा जन्मप्रभृति कश्चिद् गृहगुहावरुद्धः सूर्यꣳ विविदिषुः कथञ्चिद् गवाक्षपतितꣳ सूर्याꣳशुकणꣳ दर्शयित्वा केनचिद् उपदिश्यते “एष सः” इति । “एतत् तदꣳशज्योतिःसमानाकारतया तन्महाज्योतिर्मण्डलम् अनुसन्धीयताम्” इत्य् अर्थः । तद्वज् जीवस्य तथा तदꣳशत्वꣳ च तच्छक्तिविशेषसिद्धत्वेनैव परमात्मसन्दर्भे[§§१९-४७]स्थापयिष्यामः । तद् एतज्जीवादिलक्षणाꣳशविशिष्टतयैवोपनिषदस् तस्य साꣳशत्वम् अपि क्वचिद् उपदिशन्ति, निरꣳशत्वोपदेशिका श्रुतिस् तु केवलतन्निष्ठा । "
1674,"baladevaḥ : ārthikaṁ nityatvaṁ sthiraṁ kurvan, śāstrasya viśiṣṭa-brahma-sambandhitvam āha—nanu nīlety ādinā | anena jīvenety ādi | tadīyoktau paradevatā-vākye | tad-ātmāṁśa-viśeṣatvena tad-vibhinnāṁśatvena, na tu matsyādivatsvāṁśatvenety arthaḥ | jīvātmano yad ekatvam iti jīvasya cid-rūpatvena jātyā yad-brahma-samānākāratvaṁ tad eva tasya brahmaṇā sahaikyam iti vyakti-bhedaḥ prasphuṭaḥ | evam eva yathetyādi-dṛṣṭāntenāpi darśitaḥ | tad etad iti upaniṣadaḥ so’kāmayata bahu syām ity ādyāḥ | niraṁśatvopadeśiketi satyaṁ jñānam anantaṁ [tai.u.2.1], niṣkalaṁ niṣriyaṁ śāntaṁ niravadyaṁ nirañjanaṁ [śve.u. 6.19] ity ādyā śrutis tu kevala-tan-niṣṭhā viśeṣya-mātra-parety arthaḥ | anabhivyakta-saṁsthāna-guṇakaṁ brahma vadatīti yāvat ||52||","बलदेवः : आर्थिकं नित्यत्वं स्थिरं कुर्वन्, शास्त्रस्य विशिष्टब्रह्मसम्बन्धित्वम् आह—ननु नीलेत्य् आदिना । अनेन जीवेनेत्य् आदि । तदीयोक्तौ परदेवतावाक्ये । तदात्मांशविशेषत्वेन तद्विभिन्नांशत्वेन, न तु मत्स्यादिवत्स्वांशत्वेनेत्य् अर्थः । जीवात्मनो यद् एकत्वम् इति जीवस्य चिद्रूपत्वेन जात्या यद्ब्रह्मसमानाकारत्वं तद् एव तस्य ब्रह्मणा सहैक्यम् इति व्यक्तिभेदः प्रस्फुटः । एवम् एव यथेत्यादिदृष्टान्तेनापि दर्शितः । तद् एतद् इति उपनिषदः सोऽकामयत बहु स्याम् इत्य् आद्याः । निरंशत्वोपदेशिकेति सत्यं ज्ञानम् अनन्तं [तै.उ.२.१], निष्कलं निष्रियं शान्तं निरवद्यं निरञ्जनं [श्वे.उ. ६.१९] इत्य् आद्या श्रुतिस् तु केवलतन्निष्ठा विशेष्यमात्रपरेत्य् अर्थः । अनभिव्यक्तसंस्थानगुणकं ब्रह्म वदतीति यावत् ॥५२॥","बलदेवः : आर्थिकꣳ नित्यत्वꣳ स्थिरꣳ कुर्वन्, शास्त्रस्य विशिष्टब्रह्मसम्बन्धित्वम् आह—ननु नीलेत्य् आदिना । अनेन जीवेनेत्य् आदि । तदीयोक्तौ परदेवतावाक्ये । तदात्माꣳशविशेषत्वेन तद्विभिन्नाꣳशत्वेन, न तु मत्स्यादिवत्स्वाꣳशत्वेनेत्य् अर्थः । जीवात्मनो यद् एकत्वम् इति जीवस्य चिद्रूपत्वेन जात्या यद्ब्रह्मसमानाकारत्वꣳ तद् एव तस्य ब्रह्मणा सहैक्यम् इति व्यक्तिभेदः प्रस्फुटः । एवम् एव यथेत्यादिदृष्टान्तेनापि दर्शितः । तद् एतद् इति उपनिषदः सोऽकामयत बहु स्याम् इत्य् आद्याः । निरꣳशत्वोपदेशिकेति सत्यꣳ ज्ञानम् अनन्तꣳ [तै.उ.२.१], निष्कलꣳ निष्रियꣳ शान्तꣳ निरवद्यꣳ निरञ्जनꣳ [श्वे.उ. ६.१९] इत्य् आद्या श्रुतिस् तु केवलतन्निष्ठा विशेष्यमात्रपरेत्य् अर्थः । अनभिव्यक्तसꣳस्थानगुणकꣳ ब्रह्म वदतीति यावत् ॥५२॥"
1680,"tatra yadi tvam-padārthasya jīvātmano jñānatvaṁ nityatvaṁ ca prathamato vicāra-gocaraḥ syāt, tadaiva tat-padārthasya tādṛśatvaṁ subodhaṁ syād iti | tad bodhayitum anyārthaś ca parāmarśaḥ [ve.sū. 1.3.20] iti nyāyena jīvātmanas tad-rūpatvam āha—","तत्र यदि त्वम्पदार्थस्य जीवात्मनो ज्ञानत्वं नित्यत्वं च प्रथमतो विचारगोचरः स्यात्, तदैव तत्पदार्थस्य तादृशत्वं सुबोधं स्याद् इति । तद् बोधयितुम् अन्यार्थश् च परामर्शः [वे.सू. १.३.२०] इति न्यायेन जीवात्मनस् तद्रूपत्वम् आह—","तत्र यदि त्वम्पदार्थस्य जीवात्मनो ज्ञानत्वꣳ नित्यत्वꣳ च प्रथमतो विचारगोचरः स्यात्, तदैव तत्पदार्थस्य तादृशत्वꣳ सुबोधꣳ स्याद् इति । तद् बोधयितुम् अन्यार्थश् च परामर्शः [वे.सू. १.३.२०] इति न्यायेन जीवात्मनस् तद्रूपत्वम् आह—"
1683,na kṣīyate savana-vidvyabhicāriṇāṁ hi |,न क्षीयते सवनविद्व्यभिचारिणां हि ।,न क्षीयते सवनविद्व्यभिचारिणाꣳ हि ।
1684,sarvatra śaśvad anapāyy upalabdhi-mātraṁ,सर्वत्र शश्वद् अनपाय्य् उपलब्धिमात्रं,सर्वत्र शश्वद् अनपाय्य् उपलब्धिमात्रꣳ
1685,prāṇo yathendriya-balena vikalpitaṁ sat || [bhā.pu. 11.3.38],प्राणो यथेन्द्रियबलेन विकल्पितं सत् ॥ [भा.पु. ११.३.३८],प्राणो यथेन्द्रियबलेन विकल्पितꣳ सत् ॥ [भा.पु. ११.३.३८]
1687,"“ātmā” śuddho jīvaḥ | “na jajāna” na jātaḥ, janmābhāvād eva tad-anantarāstitā-lakṣaṇo vikāro’pi nāsti | “naidhate” na vardhate, vṛddhy-abhāvād eva vipariṇāmo’pi nirastaḥ | “hi” yasmāt | “vyabhicāriṇām” āgamāpāyināṁ bāla-yuvādi-dehānāṁ deva-manuṣyādy-ākāra-dehānāṁ vā | “savana-vit” tat-tat-kāla-draṣṭā, nahy avasthāvatāṁ draṣṭā tad-avastho bhavatīty arthaḥ | ","“आत्मा” शुद्धो जीवः । “न जजान” न जातः, जन्माभावाद् एव तदनन्तरास्तितालक्षणो विकारोऽपि नास्ति । “नैधते” न वर्धते, वृद्ध्यभावाद् एव विपरिणामोऽपि निरस्तः । “हि” यस्मात् । “व्यभिचारिणाम्” आगमापायिनां बालयुवादिदेहानां देवमनुष्याद्याकारदेहानां वा । “सवनवित्” तत्तत्कालद्रष्टा, नह्य् अवस्थावतां द्रष्टा तदवस्थो भवतीत्य् अर्थः । ","“आत्मा” शुद्धो जीवः । “न जजान” न जातः, जन्माभावाद् एव तदनन्तरास्तितालक्षणो विकारोऽपि नास्ति । “नैधते” न वर्धते, वृद्ध्यभावाद् एव विपरिणामोऽपि निरस्तः । “हि” यस्मात् । “व्यभिचारिणाम्” आगमापायिनाꣳ बालयुवादिदेहानाꣳ देवमनुष्याद्याकारदेहानाꣳ वा । “सवनवित्” तत्तत्कालद्रष्टा, नह्य् अवस्थावताꣳ द्रष्टा तदवस्थो भवतीत्य् अर्थः । "
1689,"niravasthaḥ ko’sāv ātmā ? ata āha—“upalabdhi-mātraṁ” jñānaika-rūpam | katham-bhūtam ?“sarvatra” dehe, “śaśvat” sarvadā anuvartamānam iti | ","निरवस्थः कोऽसाव् आत्मा ? अत आह—“उपलब्धिमात्रं” ज्ञानैकरूपम् । कथम्भूतम् ?“सर्वत्र” देहे, “शश्वत्” सर्वदा अनुवर्तमानम् इति । ","निरवस्थः कोऽसाव् आत्मा ? अत आह—“उपलब्धिमात्रꣳ” ज्ञानैकरूपम् । कथम्भूतम् ?“सर्वत्र” देहे, “शश्वत्” सर्वदा अनुवर्तमानम् इति । "
1691,"nanu, nīla-jñānaṁ naṣṭaṁ pīta-jñānaṁ jātam iti pratīter na jñānasyānapāyitvam ? tatrāha—“indriya-balena” iti | sad eva jñānam ekam indriya-balena vividhaṁ kalpitam | nīlādy-ākārā vṛttaya eva jāyante naśyanti ca, na jñānam iti bhāvaḥ | ayam āgamāpāyitad-avadhi-bhedena prathamas tarkaḥ | draṣṭṛ-dṛśya-bhedena dvitīyo’pi tarko jñeyaḥ | vyabhicāriṣv avasthā-vyabhicāre dṛṣṭāntaḥ—“prāṇo yathā” iti ||6|| (54)","ननु, नीलज्ञानं नष्टं पीतज्ञानं जातम् इति प्रतीतेर् न ज्ञानस्यानपायित्वम् ? तत्राह—“इन्द्रियबलेन” इति । सद् एव ज्ञानम् एकम् इन्द्रियबलेन विविधं कल्पितम् । नीलाद्याकारा वृत्तय एव जायन्ते नश्यन्ति च, न ज्ञानम् इति भावः । अयम् आगमापायितदवधिभेदेन प्रथमस् तर्कः । द्रष्टृदृश्यभेदेन द्वितीयोऽपि तर्को ज्ञेयः । व्यभिचारिष्व् अवस्थाव्यभिचारे दृष्टान्तः—“प्राणो यथा” इति ॥६॥ (५४)","ननु, नीलज्ञानꣳ नष्टꣳ पीतज्ञानꣳ जातम् इति प्रतीतेर् न ज्ञानस्यानपायित्वम् ? तत्राह—“इन्द्रियबलेन” इति । सद् एव ज्ञानम् एकम् इन्द्रियबलेन विविधꣳ कल्पितम् । नीलाद्याकारा वृत्तय एव जायन्ते नश्यन्ति च, न ज्ञानम् इति भावः । अयम् आगमापायितदवधिभेदेन प्रथमस् तर्कः । द्रष्टृदृश्यभेदेन द्वितीयोऽपि तर्को ज्ञेयः । व्यभिचारिष्व् अवस्थाव्यभिचारे दृष्टान्तः—“प्राणो यथा” इति ॥६॥ (५४)"
1693,"baladevaḥ : jīvātmani jñāte paramātmā sujñātaḥ syād ity uktam | tad arthaṁ jīvātmānaṁ nirūpayiṣyann avatārayati tatra yadīty ādinā | anyārthaś ceti brahma-sūtram | dahara-vidyā chāndogye paṭhyate yad idam asmin brahma-pure daharaṁ puṇḍarīkaṁ veśma daharo’sminn antar-ākāśas tasmin yad-antas tad anveṣṭavyaṁ[chā.u. 8.1.1] iti | atropāsakasya śarīraṁ brahma-puram, tatra hṛt-puṇḍarīka-stho daharaḥ paramātmā dhyeyaḥ kathyate | tatrāpahata-pāpmatvādi-guṇāṣṭakam [chā.u. 8.7.1]anveṣṭavyam upadiśyata iti siddhāntitam | tad-vākya-madhye,sa eṣa samprasādo’smāc charīrāt samutthāya paraṁ jyotir upasampadya svena rūpeṇābhiniṣpadyate, sa uttamaḥ puruṣaḥ [chā.u.8.12.3] iti vākyaṁ paṭhitam | atra samprasādo labdha-vijñāno jīvas tena yat paraṁ jyotir upapannaṁ sa eva puruṣottama ity arthaḥ | dahara-vākyāntarāle jīva-parāmarśaḥ kim artham iti cet tatrāha anyārtha iti | tatra jīva-parāmarśo’nyārthaḥ | yaṁ prāpya jīvaḥ sva-svarūpeṇābhiniṣpadyate sa paramātmeti paramātma-jñānārtha ity arthaḥ | na jajāneti jāyate’sti vardhate vipariṇamate’pakṣīyate naśyati ca iti bhāva-vikārāḥ ṣaṭ paṭhitāḥ | te jīvasya na santi iti samudāyārthaḥ | nanu nīla-jñānam ity-ādi jñāna-rūpam ātmavastu jñātṛ bhavati | prakāśa-vastu sūryaḥ prakāśayitā yathā | tataś ca svarūpānubandhitvāj jñānaṁ tasya nityam, tasyendriya-praṇālyā nīlādi-niṣṭhā yā viṣayatā vṛtti-pada-vācyā saiva nīlādyapagame naśyatīti ||53||","बलदेवः : जीवात्मनि ज्ञाते परमात्मा सुज्ञातः स्याद् इत्य् उक्तम् । तद् अर्थं जीवात्मानं निरूपयिष्यन्न् अवतारयति तत्र यदीत्य् आदिना । अन्यार्थश् चेति ब्रह्मसूत्रम् । दहरविद्या छान्दोग्ये पठ्यते यद् इदम् अस्मिन् ब्रह्मपुरे दहरं पुण्डरीकं वेश्म दहरोऽस्मिन्न् अन्तराकाशस् तस्मिन् यदन्तस् तद् अन्वेष्टव्यं[छा.उ. ८.१.१] इति । अत्रोपासकस्य शरीरं ब्रह्मपुरम्, तत्र हृत्पुण्डरीकस्थो दहरः परमात्मा ध्येयः कथ्यते । तत्रापहतपाप्मत्वादिगुणाष्टकम् [छा.उ. ८.७.१]अन्वेष्टव्यम् उपदिश्यत इति सिद्धान्तितम् । तद्वाक्यमध्ये,स एष सम्प्रसादोऽस्माच् छरीरात् समुत्थाय परं ज्योतिर् उपसम्पद्य स्वेन रूपेणाभिनिष्पद्यते, स उत्तमः पुरुषः [छा.उ.८.१२.३] इति वाक्यं पठितम् । अत्र सम्प्रसादो लब्धविज्ञानो जीवस् तेन यत् परं ज्योतिर् उपपन्नं स एव पुरुषोत्तम इत्य् अर्थः । दहरवाक्यान्तराले जीवपरामर्शः किम् अर्थम् इति चेत् तत्राह अन्यार्थ इति । तत्र जीवपरामर्शोऽन्यार्थः । यं प्राप्य जीवः स्वस्वरूपेणाभिनिष्पद्यते स परमात्मेति परमात्मज्ञानार्थ इत्य् अर्थः । न जजानेति जायतेऽस्ति वर्धते विपरिणमतेऽपक्षीयते नश्यति च इति भावविकाराः षट् पठिताः । ते जीवस्य न सन्ति इति समुदायार्थः । ननु नीलज्ञानम् इत्यादि ज्ञानरूपम् आत्मवस्तु ज्ञातृ भवति । प्रकाशवस्तु सूर्यः प्रकाशयिता यथा । ततश् च स्वरूपानुबन्धित्वाज् ज्ञानं तस्य नित्यम्, तस्येन्द्रियप्रणाल्या नीलादिनिष्ठा या विषयता वृत्तिपदवाच्या सैव नीलाद्यपगमे नश्यतीति ॥५३॥","बलदेवः : जीवात्मनि ज्ञाते परमात्मा सुज्ञातः स्याद् इत्य् उक्तम् । तद् अर्थꣳ जीवात्मानꣳ निरूपयिष्यन्न् अवतारयति तत्र यदीत्य् आदिना । अन्यार्थश् चेति ब्रह्मसूत्रम् । दहरविद्या छान्दोग्ये पठ्यते यद् इदम् अस्मिन् ब्रह्मपुरे दहरꣳ पुण्डरीकꣳ वेश्म दहरोऽस्मिन्न् अन्तराकाशस् तस्मिन् यदन्तस् तद् अन्वेष्टव्यꣳ[छा.उ. ८.१.१] इति । अत्रोपासकस्य शरीरꣳ ब्रह्मपुरम्, तत्र हृत्पुण्डरीकस्थो दहरः परमात्मा ध्येयः कथ्यते । तत्रापहतपाप्मत्वादिगुणाष्टकम् [छा.उ. ८.७.१]अन्वेष्टव्यम् उपदिश्यत इति सिद्धान्तितम् । तद्वाक्यमध्ये,स एष सम्प्रसादोऽस्माच् छरीरात् समुत्थाय परꣳ ज्योतिर् उपसम्पद्य स्वेन रूपेणाभिनिष्पद्यते, स उत्तमः पुरुषः [छा.उ.८.१२.३] इति वाक्यꣳ पठितम् । अत्र सम्प्रसादो लब्धविज्ञानो जीवस् तेन यत् परꣳ ज्योतिर् उपपन्नꣳ स एव पुरुषोत्तम इत्य् अर्थः । दहरवाक्यान्तराले जीवपरामर्शः किम् अर्थम् इति चेत् तत्राह अन्यार्थ इति । तत्र जीवपरामर्शोऽन्यार्थः । यꣳ प्राप्य जीवः स्वस्वरूपेणाभिनिष्पद्यते स परमात्मेति परमात्मज्ञानार्थ इत्य् अर्थः । न जजानेति जायतेऽस्ति वर्धते विपरिणमतेऽपक्षीयते नश्यति च इति भावविकाराः षट् पठिताः । ते जीवस्य न सन्ति इति समुदायार्थः । ननु नीलज्ञानम् इत्यादि ज्ञानरूपम् आत्मवस्तु ज्ञातृ भवति । प्रकाशवस्तु सूर्यः प्रकाशयिता यथा । ततश् च स्वरूपानुबन्धित्वाज् ज्ञानꣳ तस्य नित्यम्, तस्येन्द्रियप्रणाल्या नीलादिनिष्ठा या विषयता वृत्तिपदवाच्या सैव नीलाद्यपगमे नश्यतीति ॥५३॥"
1697,dṛṣṭāntaṁ vivṛṇvann indriyādi-layena nirvikārātmopalabdhiṁ darśayati—,दृष्टान्तं विवृण्वन्न् इन्द्रियादिलयेन निर्विकारात्मोपलब्धिं दर्शयति—,दृष्टान्तꣳ विवृण्वन्न् इन्द्रियादिलयेन निर्विकारात्मोपलब्धिꣳ दर्शयति—
1704,"aṇḍeṣu aṇḍajeṣu | peśiṣujarāyujeṣu | taruṣuudbhijjeṣu | aviniściteṣusvedajeṣu | upadhāvati anuvartate | evaṁ dṛṣṭānte nirvikāratvaṁ pradarśya, dārṣṭāntike’pi darśayati | katham ? tadaivātmā sa-vikāra iva pratīyate yadā jāgare indriya-gaṇaḥ, yadā ca svapne tat-saṁskāravān ahaṅkāraḥ, yadā tu prasuptaṁ, tadā tasmin prasuptaindriya-gaṇe sanne līne,ahami ahaṅkāre ca sanne līne| kūṭastho nirvikāra evātmā | kutaḥ ? āśayam ṛte liṅga-śarīram upādhiṁ vinā, vikāra-hetor upādher abhāvāt ity arthaḥ | ","अण्डेषु अण्डजेषु । पेशिषुजरायुजेषु । तरुषुउद्भिज्जेषु । अविनिश्चितेषुस्वेदजेषु । उपधावति अनुवर्तते । एवं दृष्टान्ते निर्विकारत्वं प्रदर्श्य, दार्ष्टान्तिकेऽपि दर्शयति । कथम् ? तदैवात्मा सविकार इव प्रतीयते यदा जागरे इन्द्रियगणः, यदा च स्वप्ने तत्संस्कारवान् अहङ्कारः, यदा तु प्रसुप्तं, तदा तस्मिन् प्रसुप्तैन्द्रियगणे सन्ने लीने,अहमि अहङ्कारे च सन्ने लीने। कूटस्थो निर्विकार एवात्मा । कुतः ? आशयम् ऋते लिङ्गशरीरम् उपाधिं विना, विकारहेतोर् उपाधेर् अभावात् इत्य् अर्थः । ","अण्डेषु अण्डजेषु । पेशिषुजरायुजेषु । तरुषुउद्भिज्जेषु । अविनिश्चितेषुस्वेदजेषु । उपधावति अनुवर्तते । एवꣳ दृष्टान्ते निर्विकारत्वꣳ प्रदर्श्य, दार्ष्टान्तिकेऽपि दर्शयति । कथम् ? तदैवात्मा सविकार इव प्रतीयते यदा जागरे इन्द्रियगणः, यदा च स्वप्ने तत्सꣳस्कारवान् अहङ्कारः, यदा तु प्रसुप्तꣳ, तदा तस्मिन् प्रसुप्तैन्द्रियगणे सन्ने लीने,अहमि अहङ्कारे च सन्ने लीने। कूटस्थो निर्विकार एवात्मा । कुतः ? आशयम् ऋते लिङ्गशरीरम् उपाधिꣳ विना, विकारहेतोर् उपाधेर् अभावात् इत्य् अर्थः । "
1706,"nanv ahaṅkāra-paryantasya sarvasya laye śūnyam evāvaśiṣyate | kva tadā kūṭastha ātmā ? ata āha—tad-anusmṛtir naḥ | tasyākhaṇḍātmanaḥ suṣpti-sākṣiṇaḥ smṛtiḥ naḥ asmākaṁ jāgrad-draṣṭṝṇāṁ jāyate,“etāvantaṁ kālaṁ sukham aham asvāpsaṁ na kiñcid avediṣam” iti | ato’nanubhūtasya tasyāsmaraṇād asty eva suṣptau tādrg-ātmānubhavaḥ | viṣaya-sambandhābhāvāc ca na spaṣṭa iti bhāvaḥ | ataḥ sva-prakāśa-mātra-vastunaḥ sūryādeḥ prakāśavad upalabdhi-mātrasyāpy ātmana upalabdhiḥ svāśraye’sty evety āyātam |  ","नन्व् अहङ्कारपर्यन्तस्य सर्वस्य लये शून्यम् एवावशिष्यते । क्व तदा कूटस्थ आत्मा ? अत आह—तदनुस्मृतिर् नः । तस्याखण्डात्मनः सुष्प्तिसाक्षिणः स्मृतिः नः अस्माकं जाग्रद्द्रष्टॄणां जायते,“एतावन्तं कालं सुखम् अहम् अस्वाप्सं न किञ्चिद् अवेदिषम्” इति । अतोऽननुभूतस्य तस्यास्मरणाद् अस्त्य् एव सुष्प्तौ ताद्र्गात्मानुभवः । विषयसम्बन्धाभावाच् च न स्पष्ट इति भावः । अतः स्वप्रकाशमात्रवस्तुनः सूर्यादेः प्रकाशवद् उपलब्धिमात्रस्याप्य् आत्मन उपलब्धिः स्वाश्रयेऽस्त्य् एवेत्य् आयातम् ।  ","नन्व् अहङ्कारपर्यन्तस्य सर्वस्य लये शून्यम् एवावशिष्यते । क्व तदा कूटस्थ आत्मा ? अत आह—तदनुस्मृतिर् नः । तस्याखण्डात्मनः सुष्प्तिसाक्षिणः स्मृतिः नः अस्माकꣳ जाग्रद्द्रष्टॄणाꣳ जायते,“एतावन्तꣳ कालꣳ सुखम् अहम् अस्वाप्सꣳ न किञ्चिद् अवेदिषम्” इति । अतोऽननुभूतस्य तस्यास्मरणाद् अस्त्य् एव सुष्प्तौ ताद्र्गात्मानुभवः । विषयसम्बन्धाभावाच् च न स्पष्ट इति भावः । अतः स्वप्रकाशमात्रवस्तुनः सूर्यादेः प्रकाशवद् उपलब्धिमात्रस्याप्य् आत्मन उपलब्धिः स्वाश्रयेऽस्त्य् एवेत्य् आयातम् ।  "
1710,ayaṁ sākṣi-sākṣya-vibhāgena tṛtīyas tarkaḥ | duḥkhi-premāspadatva-vibhāgena caturtho’pi tarko’vagantavyaḥ ||7|| (54),अयं साक्षिसाक्ष्यविभागेन तृतीयस् तर्कः । दुःखिप्रेमास्पदत्वविभागेन चतुर्थोऽपि तर्कोऽवगन्तव्यः ॥७॥ (५४),अयꣳ साक्षिसाक्ष्यविभागेन तृतीयस् तर्कः । दुःखिप्रेमास्पदत्वविभागेन चतुर्थोऽपि तर्कोऽवगन्तव्यः ॥७॥ (५४)
1712,baladevaḥ : dṛṣṭāntam iti prāṇasya nānā-deheṣv aikarūpyān nirvikāratvam ity arthaḥ | tasminn ātmani | upādher liṅga-śarīrasya | abhāvād viśleṣād ity arthaḥ | tadāpy atisūkṣmāyā vāsanāyāḥ sattvān mukter abhāva iti jñeyam | prākṛtāhaṅkāre līne’pi svarūpānubandhino’ham arthasya sattvāt tena sukham aham asvāpsam iti vimarśo bhavatīti pratipādayitum āha nanv ity-ādi | śūnyam eveti ahaṁ-pratyayṁ vinātmano’pratīter iti bhāvaḥ | akhaṇḍātmana iti | aṇu-rūpatvād vibhāgānarhasyety arthaḥ | ,बलदेवः : दृष्टान्तम् इति प्राणस्य नानादेहेष्व् ऐकरूप्यान् निर्विकारत्वम् इत्य् अर्थः । तस्मिन्न् आत्मनि । उपाधेर् लिङ्गशरीरस्य । अभावाद् विश्लेषाद् इत्य् अर्थः । तदाप्य् अतिसूक्ष्माया वासनायाः सत्त्वान् मुक्तेर् अभाव इति ज्ञेयम् । प्राकृताहङ्कारे लीनेऽपि स्वरूपानुबन्धिनोऽहम् अर्थस्य सत्त्वात् तेन सुखम् अहम् अस्वाप्सम् इति विमर्शो भवतीति प्रतिपादयितुम् आह नन्व् इत्यादि । शून्यम् एवेति अहंप्रत्यय्ं विनात्मनोऽप्रतीतेर् इति भावः । अखण्डात्मन इति । अणुरूपत्वाद् विभागानर्हस्येत्य् अर्थः । ,बलदेवः : दृष्टान्तम् इति प्राणस्य नानादेहेष्व् ऐकरूप्यान् निर्विकारत्वम् इत्य् अर्थः । तस्मिन्न् आत्मनि । उपाधेर् लिङ्गशरीरस्य । अभावाद् विश्लेषाद् इत्य् अर्थः । तदाप्य् अतिसूक्ष्माया वासनायाः सत्त्वान् मुक्तेर् अभाव इति ज्ञेयम् । प्राकृताहङ्कारे लीनेऽपि स्वरूपानुबन्धिनोऽहम् अर्थस्य सत्त्वात् तेन सुखम् अहम् अस्वाप्सम् इति विमर्शो भवतीति प्रतिपादयितुम् आह नन्व् इत्यादि । शून्यम् एवेति अहꣳप्रत्यय्ꣳ विनात्मनोऽप्रतीतेर् इति भावः । अखण्डात्मन इति । अणुरूपत्वाद् विभागानर्हस्येत्य् अर्थः । 
1714,"nanu svāpād utthitasyātmano,haṅkāreṇa yogāt sukham aham asvāpsam iti vimarśo jāgare sidhyati | suṣuptau tu cin-mātraḥ sa iti cet tatrāha ato’nanubhūtasyeti| anubhava-smaraṇayoḥ sāmānādhikaraṇyād ity arthaḥ | tasmāt tasyām apy anubhavitaivātmeti siddham | nanūpalabdhi-mātram ity uktam | tasyopalabdhṛtvaṁ katham | tatrāha ata ity-ādi | yad vai iti | tad-ātma-caitanyaṁ kartṛ | suṣuptau na paśyatīti yad ucyate tat khalu draṣṭavya-viṣayābhāvād eva, na tu draṣṭṛtvābhāvād ity arthaḥ | sphuṭam anyat ||54||","ननु स्वापाद् उत्थितस्यात्मनो,हङ्कारेण योगात् सुखम् अहम् अस्वाप्सम् इति विमर्शो जागरे सिध्यति । सुषुप्तौ तु चिन्मात्रः स इति चेत् तत्राह अतोऽननुभूतस्येति। अनुभवस्मरणयोः सामानाधिकरण्याद् इत्य् अर्थः । तस्मात् तस्याम् अप्य् अनुभवितैवात्मेति सिद्धम् । ननूपलब्धिमात्रम् इत्य् उक्तम् । तस्योपलब्धृत्वं कथम् । तत्राह अत इत्यादि । यद् वै इति । तदात्मचैतन्यं कर्तृ । सुषुप्तौ न पश्यतीति यद् उच्यते तत् खलु द्रष्टव्यविषयाभावाद् एव, न तु द्रष्टृत्वाभावाद् इत्य् अर्थः । स्फुटम् अन्यत् ॥५४॥","ननु स्वापाद् उत्थितस्यात्मनो,हङ्कारेण योगात् सुखम् अहम् अस्वाप्सम् इति विमर्शो जागरे सिध्यति । सुषुप्तौ तु चिन्मात्रः स इति चेत् तत्राह अतोऽननुभूतस्येति। अनुभवस्मरणयोः सामानाधिकरण्याद् इत्य् अर्थः । तस्मात् तस्याम् अप्य् अनुभवितैवात्मेति सिद्धम् । ननूपलब्धिमात्रम् इत्य् उक्तम् । तस्योपलब्धृत्वꣳ कथम् । तत्राह अत इत्यादि । यद् वै इति । तदात्मचैतन्यꣳ कर्तृ । सुषुप्तौ न पश्यतीति यद् उच्यते तत् खलु द्रष्टव्यविषयाभावाद् एव, न तु द्रष्टृत्वाभावाद् इत्य् अर्थः । स्फुटम् अन्यत् ॥५४॥"
1720,tad uktaṁ—,तद् उक्तं—,तद् उक्तꣳ—
1730,"baladevaḥ : padyayor vyākhyāne catvāras tarkā yojitās tān abhiyuktoktābhyāṁ sārdhakārikābhyāṁ nirdiśati anvayeti | tarka-śabdena tarkāṅgakam anumānaṁ bodhyam | āgamāpāyino dṛśyāt sākṣyād duḥkhāspadāc ca dehāder ātmā bhidyate | tad-avadhitvāt, tad-draṣṭṛtvāt, tat-sākṣitvāt, premāspadatvāc ceti krameṇa hetavo neyāḥ | vyatirekaś cohyaḥ||55||","बलदेवः : पद्ययोर् व्याख्याने चत्वारस् तर्का योजितास् तान् अभियुक्तोक्ताभ्यां सार्धकारिकाभ्यां निर्दिशति अन्वयेति । तर्कशब्देन तर्काङ्गकम् अनुमानं बोध्यम् । आगमापायिनो दृश्यात् साक्ष्याद् दुःखास्पदाच् च देहादेर् आत्मा भिद्यते । तदवधित्वात्, तद्द्रष्टृत्वात्, तत्साक्षित्वात्, प्रेमास्पदत्वाच् चेति क्रमेण हेतवो नेयाः । व्यतिरेकश् चोह्यः॥५५॥","बलदेवः : पद्ययोर् व्याख्याने चत्वारस् तर्का योजितास् तान् अभियुक्तोक्ताभ्याꣳ सार्धकारिकाभ्याꣳ निर्दिशति अन्वयेति । तर्कशब्देन तर्काङ्गकम् अनुमानꣳ बोध्यम् । आगमापायिनो दृश्यात् साक्ष्याद् दुःखास्पदाच् च देहादेर् आत्मा भिद्यते । तदवधित्वात्, तद्द्रष्टृत्वात्, तत्साक्षित्वात्, प्रेमास्पदत्वाच् चेति क्रमेण हेतवो नेयाः । व्यतिरेकश् चोह्यः॥५५॥"
1736,"evam-bhūtānāṁ jīvānāṁ cin-mātraṁ yat svarūpaṁ, tayaivākṛtyā tad-aṁśitvena ca tad-abhinnaṁ yat tattvaṁ tad atra vācyam iti vyaṣṭi-nirdeśa-dvārā proktam | tad eva hy āśraya-saṁjñakaṁ mahāpurāṇa-lakṣaṇa-rūpaiḥ sargādibhir arthaiḥ samaṣṭi-nirdeśa-dvārāpi lakṣyata ity atrāha dvābhyām—","एवम्भूतानां जीवानां चिन्मात्रं यत् स्वरूपं, तयैवाकृत्या तदंशित्वेन च तदभिन्नं यत् तत्त्वं तद् अत्र वाच्यम् इति व्यष्टिनिर्देशद्वारा प्रोक्तम् । तद् एव ह्य् आश्रयसंज्ञकं महापुराणलक्षणरूपैः सर्गादिभिर् अर्थैः समष्टिनिर्देशद्वारापि लक्ष्यत इत्य् अत्राह द्वाभ्याम्—","एवम्भूतानाꣳ जीवानाꣳ चिन्मात्रꣳ यत् स्वरूपꣳ, तयैवाकृत्या तदꣳशित्वेन च तदभिन्नꣳ यत् तत्त्वꣳ तद् अत्र वाच्यम् इति व्यष्टिनिर्देशद्वारा प्रोक्तम् । तद् एव ह्य् आश्रयसꣳज्ञकꣳ महापुराणलक्षणरूपैः सर्गादिभिर् अर्थैः समष्टिनिर्देशद्वारापि लक्ष्यत इत्य् अत्राह द्वाभ्याम्—"
1738,atra sargo visargaś ca sthānaṁ poṣaṇam ūtayaḥ |,अत्र सर्गो विसर्गश् च स्थानं पोषणम् ऊतयः ।,अत्र सर्गो विसर्गश् च स्थानꣳ पोषणम् ऊतयः ।
1740,daśamasya viśuddhy-arthaṁ navānām iha lakṣaṇam |,दशमस्य विशुद्ध्यर्थं नवानाम् इह लक्षणम् ।,दशमस्य विशुद्ध्यर्थꣳ नवानाम् इह लक्षणम् ।
1743,"manvantarāṇi ceśānukathāś ca manvantareśānukathāḥ | atra sargādayo daśārthā lakṣyanta ity arthaḥ | tatra ca daśamasya viśuddhy-arthaṁ tattva-jñānārthaṁ navānāṁ lakṣaṇaṁ svarūpaṁ varṇayanti | nanv atra naivaṁ pratīyate ? ata āha śrutena śrutyā kaṇṭhoktyaiva stuty-ādi-sthāneṣu, añjasā sākṣād varṇayanti | arthena tātparya-vṛttyā ca tat-tad-ākhyāneṣu ||8||","मन्वन्तराणि चेशानुकथाश् च मन्वन्तरेशानुकथाः । अत्र सर्गादयो दशार्था लक्ष्यन्त इत्य् अर्थः । तत्र च दशमस्य विशुद्ध्यर्थं तत्त्वज्ञानार्थं नवानां लक्षणं स्वरूपं वर्णयन्ति । नन्व् अत्र नैवं प्रतीयते ? अत आह श्रुतेन श्रुत्या कण्ठोक्त्यैव स्तुत्यादिस्थानेषु, अञ्जसा साक्षाद् वर्णयन्ति । अर्थेन तात्पर्यवृत्त्या च तत्तदाख्यानेषु ॥८॥","मन्वन्तराणि चेशानुकथाश् च मन्वन्तरेशानुकथाः । अत्र सर्गादयो दशार्था लक्ष्यन्त इत्य् अर्थः । तत्र च दशमस्य विशुद्ध्यर्थꣳ तत्त्वज्ञानार्थꣳ नवानाꣳ लक्षणꣳ स्वरूपꣳ वर्णयन्ति । नन्व् अत्र नैवꣳ प्रतीयते ? अत आह श्रुतेन श्रुत्या कण्ठोक्त्यैव स्तुत्यादिस्थानेषु, अञ्जसा साक्षाद् वर्णयन्ति । अर्थेन तात्पर्यवृत्त्या च तत्तदाख्यानेषु ॥८॥"
1745,baladevaḥ : īśvara-jñānārthaṁ jīva-svarūpa-jñānaṁ nirṇītam | atha tat-sādṛśyeneśvara-svarūpaṁ nirṇetuṁ pūrvoktaṁ yojayati evambhūtānām ity-ādinā | cin-mātraṁ yat svarūpam iti cetayitṛ ceti bodhyaṁ pūrva-nirūpaṇāt | tatahivākṛtyeti cinmātratve sati cetayitṛtvaṁ yākṛtir jātis tayety arthaḥ | ākṛtis tu striyāṁ rūpe sāmānya-vapuṣor api iti medinī | tad-aṁśitvena jīvāṁśitvena cety arthaḥ | tad-abhinnaṁ jīvābhinnaṁ yad brahma-tattvam | aṁśaḥ khalv aṁśino na bhidyate vyaṣṭir ity arthaḥ | jīvādi-śaktimad brahma samaṣṭiḥ | jīvas tu vyaṣṭiḥ | tādṛśa-samaṣṭi-brahma-nirūpaṇena tasya tathātvaṁ vaktavyam ity arthaḥ | daśamasya ceśvarasya | avaśiṣṭaḥ sphuṭārthaḥ ||56||,बलदेवः : ईश्वरज्ञानार्थं जीवस्वरूपज्ञानं निर्णीतम् । अथ तत्सादृश्येनेश्वरस्वरूपं निर्णेतुं पूर्वोक्तं योजयति एवम्भूतानाम् इत्यादिना । चिन्मात्रं यत् स्वरूपम् इति चेतयितृ चेति बोध्यं पूर्वनिरूपणात् । ततहिवाकृत्येति चिन्मात्रत्वे सति चेतयितृत्वं याकृतिर् जातिस् तयेत्य् अर्थः । आकृतिस् तु स्त्रियां रूपे सामान्यवपुषोर् अपि इति मेदिनी । तदंशित्वेन जीवांशित्वेन चेत्य् अर्थः । तदभिन्नं जीवाभिन्नं यद् ब्रह्मतत्त्वम् । अंशः खल्व् अंशिनो न भिद्यते व्यष्टिर् इत्य् अर्थः । जीवादिशक्तिमद् ब्रह्म समष्टिः । जीवस् तु व्यष्टिः । तादृशसमष्टिब्रह्मनिरूपणेन तस्य तथात्वं वक्तव्यम् इत्य् अर्थः । दशमस्य चेश्वरस्य । अवशिष्टः स्फुटार्थः ॥५६॥,बलदेवः : ईश्वरज्ञानार्थꣳ जीवस्वरूपज्ञानꣳ निर्णीतम् । अथ तत्सादृश्येनेश्वरस्वरूपꣳ निर्णेतुꣳ पूर्वोक्तꣳ योजयति एवम्भूतानाम् इत्यादिना । चिन्मात्रꣳ यत् स्वरूपम् इति चेतयितृ चेति बोध्यꣳ पूर्वनिरूपणात् । ततहिवाकृत्येति चिन्मात्रत्वे सति चेतयितृत्वꣳ याकृतिर् जातिस् तयेत्य् अर्थः । आकृतिस् तु स्त्रियाꣳ रूपे सामान्यवपुषोर् अपि इति मेदिनी । तदꣳशित्वेन जीवाꣳशित्वेन चेत्य् अर्थः । तदभिन्नꣳ जीवाभिन्नꣳ यद् ब्रह्मतत्त्वम् । अꣳशः खल्व् अꣳशिनो न भिद्यते व्यष्टिर् इत्य् अर्थः । जीवादिशक्तिमद् ब्रह्म समष्टिः । जीवस् तु व्यष्टिः । तादृशसमष्टिब्रह्मनिरूपणेन तस्य तथात्वꣳ वक्तव्यम् इत्य् अर्थः । दशमस्य चेश्वरस्य । अवशिष्टः स्फुटार्थः ॥५६॥
1751,tam eva daśamaṁ vispaṣṭayituṁ teṣāṁ daśānāṁ vyutpādikāṁ sapta-ślokīm āha—-,तम् एव दशमं विस्पष्टयितुं तेषां दशानां व्युत्पादिकां सप्तश्लोकीम् आह—-,तम् एव दशमꣳ विस्पष्टयितुꣳ तेषाꣳ दशानाꣳ व्युत्पादिकाꣳ सप्तश्लोकीम् आह—-
1753,bhūta-mātrendriya-dhiyāṁ janma sarga udāhṛtaḥ,भूतमात्रेन्द्रियधियां जन्म सर्ग उदाहृतः,भूतमात्रेन्द्रियधियाꣳ जन्म सर्ग उदाहृतः
1756,"bhūtāni khādīni | mātrāṇi ca śabdādīni indriyāṇi ca | dhī-śabdena mahad-ahaṅkārau | guṇānāṁ vaiṣamyāt pariṇāmāt | brahmaṇaḥ parameśvarāt kartṛ-bhūtādīnāṁ janma sargaḥ | puruṣo vairājo brahmā, tat-kṛtaḥ pauruṣaś carācara-sargo visarga ity arthaḥ |","भूतानि खादीनि । मात्राणि च शब्दादीनि इन्द्रियाणि च । धीशब्देन महदहङ्कारौ । गुणानां वैषम्यात् परिणामात् । ब्रह्मणः परमेश्वरात् कर्तृभूतादीनां जन्म सर्गः । पुरुषो वैराजो ब्रह्मा, तत्कृतः पौरुषश् चराचरसर्गो विसर्ग इत्य् अर्थः ।","भूतानि खादीनि । मात्राणि च शब्दादीनि इन्द्रियाणि च । धीशब्देन महदहङ्कारौ । गुणानाꣳ वैषम्यात् परिणामात् । ब्रह्मणः परमेश्वरात् कर्तृभूतादीनाꣳ जन्म सर्गः । पुरुषो वैराजो ब्रह्मा, तत्कृतः पौरुषश् चराचरसर्गो विसर्ग इत्य् अर्थः ।"
1758,sthitir vaikuṇṭha-vijayaḥ poṣaṇaṁ tad-anugrahaḥ,स्थितिर् वैकुण्ठविजयः पोषणं तदनुग्रहः,स्थितिर् वैकुण्ठविजयः पोषणꣳ तदनुग्रहः
1760,avatārānucaritaṁ hareś cāsyānuvartinām,अवतारानुचरितं हरेश् चास्यानुवर्तिनाम्,अवतारानुचरितꣳ हरेश् चास्यानुवर्तिनाम्
1761,puṁsām īśa-kathāḥ proktā nānākhyānopabṛṁhitāḥ || [bhā.pu. 2.10.4-5],पुंसाम् ईशकथाः प्रोक्ता नानाख्यानोपबृंहिताः ॥ [भा.पु. २.१०.४-५],पुꣳसाम् ईशकथाः प्रोक्ता नानाख्यानोपबृꣳहिताः ॥ [भा.पु. २.१०.४-५]
1763,"vaikuṇṭhasya bhagavato vijayaḥ sṛṣṭānāṁ tat-tan-maryādā-pālanenotkarṣaḥ | sthitiḥ sthānam | tataḥ sthiteṣu svabhakteṣu tasyānugrahaḥ poṣaṇam | manvantarāṇi tat-tan-manvantara-sthitānāṁ manvādīnāṁ tad-anugṛhītānāṁ satāṁ caritāni, tāny eva dharmas tad-upāsanākhyaḥ sad-dharmaḥ | tatraiva sthitau nānā-karma-vāsanā ūtayaḥ | sthitāv eva harer avatārānucaritam asyānuvartināṁ ca kathā īśānukathāḥ proktā ity arthaḥ |","वैकुण्ठस्य भगवतो विजयः सृष्टानां तत्तन्मर्यादापालनेनोत्कर्षः । स्थितिः स्थानम् । ततः स्थितेषु स्वभक्तेषु तस्यानुग्रहः पोषणम् । मन्वन्तराणि तत्तन्मन्वन्तरस्थितानां मन्वादीनां तदनुगृहीतानां सतां चरितानि, तान्य् एव धर्मस् तदुपासनाख्यः सद्धर्मः । तत्रैव स्थितौ नानाकर्मवासना ऊतयः । स्थिताव् एव हरेर् अवतारानुचरितम् अस्यानुवर्तिनां च कथा ईशानुकथाः प्रोक्ता इत्य् अर्थः ।","वैकुण्ठस्य भगवतो विजयः सृष्टानाꣳ तत्तन्मर्यादापालनेनोत्कर्षः । स्थितिः स्थानम् । ततः स्थितेषु स्वभक्तेषु तस्यानुग्रहः पोषणम् । मन्वन्तराणि तत्तन्मन्वन्तरस्थितानाꣳ मन्वादीनाꣳ तदनुगृहीतानाꣳ सताꣳ चरितानि, तान्य् एव धर्मस् तदुपासनाख्यः सद्धर्मः । तत्रैव स्थितौ नानाकर्मवासना ऊतयः । स्थिताव् एव हरेर् अवतारानुचरितम् अस्यानुवर्तिनाꣳ च कथा ईशानुकथाः प्रोक्ता इत्य् अर्थः ।"
1766,muktir hitvānyathā rūpaṁ sva-rūpeṇa vyavasthitiḥ ||[bhā.pu. 2.10.6],मुक्तिर् हित्वान्यथा रूपं स्वरूपेण व्यवस्थितिः ॥[भा.पु. २.१०.६],मुक्तिर् हित्वान्यथा रूपꣳ स्वरूपेण व्यवस्थितिः ॥[भा.पु. २.१०.६]
1768,"sthity-anantaraṁ cātmano jīvasya śaktibhiḥ svopādhibhiḥ sahāsya harer anuśayanam, hari-śayanānugatatvena śayanaṁ nirodha ity arthaḥ | tatra hareḥ śayanaṁ prapañcaṁ prati dṛṣṭi-nimīlanam | jīvānāṁ śayanaṁ tatra laya iti jñeyam | tatraiva nirodhe’nyathārūpam avidyādhyastam ajñatvādikaṁ hitvā svarūpeṇa vyavasthitir muktiḥ ||9-11|| (57)","स्थित्यनन्तरं चात्मनो जीवस्य शक्तिभिः स्वोपाधिभिः सहास्य हरेर् अनुशयनम्, हरिशयनानुगतत्वेन शयनं निरोध इत्य् अर्थः । तत्र हरेः शयनं प्रपञ्चं प्रति दृष्टिनिमीलनम् । जीवानां शयनं तत्र लय इति ज्ञेयम् । तत्रैव निरोधेऽन्यथारूपम् अविद्याध्यस्तम् अज्ञत्वादिकं हित्वा स्वरूपेण व्यवस्थितिर् मुक्तिः ॥९-११॥ (५७)","स्थित्यनन्तरꣳ चात्मनो जीवस्य शक्तिभिः स्वोपाधिभिः सहास्य हरेर् अनुशयनम्, हरिशयनानुगतत्वेन शयनꣳ निरोध इत्य् अर्थः । तत्र हरेः शयनꣳ प्रपञ्चꣳ प्रति दृष्टिनिमीलनम् । जीवानाꣳ शयनꣳ तत्र लय इति ज्ञेयम् । तत्रैव निरोधेऽन्यथारूपम् अविद्याध्यस्तम् अज्ञत्वादिकꣳ हित्वा स्वरूपेण व्यवस्थितिर् मुक्तिः ॥९-११॥ (५७)"
1770,"baladevaḥ : sargādīn daśa vyutpādayati tad evam ity-ādinā | brahmaṇaḥ parameśvarād iti | kāraṇa-sṛṣṭiḥ pārameśvarī | kārya-sṛṣṭis tu vairiñcīty arthaḥ | muktir iti bhagavad-vaimukhyānugatayā’vidyayā racitam anyathā-rūpaṁ devam ānavādibhāvaṁ hitvā tat-sāmmukhyānupravṛttayā tad-bhaktyā vināśya, svarūpeṇāpahata-pāpmatvādi-guṇāṣṭaka-viśiṣṭena jīva-svarūpeṇa jīvasya vyavasthitir viśiṣṭā punar āvṛtti-śūnyā punar āvṛtti-śūnyā bhagavat-sannidhau sthitir muktir ity arthaḥ ||57||","बलदेवः : सर्गादीन् दश व्युत्पादयति तद् एवम् इत्यादिना । ब्रह्मणः परमेश्वराद् इति । कारणसृष्टिः पारमेश्वरी । कार्यसृष्टिस् तु वैरिञ्चीत्य् अर्थः । मुक्तिर् इति भगवद्वैमुख्यानुगतयाऽविद्यया रचितम् अन्यथारूपं देवम् आनवादिभावं हित्वा तत्साम्मुख्यानुप्रवृत्तया तद्भक्त्या विनाश्य, स्वरूपेणापहतपाप्मत्वादिगुणाष्टकविशिष्टेन जीवस्वरूपेण जीवस्य व्यवस्थितिर् विशिष्टा पुनर् आवृत्तिशून्या पुनर् आवृत्तिशून्या भगवत्सन्निधौ स्थितिर् मुक्तिर् इत्य् अर्थः ॥५७॥","बलदेवः : सर्गादीन् दश व्युत्पादयति तद् एवम् इत्यादिना । ब्रह्मणः परमेश्वराद् इति । कारणसृष्टिः पारमेश्वरी । कार्यसृष्टिस् तु वैरिञ्चीत्य् अर्थः । मुक्तिर् इति भगवद्वैमुख्यानुगतयाऽविद्यया रचितम् अन्यथारूपꣳ देवम् आनवादिभावꣳ हित्वा तत्साम्मुख्यानुप्रवृत्तया तद्भक्त्या विनाश्य, स्वरूपेणापहतपाप्मत्वादिगुणाष्टकविशिष्टेन जीवस्वरूपेण जीवस्य व्यवस्थितिर् विशिष्टा पुनर् आवृत्तिशून्या पुनर् आवृत्तिशून्या भगवत्सन्निधौ स्थितिर् मुक्तिर् इत्य् अर्थः ॥५७॥"
1777,sa āśrayaḥ paraṁ brahma paramātmeti śabdyate ||[bhā.pu. 2.10.7],स आश्रयः परं ब्रह्म परमात्मेति शब्द्यते ॥[भा.पु. २.१०.७],स आश्रयः परꣳ ब्रह्म परमात्मेति शब्द्यते ॥[भा.पु. २.१०.७]
1779,ābhāsaḥ sṛṣṭiḥ | nirodho layaś ca yato bhavati | adhyavasīyata upalabhyate jīvānāṁ jñānendriyeṣu prakāśate ca | sa brahmeti paramātmeti prasiddha āśrayaḥ kathyate | iti-śabdaḥ prakārārthaḥ | tena bhagavān iti ca | asya vivṛtir agre vidheyā ||12|| (58),आभासः सृष्टिः । निरोधो लयश् च यतो भवति । अध्यवसीयत उपलभ्यते जीवानां ज्ञानेन्द्रियेषु प्रकाशते च । स ब्रह्मेति परमात्मेति प्रसिद्ध आश्रयः कथ्यते । इतिशब्दः प्रकारार्थः । तेन भगवान् इति च । अस्य विवृतिर् अग्रे विधेया ॥१२॥ (५८),आभासः सृष्टिः । निरोधो लयश् च यतो भवति । अध्यवसीयत उपलभ्यते जीवानाꣳ ज्ञानेन्द्रियेषु प्रकाशते च । स ब्रह्मेति परमात्मेति प्रसिद्ध आश्रयः कथ्यते । इतिशब्दः प्रकारार्थः । तेन भगवान् इति च । अस्य विवृतिर् अग्रे विधेया ॥१२॥ (५८)
1787,sthitau ca tatrāśraya-svarūpam aparokṣānubhavena vyaṣṭi-dvārāpi spaṣṭaṁ darśayitum adhyātmādi-vibhāgam āha—,स्थितौ च तत्राश्रयस्वरूपम् अपरोक्षानुभवेन व्यष्टिद्वारापि स्पष्टं दर्शयितुम् अध्यात्मादिविभागम् आह—,स्थितौ च तत्राश्रयस्वरूपम् अपरोक्षानुभवेन व्यष्टिद्वारापि स्पष्टꣳ दर्शयितुम् अध्यात्मादिविभागम् आह—
1789,yo’dhyātmiko’yaṁ puruṣaḥ so’sāv evādhidaivikaḥ |,योऽध्यात्मिकोऽयं पुरुषः सोऽसाव् एवाधिदैविकः ।,योऽध्यात्मिकोऽयꣳ पुरुषः सोऽसाव् एवाधिदैविकः ।
1792,tritayaṁ tatra yo veda sa ātmā svāśrayāśrayaḥ || [bhā.pu. 2.10.8-9],त्रितयं तत्र यो वेद स आत्मा स्वाश्रयाश्रयः ॥ [भा.पु. २.१०.८-९],त्रितयꣳ तत्र यो वेद स आत्मा स्वाश्रयाश्रयः ॥ [भा.पु. २.१०.८-९]
1794,yo’yam ādhyātmikaḥ puruṣaś cakṣur-ādi-karaṇābhimānī draṣṭā jīvaḥ | sa evādhidaivikaś cakṣur-ādy-adhiṣṭhātā sūryādiḥ | deha-sṛṣṭeḥ pūrvaṁ karaṇānām adhiṣṭhānābhāvenākṣamatayā karaṇa-prakāśa-kartṛtvābhimāni-tat-sahāyayor ubhayor api tayor vṛtti-bhedānudayena jīvatva-mātrāviśeṣāt | tataś cobhayaḥ karaṇābhimāni-tad-adhiṣṭhātṛ-devatā-rūpo dvirūpo vicchedo yasmāt | sa ādhibhautikaś cakṣur-golakādy-upalakṣito dṛśyo dehaḥ puruṣa iti puruṣasya jīvasyopādhiḥ | sa vā eṣa puruṣo’nna-rasa-mayaḥ [tai.u.2.1] ity-ādi śruteḥ ||13|| (59),योऽयम् आध्यात्मिकः पुरुषश् चक्षुरादिकरणाभिमानी द्रष्टा जीवः । स एवाधिदैविकश् चक्षुराद्यधिष्ठाता सूर्यादिः । देहसृष्टेः पूर्वं करणानाम् अधिष्ठानाभावेनाक्षमतया करणप्रकाशकर्तृत्वाभिमानितत्सहाययोर् उभयोर् अपि तयोर् वृत्तिभेदानुदयेन जीवत्वमात्राविशेषात् । ततश् चोभयः करणाभिमानितदधिष्ठातृदेवतारूपो द्विरूपो विच्छेदो यस्मात् । स आधिभौतिकश् चक्षुर्गोलकाद्युपलक्षितो दृश्यो देहः पुरुष इति पुरुषस्य जीवस्योपाधिः । स वा एष पुरुषोऽन्नरसमयः [तै.उ.२.१] इत्यादि श्रुतेः ॥१३॥ (५९),योऽयम् आध्यात्मिकः पुरुषश् चक्षुरादिकरणाभिमानी द्रष्टा जीवः । स एवाधिदैविकश् चक्षुराद्यधिष्ठाता सूर्यादिः । देहसृष्टेः पूर्वꣳ करणानाम् अधिष्ठानाभावेनाक्षमतया करणप्रकाशकर्तृत्वाभिमानितत्सहाययोर् उभयोर् अपि तयोर् वृत्तिभेदानुदयेन जीवत्वमात्राविशेषात् । ततश् चोभयः करणाभिमानितदधिष्ठातृदेवतारूपो द्विरूपो विच्छेदो यस्मात् । स आधिभौतिकश् चक्षुर्गोलकाद्युपलक्षितो दृश्यो देहः पुरुष इति पुरुषस्य जीवस्योपाधिः । स वा एष पुरुषोऽन्नरसमयः [तै.उ.२.१] इत्यादि श्रुतेः ॥१३॥ (५९)
1796,baladevaḥ : nanu karaṇābhimānino jīvasya karaṇa-pravartaka-sūryāditvam atra katham | tatrāha deha-sṛṣṭeḥ pūrvam iti karaṇānām iti | adhiṣṭhānābhāvena cakṣur-golakādy-abhāvenety arthaḥ | ubhayor api tayor vṛtti-bhedānudayeneti karaṇānāṁ viṣaya-grahaṇaṁ vṛttiḥ | devatānāṁ tu tatra pravartakatvaṁ vṛttiḥ | ayam atra niṣkarṣaḥ dehotpatteḥ pūrvam api jīvena sārdham indriyāṇi tad-devatāś ca santy eva | tadā teṣāṁ vṛtty-abhāvāj jīve’ntarbhāvo vivakṣitaḥ | utpanne tu dehe tayor vibhāgo yad-bhavatīty āha tataś cobhaya iti ||59||,बलदेवः : ननु करणाभिमानिनो जीवस्य करणप्रवर्तकसूर्यादित्वम् अत्र कथम् । तत्राह देहसृष्टेः पूर्वम् इति करणानाम् इति । अधिष्ठानाभावेन चक्षुर्गोलकाद्यभावेनेत्य् अर्थः । उभयोर् अपि तयोर् वृत्तिभेदानुदयेनेति करणानां विषयग्रहणं वृत्तिः । देवतानां तु तत्र प्रवर्तकत्वं वृत्तिः । अयम् अत्र निष्कर्षः देहोत्पत्तेः पूर्वम् अपि जीवेन सार्धम् इन्द्रियाणि तद्देवताश् च सन्त्य् एव । तदा तेषां वृत्त्यभावाज् जीवेऽन्तर्भावो विवक्षितः । उत्पन्ने तु देहे तयोर् विभागो यद्भवतीत्य् आह ततश् चोभय इति ॥५९॥,बलदेवः : ननु करणाभिमानिनो जीवस्य करणप्रवर्तकसूर्यादित्वम् अत्र कथम् । तत्राह देहसृष्टेः पूर्वम् इति करणानाम् इति । अधिष्ठानाभावेन चक्षुर्गोलकाद्यभावेनेत्य् अर्थः । उभयोर् अपि तयोर् वृत्तिभेदानुदयेनेति करणानाꣳ विषयग्रहणꣳ वृत्तिः । देवतानाꣳ तु तत्र प्रवर्तकत्वꣳ वृत्तिः । अयम् अत्र निष्कर्षः देहोत्पत्तेः पूर्वम् अपि जीवेन सार्धम् इन्द्रियाणि तद्देवताश् च सन्त्य् एव । तदा तेषाꣳ वृत्त्यभावाज् जीवेऽन्तर्भावो विवक्षितः । उत्पन्ने तु देहे तयोर् विभागो यद्भवतीत्य् आह ततश् चोभय इति ॥५९॥
1802,ekam ekatarābhāva ity eṣām anyonya-sāpekṣa-siddhatve nānāśrayatvaṁ darśayati | tathā hi dṛśyaṁ vinā tat-pratīty-anumeyaṁ karaṇaṁ na sidhyati | nāpi draṣṭā na ca tad vinā karaṇa-pravṛtty-anumeyas tad-adhiṣṭhātā sūryādiḥ | na ca taṁ vinā karaṇaṁ pravartate | na ca tad vinā dṛśyam ity ekatarasyābhāva ekaṁ nopalabhāmahe | tatra tadā tat-tritayam ālocanātmakena pratyayena | yo veda sākṣitayā paśyati sa paramātmā āśrayaḥ | teṣām api parasparam āśrayatvam astīti tad-vyavacchedārthaṁ viśeṣaṇaṁ svāśrayo’nanyāśrayaḥ | sa cāsāv anyeṣām āśrayaś ceti | tatrāṁśāṁśinoḥ śuddha-jīva-paramātmanor abhedāṁśa-svīkāreṇaivāśraya uktaḥ | ataḥ paro’pi manute’narthaṁ [bhā.pu. 1.7.5] iti | ,एकम् एकतराभाव इत्य् एषाम् अन्योन्यसापेक्षसिद्धत्वे नानाश्रयत्वं दर्शयति । तथा हि दृश्यं विना तत्प्रतीत्यनुमेयं करणं न सिध्यति । नापि द्रष्टा न च तद् विना करणप्रवृत्त्यनुमेयस् तदधिष्ठाता सूर्यादिः । न च तं विना करणं प्रवर्तते । न च तद् विना दृश्यम् इत्य् एकतरस्याभाव एकं नोपलभामहे । तत्र तदा तत्त्रितयम् आलोचनात्मकेन प्रत्ययेन । यो वेद साक्षितया पश्यति स परमात्मा आश्रयः । तेषाम् अपि परस्परम् आश्रयत्वम् अस्तीति तद्व्यवच्छेदार्थं विशेषणं स्वाश्रयोऽनन्याश्रयः । स चासाव् अन्येषाम् आश्रयश् चेति । तत्रांशांशिनोः शुद्धजीवपरमात्मनोर् अभेदांशस्वीकारेणैवाश्रय उक्तः । अतः परोऽपि मनुतेऽनर्थं [भा.पु. १.७.५] इति । ,एकम् एकतराभाव इत्य् एषाम् अन्योन्यसापेक्षसिद्धत्वे नानाश्रयत्वꣳ दर्शयति । तथा हि दृश्यꣳ विना तत्प्रतीत्यनुमेयꣳ करणꣳ न सिध्यति । नापि द्रष्टा न च तद् विना करणप्रवृत्त्यनुमेयस् तदधिष्ठाता सूर्यादिः । न च तꣳ विना करणꣳ प्रवर्तते । न च तद् विना दृश्यम् इत्य् एकतरस्याभाव एकꣳ नोपलभामहे । तत्र तदा तत्त्रितयम् आलोचनात्मकेन प्रत्ययेन । यो वेद साक्षितया पश्यति स परमात्मा आश्रयः । तेषाम् अपि परस्परम् आश्रयत्वम् अस्तीति तद्व्यवच्छेदार्थꣳ विशेषणꣳ स्वाश्रयोऽनन्याश्रयः । स चासाव् अन्येषाम् आश्रयश् चेति । तत्राꣳशाꣳशिनोः शुद्धजीवपरमात्मनोर् अभेदाꣳशस्वीकारेणैवाश्रय उक्तः । अतः परोऽपि मनुतेऽनर्थꣳ [भा.पु. १.७.५] इति । 
1804,jāgrat-svapna-suṣuptaṁ ca guṇato buddhi-vṛttayaḥ |,जाग्रत्स्वप्नसुषुप्तं च गुणतो बुद्धिवृत्तयः ।,जाग्रत्स्वप्नसुषुप्तꣳ च गुणतो बुद्धिवृत्तयः ।
1805,tāsāṁ vilakṣaṇo jīvaḥ sākṣitvena vivakṣitaḥ || [bhā.pu. 11.13.27] iti |,तासां विलक्षणो जीवः साक्षित्वेन विवक्षितः ॥ [भा.पु. ११.१३.२७] इति ।,तासाꣳ विलक्षणो जीवः साक्षित्वेन विवक्षितः ॥ [भा.पु. ११.१३.२७] इति ।
1807,śuddho vicaṣṭe hy aviśuddha-kartuḥ [bhā.pu. 5.11.12] ity ādy uktasya sākṣi-saṁjñinaḥ śuddha-jīvasyāśrayatvaṁ na śaṅkanīyam | athavā nanv ādhyātmikādīnām apy āśrayatvam asty eva | satyam | tathāpi parasparāśrayatvān na tatrāśrayatākaivalyam iti te tv āśraya-śabdena mukhyatayā nocyanta ity āha ekam iti | tarhi sākṣiṇa evāstām āśrayatvam | tatrāha tritayam iti | sa ātmā sākṣī jīvas tu yaḥ svāśrayo’nanyāśrayaḥ paramātmā sa evāśrayo yasya tathābhūta iti | vakṣyate ca haṁsa-guhya-stave sarvaṁ pumān veda guṇāṁś ca taj-jño na veda sarvajñam anantam īḍe [bhā.pu. 6.4.25] iti | tasmāt ābhāsaś ca [bhā.pu. 2.10.7] ity-ādinoktaḥ paramātmaivāśraya iti ||13b|| (60),शुद्धो विचष्टे ह्य् अविशुद्धकर्तुः [भा.पु. ५.११.१२] इत्य् आद्य् उक्तस्य साक्षिसंज्ञिनः शुद्धजीवस्याश्रयत्वं न शङ्कनीयम् । अथवा नन्व् आध्यात्मिकादीनाम् अप्य् आश्रयत्वम् अस्त्य् एव । सत्यम् । तथापि परस्पराश्रयत्वान् न तत्राश्रयताकैवल्यम् इति ते त्व् आश्रयशब्देन मुख्यतया नोच्यन्त इत्य् आह एकम् इति । तर्हि साक्षिण एवास्ताम् आश्रयत्वम् । तत्राह त्रितयम् इति । स आत्मा साक्षी जीवस् तु यः स्वाश्रयोऽनन्याश्रयः परमात्मा स एवाश्रयो यस्य तथाभूत इति । वक्ष्यते च हंसगुह्यस्तवे सर्वं पुमान् वेद गुणांश् च तज्ज्ञो न वेद सर्वज्ञम् अनन्तम् ईडे [भा.पु. ६.४.२५] इति । तस्मात् आभासश् च [भा.पु. २.१०.७] इत्यादिनोक्तः परमात्मैवाश्रय इति ॥१३ब्॥ (६०),शुद्धो विचष्टे ह्य् अविशुद्धकर्तुः [भा.पु. ५.११.१२] इत्य् आद्य् उक्तस्य साक्षिसꣳज्ञिनः शुद्धजीवस्याश्रयत्वꣳ न शङ्कनीयम् । अथवा नन्व् आध्यात्मिकादीनाम् अप्य् आश्रयत्वम् अस्त्य् एव । सत्यम् । तथापि परस्पराश्रयत्वान् न तत्राश्रयताकैवल्यम् इति ते त्व् आश्रयशब्देन मुख्यतया नोच्यन्त इत्य् आह एकम् इति । तर्हि साक्षिण एवास्ताम् आश्रयत्वम् । तत्राह त्रितयम् इति । स आत्मा साक्षी जीवस् तु यः स्वाश्रयोऽनन्याश्रयः परमात्मा स एवाश्रयो यस्य तथाभूत इति । वक्ष्यते च हꣳसगुह्यस्तवे सर्वꣳ पुमान् वेद गुणाꣳश् च तज्ज्ञो न वेद सर्वज्ञम् अनन्तम् ईडे [भा.पु. ६.४.२५] इति । तस्मात् आभासश् च [भा.पु. २.१०.७] इत्यादिनोक्तः परमात्मैवाश्रय इति ॥१३ब्॥ (६०)
1811,baladevaḥ : ādhyātmikādīnāṁ trayāṇāṁ mithaḥ sāpekṣatvena siddhes teṣām āśrayatvaṁ nāstīti vyācaṣṭe ekam ekatarety ādinā | tritayam ādhyātmikādi-tritayam | nanu śuddhasya jīvasya dehendriyādi-sākṣitvābhidhānenānyān apekṣatva-siddhes tasyāśrayatvaṁ kuto na brūsa tatrāha atrāṁśāṁśinor iti | aṁśināṁśo’pīha gṛhīta ity arthaḥ | asantoṣād vyākhyāntaram athaveti | tarhīti sākṣiṇaḥ śuddha-jīvasya | sarvam iti pumān jīvaḥ ||60||,बलदेवः : आध्यात्मिकादीनां त्रयाणां मिथः सापेक्षत्वेन सिद्धेस् तेषाम् आश्रयत्वं नास्तीति व्याचष्टे एकम् एकतरेत्य् आदिना । त्रितयम् आध्यात्मिकादित्रितयम् । ननु शुद्धस्य जीवस्य देहेन्द्रियादिसाक्षित्वाभिधानेनान्यान् अपेक्षत्वसिद्धेस् तस्याश्रयत्वं कुतो न ब्रूस तत्राह अत्रांशांशिनोर् इति । अंशिनांशोऽपीह गृहीत इत्य् अर्थः । असन्तोषाद् व्याख्यान्तरम् अथवेति । तर्हीति साक्षिणः शुद्धजीवस्य । सर्वम् इति पुमान् जीवः ॥६०॥,बलदेवः : आध्यात्मिकादीनाꣳ त्रयाणाꣳ मिथः सापेक्षत्वेन सिद्धेस् तेषाम् आश्रयत्वꣳ नास्तीति व्याचष्टे एकम् एकतरेत्य् आदिना । त्रितयम् आध्यात्मिकादित्रितयम् । ननु शुद्धस्य जीवस्य देहेन्द्रियादिसाक्षित्वाभिधानेनान्यान् अपेक्षत्वसिद्धेस् तस्याश्रयत्वꣳ कुतो न ब्रूस तत्राह अत्राꣳशाꣳशिनोर् इति । अꣳशिनाꣳशोऽपीह गृहीत इत्य् अर्थः । असन्तोषाद् व्याख्यान्तरम् अथवेति । तर्हीति साक्षिणः शुद्धजीवस्य । सर्वम् इति पुमान् जीवः ॥६०॥
1817,asya śrī-bhāgavatasya mahā-purāṇatva-vyañjaka-lakṣaṇaṁ prakārāntareṇa ca vadann api tasyaivāśrayatvam āha dvayena—,अस्य श्रीभागवतस्य महापुराणत्वव्यञ्जकलक्षणं प्रकारान्तरेण च वदन्न् अपि तस्यैवाश्रयत्वम् आह द्वयेन—,अस्य श्रीभागवतस्य महापुराणत्वव्यञ्जकलक्षणꣳ प्रकारान्तरेण च वदन्न् अपि तस्यैवाश्रयत्वम् आह द्वयेन—
1820,vaṁśo vaṁśānucaritaṁ saṁsthā hetur apāśrayaḥ ||,वंशो वंशानुचरितं संस्था हेतुर् अपाश्रयः ॥,वꣳशो वꣳशानुचरितꣳ सꣳस्था हेतुर् अपाश्रयः ॥
1821,daśabhir lakṣaṇair yuktaṁ purāṇaṁ tad-vido viduḥ |,दशभिर् लक्षणैर् युक्तं पुराणं तद्विदो विदुः ।,दशभिर् लक्षणैर् युक्तꣳ पुराणꣳ तद्विदो विदुः ।
1822,kecit pañca-vidhaṁ brahman mahad-alpa-vyavasthayā ||[bhā.pu. 12.7.9-10],केचित् पञ्चविधं ब्रह्मन् महदल्पव्यवस्थया ॥[भा.पु. १२.७.९-१०],केचित् पञ्चविधꣳ ब्रह्मन् महदल्पव्यवस्थया ॥[भा.पु. १२.७.९-१०]
1826,sargaś ca pratisargaś ca vaṁśo manvantarāṇi ca |,सर्गश् च प्रतिसर्गश् च वंशो मन्वन्तराणि च ।,सर्गश् च प्रतिसर्गश् च वꣳशो मन्वन्तराणि च ।
1827,vaṁśānucaritaṁ ceti purāṇaṁ pañca-lakṣaṇam || iti kecid vadanti |,वंशानुचरितं चेति पुराणं पञ्चलक्षणम् ॥ इति केचिद् वदन्ति ।,वꣳशानुचरितꣳ चेति पुराणꣳ पञ्चलक्षणम् ॥ इति केचिद् वदन्ति ।
1829,sargo’syety ādikaṁ dvitīya-skandha [bhā.pu. 2.10.1-7] eva vyākhyātam | asya śrī-bhāgavatasya mahā-purāṇatva-vyañjaka-lakṣaṇaṁ prakārāntareṇa ca vadann api tasyaivāśrayatvam āha dvayena—sarga iti | antarāṇi manvantarāṇi | pañca-vidham—,सर्गोऽस्येत्य् आदिकं द्वितीयस्कन्ध [भा.पु. २.१०.१-७] एव व्याख्यातम् । अस्य श्रीभागवतस्य महापुराणत्वव्यञ्जकलक्षणं प्रकारान्तरेण च वदन्न् अपि तस्यैवाश्रयत्वम् आह द्वयेन—सर्ग इति । अन्तराणि मन्वन्तराणि । पञ्चविधम्—,सर्गोऽस्येत्य् आदिकꣳ द्वितीयस्कन्ध [भा.पु. २.१०.१-७] एव व्याख्यातम् । अस्य श्रीभागवतस्य महापुराणत्वव्यञ्जकलक्षणꣳ प्रकारान्तरेण च वदन्न् अपि तस्यैवाश्रयत्वम् आह द्वयेन—सर्ग इति । अन्तराणि मन्वन्तराणि । पञ्चविधम्—
1831,sargaś ca pratisargaś ca vaṁśo manvantarāṇi ca |,सर्गश् च प्रतिसर्गश् च वंशो मन्वन्तराणि च ।,सर्गश् च प्रतिसर्गश् च वꣳशो मन्वन्तराणि च ।
1832,vaṁśānucaritaṁ ceti purāṇaṁ pañca-lakṣaṇam || iti kecid vadanti ||,वंशानुचरितं चेति पुराणं पञ्चलक्षणम् ॥ इति केचिद् वदन्ति ॥,वꣳशानुचरितꣳ चेति पुराणꣳ पञ्चलक्षणम् ॥ इति केचिद् वदन्ति ॥
1834,"sa ca mata-bhedo mahad-alpa-vyavasthayā mahā-purāṇam alpa-purāṇam iti bhinnādhikaraṇatvena | yadyapi viṣṇu-purāṇādāvapi daśāpi tāni lakṣyante, tathāpi pañcānām eva prādhānyenoktatvād alpatvam | atra daśānām arthānāṁ skandheṣu yathā-kramaṁ praveśo na vivakṣitaḥ, teṣāṁ dvādaśa-saṅkhyatvāt | dvitīya-skandhoktānāṁ teṣāṁ tṛtīyādiṣu yathā-saṅkhyaṁ na samāveśaḥ | nirodhādīnāṁ daśamādiṣv aṣṭama-varjam | anyeṣām apy anyeṣu yathokta-lakṣaṇatayā samāveśanāśakyatvād eva | tad uktaṁ śrī-svāmibhir eva—","स च मतभेदो महदल्पव्यवस्थया महापुराणम् अल्पपुराणम् इति भिन्नाधिकरणत्वेन । यद्यपि विष्णुपुराणादावपि दशापि तानि लक्ष्यन्ते, तथापि पञ्चानाम् एव प्राधान्येनोक्तत्वाद् अल्पत्वम् । अत्र दशानाम् अर्थानां स्कन्धेषु यथाक्रमं प्रवेशो न विवक्षितः, तेषां द्वादशसङ्ख्यत्वात् । द्वितीयस्कन्धोक्तानां तेषां तृतीयादिषु यथासङ्ख्यं न समावेशः । निरोधादीनां दशमादिष्व् अष्टमवर्जम् । अन्येषाम् अप्य् अन्येषु यथोक्तलक्षणतया समावेशनाशक्यत्वाद् एव । तद् उक्तं श्रीस्वामिभिर् एव—","स च मतभेदो महदल्पव्यवस्थया महापुराणम् अल्पपुराणम् इति भिन्नाधिकरणत्वेन । यद्यपि विष्णुपुराणादावपि दशापि तानि लक्ष्यन्ते, तथापि पञ्चानाम् एव प्राधान्येनोक्तत्वाद् अल्पत्वम् । अत्र दशानाम् अर्थानाꣳ स्कन्धेषु यथाक्रमꣳ प्रवेशो न विवक्षितः, तेषाꣳ द्वादशसङ्ख्यत्वात् । द्वितीयस्कन्धोक्तानाꣳ तेषाꣳ तृतीयादिषु यथासङ्ख्यꣳ न समावेशः । निरोधादीनाꣳ दशमादिष्व् अष्टमवर्जम् । अन्येषाम् अप्य् अन्येषु यथोक्तलक्षणतया समावेशनाशक्यत्वाद् एव । तद् उक्तꣳ श्रीस्वामिभिर् एव—"
1840,ato’tra skandhe śrī-kṛṣṇa-rūpasyāśrayasyaiva varṇana-prādhānyaṁ tair vivakṣitam | uktaṁ ca svayam eva—daśame daśamaṁ lakṣyam āśritāśraya-vigraham iti | evam anyatrāpy unneyam | ataḥ prāyaśaḥ sarve’rthāḥ sarveṣv eva skandheṣu guṇatvena vā mukhyatvena vā nirūpyanta ity eva teṣām abhimatam | śrutenārthena cāñjasā [bhā.pu. 2.10.2] ity atra ca tathaiva pratipannaṁ sarvatra tat-tat-sambhavāt | tataś ca prathama-dvitīyayor api mahā-purāṇatāyāṁ praveśaḥ syāt | tasmāt kramo na gṛhītaḥ ||14|| (61),अतोऽत्र स्कन्धे श्रीकृष्णरूपस्याश्रयस्यैव वर्णनप्राधान्यं तैर् विवक्षितम् । उक्तं च स्वयम् एव—दशमे दशमं लक्ष्यम् आश्रिताश्रयविग्रहम् इति । एवम् अन्यत्राप्य् उन्नेयम् । अतः प्रायशः सर्वेऽर्थाः सर्वेष्व् एव स्कन्धेषु गुणत्वेन वा मुख्यत्वेन वा निरूप्यन्त इत्य् एव तेषाम् अभिमतम् । श्रुतेनार्थेन चाञ्जसा [भा.पु. २.१०.२] इत्य् अत्र च तथैव प्रतिपन्नं सर्वत्र तत्तत्सम्भवात् । ततश् च प्रथमद्वितीययोर् अपि महापुराणतायां प्रवेशः स्यात् । तस्मात् क्रमो न गृहीतः ॥१४॥ (६१),अतोऽत्र स्कन्धे श्रीकृष्णरूपस्याश्रयस्यैव वर्णनप्राधान्यꣳ तैर् विवक्षितम् । उक्तꣳ च स्वयम् एव—दशमे दशमꣳ लक्ष्यम् आश्रिताश्रयविग्रहम् इति । एवम् अन्यत्राप्य् उन्नेयम् । अतः प्रायशः सर्वेऽर्थाः सर्वेष्व् एव स्कन्धेषु गुणत्वेन वा मुख्यत्वेन वा निरूप्यन्त इत्य् एव तेषाम् अभिमतम् । श्रुतेनार्थेन चाञ्जसा [भा.पु. २.१०.२] इत्य् अत्र च तथैव प्रतिपन्नꣳ सर्वत्र तत्तत्सम्भवात् । ततश् च प्रथमद्वितीययोर् अपि महापुराणतायाꣳ प्रवेशः स्यात् । तस्मात् क्रमो न गृहीतः ॥१४॥ (६१)
1842,"sarva-saṁvādinī : sargo’syety ādi | ataḥ prāyaśaḥ sarve’rthāḥ iti | tatra mukhyatvena (1) sargaḥ—dvitīya-tṛtīya-skandhayoḥ, (2) visargaḥ—dvitīya-tṛtīya-caturtha-skandhayoḥ, (3) kāmād vṛttiḥ—jagṛhur yakṣa-rakṣāṁsi rātri-kṣut-tṛṭ-samudbhavāṁ [bhā.pu. 3.20.19] ity-ādi vākyataḥ tṛtīya-skandhe’pi | codanā-vṛttis tu saptamaikādaśayoḥ skandhayor varṇāśramācāra-kathane [bhā.pu. 7.11, 11.17-18] | (4) rakṣā—sarvatraiva, (5) manvantara—aṣṭama-skandhādiṣu, (6) vaṁśo (7) vaṁśānucaritaṁ—caturtha-navama-skandhādiṣu, (8) saṁsthā—ekādaśa-dvādaśa-skandhayoḥ, (9) hetuḥ—śrī-kapila-devādi-vākyataḥ tṛtīyaikādaśa-skandhādiṣu, (10) apāśrayah—daśama-skandhādiṣu jñeyaḥ ||61||","सर्वसंवादिनी : सर्गोऽस्येत्य् आदि । अतः प्रायशः सर्वेऽर्थाः इति । तत्र मुख्यत्वेन (१) सर्गः—द्वितीयतृतीयस्कन्धयोः, (२) विसर्गः—द्वितीयतृतीयचतुर्थस्कन्धयोः, (३) कामाद् वृत्तिः—जगृहुर् यक्षरक्षांसि रात्रिक्षुत्तृट्समुद्भवां [भा.पु. ३.२०.१९] इत्यादि वाक्यतः तृतीयस्कन्धेऽपि । चोदनावृत्तिस् तु सप्तमैकादशयोः स्कन्धयोर् वर्णाश्रमाचारकथने [भा.पु. ७.११, ११.१७-१८] । (४) रक्षा—सर्वत्रैव, (५) मन्वन्तर—अष्टमस्कन्धादिषु, (६) वंशो (७) वंशानुचरितं—चतुर्थनवमस्कन्धादिषु, (८) संस्था—एकादशद्वादशस्कन्धयोः, (९) हेतुः—श्रीकपिलदेवादिवाक्यतः तृतीयैकादशस्कन्धादिषु, (१०) अपाश्रयह्—दशमस्कन्धादिषु ज्ञेयः ॥६१॥","सर्वसꣳवादिनी : सर्गोऽस्येत्य् आदि । अतः प्रायशः सर्वेऽर्थाः इति । तत्र मुख्यत्वेन (१) सर्गः—द्वितीयतृतीयस्कन्धयोः, (२) विसर्गः—द्वितीयतृतीयचतुर्थस्कन्धयोः, (३) कामाद् वृत्तिः—जगृहुर् यक्षरक्षाꣳसि रात्रिक्षुत्तृट्समुद्भवाꣳ [भा.पु. ३.२०.१९] इत्यादि वाक्यतः तृतीयस्कन्धेऽपि । चोदनावृत्तिस् तु सप्तमैकादशयोः स्कन्धयोर् वर्णाश्रमाचारकथने [भा.पु. ७.११, ११.१७-१८] । (४) रक्षा—सर्वत्रैव, (५) मन्वन्तर—अष्टमस्कन्धादिषु, (६) वꣳशो (७) वꣳशानुचरितꣳ—चतुर्थनवमस्कन्धादिषु, (८) सꣳस्था—एकादशद्वादशस्कन्धयोः, (९) हेतुः—श्रीकपिलदेवादिवाक्यतः तृतीयैकादशस्कन्धादिषु, (१०) अपाश्रयह्—दशमस्कन्धादिषु ज्ञेयः ॥६१॥"
1844,baladevaḥ : asyeti | prakārāntareṇeti kvacin-nāmāntaratvād arthāntaratvāc cety arthaḥ | etāni daśa-lakṣaṇāni kecit tṛtīyādiṣu krameṇa sthūla-dhiyo yojayanti | tān nirākurvann āha dvitīya-skandhoktānām iti | aṣṭādaśa-sahasritvaṁ dvādaśa-skandhitvaṁ ca bhāgavata-lakṣaṇaṁ vyākupyeta | adhyāya-pūrtau bhāgavatatvoktiś ca na sambhaved iti ca bodhyam | śuka-bhāṣitaṁ ced bhāgavataṁ tarhi prathamasya dvādaśa-śeṣasya ca tattvānāpattiḥ | tasmād aṣṭādaśa-sahasri tat-pitur ācāryāc chukenādhītaṁ kathitaṁ ceti sāmprataṁ saṁvādās tu tathaivānādi-siddhā iti sāmpratam ||61||,बलदेवः : अस्येति । प्रकारान्तरेणेति क्वचिन्नामान्तरत्वाद् अर्थान्तरत्वाच् चेत्य् अर्थः । एतानि दशलक्षणानि केचित् तृतीयादिषु क्रमेण स्थूलधियो योजयन्ति । तान् निराकुर्वन्न् आह द्वितीयस्कन्धोक्तानाम् इति । अष्टादशसहस्रित्वं द्वादशस्कन्धित्वं च भागवतलक्षणं व्याकुप्येत । अध्यायपूर्तौ भागवतत्वोक्तिश् च न सम्भवेद् इति च बोध्यम् । शुकभाषितं चेद् भागवतं तर्हि प्रथमस्य द्वादशशेषस्य च तत्त्वानापत्तिः । तस्माद् अष्टादशसहस्रि तत्पितुर् आचार्याच् छुकेनाधीतं कथितं चेति साम्प्रतं संवादास् तु तथैवानादिसिद्धा इति साम्प्रतम् ॥६१॥,बलदेवः : अस्येति । प्रकारान्तरेणेति क्वचिन्नामान्तरत्वाद् अर्थान्तरत्वाच् चेत्य् अर्थः । एतानि दशलक्षणानि केचित् तृतीयादिषु क्रमेण स्थूलधियो योजयन्ति । तान् निराकुर्वन्न् आह द्वितीयस्कन्धोक्तानाम् इति । अष्टादशसहस्रित्वꣳ द्वादशस्कन्धित्वꣳ च भागवतलक्षणꣳ व्याकुप्येत । अध्यायपूर्तौ भागवतत्वोक्तिश् च न सम्भवेद् इति च बोध्यम् । शुकभाषितꣳ चेद् भागवतꣳ तर्हि प्रथमस्य द्वादशशेषस्य च तत्त्वानापत्तिः । तस्माद् अष्टादशसहस्रि तत्पितुर् आचार्याच् छुकेनाधीतꣳ कथितꣳ चेति साम्प्रतꣳ सꣳवादास् तु तथैवानादिसिद्धा इति साम्प्रतम् ॥६१॥
1846,rādhāmohana-gosvāmī : tasyaiveti brahmaṇaḥ evety arthaḥ | tad-vidaḥ purāṇa-vidaḥ | mahā-purāṇālpa-purāṇa-bhinnādhikaraṇatveneti—mahā-purāṇālpa-purāṇayor bhedena bhinnam adhikaraṇaṁ yyos tattvena daśa-lakṣaṇa-pañca-lakṣaṇeti lakṣaṇa-dvayam ity arthaḥ | teṣāṁ skandhānām |,राधामोहनगोस्वामी : तस्यैवेति ब्रह्मणः एवेत्य् अर्थः । तद्विदः पुराणविदः । महापुराणाल्पपुराणभिन्नाधिकरणत्वेनेति—महापुराणाल्पपुराणयोर् भेदेन भिन्नम् अधिकरणं य्योस् तत्त्वेन दशलक्षणपञ्चलक्षणेति लक्षणद्वयम् इत्य् अर्थः । तेषां स्कन्धानाम् ।,राधामोहनगोस्वामी : तस्यैवेति ब्रह्मणः एवेत्य् अर्थः । तद्विदः पुराणविदः । महापुराणाल्पपुराणभिन्नाधिकरणत्वेनेति—महापुराणाल्पपुराणयोर् भेदेन भिन्नम् अधिकरणꣳ य्योस् तत्त्वेन दशलक्षणपञ्चलक्षणेति लक्षणद्वयम् इत्य् अर्थः । तेषाꣳ स्कन्धानाम् ।
1848,"nanu dvitīya-skandha-śeṣe lakṣaṇāny uktāni, tataḥ krameṇa tṛtīyādiṣu kim-uktāni ? ity āśaṅkyāha—dvitīya-skandhoktānām api | teṣām iti teṣāṁ daśa-lakṣaṇānām | teṣām api mataṁ śrīdhara-svāminām api matam | prāyaśaḥ syād iti tṛtīyādiṣu krameṇaiva daśa-lakṣaṇa-varṇaneti dvitīya-tṛtīyayos tal-lakṣaṇākrānta-purāṇatā na syād iti bhāvaḥ | tasmāt krama-varṇanasyāsambhavāt kramo na vivakṣita iti | tathā cāśrayasya para-brahmaṇaḥ kṛṣṇasya mukhyatvena varṇanīyatayā upakrame tasyaivādau varṇanam upakrāntam, madhye madhye ante ca tasyaiva varṇanaṁ kṛtam, tat-prasaṅgāt tadādhikya-tātparyād vā yathā-yogam itarāṇi lakṣaṇāni varṇitānīti bhāvaḥ | tathoktaṁ—","ननु द्वितीयस्कन्धशेषे लक्षणान्य् उक्तानि, ततः क्रमेण तृतीयादिषु किमुक्तानि ? इत्य् आशङ्क्याह—द्वितीयस्कन्धोक्तानाम् अपि । तेषाम् इति तेषां दशलक्षणानाम् । तेषाम् अपि मतं श्रीधरस्वामिनाम् अपि मतम् । प्रायशः स्याद् इति तृतीयादिषु क्रमेणैव दशलक्षणवर्णनेति द्वितीयतृतीययोस् तल्लक्षणाक्रान्तपुराणता न स्याद् इति भावः । तस्मात् क्रमवर्णनस्यासम्भवात् क्रमो न विवक्षित इति । तथा चाश्रयस्य परब्रह्मणः कृष्णस्य मुख्यत्वेन वर्णनीयतया उपक्रमे तस्यैवादौ वर्णनम् उपक्रान्तम्, मध्ये मध्ये अन्ते च तस्यैव वर्णनं कृतम्, तत्प्रसङ्गात् तदाधिक्यतात्पर्याद् वा यथायोगम् इतराणि लक्षणानि वर्णितानीति भावः । तथोक्तं—","ननु द्वितीयस्कन्धशेषे लक्षणान्य् उक्तानि, ततः क्रमेण तृतीयादिषु किमुक्तानि ? इत्य् आशङ्क्याह—द्वितीयस्कन्धोक्तानाम् अपि । तेषाम् इति तेषाꣳ दशलक्षणानाम् । तेषाम् अपि मतꣳ श्रीधरस्वामिनाम् अपि मतम् । प्रायशः स्याद् इति तृतीयादिषु क्रमेणैव दशलक्षणवर्णनेति द्वितीयतृतीययोस् तल्लक्षणाक्रान्तपुराणता न स्याद् इति भावः । तस्मात् क्रमवर्णनस्यासम्भवात् क्रमो न विवक्षित इति । तथा चाश्रयस्य परब्रह्मणः कृष्णस्य मुख्यत्वेन वर्णनीयतया उपक्रमे तस्यैवादौ वर्णनम् उपक्रान्तम्, मध्ये मध्ये अन्ते च तस्यैव वर्णनꣳ कृतम्, तत्प्रसङ्गात् तदाधिक्यतात्पर्याद् वा यथायोगम् इतराणि लक्षणानि वर्णितानीति भावः । तथोक्तꣳ—"
1849,	upakramopasaṁhārāv abhyāso’pūrvatā phalam |,	उपक्रमोपसंहाराव् अभ्यासोऽपूर्वता फलम् ।,	उपक्रमोपसꣳहाराव् अभ्यासोऽपूर्वता फलम् ।
1850,artha-vādopapattī ca liṅgaṁ tātparya-nirṇaye || ,अर्थवादोपपत्ती च लिङ्गं तात्पर्यनिर्णये ॥ ,अर्थवादोपपत्ती च लिङ्गꣳ तात्पर्यनिर्णये ॥ 
1851,iti krameṇa śrī-kṛṣṇa-param idaṁ śāstram iti bhāvaḥ ||61||,इति क्रमेण श्रीकृष्णपरम् इदं शास्त्रम् इति भावः ॥६१॥,इति क्रमेण श्रीकृष्णपरम् इदꣳ शास्त्रम् इति भावः ॥६१॥
1853,"gaura-kiśora-gosvāmī: prāk-mahā-purāṇasya lakṣaṇam uktam | atha matāntarīyaṁ tal-lakṣaṇaṁ punaḥ nirdiśya śrī-bhāgavatasya mahā-purāṇatvaṁ vivṛtya paramātmanaḥ śrī-bhagavata eva āśrayatvaṁ pariśeṣeṇa nirṇayati, “sargo’syāthaḥ” iti vividha-sandeha-nirākaraṇārthaṁ vistāreṇa vyākhyā-grantham āha—kecid iti | paramātmanaḥ bhagavataḥ śrī-kṛṣṇasyaivāśrayatvaṁ nirdeṣṭum āha—ato atra skandhe iti | etena rasa-rāja-śrī-gaurāṅga-mahāprabhor api āśrayatvam avisaṁvādena pratipannam | āsan varṇāḥ ity-ādinā śrī-kṛṣṇena lakṣaṇāni darśayati avyākṛta iti ||60-61||","गौरकिशोरगोस्वामी: प्राक्महापुराणस्य लक्षणम् उक्तम् । अथ मतान्तरीयं तल्लक्षणं पुनः निर्दिश्य श्रीभागवतस्य महापुराणत्वं विवृत्य परमात्मनः श्रीभगवत एव आश्रयत्वं परिशेषेण निर्णयति, “सर्गोऽस्याथः” इति विविधसन्देहनिराकरणार्थं विस्तारेण व्याख्याग्रन्थम् आह—केचिद् इति । परमात्मनः भगवतः श्रीकृष्णस्यैवाश्रयत्वं निर्देष्टुम् आह—अतो अत्र स्कन्धे इति । एतेन रसराजश्रीगौराङ्गमहाप्रभोर् अपि आश्रयत्वम् अविसंवादेन प्रतिपन्नम् । आसन् वर्णाः इत्यादिना श्रीकृष्णेन लक्षणानि दर्शयति अव्याकृत इति ॥६०-६१॥","गौरकिशोरगोस्वामी: प्राक्महापुराणस्य लक्षणम् उक्तम् । अथ मतान्तरीयꣳ तल्लक्षणꣳ पुनः निर्दिश्य श्रीभागवतस्य महापुराणत्वꣳ विवृत्य परमात्मनः श्रीभगवत एव आश्रयत्वꣳ परिशेषेण निर्णयति, “सर्गोऽस्याथः” इति विविधसन्देहनिराकरणार्थꣳ विस्तारेण व्याख्याग्रन्थम् आह—केचिद् इति । परमात्मनः भगवतः श्रीकृष्णस्यैवाश्रयत्वꣳ निर्देष्टुम् आह—अतो अत्र स्कन्धे इति । एतेन रसराजश्रीगौराङ्गमहाप्रभोर् अपि आश्रयत्वम् अविसꣳवादेन प्रतिपन्नम् । आसन् वर्णाः इत्यादिना श्रीकृष्णेन लक्षणानि दर्शयति अव्याकृत इति ॥६०-६१॥"
1859,atha sargādīnāṁ lakṣaṇam āha—,अथ सर्गादीनां लक्षणम् आह—,अथ सर्गादीनाꣳ लक्षणम् आह—
1862,bhūta-mātrendriyārthānāṁ sambhavaḥ sarga ucyate || [bhā.pu. 12.7.11],भूतमात्रेन्द्रियार्थानां सम्भवः सर्ग उच्यते ॥ [भा.पु. १२.७.११],भूतमात्रेन्द्रियार्थानाꣳ सम्भवः सर्ग उच्यते ॥ [भा.पु. १२.७.११]
1864,"atha sargādīnāṁ lakṣaṇam āha—avyākṛteti | pradhāna-guṇa-kṣobhān mahān, tasmāt triguṇo’haṅkāraḥ | tasmād bhūta-mātrāṇāṁ bhūta-sūkṣmāṇām indriyāṇāṁ ca, sthūla-bhūtānāṁ ca, tad-upalakṣita-tad-devatānāṁ ca sambhavaḥ sargaḥ | kāraṇa-sṛṣṭiḥ sarga ity arthaḥ|","अथ सर्गादीनां लक्षणम् आह—अव्याकृतेति । प्रधानगुणक्षोभान् महान्, तस्मात् त्रिगुणोऽहङ्कारः । तस्माद् भूतमात्राणां भूतसूक्ष्माणाम् इन्द्रियाणां च, स्थूलभूतानां च, तदुपलक्षिततद्देवतानां च सम्भवः सर्गः । कारणसृष्टिः सर्ग इत्य् अर्थः।","अथ सर्गादीनाꣳ लक्षणम् आह—अव्याकृतेति । प्रधानगुणक्षोभान् महान्, तस्मात् त्रिगुणोऽहङ्कारः । तस्माद् भूतमात्राणाꣳ भूतसूक्ष्माणाम् इन्द्रियाणाꣳ च, स्थूलभूतानाꣳ च, तदुपलक्षिततद्देवतानाꣳ च सम्भवः सर्गः । कारणसृष्टिः सर्ग इत्य् अर्थः।"
1866,puruṣānugṛhītānām eteṣāṁ vāsanāmayaḥ |,पुरुषानुगृहीतानाम् एतेषां वासनामयः ।,पुरुषानुगृहीतानाम् एतेषाꣳ वासनामयः ।
1867,visargo’yaṁ samāhāro bījād bījaṁ carācaram || [bhā.pu. 12.7.12],विसर्गोऽयं समाहारो बीजाद् बीजं चराचरम् ॥ [भा.पु. १२.७.१२],विसर्गोऽयꣳ समाहारो बीजाद् बीजꣳ चराचरम् ॥ [भा.पु. १२.७.१२]
1869,"puruṣaḥ paramātmā | eteṣāṁ mahad-ādīnām, jīvasya pūrvakarma-vāsanā-pradhāno’yaṁ samāhāraḥ | kārya-bhūtaś carācara-prāṇi-rūpo bījād bījam iva pravāhāpanno visarga ucyate | vyaṣṭi-sṛṣṭi-visarga ity arthaḥ | anenotir apy uktā |","पुरुषः परमात्मा । एतेषां महदादीनाम्, जीवस्य पूर्वकर्मवासनाप्रधानोऽयं समाहारः । कार्यभूतश् चराचरप्राणिरूपो बीजाद् बीजम् इव प्रवाहापन्नो विसर्ग उच्यते । व्यष्टिसृष्टिविसर्ग इत्य् अर्थः । अनेनोतिर् अप्य् उक्ता ।","पुरुषः परमात्मा । एतेषाꣳ महदादीनाम्, जीवस्य पूर्वकर्मवासनाप्रधानोऽयꣳ समाहारः । कार्यभूतश् चराचरप्राणिरूपो बीजाद् बीजम् इव प्रवाहापन्नो विसर्ग उच्यते । व्यष्टिसृष्टिविसर्ग इत्य् अर्थः । अनेनोतिर् अप्य् उक्ता ।"
1871,vṛttir bhūtāni bhūtānāṁ carāṇām acarāṇi ca |,वृत्तिर् भूतानि भूतानां चराणाम् अचराणि च ।,वृत्तिर् भूतानि भूतानाꣳ चराणाम् अचराणि च ।
1872,kṛtā svena nṝṇāṁ tatra kāmāc codanayāpi vā || [bhā.pu. 12.7.13],कृता स्वेन नॄणां तत्र कामाच् चोदनयापि वा ॥ [भा.पु. १२.७.१३],कृता स्वेन नॄणाꣳ तत्र कामाच् चोदनयापि वा ॥ [भा.पु. १२.७.१३]
1874,"carāṇāṁ bhūtānāṁ sāmānyato’carāṇi, ca-kārāc carāṇi ca, kāmād vṛttiḥ | tatra tu nṝṇāṁ svena svabhāvena kāmāc codanayāpi vā yā niyatā vṛttir jīvikā kṛtā, sā vṛttir ucyata ity arthaḥ |","चराणां भूतानां सामान्यतोऽचराणि, चकाराच् चराणि च, कामाद् वृत्तिः । तत्र तु नॄणां स्वेन स्वभावेन कामाच् चोदनयापि वा या नियता वृत्तिर् जीविका कृता, सा वृत्तिर् उच्यत इत्य् अर्थः ।","चराणाꣳ भूतानाꣳ सामान्यतोऽचराणि, चकाराच् चराणि च, कामाद् वृत्तिः । तत्र तु नॄणाꣳ स्वेन स्वभावेन कामाच् चोदनयापि वा या नियता वृत्तिर् जीविका कृता, सा वृत्तिर् उच्यत इत्य् अर्थः ।"
1879,yair avatāraiḥ | aneneśa-kathā | sthānaṁ poṣaṇaṁ ceti trayam uktam |,यैर् अवतारैः । अनेनेशकथा । स्थानं पोषणं चेति त्रयम् उक्तम् ।,यैर् अवतारैः । अनेनेशकथा । स्थानꣳ पोषणꣳ चेति त्रयम् उक्तम् ।
1881,manvantaraṁ manur devā manu-putrāḥ sureśvarāḥ |,मन्वन्तरं मनुर् देवा मनुपुत्राः सुरेश्वराः ।,मन्वन्तरꣳ मनुर् देवा मनुपुत्राः सुरेश्वराः ।
1882,ṛṣayo’ṁśāvatārāś ca hareḥ ṣaḍ-vidham ucyate || [bhā.pu. 12.7.15],ऋषयोऽंशावताराश् च हरेः षड्विधम् उच्यते ॥ [भा.पु. १२.७.१५],ऋषयोऽꣳशावताराश् च हरेः षड्विधम् उच्यते ॥ [भा.पु. १२.७.१५]
1886,rājñāṁ brahma-prasūtānāṁ vaṁśas traikāliko’nvayaḥ |,राज्ञां ब्रह्मप्रसूतानां वंशस् त्रैकालिकोऽन्वयः ।,राज्ञाꣳ ब्रह्मप्रसूतानाꣳ वꣳशस् त्रैकालिकोऽन्वयः ।
1887,vaṁśyānucaritaṁ teṣāṁ vṛttaṁ vaṁśadharāś ca ye || [bhā.pu. 12.7.16],वंश्यानुचरितं तेषां वृत्तं वंशधराश् च ये ॥ [भा.पु. १२.७.१६],वꣳश्यानुचरितꣳ तेषाꣳ वृत्तꣳ वꣳशधराश् च ये ॥ [भा.पु. १२.७.१६]
1889,teṣāṁ rājñāṁ ye ca vaṁśa-dharās teṣāṁ vṛttaṁ vaṁśyānucaritam ||15-20||(62),तेषां राज्ञां ये च वंशधरास् तेषां वृत्तं वंश्यानुचरितम् ॥१५-२०॥(६२),तेषाꣳ राज्ञाꣳ ये च वꣳशधरास् तेषाꣳ वृत्तꣳ वꣳश्यानुचरितम् ॥१५-२०॥(६२)
1891,sarva-saṁvādinī : na vyākhyātam.,सर्वसंवादिनी : न व्याख्यातम्।,सर्वसꣳवादिनी : न व्याख्यातम्.
1893,baladevaḥ : uddiṣṭānāṁ sargādīnāṁ krameṇa lakṣaṇāni darśayitum āha—athetyādi | avyākṛteti trivṛt-padaṁ mahato’pi viśeṣaṇaṁ bodhyam | sāttvikī rājasaś caiva tāmasaś ca tridhā mahān [vi.pu. 1.2.34] iti śrī-vaiṣṇavāt | puruṣaḥ paramātmā viriñcāntaḥstha iti bodhyam | sphuṭārthāni śiṣṭāni ||62||,बलदेवः : उद्दिष्टानां सर्गादीनां क्रमेण लक्षणानि दर्शयितुम् आह—अथेत्यादि । अव्याकृतेति त्रिवृत्पदं महतोऽपि विशेषणं बोध्यम् । सात्त्विकी राजसश् चैव तामसश् च त्रिधा महान् [वि.पु. १.२.३४] इति श्रीवैष्णवात् । पुरुषः परमात्मा विरिञ्चान्तःस्थ इति बोध्यम् । स्फुटार्थानि शिष्टानि ॥६२॥,बलदेवः : उद्दिष्टानाꣳ सर्गादीनाꣳ क्रमेण लक्षणानि दर्शयितुम् आह—अथेत्यादि । अव्याकृतेति त्रिवृत्पदꣳ महतोऽपि विशेषणꣳ बोध्यम् । सात्त्विकी राजसश् चैव तामसश् च त्रिधा महान् [वि.पु. १.२.३४] इति श्रीवैष्णवात् । पुरुषः परमात्मा विरिञ्चान्तःस्थ इति बोध्यम् । स्फुटार्थानि शिष्टानि ॥६२॥
1895,"gaura-kiśora-gosvāmī: saṁsthānādīnāṁ lakṣaṇāni vivṛṇoti “naimittikaḥ” iti | bhukta-śiṣṭa-karma-viśiṣṭaḥ jīvaḥ anuśāyī, bhogāvaśiṣṭa-karma hi anuśayaḥ sphuṭārthāni itarāṇi ||62||","गौरकिशोरगोस्वामी: संस्थानादीनां लक्षणानि विवृणोति “नैमित्तिकः” इति । भुक्तशिष्टकर्मविशिष्टः जीवः अनुशायी, भोगावशिष्टकर्म हि अनुशयः स्फुटार्थानि इतराणि ॥६२॥","गौरकिशोरगोस्वामी: सꣳस्थानादीनाꣳ लक्षणानि विवृणोति “नैमित्तिकः” इति । भुक्तशिष्टकर्मविशिष्टः जीवः अनुशायी, भोगावशिष्टकर्म हि अनुशयः स्फुटार्थानि इतराणि ॥६२॥"
1900,saṁstheti kavibhiḥ proktaś caturdhāsya svabhāvataḥ || [bhā.pu. 12.7.17],संस्थेति कविभिः प्रोक्तश् चतुर्धास्य स्वभावतः ॥ [भा.पु. १२.७.१७],सꣳस्थेति कविभिः प्रोक्तश् चतुर्धास्य स्वभावतः ॥ [भा.पु. १२.७.१७]
1905,yaṁ cānuśayinaṁ prāhur avyākṛtam utāpare || [bhā.pu. 12.7.18],यं चानुशयिनं प्राहुर् अव्याकृतम् उतापरे ॥ [भा.पु. १२.७.१८],यꣳ चानुशयिनꣳ प्राहुर् अव्याकृतम् उतापरे ॥ [भा.पु. १२.७.१८]
1907,hetur nimittam | asya viśvasya | yato’yam avidyayā karma-kārakaḥ | yam eva hetuṁ kecic caitanya-prādhānenānuśayinaṁ prāhuḥ | apara upādhi-prādhānyenāvyākṛtam iti |,हेतुर् निमित्तम् । अस्य विश्वस्य । यतोऽयम् अविद्यया कर्मकारकः । यम् एव हेतुं केचिच् चैतन्यप्राधानेनानुशयिनं प्राहुः । अपर उपाधिप्राधान्येनाव्याकृतम् इति ।,हेतुर् निमित्तम् । अस्य विश्वस्य । यतोऽयम् अविद्यया कर्मकारकः । यम् एव हेतुꣳ केचिच् चैतन्यप्राधानेनानुशयिनꣳ प्राहुः । अपर उपाधिप्राधान्येनाव्याकृतम् इति ।
1912,"śrī-bādarāyaṇa-samādhi-labdhārtha-virodhād atra ca jīva-śuddha-svarūpam evāśrayatvena na vyākhyāyate kintv ayam evārthaḥ | jāgrad-ādiṣv avasthāsu, māyāmayeṣu māyā-śakti-kalpiteṣu mahad-ādi-dravyeṣu ca | kevala-svarūpeṇa vyatirekaḥ parama-sākṣitayānvayaś ca yasya tad brahma jīvānāṁ vṛttiṣu śudda-svarūpatayā sopādhitayā ca vartaneṣu sthitiṣv apāśrayaḥ | sarvam aty atikramyāśraya ity arthaḥ | apa ity etat khalu varjane, varjanaṁ cātikrame paryavasyatīti | ","श्रीबादरायणसमाधिलब्धार्थविरोधाद् अत्र च जीवशुद्धस्वरूपम् एवाश्रयत्वेन न व्याख्यायते किन्त्व् अयम् एवार्थः । जाग्रदादिष्व् अवस्थासु, मायामयेषु मायाशक्तिकल्पितेषु महदादिद्रव्येषु च । केवलस्वरूपेण व्यतिरेकः परमसाक्षितयान्वयश् च यस्य तद् ब्रह्म जीवानां वृत्तिषु शुद्दस्वरूपतया सोपाधितया च वर्तनेषु स्थितिष्व् अपाश्रयः । सर्वम् अत्य् अतिक्रम्याश्रय इत्य् अर्थः । अप इत्य् एतत् खलु वर्जने, वर्जनं चातिक्रमे पर्यवस्यतीति । ","श्रीबादरायणसमाधिलब्धार्थविरोधाद् अत्र च जीवशुद्धस्वरूपम् एवाश्रयत्वेन न व्याख्यायते किन्त्व् अयम् एवार्थः । जाग्रदादिष्व् अवस्थासु, मायामयेषु मायाशक्तिकल्पितेषु महदादिद्रव्येषु च । केवलस्वरूपेण व्यतिरेकः परमसाक्षितयान्वयश् च यस्य तद् ब्रह्म जीवानाꣳ वृत्तिषु शुद्दस्वरूपतया सोपाधितया च वर्तनेषु स्थितिष्व् अपाश्रयः । सर्वम् अत्य् अतिक्रम्याश्रय इत्य् अर्थः । अप इत्य् एतत् खलु वर्जने, वर्जनꣳ चातिक्रमे पर्यवस्यतीति । "
1914,tad evam apāśrayābhivyakti-dvāra-bhūtaṁ hetu-śabda-vyapadiṣṭasya jīvasya śuddha-svarūpa-jñānam āha dvābhyām | ,तद् एवम् अपाश्रयाभिव्यक्तिद्वारभूतं हेतुशब्दव्यपदिष्टस्य जीवस्य शुद्धस्वरूपज्ञानम् आह द्वाभ्याम् । ,तद् एवम् अपाश्रयाभिव्यक्तिद्वारभूतꣳ हेतुशब्दव्यपदिष्टस्य जीवस्य शुद्धस्वरूपज्ञानम् आह द्वाभ्याम् । 
1916,padārtheṣu yathā dravyaṁ tan-mātraṁ rūpa-nāmasu |,पदार्थेषु यथा द्रव्यं तन्मात्रं रूपनामसु ।,पदार्थेषु यथा द्रव्यꣳ तन्मात्रꣳ रूपनामसु ।
1917,bījādi-pañcatāṁ tāsu hy avasthāsu yutāyutam || ,बीजादिपञ्चतां तासु ह्य् अवस्थासु युतायुतम् ॥ ,बीजादिपञ्चताꣳ तासु ह्य् अवस्थासु युतायुतम् ॥ 
1918,virameta yadā cittaṁ hitvā vṛtti-trayaṁ svayam |,विरमेत यदा चित्तं हित्वा वृत्तित्रयं स्वयम् ।,विरमेत यदा चित्तꣳ हित्वा वृत्तित्रयꣳ स्वयम् ।
1919,yogena vā tad-ātmānaṁ vedehāyā nivartate || [bhā.pu. 12.7.20-21],योगेन वा तदात्मानं वेदेहाया निवर्तते ॥ [भा.पु. १२.७.२०-२१],योगेन वा तदात्मानꣳ वेदेहाया निवर्तते ॥ [भा.पु. १२.७.२०-२१]
1921,rūpa-nāmātmakeṣu padārtheṣu ghaṭādiṣu yathā dravyaṁ pṛthivy-ādi-yutam ayutaṁ ca bhavati | kārya-dṛṣṭiṁ vināpy upalambhāt | tathā tan-mātraṁ śuddhaṁ jīva-caitanya-mātraṁ vastu garbhādhānādi-pañcatāntāsu navasv apy avasthāsv avidyayā yutaṁ svatas tv ayutam iti śuddham ātmānam itthaṁ jñātvā nirviṇṇaḥ sann apāśrayānusandhāna-yogyo bhavatīty āha virameteti | vṛtti-trayaṁ jāgrat-svapna-suṣupti-rūpam | ātmānaṁ paramātmānam | svayaṁ vāmadevāder iva māyāmayatvānusandhānena devahūty-āder ivāniṣṭhitena yogena vā | tataś cehāyās tad-anuśīlana-vyatirikta-ceṣṭāyāḥ || ,रूपनामात्मकेषु पदार्थेषु घटादिषु यथा द्रव्यं पृथिव्यादियुतम् अयुतं च भवति । कार्यदृष्टिं विनाप्य् उपलम्भात् । तथा तन्मात्रं शुद्धं जीवचैतन्यमात्रं वस्तु गर्भाधानादिपञ्चतान्तासु नवस्व् अप्य् अवस्थास्व् अविद्यया युतं स्वतस् त्व् अयुतम् इति शुद्धम् आत्मानम् इत्थं ज्ञात्वा निर्विण्णः सन्न् अपाश्रयानुसन्धानयोग्यो भवतीत्य् आह विरमेतेति । वृत्तित्रयं जाग्रत्स्वप्नसुषुप्तिरूपम् । आत्मानं परमात्मानम् । स्वयं वामदेवादेर् इव मायामयत्वानुसन्धानेन देवहूत्यादेर् इवानिष्ठितेन योगेन वा । ततश् चेहायास् तदनुशीलनव्यतिरिक्तचेष्टायाः ॥ ,रूपनामात्मकेषु पदार्थेषु घटादिषु यथा द्रव्यꣳ पृथिव्यादियुतम् अयुतꣳ च भवति । कार्यदृष्टिꣳ विनाप्य् उपलम्भात् । तथा तन्मात्रꣳ शुद्धꣳ जीवचैतन्यमात्रꣳ वस्तु गर्भाधानादिपञ्चतान्तासु नवस्व् अप्य् अवस्थास्व् अविद्यया युतꣳ स्वतस् त्व् अयुतम् इति शुद्धम् आत्मानम् इत्थꣳ ज्ञात्वा निर्विण्णः सन्न् अपाश्रयानुसन्धानयोग्यो भवतीत्य् आह विरमेतेति । वृत्तित्रयꣳ जाग्रत्स्वप्नसुषुप्तिरूपम् । आत्मानꣳ परमात्मानम् । स्वयꣳ वामदेवादेर् इव मायामयत्वानुसन्धानेन देवहूत्यादेर् इवानिष्ठितेन योगेन वा । ततश् चेहायास् तदनुशीलनव्यतिरिक्तचेष्टायाः ॥ 
1925,"sarva-saṁvādinī :pralaya-lakṣaṇam āha—naimittika [bhā.pu. 12.7.17] iti | eṣāṁ [pralayānāṁ] lakṣaṇaṁ dvādaśe caturthādhyāye'nusandheyaṁ [bhā.pu. 12.4.3-38] | pralayas tu manvantarānte'pi bhavati | yathā śrī-viṣṇu-dharmottare prathama-kāṇḍe, ","सर्वसंवादिनी :प्रलयलक्षणम् आह—नैमित्तिक [भा.पु. १२.७.१७] इति । एषां [प्रलयानां] लक्षणं द्वादशे चतुर्थाध्यायेऽनुसन्धेयं [भा.पु. १२.४.३-३८] । प्रलयस् तु मन्वन्तरान्तेऽपि भवति । यथा श्रीविष्णुधर्मोत्तरे प्रथमकाण्डे, ","सर्वसꣳवादिनी :प्रलयलक्षणम् आह—नैमित्तिक [भा.पु. १२.७.१७] इति । एषाꣳ [प्रलयानाꣳ] लक्षणꣳ द्वादशे चतुर्थाध्यायेऽनुसन्धेयꣳ [भा.पु. १२.४.३-३८] । प्रलयस् तु मन्वन्तरान्तेऽपि भवति । यथा श्रीविष्णुधर्मोत्तरे प्रथमकाण्डे, "
1934,brahma-lokaṁ prapadyante punar-āvṛtti-durlabham || ,ब्रह्मलोकं प्रपद्यन्ते पुनरावृत्तिदुर्लभम् ॥ ,ब्रह्मलोकꣳ प्रपद्यन्ते पुनरावृत्तिदुर्लभम् ॥ 
1936,adhikāraṁ vinā sarve sadṛśāḥ parameṣṭhinaḥ ||,अधिकारं विना सर्वे सदृशाः परमेष्ठिनः ॥,अधिकारꣳ विना सर्वे सदृशाः परमेष्ठिनः ॥
1937,bhū-talaṁ sakalaṁ vajra toya-rūpī maheśvaraḥ | ,भूतलं सकलं वज्र तोयरूपी महेश्वरः । ,भूतलꣳ सकलꣳ वज्र तोयरूपी महेश्वरः । 
1939,bhūr-lokam āśritaṁ sarvaṁ tadā naśyati yādava | ,भूर्लोकम् आश्रितं सर्वं तदा नश्यति यादव । ,भूर्लोकम् आश्रितꣳ सर्वꣳ तदा नश्यति यादव । 
1944,śeṣaṁ vinaśyati jagat sthāvaraṁ jaṅgamaṁ ca yat | ,शेषं विनश्यति जगत् स्थावरं जङ्गमं च यत् । ,शेषꣳ विनश्यति जगत् स्थावरꣳ जङ्गमꣳ च यत् । 
1947,ākarṣati tu tāṁ nāvaṁ sthānāt sthānaṁ tu līlayā ||,आकर्षति तु तां नावं स्थानात् स्थानं तु लीलया ॥,आकर्षति तु ताꣳ नावꣳ स्थानात् स्थानꣳ तु लीलया ॥
1948,karṣamāṇaṁ tu tāṁ nāvaṁ deva-devaṁ jagat-patim | ,कर्षमाणं तु तां नावं देवदेवं जगत्पतिम् । ,कर्षमाणꣳ तु ताꣳ नावꣳ देवदेवꣳ जगत्पतिम् । 
1951,ghūrṇamānāṁ tu tāṁ nāvaṁ nayaty amita-vikramaḥ || ,घूर्णमानां तु तां नावं नयत्य् अमितविक्रमः ॥ ,घूर्णमानाꣳ तु ताꣳ नावꣳ नयत्य् अमितविक्रमः ॥ 
1952,himādri-śikhare nāvaṁ baddhvā devo jagat-patiḥ | ,हिमाद्रिशिखरे नावं बद्ध्वा देवो जगत्पतिः । ,हिमाद्रिशिखरे नावꣳ बद्ध्वा देवो जगत्पतिः । 
1954,kṛta-tulyaṁ tadā kālaṁ tāvat prakṣālanaṁ smṛtam | ,कृततुल्यं तदा कालं तावत् प्रक्षालनं स्मृतम् । ,कृततुल्यꣳ तदा कालꣳ तावत् प्रक्षालनꣳ स्मृतम् । 
1955,āpaḥ śamam atho yānti yathā-pūrvaṁ narādhipa | ,आपः शमम् अथो यान्ति यथापूर्वं नराधिप । ,आपः शमम् अथो यान्ति यथापूर्वꣳ नराधिप । 
1956,ṛṣayaḥ manuścaiva sarvaṁ kurvanti te tadā || ,ऋषयः मनुश्चैव सर्वं कुर्वन्ति ते तदा ॥ ,ऋषयः मनुश्चैव सर्वꣳ कुर्वन्ति ते तदा ॥ 
1960,ataḥ paraṁ kiṁ tava kīrtanīyaṁ ,अतः परं किं तव कीर्तनीयं ,अतः परꣳ किꣳ तव कीर्तनीयꣳ 
1963,evaṁ sarva-manvantareṣu saṁhāra ity-ādi-prakaraṇaṁ śrī-harivaṁśe tadīya-ṭīkāsu ca spaṣṭam eva | ata eva pañcama-ṣaṣṭha-manvantarānte śrī-bhāgavate'pi pralayo varṇyate—,एवं सर्वमन्वन्तरेषु संहार इत्यादिप्रकरणं श्रीहरिवंशे तदीयटीकासु च स्पष्टम् एव । अत एव पञ्चमषष्ठमन्वन्तरान्ते श्रीभागवतेऽपि प्रलयो वर्ण्यते—,एवꣳ सर्वमन्वन्तरेषु सꣳहार इत्यादिप्रकरणꣳ श्रीहरिवꣳशे तदीयटीकासु च स्पष्टम् एव । अत एव पञ्चमषष्ठमन्वन्तरान्ते श्रीभागवतेऽपि प्रलयो वर्ण्यते—
1968,rūpaṁ sa jagṛhe mātsyaṁ cākṣuṣāntara-samplave | ,रूपं स जगृहे मात्स्यं चाक्षुषान्तरसम्प्लवे । ,रूपꣳ स जगृहे मात्स्यꣳ चाक्षुषान्तरसम्प्लवे । 
1969,nāvyāropya mahīmayyām apād vaivasvataṁ manum || [bhā.pu. 1.3.15] ity ādau ca |,नाव्यारोप्य महीमय्याम् अपाद् वैवस्वतं मनुम् ॥ [भा.पु. १.३.१५] इत्य् आदौ च ।,नाव्यारोप्य महीमय्याम् अपाद् वैवस्वतꣳ मनुम् ॥ [भा.पु. १.३.१५] इत्य् आदौ च ।
1974,naivādhunāpi bhūtānāṁ saṁplavaḥ ko'pi jāyate || [bhā.pu. 12.8.3],नैवाधुनापि भूतानां संप्लवः कोऽपि जायते ॥ [भा.पु. १२.८.३],नैवाधुनापि भूतानाꣳ सꣳप्लवः कोऽपि जायते ॥ [भा.पु. १२.८.३]
1976,"ity atra tad-asvīkāras tu kalpānta-pralaya-viṣaya eva, yena grastam idaṁ jagad [bhā.pu. 12.8.2] ity uktatvāt, manvantara-pralaye bhāvi-manvādīnām api sthiteś ca | saṣṭhe tu pralayo'nyasmān manvantarād vilakṣaṇaḥ, trailokyasyaiva majjanāt | tathā cāṣṭame śrī-matsya-devenoktam—","इत्य् अत्र तदस्वीकारस् तु कल्पान्तप्रलयविषय एव, येन ग्रस्तम् इदं जगद् [भा.पु. १२.८.२] इत्य् उक्तत्वात्, मन्वन्तरप्रलये भाविमन्वादीनाम् अपि स्थितेश् च । सष्ठे तु प्रलयोऽन्यस्मान् मन्वन्तराद् विलक्षणः, त्रैलोक्यस्यैव मज्जनात् । तथा चाष्टमे श्रीमत्स्यदेवेनोक्तम्—","इत्य् अत्र तदस्वीकारस् तु कल्पान्तप्रलयविषय एव, येन ग्रस्तम् इदꣳ जगद् [भा.पु. १२.८.२] इत्य् उक्तत्वात्, मन्वन्तरप्रलये भाविमन्वादीनाम् अपि स्थितेश् च । सष्ठे तु प्रलयोऽन्यस्मान् मन्वन्तराद् विलक्षणः, त्रैलोक्यस्यैव मज्जनात् । तथा चाष्टमे श्रीमत्स्यदेवेनोक्तम्—"
1978,trilokyāṁ līyamānāyāṁ saṁvartāmbhasi vai tadā | ,त्रिलोक्यां लीयमानायां संवर्ताम्भसि वै तदा । ,त्रिलोक्याꣳ लीयमानायाꣳ सꣳवर्ताम्भसि वै तदा । 
1979,upasthāsyati nauḥ kācid viśālā tvāṁ mayeritā || [bhā.pu. 8.24.33] iti |,उपस्थास्यति नौः काचिद् विशाला त्वां मयेरिता ॥ [भा.पु. ८.२४.३३] इति ।,उपस्थास्यति नौः काचिद् विशाला त्वाꣳ मयेरिता ॥ [भा.पु. ८.२४.३३] इति ।
1981,"etad apekṣayaiva tatra śukenāpi yo'sāv asmin mahā-kalpe [bhā.pu. 8.24.11] ity uktam | kalpa-śabdasya pralaya-mātra-vācitvāt | mahac-chabdasya manvantarāntara-pralayāpekṣatvāt, samvarttaḥ pralayaḥ kalpaḥ kṣayaḥ kalpānta ity api ity amaraḥ | atas trailokya-majjana-hetor eva dainandina-pralayavad brahmāpi tadā satya-yuga-samāna-kāle pralaye śrī-nārāyaṇa-nābhi-kamale viśrāmyati | yata eva tatra viśramaṇa-sāmyāt, yāvad brāhmī niśā [bhā.pu. 8.24.37] iti niśā-śabdaḥ prayuktaḥ | tatra ca trailokya-majjane'pi keṣāñcid devāsurādīnām asamāpta-bhogānāṁ sthitis tāṁ nāvam ālambyaiva | yad uktaṁ śrī-matsya-devenaiva satyavrataṁ prati—","एतद् अपेक्षयैव तत्र शुकेनापि योऽसाव् अस्मिन् महाकल्पे [भा.पु. ८.२४.११] इत्य् उक्तम् । कल्पशब्दस्य प्रलयमात्रवाचित्वात् । महच्छब्दस्य मन्वन्तरान्तरप्रलयापेक्षत्वात्, सम्वर्त्तः प्रलयः कल्पः क्षयः कल्पान्त इत्य् अपि इत्य् अमरः । अतस् त्रैलोक्यमज्जनहेतोर् एव दैनन्दिनप्रलयवद् ब्रह्मापि तदा सत्ययुगसमानकाले प्रलये श्रीनारायणनाभिकमले विश्राम्यति । यत एव तत्र विश्रमणसाम्यात्, यावद् ब्राह्मी निशा [भा.पु. ८.२४.३७] इति निशाशब्दः प्रयुक्तः । तत्र च त्रैलोक्यमज्जनेऽपि केषाञ्चिद् देवासुरादीनाम् असमाप्तभोगानां स्थितिस् तां नावम् आलम्ब्यैव । यद् उक्तं श्रीमत्स्यदेवेनैव सत्यव्रतं प्रति—","एतद् अपेक्षयैव तत्र शुकेनापि योऽसाव् अस्मिन् महाकल्पे [भा.पु. ८.२४.११] इत्य् उक्तम् । कल्पशब्दस्य प्रलयमात्रवाचित्वात् । महच्छब्दस्य मन्वन्तरान्तरप्रलयापेक्षत्वात्, सम्वर्त्तः प्रलयः कल्पः क्षयः कल्पान्त इत्य् अपि इत्य् अमरः । अतस् त्रैलोक्यमज्जनहेतोर् एव दैनन्दिनप्रलयवद् ब्रह्मापि तदा सत्ययुगसमानकाले प्रलये श्रीनारायणनाभिकमले विश्राम्यति । यत एव तत्र विश्रमणसाम्यात्, यावद् ब्राह्मी निशा [भा.पु. ८.२४.३७] इति निशाशब्दः प्रयुक्तः । तत्र च त्रैलोक्यमज्जनेऽपि केषाञ्चिद् देवासुरादीनाम् असमाप्तभोगानाꣳ स्थितिस् ताꣳ नावम् आलम्ब्यैव । यद् उक्तꣳ श्रीमत्स्यदेवेनैव सत्यव्रतꣳ प्रति—"
1983,tvaṁ tāvad oṣadhīḥ sarvā bījāny uccāvacāni ca | ,त्वं तावद् ओषधीः सर्वा बीजान्य् उच्चावचानि च । ,त्वꣳ तावद् ओषधीः सर्वा बीजान्य् उच्चावचानि च । 
1984,saptarṣibhiḥ parivṛtaḥ sarva-sattvopabṛṁhitaḥ || [bhā.pu. 8.24.34] iti |,सप्तर्षिभिः परिवृतः सर्वसत्त्वोपबृंहितः ॥ [भा.पु. ८.२४.३४] इति ।,सप्तर्षिभिः परिवृतः सर्वसत्त्वोपबृꣳहितः ॥ [भा.पु. ८.२४.३४] इति ।
1986,"tasmāt siddhe manvantara-pralaye, tasyāpi naimittikatvāc catuṣṭayānatiriktatvam | anyo'py akasmāt pralayaḥ śrūyate yathā svāyambhuva-manvantara-sṛṣṭy-ārambhe, yathā saṣṭha-manvantara-madhye prācetasa-dakṣa-dauhitra-hiraṇyākṣa-vadhe | ubhayor aikyena kathanaṁ tu tṛtīye līlā-sājātyenaiva jñeyam | yathā pādma-brāhma-kalpayoḥ kvacit kvacit sāṅkaryam, tadvat | tasmāt—nirodho'syānuśayanam ātmanaḥ saha śaktibhiḥ [bhā.pu. 2.10.6] ity etal-lakṣaṇam apy upalakṣaṇam eva nitya-pralaye'pi tad-avyāpteḥ ||15-24|| (63)","तस्मात् सिद्धे मन्वन्तरप्रलये, तस्यापि नैमित्तिकत्वाच् चतुष्टयानतिरिक्तत्वम् । अन्योऽप्य् अकस्मात् प्रलयः श्रूयते यथा स्वायम्भुवमन्वन्तरसृष्ट्यारम्भे, यथा सष्ठमन्वन्तरमध्ये प्राचेतसदक्षदौहित्रहिरण्याक्षवधे । उभयोर् ऐक्येन कथनं तु तृतीये लीलासाजात्येनैव ज्ञेयम् । यथा पाद्मब्राह्मकल्पयोः क्वचित् क्वचित् साङ्कर्यम्, तद्वत् । तस्मात्—निरोधोऽस्यानुशयनम् आत्मनः सह शक्तिभिः [भा.पु. २.१०.६] इत्य् एतल्लक्षणम् अप्य् उपलक्षणम् एव नित्यप्रलयेऽपि तदव्याप्तेः ॥१५-२४॥ (६३)","तस्मात् सिद्धे मन्वन्तरप्रलये, तस्यापि नैमित्तिकत्वाच् चतुष्टयानतिरिक्तत्वम् । अन्योऽप्य् अकस्मात् प्रलयः श्रूयते यथा स्वायम्भुवमन्वन्तरसृष्ट्यारम्भे, यथा सष्ठमन्वन्तरमध्ये प्राचेतसदक्षदौहित्रहिरण्याक्षवधे । उभयोर् ऐक्येन कथनꣳ तु तृतीये लीलासाजात्येनैव ज्ञेयम् । यथा पाद्मब्राह्मकल्पयोः क्वचित् क्वचित् साङ्कर्यम्, तद्वत् । तस्मात्—निरोधोऽस्यानुशयनम् आत्मनः सह शक्तिभिः [भा.पु. २.१०.६] इत्य् एतल्लक्षणम् अप्य् उपलक्षणम् एव नित्यप्रलयेऽपि तदव्याप्तेः ॥१५-२४॥ (६३)"
1988,"baladevaḥ : pūrvoktāyāṁ daśa-lakṣaṇyāṁ muktir eka-lakṣaṇam | asyāṁ tu caturvidhānāṁ saṁsthāyām ātyantika-laya-śabditā muktir ānīteti | yaṁ cānuśayinam iti bhukta-śiṣṭa-karma-viśiṣṭo jīvonuśayīty ucyate | rūpeti mūrtyā saṁjñayā copeteṣv ity arthaḥ | kārya-dṛṣṭim iti ghaṭādibhyaḥ pṛthag api pṛthvyādeḥ prāpter ity arthaḥ | apāśrayeti īśvara-dhyāna-yogyo bhavatīty arthaḥ | svayam iti vāmadevaḥ khalu garbhasya eva paramātmānaṁ bubudhe, yogena devahūtīty arthaḥ ||63||","बलदेवः : पूर्वोक्तायां दशलक्षण्यां मुक्तिर् एकलक्षणम् । अस्यां तु चतुर्विधानां संस्थायाम् आत्यन्तिकलयशब्दिता मुक्तिर् आनीतेति । यं चानुशयिनम् इति भुक्तशिष्टकर्मविशिष्टो जीवोनुशयीत्य् उच्यते । रूपेति मूर्त्या संज्ञया चोपेतेष्व् इत्य् अर्थः । कार्यदृष्टिम् इति घटादिभ्यः पृथग् अपि पृथ्व्यादेः प्राप्तेर् इत्य् अर्थः । अपाश्रयेति ईश्वरध्यानयोग्यो भवतीत्य् अर्थः । स्वयम् इति वामदेवः खलु गर्भस्य एव परमात्मानं बुबुधे, योगेन देवहूतीत्य् अर्थः ॥६३॥","बलदेवः : पूर्वोक्तायाꣳ दशलक्षण्याꣳ मुक्तिर् एकलक्षणम् । अस्याꣳ तु चतुर्विधानाꣳ सꣳस्थायाम् आत्यन्तिकलयशब्दिता मुक्तिर् आनीतेति । यꣳ चानुशयिनम् इति भुक्तशिष्टकर्मविशिष्टो जीवोनुशयीत्य् उच्यते । रूपेति मूर्त्या सꣳज्ञया चोपेतेष्व् इत्य् अर्थः । कार्यदृष्टिम् इति घटादिभ्यः पृथग् अपि पृथ्व्यादेः प्राप्तेर् इत्य् अर्थः । अपाश्रयेति ईश्वरध्यानयोग्यो भवतीत्य् अर्थः । स्वयम् इति वामदेवः खलु गर्भस्य एव परमात्मानꣳ बुबुधे, योगेन देवहूतीत्य् अर्थः ॥६३॥"
1990,"rādhāmohana-gosvāmī : bādarāyaṇeti | tat-samādhi-labdha-brahma-jīva-bhedena virodhād ity arthaḥ | jāgrad-ādiṣu jīva-vṛttiṣu māyā-mayeṣu dehādiṣu jīva-svarūpasyopādhy-upāhitasyopādhi-vyatireko’sti, tena tadānīmabhimāniteti | śuddha-jīvo’pi śloko’tra tātparya-viṣayo bhavitum arhati, tathāpi tasya brahmatvaṁ na ghaṭate | prāg-ukta-samādhi-labdhārtha-virodhāt suṣupte niruktānvayāsattvāc ca na jīva-paratayā vyākhyāyate iti bhāvaḥ | kevala-sva-svarūpeṇa nirupādhy-aṁśena vyatireka iti | tena brahmaṇas turīyatvaṁ parama-sākṣitayā śuddha-jīvasya sākṣād-darśana-śakty-udbodhakatayā’nvayaś ceti | śivam advaitaṁ caturthaṁ manyante [nṛpu. 4.2] iti śruteḥ, turīyaṁ triṣu santatam iti smṛteś ca | ekādaśāt jīvo’lpa-śaktir alpajñaḥ ity-ādi śrutyā jīvasya svataḥ-siddha-jñānābhāvāt, buddheś codayitā yaś ca cid-ātmā puruṣo virāṭ iti gāyatry-artha-vivaraṇa-yājñavalkya-vacanāt | ko hy evānyāt kaḥ prāṇyāt yad eṣa ākāśa ānando na syāt, eṣa hy evānandayati jīvān iti rāmānuja-bhāṣya-dhṛta-śruteś ca | jīvasya muktatā-daśāyāṁ daśā-trayātītatve’pi na tadānīṁ dśā-trayānvaya iti tad-vyāvṛttiḥ | rūpa-nāmātmakeṣu rūpa-nāma-yukteṣu pañcatā maraṇam, dravyasya pṛthivyādeḥ | ","राधामोहनगोस्वामी : बादरायणेति । तत्समाधिलब्धब्रह्मजीवभेदेन विरोधाद् इत्य् अर्थः । जाग्रदादिषु जीववृत्तिषु मायामयेषु देहादिषु जीवस्वरूपस्योपाध्युपाहितस्योपाधिव्यतिरेकोऽस्ति, तेन तदानीमभिमानितेति । शुद्धजीवोऽपि श्लोकोऽत्र तात्पर्यविषयो भवितुम् अर्हति, तथापि तस्य ब्रह्मत्वं न घटते । प्रागुक्तसमाधिलब्धार्थविरोधात् सुषुप्ते निरुक्तान्वयासत्त्वाच् च न जीवपरतया व्याख्यायते इति भावः । केवलस्वस्वरूपेण निरुपाध्यंशेन व्यतिरेक इति । तेन ब्रह्मणस् तुरीयत्वं परमसाक्षितया शुद्धजीवस्य साक्षाद्दर्शनशक्त्युद्बोधकतयाऽन्वयश् चेति । शिवम् अद्वैतं चतुर्थं मन्यन्ते [नृपु. ४.२] इति श्रुतेः, तुरीयं त्रिषु सन्ततम् इति स्मृतेश् च । एकादशात् जीवोऽल्पशक्तिर् अल्पज्ञः इत्यादि श्रुत्या जीवस्य स्वतःसिद्धज्ञानाभावात्, बुद्धेश् चोदयिता यश् च चिदात्मा पुरुषो विराट् इति गायत्र्यर्थविवरणयाज्ञवल्क्यवचनात् । को ह्य् एवान्यात् कः प्राण्यात् यद् एष आकाश आनन्दो न स्यात्, एष ह्य् एवानन्दयति जीवान् इति रामानुजभाष्यधृतश्रुतेश् च । जीवस्य मुक्ततादशायां दशात्रयातीतत्वेऽपि न तदानीं द्शात्रयान्वय इति तद्व्यावृत्तिः । रूपनामात्मकेषु रूपनामयुक्तेषु पञ्चता मरणम्, द्रव्यस्य पृथिव्यादेः । ","राधामोहनगोस्वामी : बादरायणेति । तत्समाधिलब्धब्रह्मजीवभेदेन विरोधाद् इत्य् अर्थः । जाग्रदादिषु जीववृत्तिषु मायामयेषु देहादिषु जीवस्वरूपस्योपाध्युपाहितस्योपाधिव्यतिरेकोऽस्ति, तेन तदानीमभिमानितेति । शुद्धजीवोऽपि श्लोकोऽत्र तात्पर्यविषयो भवितुम् अर्हति, तथापि तस्य ब्रह्मत्वꣳ न घटते । प्रागुक्तसमाधिलब्धार्थविरोधात् सुषुप्ते निरुक्तान्वयासत्त्वाच् च न जीवपरतया व्याख्यायते इति भावः । केवलस्वस्वरूपेण निरुपाध्यꣳशेन व्यतिरेक इति । तेन ब्रह्मणस् तुरीयत्वꣳ परमसाक्षितया शुद्धजीवस्य साक्षाद्दर्शनशक्त्युद्बोधकतयाऽन्वयश् चेति । शिवम् अद्वैतꣳ चतुर्थꣳ मन्यन्ते [नृपु. ४.२] इति श्रुतेः, तुरीयꣳ त्रिषु सन्ततम् इति स्मृतेश् च । एकादशात् जीवोऽल्पशक्तिर् अल्पज्ञः इत्यादि श्रुत्या जीवस्य स्वतःसिद्धज्ञानाभावात्, बुद्धेश् चोदयिता यश् च चिदात्मा पुरुषो विराट् इति गायत्र्यर्थविवरणयाज्ञवल्क्यवचनात् । को ह्य् एवान्यात् कः प्राण्यात् यद् एष आकाश आनन्दो न स्यात्, एष ह्य् एवानन्दयति जीवान् इति रामानुजभाष्यधृतश्रुतेश् च । जीवस्य मुक्ततादशायाꣳ दशात्रयातीतत्वेऽपि न तदानीꣳ द्शात्रयान्वय इति तद्व्यावृत्तिः । रूपनामात्मकेषु रूपनामयुक्तेषु पञ्चता मरणम्, द्रव्यस्य पृथिव्यादेः । "
1995,tad-vaṁśa-sambhūtaḥ śrīmat-kuñjalālo mahāmatiḥ |,तद्वंशसम्भूतः श्रीमत्कुञ्जलालो महामतिः ।,तद्वꣳशसम्भूतः श्रीमत्कुञ्जलालो महामतिः ।
1996,ahaṁ tasya suto jyeṣṭho gaura-kiśora-saṁjñakaḥ ||,अहं तस्य सुतो ज्येष्ठो गौरकिशोरसंज्ञकः ॥,अहꣳ तस्य सुतो ज्येष्ठो गौरकिशोरसꣳज्ञकः ॥
1998,vaiṣṇava-paritoṣārthaṁ sandarbhārtha-prabodhinī ||,वैष्णवपरितोषार्थं सन्दर्भार्थप्रबोधिनी ॥,वैष्णवपरितोषार्थꣳ सन्दर्भार्थप्रबोधिनी ॥
2000,tad-bhakta-jana-vargāṇāṁ kṛpātaḥ pūrṇatām itā ||,तद्भक्तजनवर्गाणां कृपातः पूर्णताम् इता ॥,तद्भक्तजनवर्गाणाꣳ कृपातः पूर्णताम् इता ॥
2005,caraṇaṁ śaraṇaṁ tasya yātu svarṇa-latā mama |,चरणं शरणं तस्य यातु स्वर्णलता मम ।,चरणꣳ शरणꣳ तस्य यातु स्वर्णलता मम ।
2006,vijayate sadā caivaṁ gauracandro mahāprabhuḥ || ,विजयते सदा चैवं गौरचन्द्रो महाप्रभुः ॥ ,विजयते सदा चैवꣳ गौरचन्द्रो महाप्रभुः ॥ 
2012,"baladevaḥ : iti kalīti kali-yuga-pāvanaṁ yat sva-bhajanaṁ tasya vibhajanaṁ vistaraṇaṁ prayojanaṁ yasya tādṛśo’vatāraḥ prādurbhāvo yasya, tasya śrī-bhagavat-kṛṣṇa-caitanya-devasya caraṇayor anucarau, viśvasmin ye vaiṣṇava-rājās teṣāṁ sabhāsu yat sa-bhājanaṁ sat-kāras tasya bhājane pātre ca yau śrī-rūpa-sanātanau tayor anuśāsana-bhāratya upadeśa-vākyāni garbhe madhye yasya tasmin ||","बलदेवः : इति कलीति कलियुगपावनं यत् स्वभजनं तस्य विभजनं विस्तरणं प्रयोजनं यस्य तादृशोऽवतारः प्रादुर्भावो यस्य, तस्य श्रीभगवत्कृष्णचैतन्यदेवस्य चरणयोर् अनुचरौ, विश्वस्मिन् ये वैष्णवराजास् तेषां सभासु यत् सभाजनं सत्कारस् तस्य भाजने पात्रे च यौ श्रीरूपसनातनौ तयोर् अनुशासनभारत्य उपदेशवाक्यानि गर्भे मध्ये यस्य तस्मिन् ॥","बलदेवः : इति कलीति कलियुगपावनꣳ यत् स्वभजनꣳ तस्य विभजनꣳ विस्तरणꣳ प्रयोजनꣳ यस्य तादृशोऽवतारः प्रादुर्भावो यस्य, तस्य श्रीभगवत्कृष्णचैतन्यदेवस्य चरणयोर् अनुचरौ, विश्वस्मिन् ये वैष्णवराजास् तेषाꣳ सभासु यत् सभाजनꣳ सत्कारस् तस्य भाजने पात्रे च यौ श्रीरूपसनातनौ तयोर् अनुशासनभारत्य उपदेशवाक्यानि गर्भे मध्ये यस्य तस्मिन् ॥"
2015,śrī-jīva-pāṭha-saṁpṛktā sadbhir eṣā viśodhyatām ||,श्रीजीवपाठसंपृक्ता सद्भिर् एषा विशोध्यताम् ॥,श्रीजीवपाठसꣳपृक्ता सद्भिर् एषा विशोध्यताम् ॥
2024,"atra śiro-vākyaṁ kasmiṁścit hasta-lipyāṁ na labhyate | tad eva prakaraṇa-labdham iti sampādakenānena saṁyojitam. asya sandarbhasya tisro vibhāgāḥ—maṅgalācaraṇaṁ, pramāṇa-prakaraṇaṁ, prāmeya-prakaraṇaṁ ca |","अत्र शिरोवाक्यं कस्मिंश्चित् हस्तलिप्यां न लभ्यते । तद् एव प्रकरणलब्धम् इति सम्पादकेनानेन संयोजितम्. अस्य सन्दर्भस्य तिस्रो विभागाः—मङ्गलाचरणं, प्रमाणप्रकरणं, प्रामेयप्रकरणं च ।","अत्र शिरोवाक्यꣳ कस्मिꣳश्चित् हस्तलिप्याꣳ न लभ्यते । तद् एव प्रकरणलब्धम् इति सम्पादकेनानेन सꣳयोजितम्. अस्य सन्दर्भस्य तिस्रो विभागाः—मङ्गलाचरणꣳ, प्रमाणप्रकरणꣳ, प्रामेयप्रकरणꣳ च ।"
2025,atra kaiścit “caturyugāvasthā” likhyate | tat tu na mama prakāśita-viṣṇu-dharmottara-saṁskaraṇe na kutrāpi labdham |,अत्र कैश्चित् “चतुर्युगावस्था” लिख्यते । तत् तु न मम प्रकाशितविष्णुधर्मोत्तरसंस्करणे न कुत्रापि लब्धम् ।,अत्र कैश्चित् “चतुर्युगावस्था” लिख्यते । तत् तु न मम प्रकाशितविष्णुधर्मोत्तरसꣳस्करणे न कुत्रापि लब्धम् ।
2028,gāndharva-vṛttyā miṣatāṁ sva-bhāgaṁ,गान्धर्ववृत्त्या मिषतां स्वभागं,गान्धर्ववृत्त्या मिषताꣳ स्वभागꣳ
2029,jahre padaṁ mūrdhni dadhat suparṇaḥ ||,जह्रे पदं मूर्ध्नि दधत् सुपर्णः ॥,जह्रे पदꣳ मूर्ध्नि दधत् सुपर्णः ॥
2030,prasiddeḥ iti pāṭhaḥ.,प्रसिद्देः इति पाठः।,प्रसिद्देः इति पाठः.
2031,aṅkā ity ādau bodhyāḥ ity-antam aṁśaṁ kānāi-lāla-paṇḍitasya saṁskaraṇe nāsti.,अङ्का इत्य् आदौ बोध्याः इत्यन्तम् अंशं कानाइलालपण्डितस्य संस्करणे नास्ति।,अङ्का इत्य् आदौ बोध्याः इत्यन्तम् अꣳशꣳ कानाइलालपण्डितस्य सꣳस्करणे नास्ति.
2032,ākare na labdham.,आकरे न लब्धम्।,आकरे न लब्धम्.
2033,atra śiro-vākyaṁ kasmiṁścit hasta-lipyāṁ na labhyate | tad eva prakaraṇa-labdham iti sampādakenānena saṁyojitam. ,अत्र शिरोवाक्यं कस्मिंश्चित् हस्तलिप्यां न लभ्यते । तद् एव प्रकरणलब्धम् इति सम्पादकेनानेन संयोजितम्. ,अत्र शिरोवाक्यꣳ कस्मिꣳश्चित् हस्तलिप्याꣳ न लभ्यते । तद् एव प्रकरणलब्धम् इति सम्पादकेनानेन सꣳयोजितम्. 
2035,kumārila-bhaṭṭa-kṛta-tantra-vārtike.,कुमारिलभट्टकृततन्त्रवार्तिके।,कुमारिलभट्टकृततन्त्रवार्तिके.
2036,śaṅkarasya śārīrake 1.3.28 draṣṭavyam.,शङ्करस्य शारीरके १।३।२८ द्रष्टव्यम्।,शङ्करस्य शारीरके १.३.२८ द्रष्टव्यम्.
2037,bhartṛhari-kṛta-vākyapadīye.,भर्तृहरिकृतवाक्यपदीये।,भर्तृहरिकृतवाक्यपदीये.
2038,śānti-parvaṇi kaśyapa-śṛgāla-saṁvāde.,शान्तिपर्वणि कश्यपशृगालसंवादे।,शान्तिपर्वणि कश्यपशृगालसꣳवादे.
2039,ayaṁ śloko mānavīye,अयं श्लोको मानवीये,अयꣳ श्लोको मानवीये
2040,anyavad iti kvacit paṭhyate.,अन्यवद् इति क्वचित् पठ्यते।,अन्यवद् इति क्वचित् पठ्यते.
2042,āruṣī tu manoḥ kanyā tasya patnī manīṣiṇaḥ | aurvas tasyāṁ samabhavad ūruṁ bhittvā mahā-yaśāḥ || [ma.bhā. 1.66.46],आरुषी तु मनोः कन्या तस्य पत्नी मनीषिणः । और्वस् तस्यां समभवद् ऊरुं भित्त्वा महायशाः ॥ [म.भा. १.६६.४६],आरुषी तु मनोः कन्या तस्य पत्नी मनीषिणः । और्वस् तस्याꣳ समभवद् ऊरुꣳ भित्त्वा महायशाः ॥ [म.भा. १.६६.४६]
2044,atra śrī-guru-sad-bhakta-bhagavat-smaraṇaṁ śubham | grantharambhe tu kartavyaṁ maṅgalaṁ śiṣṭa-sammatam || iti yuktam uktaṁ ekasmin saṁskaraṇe sampādakaiḥ kānāi-lāla-adhikāri-mahodayaiḥ | atra-prabhṛti samudayo ṣaṭ-sandarbha eva Prameya-prakaraṇaṁ mantavyam || tasmāt grantho’traivārabhyate ||,अत्र श्रीगुरुसद्भक्तभगवत्स्मरणं शुभम् । ग्रन्थरम्भे तु कर्तव्यं मङ्गलं शिष्टसम्मतम् ॥ इति युक्तम् उक्तं एकस्मिन् संस्करणे सम्पादकैः कानाइलालअधिकारिमहोदयैः । अत्रप्रभृति समुदयो षट्सन्दर्भ एव प्रमेयप्रकरणं मन्तव्यम् ॥ तस्मात् ग्रन्थोऽत्रैवारभ्यते ॥,अत्र श्रीगुरुसद्भक्तभगवत्स्मरणꣳ शुभम् । ग्रन्थरम्भे तु कर्तव्यꣳ मङ्गलꣳ शिष्टसम्मतम् ॥ इति युक्तम् उक्तꣳ एकस्मिन् सꣳस्करणे सम्पादकैः कानाइलालअधिकारिमहोदयैः । अत्रप्रभृति समुदयो षट्सन्दर्भ एव प्रमेयप्रकरणꣳ मन्तव्यम् ॥ तस्मात् ग्रन्थोऽत्रैवारभ्यते ॥
2046,ṭīkā ca. ,टीका च। ,टीका च. 
