paragraph_index,original_iast,run_count
46,yajñaiḥ saṅkīrtana-prāyair yajanti hi sumedhasaḥ ||1|| [bhā.pu. 11.5.32],2
48,sarva-saṁvādinī : śrī-kṛṣṇa-caitanya-candrāya namaḥ |,2
56,	śuklo raktas tathā pīta idānīṁ kṛṣṇatāṁ gataḥ || [bhā.pu. 10.8.13],2
65,pradyumnāyāniruddhāya tubhyaṁ bhagavate namaḥ || [bhā.pu. 11.5.27-29] iti |,2
72,anupraviśya kurute vāsudevo jagat-sthitim || [vi.dha. 104] ity-ādi |,4
76,"tad etad-āvirbhāvatvaṁ tasya svayam eva viśeṣaṇa-dvārā vyanakti—kṛṣṇa-varṇam | kṛṣṇety etau varṇau yatra yasmin śrī-kṛṣṇa-caitanya-deva-nāmni śrī-kṛṣṇatvābhivyañjakaṁ kṛṣṇeti varṇa-yugalaṁ prayuktam astīty arthaḥ | tṛtīye śrīmad-uddhava-vākye—samāhutāh[bhā.pu. 3.3.3] ity-ādi-padye, śriyaḥ savarṇena ity atra [śrīdhara-svāmi-pāda-kṛtāyāṁ] ṭīkāyām, “śriyo rukmiṇyāḥ samānaṁ varṇa-dvayaṁ vācakaṁ yasya sa śriyaḥ sa-varṇo rukmī” ity api dṛśyate | ",6
86,"tam evaṁ-bhūtaṁ kair yajanti ? yajñaiḥ pūjā-sambhāraiḥ | na yatra yajñeśa-makhā mahotsavāḥ [bhā.pu. 5.19.23] ity ukteḥ | tatra ca viśeṣaṇena tam evābhidheyaṁ vyanakti—saṅkīrtanaṁ bahubhir militvā tad-gāna-sukhaṁ śrī-kṛṣṇa-gānam, tat-pradhānaiḥ | tathā saṅkīrtana-prādhānyasya tad-āśriteṣv asakṛd eva darśanāt sa evātrābhidheya iti spaṣṭam ||1|| ",3
88,baladevaḥ : śrī-kṛṣṇo jayati | ,2
115,"śrī-bādarāyaṇo bhagavān vyāso brahma-sūtrāṇi prakāśya tad-bhāṣya-bhūtaṁ śrī-bhāgavatam āvirbhāvya śukaṁ tad-adhyāpitavān | tad-arthaṁ nirṇetu-kāmaḥ śrī-jīvaḥ pratyūha-kulācala-kuliśaṁ vāñchita-pīyūṣa-balāhaka-sveṣṭa-vastu-nirdeśaṁ maṅgalam ācarati kṛṣṇeti | nimi-nṛpatinā pṛṣṭaḥ karabhājano yogī satyādi-yugāvatārānuktvā’tha kalāv api tathā śṛṇu [bhā.pu. 11.5.31] iti tam avadhāpyāha—kṛṣṇa-varṇam iti | sumedhaso janāḥ kalāv api hariṁ bhajanti | kaiḥ ? ity āha saṅkīrtana-prāyair yajñaiḥ arcanair iti | kīdṛśaṁ tam ? ity āha—kṛṣṇo varṇo rūpaṁ yasyāntar iti śeṣaḥ | tviṣā kāntyā tv akṛṣṇam | śuklo raktas tathā pītaḥ idānīṁ kṛṣṇatāṁ gataḥ [bhā.pu. 10.8.13] iti gargokti-pāriśeṣya-vidyud-gauram ity arthaḥ | aṅge nityānandādvaitau | upāṅgāni śrīvāsādayaḥ | astrāṇi avidyā-cchettṛtvād bhagavan-nāmāni | pārṣadān gadādhara-govindāyaḥ | taiḥ sahitam iti mahābalitvaṁ vyajyate | garga-vākye pīta iti prācīna-tad-avatārāpekṣayā | ayam avatāraḥ śveta-varāha-kalpa-gatāṣṭaviṁśa-vaivasvatam anvantarīya-kalau bodhyaḥ | tatratye śrī-caitanya evokta-dharma-darśanāt | anyeṣu kaliṣu kvacic chyāmatvena kvacic chuka-patrābhatvena vyakter ukteḥ | channaḥ kalau yad abhavaḥ [bhā.pu. 7.9.38] iti,śuklo raktas tathā pītaḥ [bhā.pu. 10.8.13] iti,kalāv api tathā śṛṇu [bhā.pu. 11.5.31] itica | ye vimṛśanti te sumedhasaḥ | channatvaṁ ca preyasī-tviṣāvṛtatvaṁ bodhyam | ",11
148,"tathā hi dvāpare vedeṣu samutsanneṣu saṅkīrṇa-prajñair brahmādibhir abhyarthito bhagavān puruṣottamaḥ kṛṣṇa-dvaipāyana-rūpeṇāvatīrya tān uddhṛtya vibabhāja | tad-artha-nirṇetrīṁ catur-lakṣaṇīṁ ca brahma-mīmāṁsām āviścakāra ity asti kathā skāndī | tad-anantaraṁ śrī-nārada-nirdeśena brahma-mīmāṁsāyā akṛtim abhāṣya-bhūtaṁ śrīmad-bhāgavatam āvribhāvayāmāsa | smaryate ca gāruḍe—artho’yaṁ brahma-sūtrāṇāṁ bhāratārtha-vinirṇayaḥ iti | athādhunā, “svalpaṁ tathāyur bahavaś ca vighnāḥ” iti dṛṣṭvā kali-yuge asmin yugocita-veda-vihita-devopāsanāṁ hitvā anyad eva yajana-yājanena vṛthāyuḥ-kṣapaṇenālam iti nirṇetuṁ maṅgalācaraṇa-prasaṅgāt sva-para-pakṣa-maṇḍana-khaṇḍanenāsmin kalau ekasyaiva śrī-gaurāṅga-mahāprabhu-kṛṣṇa-caitanya-devasya prādhānyenopāsyatvaṁ sakala-veda-sāra-bhūta-śrīmad-bhāgavata-padya-saṁvādena ādau ghoṣayati—kṛṣṇeti |",3
154,"atha kāntyā yaḥ akṛṣṇaḥ sa devaḥ kaḥ, yam ahaṁ bhajāni ? iti sandehe sañjāte saṁvādinī-preraṇena siddhāntam āha ānanda-pādaḥ—“tviṣā kāntyā yo’kṛṣṇo gauras taṁ kalau sumedhaso yajanti” | adhunāsya tviṣā akṛṣṇasya kali-yugyocitopāsya-devasya gauratvaṁ sakala-veda-sāra-bhūta-śrīmad-bhāgavata-padya-saṁvādena sādhayati | gauratvaṁ cāsya—",3
157,śuklo raktas tathā pīta idānīṁ kṛṣṇatāṁ gataḥ || [bhā.pu. 10.8.13],2
159,"“ity atra pāriśesya-pramāṇa-labdhaṁ” iti | pariśeṣasya bhāvaḥ pāriśeṣyam | “prasakta-pratiṣedhe’nyatrāprasaṅgāt śiṣyamāṇe sampratyayaḥ pariśeṣaḥ” iti nyāya-bhāṣyam | prasaktānāṁ sambhāvitānāṁ madhye anyeṣāṁ sarveṣāṁ pratiṣedhe sati anantaram avaśiṣṭasya grahaṇaṁ pariśeṣaḥ | yathā dhūmān vahny-anumāne kim indhano vahnir iti viśeṣa-jijñāsāyāṁ dhūmasya viajātya-parīkṣaṇena tṛṇa-parṇa-kāṣṭhānāṁ niṣedhe yat karīṣa-prabhatvam anumīyate tad idaṁ pariśeṣānumānam | aprasaktasya pāṣāṇādes tāvat sambhāvanaiva nāsti ity uktam anyatrāprasaṅgāt anyatra aprasakter ity arthaḥ | daśama-skandhe śrī-kṛṣṇa-nāma-karaṇa-prasaṅge nanda-mahārājaṁ sambhāṣya gargeṇoktaṁ—āsan varṇā iti | yuge yuge vāraṁ vāraṁ dharma-saṁsthāpanāya bhakta-vāñchā-paripūraṇāya ca yathocitāvatāra-dehān gṛhṇataḥ asyārbhakasya śuklo raktas tathā pīta iti trayo-varṇā āsan | hi niścaye | idānīṁ dvāpara-yuge kṛṣṇatāṁ gataḥ kṛṣṇa-varṇatvaṁ prāptaḥ | satya-tretayoḥ śukla-raktāvatārau, idānīṁ kṛṣṇāvatāraḥ iti śeṣaḥ | uktaṁ ca śrī-bhāgavatāmṛte—“kathyante varṇa-nāmābhyāṁ śuklaḥ satya-yuge hariḥ” [la.bhā. 1.4.25] | anyatra ca, tretāyāṁ rakta-varṇo’sau, dvāpare bhagavān śyāmaḥ, dvāpare kṛṣṇatāṁ gataḥ iti ca |",4
174,"athaivambhūta-śrī-gaurāṅga-devasya parameśvaratvaṁ vijñāpayati viśeṣaṇāntareṇa “sāṅgopāṅgāstra-pārṣadam” iti | aṅgāni manoramāvayavādīni upāṅgāni mahā-prabhāva-yukta-bhūṣaṇādīni eva astrāṇi pārṣado yasya saḥ | taṁ śrī-gaurāṅga-mahāprabhuṁ sumedhaso yajantīti nirdeśaḥ | athavā aṅgāni hṛdayādīni, upāṅgāni kaustubhādīni astrāṇi sudarśanādīni, pārṣadāḥ sunandādayaḥ pracchannatvāt gupta-bhāvenāvatiṣṭhante yatra śrī-gaurāṅgāvatāre tam ity arthaḥ | pracchannārthakatva-rūpa-kaṣṭha-kalpanāṁ parityajya śrī-gaurāṅga-pūrṇāvatārocita-vyākhyām āha ānanda-pādaḥ—“atyanta-premāspadatvāt tat-tulyā eva pārṣadāḥ śrīmad-advaitācārya-mahānubhāva-caraṇa-prabhṛtayas taiḥ saha vartamānam iti cārthāntareṇa vaktavyam” iti | atra prabhṛtayaḥ iti padena śrī-nityānando gadādharo śrīvāsaḥ tathā śrī-viṣṇu-priyāyāḥ anuja-sahodara-śrī-yādavācāryaḥ, tathā tat-putra śrī-mādhavānandaḥ nitya-pārṣadā jñeyāḥ |",3
185,sarva-saṁvādinī : tad etat sarvam avadhāryāpi paramotkṛṣṭenārthena tam eva stauti—antaḥ kṛṣṇam ity-ādinā | darśitaṁ caitat parama-vidvac-chiromaṇinā śrī-sārvabhauma-bhaṭṭācāryeṇa—,2
192,baladevaḥ : kṛṣṇa-varṇa-padya-vyākhyā-vyājena tad-artham āśrayati antar iti | sphuṭārthaḥ ||2||,2
194,rādhā-mohana-gosvāmī : sva-bhajanasya sampradāya-pravartanāyāvatīrṇaṁ gaura-rūpeṇa śrī-kṛṣṇaṁ tad-anugata-vyākhyā-sampattaye punaḥ praṇamati—antaḥ-kṛṣṇam iti | āśritā iti vayam iti śeṣaḥ ||2-7||,2
196,gaura-kiśora-gosvāmī : atha prathama-ślokārtha-spaṣṭīkaraṇāya kalau śrī-gaurāṅga eva upāsya iti abhidhā-vṛttyā vijñāpanārthaṁ tat siddhānta-dārḍhyāya tasya paramotkarṣa-pratipādayiṣuḥ tam eva śrī-gaurāṅga-mahāprabhu-kṛṣṇa-caitanya-devaṁ stauti—antaḥ-kṛṣṇam ity-ādinā |,2
208,"atrāpare pratyavatiṣṭhate | yadyapi yugāvatāra-nirṇaya-prasaṅge bhāgavatādi-śāstra-pramāṇakaḥ śrī-gaurāṅgaḥ, tathāpi śrī-kṛṣṇa-tattvād apakṛṣṭatayā śrī-gaurāṅga-tattvaṁ śāstreṇa samarthyate, yathā matsyādy-avatāra-tattvāni | kutaḥ etat ? śrī-kṛṣṇāt śrī-gaurāṅgasya pṛthag-dhyāna-mantrādīnāṁ svīkāre’pi śrī-gaurāṅgopāsanāyā ānarthakya-prasaṅgaḥ | dṛśyate ca śāstre—ete cāṁśa-kalāḥ puṁsaḥ kṛṣṇas tu bhagavān svayaṁ [bhā.pu. 1.3.28] iti | ",3
213,na caitanyāt kṛṣṇāt jagati para-tattvaṁ param iha || iti |,2
222,rādhā-bhāva-dyuti-suvalitaṁ naumi kṛṣṇa-svarūpam || [cai.ca. 1.1.5] iti |,2
242,	śuklo raktas tathā pīta idānīṁ kṛṣṇatāṁ gataḥ || [bhā.pu. 10.8.13] iti |,2
247,yajñaiḥ saṅkīrtana-prāyair yajanti hi sumedhasaḥ || [bhā.pu. 11.5.32] iti ca |,2
255,gaṅgā-tīre navadvīpe vāram ekaṁ śacī-sutaḥ || iti |,2
259,śacī-garbhe navadvīpe svardhunī-parivārite || iti |,2
263,phālgunyāṁ paurṇamāsyāṁ vai niśāyāṁ gaura-vigrahaḥ || iti |,2
269,vaivasvate’ntare brahman gaṅgā-tīre supuṇyade || iti |,2
273,mahāprabhur iti khyātaḥ sarva-lokaika-pāvanaḥ || iti ca |,2
298,bhakti-yogena gaurāṅgaṁ pūjayet priye || ity ādīni |,2
300,tathā hi—namasyāmi śacī-putraṁ gauracandram ity-ādi śrī-gaurāṅga-deva-stotram | śrīman-mauktika-dāma-baddha-cikuram ity-ādi śrī-gaurāṅga-mahāprabhor dhyānam—,5
305,"iti śrī-gaurāṅga-mahāprabhoḥ praṇāma-mantraḥ | śloke tu “sa-putrāya” iti padena “putraḥ” śrī-viṣṇupriyāyāḥ sahodarānuja-śrī-yādavācāryaḥ, tena saha avasthito yaḥ śrī-gaurāṅga-mahāprabhuḥ, tasmai iti | putratvena śrī-yādavācārya-pratipālya-svīya-sevādhikāraṁ śrī-gaurāṅga-mahāprabhuḥ tasmai parama-kṛpayā dadau | tataḥ śrī-yādavācāryasya gaurāṅga-putratvaṁ siddham | “sa-kalatrāya” iti | śacīnandanāya vidmahe ity-ādi hi śrī-gaurāṅga-gāyatrī | adhunā sampravakṣyāmi kavacaṁ sarva-siddhidam ity-ādi śrī-gaurāṅga-kavacam | etāni sarvāṇi hi śāstrebhyaḥ avabodhanīyāni |",3
323,naivāsura-prakṛtayaḥ prabhavanti boddhum || [stotra-ratnaṁ 12] iti |,2
334,sarva-saṁvādinī : jayatām iti | jñāpakau jñāpayitum ||3||,2
336,baladevaḥ : athāśīr namaskāra-rūpaṁ maṅgalam ācarati jayatām iti | śrīlau jñāna-vairāgya-tapaḥ-sampattimantau rūpa-sanātanau me guru-parama-gurū jayataḥ nijotkarṣaṁ prakaṭayatām | mathurā-bhūmāv iti | tatra tayor adhyakṣatā vyajyate | tayor jayo’stv ity āśāsyate | jayatir atra tad itara-sarva-sad-vṛndotkarṣa-vacanaḥ | tad-utkarṣāśrayatvāt tayos tat-sarva-namasyatvam ākṣipyate | tat-sarvāntaḥpātitvāt svasya tau namayāv iti ca vyajyate | tau kīdṛśāv ity āha | yāv imāṁ samdarbhākhyāṁ pustikāṁ vilekhayatas tasyā likhane māṁ pravartayataḥ | buddhau siddhatvāt imām ity uktiḥ | tattvaṁ jñāpakau tattvaṁ vādya-prabhede syāt svarūpe paramātmani iti viśva-koṣāt | pareśaṁ saparikaraṁ jñāpayiṣyantāv ity arthaḥ | kartari bhaviṣyati ṇvul ṣaṣṭhī-niṣedhas tu akenor bhaviṣyad ādhamarṇayoḥ [pā. 2.3.70] iti sūtrāt ||3||,6
338,rādhā-mohana-gosvāmī : na vyākhyātam.,2
340,"gaura-kiśora-gosvāmī : purā kila śrī-rūpa-sanātanau karṇāṭa-deśa-vāsi-prasiddha-brāhmaṇa-vaṁśajau āstām | atha kārya-vyapadeśena tau dvau gauḍe rāja-mantri-rūpeṇa avasatām | tatra śrī-gaurāṅgasyānugata-jana-caraṇa-reṇoḥ sparśena jñāna-vijñāna-tapaḥ-sampattimantau tau kaṭhora-vairāgyam avalambya vraja-bhūmau vasan śrī-gaurāṅga-mahāprabhoḥ sañcārita-śakti-balena vaiṣṇava-śrī-granthādīn prakaṭayāmāsatuḥ | vartamāna-grantha-kāraḥ tayor bhrātuṣputraḥ śiṣyaṁ ca, granthasya nirvighna-parisamāpty-arthaṁ tau dvau namaskaroti | vairāgyānantaraṁ jāgatika-dhana-śūnyatve’pi ahaituka-bhakti-sampatter adhikāritva-hetor anayoḥ śrī-yuktatvāt—śrīla iti | śrī-rūpa-sanātanayor nirdeśena grantha-kārasyeyaṁ grantha-saṅkalana-pravṛttiḥ | dhāmnā saha tayor jayam icchati—jayatām iti ||3||",2
349,"sarva-saṁvādinī : ko’pīti | vṛddha-vaiṣṇavaiḥ śrī-rāmānuja-madhvācārya-śrīdhara-svāmy-ādibhir yal likhitam, tasmād uddhṛtasyety arthaḥ | anena sva-kapola-kalpitatvaṁ ca nirastam ||4||",2
351,baladevaḥ : granthasya purātanatvaṁ sva-pariṣkṛtatvaṁ cāha—ko’pīti | tad-bāndhavas tayo rūpa-sanātanayor bandhur gopāla-bhaṭṭa ity arthaḥ | vṛddha-vaiṣṇavaiḥ śrī-madhv-ādibhir likhitād granthāt taṁ vivicya vicārya sāraṁ gṛhītvā grantham imaṁ vyalikhat ||4||,2
353,rādhā-mohana-gosvāmī : na vyākhyātam.,2
355,gaura-kiśora-gosvāmī : granthasyāsya prācīnatvaṁ tathā mahājana-vartma-cāritvaṁ darśayati—ko’pīti | bhaṭṭaḥ śrī-gopāla-bhaṭṭa-pādaḥ | “vṛddha-vaiṣṇavaiḥ śrī-rāmānujānanda-śrīdhara-svāmi-pādādibhir yal likhitaṁ tad dṛṣṭvety arthaḥ | anena sva-kapola-kalpitatvaṁ nirastam” iti saṁvādinī ||3||,2
364,sarva-saṁvādinī : na vyākhyātam.,2
366,"baladevaḥ : tasya bhaṭṭasya ādyaṁ purātanaṁ granthanālekhaṁ paryālocya jīvako mal-lakṣaṇaḥ, paryāyaṁ kṛtvā kramaṁ nibadhya likhati | “grantha sandarbhe”[dhātu 1839] caurādikaḥ | tato ṇyāsa-śrantha [pā. 3.3.107] iti karmaṇi yuc, granthanā granthaḥ | tasya lekhaṁ likhanam, bhāve ghañ | taṁ lekhaṁ kīdṛśam ?ity āha—krāntam, krameṇa sthitam | vyutkrāntaṁ vyutkrameṇa sthitam | khaṇḍitaṁ chinnam iti sva-śramasya sārthakyam ||5||",4
368,rādhā-mohana-gosvāmī : na vyākhyātam.,2
370,gaura-kiśora-gosvāmī : atha grantha-kāraḥ nikhila-śāstra-niṣṇātaḥ mahā-dārśanika-cūḍāmaṇiḥ śrī-jīva-gosvāmii-pādaḥ vaiṣṇavocita-svabhāva-sulabha-vinaya-guṇa-sampannatvāt svāhaṅkāraṁ pariharati—tasyādyam iti ślokena ||5||,2
379,sarva-saṁvādinī : ya iti | eko mukhyaḥ | etat likhanam ||6||,2
381,baladevaḥ : granthasya rahasyatvam āha yaḥ śrīti | kṛṣṇa-pāratamye’nyenānādṛte tasyāmaṅgalaṁ syād iti | tan-maṅgalāyaitat | na tu granthāvadya-bhayāt | tasya suvyutpannair niravadyatvena parīkṣitatvāt ||6||,2
383,rādhā-mohana-gosvāmī : na vyākhyātam.,2
385,"gaura-kiśora-gosvāmī : asya granthasya gurutvātiśayyāt grantha-prārambhe śapatha-vākyam āha—yaḥ śrī-kṛṣṇeti | na ca viruddha-matāvalambibhiḥ saha vicāra-parāṅmukhatāvaśan svīya-sāmpradāyikāveṣṭana-viśeṣa evāyaṁ yenānyeṣāṁ paṭhana-pāṭhanaṁ vyāvartitam | sarvatrāpratidvandvitve’pi nirahaṅkāra-samadarśi-vaiṣṇave udāratāyāḥ cira-prācuryāt | puruṣottame śrī-kṛṣṇe śraddhā-hīnānāṁ tat-sambandhi-grantha-paryāya-locanena avajñā-buddhi-vaśāt para-pakṣa-jigīṣonmādanād vā aparādhaḥ sañjāyeta tat teṣāṁ mābhūt, iti sarva-jana-kalyāṇa-kāṅkṣī-grantha-kāraḥ svārthī-bhūta-viśva-vyāpī-kāruṇyaḥ śrī-jīva-gosvāmi-pādaḥ aparān niṣedhati—anyasmai śapatho’rpitaḥ iti ||6||",2
394,sarva-saṁvādinī : atheti | śrī-bhāgavata-sandarbha-nāmānaṁ sandarbha-grantham ity arthaḥ | vaśmi kāmaye ||7||,2
396,baladevaḥ : atheti |,2
401,ity abhiyuktokta-laksaṇaṁ sandarbhaṁ lekhituṁ vaśmi vāñchāmi | śrī-bhāgavataṁ sandṛbhyate grathyate’treti | halaś ca [pā. 3.3.21] ity adhikaraṇe ghañ ||7||,3
403,rādhā-mohana-gosvāmī : na vyākhyātam.,2
405,"gaura-kiśora-gosvāmī : anantaraṁ granthasya yathocitaṁ nāma nirdiśati—natveti | śrī-bhāgavata-sandarbham iti | sam-pūrva-dṛbha-dhātor ghañi niṣpannaṁ sandarbha-padaṁ racanām āhuḥ—sandarbhaḥ prabandhaḥ iti trikāṇḍa-śeṣaḥ | sandarbho racanā gumphaḥ granthanaṁ samā iti hemacandraḥ | sandarbha-lakṣaṇam uktaṁ prācīnaiḥ, yathā—",6
421,"sarva-saṁvādinī : sarva-granthārthaṁ saṅkṣepeṇa darśayann api maṅgalācarati—yasya iti | kvacid api satyaṁ jñānam anantaṁ brahma [tai.u. 2.1.2] ity ādāv api-śabdena tatraiva brahmatvaṁ mukhyam ity ānītam | aṁśakaiḥ līlāvatāra-rūpair guṇāvatāra-rūpaiś ca | pumān puruṣaḥ sarvāntaryāmī paramātmākhyaḥ | ekaṁ śrī-kṛṣṇākhyād anyat | yasyaiva iti tasya bhagavattva-sāmye’pi śrī-kṛṣṇasyaiva svayaṁ-bhagavattvaṁ darśitam | nārāyaṇākhyaṁ rūpaṁ pādottara-khaṇḍādi-pratipādyaḥ parama-vyomākhya-mahā-vaikuṇṭhādhipaḥ śrīpatiḥ | “svayaṁ bhagavān” iti, kṛṣṇas tu bhagavān svayaṁ [bhā.pu. 1.3.28] iti śrī-bhāgavata-prāmāṇyam iheti sūcitam | śrīr iti tad-avyabhicāriṇī svarūpa-śaktir api darśitā | iha jagati | tat-pāda-bhājāṁ tac-caraṇāravindaṁ bhajatām | prema prīty-atiśayam | vidhattāṁ kurutāṁ prādurbhāvayatv ity arthaḥ ||8||",6
423,"baladevaḥ : atha śrotṛ-rucy-utpattaye granthasya viṣayādīn anubandhān saṅkṣepeṇa tāvad āha yasyeti | sa svayaṁ bhagavān śrī-kṛṣṇaḥ | iha jagati tat-pāda-bhājāṁ tac-caraṇa-padma-sevināṁ sva-viṣayakaṁ prema vidhattām arpayatu | sa kaḥ | ity āha yasya svarūpānubandhyākṛtiguṇa-vibhūti-viśiṣṭasyaiva śrī-kṛṣṇasya | cinmātra-sattā anabhivyakta-tat-tad-viśeṣā jñāna-rūpā vidyamānatā | kvacid api nigame kasmiṁścit satyaṁ jñānam anantaṁ brahma [tai.u.2.1.1],astīty evopalabdhavyaḥ [kā.u. 2.3.13] ity-ādi-rūpe śruti-khaṇḍe brahmeti saṁjñāṁ yāti | tādṛśatayā cintayatāṁ tathā pratītam āsīd ity arthaḥ | bhakti-bhāvita-manasāṁ tu vyañjita-tat-tad-viśeṣā saiva puruṣatvena pratītā bhavatīti bodhyam | satyaṁ jñānam ity upakrāntasyaivānandamaya-puruṣatvena nirūpaṇāt | ata evam uktaṁ jitaṁ te stotre—",6
426,tathāpi puruṣākāro bhaktānāṁ tvaṁ prakāśate || iti |,2
432,brahmeti paramātmeti bhagavān iti śabdyate || [bhā.pu. 1.2.11],2
440,"gaura-kiśora-gosvāmī : sarva-granthārthaṁ saṁkṣepeṇa darśayann api maṅgalam ācarati, tathā viṣayādīn anubandhān nirdiśati—yasyeti granthena | anubandho nāma adhikāri-viṣaya-sambandha-prayojanāni | svayaṁ bhagavān sa śrī-kṛṣṇaḥ puruṣottama iha saṁsāre tat-pāda-bhājāṁ tac-caraṇa-sevakānāṁ premāṇaṁ vidhattāṁ vidadhāt | ko’sau ? ity āha—yasya śrī-kṛṣṇasyāpi cin-mātra-sattā kvacit nigame brahmeti saṁjñāṁ yāti | satyaṁ jñānam anantaṁ brahma [tai.u.2.1.1] ity ādau brahmānubhavopadeśaḥ śrutau dṛśyate | tad brahma śrī-kṛṣṇasya cin-mātra-sattvāt nātiriktam | śrī-kṛṣṇasyācintya-jñāna-rūpatva-viśeṣa eva brahma | api-śabdena tatraiva brahmatvaṁ mukhyam ity ānītam | jñāna-mārgī śrī-kṛṣṇasya cin-mātra-sattāṁ brahmeti matyā prāpnotīti bhāvaḥ | etena cin-mātra-sattātirikta-brahmāstitva-kalpanā viśeṣeṇa bādhitā | yasya svarūpato’ṁśaḥ sann api punaḥ svakīyair aṁśakair līlāvatāra-rūpair guṇāvatāra-rūpaiś ca māyāṁ svakīyāṁ prakṛtim, mayādhyakṣeṇa prakṛtiḥ sūyate sa-carācaraṁ [gītā 9.10], mama māyā duratyayā [gītā 7.14] ity-ādi-gītā-saṁvādena sarva-carācara-visarga-karīṁ jīva-vimohinīṁ śaktiṁ varṇayan vaśīkurvann eva vibhavati viśeṣeṇa prabhavati | tat-tad-avatāra-grahaṇenāpi nāsya svarūpānyathā-bhāvo bhavatīty ākūtam | pumān puruṣaḥ sarvāntaryāmī paramātmākhyaḥ | evaṁ śrī-kṛṣṇākhyād anyaḥ yasyeti tasya bhagavattā-sāmye’pi śrī-kṛṣṇasyaiva svayaṁ bhagavattvaṁ darśitam | yasya ekaṁ mukhyam, eke mukhyānya-kevalā iti koṣāt nārāyaṇākhyaṁ rūpaṁ pādmottara-khaṇḍādi pratipādyam, parama-vyomni mahā-vaikuṇṭhe vilasati, sarvātiśāyi-mahimnā virājate | parama-vyomākhya-mahā-vaikuṇṭhādhipatiḥ śrīpatiḥ svayaṁ bhagavāniti pādmottara-khaṇḍe kathānusandheyā | kṛṣṇas tu bhagavān [bhā.pu. 1.3.28] svayam iti śrī-bhāgavata-prāmāṇyam ihāpi sūcitam | śrīti tad-avyabhicāriṇī-svarūpa-śaktir api darśitā | iti saṁvādinī-vijñaptyā śriyā rādhikayā yuktaḥ sa śrī-kṛṣṇaḥ prema vidhattām | prema śrī-kṛṣṇa-caraṇe ahaikutka-prīty-atiśayaḥ | sa eva pūrva-puruṣārthaḥ | etena mukty-ādeḥ parama-puruṣārthatvam apākṛtaṁ boddhavyam ||8||",13
449,"sarva-saṁvādinī : atra puruṣasya iti | atraitad uktaṁ bhavati—yadyapi pratyakṣānumāna-śabdārṣopamāṇārthāpatty-abhāva-sambhavaitihya-ceṣṭākhyāni daśa pramāṇāni viditāni, tathāpi bhrama-pramāda-vipralipsā-karaṇāpāṭava-doṣa-rahita-vacanātmakaḥ śabda eva mūlaṁ pramāṇam | anyeṣāṁ prāyaḥ puruṣa-bhramādi-doṣamayatayānyathā-pratīti-darśanena pramāṇaṁ vā tad-ābhāsaṁ veti puruṣair nirṇetum aśakyatvāt, tasya tu tad-abhāvāt | ato rājñā bhṛtyānām iva tenaivānyeṣāṁ baddha-mūlatvāt, tasya tu nairapekṣyāt, yathā-śakti kvacid eva tasya taiḥ sācivya-karaṇāt, svādhīnasya tasya tu tāny upamardyāpi pravṛtti-darśanāt, tena pratipādite vastuni tair viroddhum aśakyatvāt, teṣāṁ śaktibhir aspṛśye vastuni tasyaiva tu sādhakatamatvāt |",2
453,"śabdasya tu nairapekṣyam, yathā—“daśamas tvam asi” ity ādau | sa eṣa śabdo daśamo’ham asmīti pramāyās tiraskāriṇaṁ mohaṁ śravaṇa-patha-praveśa-mātrād vinivartayaty eveti spaṣṭam eva nairapekṣyam | ātma-śakty-anurūpam eva pratyakṣeṇa śabdasya sācivya-kṛtiḥ, yathā—“agnir himasya bheṣajam” ity ādāv eva | na tu bhavān babhūva garbhe me mathurā-nagare sutaḥ ity ādau | ",3
471,baladevaḥ : athaivam iti | sūcitānāṁ vyañjitānāṁ caturṇām ity arthaḥ | śrī-kṛṣṇaś ca granthasya viṣayaḥ | tad-vācya-vācaka-lakṣaṇaś ca sambandhaḥ | tad-bhajanaṁ tac-chravaṇa-kīrtanādi-tal-lakṣaṇaṁ yad-vidheyaṁ tat-saparyāyāṁ yad abhidheyaṁ tac ca | tat-prema-lakṣaṇaṁ prayojanaṁ ca puruṣārthas tad-ākhyānām | eka-vācya-vācakatavaṁ paryāyatvam | samānaḥ paryāyo’syeti saparyāyaḥ | samānārthaka-saha-śabdena samāsād asvapada-vigraho bahu-vrīhiḥ | vopasarjanasya [pā. 6.3.82] iti sūtrāt sahasya sādeśaḥ | ,5
474,sādṛśye vidyamāne ca sambandhe ca saha smṛtam || iti śrīdharaḥ |,2
476,"tatreti puruṣasya vyāvahārikasya vyutpannasyāpi bhramādi-doṣa-grastatvāt tādṛk-pāramārthaika-vastu-sparśānarhatvāc catat-pratyakṣādīni ca sadoṣāṇīti yojyam | bhramaḥ pramādo vipralipsā karaṇāpaṭavaṁ ceti jīve catvāro doṣāḥ | teṣv atasmiṁs tad-buddhir bhramaḥ | yena sthāṇau puruṣa-buddhiḥ | anavadhānatānya-cittatā-lakṣaṇaḥ pramādaḥ | yenāntike gīyamānaṁ gānaṁ na gṛhyate | vañcanecchā vipralipsā | yayā’śiṣye sva-jñāto’py artho na prakāśyate | indriyam āndyaṁ karaṇāpaṭavam | yena datta-manasāpi yathāvat vastu na paricīyate | ete pramātṛ-jīva-doṣāḥ | parmāṇeṣu sañcaranti | teṣu bhramādi-trayaṁ pratyakṣe, tan-mūlake’numāne ca | vipralipsā tu śabda iti bodhyam | pratyakṣādīny aṣṭau bhavanti pramāṇāni | tatrārtha-sannikṛṣṭaṁ cakṣurādīndriyaṁ pratyakṣam | anumiti-karaṇam anumānaṁ [tarka-saṅgraha] agnyādi-jñānam anumitiḥ, tat-karaṇaṁ dhūmādi-jñānam | āpta-vākyaṁ śabdaḥ [ibid.] | upamiti-karaṇam upamānaṁ [ibid.] go-sadṛśo gavaya ity ādau | saṁjñāsaṁjñi-sambandha-jñānam upamitiḥ [ibid.] tat-karaṇaṁ sādṛśya-jñānam |",9
480,"rādhamohana-gosvāmī : atheti pramāṇaṁ vinirṇīyata ity anenāsyānvayaḥ | kim-arthaṁ pramāṇa-vinirṇayaḥ ? ity ata āha—evaṁ sūcitānām iti | tatra śrī-bhāgavata-sandarbhaṁ vacmīty anena śrī-kṛṣṇa-svarūpa-tad-bhajanayor abhidheyatvam | tayor vācya-vācakatā-lakṣaṇa-sambandhaś ca sūcitaḥ | “prema dadyād bhajadbhyaḥ” ity anena bhajanasya vidheyatvam, premnaḥ phalatvaṁ sūcitam | śrī-kṛṣṇeti tad-bhajanopalakṣaṇam | tena kṛṣṇa-tad-bhajanayor vācyatā, granthasya vācakateti paraspara-sambandho darśitaḥ | śrī-kṛṣṇa-sambandha-kathanāt tasyābhidheyatā-lābhaḥ | bhajanasya vidheyatayābhidheyatvam iti viśeṣāya svātantryeṇa tat-kīrtanam | vidheya-paryāyābhidheyety asya vidheya-lakṣaṇābhidheyety arthaḥ | ",2
490,tatas tāni na pramāṇānīty anādi-siddha-sarva-puruṣa-paramparāsu sarva-laukikālaukika-jñāna-nidānatvādaprākṛta-vacana-lakṣaṇo veda evāsmākaṁ sarvātīta-sarvāśraya-sarvācintyāścarya-svabhāvaṁ vastu-vividiṣatāṁ pramāṇam ||10||,3
492,"sarva-saṁvādinī : athaivaṁ śabdasya pramāṇatve paryavasite ko’sau śabda iti vivecanīyam | tatra “bhramādi-rahitaṁ vacaḥ śabdaḥ” ity anenaiva paryāptir na syāt | yathā sva-mati-gṛhīte pakṣe bhramādi-rahito’yam ayam eveti pratisvaṁ mata-bhede nirṇayābhāvāpattes tathā tasyāpi śabdasya pratyakṣāvagamyatvena parānugatatvād aprāmāṇyāpatteḥ | tasmād yo [śabdaḥ] nija-nija-vidvattāyai sarvair evābhyasyate, yasyādhigamena sarveṣām api sarvaiva vidvattā bhavati, yat kṛtayaiva parama-vidvattayā pratyakṣādikam api śuddhaṁ syāt, yaś cānāditvāt svayam eva siddhaḥ, sa eva nikhilaitihya-mūla-rūpo mahā-vākya-samudayaḥ śabdo’tra gṛhyate | sa ca śāstram eva | tac ca veda eva | ya evānādi-siddhaḥ sarva-kāraṇasya bhagavato’nādi-siddhaṁ punaḥ punaḥ sṛṣṭy-ādau tasmād evāvirbhūtam apauruṣeyaṁ vākyam | tad eva bhramādi-rahitaṁ sambhāvitam | tac ca sarva-janakasya tasya ca sa-doṣa-deśāyāvaśyakaṁ mantavyam | tad eva cāvyabhicāri pramāṇam | tac ca tat-kṛpayā ko’pi ko’pi gṛhṇāti | kutarka-karkaśā mūḍhā vā tan na gṛhṇantu nāma, teṣām apramā-padaṁ katham apayātu ? na ceśvara-vihita-vaidyakādi-śāstram amatam | pramāṇābhāvād itaravad yātīti cen, na | pareṣāṁ tad-anugatatvād eva śāstratva-vyavahāraḥ | na ca buddhasyāpīśvaratve sati tad-vākyaṁ ca pramāṇaṁ syād iti vācyam | yena śāstreṇa tasya īśvaratvaṁ manyāmahe, tenaiva tasya daitya-mohana-śāstra-kāritvenoktatvāt |",4
494,"atra [vedasya prāmāṇya-viṣaye] vācaspatiś caivam āha [śaṅkara-bhāṣya-bhāmatī-ṭīkāyām upodghāte]—“na ca jyeṣṭha-[agrajāta]-pramāṇa-pratyakṣa-virodhād āmnāyasyaiva tad-apekṣasyāprāmānyam upacaritārthatvaṁ veti yuktam | asyāpauruṣeyatayā niransta-samsanta-doṣāśaṅkasya bodhakatayā ca svataḥ-siddha-pramāṇa-bhāvasya sva-kārya-pramitau parānapekṣatvāt | pramitāv anapekṣatve’py utpattau pratyakṣāpekṣatvāt | tad-virodhād anutpatti-lakṣaṇam asyāprāmāṇyam iti cet, na | utpādakāpratidvandvitvāt | na hy āgama-jñānaṁ sāṁvyavahārikaṁ pratyakṣasya prāmāṇyam upahanti, yena kāraṇābhāvān na bhavet, api tu tāttvikam | na ca tat tasyotpādakam atāttvika-pramāṇa-bhāvebhyo’pi sāṁvyavahārikebhyaḥ [pramāṇebhyaḥ] tattva-jñānotpatti-darśanāt | yathā varṇe hrasva-dīrghatvādayo’nya-dharmā api samāropitās tattva-pratipatti-hetavaḥ | na hi laukikā nāga iti vā, nagaḥ iti vā padāt kuñjaraṁ vā taruṁ vā pratipadyamānā bhavanti bhrāntāḥ | na cāmanya-paraṁ vākyaṁ svārthe upacaritārthaṁ kartuṁ yuktam | uktaṁ hi—na vidhau paraḥ śabdārthaḥ [pū.mī. 1.2.19, śaṅkara-bhāṣye] iti | jyeṣṭhatvaṁ [agra-jātatvaṁ] cānapekṣitasya bādhyatve hetur na tu bādhakatve, rajata-jñānasya jyāyasaḥ śukti-jñānena kanīyasā bādhaka-darśanāt | tad-anapavādhane yad apabādhātmanas tasyotpatter anupapattiḥ | darśitaṁ ca tāttvika-pramāṇa-bhāvasyānapekṣitatvam | tathā ca pāramarśaṁ sūtraṁ—pūrvaṁ daurbalyaṁ prakṛtivat [pū.mī. 6.5.54] iti | tathā—",10
497,	anyonya-nirapekṣāṇāṁ yatra janma dhiyāṁ bhavet || [ta.vā. 3.3.2] iti ||,4
501,nanv arvāg-jana-saṁvādādi-darśanāt kathaṁ tasyānāditvādi ? ucyate—ata eva ca nityatvaṁ [ve.sū. 1.3.29] ity atra sūtre śāṅkara-śārīraka-bhāṣya-pramāṇitāyāṁ śrutau śrūyate—yajñena vācaḥ padavīyam āyan tām anvavindy ṛṣiṣu praviṣṭāṁ [ṛ.ve. 10.71.3] iti | smṛtau ca—,5
504,lebhire tapasā pūrvam anujñātāḥ svayambhuvā || [ma.bhā. 12.203.17] iti |,2
506,"tasmān nitya-siddhasyaiva veda-śabdasya tatra tatra praveśa eva, na tu tat-kartṛkatā | tathā cānādi-siddha-vedānurūpaiva pratikalpaṁ tat-tan-nāmādi-pravṛttiḥ | tathā hi—samāna-nāma-rūpatvāc cāvṛttāv apy avirodho darśanāt smṛteś ca [ve.sū. 1.3.30] ity atra tattva-vāda-bhāṣya-kṛdbhiḥ śrī-madhvācāryair udāhṛtā śrutiḥ | sūryācandramasau dhātā yathā-pūrvam akalpayat [ṛ.ve. 10.190],",5
509,tasmān nānīdṛśaṁ kvāpi viśvam etad bhaviṣyati || iti |,2
515,veda-śabdebhya evādau nirmame sa maheśvaraḥ || [ma.bhā. 12.217.49],2
517,"atra śabda-pūrvaka-sṛṣṭi-prakrame śrutiś cādvaita-śārīraka-bhāṣye darśitā—etā iti vai prajāpatir devānusṛjata, asṛgrān iti manuṣyān indava iti pitṝn [chā.brā. 1.3.28] ity-ādikā | tathā sa bhūr iti vyāharat sa bhūmim asṛjata[tai.brā. 2.2.4.2] ity-ādikā ca | tathā śrī-rāmānuja-śārīrake (1.3.27) darśitā ca—vedena nāma-rūpe vyākarot satāsatī prajāpatiḥ iti | ata evautpattike śabdasyārthena sambandhe samāśrite nirapekṣam eva vedasya prāmāṇyaṁ matam | śabda iti cen nātaḥ prabhavāt pratyakṣānumānābhyām ity atra saṁvādādi-rūpa-prakriyā tu śrotṛ-bodha-saukarya-karīti sāmañjasyam eva bhajate | tasmād vedākhyaṁ śāstraṁ pramāṇaṁ tat-tal-lakṣaṇa-hīnatvāt tad-viruddhatvāc cāvaidika tu śāstraṁ na pramāṇam ||10||",7
519,"baladevaḥ : tatas tāni na pramāṇānīti | tato bhramādi-doṣa-yogāt | tāni pratyakṣādīni paramārtha-pramā-karaṇāni na bhavanti | māyā-muṇḍāvaloke tasyaivedaṁ muṇḍam ity atra pratyakṣaṁ vyabhicāri | vṛṣṭyā tat-kāla-nirvāpita-vahnau ciraṁ dhūma-prodgāriṇi girau vahminān dhūmāt ity anumānaṁ ca vyabhicāri dṛṣṭam | āpta-vākyaṁ ca tathā, ekenāptena muninā samarthitasyārthasyāpareṇa tādṛśena dūṣitatvāt | ata uktaṁ nāsav ṛṣir yasya mataṁ na bhinnam iti | ",4
524,trayaṁ suviditaṁ kāryaṁ dharma-śuddhim abhīpsatā || [manu. 12.105] iti |,2
526,evam asmad-vṛddhāś ca | sarva-paramparāsu brahmotpanneṣu deva-mānavādiṣu sarveṣu vaṁśeṣu | paramparā parīpāṭyāṁ santāne’pi vadhe kvacititi viśvaḥ | laukika-jñānaṁ karma-vidyā | alaukika-jñānaṁ brahma-vidyā | aprākṛteti vācā virūpa nityayā iti mantra-varṇanāt [ṛ.ve. 8.75.6] | ,6
533,"rādhā-mohana-gosvāmī : tataḥ puruṣa-pratyakṣādeḥ sa-doṣatvāt | tāni puruṣa-pratyakṣādīni, na pramāṇāni, neśvara-tad-bhajanayor yāthārthyena sādhana-samarthāni | atraiva hetv-antaraṁ—sutarām acintyālaukika-vastu-sparśāyogyatvāc ceti | anumānasyeśvara-sādhanatva-sambhavepi śrī-kṛṣṇa-rūpa-tad-bhajana-sādhana-yogyatvam | ",2
535,"nanu veda evety eva-kārāsaṅgatiḥ ? vedārtha-viveke’numānāpekṣaṇāt | ātmā vā are draṣṭavyaḥ śrotavyo nididhyāsitavyaḥ [bṛ.ā.u. 2.4.5] ity-ādi-śruteḥ | evaṁ mukhyānām eṣāṁ sadoṣatvāt tad-upajīvinām upamānādīnāṁ tathātvaṁ susiddham eva | ātmā vai ātmaiva, “draṣṭavyaḥ” sākṣāt-kartavyaḥ | katham ? ity apekṣāyām āha—“śrotavya” ity-ādi-trayam | tatra śravaṇaṁ vedetihāsa-purāṇādibhyaḥ kāryam | śrotavyaḥ śruti-vākyebhyaḥ iti śravaṇāt | bahu-vacanaṁ—gaṇārtham | tena purāṇādi-parigrahaḥ | vedārtha-pratītāv api tatrārthānara-paratva-sambhāvanayāprāmāṇya-śaṅkā | tasyā sambhavenāha—“mantavyaḥ” iti | mananaṁ bahubhir hetubhir anumānam | mantavyaś copapattibhiḥ iti śravaṇāt | ",7
537,"tathā ca tarkānugṛhītena mananena vedād avagatam arthaṁ samyaktayāvadhārye punaḥ punar dhyāna-rūpa-nididhyāsanaṁ kāryam | tata ātma-sākṣātkāra iti paryavasitārthaḥ | ātma-padaṁ cātra parameśvara-param | tam eva viditvātimṛtyum eti nānyaḥ panthā vidyate’yanāya [] ity-ādi-śruty-eka-vākyatvāt | na ca, na vā are patyuḥ kāmāya patiḥ priyo bhavati, ātmanas tu kāmāya patiḥ priyo bhavati ity-ādi jīvātmānam upakramya ātmā vā are draṣṭavyaḥ [bṛ.ā.u. 2.4.5] ity uktatvād ātma-padaṁ jīvātma-param iti vācyam | na vā are patyuḥ kāmāya ity-ādinā svātmopādhika-paty-ādi-niṣṭha-priyatvākhyānena svātma-sukhasyaiva parama-prayojanatvam uktvā, paramātma-sukhasya sarvato’tiśayasya prāptaye sarvathā yatitavyam ity āśayena “ātmā draṣṭavyaḥ” ity upasaṁhārāt ||10||",9
543,"tac cānumataṁ—tarkāpratiṣṭhānāt [bra.sū. 2.1.11] ity ādau, acintyāḥ khalu ye bhāvā na tāṁs tarkeṇa yojayet [ma.bhā. 6.5.12] ity ādau, śāstra-yonitvāt [bra.sū. 1.1.3] ity ādau,śrutes tu śabda-mūlatvāt [bra.sū. 2.1.27] ity ādau | ",9
546,śreyas tv anupalabdhe’rthe sādhya-sādhanayor api || [bhā. 11.20.4] ity ādau ||11||,2
548,"sarva-saṁvādinī : yeṣāṁ veśvara-kalpanā nāsti, teṣām api śāstrasyātyarvāg-jana-kṛtatvena prasiddhatvād anādy avicchinna-veda-pralopana-bhūyiṣṭha-vṛttitvenānādi-siddha-varṇāśrama-lopi-cārityeṇa varṇaṁ ca taṁ taṁ nijānnādinā vilupyaiva sva-goṣṭhīṣu sampādanena cārvācīnatvenaivāvagatatvāt tat [śāstraṁ] kenāpy adhunaivotthāpitam ity eva sphuṭam āyāti |",2
550,"nanu vede'pi grāvāṇaḥ plavante, mṛd avravīd āpo'bruvan ity-ādi-darśanād anāptatvam iva [asatya-vaktṛtvam iva] pratīyate? ucyate—karma-viśeṣāṅgī-bhūtānāṁ grāvṇāṁ [karma-phala-dāne] vīrya-vardhanāya stutir iyam | sā ca śrī-rāma-kalpita-setu-bandhādau prasiddhatvena yathāvad eveti na doṣaḥ | tathā mṛd avravīd āpo'bruvan ity ādau tat-tad-abhimāni-devataiva vyapadiśyata iti jñeyam |",3
555,anumādyā na svatantrāḥ pramāṇa-padavīṁ yayuḥ || iti |,2
557,"tathaiva mataṁ brahma-sūtra-kāraiḥ—tarkāpratiṣṭhānāt [bra.sū. 2.1.11], śrutes tu śabda-mūlatvāt [bra.sū. 2.1.27] ity ādau | tathā ca śrutiḥ—naiṣā tarkeṇa matir āpaneyā proktā'nyenaiva sujñānāya preṣṭha [ka.u. 1.2.9], nīhāreṇa prāvṛtā jalpyāś ca [ṛk saṁ 10.82.7] ity ādyāḥ | jalpa-pravṛttās tārkikā iti śruti-padārthaḥ | ata eva varāha-purāṇe—",9
560,tasmān na sā śaktimatī vināgamam udīkṣitum || iti |,2
565,abhiyuktatarair anyair anyathaivopapādyate || [vā.pu. 1.34] iti |,4
571,"yat tu śrotavyo mantavya [bṛ.ā.u. 2.4.5] ity-ādiṣu mananaṁ nāma tarko'ṅgīkṛtaḥ, tatraivam uktaṁ yathā kūrma-purāṇe—",3
574,ity-ādyam ūhanaṁ tarkaḥ śuṣka-tarkaṁ ca varjayet || iti |,2
576,"athaivaṁ sarveṣāṁ veda-vakyānāṁ prāmāṇya eva sthite kecid evam āhuḥ—kārya evārthe vedasya prāmāṇyam, na siddhe tatraiva [kriyānvita-vede] śakti-tātparyayor avadhāritatvāt | tatra śaktir yathā—uttama-vṛddhena madhyama-vṛddham uddiśya gām ānaya [sā.da. 2.7] ity ukte taṁ gavānayana-pravṛttam upalabhya bālo'sya vacasaḥ sāsnādimat-piṇḍānayanam arthaḥ iti pratipadyate | anantaraṁ gāṁ cāraya, aśvam ānaya ity ādāv āvāpodvāpābhyāṁ [goścāraṇānayābhyām] go-śabdasya sāsnādimān arthaḥ, ānayana-śabdasya ca āharaṇam arthaḥ iti saṅketam avadhārayati | tataḥ prathamata eva kāryānvita eva pravṛttes tatraiva śakti-grahaḥ | tathā ca tātparyam api tatraiva bhavet |",3
586,tad evaṁ varṇa-rūpāṇām eva veda-śabdānāṁ nityatvam artha-pratyāyakatvaṁ cāṅgīkṛtam | tatra mukhyā-lakṣaṇā-guṇa-bhedena tridhā śabda-vṛttiḥ | mukhyāpi rūḍhi-yoga-bhedena dvidhā | rūḍhiḥ svarūpeṇa jātyā guṇena vā nirdeśārhe vastuni saṁjñā-saṁjñi-saṅketena pravartate | yathā—“ḍitthaḥ [kāṣṭha-mayo hastī] gauḥ śuklaḥ” | ,3
588,"lakṣaṇā tenaiva saṅketenābhihitārthasambandhinī | yathā “gaṅgāyāṁ ghoṣaḥ” | iyaṁ punas tridhā—ajahat-svārthā, jahat-svārthā, jahad-ajahat-svārthā ca | yathā [krameṇa] “śveto dhāvati”, “gaṅgāyāṁ ghoṣaḥ”, “so'yaṁ devadattaḥ” iti | śrī-rāmānujādibhis tv antyā na manyate, tat tu tad-grantheṣv evānveṣṭavyam | [so'yaṁ devadatta iti dṛṣṭānte] sa iti padena tat-kālānubhūta ucyate | ayam itīdānīm anubhūyamāna ucyate | atra dvayor anvaye virodha eva nāsti, kathaṁ lakṣaṇā syād iti saṁkṣepaḥ | ",2
590,gauṇī cābhihitārtha-lakṣita-guṇa-yukte tat-sadṛśe | yathā “siṁho devadattaḥ” | ,2
594,lakṣyamāṇa-guṇair yogād vṛtter iṣṭā tu gauṇatā || [ta.vā. 1.4.22] iti |,2
600,"athaitāś ca vṛttayaḥ pada-vākyatvam āpanneṣv eva śabdeṣu tat-tad-arthaṁ bodhayitum udayante | tasya padatvaṁ ca vibhakty-arthāliṅganena jāyate | tāni ca punar-vākyatām āpadya viśeṣārthaṁ bodhayanti—vākyaṁ syād yogyatākāṅkṣāsatti-yuktaḥ padoccayaḥ [sā.da. 2.1] | tatra, “yogyatā—padārthānāṁ paraspara-sambandhe bādhābhavaḥ | anyathā “vahninā siñcati” ity api vākyaṁ syāt” | prajāpatir ātmano vapām upākhidat [tai.sa. 2.5.1] ity ādau tu tad-vidhānām acintya-prabhāvatvād yogyatā'sty eva | ",5
611,"yatra tu vākyāntareṇaiva virodhaḥ syāt tatra balābalatvaṁ vivecanīyam | tac ca (1) śāstra-gatam, (2) vacana-gataṁ ca | (1) pūrvaṁ [śāstra-gataṁ] yathā, śruti-smṛti-virodhe tu śrutir eva balīyasī ity-ādi | uttaraṁ ca [vacana-gataṁ ca] yathā, śruti-liṅga-vākya-prakaraṇa-sthāna-samākhyānāṁ samavāye pāra-daurbalyam artha-viprakarṣāt [pū.mī.sū. 3.3.14] ity adi | niruktāni caitāni—",5
616,sthānaṁ kramo yoga-balaṁ samākhyā || iti |,2
620,"idaṁ pratipādyasyācintyatve eva yukti-dūratvaṁ vyākhyātam—acintyāḥ khalu ye bhāvā na tāṁs tarkeṇa yojayet [ma.bhā. 6.6.11, skande ca] ity-ādi-darśanena | cintyatve tu yuktir apy avakāśaṁ labhate, cel labhatām, na tatrāsmākam āgraha iti sarvathā vedasyaiva prāmāṇyam | tad uktaṁ śaṅkara-śārīrake'pi—“āgama-balena brahma-vādī kāraṇādi-svarūpaṁ nirūpayati, nāvaśyaṁ tasya [anumānasya] yathā-dṛṣṭaṁ sarvam abhyupagataṁ mantavyam” [bra.sū. 2.2.38] iti |",3
624,"baladevaḥ : nanu ko’yam āgraho veda evāsmākaṁ pramāṇam iti cet tatrāha—tac cānumatam iti | śrī-vyāsādyair iti śeṣaḥ | tad-vāyāny āha tarketyādīni sādhya-sādhanayor apīty antāni | tarketi brahma-sūtra-khaṇḍaḥ | tasyārthaḥ—paramārtha-nirṇayas tarkeṇa na bhavati puruṣa-buddhi-vaividhyena tasya naṣṭa-pratiṣṭhatvāt | evam āha śrutiḥ naiṣā tarkeṇa matir āpaneyā proktānyenaiva sujñānāya preṣṭha [ka.u. 1.2.9] iti | vyāpyāropeṇa vyāpakāropas tarkaḥ [sthitarka-saṅgraha], yady ayaṁ nirvahniḥ syāt tadā nirdhūmaḥ syāt ity evaṁ rūpaḥ | sa ca vyāpti-śaṅkāṁ nirasyann anumānāṅgaṁ bhaved atas tarkeṇānumānaṁ grāhyam iti | acintyāḥ ity udyama-parvaṇi dṛṣṭam | śāstreti brahma-sūtram | na ity ākṛṣyam | upāsyo harir anumānenopaniṣadā vā vedya iti sandehe mantavyaḥ [bṛ.ā.u. 4.5.6] iti śruter anumānena sa vedya iti prāpte nānumānena vedyo hariḥ | kutaḥ ? śāstram upaniṣad yonir vedana-hetur yasya tattvāt | aupaniṣadaṁ puruṣaṁ pṛcchāmi [bṛ.ā.u. 3.9.26] ity ādyā hi śrutiḥ | śrutes tu iti brahma-sūtraṁ [2.1.17] | na ity anuvartate | brahmaṇi loka-dṛṣṭāḥ śramādayo doṣā na syuḥ | kutaḥ | so’kāmayata bahu syāṁ prajāyeya [tai.u.2.6.1] iti saṅkalpa-mātreṇa nikhila-sṛṣṭi-śravaṇāt | nanu śrutir bādhitaṁ kathaṁ brūyād iti cet tatrāha śabdeti | avicintyārthasya śabdaika-pramāṇakatvāt | dṛṣṭaṁ caitan maṇi-mantrādau | pitṛ-deva ity uddhavoktir ekādaśe | he īśvara, tava vedaḥ pitrādīnāṁ śreyaḥ śreṣṭhaṁ cakṣuḥ | kvety āha anupalabdhe’rtha ity-ādi | tathā ca veda evāsmākaṁ pramāṇam iti mad-vākyaṁ sarva-sammatim iti nāpūrvaṁ mayoktam ||11||",16
626,"rādhā-mohana-gosvāmī : brahma-vid āpnoti param ity-ādi-śruteś ceti cen, na, veda-nirapekṣyasyānumānasya lokātīta-śrī-kṛṣṇa-tal-līlā-śravaṇādi bhajanāsādhanatvāt | tarkāpratiṣṭhānāt iti vedānta-sūtrasya śāstra-vinā-kṛtānumānasya vastv asādhakatvād ity arthaḥ | acintyāḥ—lokātītatayā durghaṭatvena pratīyamānāḥ | bhāvāḥ—īśvara-guṇa-līlādi-rūpāḥ śāstra-prasiddhāḥ | tarkeṇa—sva-mati-kalpitānumānena | yojayet—māyikatvādi-rūpeṇa kalpayed iti vacanārthaḥ śāstraṁ yoniḥ pramāṇam asyeti sūtrārthaḥ | yad vā, śāstrasya yoniḥ, kāraṇaṁ tattvāt | tathā ca śāstrasya parama-kāruṇika-yathārtha-sarvārtha-darśi-pratāraṇādi-doṣa-rahita-parameśvara-praṇītatvena śāstram eva garīyaḥ pramāṇam iti | ",2
637,"gaura-kiśora-gosvāmī : na kevalam asmābhiḥ vyasanitayā sarva-śreṣṭhatvena vedasya prāmāṇyaṁ vyavasthāpitam, api tu śrī-vyāsādibhiḥ tad api svīkṛtam | tad āhuḥ—tac cānumatam iti | yad uktaṁ tarkasyāpratiṣṭhitatvaṁ tad api śrī-vyāsa-kṛta-brahma-sūtre—tarkāpratiṣṭhānād apy anyathānumeyam iti ced evam apy avimokṣa-prasaṅgaḥity atra darśitam | tarkaḥ vyāpakābhāvatvena nirṇīte vyāpyārope;na vyāpakāropas tarkaḥ iti sārārthaḥ | aprākṛta-viṣaye tarkasyānavasaratva-samarthaka-pramāṇa-ślokam āha—acintyāḥ iti | ",8
640,prakṛtibhyaḥ paraṁ yat tu tad acintyasya lakṣaṇam || [ma.bhā. 6.6.11] iti |,2
642,"prakṛtibhyaḥ param, param aprākṛtaṁ māyātītam iti yāvat | tatraiva śrī-brahma-sūtre, śāstra-yonitvāt, śrutes tu śabda-mūlatvāt ity-ādi-sūtre sarvatra śāstrasyaiva sarvopari prāmāṇyaṁ sthāpitam | ato, “veda evāsmākaṁ pramāṇaṁ” (10) iti siddhāntaḥ sarva-vādi-sampratipannaḥ | “cintyatve tu yuktir apy avakāśaṁ labhate, cel labhatām, na tatrāsmākam āgraha iti sarvathā vedasyaiva prāmāṇyam” iti saṁvādinī |",3
650,"tatra ca veda-śabdasya samprati duṣpāratvād duradhigamārthatvāc ca tad-artha-nirṇāyakānāṁ munīnām api paraspara-virodhād veda-rūpo vedārtha-nirṇāyakaś cetihāsa-purāṇātmakaḥ śabda eva vicāraṇīyaḥ | tatra ca yo vā veda-śabdo nātma-viditaḥ so’pi tad-dṛṣṭyānumeya eveti samprati tasyaiva pramotpādakatvaṁ sthitam | tathā himahābhārate mānavīyeca—itihāsa-purāṇābhyāṁ vedaṁ samupabṛṁhayet [ma.bhā. 1.1.267] iti | pūraṇāt purāṇam iti cānyatra | na cāvedena vedasya bṛṁhaṇaṁ sambhavati, na hy aparipūrṇasya kanaka-valayasya trapuṇā pūraṇaṁ yujyate | ",7
652,"nanu, yadi veda-śabdaḥ purāṇam itihāsaṁ copādatte, tarhi purāṇam anyad anveṣaṇīyam ? yadi tu na, na tarhītihāsa-purāṇayor abhedo vedena ? ucyate—viśiṣṭaikārtha-pratipādaka-pada-kadambasyāpauruṣeyatvād abhede’pi svara-krama-bhedād bheda-nirdeśo’py upapadyate | ṛg-ādibhiḥ samam anayor apauruṣeyatvenābhedo mādhyandina-śrutāv eva vyajyate—evaṁ vā are’sya mahato bhūtasya niśvasitam etad yad ṛg-vedo yajur-vedaḥ sāma-vedo’tharvāṅgirasa itihāsaḥ purāṇaṁ [bṛ.ā.u. 2.4.10] ity-ādinā ||12||",5
654,sarva-saṁvādinī : athaivaṁ pramāṇa-nirṇaye sthite'pi punar āśaṅkyottara-pakṣaṁ darśayati—“tatra ca veda-śabdasya” iti | “samprati” kalau | apracarad-rūpatvena durmedhastvena ca “duṣpāratvāt” ||12||,2
656,"baladevaḥ : evaṁ ced ṛg-ādi-vedenāstu paramārtha-vicāraḥ, tatrāha—tatra ca veda-śabdasyeti | tarhi nyāyādi-śāstrair vedārtha-nirṇetṛbhiḥ so’stīti cet tatrāha—tad-artha-nirṇāyakānām iti | tasyaiveti itihāsa-purāṇātmakasya veda-rūpasyety arthaḥ | samupabṛṁhayed iti vedārthaṁ spaṣṭīkuryād ity arthaḥ | purāṇād iti vedārthasyeti bodhyam | trapuṇā sīsakena | purāṇetihāsayor veda-rūpatāyāṁ kaścic chaṅkate nanv ity-ādinā | tatra samādhatte ucyata ity-ādinā | nikhila-śakti-viśiṣṭa-bhagavad-rūpaikārtha-pratipādakaṁ yat padaka-damba-mṛgādi-purāṇāntaṁ tasyeti | ṛg-ādi-bhāge svara-kramo’sti itihāsa-purāṇa-bhāge tu sa nāstīty etad-aṁśena bhedaḥ | evaṁ vā iti maitreyīṁ patnīṁ prati yājñavalkya-vacanam | are maitreyi asyeśvarasya mahato vibhoḥ pūjyasya vā bhūtasya pūrva-siddhasya | sphuṭārtham anyat ||12||",2
658,"rādhā-mohana-gosvāmī : “duṣpāratvād” iti keṣāṁcid vedānām ucchannatvāt keṣāṁcit pracchannatvāc ca iti bhāvaḥ | “tad-artha-nirṇāyakāṇāṁ” vedānta-sūtrādi-kāriṇāṁ “munīnāṁ” vyāsa-kaṇādādīnām | “veda-rūpaḥ”—gauṇyā nirūḍha-lakṣaṇayā veda-śabda-pratipādyaḥ | “nātma-viditaḥ”, apracarad-rūpatvāt | “tad-dṛṣṭyā” itihāsa-purāṇa-dṛṣṭyā | “samupabṛṁhayet” iti vedayati vihita-niṣiddhaṁ para-tattva-svarūpaṁ ca jñāpayati iti vedaḥ, tam abhidheya-prakāśatayā pūrayet | itihāsa-purāṇayor veda-śāstrāntar-bhūtatvaṁ jānīyād iti yāvat | nāma-vyutpattyāpi veda-samupabṛṁhaṇam āha—“pūraṇād” iti, veda-pūraṇād ity arthaḥ | purāṇam iti hrasvaḥ saṁjñāyām | “bṛṁhaṇaṁ” pūraṇam | ",2
668,kāṁsyopadohanā kāṁsya-kroḍāḥ | vācakaḥ pūjito yena prasannās tasya devatāḥ | tathā—,3
682,pradarśayan rasān sarvān vācayed vācako nṛpa || iti |,2
686,"krama-bhedaḥ—upakramopasaṁhāra-viśeṣa-niyamita ānupūrvī-viśeṣaḥ | ṛg-ādy-ākhyānupūrvī-viśeṣavattvaṁ veda-pada-pravṛtti-nimittam, svara-viśeṣeṇādhyayana-vidhi-viṣayatāvacchedakam, śūdrasyādhyayana-śravaṇādi-niṣedha-viṣayatāvacchedakaṁ ca | purāṇādy-ānupūrvīmattvaṁ ca, śūdrādhyayana-niṣedha-viṣayatāvacchedakam, śravaṇa-vidhi-viṣayatāvacchedakaṁ ceti veda-purāṇādyor apauruṣeyatvāviśe’pi bheda-nirdeśaḥ | viśiṣṭaikārtha-pratipādaka-vācya-kadambānāṁ kenāpi pramāṇena loke prāg-anavagatārtha-parāṇām apauruṣeyāṇāṁ vedatvam | purāṇādīnāṁ ca parama-dayālunā bhagavatā svayaṁ strī-śūdra-brahma-bandhūnāṁ śravaṇādy-arthaṁ vedād anantaroktānāṁ vedād avagatārtha-bodhakatayā na tatra veda-śabdasya mukhyā vṛttiḥ, kintu gauṇī vṛttiḥ | tathā bhede’pi mukhya-gauṇa-veda-śabda-pratipāditānāṁ veda-purāṇetihāsānām eka-granthatvam, brahma-vedana-rūpaika-pratipatti-rūpatvāt | sarve vedā yat padam āmananti iti śruteḥ | veda-purāṇetihāsānām abhede’pi na vedam apekṣya purāṇetihāsayor nyūnatvam | paraṁ tu tulya-pradhāna-bhāvaḥ | apauruṣeyatvena svataḥ pramāṇatā-taulyāt | ",3
688,"yad vā, veda-śabdasya śakti-dvayī | ekā ṛg-ādy-ānupūrvī-viśeṣa-rūpeṇa, aparā ca apauruṣeyatvena ṛg-ādi-veda-catuṣṭaya-purāṇetihāsa-sādhāraṇī | iti vṛtti-dvaya-svīkāra-phalaṁ coktam evāvadheyam | atra veda-purāṇaṁ nāma—vedotthāpitākāṅkṣā-nivartanam | tad uktaṁ—arthaikyād ekaṁ vākyaṁ sākāṅgkṣaṁ ced vibhāge syāt iti | arthaikyaṁ—tātparya-viṣayārtha-pratipatter aikyam | veda-sthale tātparya-viṣaya-pratipattir brahma-tattva-nirṇayaḥ | ekaṁ vākyaṁ—eko granthaḥ | vibhāge granthayoḥ pṛthag-upanyāse’pi | atrākāṅkṣā—vedārtha-pratītau satyāṁ tatrāsambhāvanādinā katham etad-artha-saṅgatiḥ ? iti śiṣya-jijñāsā | tan-nivṛttiś ca purāṇetihāsābhyāṁ kriyate iti vedam apekṣya purāṇetihāsayor utkarṣa-pratītir iti veda-purāṇayor eka-granthatve purāṇetihāsayor vedārtha-saṅgrāhakatvena panuruktya-doṣa iti parāstam | veda-catuṣṭayārtha-vivaraṇa-rūpatvāt tayor iti ||12||",3
690,gaura-kiśora-gosvāmī: ādau śabdātmaka-vedasya prāmāṇyaṁ vyavasthāpya tad-anantaraṁ tad-artha-nirṇāyka-purāṇasya prāmāṇyaṁ siddhānta-mukhena pūrvapakṣa-vākyāni samādhāya ghoṣayati—tatra ca ity-ādinā | idam atrākutaḥ—bhaved etad evaṁ purāṇa-prāmāṇyānveṣaṇaṁ kāryaṁ yadi vedasyāprāptyāśaṅkā | purāṇasya asmāt pṛthak śāstratvaṁ vā syāt | vedasya vartamānatve vedārtha-vyākhyātṝṇāṁ munīnāṁ ca prasiddhatve vedārtha-nirṇāyaka-purāṇasya prāmāṇyāveṣaṇā-pravṛtteḥ kutaḥ sambhāvanā ? sākṣād vedenaiva sarva-prayojanānāṁ siddhatvāt | atra siddhāntam āha—“veda-śāstrasya samprati” ity-ādinā “vedārtha-nirṇāyakaś cetihāsa-purāṇātmakaḥ śabda eva vicāraṇīyaḥ” ity anteneti |,2
695,hrāsa-darśanato hrāsaḥ sampradāyasya mīyatām || iti nyāya-kusumāñjalau udayanācārya-pādaiḥ |,2
697,"ataḥ purāṇasya prayojanavatvam iti bhāvaḥ | ye ke ca vedāt purāṇasya pṛthak-śāstratvaṁ parikalpya asya prāmāṇyaṁ nirasyanti, teṣāṁ mata-vimardanāya vedena sahāsyābhinnatvaṁ sthāpayati, tatra ca yo vā veda śabdaḥ iti | nigūḍhārthatvenāsyāspaṣṭāṁśasya spaṣṭīkaraṇāya tathā vedasya pūraṇāya purāṇasyopayogaḥ | tad uktaṁ śrī-mahābhārate pūraṇāt purāṇam iti | vedaṁ samupabṛṁhayet iti | vedārtaṁ spaṣṭīkuryād ity arthaḥ | aparipūrṇāṁśasya hi samajātīya-vastunā pūraṇaṁ lokānāṁ rītiḥ | anyathā na ca tat pūraṇa-pada-vācyam | tad dhi dṛśyate saha samajātīyatvaṁ siddham | tad dhīdaṁ vākyaṁ na cāvedeneti trapuṇā sīsakena | purāṇasya veda-rūpatāyāḥ svīkāre’pi vedasya purāṇāt vaiśiṣṭyaṁ na hīyate | ubhayor apauruṣeyatvād abhede’pi svara-krama-bhedo vartate | ato—“vaiśiṣṭyaikārthyaiḥ” iti sandarbhaḥ | purāṇasya veda-rūpatvaṁ na kevalam anumānenaivopanyastam, api tu śruti-baleneti, vedena sahaikasmāt puruṣottamāt samudbhūtatvāt vedavat purāṇasyāpi apauruṣeyatvaṁ jñeyam | ataḥ tattvato vedāt abhinnaṁ purāṇaṁ vedavat pramāṇam | asya vā mahato bhūtasya [bṛ.ā.u. 2.4.10] iti śruteḥ ||12||",3
703,ataevaskānda-prabhāsa-khaṇḍe—,2
710,brāhmyaṁ purāṇaṁ prathamaṁ [ska.pu. 2.3-5]ity-ādi |,2
712,"atra śata-koṭi-saṅkhyā brahma-loke prasiddheti tathoktam | tṛtīya-skandhe ca—ṛg-yajuḥ-sāmātharvākhyān vedān pūrvādibhir mukhaiḥ [bhā.pu.3.12.37] ity-ādi-prakaraṇe, ",7
715,sarvebhya eva vaktrebhyaḥ sasṛje sarva-darśanaḥ || [bhā.pu. 3.12.39] iti |,4
717,api cātra sākṣād eva veda-śabdaḥ prayuktaḥ purāṇetihāsayoḥ | anyatra ca—purāṇaṁ pañcamo vedaḥ | itihāsaḥ purāṇaṁ ca pañcamo veda ucyate [bhā.pu. 1.4.20] | vedān adhyāpayāmāsa mahābhārata-pañcamān [ma.bhā. 12.340.11] ity ādau | ,11
719,"anyathā vedān ityādāv api pañcamatvaṁ nāvakalpeta samāna-jātīya-niveśitatvāt saṅkhyāyāḥ |bhaviṣya-purāṇe—kārṣṇaṁ ca pañcamaṁ vedaṁ yan mahābhārataṁ smṛtam iti | tathā casāma-kauthumīya-śākhāyāṁ chāndogyopaniṣadica—ṛg-vedaṁ bhagavo’dhyemi yajur-vedaṁ sāma-vedam ātharvaṇaṁ caturtham itihāsaṁ purāṇaṁ pañcamaṁ vedānāṁ vedaṁ [chā.u. 7.1.2] ity-ādi | ata eva,asya mahato bhūtasya [bṛ.ā.u. 2.4.10] ity ādāv itihāsa-purāṇayoś caturṇām evāntarbhūtatva-kalpanayā prasiddha-pratyākhyānaṁ nirastam | tad uktaṁ—brāhmaṁ purāṇaṁ prathamam ity-ādi ||13||",10
721,sarva-saṁvādinī : na vyākhyātam.,2
723,"baladevaḥ : puretyādau vedānāṁ purāṇānāṁ cāvirbhāva uktaḥ | sasṛje āvirbhāvayāmāsa | samāneti yajña-datta-pañcamān viprān āmantrayasva itivat | kārṣṇam iti kṛṣṇena vyāsenoktam ity arthaḥ | ataeveti pañcama-vedatva-śravaṇād evety arthaḥ | caturṇām evāntargate | teṣv eva yat purā-vṛttaṁ yac ca pañca-lakṣaṇam ākhyānam | te eva tad-bhūte grāhye | na tu ye vyāsa-kṛta-tattvena bhuvi khyāte śūdrāṇām api śravye iti karmaṭhair yat kalpitaṁ, tannirastam ity arthaḥ ||13||",2
725,"rādha-mohana-gosvāmī : samāna-jātīya-niveśitatvād iti | samāna-jātīya eva pūrake’nvayāt, svānvayitāvacchedaka-dharmācchinnenaiva pūraṇād iti yāvat | veda-gata-saṅkhyāyā avedena pūraṇaṁ na bhavatīti paryavasitam | vedānāṁ vedam iti ṛg-ādi-caturṇāṁ vedānām arthāvedakaṁ purāṇam ity arthaḥ | ata eva—śruti-śrutibhir itihāsa-purāṇayoḥ pañcamatva-nirukter eva | antarbhūtatva-kalanayeti—caturṇāṁ vedānām antarbhūtatva-kalpanaṁ—asya mahato bhūtasya [bṛ.ā.u. 2.4.10]—ṛg-vedaḥ prathamaḥ, tato yajur-vedaḥ, tataḥ sāma-vedaḥ, tato’tharvāṅgirasaḥ, atharva-vedaḥ | teṣv itihāsa-purāṇam iti śruty-artha-kalpanāt | tatrāyam abhiprāyaḥ—tasmāt tapas tepānāc catvāro vedā ajāyanta, ṛcaḥ sāmāni jajñire ity atra sāmānyato veda-catuṣṭayatvam uktvā tad-vivaraṇaṁ—ṛca ity-ādi | tapas tepanāt īśvarāt | tathā “mahato bhūtasya” iti śrutāv api veda-catuṣṭaya-kathanānantaraṁ tad-ghaṭaketihāsa-purāṇam āha—anyathā na vā—asya mahato bhūtasya iti śrutau itihāsaḥ purāṇam ity anantaram, “vidyā upaniṣad” ity-ādi-śravaṇāt vidyopaniṣām api veda-catuṣṭayānantargatatvāpattiḥ, prasiddha-bhāratādītihāsa-brāhmādi-purāṇānāṁ vedārtha-saṅgrāhakatvena vyāsādi-kṛtatvena na prasiddhir na teṣām apauruṣeyatvam, tathā ṛg-ādi-veda-madhye, saṁyuṁ prajāpatiṁ devā abruvan ity ādy upakramya, yo brāhmaṇāyāvaguret taṁ śatena yātayeti ity-ādi-śruteḥ, avacanenaiva provāca ity-ādi śruteś cetihāsa-rūpatvāt | yato vā imāni bhūtāni jāyanta ity-ādi-śruteḥ, etasmād ātmana ākāśaḥ sambhūtaḥ ity-ādi-śruteḥ | sa brahmaṇā sṛjati rudr vilāpayati harir ādir anādiḥ ity-ādi-śruteś ca sarga-visarga-nirodha-bhagavad-avatārādi-kathana-lakṣaṇa-purāṇa-rūpatvāc ca keṣāṁcid ucchanna-pracchannatayādhunikānāṁ janānām ajñātatvāt, pracarad-rūpāṇām api durūhatvāt, vyāsena tad-arthān saṅkalayya bhāratādītihāsa-purāṇāni kṛtānīti bodhyam | ",7
732,"iti vacanasyārthaḥ—satyavatī-sutaḥ aṣṭādaśa-purāṇaṁ kṛtvā bhāratākhyānam akhilaṁ pūrṇaṁ cakre | khila-śabdasyānarthatvāt | tad-upabṛṁhitaṁ—vedārthair yutam | yad vā, akhilaṁ tad eva lokādi-gata-sarvaṁ bhāratākhyānam, tad-upabṛṁhitaṁ taiḥ purāṇaiḥ | upabṛṁhitaṁ pūrṇaṁ cakre ity anvayaḥ, na tu aṣṭādaśa-purāṇāni kṛtvā bhārataṁ cakre ity anvayaḥ, śruty-ādi-virodhāpatteḥ | ata eva vakṣyamāṇa-garuḍa-purāṇa-bhāgavata-lakṣaṇe—artho’yaṁ brahma-sūtrāṇāṁ bhāratārtha-vinirṇayaḥ ity uktam | tathoktam iti—prasiddha-purāṇasya vedatvam uktam ||13||",3
734,"gaura-kiśora-gosvāmī : purāṇasya prāmāṇya-dṛḍhīkaraṇāya asyaiva tu pañcama-vedatvaṁ nirdiśati | ṣaḍ-aṅga-veda-purāṇānām āvirbhāva-kathām āha—purā iti | anityatvāśaṅkā-nirāsāya āha—nitya-śabda-mayaḥ iti | dhvaṁsa-prāg-abhāva-rahitatvaṁ hi nityatvam | sasṛje āvirbhāvayāmāsa | anyathā karmaja-sṛṣṭi-svīkāra anityatva-prasaṅgāt sva-vacana-virodhaḥ | purāṇasya pañcama-vedatva-jñāpaka-ślokāḥ yathā-krameṇoddhṛtāḥ | purāṇaṁ pañcamaṁ vedam ity ādīni | kārṣṇaḥ kṛṣṇa-dvaipāyaṇa-vyāsena racitaṁ saṅkalitam | na kevalaṁ purāṇa-vacana-balena pañcama-vedatvaṁ vyavasthāpitam, api tu ṛg-vedaṁ bhagavo’dhyemi ity-ādi śrutyā purāṇasya pañcama-vedatvaṁ nirdiṣṭam | purāṇādau śūdrāṇām adhikāra-darśanāt na caiṣāṁ veda-rūpatvam iti yaḥ pūrva-pakṣiṇām ākṣepaḥ so’py anena nirastaḥ ||13||",2
747,audgātraṁ sāmabhiś caiva brahmatvaṁ cāpy atharvabhiḥ || [vā.pu. 60.16-18],2
751,yac chiṣṭaṁ tu yajur-veda iti śāstrārtha-nirṇayaḥ | [vā.pu. 60.21-22],2
753,iti brahma-yajñādhyayane ca viniyogo dṛśyate’mīṣāṁ yad brāhmaṇānītihāsa-purāṇāni iti | so’pi nāvedatve sambhavati | ato yad āha bhagavānmātsye—,5
756,vyāsa-rūpam ahaṁ kṛtvā saṁharāmi yuge yuge || [ma.pu. 53.8-9],2
763,tad-artho’tra catur-lakṣaḥ saṅkṣepeṇa niveśitaḥ || [ma.pu. 53.9-11] iti |,2
767,sarva-saṁvādinī : na vyākhyātam.,2
769,baladevaḥ : pañcamatve kāraṇaṁ ceti | ṛg-ādibhiś caturbhiś cāturhotraṁ caturbhir ṛtvigbhir nispādyaṁ karma bhavati itihāsādibhyāṁ tan na bhavatīti tad-bhāgasya pañcamatvam ity arthaḥ | ākhyānaiḥ pañca-lakṣaṇaiḥ purāṇāni | upākhyānaiḥ purā-vṛttaiḥ | gāthābhiś chando-viśeṣaiś ca | saṁhitā bhārata-rūpāś cakre| tāś ca yac chiṣṭaṁ tu yajur vedas tad-rūpā ity arthaḥ | brahmeti brahma-yajñe vedādhyayane’mīṣām itihāsādīnāṁ viniyogo dṛśyate | so’pi viniyogas teṣām avedatve na sambhavati | kṛtvā’virbhāvya | saṅkalayāmi saṅkṣipāmi | abhidheya-bhāgaḥ sārāṁśaḥ ||14||,2
771,"rādhā-mohana-gosvāmī : yajur-vedasya veda-sāmānya-rūpatva-kathanam ṛk-sāmātharva-vedātiriktasya yajur-vedatva-lābhāya | ata evoktaṁ—yajuḥ sarvatra gīyata iti caturdhā vibhāga-nimittam adhvaryutvādi kārya-bheda iti bhāvaḥ | yac chiṣṭaṁ tu yajur-vedaḥ iti | adhvaryutva-lakṣaṇa-vedebhyaḥ kāṁścid vedān ādāya yajur-ādi-nāma-bhedena vibhāge kṛte yad avaśiṣṭam, tad api yajur-veda-nāmakam ity arthaḥ | na ca—asya mahato bhūtasya iti śrutau ṛg-ādi-krameṇaiva jātatvāt, katham ekasya yajur-vedasya ṛg-ādi-bhedena vibhāgo vyāsa-kṛta iti vācyam | ṛg-ādi-krameṇa veda udbhūtaḥ | tatra yajurvedasya pracuratvena samuditasya yajur-vedatvenaikatvena ca vyavahārāt tathokteḥ, ādhikyena vyapadeśā bhavanti iti nyāyāt | ṛg-ādi-bhedena vedasya caturdhā-vyavahārasya prāk sattve’pi tad-adhikāri-bheda-kārya-bheda-vyavasthayā vyāsena vyavasthāpanāt tasya vibhāga-kṛttva-vyapadeśa iti bhāvaḥ | ākhyānair iti praśnottara-vacana-nibandhaiḥ sūta-śaunaka-saṁvāda-rūpair ity arthaḥ | upākhyānaiḥ—prāthamika-granthābhidheya-prakāśakaiḥ śuka-parīkṣit-saṁvādādi-rūpaiḥ | gāthābhiḥ—purā-vṛttetihāsa-saṁvādākhyābhir iti | purāṇa-saṁhitāṁ—purāṇa-saṅgrahaṁ cakre iti | tathā cākhyānādibhiḥ susajjīkṛtya purāṇāni prāduścakāra | yathoktaṁ gītā-vyākhyāyāṁ svāmi-caraṇaiḥ—“prāyeṇa bhagavan-mukh-niḥsṛtān eva ślokān vyalikhat | kāṁścit tat-saṅgataye svayaṁ ca vyaracayat”[1.1] iti |",2
776,śukam adhyāpayām āsa nivṛtti-nirataṁ muniḥ || [bhā.pu. 1.7.8] iti |,2
780,"gaura-kiśora-gosvāmī : yad dhi purāṇasya vedatvaṁ sādhitam, na ca tat lakṣaṇayā vā gauṇyā | tatra mukhyā-lakṣaṇā-gauṇī-bhedena tridhā śabda-vṛttiḥ | mukhyāpi rūḍhi-yoga-bhedena dvidhā | rūḍhiḥ svarūpe jātyā guṇena vānirdeśārhe vastuni saṁjñā-saṁjñi-saṅketena pravartate, ḍitthaḥ, gauḥ śuklaḥ iti | lakṣaṇā tu tenaiva saṅketenābhihitārtha-sambandhoyathā gaṅgāyāṁ ghoṣaḥ | iyaṁ punas tridhā, ajahat-svārthā, jahat-svārthā, jahad-ajahat-svārthā ca yathā kheto dhāvati, gaṅgāyāṁ ghoṣaḥ, so’yaṁ devadattaḥ | gauṇī cābhihita-lakṣita-guṇa-yukte tat-sadṛśe yathā siṁho devadattaḥ | yad uktaṁ vācaspati-miśreṇa—“para-śabdaḥ paratra-lakṣamāṇa-guṇa-yogena vartate iti yatra prayoktṛ-pratipattroḥ sampratipattiḥ sa gauṇaḥ” | ",2
795,adyāpy amartya-loke tu śata-koṭi-pravistaram || [śi.pu. 1.33-34],2
797,saṅkṣiptam ity atra teneti śeṣaḥ | skāndam āgneyam ity-ādi samākhyās tu pravacana-nibandhanāḥ kāṭhakādivat | ānupūrvīr nirmāṇa-nibandhanā vā | tasmāt kvacid anityatva-śravaṇaṁ tv āvirbhāva-tirobhāvāpekṣayā | tad evam itihāsa-purāṇayor vedatvaṁ siddham | tathāpi sūtādīnām adhikāraḥ | sakala-nigama-vallī-sat-phala-śrī-kṛṣṇa-nāmavat | yathoktaṁprabhāsa-khaṇḍe—,2
802,bhṛgu-vara nara-mātraṁ tārayet kṛṣṇa-nāma || iti ||,2
804,yathā coktaṁviṣṇu-dharme—,2
807,adhītās tena yenoktaṁ harir ity akṣara-dvayam || iti |,2
812,vedāḥ pratiṣṭhitāḥ sarve purāṇe nātra saṁśayaḥ || ity ādau |,2
814,"kiṁ ca, vedārtha-dīpakānāṁ śāstrāṇāṁ madhya-pātitābhyupagame’py āvirbhāvaka-vaiśiṣṭyāt tayor eva vaiśiṣṭyam | yathāpādme—",2
819,tad buddhaṁ nānya-gocaraḥ ||15||,2
821,sarva-saṁvādinī : upasaṁharati—tad evaṁ vedatvaṁ siddham iti | ata eva smṛty-anavakāśa-doṣa-prasaṅga iti cen nānya-smṛty-anavakāśa-doṣa-prasaṅgāt [bra.sū. 2.1.1] ity anena nyāyenāpy anyatra smṛtivat smṛty-antara-virodha-dṛṣṭatvaṁ ca nātrāpatati |,4
823,"nanu, na ca smārtam atad-dharmābhilāpāt [bra.sū. 1.2.20] ity atra pradhānaṁ smṛty-uktam eva | na ca śrautam iti pratipādayatā śrī-bādarāyaṇena purāṇānām api prādhānika-prakriyatvāt smṛtitvaṁ bodhyate? na | tatra svatantraṁ yat pradhānam, tad eva niṣedhayatā tena pradhāna-svātantrya-pratipādakaṁ sāṁkhya-darśanam eva smṛtitvena manyate | tad-adhīnatvād arthavad [bra.sū. 1.4.3] iti sūtrāntareṇa hi parameśvarādhīnatayā viśrutam avyākṛtādy-apara-paryāyaṁ-manyatayeva pradhānam | tathā ca purāṇe dṛṣṭam iti na smṛti-sādhāraṇyaṁ tasyeti vedatvam eva sthitam ||15||",5
825,"baladevaḥ : vyasteti | vyastā vibhaktā vedā yena tatayāveda-vyāsaḥ smṛtaḥ | skāndam ity-ādi | skandena proktaṁ na tu kṛtam iti vaktṛ-hetukā skāndādi-saṁjñā | kaṭhenādhītaṁ kāṭhakam ity-ādi saṁjñāvat | kaṭhānāṁ vedaḥ kāṭhakaḥ| gotra-varaṇād vuñ [pā. 4.3.126], caraṇād dharmāmnāyayor iti vaktavyam iti sūtra-vārtikābhyām | tataś ca kañhenādhītam iti suṣṭhūktam | anyathā janatvenānityatāpattiḥ| ānupūrvī kramaḥ | brāhyam ity-ādikaramanirmāṇa-hetukā vā sā sā sa`jñety arthaḥ | brāhmyādikrameêa purāṇa-bhāgo bodhyaḥ | tathāpi sūtādīnām iti | itihāsāder vedatve’pi tatra śūdrādhikāraḥ strī-śūdra-dvija-bandhūnām ity-ādi-vākya-balād bodhyaḥ | bhārata-vyapadeśeneti | durūha-bhāgasya vyākhyānāt, chinna-bhāgārtha-pūraṇāc capurāṇe vedāḥ pratiṣṭhitāḥ naiścalyena sthitā ity arthaḥ | kiṁ ceti | vedārtha-dīpakānāṁ mānavīyādīnāṁ madhye yadyapītihāsa-purāṇayoḥ smṛtitvenābhyupagamas tathāpi vyāsayeśvarasya tad-āvirbhāvakatvāt tad-utkarṣa ity arthaḥ | tatra pramāṇaṁ dvaipāyanenety ādi||15||",8
827,"rādhā-mohana-gosvāmī : teneti śeṣa iti | tena vyāsena | samākhyāḥ saṁjñā-viśeṣāḥ | pravacana-nibandhanāḥ sargādau prathamādhyāpaka-nāma-nibandhanāḥ | ānupūrvīti—upakramopasaṁhāra-paryantānupūrvī-viśeṣa-nirmāṇena nibandhanāḥ nibandhāḥ | svatantrecchena bhagavataiva kṛtā iti yāvat | evaṁ cetihāsa-madhye purāṇa-lakṣaṇa-sarga-pratisarādi-varṇana-sattve’pi, purāṇa-madhye paurāṇika-saṁvādādi-sattve’pi, tayor nāma-bheda svecchāmaya-bhagavat-kṛtatvād upapanna iti | yadyapi caturlakṣa-samudita-vākyasyāpauruṣeyatvaṁ yathā-śrutaitad-granthato labhyate, tathāpi nāradopadeśa-tad-adhīna-veda-vyāsa-grantha-karaṇa-prastāvādeḥ parameśvara-niḥśvasitatvaṁ na ghaṭate, vyāsa-praṇaya-pūrvaṁ pratīta-purāṇādeḥ pracchannatvenādarśanāt nāradopadeśānantaraṁ vyāsena punaḥ praṇayanād ity-ādi vivecanena pracarad-rūpa-purāṇādikaṁ vyāsan sajjīkṛtam, tatrābhidheyārtha-saṅgraho’pauruṣeṇa vākya-jātena kṛtaḥ | tat-saṅgaty-artha-prasaṅgataś ca vākyāntarāṇy uktānīti tathā vyākhyātam | anityatva-śravaṇaṁ—vyāsa-kṛtatva-śravaṇa-nibandhanam | vedatvaṁ siddham iti—apauruṣeyatva-rūpa-vedatvaṁ siddham ity arthaḥ | “vyāsa-rūpam ahaṁ kṛtvā” ity anena vyāsasya bhagavad-avatāratva-kathanād vyāsa-kṛta-veda-purāṇādi-saṅgrahasya svataḥ pramāṇatvam api bodhyam | tathāpi purāṇādau vedatve’pi, “sūtādīnāṁ” iti sūtāderviśeṣa-grahaṇān na śūdra-sāmānyasyādhikāraḥ |",2
835,	purāṇeṣv adhikāro me darśito brāhmaṇair iha || iti |,2
837,"vedeṣu ity atra veda-padam ṛg-ādi-caturveda-param—strī-śūdra-dvija-bandhūnāṁ trayī na śruti-gocaraḥ [bhā.pu. 1.4.25] iti prathamāt | tatra trayīti—caturvedopalakṣaṇam | yathā śukrācāryājñayā tat-kanyāyā devayānyā vivāhaḥ kṣatriyeṇāpi yayātinā kṛto na doṣāya jātaḥ, tat santāna-yadu-prabhṛtīnām uttamatvaṁ ca—samayaś cāpi sādhūnāṁ pramāṇaṁ vedavad bhavet ity-ādi-vacanāt | samayaḥ pratijñā, ata eva brāhmaṇa-vacanena paraśurāma-bhayād brāhmaṇa-sabhāyāṁ gūḍha-sthitasya kasyacit kṣatriyasya brāhmaṇatvaṁ jātam ity uktaṁ mahābhārate—",3
840,ahaṁ cādhyagamaṁ tatra niviṣṭas tad-anugrahāt || [bhā.pu. 1.3.44],2
842,iti prathamāt catur-veda-pāṭhas tu sūtādīnām apy anadhikṛtas tatra dvijānām evādhikārāt | ata eva prathame sūtaṁ prati śaunaka-vākyāt—manye tvāṁ viṣaye vācāṁ snātam anyatra chāndasāt [bhā.pu. 1.4.13] iti | chāndasāt vedāt | tatra hetu-vacanam uktaṁ svāmi-caraṇaiḥ—atraivarnīkatvāt iti |,5
851,mahad-guṇatvād yam anantam āhuḥ || [bhā.pu. 1.18.18-19],2
856,"kutaḥ punaḥ kiṁ punar vaktavyaṁ tasyānanatasya nāma gṛṇataḥ puṁso mahattānāāna-yogo dauṣkulyaṁ vidhunotīti | yadvā nāma gṛṇataḥ punaḥ kuto dauṣkulyam iti | yad vā, gṛṇataḥ puṁsas tasya nāma dauṣkulyaṁ vidhunotīti kiṁ vaktavyam iti kaimutya-nyāyam evāha | anantāḥ śaktayo yasya | svato’py anantaḥ | kiṁca mahatsu guṇā yasya sa mahad-guṇaḥ tasya bhāvas tasmāt | yaṁ guṇato’py anantam āhuḥ ||iti |",2
862,yatraitan na bhavet sarpa taṁ śūdram iti nirdiśet || iti |,2
864,teṣāṁ pūrveṣām | avarajaḥ arvācīnāḥ | evam atra vakṣyamāṇāni na śūdrā bhagavad-bhaktāḥ ity-ādi-bahu-vacanāni tathādhikāre draṣṭavyānīti | yat tu—,3
867,vaiśyo nidhi-patitvaṁ ca śūdraḥ śuddhyati pātakān || [bhā.pu. 12.12.65],2
869,"iti dvādaśa-skandha-vacanāt śūdra-mātrasyādhikāra iti vadanti, tan na—śrotavyam iha śūdreṇa ity-ādi-vacana-virodhāt | sugatim āpnuyāt śravaṇāc ca śūdra-yoniḥ iti hari-vaṁśīyāc ca | udadhi-mekhalāṁ pṛthvīm | sandhir ārṣa iti | śūdro’dhītya ity asya cāntar-bhūta-ṇy-anta-kriyayā | pāṭhayitvā ity arthaḥ | pañcabhir halaiḥ karṣati gṛhī ityādivat | bhaktir atra prema-lakṣaṇā | sāmāya-bhaktim abhipretya tv āha—mādhva-bhāṣya-dhṛta-vyoma-saṁhitā-vacanam—",7
875,āhur apy uttamantrīṇām adhikāraṁ tu vaidike || iti |,2
877,tantra-padaṁ vedātirikta-śāstra-param | ekadeśoparakte mantra-pūjādau | veda-mantra-varjyaṁ śūdrasya iti chandogāhnika-dhṛta-smṛtau vedeti viśeṣaṇāt | smārtaṁ śūdraḥ samācaret iti mala-māsa-tattva-dhṛta-pipāna-kārikā-śravaṇāt |,3
895,skānde—,2
897,anye vyavaharanty etāny urīkṛtya gṛhād iva || iti |,2
899,tathaiva dṛṣṭaṁ śrī-viṣṇu-purāṇe parāśara-vākyam—,3
908,ko’nyo hi bhuvi maitreya mahābhārata-kṛd bhavet || [vi.pu. 3.4.2-5] iti |,2
910,skānda eva—,2
919,utsannān bhagavān vedān ujjahāra hariḥ svayam || iti |,2
921,veda-śabdenātra purāṇādi-dvayam api gṛhyate | tad evam itihāsa-purāṇa-vicāra eva śreyān iti siddham | tatrāpi purāṇasyaiva garimā dṛśyate | uktaṁ hi nāradīye—,3
926,sudānto’pi suśānto’pi na gatiṁ kvacid āpnuyāt || iti ||16||,2
928,sarva-saṁvādinī : na vyākhyātam.,2
930,baladevaḥ : vyāseti | bādarāyaṇasya jñānaṁ mahākāśam | anyeṣāṁ jñānāni tu tad-aṁśa-bhūtāni khaṇḍākāśānīti tasyeśvaratvāt sārvajñyam uktam | tato’tra mat-sutaḥ ity ādau ca vyāsāntarebhyaḥpārāśaryasyeśvaratvān mahotkarṣaḥ | nārāyaṇāt ity ādau ceśvaratvaṁ prasphuṭam uktam | gautamasya śāpāt iti | varotpanna-nityadhānya-rāśir gautamo mahati durbhikṣe viprān abhojayat | atha subhikṣe gantukāmāṁs tān haṭhena nyavāsayat | te ca māyānirmitāyā go-gautama-sparśena mṛtāyā hatyām uktvā gatāḥ | tataḥ kṛta-prāyaścitto’pi gautamas tan-māyāṁ vijñāya śaśāpa | tatas teṣāṁ jñāna-lopa iti vārāhe kathāsti | adhikam iti | niḥśandehatvād iti bodhyam | anyathā kṛtvā avajñāya ||16||,2
936,"skānda-prabhāsa-khaṇḍe—
",3
944,purāṇaṁ naiva jānāti na ca sa syād vicakṣaṇaḥ || [2.90-93] iti |,2
946,atha purāṇānām evaṁ prāmāṇye sthite’pi teṣām api sāmastyenāpracarad-rūpatvāt nānādevatāpratipādaka-prāyatvād arvācīnaiḥ kṣudra-buddhibhir artho duradhigama iti tad-avastha eva saṁśayaḥ | yad uktaṁ mātsye—,2
952,saṅkīrṇeṣu sarasvatyāḥ pitṝṇāṁ ca nigadyate || iti |,2
954,atrāgnes tat-tad-aganu pratipādyasya tat-tad-yajñasyety arthaḥ | śivasya ceti cakārāch chivāyāś ca | saṅkīrṇeṣu sattva-rajas-tamomayeṣu kalpeṣu bahuṣu | sarasvatyāḥ nānāvāṇyātmaka-tad-upalakṣitāyā nānādevatāyā ity arthaḥ | pitṝṇāṁ karmaṇā pitṛlokaḥ [bṛ.ā.u. 1.5.16] iti | śrutes tat prāpaka-karmaṇām ity arthaḥ ||17||,3
956,sarva-saṁvādinī : na vyākhyātam.,2
958,baladevaḥ : vedavad iti | purāṇārtho vedavat sarva-sammata ity arthaḥ | nanu paṇḍitaiḥ kṛtād veda-bhāṣyāt tad-artho grāhya iticet tatrāha bibhetīti | akṛte bhāṣye siddhe kiṁ tena kṛtrimeṇeti bhāvaḥ | atheti asndigdhārthatayā purāṇānām eva prāmāṇye pramākaraṇatva ity arthaḥ | arvācīnaiḥ kṣdra-buddhibhir iti | yasya vibhūtayo’pīdṛśyaḥ sa harir eva sarva-śreṣṭha iti tadaikārthyam—,2
961,ādāv ante ca madhye ca hariḥ sarvatra gīyate || [ha.vaṁ. 132.95],3
969,"tad evaṁ sati tat-tat-kalpa-kathāmayatvenaiva mātsya eva prasiddhānāṁ tat-tat-purāṇānāṁ vyavasthā jñāpitā | tāratamyaṁ tu kathaṁ syāt yenetara-nirṇayaḥ kriyeta ? sattvādi-tāratamyenaiveti cet, sattvāt sañjāyate jñānaṁ [gītā 14.17] iti,sattvaṁ yad brahma-darśanam [bhā.pu. 1.2.24]iti ca nyāyāt sāttvikam eva purāṇādika paramārtha-jñānāya prabalam ity āyātam | tathāpi paramārthe’pi nānā-bhaṅgyā vipratipadyamānānāṁ samādhānāya kiṁ syāt | yadi sarvasyāpi vedasya purāṇasya cārtha-nirṇayāya tenaiva śrī-bhagavatā vyāsena brahma-sūtraṁ kṛtaṁ tad-avalokanenaiva sarvo’rtho nirṇaye ity ucyate | tarhi nānya-sūtrakāra-muny-anugatair manyeta | kiṁ ca, atyanta-gūḍhārthānām alpākṣarāṇāṁ tat-sūtrāṇām anyārthatvaṁ kaścid ācakṣīta | tataḥ katarad ivātra samādhānam ? tad eva samādheyaṁ yady ekatamam eva purāṇa-lakṣaṇam apauruṣeyaṁ śāstraṁ sarva-vedetihāsa-purāṇānām artha-sāraṁ brahma-sūtropajīvyaṁ ca bhavad bhuvi sampūrṇaṁ pracarad-rūpaṁ syāt | ",5
973,sarva-saṁvādinī : nanu brahma-sūtrasyāpi vedāntar-bhūtatvaṁ śrūyate ity āśaṅkyāha—kiṁ cātyanta- [mū. 1] iti ||18|| ,4
975,"baladevaḥ : tad evam iti | mātsya eveti | purāṇa-saṅkhyā-tad-dāna-phala-kathanāñcite’dhyāya iti bodhyam | tāratamyam iti | apakarṣotkarṣa-rūpaṁ yenetarasyotkṛṣṭasya purāṇasya nirṇayaḥ syād ity arthaḥ | sāttvika-purāṇam evotkṛṣṭam iti bhāvena svayam āha sattvād iti | pṛcchati tathāpīti, paramārtha-nirṇayāya sāttvika-śāstrāṅgīkāre’pīty arthaḥ | nānā-bhaṅgyeti|saguṇaṁ nirguṇaṁ jñāna-guṇakaṁ jaḍam ity-ādikaṁ kuṭila-yukti-kadambair nirūpayatām ity arthaḥ | nānā-sūtra-kāreti | gautamādy-anusāribhir ity arthaḥ | nanu brahma-sūtra-śāstre sthite kāpekṣā tad-anya-sūtrāṇām iti cet tatrāha kiṁ cātyanteti | pṛṣṭaḥ prāha tad eveti | brahma-sūtropajīvyam iti | yena brahma-sūtraṁ sthirārthaṁ syād ity arthaḥ | pṛṣṭasya hṛd-gataṁ sphuṭayati satyam uktam ity-ādinā ||18||",3
984,vṛtrāsura-vadhopetaṁ tad-bhāgavatam iṣyate || [ma.pu. 53.20],2
987,aṣṭādaśa-sahasrāṇi purāṇaṁ tat prakīrtitam || [ma.pu. 53.22] iti |,2
989,"atra gāyatrī-śabdena tat-sūcaka-tad-avyabhicāri-dhīmahi-pada-saṁvalita-tad-artham eveṣyate, sarveṣāṁ mantrāṇām ādi-rūpāyās tasyāḥ sākṣāt-kathanānarhatvāt | tad-arthatā ca janmādy asya yataḥ [bhā.pu. 1.1.1], tena brahma hṛdā iti sarva-lokāśrayatva-buddhi-vṛtti-prerakatvādi-sāmyāt | dharma-vistara ity atra dharma-śabdaḥ parama-dharma-paraḥ,dharmaḥ projjhita-kaitavo’tra paramaḥ [bhā.pu. 1.1.2] ity atraiva pratipāditatvāt | sa ca bhagavad-dhyānādi-lakṣaṇa eveti purastād vyaktībhaviṣyati ||19||",13
991,sarva-saṁvādinī : na vyākhyātam.,2
993,baladevaḥ : śrī-bhāgavataṁ stauti—yat khalv ity-ādi | aparituṣṭeneti—purāṇa-jāte brahma-sūtre ca bhagavat-pāramaiśvarya-mādhuryayoḥ sandigdhatayā gūḍhatayā coktes tatra tatra cāparitoṣaḥ | śrī-bhāgavate tu tayos tad-vilakṣaṇatayoktes tatra paritoṣa iti bodhyam | tad-arthatā gāyatry-arthatā | sa ca bhagavad-dhyānādi-lakṣaṇa iti | viśuddha-bhakti-mārga-bodhaka ity arthaḥ ||19||,2
999,"evaṁ skānde prabhāsa-khaṇḍe [2.39-42] ca,yatrādhikṛtya gāyatrīm ity-ādi | ",3
1004,likhitvā tac caity-ādi | aṣṭādaśa-sahasrāṇi purāṇaṁ tat prakīrtitam iti ca | tad evam agni-purāṇe ca vacanāni vartante | ṭīkā-kṛdbhiḥ pramāṇī-kṛte purāṇāntare ca—,4
1008,gāyatryā ca samārambhas tad vai bhāgavataṁ viduḥ || iti |,2
1010,atra hayagrīva-brahma-vidyā iti vṛtra-vadha-sāhacaryeṇa nārāyaṇa-varmaivocyate | hayagrīva-śabdenātrāśvaśirā dadhīcir evocyate | tenaiva ca pravartitā nārāyaṇa-varmākhyā brahma-vidyā | tasyāśva-śirastvaṁ ca ṣaṣṭheyad vā aśva-śiro nāma [bhā.pu. 6.9.52] ity atra prasiddhaṁ nārāyaṇa-varmaṇo brahma-vidyātvaṁ ca—,8
1018,caritaṁ daitya-rājasya prahlādasya ca bhūpate || [pa.pu. 6.22.115],2
1024,paṭhitavyaṁ prayatnena hareḥ santoṣa-kāraṇam || [pa.pu.],2
1029,paṭhasva sva-mukhenaiva yadīcchasi bhava-kṣayam || [pa.pu.],2
1031,skānde prahlāda-saṁhitāyāṁ dvārakā-māhātmye—,2
1034,jāgare tat-padaṁ yāti kula-vṛnda-samanvitaḥ ||20||,2
1036,sarva-saṁvādinī : śrī-bhāgavata-svarūpa-jñāne pramāṇāntaram āha—evaṁ skānda iti | “yatra” ity-ādikaṁ ca padyaṁ yathā mātsyam eva jñeyam | sārasvatasya iti tat-kalpa-madhye yā bhagaval-līlās tat-sambandhinaḥ | ,2
1038,"“ye syur narāmarāḥ” [skāndhe prabhāsa-khaṇḍe] iti kalpāntara-bhagavat-kathā tu tatra prāyiky evety arthaḥ | sā ca pādma-kalpam atho śṛṇu ity ādyā | yatra viśeṣa-vākyam, tatrānyatra kvacid eveti jñeyam | atra prabhāsa-khaṇḍe yad aṣṭādaśa-purāṇāvirbhāvānantaram eva bhārataṁ prakāśitam iti śrūyate, tad bhāgavata-virodhāt, bhāratārtha-vinirṇayaḥ [gāruḍoktau] iti śrī-bhāgavata-māhātmya-virodhāc ca | pūrvaṁ kṛtam api bhārataṁ tat-paścāj janamejayādiṣu pracāritam ity apekṣyaiva jñeyam | tad evaṁ pramāṇa-prakaraṇaṁ vyākhyātam ||20||",3
1040,baladevaḥ : grantha ity ādau hayagrīvādi-śabdayor bhrāntiṁ nirākurvan vyācaṣṭe | atra hayagrīvety ādinā | etac chrutveti | dadhyaṅ dadhīciḥ | pravargyam iti prāṇa-vidyām | nanu pādmādīni sāttvikāni pañca santi | tair astu vicāra iti cet tatrāha śrīmad iti | etasya parama-sāttvikatve pādmādi-vacanāny udāharati purāṇaṁ tvam ity-ādinā | kula-vṛndeti tat-kartṛka-śravaṇa-mahimnā tat-kulasya ca hari-pada-lābha ity arthaḥ ||20||,2
1053,grantho’ṣṭādaśa-sāhasraḥ śrīmad-bhāgavatābhidhaḥ || iti |,2
1072,tapo-nidhe tvayoktaṁ hi nārāyaṇa-kathāśrayam || [ma.bhā. 12.331.2-4] iti ||21||,2
1074,sarva-saṁvādinī : na vyākhyātam.,2
1076,baladevaḥ : gāruḍa-vacanaiś ca parama-sāttvikatvaṁ vyañjayan brahma-sūtrādy-artha-nirṇīyakatvaṁ guṇam āha artho’yam iti | gāruḍa-vākya-padāni vyācaṣṭe brahma-sūtrāṇām ity-ādinā | tasmāt tad-bhāṣyety ādi anyad vaiṣṇavācārya-racitam ādhunikaṁ bhāṣyaṁ tad-anugataṁ śrī-bhāgavatāviruddham evādartavyam | tad-viruddhaṁ śaṅkara-bhaṭṭa-bhāskarādi-racitaṁ tu heyam ity arthaḥ | bhāratārtheti padaṁ vyākurvan bhārata-vākyenaiva bhārata-svarūpaṁ darśayati nirṇayaḥ sarveti | bhārataṁ kiṁ tātparyakam ity āha śrībhagavaty eveti | tasya bhāratasyāpīty arthaḥ | bhāratasya bhagavat-tāt-paryakatve nārāyaṇīya-vākyam udāharati idaṁ śatety ādi ||21||,2
1087,matir gṛhītā nu hareḥ kathāyām || [bhā.pu. 3.5.12] iti |,2
1089,tasmād gāyatrī-bhāṣya-rūpo’sau | tathaiva hi viṣṇu-dharmottarādau tad-vyākhyāne bhagavān eva vistareṇa pratipāditaḥ | atra janmādyasya ity asya vyākhyānaṁ ca tathā darśayiṣyate | ,3
1091,"vedārtha-paribṛṁhitaḥ | vedārthasya paribṛṁhaṇaṁ yasmāt | tac coktam,itihāsa-purāṇābhyām ity-ādi | purāṇānāṁ sāma-rūpaḥ | vedeṣu sāmavat sa teṣu śreṣṭha ity arthaḥ | ataeva skānde—",3
1100,aṣṭādaśa-purāṇānāṁ phalaṁ prāpnoti mānavaḥ || iti |,2
1108,iti bhāratam ākhyānaṁ kṛpayā muninā kṛtam || [bhā.pu. 1.4.25],2
1110,iti vākyaṁ śrī-bhāgavatīyatvenotthāpya bhāratasya vedārtha-tulyatvena nirṇayaḥ kṛta iti | tan-matānusāreṇa tv evaṁ vyākhyeyaṁ bhāratārthasya vinirṇayaḥ | vedārtha-tulyatvena viśiṣya nirṇayo yatreti | yasmād evaṁ bhagavat-paras tasmād eva yatrādhikṛtya gāyatrīm iti kṛta-lakṣaṇa-śrīmad-bhāgavata-nāmā granthaḥ śrī-bhagavat-parāyā gāyatryā bhāṣya-rūpo’sau | tad uktaṁ yatrādhikṛtya gāyatrīm ity-ādi | ,3
1114,taj-jyotiḥ paramaṁ brahma bhargas tejo yataḥ smṛtaḥ | [a.pu. 216.3],2
1121,agny-ādi-rūpo viṣṇur hi vedādau brahma gīyate |[a.pu. 216.7-8],2
1123,atra janmādyasya ity asya vyākhyānaṁ ca tathā darśayiṣyate | kasmai yena vibhāsito’yaṁ ity upasaṁhāra-vākye ca tac-chuddhaṁ [bhā.pu. 12.13.19] ity-ādi-samānam evāgni-purāṇe tad vyākhyānam |,7
1126,ahaṁ jyotiḥ paraṁ brahma dhyāyema hi vimuktaye || [a.pu. 216.6]iti |,2
1128,"atrāhaṁ brahmeti “nādevo devam arcayet” iti nyāyena yogyatvāya svasya tādṛktva-bhāvanā darśitā | dhyāyemeti ahaṁ tāvat dhyāyeyaṁ, sarve ca vayaṁ dhyāyemety arthaḥ | tad etan-mate tu mantre’pi bharga-śabdo’yam ad-anta eva syāt | supāṁ suluk [pā. 7.1.39] ity-ādinā chāndasa-sūtreṇa tu dvitīyaika-vacanasyāmaḥ su-bhāvo jñeyaḥ |",3
1130,"yat tu dvādaśe oṁ namas te [bhā.pu. 12.6.67] ity-ādi gadyeṣu tad-arthatvena sūryaḥ stutaḥ, tat paramātma-dṛṣṭyaiva, na tu svātantryeṇety adoṣaḥ |",3
1132,"tathaivāgre śrī-śaunaka-vākye, brūhi naḥ śraddadhānānāṁ vyūhaṁ sūryātmano hareḥ [bhā.pu. 12.11.28] iti | na cāsya bhargasya sūrya-maṇḍala-mātrādhiṣṭhānatvam | mantre vareṇya-śabdenātra ca granthe para-śabdena paramaiśvarya-paryantatāyā darśitatvāt | ",4
1137,satyaṁ sadā-śivaṁ brahma viṣṇor yat paramaṁ padam || iti |,2
1139,"trilokī-janānām upāsanārthaṁ pralaye vināśini sūrya-maṇḍale cāntaryāmitayā prādurbhūto’yaṁ puruṣo dhyānena draṣṭavya upāsitavyaḥ | yat tu viṣṇos tasya mahā-vaikuṇṭha-rūpaṁ paramaṁ padam | tad eva satyaṁ kāla-trayāvyabhicāri, sadā-śivam upadrava-śūnyaṁ yato brahma-svarūpam ity arthaḥ | tad etad gāyatrīṁ procya purāṇa-lakṣaṇa-prakaraṇe yatrādhikṛtya gāyatrīm ity-ādy apy uktam agni-purāṇe| tasmāt,",3
1148,yat tu sārasvata-kalpam adhikṛtyeti pūrvam uktam | tac ca gāyatryā bhagavat-pratipādaka-vāg-viśeṣa-rūpa-sarasvatītvād upayuktam eva | yad uktamagni-purāṇe—,2
1152,prakāśinī sā savitur vāg-rūpatvāt sarasvatī || [a.pu. 216.1-2],4
1154,"atha krama-prāptā vyākhyā,vedārtha-paribṛṁhita iti | vedārthānāṁ paribṛṁhaṇaṁ yasmāt | tac coktam itihāsa-purāṇābhyām iti | purāṇānāṁ sāma-rūpa iti vedeṣu sāmavat purāṇeṣu śreṣṭha ity arthaḥ | purāṇāntarāṇāṁ keṣāṁcid āpātato rajas-tamasī juṣamāṇais tat-paratvāpratītatve’pi vedānāṁ kāṇḍa-traya-vākyaika-vākyatāyāṁ yathā sāmnā, tathā teṣāṁ śrī-bhāgavatena pratipādye śrī-bhagavaty eva paryavasānam iti bhāvaḥ | tad uktam—",9
1157,ādāv ante ca madhye ca hariḥ sarvatra gīyate || [ha.vaṁ. 132.95]iti |,2
1159,"pratipādayiṣyate ca tad idaṁ paramātma-sandarbhe | sākṣād bhagavatoditam iti | kasmai yena vibhāsito’yaṁ [bhā.pu. 12.13.19] ity upasaṁhāra-vākyānusāreṇa jñeyam | śata-viccheda-saṁyuta iti | vistāra-bhiyā na viviriyate | tad evaṁ śrīmad-bhāgavataṁ sarva-śāstra-cakravarti-padam āptam iti sthite hema-siṁha-samanvitam ity atra hema-siṁhāsanam ārūḍham iti ṭīkākārair yad vyākhyātaṁ, tad eva yuktam |",11
1161,ataḥ śrīmad-bhāgavatasyaivābhyāsāvaśyakatvaṁ śreṣṭhatvaṁ ca skānde nirṇītam—śataśo’tha sahasraiś ca kim anyaiḥ śāstra-saṅgrahaiḥ [viṣṇu-khaṇḍe mārga-śīrṣa-māhātmye 16.40] | tad evaṁ paramārtha-vivitsubhiḥ śrī-bhāgavatam eva sāmprataṁ vicāraṇīyam iti sthitam ||22||,3
1163,sarva-saṁvādinī : na vyākhyātam.,2
1165,baladevaḥ : nanu śrī-bhāgavatasya bhāratārtha-nirṇāyakatvaṁ kathaṁ pratītam iti cet tatrāha tathā tṛtīya iti | munir iti maitreyaṁ prati viduroktiḥ | te maitreyasya guru-putratvāt sakhā kṛṣṇo vyāsaḥ | grāmyā gṛhidharmakartavyatādi-lakṣaṇā vyāvahārikī mūṣika-viḍāla-gṛdhra-gomāyu-dṛṣṭāntopetā ca kathā | tat-tat-svārtha-kautuka-kathā-śravaṇāya bhārata-sadasi samāgatānāṁ nṝṇāṁ śrī-gītādi-śravaṇena harau matir gṛhītā syād iti tat-kathānuvāda eva | vastuto bhagavat-param eva bhāratam iti śrī-bhāgavatena nirṇītam ity arthaḥ |sāmavedavadasya śraiṣṭhyaṁ skānda-vākyaṁ śataśo’thetyādi prakaṭārtham | tad evam iti | ukta-guṇa-gaṇe siddhe satīty arthaḥ ||22||,2
1171,ataeva satsv api nānā-śāstreṣv etad evoktam—kalau naṣṭa-dṛśām eṣa purāṇārko ’dhunoditaḥ [bhā.pu. 1.3.45] iti | arkatā-rūpakeṇa tad vinā nānyeṣāṁ samyag-vastu-prakāśakatvam iti pratipadyate | ,3
1173,"yasyaiva śrīmad-bhāgavatasya bhāṣya-bhūtaṁ śrī-hayaśīrṣa-pañcarātre śāstra-prastāve gaṇitaṁ tantra-bhāgavatābhidhaṁ tantram, yasya sākṣāc chrī-hanumadbhāṣya-vāsanābhāṣya-sambandhokti-vidvatkāmadhenu-tattvadīpikā-bhāvārthadīpikā-paramahaṁsapriyā-śukahṛdayādayo vyākhyā-granthāḥ | tathā muktāphala-harilīlā-bhaktiratnāvaly-ādayo nibandhāś ca vividhā eva tat-tan-mata-prasiddha-mahānubhāva-kṛtā virājante | yad eva ca hemādri-granthasya [caturvarga-cintāmaṇeḥ] dāna-khaṇḍe purāṇa-dāna-prastāve matsya-purāṇīya-tal-lakṣaṇa-dhṛtyā praśastam | hemādri-pariśeṣa-khaṇḍasya kāla-nirṇaye ca kali-yuga-dharma-nirṇaye,kaliṁ sabhājayanty āryāḥ [bhā.pu. 11.5.36] ity-ādikaṁ yad-vākyatvenotthāpya yat-pratipādita-dharma eva kalāv aṅgīkṛtaḥ | ",3
1177,sarva-saṁvādinī : na vyākhyātam.,2
1179,baladevaḥ : ataeveti varṇita-lakṣaṇād utkarṣād eva hetor ity arthaḥ | purātanānām ṛṣīṇām ādhunikānāṁ ca vidvattamānām upādeyam idaṁ śrī-bhāgavatam ity āha yasyaiveti | virājante samprati pracarantīty arthaḥ | dharma-śāstra-kṛtāṁ copādeyam etad ity āha yad eva ca hemādrīty ādi | tat-pratipādito dharmaḥ kṛṣṇa-saṅkīrtana-lakṣaṇaḥ | nanu ced īdṛśaṁ śrī-bhāgavataṁ tarhi śaṅkarācāryaḥ kutas tan na vyācaṣṭeti cet tatrāha | atha yad eva kaivalyam ity-ādi | ayaṁ bhāvaḥ pralayādhikārī khalu harer bhakto’ham upaniṣad-ādi vyākhyāya tat-siddhāntaṁ vilāpya tasyājñāṁ pālitavān evāsmi | atha tad atipriye śrī-bhāgavate’pi cālite sa prabhur mayi kupyed ato na tac cālyam | evaṁ sati me sārajñatā sukha-sampac ca na syād ataḥ kathañcit tat sparśanīyam iti tan-mātroktaṁ viśva-rūpa-darśanādi-sva-kāvye nibabandheti tena cādṛta tad iti sarva-mānyaṁ śrī-bhāgavatam iti ||23||,3
1188,sarva-vedetihāsānāṁ sāraṁ sāraṁ sumuddhṛtam || [bhā.pu. 1.3.41-42],2
1190,dvādaśe—,2
1192,tad-rasāmṛta-tṛptasya nānyatra syād ratiḥ kvacit || [bhā.pu. 12.13.15],2
1194,tathā prathame—,2
1199,muhur aho rasikā bhuvi bhāvukāḥ || [bhā.pu. 1.1.3],2
1206,taṁ vyāsa-sūnum upayāmi guruṁ munīnām || [bhā.pu. 1.2.3],2
1210,sarva-saṁvādinī : na vyākhyātam.,2
1212,"baladevaḥ : śrī-madhva-munes tu paramopāsyaṁ śrī-bhāgavatam ity āha—yad eva kileti | śaṅkareṇa naitad vicālitaṁ kintv ādṛtam eveti vibhāvyety arthaḥ, kintu tac-chiṣyaiḥ puṇyāraṇyādibhir etad anyathā vyākhyātaṁ tena vaiṣṇavānāṁ nirguṇa-cinmātra-param idam iti bhrāntiḥ syād iti śaṅkayā hetunā tad-bhrānti-cchedāya tatra tātparyāntaraṁ bhagavat-paratā-rūpaṁ tato’nyat tātparyaṁ likhadbhis tasya vyākhyāna-vartmopadiṣṭaṁ vaiṣṇavān pratīti | madhvācārya-caraṇair iti atyādara-sūcaka-bahutva-nirdeśaḥ | sva-pūrvācāryatvād iti bodhyam | vāyudevaḥ khalu madhva-muniḥ sarvajño’tivikramī yo dig-vijayinaṁ caturdaśa-vidyaṁ caturdaśabhiḥ kṣaṇair nirjityāsanāni tasya caturdaśa jagrāha | sa ca tac-chiṣyaḥ padmanābhābhidhāno babhūveti prasiddham | tasmād iti prokta-guṇakatvād dhetor ity arthaḥ | ālayam iti mokṣam abhivyāpyety arthaḥ | ya iti andhaṁ tamo’vidyām atititīrṣatāṁ saṁsāriṇāṁ karuṇayā yaḥ purāṇa-guhyaṁ śrī-bhāgavatam āhety anvayaḥ | svānuybhāvam asādhāraṇa-prabhāvam ity arthaḥ ||24||",2
1240,upasthito’gre’bhigṛhīta-pāṇiḥ || [bhā.pu. 1.19.8-12] ity ādy-anantaram—,2
1245,śuddhaṁ ca tatrāmṛśatābhiyuktāḥ || [bhā.pu. 1.19.24] ,2
1252,vṛtaś ca bālair avadhūta-veṣaḥ || [bhā.pu. 1.19.25] ,2
1254,tataś ca—pratyutthitās te munayaḥ svāsanebhyaḥ [bhā.pu. 1.19.28] ity-ādy-ante ,3
1259,graharkṣa-tārā-nikaraiḥ parītaḥ || [bhā.pu. 1.19.30] ity uktam ||25||,2
1261,sarva-saṁvādinī : na vyākhyātam.,2
1263,"baladevaḥ : munīnāṁ gurum ityuktam | tat katham ity atrāha yata iti | yata ity asya ity uktam iti pareṇa sambandhaḥ | aurva iti vipra-vaṁśaṁ vināśayadbhyo duṣṭebhyaḥ kṣatriyebhyo bhayād garbhād ākṛṣyorau tan-mātrā sthāpitas tato jātaḥ kṣatriyāṁs tān svena tejasā bhasmīcakāra iti bhāratekathāsti | nigṛhīta-pāṇi-yojitāñjali-puṭaḥ | evaṁ kartavyasya bhāva itikartavyatā | tasyāṁ viṣaye sarvāvasthāyāṁ puṁsaḥ kiṁ kṛtyam | tatrāpi mriyamāṇaiś ca kiṁ kṛtyam | tac ca śuddhaṁ hiṁsā-śūnyam, tatrāmṛśata yūyam | gāṁ pṛthivīm | anapekṣo niḥspṛhaḥ | nijasya śuddhi-pūrti-kartuḥ sva-svāminaḥ kṛṣṇasya lābhena tuṣṭaḥ | tatra sabhāyām ||25||",5
1269,"atra yadyapi tatra śrī-vyāsa-nāradau tasyāpi guru-parama-gurū, tathāpi punas tan-mukha-niḥsṛtaṁ śrī-bhāgavataṁ tayor apy aśruta-caram iva jātam | ity evaṁ śrī-śukas tāv apy upadideśa deśyam ity abhiprāyaḥ | yad uktaṁ,śuka-mukhād amṛta-dravya-saṁyutaṁ [1.1.3] iti | tasmād evam api śrī-bhāgavatasyaiva sarvādhikyam | mātsyādīnāṁ yat purāṇādhikyaṁ śrūyate tat tv āpekṣikam iti | aho kiṁ bahunā, śrī-kṛṣṇa-pratinidhi-rūpam evedam | yata uktaṁprathama-skandhe—",3
1272,kalau naṣṭa-dṛśām eṣa purāṇārko’dhunoditaḥ || [bhā.pu. 1.3.45] iti |,2
1274,"ata eva sarva-guṇa-yuktatvam asyaiva dṛṣṭaṁ dharmaḥ projjhita-kaitavo’tra [1.1.2] ity-ādinā, ",3
1282,saṁvādaḥ samabhūt tāta yatraiṣā sātvatī śrutiḥ || [bhā.pu. 1.4.7] iti |,2
1286,sarva-saṁvādinī : na vyākhyātam.,2
1288,"baladevaḥ : vaktavyaṁ yojayaty atra yadyapīty-ādinā | tasmād evam iti tad-vaktuḥ śrī-śukasya sarva-gurutvenāpīty arthaḥ | āpekṣikam iti etad-anya-purāṇāpekṣayety arthaḥ | atha paramotkarṣam āha aho kim iti # ataeveti kṛṣṇa-pratinidhitvāt kṛṣṇavat sarva-guṇa-yuktatvam ity arthaḥ | priyeva kānteva | trivṛt vedādi-traya-guṇa-yuktam ity arthaḥ | tasmād iti veda-sāpekṣatvaṁ veda-vākyena purāṇa-prāmāṇyam ity arthaḥ | ataeveti paramārthāvedakatvād vedāntasyeva bhāgavatasya parama-śruti-rūpatvam ity arthaḥ | yatra saṁvāde | sātvatī vaiṣṇavīty arthaḥ | artheti—idaṁ bhagavatā pūrvam ity-ādi-dvādaśokter brahma-nārāyaṇa-saṁvāda-rūpam aṣṭādaśasu madhye prakaṭitam, vyāsa-nārada-saṁvāda-rūpaṁ tatraiva praveśitam, tad-ubhayasya lakṣaṇa-saṅkhye tu mātsyādāv ukte iti bodhyam ity arthaḥ | evam eva bhāratopakrame’pi dṛṣṭam | ādāv ākhyānair vinā caturviṁśati-sahasraṁ bhārataṁ tatas taiḥ sahitaṁ pañcāśat-sahasraṁ tatas tais tato’py adhikam ito’py adhikam iti tadvat ||26||",2
1294,"tad evaṁ parama-niḥśreyasa-niścayāya śrī-bhāgavatam eva paurvāparyāvirodhena vicāryate | tatrāsmin sandarbha-ṣaṭkātmake granthe sūtra-sthānīyam avatārikā-vākyaṁ, viṣaya-vākyaṁ śrī-bhāgavata-vākyam | bhāṣya-rūpā tad-vyākhyā tu samprati madhya-deśādau vyāptān advaita-vādino nūnaṁ bhagavan-mahimānam avagāhayituṁ tad-vādena karburita-lipīnāṁ parama-vaiṣṇavānāṁ śrīdhara-svāmi-caraṇānāṁ śuddha-vaiṣṇava-siddhāntānugatā cet, tarhi yathāvad eva vilikhyate | kvacit teṣām evānyatra-dṛṣṭa-vyākhyānusāreṇa draviḍādi-deśa-vikhyāta-parama-bhāgavatānāṁ teṣām eva bāhulyena tatra vaiṣṇavatvena prasiddhatvāt | śrī-bhāgavata eva, kvacit kvacin mahārāja draviḍeṣu ca bhūriśaḥ [bhā.pu. 11.5.39] ity anena prathita-mahimnāṁ sākṣāc chrī-prabhṛtitaḥ pravṛtta-sampradāyānāṁ śrī-vaiṣṇavābhidhānāṁ śrī-rāmānuja-bhagavat-pāda-viracita-śrī-bhāṣyādi-dṛṣṭa-mata-prāmāṇyena, mūla-grantha-svārasyena cānyathā ca | advaita-vyākhyānaṁ tu prasiddhatvān nātivitāyate ||27||",3
1296,sarva-saṁvādinī : na vyākhyātam.,2
1298,"baladevaḥ : tad evam iti | nanu veda evāsmākaṁ pramāṇam iti pratijñāya purāṇam eva tat svīkarotīti kim idaṁ kautukam iti cen maivaṁ bhramitavyam | evaṁ vā are’sya mahato bhūtasya [bṛ.ā.u. 2.4.10] ity-ādi-śrutyaiva purāṇasya vedatvābhidhānāt | vedeṣu vedāntasyaiva purāṇeṣu śrī-bhāgavatasya śraiṣṭhya-nirṇayāc ca tad eva pramāṇam iti kim asaṅgatam uktam iti | atha brahma-sūtra-bhāṣya-rītyā sandarbhasyāsya pravṛttir ity āha tatrasminn iti | vicārārhavākyaṁ viṣaya-vākyam | bhāṣya-rūpā tad-vyākhyeti | ayam arthaḥ śrīdhara-svāmino vaiṣṇavā eva, taṭ-ṭīkāsu bhagavad-vigraha-guṇa—vibhūti-dhāmnāṁ tat-pārṣada-tanūnāṁ ca nityatvokteḥ | bhagavad-bhakteḥ sarvotkṛṣṭa-mokṣānuvṛttyor ukteś ca tathāpi kvacit kvacin māyāvādollekhas tad-vādino bhagavad-bhaktau praveśayituṁ baḍiśāmiṣārpaṇa-nyāyenaiveti viditam iti | śuddha-vaiṣṇaveti yathā sāṅkhyādi-śāstrāṇām aviruddhāṁśaḥ sarvaiḥ svīkṛtas tadvad idaṁ bodhyam | kvacit teṣām eveti kvacit sthalāntarīya-svāmi-vyākhyānusāreṇaśrī-bhāṣyādi-dṛṣṭa-mata-prāmāṇyena mūla-śrī-bhāgavata-svārasyena cānyathā ca bhāṣya-rūpā tad-vyākhyā mayā likhyata itimat-kapola-kalpanaṁ kiñcid api nāstīti pramāṇopetātra ṭīkety arthaḥ | nanu pūrva-pakṣa-jñānāyādvaitaṁ ca vyākhyeyam iti tatrāha advaiteti ||27||",3
1309,jagāda bhāratādyeṣu tathā vakṣye tad-īkṣayā || iti | ,2
1311,"tatra tad-uddhṛtā śrutiś caturveda-śikhādyā, purāṇaṁ ca gāruḍādīnāṁ samprati sarvatrāpracarad-rūpam aṁśādikam | saṁhitā ca mahā-saṁhitādikā tantraṁ ca tantra-bhāgavatādikaṁ brahma-tarkādikam iti jñeyam ||28||",9
1313,sarva-saṁvādinī : na vyākhyātam.,2
1315,"baladevaḥ : atreti | iha granthe yāni śruti-purāṇādi-vacanāni mayā dhriyante tāni svadarśitārtha-viśeṣa-prāmāṇyaiva | na tu śrī-bhāgavata-vākya-prāmaṇyāya, tasya svataḥ pramāṇatvāt | tāni ca yathā-dṛṣṭam evodāharaṇīyāni mūla-granthān vilokyotthāpitānīty arthaḥ | kānicid vākyāni tu mad-adṛṣṭākarāṇy asmad-ācārya-śrī-madhvamuni-dṛṣṭākarāṇy eva kvacin mayā dhriyanta ity āha kvacid iti | mad-vyākhyānaṁ kvacid artha-viśeṣe prāmāṇyāya śrī-madhvācārya-caraṇānāṁ bhāgavata-tātparyādibhyo granthebhyaḥ saṅgṛhītāni śruti-purāṇādi-vacanāni dhriyanta ity anuṣaṅgaḥ | atrāsya grantha-kartuḥ satyavāditvaṁ dhvanitam | kaumāra-brahmacaryavān naiṣṭhiko yaḥ satya-taponidhiḥ svapne’py anṛtaṁ noce ceti prasiddham | teṣāṁ kīdṛśānām ity āha tattveti | sarvaṁ vastu satyam iti vādas tattva-vādas tad-upadeṣṭṝṇām ity arthaḥ | anādhunikānām atiprācīnānāṁ kenacic chāṅkareṇa saha vivāde madhvasya mataṁ vyāsaḥ svīcakre | śaṅkarasya tu tatyājetyaitihyam asti | pracāriteti bhaktānāṁ viprāṇām eva mokṣaḥ | devā bhakteṣu mukhyāḥ | viriñcasyaiva sāyujyam | lakṣmyā jīvakoṭitvam ity evaṁ mata-viśeṣaḥ | dakṣiṇādideśeti tena gauḍe’pi mādhavendrādayas tad-upaśiṣyāḥ katicid babhūvur ity arthaḥ | śāstrāntarāṇīti tena svasya dṛṣṭa-sarvākaratā vyajyate dig-vijayitvaṁ cety upodghāto vyākhyātaḥ ||28||",4
1320,atha Prameya-prakaraṇam,3
1329,tam akhila-vṛjina-ghnaṁ vyāsa-sūnuṁ nato’smi || [bhā.pu. 12.12.68],2
1331,ṭīkā ca śrīdhara-svāmi-viracitā—śrī-guruṁ namaskaroti | sva-sukhenaiva nibhṛtaṁ pūrṇaṁ ceto yasya saḥ | tenaiva vyudasto’nyasmin bhāvo bhāvanā yasya tathābhūto’py ajitasya rucirābhir līlābhir ākṛṣṭaḥ sāraḥ sva-sukha-gataṁ dhairyaṁ yasya saḥ | tattva-dīpaṁ paramārtha-prakāśakaṁ śrī-bhāgavataṁ yo vyatanuta taṁ nato’smi ity eṣā | ,3
1333,evam eva dvitīye tad-vākyam eva prāyeṇa munayo rājan [bhā.pu. 2.1.7] ity-ādi-padya-trayam anusandheyam | atra “akhila-vṛjinaṁ” tādṛśa-bhāvasya pratikūlam udāsīnaṁ ca jñeyam | tad evam iha sambandhi-tattvaṁ brahmānandād api prakṛṣṭo rucira-līlā-viśiṣṭaḥ śrīmān ajita eva | sa ca pūrṇatvena mukhyatayā śrī-kṛṣṇa-saṁjña eveti śrī-bādarāyaṇa-samādhau vyaktībhaviṣyati | tathā prayojanākhyaḥ puruṣārthaś ca tādṛśa-tad-āsakti-janakaṁ tal-līlā-śravaṇādi-lakṣaṇaṁ tad-bhajanam evety āyātam | atra “vyāsa-sūnum” iti brahma-vaivartānusāreṇa śrī-kṛṣṇa-varāj janmata eva māyayā tasyāspṛṣṭatvaṁ sūcitam || ,3
1337,sarva-saṁvādinī : atha [mūle] Prameya-prakaraṇārambhe'tha namaskurvann eveti sūtra-sthānīyasyābhāsa-vākyasya viṣaya-sthānīya-śrī-bhāgavata-vākya-samāptāv aṅka-vinyāsas tad-vākya-saṅgati-gaṇanā-paraḥ | sa ca śrī-krama-sandarbhānukulo bhaviṣyati | tatra tatra vyākhyā-samāptau tv aṅka-vinyāsa-viśeṣasyāyam arthaḥ | [“sva-sukha-nibhṛta-” iti padyasya vaktā] dvādaśa-skandhe dvādaśādhyāye śrī-sūtaḥ ||29||,4
1339,"baladevaḥ : atha yasya brahmeti [atra maṅgalācaraṇe 8] padyoktaṁ sambandhi-kṛṣṇa-tattvam, tad-bhakti-lakṣaṇam abhidheyam, tat-prema-lakṣaṇaṁ pumarthaṁ ca nirūpatayā padyena tāvadgranthaṁ pravartayan grantha-kṛd avatārayati | atheti maṅgalārtham | yasmin śāstra-vaktur hṛdaya-niṣṭhā pratīyate tad eva śāstra-pratipādya-vastu, na tv anyad ity arthaḥ | sveti tadīyam ajita-nirūpakaṁ purāṇam ity arthaḥ | ",8
1341,"ṭīkā ceti—sva-sukheneti | svam asādhāraṇaṁ jīvānāndād utkṛṣṭam | guḍād iva madhu, yad-anabhivyakta-saṁsthāna-guṇa-vibhūti-līlam ānanda-rūpaṁ sva-prakāśaṁ brahma-śabda-vyapadeśyaṁ vastu, tenety arthaḥ | rucirābhir iti pāramaiśvarya-samaveta-mādhurya-sambhinnatvān manojñābhir ānandaika-rūpābhiḥ pānaka-rasa-nyāyena sphurad-ajita-tat-parikarādibhir līlābhir ity arthaḥ | atrākhileti | pratikūlaṁ pratyākhyāyakam | udāsīnaṁ tyājakam ity arthaḥ | aṅka-yugmaṁ skandhādhyāyayor jñāpakam | śrī-sūtaḥ śrī-śaunakaṁ prati nirdhārayatīty avatārika-vākyena sambandhaḥ | evam uttaratra sarvatra bodhyam ||29||",5
1358,śukam adhyāpayām āsa nivṛtti-nirataṁ muniḥ || [bhā.pu. 1.7.4-8],2
1362,kasya vā bṛhatīm etām ātmārāmaḥ samabhyasat || [bhā.pu. 1.7.9],2
1369,adhyagān mahad ākhyānaṁ nityaṁ viṣṇu-jana-priyaḥ ||[bhā.pu. 1.7.10-11],2
1374,muktiṁ dadāti karhicit sma na bhakti-yogam || [bhā.pu. 5.6.18],2
1376,ity atra prasiddheḥ | praṇihite samāhite samādhinānusmara tad-viceṣṭitaṁ [bhā.pu. 1.5.13] iti taṁ prati śrī-nāradopadeśāt | pūrṇa-padasya mukta-pragrahayā vṛttyā—,3
1381,"iti pādmottara-khaṇḍa-vacanāvaṣṭambhena, tathā—",3
1385,tīvreṇa bhakti-yogena yajeta puruṣaṁ param || [bhā.pu. 2.3.9-10],2
1387,ity asya vākya-dvayasya pūrva-vākye puruṣaṁ paramātmānaṁ prakṛty-ekopādhim uttara-vākye puruṣaṁ pūrṇaṁ nirupādhim iti ṭīkānusāreṇa ca pūrṇaḥ puruṣo’tra svayaṁ bhagavān ucyate ||2a||,4
1389,sarva-saṁvādinī : “bhakti-yogena” [bhā.pu. 1.7.4] ity-ādi śaunakaṁ prati nirdhārayatīti cūrṇikā-vākyasyānvayāt | evam uttaratrāpi jñeyam ||2a|| (30),2
1391,baladevaḥ : grantha-vaktuḥ śukasya yatra niṣṭhāvadhāritā | tatraiva grantha-kartur vyāsasyāpi niṣṭhām avadhārayitum avatārayati tādṛśam eveti | nivṛtti-nirataṁ brahmānandād anyasmin spṛhā-virahitam | kasyeti saṁhitābhyāsasya kiṁ phalam ity arthaḥ | adhyagād adhītavān | mukta-pragrahayeti yathāśvaḥ pragrahe mukte balāvadhi dhāvaty evaṁ pūrṇa-śabdaḥ pravṛttaḥ pūrṇatvāvadhi pravarteteti vaktuṁ tad-avadhiś ca svayaṁ-bhagavaty eveti tathocyata ity arthaḥ ||2a|| (30),2
1402,kaivalye sthita ātmani || [bhā.pu. 1.7.23] ity uktam |,2
1404,"ata eva māyāṁ ca tad-apāśrayām ity anena tasmin apa apakṛṣṭa āśrayo yasyāḥ | nilīya sthitatvād iti māyāyā na tat-svarūpa-bhūtatvam ity api labhyate | vakṣyate ca—māyā paraity abhimukhe ca vilajjamānā [bhā.pu. 2.7.47] iti | svarūpa-śaktir iyam atraiva vyaktībhaviṣyati anarthopaśamaṁ sākṣād bhakti-yogam adhokṣaje [bhā.pu. 1.7.6] ity anena, ātmārāmāś ca [bhā.pu. 1.7.10] ity anena ca | pūrvatra hi bhakti-yoga-prabhāvaḥ khalv asau māyābhibhāvakatayā svarūpa-śakti-vṛttitvenaiva gamyate | paratra ca te guṇā brahmānandasyāpy uparicaratayā svarūpa-śakteḥ parama-vṛttitām evārhantīti | māyādhiṣṭhātṛ-puruṣas tu tad-aṁśatvena, brahma ca tadīya-nirviśeṣāvirbhāvatvena, tad-antarbhāva-vivakṣayā pṛthaṅ nokte iti jñeyam | ato’tra pūrvavad eva sambandhi-tattvaṁ nirdhāritam ||2b|| (31)",9
1406,sarva-saṁvādinī : na vyākhyātam.,2
1408,"baladevaḥ : pāṭhāntareṇāpi sa evārtha iti vyākhyātum āha pūrvam iti | īśvarasyaiva pūrva-vartitvāt puruṣatvam ity arthaḥ | sa eveti svayaṁ bhagavān eva | svarūpa-śaktimattve pramāṇam āha tvam iti | śrutiś cātrāsti | parāsya śaktir vividhaiva śrūyate svābhāvikī jñāna-bala-kriyā ca [śve.u. 6.8] iti | eṣaiva hlādinī sandhinīty ādinā smaryate | ity uktam iti kaṇṭhataḥ pāṭhitam arjunenety arthaḥ | māyāto’nyeyaṁ bodhyety āha ataevety ādinā | mūla-vākyena svarūpa-bhūtā cic-chaktir iyaṁ bodhitāstīy āha ataevety ādinā | paṭṭa-mahiṣīva svarūpa-śaktiḥ, bahir dvāra-sevikeva māyā-śaktir ity ubhayor mahad-antaraṁ bodhyam | bhagavad-bhakter bhagavad-guṇānāṁ ca svarūpa-śakti-sārāṁśatvaṁ sayuktikam āha pūrvatra hītyādinā | brahmānandasyeti anabhivyakta-saṁsthānādi-viśeṣasyeti bodhyam | nanu paramātma-rūpas tādṛśa-brahma-rūpaś cāvirbhāvaḥ kuto vyāsena na dṛṣṭa iti cet tatrāha māyādhiṣṭhātr iti ||2b|| (31)",5
1412,atha prāk-pratipāditasyaivābhedhyasya prayojanasya ca sthāpakaṁ jīvasya svarūpata eva parameśvarād vailakṣaṇyam apaśyad ity āha—yayā māyayā sammohito jīvaḥ svayaṁ cid-rūpatvena triguṇātmakāj jaḍāt paro’py ātmānaṁ triguṇātmakaṁ jaḍaṁ dehādi-saṅghātaṁ manute | tan-manana-kṛtam anarthaṁ saṁsāra-vyasanaṁ cābhipadyate | tad evaṁ jīvasya cid-rūpatve’pi yayā sammohita iti manute iti ca svarūpa-bhūta-jñāna-śālitvaṁ vyanakti prakāśaika-rūpasya tejasaḥ sva-para-prakāśana-śaktivat | ajñānenāvṛtaṁ jñānaṁ tena muhyanti jantavaḥ [gītā 5.25] iti śrī-gītābhyaḥ | tad evam upādher eva jīvatvaṁ tan-nāśasyaiva mokṣatvam iti matāntaraṁ parihṛtavān | atra yayā sammohitaḥ ity anena tasyā eva tatra kartṛtvaṁ bhagavatas tatrodāsīnatvaṁ matam | vakṣyate ca—,7
1415,vimohitā vikatthante mamāham iti durdhiyaḥ || [bhā.pu. 2.5.13] iti |,3
1417,"atra vilajjamānayā ity anenedam āyāti, tasyā jīva-sammhohanaṁ karma śrī-bhagavate na rocata iti yadyapi sā svayaṁ jānāti, tathāpi bhayaṁ dvitīyābhiniveśataḥ syād īśād apetasya [bhā.pu. 11.2.37] iti diśā jīvānām anādi-bhagavad-ajñāna-maya-vaimukhyam asahamānā svarūpāvaraṇam asvarūpāveśaṁ ca karoti ||2c|| (32)",3
1419,sarva-saṁvādinī : na vyākhyātam.,2
1421,"baladevaḥ : jīvo yenśvaraṁ bhajet bhaktyā ca tasmin premāṇaṁ vindet tato māyayā vimuktaḥ syāt tam īśvarāj jīvasya vāstavaṁ bhedam apaśyad iti vyācaṣṭe, atha prāg ity-ādinā | jīvasyeti vailakṣaṇyam iti sevakatva-sevyatvāṇutva-vibhutva-rūpa-nitya-dharma-hetukaṁ bhedam ity arthaḥ | nanu cin-mātro jīvaḥ yo vijñāne tiṣṭhan [bṛ.ā.u. 3.7.22], vijñānaṁ yajñaṁ tanute [tai.u.2.5.1] ity ādau cid-dhātutva-śravaṇāt, na tasya dharma-bhūtaṁ nityaṁ jñānam asti yena moha-manane varṇanīye | tasmāt sattvā sañjāyate jñānaṁ [gītā 14.17] ity-ādi-vākyāt, sattve yā caitanyasya cchāyā, tad eva sattvopahitasya tasya jñānaṁ yena moha-manane vyāsena dṛṣṭe syātām iti cet tatrāha tad evam ity-ādinā | chāyābhāvāc ca na tat-kalpanaṁ yuktam iti bhāvaḥ | nanu svarūpa-bhūtaṁ jñānaṁ katham iti cet tatrāha parkāśaiketi | ahi-kuṇḍalādhikaraṇe [bra.sū. 3.2.28] bhāṣitam etad draṣṭavyam | tṛtīya-sandarbhe vistarīṣyāma etat | tad evam upādher iti antaḥkaraṇaṁ jīvaḥ antaḥ-karaṇa-nāśo jīvasya mokṣa iti śaṅkara-mataṁ dūsitam | tathā sati paro’pīty ādi-vyākopād iti bhāvaḥ | atreti tatra jīva-mohane karmaṇi | tasyā māyāyāḥ| vilajjeti brahma-vākyam | amuyā māyayā | asahamāneti dāsyā ucitam etat karma yat svāmi-vimukhān duḥkhākarotīti | īśa-vaimukhyena pihitaṁ jīvaṁ māyā pidhatte, ghaṭenāvṛtaṁ dīpaṁ yathā tama āvṛṇotīti ||2c|| (32)",6
1429,"mām eva ye prapadyante māyām etāṁ taranti te ||  [gītā 7.14] iti,",2
1434,śraddhā ratir bhaktir anukramiṣyati || [bhā.pu. 3.25.25] iti ca |,2
1440,baladevaḥ : nanv īśvaraḥ kathaṁ tan mohanaṁ sahate | tatrāha bhagavāṁś ceti | tarhi kṛpālutā-ksiḥ | tatrāha tatheti | tad-bhayenāpīti māyāto yaj-jīvānāṁ bhayaṁ tenāpi hetunety arthaḥ | tataś ca na tat-ksatir ity arthaḥ | daivīti prapattiś ceyaṁ sat-prasaṅga-hetukaiva tad-upadiṣṭā yayā sāmmukhyaṁ syāt tad viddhi praṇipātena [gītā 4.34] ity-ādi tad-vākyāt | satāṁ prasaṅgāt ity ādy-agrima-vākyāc ca | līlayeti līlāvatāreṇa | viśiṣṭatayeti ācārya-rūpeṇety arthaḥ | tasmād iti dvayor māyā-bhagavator api | tat tad iti | mohanaṁ sāmmukhya-vāñchā cety arthaḥ | nanu māyāyā mohana-lajjana-kartṛtvam uktaṁ tat kathaṁ jaḍāyās tasyāḥ sambhaved iti śaṅkate—nanu māyeti | dharma-viśeṣa utsāhādivad ity arthaḥ | siddhāntayati ucyata iti | adhiṣṭhātṛ-devya iti | vindhyādi-girīṇāṁ yathādhiṣṭhātṛ-mūrtayas tadvat | keneti tasyāṁ brahma ha devebhyo vijigye [kena.u. 3.1] ity-ādi-vākyam asti | tatrāgni-vāyu-maghonaḥ sa-garvān vīkṣya tad-garvam apanetuṁ paramātmāvirabhūt | tam ajānantas te jijñāsayāmāsuḥ | teṣāṁ vīryaṁ parīkṣamāṇaḥ sa tṛṇaṁ nidadhau | sarvaṁ daheyam ity agniḥ | sarvam ādadīyeti vāyuś ca bruvaṁs tan-nirdagdhum ādayetuṁ ca nāśakat | jñātuṁ pravṛttān madhonas tu sa tiro’dhatta | tad-ākāśe maghavā haimavatīm umām ājagāma | kim etad iti papraccha | sā ca brahmaitad ity uvācetiniṣkṛṣṭam ||33||,8
1448,baladevaḥ : tatra jīvasyeti māyāṁ ca tad-apāśrayām itīśvarasya māyā-niyantṛtvaṁ yayā sammohito jīva iti jīvasya māyā-niyamyatvaṁ ca | tena svarūpata īśāj jīvasya bheda-paryāyaṁ vailakṣaṇyaṁ dṛṣṭavān iti prasphuṭam | apaśyat ity anena kālo’py ānītaḥ | tad evam īśvara-jīva-māyā-kālākhyāni catvāri tattvāni samādhau śrī-vyāsena dṛṣṭāni | tāni nityāny eva | atha ha vāva nityāni puruṣaḥ prakṛtir ātmā kālaḥ ity evaṁ bhāllaveya-śruteḥ | nityo nityānāṁ cetanaś cetanānām eko bahūnāṁ yo vidadhāti kāmān [ka.u. 2.2.13] iti kāṭhakāt | ,6
1453,jahāty enāṁ bhukta-bhogām ajo’nyaḥ || iti śvetāśvatarāṇāṁ [4.5] mantrāc ca |,2
1456,sadaika-rūpa-rūpāya viṣṇave sarva-jiṣṇave || [vi.pu. 1.2.1],2
1458,kṣobhayāmāsa samprāpte sarga-kāle vyayāvyayau || [vi.pu. 1.2.29],2
1460,procyate prakṛtiḥ sūkṣmā nityaṁ sad-asad-ātmakam || [vi.pu. 1.2.19],2
1462,avyucchinnās tatas tv ete sarga-sthity-anta-saṁyamāḥ || [vi.pu. 1.2.26],2
1467,avidyā-karma-saṁjñānyā tṛtīyā śaktir iṣyate || [vi.pu. 6.7.61],2
1469,"iti śrī-vaiṣṇavāt | sa yāvad urvyā bharam īśvareśvaraḥ svakāla-śaktyā kṣapayaṁś cared bhuvi [bhā.pu. 10.1.22] iti śrī-bhāgavatāc ca | tatra vibhuvijñānam īśvaraḥ, aṇu-vijñānaṁ jīvaḥ | ubhayaṁ nitya-jñāna-guṇakam | sattvādi-guṇa-traya-viśiṣṭaṁ jaḍaṁ dravyaṁ māyā | guṇa-traya-śūnyaṁ bhūta-vartamānādi-vyavahāra-kāraṇaṁ jaḍaṁ dravyaṁ tu kālaḥ | karmāpy anādi vināśi cāsti na karmāvibhāgād iti cen nānāditvāt [ve.sū. 2.1.35] iti sūtrād iti vastu-sthitiḥ śruti-smṛti-siddhā veditavyā ||34||",3
1475,sarva-saṁvādinī : etad-vyākhyānte [mū. 2] yarhy eva yad ekam ity-ādikaṁ śrī-paramātma-sandarbhe [§71] vivaraṇīyam ||2f|| (35),2
1477,"baladevaḥ : yat tu ekam evādvitīyaṁ [chā.u. 6.2.1], vijñānam ānandaṁ brahma [bṛ.ā.u. 3.9.28], neha nānāsti kiñcana [bṛ.ā.u. 4.4.19] ity-ādi-śrutibhyo nirviśeṣa-cin-mātrādvaitaṁ brahma vāstavyam | atha sad-asad-vilakṣaṇatvād anirvacanīyena vidyāvidyā-vṛttikenājñānena sambandhāt tasmād vidyopahitam īśvara-caitanyam avidyopahitaṁ jīva-caitanyaṁ cābhūt | svarūpa-jñānena nivṛtte tv ajñāne na tatreśvara-jīva-bhāvaḥ, kintu nirviśeṣādvitīya-cinmātra-rūpāvasthitir bhaved ity āha—māyī śaṅkaraḥ | tatrāha—yarhy eva yad ekam iti visphuṭārtham | ity uktam iti—yugapad evākasmād evājñāna-yogād ekasya bhāgasya vidyāśrayatvam anyasyāvidyā-parābhūtir iti | ",8
1485,"baladevaḥ : yat tu indro māyābhiḥ puru-rūpa īyate [ṛ.ve. 6.47.18, bṛ.ā.u. 2.5.19] ity-ādi-śrutes tasyādvitīyasya brahmaṇo māyayā paricchedād īśvara-jīva-vibhāgaḥ syāt | tatra vidyayā paricchinno mahān khaṇḍa īśvaraḥ | avidyayā paricchinnaḥ kanīyān khaṇḍas tu jīvaḥ | yathā ghaṭenāvacchinnaḥ śarāveṇāvacchinnaś cākāśa-khaṇḍo mahad-alpatā-vyapadeśaṁ bhajati |",4
1490,devaḥ kṣetreṣv evam ajo’yam ātmā || [śruti?] ,2
1498,baladevaḥ : kuto na vācya iti tad-anupapatter evety āha tatra yady upādher iti | pariccheda-pakṣaṁ nirākaroti anāvidyakatvena rajju-bhujaṅgavad-ajñāna-racitatvābhāvena vastu-bhūtatve satīty arthaḥ | aviṣayasyeti agṛhyo na hi gṛhyate iti [bṛ.ā.u. 3.9.26] śruteḥ sarvāspṛśyasya tasya brahmaṇa ity arthaḥ | idam atra bodhyam—na ca ṭaṅka-cchinna-pāṣāṇa-khaṇḍavad-vāstavopādhi-cchinno brahma-khaṇḍa-viśeṣa īśvaro jīvaś ca | brahmaṇo’cchedyatvād akhaṇḍatvābhyupagamāc ca | ādimattvāpattaiś ceśvara-jīvayoḥ | yata ekasya dvidhā tridhā vidhānaṁ chedaḥ | nāpy acchinna evopādhi-saṁyukto brahma-pradeśa-viśeṣa eva sa saḥ | upādhau calaty upādhi-saṁyukti-brahma-pradeśa-calanāyogāt pratikṣaṇam upādhi-saṁyukta-brahma-pradeśa-bhedād anukṣaṇam upahitatvānupahitatvāpatteḥ | na ca kṛtsnaṁ brahmaivopahitaṁ sa saḥ | anupahita-brahma-vyapadeśāsiddheḥ | nāpi brahmādhiṣṭhānam | upādhir eva sa saḥ |muktāvīśa-jīvābhāvāpatter iti tucchaḥ pariccheda-vādaḥ |,4
1508,baladevaḥ : brahmaivāham iti jñāna-mātreṇa tad-rūpāvasthitiḥ syād iti yad-abhimataṁ tat khalūpādher vāstavatva-pakṣe na sambhavatīty āha tathā vāstaveti | ādinā pratibimbo grāhyaḥ | na khalu nigaḍitaḥ kaścid dīno rājaivāham iti jñāna-mātrād rājā bhavan dṛṣṭa iti bhāvaḥ | nanu brahmānusandhi-sāmarthyād bhaved iti cet tatrāha tat-padārtheti | tathā ca tvan-mata-kṣatir iti ||38||,2
1516,baladevaḥ : athopādher āvidyakatva-pakṣe paricchedādi-vāda-dvayaṁ nirākaroti upādher iti | āvidyakatve rajju-bhujaṅgādivan mithyātve satīty arthaḥ | tatropādhi-paricchinnatva-tat-pratibimbatvayor apy anupapadyamānatvān mithyātvam eveti hetoḥ | ghaṭākāśādiṣ ghaṭa-paricchinnākāśe ghaṭāmbu-pratibimbākāśe ca vāstavoopādhimaya-tad-ubhaya-dṛṣṭānta-darśanayā teṣāṁ cinmātrādvaitnām ekajīvavāda-pariniṣṭhatvād avāstava-svapna-dṛṣṭāntopajīvināṁ siddhānto na sidhyati | ,2
1526,baladevaḥ : nanu paricchedādi-vāda-dvaye nāsmākaṁ tātparyaṁ tasyājña-bodhanāya kalpitatvāt | kintv eka-jīva-vāda eva tad asti | ,2
1531,sa eva jāgrat parituṣṭim eti || [kaivalya.u. 12] ,2
1533,"ity-ādi-kaivalyopaniṣadi tasyaivopapāditatvāt | tad-vādaś cettham ekam evādvitīyam ity ādy ukta-śrutibhyo’dvitīya-cin-mātro hy ātmā | sa cātmany avidyayā guṇamayīṁ māyāṁ tad-vaiṣamyajāṁ kārya-saṁhitaṁ ca kalpanyann asmad-artham ekaṁ yuṣmad-arthāṁś ca bahūn kalpayati | tatrāsmad-arthaḥ sva-svarūpaḥ puruṣaḥ | yuṣmad-arthaś ca mahad-ādīni bhūmy-antāni jaḍāni | sva-tulyāni puruṣāntarāṇi, savaśvarākhyaḥ puruṣa-viśeṣaś cety evaṁ trividhaḥ | jīveśāv ābhāsena karoti māyā cāvidyā ca svayam eva bhavati [nṛ.tā.u. 2.9] iti śruty-antarāc ca | guṇa-yogād eva kartṛtva-bhoktṛtve tatrātmany adhyaste | yathā svapne kaścid rājadhānīṁ rājānaṁ tat-prajāś ca kalpayati, tan-niyamyam ātmānaṁ ca manyate, tadvat | jāte ca jñāne, jāgare ca sati, tato’nyan na kiñcid astīti cinmātram ekam ātma-svastv iti |",3
1535,"tam imaṁ vādaṁ nirākartum āha iti brahmeti | iti evaṁ pūrvokta-rītyā paricchedādi-vāda-dvayasya pratyākhyāne jāte, brahma cāvidyā ceti dvayoḥ paryavasāne satīty arthaḥ | atyantābhāvāspadatvād iti agṛhyo na hi gṛhyate [bṛ.ā.u. 3.9.26] ity-ādi śruter evety arthaḥ | virodhas tad-avastha iti vorodhatvād evāśakya-vyavasthāpana ity arthaḥ | tava ca śuddhāyām iti śuddhe brahmaṇy akasmād avidyā-sambandhas tat-sambandhāt tasya jīvatvam | tena jīvena kalpitāyā māyāyā āśrayo bhūtvā tad brahmaiveśvaraḥ | tasyeśvarasya māyayā paribhūtaṁ brahmaiva taj-jīvaḥ | ity-ādi vipralāpo’yam aviduṣām eva, na tu viduṣām iti bhāvaḥ | māyikatvaṁ pratārakatvam ity arthaḥ | sa eva māyā iti śrutis tu brahmāyatta-vṛttikatva-brahma-vyāpyatvābhyāṁ brahmaṇo’natirikto jīva ity eva nivedayantī gatārthā | jīveśau iti śrutis tu māyā-vimohita-tārkikādi-parikalpita-jīveśa-paratayā gatârtheti na kiñcid anupapannam ||2k||(40)",3
1543,sarva-saṁvādinī : atra śrī-śuka-hṛdaya-virodhaś caivam—yadi bhagavato'py avidyā-mayam eva vaibhavaṁ syāt tadā śrī-śukasya tal-līlākṛṣṭatvaṁ na syād iti mūle caivam agrato śrī-bhagavat-sandarbhe [84] suṣṭhu vicārayiṣyati ||2l|| (41) ,2
1545,baladevaḥ : anupapatty-antaram āha kiṁ ceti | atra śrī-bhāgavate śāstre | ity eveti pūrṇaḥ puruṣaḥ kaścid asti tad-āśritayā māyayā jīvo vimohito’narthaṁ bhajati | tad-anarthopaśamanī ca pūrṇasya tasya bhaktiḥ ity apaśyat | ity evaṁ nāvakṣyad ity arthaḥ ||41||,2
1551,"tasmāt pariccheda-pratibimbatvādi-pratipādaka-śāstrāṇy api kathañcit tat-sādṛśyena gauṇyaiva vṛttyā pravarteran | ambuvad agrahaṇāt tu na tathātvaṁ [ve.sū. 3.2.19], vṛddhi-hrāsa-bhāktvam antar-bhāvād ubhaya-sāmañjasyodevaṁ [ve.sū. 3.2.20] iti pūrvottara-pakṣa-maya-nyāyābhyām ||2m|| (42)",5
1553,"baladevaḥ : tasmād iti | tat-sādṛśyena paricchinna-pratibimba-tulyatvenety arthaḥ | siṁho devadattaḥ ity atra yathā gauṇyā vṛttyā siṁha-tulyatvaṁ devadattasyocyate, na tu siṁhatvaṁ tadvad ity arthaḥ | nanv evaṁ kena nirṇītam iti cet | sūtrakṛtā śrī-vyāsenaiveti tat sūtra-dvayaṁ darśayati |",2
1555,"tatraikena tadvāda-dvayam asambhavān nirasyati ambuvad iti | yathāmbunā bhū-khaṇḍasya paricchedaḥ, evam upādhinā brahma-pradeśasya sa syāt | na, ambunā bhūkhaṇḍasyevopādhinā brahma-pradeśasya grahaṇābhāvāt | agṛhyo na hi gṛhyate [bṛ.ā.u. 3.9.26] iti hi śrutiḥ | ato na tathātvaṁ brahmaṇa upādhi-paricchinnatvaṁ nety arthaḥ |",3
1565,"baladevaḥ : tata iti paricchedādi-śāstra-dvayasya tat-sādṛśyārthakatvena nītatvād eva hetoḥ | tvaṁ vā aham asmi bhagavo deva, ahaṁ vai tvam asi tattvam asi ity ādīny abheda-śāstrāṇi | tad etad vyāsa-samādhi-siddhānta-yojanāya muhur apy agre yojanīyānīti sambandhaḥ | kena hetunety āha ubhayor īśa-jīvayoś cid-rūpatvena hetunā | yathā gaura-śyāmayos taruṇa-kumārayor vā viprayor vipratvenaikyam | tataś ca jātyaivābhedo, natu vyaktor ity arthaḥ | tathā jīva-samūhasya durghaṭa-ghaṭanā-paṭīyasyā tad-acintya-śaktyā svabhāvata eva tad-raśmi-paramāṇu-guṇa-sthānīyatvāt tad-vyatirekeṇa, avyatirekeṇa ca hetunā virodhaṁ parihṛtyeti | pareśasya khalu svarūpānubandhinī parākhyā śaktir uṣṇateva raver asti | parāsya śaktir vividhaiva śrūyate svābhāvikījñāna-bala-kriyā ca [śve.u. 6.8] iti mantra-varṇāt | viṣṇu-śaktiḥ parā proktā [vi.pu. 6.7.61] iti smaraṇāc ca | sā hi tad-itarān nikhilān niyamayati | yasmāt tad anye sarve’rthāḥ sva-svabhāvam atyajanto vartante | prakṛtiḥ kālaḥ karma ca svāntaḥ-sthitam apīśvaraṁ sparṣṭuṁ na śaknoti | kintu tato bibhyed eva svasvabhāve tiṣṭhati | jīva-gaṇāś ca tat-sajātīyo’pi na tena samparcituṁ śaknoti kintu tamāśrayann eva vṛttiṁ labhate | mukhya-prāṇam iva śrotrādir indriya-gaṇa iti | tathā yad-attir yad-adhīnā sa tad-rūpaḥ ity abheda-śāstrasyāpi bheda-śāstreṇa sārdham avirodho’yaṁ śrī-vyāsa-samādhi-labdha-siddhānta-savyapekṣa iti | tathā cātreśa-jīvayoḥ svaruūpābhedo nāstīti siddham ||43||",10
1581,"baladevaḥ : māyā-moha-nivārakatvād yasya bhajanam abhidheyam, sa bhagavān eva bhajatāṁ prema-yogya ity arthād āgatam ity āha ata iti | ato māyāmoha-nivāraka-bhajanatvād bhagavata eva parama-prema-yogyatvam iti sambandhaḥ | jīvātmā prema-yogyaḥ, paramātmā bhagavāṁs tu parama-prema-yogya ity arthaḥ | kuta ity apekṣāyāṁ hetu-catuṣṭayam āha sarveti | raśmīnām ity-ādi—sūryo yathā raśmīnāṁ svarūpaṁ na, kintu parama-svarūpam eva bhavaty evaṁ jīvānāṁ bhagavān iti svarūpaikyaṁ nirastam | antaryāmi-brāhmaṇāt saubāla-brāhamaṇāc ca jīvātmanaḥ paramātmanaḥ śarīrāṇi bhavanti, sa tu teṣāṁ śarīrī iti bhedaḥ prasphuṭo jñātaḥ | ataḥ sarvādhiketi ||45||",2
1587,"tatrābhidheyaṁ ca tādṛśatvena dṛṣṭavān api, yatas tat-pravṛtty-arthaṁ śrī-bhāgavatākhyām imāṁ sātvata-saṁhitāṁ pravartitavān ity āha—anartheti | bhakti-yogaḥ śravaṇa-kīrtanādi-lakṣaṇaḥ sādhana-bhaktiḥ, na tu prema-lakṣaṇaḥ | anuṣṭhānaṁ hy upadeśāpekṣaṁ, prema tu tat-prasādāpekṣam iti | tathāpi tasya tat-prasāda-hetos tat-prema-phala-garbhatvāt sākṣād evānarthopaśamanatvam, na tv anya-sāpekṣatvena | yat karmabhir yat tapasā jñāna-vairāgyataś ca yat [bhā.pu. 11.20.32] ity ādau, sarvaṁ mad-bhakti-yogena mad-bhakto labhate’ñjasā | svargāpavargaṁ [bhā.pu. 11.20.33] ity ādeḥ | jñānādes tu bhakti-sāpekṣatvam eva,śreyaḥ-sṛtiṁ bhaktiṁ [bhā.pu. 10.14.4] ity ādeḥ |",7
1591,baladevaḥ : tatrābhīti | tādṛśatvena māyānivārakatvena | dṛṣṭavān api śrī-vyāsaḥ | anuṣṭhānaṁ kṛti-sādhyam | tat-prasādeti bhagavad-anugrahety arthaḥ | tasya śravaṇādi-lakṣaṇasya | anya-sāpekṣatvena karmādi-parikaratvena | jñānādes tv iti jñānam atra yasya brahma [page 6] ity ukta-brahma-viṣayakam | sammohādīyādi-padād ātmano jaḍa-dehādi-rūpatā-mananaṁ grāhyam | ata iti | atra anartheti vākye ||46||,2
1599,"tasyānuṣaṅgikaṁ guṇam āha—“śoka-” iti | atraiṣāṁ saṁskāro’pi naśyatīti bhāvaḥ,prītir na yāvan mayi vāsudeve na mucyate deha-yogena tāvat [bhā.pu. 5.5.6] iti śrī-ṛṣabha-deva-vākyāt | “parama-puruṣe” pūrvokta-pūrṇa-puruṣe | ",3
1601,"kim-ākāraḥ ? ity apekṣāyām āha—“kṛṣṇe” | kṛṣṇas tu bhagavān svayam  [bhā.pu.1.3.28] ity-ādi śāstra-sahasra-bhāvitāntaḥ-karaṇānāṁ paramparayā tat-prasiddhi-madhya-pātināṁ cāsāṅkhya-lokānāṁ tan-nāma-śravaṇa-mātreṇa yaḥ prathama-pratīti-viṣayaḥ syāt, tathā tan-nāmnaḥ prathamākṣara-mātraṁ mantrāya kalpamānaṁ yasyābhimukhyāya syāt, tad-ākāra ity arthaḥ | āhuś ca nāma-kaumudī-kārāḥ—kṛṣṇa-śabdasya tamāla-śyāmala-tviṣi yaśodāyāḥ stanandhaye para-brahmaṇi rūḍhiḥ iti ||2r|| (47)",5
1603,baladevaḥ : atheti | prayojanaṁ bhagavat-prema-lakṣaṇam | tatreti tatra samādhau śrī-vyāsasyānyam anubhavam ity arthaḥ | āvirbhavatīti premṇaḥ parāsārāṁśatvenotpatty-asambhavād ity arthaḥ | tasyeti premṇaḥ | atra premṇi sati | kṛṣṇas tu bhagavān svayam iti śrī-sūtādīnāṁ śrī-jayadevādīnāṁ cāsaṅkhya-lokānām ity arthaḥ | tan-nāma iti tan-nāmnaḥ iti cobhayatra kṛṣṇeti nāma bodhyam | rūḍhir iti prakṛti-pratyaya-sambandhaṁ vinaiva yaśodā-sute prasiddhir maṇḍapa-śabdasyeva gṛha-viśeṣa ity arthaḥ ||47||,2
1611,baladevaḥ : atheti brahmānandād yasya brahmety ukta-vastu-sukhād api | paramatvam utkṛṣṭatvam anubhūtavān śrī-vyāsaḥ | tādṛśaṁ tad-ānandānubhavainam api | tad-ānandeti kṛṣṇa-premānanda-prāpaṇāyety arthaḥ | ata eveti | yad atreti atra śrī-bhāgavate | anyatra mātsyādau—aṣṭādaśa-purāṇāni kṛtvā satyavatī-sutaḥ | cakre bhāratam ākhyānaṁ vedārthair upabṛṁhitam ity anenety arthaḥ | tatreti nivṛttāv ity arthaḥ ||48||,5
1627,"baladevaḥ : samādhi-dṛṣṭasyārthasya sarva-tattvajña-sammatatvam āha—tam ity-ādinā | nirgatāhaṅkāreti | mahat-tattvāj jāto’yam ahaṅkāraḥ, na tu svarūpānubandhīti bodhyam, dvitīye sandarbhe evam eva nirṇeṣyamāṇatvāt | tadīya-padya-viśeṣān iti pūtanā-dhātrī-gati-dāna-pāṇḍava-sārathya-pratīhāratvādi-pradarśakān katicic chlokān ity arthaḥ | brahma-vaivarte śuko yoni-jātaḥ, bhārate tv ayoni-jātaḥ kathyate | dāra-grahaṇaṁ kanyā-santatiś ceti | tad etat sarvaṁ kalpa-bhedena saṅgamanīyam ||49||",4
1633,"atha krameṇa vistaratas tathaiva tātparyaṁ nirṇetuṁ sambandhābhidheya-prayojaneṣu ṣaḍbhiḥ sandarbhair nirṇeṣyamāṇeṣu prathamaṁ yasya vācya-vācakatā-sambandhīdaṁ śāstraṁ, tad eva dharmaḥ projjhita-kaitavaḥ ity-ādi-padye sāmānyākāratas tāvad āha—",3
1635,vedyaṁ vāstavam atra vastu [bhā.pu.1.1.2] iti ||,2
1637,"ṭīkā ca—atra śrīmati sundare bhāgavate vāstavaṁ paramārtha-bhūtaṁ vastu vedyam, na tu vaiśeṣikādivad dravya-guṇādi-rūpam ity eṣā ||3|| (50)",3
1641,baladevaḥ : saṅkṣepeṇoktaṁ sambandhādikaṁ vistareṇa darśayitum upakramate athetyādi | tathaiveti śrī-śukādi-hṛdayānusāreṇety arthaḥ | sāmānyata iti anirdiṣṭa-svarūpa-guṇa-vibhūti-kathanāyety arthaḥ | vaiśeṣikādivad iti kaṇāda-gautamokta-śāstravad ity arthaḥ ||50||,2
1647,vadanti tat tattva-vidas tattvaṁ yaj jñānam advayaṁ [bhā.pu. 1.2.11] iti | ,2
1653,"baladevaḥ : svarūpa-nideśa-pūrvakaṁ tattvaṁ vaktum avatārayati atha kim iti | svayaṁ siddheti ātmanaiva siddhaṁ khalu svayaṁ siddham ucyate | svayaṁ dāsās tapasvinaḥ ity atra tapasv-dāsyam ātmanā tapasvinaiva siddhaṁ pratīyate tadvat | tādṛśaṁ ca pareśa-vastv eva, na tu tādṛśam api jīva-caitanyam, na tv atādṛśaṁ prakṛti-kāla-lakṣaṇaṁ jaḍa-vastu | tad-abhāvād advayatvam | tayoḥ svayaṁsiddhatvābhāvaḥ kutaḥ | ity atrāha paramāśrayaṁ taṁ vineti | sva-śaktyeka-sahāye’py advaya-padaṁ prayujyate dhanur dvitīyaḥ pāṇḍur iti |",4
1655,"nanu vedānte vjñānam ānandaṁ brahma iti | vijñānānada-svarūpaṁ brahma paṭhyate, iha jñānam iti katham | tatrāha tattvam iti | idam atra tattvam ity ukte sāre vastuni tattva-śabdo nīyate | sāraṁ ca sukham eva sarveṣām upāyānāṁ tad-arthatvāt | tathā ca sukha-rūpatvam api tasyāgatam | nanu jñānaṁ sukhaṁ cānityaṁ dṛṣṭaṁ tatrāha ataeveti | svayaṁsiddhatvena vyākhyānān nityaṁ tad ity arthaḥ | sad-akāraṇaṁ yat tan nityam iti hi tīrthakārāḥ | evaṁ ca tādṛśa-brahma-sambandhīdaṁ śāstram ity uktam ||4|| (51)",3
1664,vastv advitīyaṁ tan-niṣṭhaṁ kaivalyaika-prayojanam || [bhā. 12.13.12] iti |,2
1666,"satyaṁ jñānam anantaṁ brahma [tai.u. 2.1.1] iti yasya svarūpam uktam, yenāśrutaṁ śrutaṁ bhavati [chā.u.6.1.3] iti yad-vijñānena sarva-vijñānaṁ pratijñātam,sad eva saumyedam agra āsīt [chā.u. 6.2.1] ity-ādinā nikhila-jagad-eka-kāraṇatā,tad aikṣata bahu syāṁ [chā.u. 6.2.3] ity anena satya-saṅkalpatā ca yasya pratipāditā, tena brahmaṇā svarūpa-śaktibhyāṁ sarva-bṛhattamena sārdham,anena jīvenātmanā [chā.u. 6.3.2] iti tadīyoktāvidantā-nirdeśena tato bhinnatve’py ātmatā-nirdeśena tad-ātmāṁśa-viśeṣatvena labdhasya bādarāyaṇa-samādhi-dṛṣṭa-yukter atyabhinnatā-rahitasya jīvātmano yad ekatvaṁ tattvam asi [chā.u. 6.8.7] ity ādau jñātā,tad-aṁśa-bhūta-cid-rūpatvena samānākāratā | tad eva lakṣaṇaṁ prathamato jñāne sādhakatamaṁ yasyatathābhūtam, yat sarva-vedānta-sāram advitīyaṁ vastu tan-niṣṭhaṁ tad-eka-viṣayam idaṁ śrī-bhāgavatam iti prāktana-padya-sthenānuṣaṅgaḥ | ",15
1674,"baladevaḥ : ārthikaṁ nityatvaṁ sthiraṁ kurvan, śāstrasya viśiṣṭa-brahma-sambandhitvam āha—nanu nīlety ādinā | anena jīvenety ādi | tadīyoktau paradevatā-vākye | tad-ātmāṁśa-viśeṣatvena tad-vibhinnāṁśatvena, na tu matsyādivatsvāṁśatvenety arthaḥ | jīvātmano yad ekatvam iti jīvasya cid-rūpatvena jātyā yad-brahma-samānākāratvaṁ tad eva tasya brahmaṇā sahaikyam iti vyakti-bhedaḥ prasphuṭaḥ | evam eva yathetyādi-dṛṣṭāntenāpi darśitaḥ | tad etad iti upaniṣadaḥ so’kāmayata bahu syām ity ādyāḥ | niraṁśatvopadeśiketi satyaṁ jñānam anantaṁ [tai.u.2.1], niṣkalaṁ niṣriyaṁ śāntaṁ niravadyaṁ nirañjanaṁ [śve.u. 6.19] ity ādyā śrutis tu kevala-tan-niṣṭhā viśeṣya-mātra-parety arthaḥ | anabhivyakta-saṁsthāna-guṇakaṁ brahma vadatīti yāvat ||52||",8
1680,"tatra yadi tvam-padārthasya jīvātmano jñānatvaṁ nityatvaṁ ca prathamato vicāra-gocaraḥ syāt, tadaiva tat-padārthasya tādṛśatvaṁ subodhaṁ syād iti | tad bodhayitum anyārthaś ca parāmarśaḥ [ve.sū. 1.3.20] iti nyāyena jīvātmanas tad-rūpatvam āha—",3
1685,prāṇo yathendriya-balena vikalpitaṁ sat || [bhā.pu. 11.3.38],2
1687,"“ātmā” śuddho jīvaḥ | “na jajāna” na jātaḥ, janmābhāvād eva tad-anantarāstitā-lakṣaṇo vikāro’pi nāsti | “naidhate” na vardhate, vṛddhy-abhāvād eva vipariṇāmo’pi nirastaḥ | “hi” yasmāt | “vyabhicāriṇām” āgamāpāyināṁ bāla-yuvādi-dehānāṁ deva-manuṣyādy-ākāra-dehānāṁ vā | “savana-vit” tat-tat-kāla-draṣṭā, nahy avasthāvatāṁ draṣṭā tad-avastho bhavatīty arthaḥ | ",3
1691,"nanu, nīla-jñānaṁ naṣṭaṁ pīta-jñānaṁ jātam iti pratīter na jñānasyānapāyitvam ? tatrāha—“indriya-balena” iti | sad eva jñānam ekam indriya-balena vividhaṁ kalpitam | nīlādy-ākārā vṛttaya eva jāyante naśyanti ca, na jñānam iti bhāvaḥ | ayam āgamāpāyitad-avadhi-bhedena prathamas tarkaḥ | draṣṭṛ-dṛśya-bhedena dvitīyo’pi tarko jñeyaḥ | vyabhicāriṣv avasthā-vyabhicāre dṛṣṭāntaḥ—“prāṇo yathā” iti ||6|| (54)",2
1693,"baladevaḥ : jīvātmani jñāte paramātmā sujñātaḥ syād ity uktam | tad arthaṁ jīvātmānaṁ nirūpayiṣyann avatārayati tatra yadīty ādinā | anyārthaś ceti brahma-sūtram | dahara-vidyā chāndogye paṭhyate yad idam asmin brahma-pure daharaṁ puṇḍarīkaṁ veśma daharo’sminn antar-ākāśas tasmin yad-antas tad anveṣṭavyaṁ[chā.u. 8.1.1] iti | atropāsakasya śarīraṁ brahma-puram, tatra hṛt-puṇḍarīka-stho daharaḥ paramātmā dhyeyaḥ kathyate | tatrāpahata-pāpmatvādi-guṇāṣṭakam [chā.u. 8.7.1]anveṣṭavyam upadiśyata iti siddhāntitam | tad-vākya-madhye,sa eṣa samprasādo’smāc charīrāt samutthāya paraṁ jyotir upasampadya svena rūpeṇābhiniṣpadyate, sa uttamaḥ puruṣaḥ [chā.u.8.12.3] iti vākyaṁ paṭhitam | atra samprasādo labdha-vijñāno jīvas tena yat paraṁ jyotir upapannaṁ sa eva puruṣottama ity arthaḥ | dahara-vākyāntarāle jīva-parāmarśaḥ kim artham iti cet tatrāha anyārtha iti | tatra jīva-parāmarśo’nyārthaḥ | yaṁ prāpya jīvaḥ sva-svarūpeṇābhiniṣpadyate sa paramātmeti paramātma-jñānārtha ity arthaḥ | na jajāneti jāyate’sti vardhate vipariṇamate’pakṣīyate naśyati ca iti bhāva-vikārāḥ ṣaṭ paṭhitāḥ | te jīvasya na santi iti samudāyārthaḥ | nanu nīla-jñānam ity-ādi jñāna-rūpam ātmavastu jñātṛ bhavati | prakāśa-vastu sūryaḥ prakāśayitā yathā | tataś ca svarūpānubandhitvāj jñānaṁ tasya nityam, tasyendriya-praṇālyā nīlādi-niṣṭhā yā viṣayatā vṛtti-pada-vācyā saiva nīlādyapagame naśyatīti ||53||",6
1697,dṛṣṭāntaṁ vivṛṇvann indriyādi-layena nirvikārātmopalabdhiṁ darśayati—,2
1702,kūṭastha āśayam ṛte tad anusmṛtir naḥ ||[bhā.pu. 11.3.39],2
1704,"aṇḍeṣu aṇḍajeṣu | peśiṣujarāyujeṣu | taruṣuudbhijjeṣu | aviniściteṣusvedajeṣu | upadhāvati anuvartate | evaṁ dṛṣṭānte nirvikāratvaṁ pradarśya, dārṣṭāntike’pi darśayati | katham ? tadaivātmā sa-vikāra iva pratīyate yadā jāgare indriya-gaṇaḥ, yadā ca svapne tat-saṁskāravān ahaṅkāraḥ, yadā tu prasuptaṁ, tadā tasmin prasuptaindriya-gaṇe sanne līne,ahami ahaṅkāre ca sanne līne| kūṭastho nirvikāra evātmā | kutaḥ ? āśayam ṛte liṅga-śarīram upādhiṁ vinā, vikāra-hetor upādher abhāvāt ity arthaḥ | ",18
1706,"nanv ahaṅkāra-paryantasya sarvasya laye śūnyam evāvaśiṣyate | kva tadā kūṭastha ātmā ? ata āha—tad-anusmṛtir naḥ | tasyākhaṇḍātmanaḥ suṣpti-sākṣiṇaḥ smṛtiḥ naḥ asmākaṁ jāgrad-draṣṭṝṇāṁ jāyate,“etāvantaṁ kālaṁ sukham aham asvāpsaṁ na kiñcid avediṣam” iti | ato’nanubhūtasya tasyāsmaraṇād asty eva suṣptau tādrg-ātmānubhavaḥ | viṣaya-sambandhābhāvāc ca na spaṣṭa iti bhāvaḥ | ataḥ sva-prakāśa-mātra-vastunaḥ sūryādeḥ prakāśavad upalabdhi-mātrasyāpy ātmana upalabdhiḥ svāśraye’sty evety āyātam |  ",4
1708,"tathā ca śrutiḥ—yad vai tan na paśyati paśyan vai draṣṭavyān na paśyati, na hi draṣṭur dṛṣṭorvipari-lopo vidyate [bṛ.ā.u. 4.3.23] ity eṣā | ",4
1712,baladevaḥ : dṛṣṭāntam iti prāṇasya nānā-deheṣv aikarūpyān nirvikāratvam ity arthaḥ | tasminn ātmani | upādher liṅga-śarīrasya | abhāvād viśleṣād ity arthaḥ | tadāpy atisūkṣmāyā vāsanāyāḥ sattvān mukter abhāva iti jñeyam | prākṛtāhaṅkāre līne’pi svarūpānubandhino’ham arthasya sattvāt tena sukham aham asvāpsam iti vimarśo bhavatīti pratipādayitum āha nanv ity-ādi | śūnyam eveti ahaṁ-pratyayṁ vinātmano’pratīter iti bhāvaḥ | akhaṇḍātmana iti | aṇu-rūpatvād vibhāgānarhasyety arthaḥ | ,2
1726,duḥkhi-premāspadatvena caturthaḥ sukha-bodhakaḥ || iti ||7b|| (55),2
1730,"baladevaḥ : padyayor vyākhyāne catvāras tarkā yojitās tān abhiyuktoktābhyāṁ sārdhakārikābhyāṁ nirdiśati anvayeti | tarka-śabdena tarkāṅgakam anumānaṁ bodhyam | āgamāpāyino dṛśyāt sākṣyād duḥkhāspadāc ca dehāder ātmā bhidyate | tad-avadhitvāt, tad-draṣṭṛtvāt, tat-sākṣitvāt, premāspadatvāc ceti krameṇa hetavo neyāḥ | vyatirekaś cohyaḥ||55||",2
1741,varṇayanti mahātmānaḥ śrutenārthena cāñjasā || [bhā.pu. 2.10.1-2],2
1743,"manvantarāṇi ceśānukathāś ca manvantareśānukathāḥ | atra sargādayo daśārthā lakṣyanta ity arthaḥ | tatra ca daśamasya viśuddhy-arthaṁ tattva-jñānārthaṁ navānāṁ lakṣaṇaṁ svarūpaṁ varṇayanti | nanv atra naivaṁ pratīyate ? ata āha śrutena śrutyā kaṇṭhoktyaiva stuty-ādi-sthāneṣu, añjasā sākṣād varṇayanti | arthena tātparya-vṛttyā ca tat-tad-ākhyāneṣu ||8||",2
1745,baladevaḥ : īśvara-jñānārthaṁ jīva-svarūpa-jñānaṁ nirṇītam | atha tat-sādṛśyeneśvara-svarūpaṁ nirṇetuṁ pūrvoktaṁ yojayati evambhūtānām ity-ādinā | cin-mātraṁ yat svarūpam iti cetayitṛ ceti bodhyaṁ pūrva-nirūpaṇāt | tatahivākṛtyeti cinmātratve sati cetayitṛtvaṁ yākṛtir jātis tayety arthaḥ | ākṛtis tu striyāṁ rūpe sāmānya-vapuṣor api iti medinī | tad-aṁśitvena jīvāṁśitvena cety arthaḥ | tad-abhinnaṁ jīvābhinnaṁ yad brahma-tattvam | aṁśaḥ khalv aṁśino na bhidyate vyaṣṭir ity arthaḥ | jīvādi-śaktimad brahma samaṣṭiḥ | jīvas tu vyaṣṭiḥ | tādṛśa-samaṣṭi-brahma-nirūpaṇena tasya tathātvaṁ vaktavyam ity arthaḥ | daśamasya ceśvarasya | avaśiṣṭaḥ sphuṭārthaḥ ||56||,4
1754,brahmaṇo guṇa-vaiṣamyād visargaḥ pauruṣaḥ smṛtaḥ || [bhā.pu. 2.10.3],2
1761,puṁsām īśa-kathāḥ proktā nānākhyānopabṛṁhitāḥ || [bhā.pu. 2.10.4-5],2
1766,muktir hitvānyathā rūpaṁ sva-rūpeṇa vyavasthitiḥ ||[bhā.pu. 2.10.6],2
1770,"baladevaḥ : sargādīn daśa vyutpādayati tad evam ity-ādinā | brahmaṇaḥ parameśvarād iti | kāraṇa-sṛṣṭiḥ pārameśvarī | kārya-sṛṣṭis tu vairiñcīty arthaḥ | muktir iti bhagavad-vaimukhyānugatayā’vidyayā racitam anyathā-rūpaṁ devam ānavādibhāvaṁ hitvā tat-sāmmukhyānupravṛttayā tad-bhaktyā vināśya, svarūpeṇāpahata-pāpmatvādi-guṇāṣṭaka-viśiṣṭena jīva-svarūpeṇa jīvasya vyavasthitir viśiṣṭā punar āvṛtti-śūnyā punar āvṛtti-śūnyā bhagavat-sannidhau sthitir muktir ity arthaḥ ||57||",2
1776,ābhāsaś ca nirodhaś ca yato’sty adhyavasīyate |,2
1777,sa āśrayaḥ paraṁ brahma paramātmeti śabdyate ||[bhā.pu. 2.10.7],3
1781,baladevaḥ : atha navabhiḥ sargādibhir lakṣaṇīyam āśraya-tattvam āha ābhāsaś ceti | yata iti hetau pañcamī ||58||,2
1792,tritayaṁ tatra yo veda sa ātmā svāśrayāśrayaḥ || [bhā.pu. 2.10.8-9],2
1794,yo’yam ādhyātmikaḥ puruṣaś cakṣur-ādi-karaṇābhimānī draṣṭā jīvaḥ | sa evādhidaivikaś cakṣur-ādy-adhiṣṭhātā sūryādiḥ | deha-sṛṣṭeḥ pūrvaṁ karaṇānām adhiṣṭhānābhāvenākṣamatayā karaṇa-prakāśa-kartṛtvābhimāni-tat-sahāyayor ubhayor api tayor vṛtti-bhedānudayena jīvatva-mātrāviśeṣāt | tataś cobhayaḥ karaṇābhimāni-tad-adhiṣṭhātṛ-devatā-rūpo dvirūpo vicchedo yasmāt | sa ādhibhautikaś cakṣur-golakādy-upalakṣito dṛśyo dehaḥ puruṣa iti puruṣasya jīvasyopādhiḥ | sa vā eṣa puruṣo’nna-rasa-mayaḥ [tai.u.2.1] ity-ādi śruteḥ ||13|| (59),3
1796,baladevaḥ : nanu karaṇābhimānino jīvasya karaṇa-pravartaka-sūryāditvam atra katham | tatrāha deha-sṛṣṭeḥ pūrvam iti karaṇānām iti | adhiṣṭhānābhāvena cakṣur-golakādy-abhāvenety arthaḥ | ubhayor api tayor vṛtti-bhedānudayeneti karaṇānāṁ viṣaya-grahaṇaṁ vṛttiḥ | devatānāṁ tu tatra pravartakatvaṁ vṛttiḥ | ayam atra niṣkarṣaḥ dehotpatteḥ pūrvam api jīvena sārdham indriyāṇi tad-devatāś ca santy eva | tadā teṣāṁ vṛtty-abhāvāj jīve’ntarbhāvo vivakṣitaḥ | utpanne tu dehe tayor vibhāgo yad-bhavatīty āha tataś cobhaya iti ||59||,2
1802,ekam ekatarābhāva ity eṣām anyonya-sāpekṣa-siddhatve nānāśrayatvaṁ darśayati | tathā hi dṛśyaṁ vinā tat-pratīty-anumeyaṁ karaṇaṁ na sidhyati | nāpi draṣṭā na ca tad vinā karaṇa-pravṛtty-anumeyas tad-adhiṣṭhātā sūryādiḥ | na ca taṁ vinā karaṇaṁ pravartate | na ca tad vinā dṛśyam ity ekatarasyābhāva ekaṁ nopalabhāmahe | tatra tadā tat-tritayam ālocanātmakena pratyayena | yo veda sākṣitayā paśyati sa paramātmā āśrayaḥ | teṣām api parasparam āśrayatvam astīti tad-vyavacchedārthaṁ viśeṣaṇaṁ svāśrayo’nanyāśrayaḥ | sa cāsāv anyeṣām āśrayaś ceti | tatrāṁśāṁśinoḥ śuddha-jīva-paramātmanor abhedāṁśa-svīkāreṇaivāśraya uktaḥ | ataḥ paro’pi manute’narthaṁ [bhā.pu. 1.7.5] iti | ,3
1805,tāsāṁ vilakṣaṇo jīvaḥ sākṣitvena vivakṣitaḥ || [bhā.pu. 11.13.27] iti |,2
1807,śuddho vicaṣṭe hy aviśuddha-kartuḥ [bhā.pu. 5.11.12] ity ādy uktasya sākṣi-saṁjñinaḥ śuddha-jīvasyāśrayatvaṁ na śaṅkanīyam | athavā nanv ādhyātmikādīnām apy āśrayatvam asty eva | satyam | tathāpi parasparāśrayatvān na tatrāśrayatākaivalyam iti te tv āśraya-śabdena mukhyatayā nocyanta ity āha ekam iti | tarhi sākṣiṇa evāstām āśrayatvam | tatrāha tritayam iti | sa ātmā sākṣī jīvas tu yaḥ svāśrayo’nanyāśrayaḥ paramātmā sa evāśrayo yasya tathābhūta iti | vakṣyate ca haṁsa-guhya-stave sarvaṁ pumān veda guṇāṁś ca taj-jño na veda sarvajñam anantam īḍe [bhā.pu. 6.4.25] iti | tasmāt ābhāsaś ca [bhā.pu. 2.10.7] ity-ādinoktaḥ paramātmaivāśraya iti ||13b|| (60),6
1811,baladevaḥ : ādhyātmikādīnāṁ trayāṇāṁ mithaḥ sāpekṣatvena siddhes teṣām āśrayatvaṁ nāstīti vyācaṣṭe ekam ekatarety ādinā | tritayam ādhyātmikādi-tritayam | nanu śuddhasya jīvasya dehendriyādi-sākṣitvābhidhānenānyān apekṣatva-siddhes tasyāśrayatvaṁ kuto na brūsa tatrāha atrāṁśāṁśinor iti | aṁśināṁśo’pīha gṛhīta ity arthaḥ | asantoṣād vyākhyāntaram athaveti | tarhīti sākṣiṇaḥ śuddha-jīvasya | sarvam iti pumān jīvaḥ ||60||,2
1822,kecit pañca-vidhaṁ brahman mahad-alpa-vyavasthayā ||[bhā.pu. 12.7.9-10],2
1827,vaṁśānucaritaṁ ceti purāṇaṁ pañca-lakṣaṇam || iti kecid vadanti |,2
1832,vaṁśānucaritaṁ ceti purāṇaṁ pañca-lakṣaṇam || iti kecid vadanti ||,2
1838,prākṛtādi-caturdhā yo nirodhaḥ sa tu varṇitaḥ || iti ||,2
1840,ato’tra skandhe śrī-kṛṣṇa-rūpasyāśrayasyaiva varṇana-prādhānyaṁ tair vivakṣitam | uktaṁ ca svayam eva—daśame daśamaṁ lakṣyam āśritāśraya-vigraham iti | evam anyatrāpy unneyam | ataḥ prāyaśaḥ sarve’rthāḥ sarveṣv eva skandheṣu guṇatvena vā mukhyatvena vā nirūpyanta ity eva teṣām abhimatam | śrutenārthena cāñjasā [bhā.pu. 2.10.2] ity atra ca tathaiva pratipannaṁ sarvatra tat-tat-sambhavāt | tataś ca prathama-dvitīyayor api mahā-purāṇatāyāṁ praveśaḥ syāt | tasmāt kramo na gṛhītaḥ ||14|| (61),5
1842,"sarva-saṁvādinī : sargo’syety ādi | ataḥ prāyaśaḥ sarve’rthāḥ iti | tatra mukhyatvena (1) sargaḥ—dvitīya-tṛtīya-skandhayoḥ, (2) visargaḥ—dvitīya-tṛtīya-caturtha-skandhayoḥ, (3) kāmād vṛttiḥ—jagṛhur yakṣa-rakṣāṁsi rātri-kṣut-tṛṭ-samudbhavāṁ [bhā.pu. 3.20.19] ity-ādi vākyataḥ tṛtīya-skandhe’pi | codanā-vṛttis tu saptamaikādaśayoḥ skandhayor varṇāśramācāra-kathane [bhā.pu. 7.11, 11.17-18] | (4) rakṣā—sarvatraiva, (5) manvantara—aṣṭama-skandhādiṣu, (6) vaṁśo (7) vaṁśānucaritaṁ—caturtha-navama-skandhādiṣu, (8) saṁsthā—ekādaśa-dvādaśa-skandhayoḥ, (9) hetuḥ—śrī-kapila-devādi-vākyataḥ tṛtīyaikādaśa-skandhādiṣu, (10) apāśrayah—daśama-skandhādiṣu jñeyaḥ ||61||",25
1844,baladevaḥ : asyeti | prakārāntareṇeti kvacin-nāmāntaratvād arthāntaratvāc cety arthaḥ | etāni daśa-lakṣaṇāni kecit tṛtīyādiṣu krameṇa sthūla-dhiyo yojayanti | tān nirākurvann āha dvitīya-skandhoktānām iti | aṣṭādaśa-sahasritvaṁ dvādaśa-skandhitvaṁ ca bhāgavata-lakṣaṇaṁ vyākupyeta | adhyāya-pūrtau bhāgavatatvoktiś ca na sambhaved iti ca bodhyam | śuka-bhāṣitaṁ ced bhāgavataṁ tarhi prathamasya dvādaśa-śeṣasya ca tattvānāpattiḥ | tasmād aṣṭādaśa-sahasri tat-pitur ācāryāc chukenādhītaṁ kathitaṁ ceti sāmprataṁ saṁvādās tu tathaivānādi-siddhā iti sāmpratam ||61||,2
1846,rādhāmohana-gosvāmī : tasyaiveti brahmaṇaḥ evety arthaḥ | tad-vidaḥ purāṇa-vidaḥ | mahā-purāṇālpa-purāṇa-bhinnādhikaraṇatveneti—mahā-purāṇālpa-purāṇayor bhedena bhinnam adhikaraṇaṁ yyos tattvena daśa-lakṣaṇa-pañca-lakṣaṇeti lakṣaṇa-dvayam ity arthaḥ | teṣāṁ skandhānām |,2
1849,	upakramopasaṁhārāv abhyāso’pūrvatā phalam |,2
1853,"gaura-kiśora-gosvāmī: prāk-mahā-purāṇasya lakṣaṇam uktam | atha matāntarīyaṁ tal-lakṣaṇaṁ punaḥ nirdiśya śrī-bhāgavatasya mahā-purāṇatvaṁ vivṛtya paramātmanaḥ śrī-bhagavata eva āśrayatvaṁ pariśeṣeṇa nirṇayati, “sargo’syāthaḥ” iti vividha-sandeha-nirākaraṇārthaṁ vistāreṇa vyākhyā-grantham āha—kecid iti | paramātmanaḥ bhagavataḥ śrī-kṛṣṇasyaivāśrayatvaṁ nirdeṣṭum āha—ato atra skandhe iti | etena rasa-rāja-śrī-gaurāṅga-mahāprabhor api āśrayatvam avisaṁvādena pratipannam | āsan varṇāḥ ity-ādinā śrī-kṛṣṇena lakṣaṇāni darśayati avyākṛta iti ||60-61||",2
1862,bhūta-mātrendriyārthānāṁ sambhavaḥ sarga ucyate || [bhā.pu. 12.7.11],2
1867,visargo’yaṁ samāhāro bījād bījaṁ carācaram || [bhā.pu. 12.7.12],2
1872,kṛtā svena nṝṇāṁ tatra kāmāc codanayāpi vā || [bhā.pu. 12.7.13],2
1877,tiryaṅ-martyarṣideveṣu hanyante yais trayī-dviṣaḥ || [bhā.pu. 12.7.14],2
1882,ṛṣayo’ṁśāvatārāś ca hareḥ ṣaḍ-vidham ucyate || [bhā.pu. 12.7.15],2
1887,vaṁśyānucaritaṁ teṣāṁ vṛttaṁ vaṁśadharāś ca ye || [bhā.pu. 12.7.16],2
1891,sarva-saṁvādinī : na vyākhyātam.,2
1893,baladevaḥ : uddiṣṭānāṁ sargādīnāṁ krameṇa lakṣaṇāni darśayitum āha—athetyādi | avyākṛteti trivṛt-padaṁ mahato’pi viśeṣaṇaṁ bodhyam | sāttvikī rājasaś caiva tāmasaś ca tridhā mahān [vi.pu. 1.2.34] iti śrī-vaiṣṇavāt | puruṣaḥ paramātmā viriñcāntaḥstha iti bodhyam | sphuṭārthāni śiṣṭāni ||62||,4
1895,"gaura-kiśora-gosvāmī: saṁsthānādīnāṁ lakṣaṇāni vivṛṇoti “naimittikaḥ” iti | bhukta-śiṣṭa-karma-viśiṣṭaḥ jīvaḥ anuśāyī, bhogāvaśiṣṭa-karma hi anuśayaḥ sphuṭārthāni itarāṇi ||62||",2
1900,saṁstheti kavibhiḥ proktaś caturdhāsya svabhāvataḥ || [bhā.pu. 12.7.17],2
1905,yaṁ cānuśayinaṁ prāhur avyākṛtam utāpare || [bhā.pu. 12.7.18],2
1910,māyāmayeṣu tad brahma jīva-vṛttiṣv apāśrayaḥ || [bhā.pu. 12.7.19],2
1919,yogena vā tad-ātmānaṁ vedehāyā nivartate || [bhā.pu. 12.7.20-21],2
1925,"sarva-saṁvādinī :pralaya-lakṣaṇam āha—naimittika [bhā.pu. 12.7.17] iti | eṣāṁ [pralayānāṁ] lakṣaṇaṁ dvādaśe caturthādhyāye'nusandheyaṁ [bhā.pu. 12.4.3-38] | pralayas tu manvantarānte'pi bhavati | yathā śrī-viṣṇu-dharmottare prathama-kāṇḍe, ",2
1961,samāsatas tad vada bhūmi-pāla || iti |,2
1966,ya sasarje prajā iṣṭāḥ sa dakṣo daivacoditaḥ || [4.30.49] ity ādau || ,2
1969,nāvyāropya mahīmayyām apād vaivasvataṁ manum || [bhā.pu. 1.3.15] ity ādau ca |,2
1971,tathā ca bhārata-tātparye śrī-madhvācāryāḥ—manvantara-pralaye matsya-rūpo vidyā-madān manave deva-deva [3.43] iti | dvādaśe śaunaka-vākye—,3
1974,naivādhunāpi bhūtānāṁ saṁplavaḥ ko'pi jāyate || [bhā.pu. 12.8.3],2
1979,upasthāsyati nauḥ kācid viśālā tvāṁ mayeritā || [bhā.pu. 8.24.33] iti |,2
1981,"etad apekṣayaiva tatra śukenāpi yo'sāv asmin mahā-kalpe [bhā.pu. 8.24.11] ity uktam | kalpa-śabdasya pralaya-mātra-vācitvāt | mahac-chabdasya manvantarāntara-pralayāpekṣatvāt, samvarttaḥ pralayaḥ kalpaḥ kṣayaḥ kalpānta ity api ity amaraḥ | atas trailokya-majjana-hetor eva dainandina-pralayavad brahmāpi tadā satya-yuga-samāna-kāle pralaye śrī-nārāyaṇa-nābhi-kamale viśrāmyati | yata eva tatra viśramaṇa-sāmyāt, yāvad brāhmī niśā [bhā.pu. 8.24.37] iti niśā-śabdaḥ prayuktaḥ | tatra ca trailokya-majjane'pi keṣāñcid devāsurādīnām asamāpta-bhogānāṁ sthitis tāṁ nāvam ālambyaiva | yad uktaṁ śrī-matsya-devenaiva satyavrataṁ prati—",5
1984,saptarṣibhiḥ parivṛtaḥ sarva-sattvopabṛṁhitaḥ || [bhā.pu. 8.24.34] iti |,2
1988,"baladevaḥ : pūrvoktāyāṁ daśa-lakṣaṇyāṁ muktir eka-lakṣaṇam | asyāṁ tu caturvidhānāṁ saṁsthāyām ātyantika-laya-śabditā muktir ānīteti | yaṁ cānuśayinam iti bhukta-śiṣṭa-karma-viśiṣṭo jīvonuśayīty ucyate | rūpeti mūrtyā saṁjñayā copeteṣv ity arthaḥ | kārya-dṛṣṭim iti ghaṭādibhyaḥ pṛthag api pṛthvyādeḥ prāpter ity arthaḥ | apāśrayeti īśvara-dhyāna-yogyo bhavatīty arthaḥ | svayam iti vāmadevaḥ khalu garbhasya eva paramātmānaṁ bubudhe, yogena devahūtīty arthaḥ ||63||",2
1990,"rādhāmohana-gosvāmī : bādarāyaṇeti | tat-samādhi-labdha-brahma-jīva-bhedena virodhād ity arthaḥ | jāgrad-ādiṣu jīva-vṛttiṣu māyā-mayeṣu dehādiṣu jīva-svarūpasyopādhy-upāhitasyopādhi-vyatireko’sti, tena tadānīmabhimāniteti | śuddha-jīvo’pi śloko’tra tātparya-viṣayo bhavitum arhati, tathāpi tasya brahmatvaṁ na ghaṭate | prāg-ukta-samādhi-labdhārtha-virodhāt suṣupte niruktānvayāsattvāc ca na jīva-paratayā vyākhyāyate iti bhāvaḥ | kevala-sva-svarūpeṇa nirupādhy-aṁśena vyatireka iti | tena brahmaṇas turīyatvaṁ parama-sākṣitayā śuddha-jīvasya sākṣād-darśana-śakty-udbodhakatayā’nvayaś ceti | śivam advaitaṁ caturthaṁ manyante [nṛpu. 4.2] iti śruteḥ, turīyaṁ triṣu santatam iti smṛteś ca | ekādaśāt jīvo’lpa-śaktir alpajñaḥ ity-ādi śrutyā jīvasya svataḥ-siddha-jñānābhāvāt, buddheś codayitā yaś ca cid-ātmā puruṣo virāṭ iti gāyatry-artha-vivaraṇa-yājñavalkya-vacanāt | ko hy evānyāt kaḥ prāṇyāt yad eṣa ākāśa ānando na syāt, eṣa hy evānandayati jīvān iti rāmānuja-bhāṣya-dhṛta-śruteś ca | jīvasya muktatā-daśāyāṁ daśā-trayātītatve’pi na tadānīṁ dśā-trayānvaya iti tad-vyāvṛttiḥ | rūpa-nāmātmakeṣu rūpa-nāma-yukteṣu pañcatā maraṇam, dravyasya pṛthivyādeḥ | ",9
2012,"baladevaḥ : iti kalīti kali-yuga-pāvanaṁ yat sva-bhajanaṁ tasya vibhajanaṁ vistaraṇaṁ prayojanaṁ yasya tādṛśo’vatāraḥ prādurbhāvo yasya, tasya śrī-bhagavat-kṛṣṇa-caitanya-devasya caraṇayor anucarau, viśvasmin ye vaiṣṇava-rājās teṣāṁ sabhāsu yat sa-bhājanaṁ sat-kāras tasya bhājane pātre ca yau śrī-rūpa-sanātanau tayor anuśāsana-bhāratya upadeśa-vākyāni garbhe madhye yasya tasmin ||",2
2024,"atra śiro-vākyaṁ kasmiṁścit hasta-lipyāṁ na labhyate | tad eva prakaraṇa-labdham iti sampādakenānena saṁyojitam. asya sandarbhasya tisro vibhāgāḥ—maṅgalācaraṇaṁ, pramāṇa-prakaraṇaṁ, prāmeya-prakaraṇaṁ ca |",2
2025,atra kaiścit “caturyugāvasthā” likhyate | tat tu na mama prakāśita-viṣṇu-dharmottara-saṁskaraṇe na kutrāpi labdham |,2
2026,samāhutā bhīṣmaka-kanyayā ye,2
2030,prasiddeḥ iti pāṭhaḥ.,2
2031,aṅkā ity ādau bodhyāḥ ity-antam aṁśaṁ kānāi-lāla-paṇḍitasya saṁskaraṇe nāsti.,2
2032,ākare na labdham.,2
2033,atra śiro-vākyaṁ kasmiṁścit hasta-lipyāṁ na labhyate | tad eva prakaraṇa-labdham iti sampādakenānena saṁyojitam. ,2
2034,tasya ca sadā upadeṣāyāvaśyakam mantavyam iti Ānanda Gopāla Śāstri,2
2035,kumārila-bhaṭṭa-kṛta-tantra-vārtike.,2
2036,śaṅkarasya śārīrake 1.3.28 draṣṭavyam.,2
2037,bhartṛhari-kṛta-vākyapadīye.,2
2038,śānti-parvaṇi kaśyapa-śṛgāla-saṁvāde.,2
2039,ayaṁ śloko mānavīye,2
2040,anyavad iti kvacit paṭhyate.,2
2042,āruṣī tu manoḥ kanyā tasya patnī manīṣiṇaḥ | aurvas tasyāṁ samabhavad ūruṁ bhittvā mahā-yaśāḥ || [ma.bhā. 1.66.46],2
2044,atra śrī-guru-sad-bhakta-bhagavat-smaraṇaṁ śubham | grantharambhe tu kartavyaṁ maṅgalaṁ śiṣṭa-sammatam || iti yuktam uktaṁ ekasmin saṁskaraṇe sampādakaiḥ kānāi-lāla-adhikāri-mahodayaiḥ | atra-prabhṛti samudayo ṣaṭ-sandarbha eva Prameya-prakaraṇaṁ mantavyam || tasmāt grantho’traivārabhyate ||,4
2046,ṭīkā ca. ,2
2047,ṭīkā ca |,2
